iteration,performance_mc,performance_true,alpha,beta,bound,policy_advantage,model_advantage,total_samples,avg_return
0,0.028043221739083187,0.030946175909639415,0.0014965500088422949,0.0001,2.838346874645171e-06,0.003793186806822269,7.669658159266521e-07,15484,0.028043221739083187
1,0.03201031293829248,0.031246441565477814,0.0017509475402666202,0.0001,3.951021096830937e-06,0.004513009106177227,8.654686907515733e-06,15340,0.03201031293829248
2,0.030718018503161006,0.031523395964812996,0.0016406593877459244,0.0001,3.483280361441333e-06,0.004246195630193486,1.587624157303127e-06,15449,0.030718018503161006
3,0.03026729331955786,0.03182459520907371,0.0016165783532716552,0.0001,3.350852187920406e-06,0.004145610611621641,7.196452575051427e-06,15388,0.03026729331955786
4,0.027651509005674764,0.032102540645641366,0.0014849915124969836,0.0001,2.852277218142086e-06,0.003841472754744623,1.184665504542415e-05,15515,0.027651509005674764
5,0.028081607198202983,0.032394857311391384,0.0014519385341013426,0.0001,2.700459857783736e-06,0.0037197991435018274,5.6232096971652855e-06,15374,0.028081607198202983
6,0.03195478141719846,0.03271141795135931,0.0015894853117400499,0.0001,3.217629990846071e-06,0.004048643881236814,1.0853527622590754e-05,15345,0.03195478141719846
7,0.029693831473920306,0.03297390883610444,0.0016130765135831395,0.0001,3.3643718159207077e-06,0.004171372886023121,7.6121150752820926e-06,15453,0.029693831473920306
8,0.037827198769478154,0.03335138418073358,0.0018113417890369228,0.0001,4.223874297790644e-06,0.004663807044430247,1.0563327927611588e-05,15261,0.037827198769478154
9,0.03213443874763183,0.03367125931411434,0.0015799497643852888,0.0001,3.2072983679345665e-06,0.004060000438282835,2.822120909433132e-06,15433,0.03213443874763183
10,0.032818930838016305,0.033960775793327555,0.0015469199120813444,0.0001,3.082519034999673e-06,0.003985363445030863,3.1921011115696434e-06,15425,0.032818930838016305
11,0.034885651965864586,0.03431825247705338,0.0017041887447194442,0.0001,3.7441743968458754e-06,0.0043940841745933115,1.4549839292066162e-06,15333,0.034885651965864586
12,0.030163100061368256,0.03459712483100142,0.0015479498495629814,0.0001,3.086926444057314e-06,0.003988406271596999,7.432207316910136e-06,15456,0.030163100061368256
13,0.03623754782411838,0.0348329827894484,0.0016035110668140926,0.0001,3.328981056963895e-06,0.004152114850791795,3.254391327775446e-06,15294,0.03623754782411838
14,0.03322770340592511,0.03514706907259725,0.0015973037383903484,0.0001,3.294105189123666e-06,0.00412458208160614,1.1107200907440438e-05,15401,0.03322770340592511
15,0.035352011767592444,0.0354970674625577,0.0016585440759789663,0.0001,3.5145541825217463e-06,0.004238119726118533,7.572100018953194e-06,15277,0.035352011767592444
16,0.035120237122963,0.03583566860774479,0.0017310126931010892,0.0001,3.830334915237298e-06,0.004425542262633901,1.1997018448213813e-05,15352,0.035120237122963
17,0.035704324219565105,0.03618870959433672,0.0017806341506734376,0.0001,4.076012831618439e-06,0.00457815866339179,3.897367373384929e-06,15306,0.035704324219565105
18,0.03751631114265976,0.036524309263777234,0.001655686367051208,0.0001,3.508161419691167e-06,0.004237712515491969,1.0784386271852407e-05,15302,0.03751631114265976
19,0.03863818310184102,0.036888286849054805,0.0017607267493306457,0.0001,3.951141633071592e-06,0.00448808042994025,1.6167555612515184e-05,15226,0.03863818310184102
20,0.03532279923374897,0.037242828681377696,0.0016968881862598766,0.0001,3.6850678382866653e-06,0.0043433242898684435,1.625530393615003e-05,15365,0.03532279923374897
21,0.036069640638773756,0.037558826742114776,0.0017051076689558,0.0001,3.7381722185728847e-06,0.004384675861392523,2.695327761244538e-06,15288,0.036069640638773756
22,0.03191321676545115,0.037822065627836327,0.0012497547972985267,0.0001,2.4666901992948553e-06,0.003947478664817866,7.492805512354877e-06,15409,0.03191321676545115
23,0.03520136397056031,0.03816191853426195,0.001600492657749335,0.0001,3.2966855801326686e-06,0.004119588508164198,1.717020948151034e-05,15271,0.03520136397056031
24,0.03463077329339157,0.03849153583544553,0.0015694583083973154,0.0001,3.1534054289414644e-06,0.004018463455918914,9.419759274946087e-06,15381,0.03463077329339157
25,0.038066156180892784,0.03887532898636008,0.0017606785501717902,0.0001,3.97490867150395e-06,0.004515200882200918,1.5927287859541452e-05,15265,0.038066156180892784
26,0.037303554618174035,0.03921231419654417,0.0016731796584720003,0.0001,3.6004526870164643e-06,0.0043037251484452175,9.24639149763378e-06,15244,0.037303554618174035
27,0.03444328877936738,0.039549561976099976,0.0016410517572914476,0.0001,3.44238966831764e-06,0.004195345641016583,2.38343139348842e-06,15363,0.03444328877936738
28,0.03500592251112898,0.03987175358127191,0.0015505967308653825,0.0001,3.074134524205435e-06,0.00396509867848073,1.5205116330370913e-05,15373,0.03500592251112898
29,0.03294274399600119,0.04017446985677043,0.0015366020373279983,0.0001,3.021035235918336e-06,0.003932098438671372,1.1606185534042066e-05,15352,0.03294274399600119
30,0.03398144735770668,0.04050419145804054,0.0017139786077895159,0.0001,3.744626767534688e-06,0.0043695140073703245,1.2019483998268155e-05,15353,0.03398144735770668
31,0.03722513262535452,0.04085496533662716,0.0017443302179736921,0.0001,3.904707481044102e-06,0.0044770278480642505,1.7615293246374286e-05,15313,0.03722513262535452
32,0.038058294643351816,0.04114941682493577,0.0015720158398845805,0.0001,3.179842342926328e-06,0.0040455601810727255,9.153420696562163e-06,15228,0.038058294643351816
33,0.039104289389320285,0.04156313023669148,0.0018695678792295908,0.0001,4.447368909518846e-06,0.004757643687536516,2.134467998002469e-05,15265,0.039104289389320285
34,0.037185941098492506,0.04190141316692872,0.0016380435485410824,0.0001,3.4252333765465164e-06,0.004182102947869961,1.3033403998788964e-05,15297,0.037185941098492506
35,0.03472738608305731,0.04219927692099574,0.0015764266348884638,0.0001,3.1753735851753726e-06,0.004028571345979622,1.4737390504958046e-05,15379,0.03472738608305731
36,0.044409516234232206,0.0426512890958974,0.0019405089456891577,0.0001,4.8117038265075575e-06,0.004959218391852056,2.6620007802545718e-05,15128,0.044409516234232206
37,0.04831015057112528,0.04307477884542176,0.002026823673324,0.0001,5.292991802357563e-06,0.005222942549982191,2.3613322556788007e-05,15079,0.04831015057112528
38,0.04554270249304716,0.04353748080850179,0.002001208995926785,0.0001,5.117003828554603e-06,0.005113912478876155,2.1320477232423954e-05,15207,0.04554270249304716
39,0.039011129738127065,0.043899826595817724,0.0016588581022225098,0.0001,3.518035688909807e-06,0.004241514912211482,1.2223958816057088e-05,15265,0.039011129738127065
40,0.040152903270138866,0.044313232773327466,0.0018515401230356822,0.0001,4.368043648461057e-06,0.004718281385444087,2.1428033992294682e-05,15218,0.040152903270138866
41,0.042896998779386214,0.044775220684765075,0.0020116235058629853,0.0001,5.124040080320299e-06,0.005094432497319708,1.0004577026458529e-05,15197,0.042896998779386214
42,0.04385235382845378,0.045150579718323765,0.0017734671923059638,0.0001,4.001305999674866e-06,0.004512410510929315,1.7762423535292172e-05,15118,0.04385235382845378
43,0.0477829123387782,0.04557893758914493,0.0019536341789600127,0.0001,4.833776041279336e-06,0.004948496595050893,2.2383286015720255e-05,15096,0.0477829123387782
44,0.05606902243164845,0.04610627545949038,0.0022107035889672774,0.0001,6.221236802084904e-06,0.00562828669852672,3.27396719452734e-05,14926,0.05606902243164845
45,0.05202773353771855,0.04658287166978254,0.0020934450633670197,0.0001,5.5698202975546734e-06,0.005321200345803562,3.638158344295825e-05,15058,0.05202773353771855
46,0.04599520315911222,0.046929006905985574,0.0014510188283977606,0.0001,3.2232223949562405e-06,0.0044427023714301165,2.3691039289513372e-05,15109,0.04599520315911222
47,0.04173911475667453,0.0473206827066158,0.0018182949349693773,0.0001,4.202380620330684e-06,0.004622331107578493,2.1889432801465385e-05,15186,0.04173911475667453
48,0.04798887845512845,0.04780374439841232,0.0020690781311103134,0.0001,5.455119599647501e-06,0.005272995270333423,2.6970509359302865e-05,15131,0.04798887845512845
49,0.0500668427352097,0.04820071518498982,0.001841345524531394,0.0001,4.349039360891628e-06,0.0047237623824006834,2.2449602425058638e-05,15079,0.0500668427352097
50,0.04613649141830103,0.04863604565884931,0.001857560700613925,0.0001,4.3905949604928405e-06,0.004727269433555248,2.8321021530682004e-05,15114,0.04613649141830103
51,0.04777482154230658,0.04906065257988494,0.0018532741331046061,0.0001,4.376870353832883e-06,0.004723392266313832,3.1070019839803654e-05,15173,0.04777482154230658
52,0.05241388150453235,0.04954322170841017,0.0020880258031004007,0.0001,5.571557287594058e-06,0.005336674747334197,3.715021607773815e-05,15022,0.05241388150453235
53,0.05120483760710905,0.05007586166252748,0.0020945129284342715,0.0001,5.514419042073375e-06,0.0052655860627182785,2.9952715642631327e-05,14947,0.05120483760710905
54,0.05462020536820668,0.050581578573417635,0.0020344170298266643,0.0001,5.233636443934881e-06,0.0051450969660638305,3.442009315759455e-05,15085,0.05462020536820668
55,0.05302809653669294,0.05104899506131534,0.0020002241121057115,0.0001,5.072224285638457e-06,0.0050716559758883575,3.357315009414964e-05,15029,0.05302809653669294
56,0.05188244928298445,0.051548674134085176,0.002019196219585218,0.0001,5.158598150822922e-06,0.005109556070665185,3.889751177799668e-05,15071,0.05188244928298445
57,0.05326705231351249,0.05202085889775522,0.002055691545567555,0.0001,5.377498063107274e-06,0.005231814154902897,4.3719971272948136e-05,15078,0.05326705231351249
58,0.0526006717299242,0.052431677708077135,0.0016847813809571126,0.0001,4.3294927031313936e-06,0.005139530567071958,4.0839495469620444e-05,15059,0.0526006717299242
59,0.052180728349444996,0.052900640895525215,0.0019788184191806613,0.0001,4.982835530309711e-06,0.005036172578556122,2.890773915028725e-05,15036,0.052180728349444996
60,0.054733641474847175,0.05334565263054973,0.001834941119904612,0.0001,5.155928408630828e-06,0.005619720821231424,4.647989197066812e-05,15036,0.054733641474847175
61,0.05245481106761983,0.05377720264390774,0.0019442997055950755,0.0001,4.802160635166808e-06,0.0049397329242479625,3.987336855135189e-05,15052,0.05245481106761983
62,0.06053094134258011,0.05426061875927948,0.002172175750698115,0.0001,6.031979464245429e-06,0.005553859499910919,4.1887462447156795e-05,14864,0.06053094134258011
63,0.05313130648024819,0.054716756183519955,0.0019663170269234413,0.0001,4.8756019704351536e-06,0.004959120938970523,4.0314499473693464e-05,15034,0.05313130648024819
64,0.055524367022595764,0.05512593917689373,0.0016416648211764215,0.0001,4.094290489300958e-06,0.004987973716056093,3.625347440126858e-05,14971,0.055524367022595764
65,0.05338866758564466,0.05565428023555152,0.0021121995470468817,0.0001,5.627504404648561e-06,0.005328572683879715,4.504999731958009e-05,15094,0.05338866758564466
66,0.049745652660996176,0.05606373330881988,0.0018983739514576803,0.0001,4.615365561578148e-06,0.004862440888460574,3.1190480225770246e-05,15107,0.049745652660996176
67,0.05317020096208929,0.056515525078750566,0.0019610846655617633,0.0001,4.878894230963226e-06,0.004975709939137828,3.890321053652167e-05,14977,0.05317020096208929
68,0.0609626507131377,0.05703613264107548,0.002074277777163159,0.0001,5.426146172170986e-06,0.0052318413974351465,4.8641487418894956e-05,14920,0.0609626507131377
69,0.05539691838895032,0.05743015339414565,0.0017069082177679216,0.0001,4.4227886016439575e-06,0.005182221932738152,4.6470893757250846e-05,15012,0.05539691838895032
70,0.05168211118978496,0.05793450324131361,0.0020230152088291085,0.0001,5.168804786912193e-06,0.005110000917792233,4.7811213372142905e-05,15011,0.05168211118978496
71,0.06219193898252477,0.05836692046060401,0.0017553660314340136,0.0001,4.674528646286123e-06,0.005325987358280317,5.0090723919457884e-05,14848,0.06219193898252477
72,0.05566149012672067,0.058881197736662144,0.0020262928243035432,0.0001,5.1720105761035625e-06,0.0051048994637596205,6.416899375727624e-05,15025,0.05566149012672067
73,0.05186143334620413,0.05937784156760357,0.0019210156076185196,0.0001,4.670615158255121e-06,0.004862651963609266,4.6310775318660465e-05,15152,0.05186143334620413
74,0.05401094535476819,0.05969835817315769,0.0018009607251724313,0.0001,4.229713381641914e-06,0.004697174483065915,3.833384741645728e-05,14979,0.05401094535476819
75,0.056105203296511426,0.06016751502605189,0.0020452702288316182,0.0001,5.345938353151951e-06,0.005227610784914104,4.799474733139868e-05,15034,0.056105203296511426
76,0.058403266180644016,0.0606720978294927,0.0020290825245868685,0.0001,5.220007674017446e-06,0.005145190115005565,5.399088476163626e-05,14925,0.058403266180644016
77,0.06522324781581128,0.06126446111124561,0.002261523699362206,0.0001,6.4139322156227464e-06,0.005672221977980245,6.169024345355586e-05,14802,0.06522324781581128
78,0.06177115150733245,0.061845744916919784,0.0022723930917044935,0.0001,6.486052500710722e-06,0.00570856558611135,6.062309621680709e-05,14886,0.06177115150733245
79,0.05806045561859419,0.062285865952465255,0.0019262092035620775,0.0001,4.681635991104228e-06,0.004860983928896848,4.972276489963063e-05,14925,0.05806045561859419
80,0.05753522851059774,0.06275305073003382,0.0019249421988055205,0.0001,4.67822152824281e-06,0.0048606358478148325,5.677725321879911e-05,14931,0.05753522851059774
81,0.061414449538528426,0.0633132759423059,0.0022161608097094553,0.0001,6.12843279621776e-06,0.005530675183287999,5.751857578687531e-05,14905,0.061414449538528426
82,0.06629889991779689,0.06388401197783673,0.00214290186647158,0.0001,5.737541921092303e-06,0.005354927363556336,7.326013334435639e-05,14748,0.06629889991779689
83,0.06252656413803986,0.06439342723199729,0.0019888639320589027,0.0001,4.964529319926463e-06,0.00499232676494576,6.703249397199138e-05,14903,0.06252656413803986
84,0.06791789046145358,0.06488458098204,0.001853792606036828,0.0001,5.096403503005149e-06,0.0054983534688927355,6.648648384616005e-05,14723,0.06791789046145358
85,0.06886659926731704,0.06543693900578637,0.0020091251532633183,0.0001,5.979389884204155e-06,0.005952232367896187,7.356866707994351e-05,14802,0.06886659926731704
86,0.05928050237266839,0.06601443972968124,0.002177134230397946,0.0001,5.971776591345819e-06,0.005485905745236729,6.373089252911275e-05,14894,0.05928050237266839
87,0.06949984978280407,0.0665655232263172,0.0020285873132251018,0.0001,5.152896132251425e-06,0.005080280349441024,7.139028093234711e-05,14687,0.06949984978280407
88,0.06712650239904833,0.06713929336848323,0.0021605367022622694,0.0001,5.827691936747041e-06,0.005394670621096083,6.265227510638016e-05,14793,0.06712650239904833
89,0.06562640966832925,0.06771077056450307,0.002126064277817071,0.0001,5.5902911963824205e-06,0.005258816729776611,6.60113544326469e-05,14779,0.06562640966832925
90,0.06313625206664919,0.06821005823176393,0.0020669989134455705,0.0001,5.434380061171467e-06,0.005258232141121607,6.109039643489102e-05,14842,0.06313625206664919
91,0.07104760618267164,0.06868817325572804,0.0019040165338068437,0.0001,5.4547718721390975e-06,0.005729752631121285,6.297961446998887e-05,14701,0.07104760618267164
92,0.06335655209816221,0.06917796902077178,0.0020828357537337663,0.0001,5.462703570114657e-06,0.005245448240766964,6.97659613953952e-05,14806,0.06335655209816221
93,0.057254608833855,0.06971096015374643,0.0020116563455448233,0.0001,5.029857707233769e-06,0.005000712689693048,5.4506029369345195e-05,14849,0.057254608833855
94,0.06916673685025372,0.07029447616716951,0.0021316307861002745,0.0001,5.67530817138133e-06,0.005324851009272632,7.228853394538619e-05,14766,0.06916673685025372
95,0.06832625689443943,0.07073326677621873,0.00201656062269639,0.0001,5.1699757264092786e-06,0.005127518278618754,7.055812745141348e-05,14769,0.06832625689443943
96,0.06705194839161568,0.07132091161248695,0.0022945803412351582,0.0001,6.555129861229311e-06,0.005713576241745995,6.841635937121229e-05,14833,0.06705194839161568
97,0.06375342163525421,0.07187437570061951,0.0020890683492105046,0.0001,5.475921253997955e-06,0.0052424529394334085,5.857061923965788e-05,14808,0.06375342163525421
98,0.06753407464385024,0.07242283651283798,0.0021166997812081317,0.0001,5.594688300498192e-06,0.005286236952606436,6.630320004560343e-05,14738,0.06753407464385024
99,0.07362116185056065,0.07298238182075106,0.002191203116519768,0.0001,6.0184973588526505e-06,0.005493326760516547,8.644055936304357e-05,14707,0.07362116185056065
100,0.08612340444917677,0.0737317611885541,0.0026520315105981757,0.0001,8.660326998091174e-06,0.006531089063974056,8.417301490854317e-05,14399,0.08612340444917677
101,0.06928461508621855,0.07438800199435668,0.0023354013897846668,0.0001,6.7018141562349e-06,0.0057393253130270955,7.282471410838982e-05,14743,0.06928461508621855
102,0.07945020696693794,0.07506674038941817,0.002389440817282701,0.0001,6.957841011999965e-06,0.005823823684331717,8.125730179997749e-05,14490,0.07945020696693794
103,0.07542462085774679,0.07569742509314455,0.0022797139774329107,0.0001,6.400369335468877e-06,0.005615063467458369,8.012046743814773e-05,14611,0.07542462085774679
104,0.07649033824336762,0.07625784326088685,0.002277915876473606,0.0001,6.589486187635527e-06,0.005785539541378126,7.762350976310449e-05,14573,0.07649033824336762
105,0.06789072612751687,0.07677756511178965,0.0020121800360836614,0.0001,5.067796935663567e-06,0.00503712077923912,7.123200643082884e-05,14694,0.06789072612751687
106,0.08287430331509646,0.07739319365895886,0.002419155238247918,0.0001,7.314936745058691e-06,0.006047513304980428,7.42180308408008e-05,14487,0.08287430331509646
107,0.07599197252375489,0.07802036930633516,0.002353299624190374,0.0001,6.843178255240215e-06,0.005815815533982019,8.053748834408016e-05,14578,0.07599197252375489
108,0.08067070898595,0.07867300120809605,0.0023762087253554726,0.0001,6.982922061277983e-06,0.005877364211961945,0.0001034344304910037,14583,0.08067070898595
109,0.0773812407712291,0.07914585093034679,0.0020362143359325953,0.0001,5.192447722528783e-06,0.005100099366652006,8.233831739498907e-05,14578,0.0773812407712291
110,0.07216929833060849,0.07973156565454703,0.0022886969777518294,0.0001,6.558663047926071e-06,0.0057313511676575024,7.620490629697122e-05,14605,0.07216929833060849
111,0.08531926027001507,0.0803887958463964,0.0024018937269720485,0.0001,7.089657435616544e-06,0.005903389776161438,9.788619036379083e-05,14431,0.08531926027001507
112,0.07465176333768178,0.08099292343527134,0.0021160999705581722,0.0001,5.570096909694691e-06,0.0052644931592957245,0.00010278176573503291,14745,0.07465176333768178
113,0.08032613422727418,0.0814602943602122,0.0019546611826495564,0.0001,5.515714145655144e-06,0.0056436524085248935,0.00010335436118878164,14559,0.08032613422727418
114,0.09228113734013732,0.08200083342202052,0.002393743538652417,0.0001,7.308193565128628e-06,0.006106078990603021,0.00010708263590764946,14313,0.09228113734013732
115,0.07686904572374445,0.08251057641245327,0.0019196727062484318,0.0001,5.3633102946574045e-06,0.005587734072792843,8.908543401217841e-05,14557,0.07686904572374445
116,0.08338921999873751,0.08311256439691068,0.002277863245697509,0.0001,6.432039710413582e-06,0.005647432717976022,9.002327651950585e-05,14445,0.08338921999873751
117,0.07645559736175159,0.08358999552064819,0.0021902103523998404,0.0001,6.209788551673499e-06,0.005670495114653582,7.748497505200368e-05,14665,0.07645559736175159
118,0.07328646565067545,0.08421203162313545,0.00228263686224243,0.0001,6.489099874901453e-06,0.005685617350914637,8.746619044257807e-05,14694,0.07328646565067545
119,0.07682817377581436,0.08478786115048426,0.0023059993920667263,0.0001,6.595793586920754e-06,0.005720551019754907,9.303909563162095e-05,14620,0.07682817377581436
120,0.08589369745340719,0.08542489671543237,0.002309373912109118,0.0001,6.645072033229078e-06,0.005754868883194605,0.00010924965577263985,14430,0.08589369745340719
121,0.08451629404155112,0.08610365040647458,0.0023669599289497098,0.0001,6.745435768471689e-06,0.005699661989178531,0.00012155487712973788,14489,0.08451629404155112
122,0.0914334763509423,0.08690795964033728,0.002743953826546388,0.0001,9.221841845186393e-06,0.00672157217513623,0.00010055931840848024,14325,0.0914334763509423
123,0.08908897173089203,0.08760186073652881,0.0025389242515346756,0.0001,7.973767989142786e-06,0.006281217712047115,0.00011799107820253822,14365,0.08908897173089203
124,0.08611960386327919,0.08830994174549174,0.0023970783246606894,0.0001,6.960487881344229e-06,0.005807476384677164,0.00010768090267878098,14435,0.08611960386327919
125,0.08435749389851326,0.0889552824667068,0.002341774855863695,0.0001,6.691219476165123e-06,0.005714656521664002,9.217537881318895e-05,14513,0.08435749389851326
126,0.08923193223511391,0.08962454702730684,0.0024425325619834913,0.0001,7.269409481545839e-06,0.005952354203738939,0.00011077166946811705,14366,0.08923193223511391
127,0.09541006455336873,0.09015296313915845,0.0019659580431084234,0.0001,5.4331959625401795e-06,0.005527275601415808,0.00010431654148389396,14244,0.09541006455336873
128,0.08497530354851879,0.0908390885782473,0.002481191440543369,0.0001,7.539148962130348e-06,0.006077039311790719,0.00010230645776806687,14374,0.08497530354851879
129,0.09106182281652803,0.09143898380036618,0.002435043285855127,0.0001,7.374637263447238e-06,0.006057089256922551,0.00012047938032493876,14333,0.09106182281652803
130,0.08466246966242617,0.09211336008167599,0.0023438053202811952,0.0001,6.690573331979091e-06,0.005709154488288642,0.0001116285252169142,14527,0.08466246966242617
131,0.0912742663725829,0.09281704023305873,0.0025000957048332347,0.0001,7.632898095704759e-06,0.006106084723835721,0.00011518451754541759,14389,0.0912742663725829
132,0.09681204772548309,0.09342296928155772,0.00216742452806218,0.0001,6.6835670120899685e-06,0.006167289264799005,0.0001206968364732675,14252,0.09681204772548309
133,0.0882790509095687,0.09412889543041944,0.0025142401840196667,0.0001,7.6105305532914255e-06,0.006053940750500625,0.0001158290965689903,14381,0.0882790509095687
134,0.08933937565304513,0.0946430666554501,0.0020299537248272006,0.0001,5.955691689513858e-06,0.00586781030195241,0.00010984036610319654,14405,0.08933937565304513
135,0.08098684821770696,0.09534511909784686,0.0024645312919923195,0.0001,7.309794350409854e-06,0.00593199556780684,0.00010458345034366486,14559,0.08098684821770696
136,0.09106571109835458,0.09594176137772795,0.002306972862015557,0.0001,6.644154452013997e-06,0.0057600629477792195,0.00012202937681669802,14338,0.09106571109835458
137,0.10022240611733788,0.09665444552060179,0.002430091188742726,0.0001,7.0792908710541844e-06,0.005826358207336942,0.000125736862306572,14121,0.10022240611733788
138,0.11094798389324996,0.09733294603718208,0.002233989470813653,0.0001,6.79722423071099e-06,0.006085278663587735,0.0001462485313122934,13972,0.11094798389324996
139,0.10152692469966004,0.09806420983464237,0.0025476266336404655,0.0001,7.895171928440438e-06,0.006198060441186804,0.00012265618505270012,14186,0.10152692469966004
140,0.09693222848472913,0.09871609808927066,0.002229033088097001,0.0001,6.820542126814089e-06,0.006119731612092855,0.00014376633326176758,14220,0.09693222848472913
141,0.09576102824590504,0.09925730895935343,0.0020803434952510395,0.0001,6.011634914735927e-06,0.005779463755345355,0.00013876087166488817,14261,0.09576102824590504
142,0.09145214322684611,0.09984697430491411,0.0022914100575253714,0.0001,6.5873413455313615e-06,0.005749596257463771,0.000122233722125479,14346,0.09145214322684611
143,0.09012350142955236,0.10065103255288178,0.002622962811509336,0.0001,8.175997668031571e-06,0.006234169719948752,0.00012200785919184735,14382,0.09012350142955236
144,0.10543488732611214,0.10137964603080196,0.0025843791512281836,0.0001,8.112991295932241e-06,0.006278483783679093,0.0001413445765183114,14104,0.10543488732611214
145,0.10884406189884835,0.10212670537407736,0.0025463221939221125,0.0001,7.736970685326182e-06,0.006076976985704144,0.0001250622937982717,13993,0.10884406189884835
146,0.10704433358838475,0.10265030435739288,0.0020967846060425703,0.0001,6.394816371137559e-06,0.006099640709597738,0.0001395911589264243,14072,0.10704433358838475
147,0.09183154673920618,0.10326622145620935,0.0023595746282671364,0.0001,6.712085492744432e-06,0.0056892334849979,0.00012232528557156288,14301,0.09183154673920618
148,0.10621829747101647,0.10393215170487194,0.0025922442465767808,0.0001,8.20496405622031e-06,0.006330394265166543,0.00013876515853555846,14074,0.10621829747101647
149,0.1036160732410405,0.10465936354664845,0.0025460044039763603,0.0001,7.719603945770632e-06,0.006064093160022914,0.00013344420825843863,14108,0.1036160732410405
150,0.11147240208318956,0.10532622528569659,0.002542132580896136,0.0001,7.82478187858744e-06,0.0061560769390155866,0.00014309297062456606,13998,0.11147240208318956
151,0.10457949187968785,0.10606345506327416,0.002618728762505325,0.0001,8.260637249055694e-06,0.006308891067552016,0.0001353757573167695,14130,0.10457949187968785
152,0.10510227483299858,0.1067308846814607,0.0023778255413738434,0.0001,6.947463544268584e-06,0.00584354354294178,0.00014273336328908076,14102,0.10510227483299858
153,0.11200063979953392,0.10750562859881083,0.002602456209639715,0.0001,8.0499054330464e-06,0.006186390689863583,0.00014269650673742233,14008,0.11200063979953392
154,0.10110859417202121,0.10820427845639904,0.0025529847175174043,0.0001,7.736320658313306e-06,0.006060608671278163,0.0001360010423717241,14106,0.10110859417202121
155,0.11006573914357787,0.10874694904721303,0.002365017762537212,0.0001,7.125657919426622e-06,0.0060258811010215465,0.00013764127377952328,14008,0.11006573914357787
156,0.11200306435611898,0.10956121395769519,0.0027203834443434265,0.0001,8.83747871972819e-06,0.006497230188710507,0.0001568177685710679,13959,0.11200306435611898
157,0.11158317617757582,0.11019365769914315,0.002166249893727593,0.0001,6.391877840669619e-06,0.0059013300904733,0.00015263461276558842,14034,0.11158317617757582
158,0.10982875085241867,0.1109241424064505,0.0024839724070160724,0.0001,7.506915945235179e-06,0.006044282878530869,0.000137815353471075,14100,0.10982875085241867
159,0.09964340104520297,0.11152047502168375,0.0021180098300939377,0.0001,6.086251128958401e-06,0.005747141531149988,0.00013273986354048664,14107,0.09964340104520297
160,0.11292524877288525,0.11212871397743648,0.002515967303264011,0.0001,7.729518014315294e-06,0.006144370798688558,0.00016862736586241943,13969,0.11292524877288525
161,0.10236761229819634,0.11267904970822361,0.002052433901435534,0.0001,5.909356607828818e-06,0.005758389201908656,0.00013318127346092462,14123,0.10236761229819634
162,0.11143175071653111,0.11335378324608039,0.0026336229198154256,0.0001,8.457070721359574e-06,0.006422385420272905,0.00014497576951976685,14027,0.11143175071653111
163,0.11793632454594695,0.11399668621980004,0.0022618423699803125,0.0001,6.863081884177152e-06,0.0060685766393498855,0.00015116633425232563,13847,0.11793632454594695
164,0.11880153274200866,0.11477819395881207,0.0026614176099784147,0.0001,8.438939556830582e-06,0.006341687621807707,0.00017874420030807424,13832,0.11880153274200866
165,0.11469402945328654,0.11546415842357859,0.0023961544283802204,0.0001,7.640034008185934e-06,0.006376912871471753,0.0001625714054138127,13854,0.11469402945328654
166,0.11014550317225555,0.11602406668864017,0.00202662244780089,0.0001,5.654755104650852e-06,0.005580472189861399,0.0001651875846597181,13940,0.11014550317225555
167,0.11376536021127898,0.11670747777935686,0.0023670727027986374,0.0001,7.389429716851387e-06,0.006243517326793314,0.0001653243721415177,13928,0.11376536021127898
168,0.11853805468500014,0.11734789455128777,0.0022971148355571272,0.0001,7.098738411728784e-06,0.006180569035424041,0.00016214081735204048,13767,0.11853805468500014
169,0.1136248888483085,0.11799550469712185,0.0024906887684714926,0.0001,7.584104632297351e-06,0.00608996573823363,0.00016279008280074156,13878,0.1136248888483085
170,0.12932530691064004,0.118725553433844,0.002602332441448939,0.0001,8.016687519042352e-06,0.006161155578246402,0.00016977188381540916,13695,0.12932530691064004
171,0.12276846866412922,0.11956578222292778,0.0028428473140731376,0.0001,9.486449520320329e-06,0.0066739071587551815,0.00016907109066253902,13798,0.12276846866412922
172,0.12024572166402721,0.12021223553755793,0.0023261670197627393,0.0001,7.079451614580658e-06,0.006086795620808634,0.00015475858063692012,13718,0.12024572166402721
173,0.1276163871330841,0.12085994397333476,0.002468542402832387,0.0001,8.255546774930587e-06,0.006688600337963192,0.00019799635564397988,13653,0.1276163871330841
174,0.12785000711661348,0.12159073629031339,0.002788956051747089,0.0001,9.203607864858619e-06,0.006600037931105578,0.00017536143317283903,13702,0.12785000711661348
175,0.11307453196959014,0.12225973231601434,0.002583615779852967,0.0001,8.058269049957799e-06,0.00623797788571828,0.0001727030869758324,13883,0.11307453196959014
176,0.12343097273048122,0.12284582272708863,0.0023901044472748314,0.0001,6.887069403309129e-06,0.005762986141598692,0.0001696883062722824,13791,0.12343097273048122
177,0.13093790489416882,0.12368009735043012,0.0026424295913511594,0.0001,8.045406856347663e-06,0.006089401119848788,0.00018553353938420946,13603,0.13093790489416882
178,0.11636807499801216,0.12446764519094033,0.0027818069513902747,0.0001,9.101572565826057e-06,0.006543640680225727,0.00016984962824854953,13950,0.11636807499801216
179,0.13274394593516214,0.1253430596363799,0.0027978469462044304,0.0001,8.967447987125202e-06,0.0064102491376738634,0.00017426057542220007,13575,0.13274394593516214
180,0.13033143630255262,0.1260301985059589,0.002332625306004809,0.0001,7.247129388744573e-06,0.0062137106804839165,0.0001782332284928798,13545,0.13033143630255262
181,0.12346918743750668,0.12684015703245893,0.002738385216995924,0.0001,8.648560329039824e-06,0.006316540328484177,0.00016668432173444465,13738,0.12346918743750668
182,0.13498194512250783,0.12763881764104873,0.0027099907974606147,0.0001,8.448324566486501e-06,0.006234947051778159,0.00017414215536998845,13478,0.13498194512250783
183,0.12880931028024012,0.12832207734337808,0.0026892037642879236,0.0001,8.607919606945436e-06,0.0064018351612152614,0.00018880644218891726,13713,0.12880931028024012
184,0.1305944188132302,0.1289786928680301,0.0026782591270695685,0.0001,8.808582298255823e-06,0.006577841710106507,0.00017865209356571058,13624,0.1305944188132302
185,0.12849918086809836,0.1297131004807718,0.002597088598167125,0.0001,7.894541745694199e-06,0.006079532097030275,0.0001919474843344187,13619,0.12849918086809836
186,0.14068479666316702,0.13039343505526554,0.002524867244563366,0.0001,8.162592383266727e-06,0.006465759655952376,0.0001815256449316026,13394,0.14068479666316702
187,0.1315895385231942,0.13097168957727173,0.0023207672927179315,0.0001,6.9438615544620774e-06,0.00598410842504582,0.000181553294330526,13632,0.1315895385231942
188,0.13120410837455426,0.13152595868467376,0.002294361649800975,0.0001,7.119500398283629e-06,0.006206083856833303,0.00017611861470432822,13580,0.13120410837455426
189,0.13502905570615165,0.13225171265245675,0.002547170719231784,0.0001,7.605668131650587e-06,0.005971855811803949,0.0001837372094332264,13580,0.13502905570615165
190,0.13144842938234405,0.13279335771127432,0.002146796432978331,0.0001,6.074951780905936e-06,0.005659550842906822,0.00019289274252253096,13569,0.13144842938234405
191,0.14363975472180435,0.13345409566584274,0.002391370026272016,0.0001,7.281516406096267e-06,0.006089828279271075,0.0002019149778788586,13411,0.14363975472180435
192,0.13551750960738257,0.13424609972851856,0.0029636398794046686,0.0001,1.0217004018017858e-05,0.00689490250756798,0.00020732940355167498,13513,0.13551750960738257
193,0.13743892911416195,0.1349428818545862,0.0026753895607431076,0.0001,8.494900230114753e-06,0.0063504024645706075,0.00019607542094143092,13513,0.13743892911416195
194,0.14325800865392652,0.1356154770454463,0.002664681391922267,0.0001,8.331216848207448e-06,0.006253067907827745,0.00021254942794320534,13406,0.14325800865392652
195,0.1358313583085744,0.13628735421330615,0.0026248942216162575,0.0001,8.001460204117368e-06,0.006096596303366871,0.00018371680064048238,13480,0.1358313583085744
196,0.12565197888144047,0.13692613519837124,0.002274545594542679,0.0001,6.663416468991307e-06,0.005859118836728402,0.00017555777292065035,13735,0.12565197888144047
197,0.14490467520491118,0.13759667225474304,0.0023961818176327365,0.0001,7.471889099280045e-06,0.006236495948927412,0.00018962671893528834,13346,0.14490467520491118
198,0.13526758787937987,0.1383719720223861,0.002897536339391493,0.0001,9.711944446005286e-06,0.006703587674793322,0.0002083055690952346,13519,0.13526758787937987
199,0.1346829031299936,0.13914721784192707,0.00271657753136821,0.0001,8.343271471042665e-06,0.006142487283873366,0.00019414903638903012,13506,0.1346829031299936
200,0.13517707933011916,0.13988370550542895,0.002644003459802278,0.0001,7.998775083219698e-06,0.006050502735588598,0.00018441224035591885,13514,0.13517707933011916
201,0.1338284668572002,0.14060583558062864,0.0026901420210749508,0.0001,8.367749703271753e-06,0.006221046798063168,0.00019529373394170863,13623,0.1338284668572002
202,0.1511893022457805,0.14132586749089113,0.0026600253794205925,0.0001,8.084635962636754e-06,0.0060786156592218315,0.0002180514978378769,13140,0.1511893022457805
203,0.12902586186698145,0.14191974070593003,0.0024197788349846726,0.0001,7.3904860500885325e-06,0.006108397960374212,0.00020336455328509928,13673,0.12902586186698145
204,0.140357424977102,0.14260065198894858,0.002679010730628782,0.0001,8.453620923511936e-06,0.006311001913402425,0.00019657751690085098,13363,0.140357424977102
205,0.14541340328163796,0.14333407979339,0.0024228713356369566,0.0001,7.272883409132968e-06,0.006003524250057609,0.00020470337156322036,13286,0.14541340328163796
206,0.14019570692596112,0.14411703538493434,0.0026425004776917107,0.0001,7.947638232541295e-06,0.0060152407158569395,0.00021499177355853267,13371,0.14019570692596112
207,0.13788659456172286,0.14471143680216858,0.002300563443339455,0.0001,6.8713969320423875e-06,0.005973664366384954,0.00019651604664137738,13414,0.13788659456172286
208,0.1524433283324068,0.1455421622198221,0.0028735740953199375,0.0001,9.224581278161501e-06,0.00642028426772441,0.00023042272148473273,13236,0.1524433283324068
209,0.1389010548371807,0.14619367326447893,0.0024881154182564884,0.0001,7.894520945915826e-06,0.006345783550063604,0.0002211100633690566,13449,0.1389010548371807
210,0.15129312321768473,0.14693632041419916,0.0026481462679809266,0.0001,8.997106803482339e-06,0.006795022550126859,0.00022151361863214996,13128,0.15129312321768473
211,0.14514026458220153,0.14758834398726972,0.002505988720964442,0.0001,7.282070230388066e-06,0.005811734242431487,0.0002023198082095208,13281,0.14514026458220153
212,0.1465266669545714,0.14827400849867498,0.002435097682455849,0.0001,7.41423983630398e-06,0.006089480425956923,0.00021517617545444346,13329,0.1465266669545714
213,0.14542512331552054,0.148992547492684,0.0026953850421129813,0.0001,8.358030461230718e-06,0.0062017339494313175,0.0002158515977014316,13304,0.14542512331552054
214,0.15896379910918668,0.14967392035103785,0.0028047549401152105,0.0001,9.083299486640991e-06,0.00647707174464795,0.00023552114343557086,13053,0.15896379910918668
215,0.15739468393080153,0.15053967885064695,0.0028193514282617107,0.0001,8.703545381164505e-06,0.0061741472126663755,0.00023455162375025145,13116,0.15739468393080153
216,0.15555017715771685,0.15129733825617545,0.0027209241375831124,0.0001,8.386847016281924e-06,0.006164704778378438,0.0002253308455804689,13088,0.15555017715771685
217,0.14173000584075185,0.1521391920661823,0.0028883286279977084,0.0001,9.284912418435637e-06,0.006429263158238518,0.00021894535319179776,13302,0.14173000584075185
218,0.14351208912812116,0.15288200626761944,0.002692439657343736,0.0001,8.270856847903118e-06,0.006143763946830918,0.0002019691942169908,13386,0.14351208912812116
219,0.15269376704312249,0.15366219994359398,0.002623043065470626,0.0001,8.231247081975837e-06,0.006276105177479416,0.00022498644669658545,13221,0.15269376704312249
220,0.1524151111387187,0.1542976519931159,0.002686628090953777,0.0001,8.531328061655187e-06,0.00635095575035582,0.00022160105585795203,13200,0.1524151111387187
221,0.15552070042645733,0.15488152861711985,0.0023902820591902053,0.0001,7.089831537272354e-06,0.005932213321865699,0.00022253823450871216,13135,0.15552070042645733
222,0.14963666808535703,0.15553849763639113,0.0026848133924825455,0.0001,8.179686741899308e-06,0.0060933000146694465,0.00024201744924148182,13261,0.14963666808535703
223,0.1573194829520277,0.15625592163798108,0.0026919301788375836,0.0001,8.123084684687771e-06,0.006035137722773657,0.00023449524814771614,13146,0.1573194829520277
224,0.16270402985288393,0.15684945532915032,0.002437721032595941,0.0001,7.569256455989618e-06,0.0062101088309756925,0.00023194576184483464,12984,0.16270402985288393
225,0.16522614960631443,0.15751719605731815,0.0027720493429185707,0.0001,8.814306074443226e-06,0.0063594149916271145,0.00022891794381142079,12911,0.16522614960631443
226,0.15705532886883844,0.15828191807651823,0.0027698632776247865,0.0001,8.454498398408895e-06,0.006104632287597093,0.00023317901607495896,13095,0.15705532886883844
227,0.16140716230027896,0.15902390993444843,0.0027592668762450043,0.0001,9.146786964216627e-06,0.0066298675513868305,0.00022433634465370786,12937,0.16140716230027896
228,0.1576599535638011,0.15972025767135575,0.0026006431694787706,0.0001,8.023034965720734e-06,0.006170039057937146,0.00024075367745881476,13094,0.1576599535638011
229,0.1693431433928934,0.16051718693319594,0.002890751895994764,0.0001,9.381874281814954e-06,0.0064909577987746795,0.00024475597191130375,12892,0.1693431433928934
230,0.1697408567527181,0.16123731109160763,0.0025315500732347902,0.0001,7.482596359839179e-06,0.005911474111415058,0.00023554362060323675,12858,0.1697408567527181
231,0.16219667063176124,0.16190525848191425,0.002744694929094877,0.0001,8.431543547542592e-06,0.006143883940007188,0.0002317973853403866,12975,0.16219667063176124
232,0.16186247415863353,0.16250891429200842,0.0027210834227977985,0.0001,8.656810829710684e-06,0.0063627676808304615,0.0002430283957816313,13029,0.16186247415863353
233,0.16546932077443557,0.1632280068115516,0.002539019880756678,0.0001,8.012150966630075e-06,0.006311215620920853,0.0002351863875382925,12897,0.16546932077443557
234,0.15291479021971086,0.1638989353807459,0.0025362735722475435,0.0001,7.622251366271069e-06,0.00601059085240283,0.00022858763121426937,13156,0.15291479021971086
235,0.16901564098690902,0.1645751268009292,0.002632668670731362,0.0001,7.729040357772925e-06,0.005871639256166464,0.0002364374322967092,12788,0.16901564098690902
236,0.15857172881641438,0.1653183947714957,0.003029854473126317,0.0001,1.0171695123043137e-05,0.006714312659741442,0.00024777657138384476,13056,0.15857172881641438
237,0.1642927926700406,0.16603452472684718,0.0025536172286445983,0.0001,7.818162336797322e-06,0.006123206132147711,0.0002544301310152152,12958,0.1642927926700406
238,0.16051285213691313,0.16654508206892207,0.002397673393205006,0.0001,7.169324436956547e-06,0.005980234386613603,0.00024488400544917953,13061,0.16051285213691313
239,0.1573285469947641,0.1672202470891724,0.0026786767420258475,0.0001,8.002506454847526e-06,0.005974969901590542,0.00023018845823191748,13139,0.1573285469947641
240,0.16212697966034348,0.16791513055358068,0.0028986957834128023,0.0001,9.545187382699065e-06,0.006585849703386923,0.0002434933501685509,12983,0.16212697966034348
241,0.16858693020971127,0.16853629489047706,0.0024571821945858895,0.0001,7.3628624844919255e-06,0.0059929316602693305,0.0002492575716434171,12890,0.16858693020971127
242,0.16858243278970064,0.16913465359415966,0.00255951719184,0.0001,7.486684674811824e-06,0.005850075708559516,0.00026315845319676813,12891,0.16858243278970064
243,0.17356385411780367,0.16977658148957028,0.0025963121405318573,0.0001,7.511815524517576e-06,0.005786527287877467,0.00024687793083236144,12854,0.17356385411780367
244,0.1595818981274364,0.17030276619160828,0.002422857383310202,0.0001,7.822291830812981e-06,0.006457079879894424,0.00024281290885774234,13037,0.1595818981274364
245,0.1767702705255823,0.1710058776916502,0.002723806178936869,0.0001,8.762211864765747e-06,0.006433799829461972,0.00026466418217508243,12719,0.1767702705255823
246,0.16667014460557752,0.1718486762909519,0.0029857097090377795,0.0001,9.53581927750134e-06,0.006387639929385166,0.0002592836341278501,12912,0.16667014460557752
247,0.17534387995270734,0.17249841025140103,0.002760646910306375,0.0001,8.725455673708056e-06,0.006321312328014964,0.0002597913641243797,12714,0.17534387995270734
248,0.16869002131811264,0.17319493048929313,0.002660145657362112,0.0001,8.435904337984702e-06,0.006342437914734355,0.0002478203629938785,12927,0.16869002131811264
249,0.16471803448014438,0.17384180832125862,0.002618902393381136,0.0001,8.048224754478093e-06,0.0061462578940083565,0.0002665398678355049,12901,0.16471803448014438
250,0.16751347276041095,0.17461068936304067,0.0028171961492036855,0.0001,8.868801601088559e-06,0.006296190347694058,0.0002639926232696432,12875,0.16751347276041095
251,0.16374861171134528,0.17525589456230545,0.002343775977945712,0.0001,6.522093325387561e-06,0.005565457950553863,0.00025788751791128265,12951,0.16374861171134528
252,0.17062183824847582,0.17581717792343338,0.0024072115652454627,0.0001,7.019027941851426e-06,0.005831666849054622,0.00023788695955180325,12754,0.17062183824847582
253,0.16683067908275082,0.1765102119001171,0.0025291195087294776,0.0001,7.5279087793708e-06,0.0059529877915120745,0.0002524514426032623,12953,0.16683067908275082
254,0.16889155128826866,0.1772247132941423,0.0027080119756109277,0.0001,8.12535263504917e-06,0.006000972453761834,0.0002445035808638696,12849,0.16889155128826866
255,0.17373139598911722,0.17789370046383512,0.0026062653661260322,0.0001,7.763877437602153e-06,0.005957856432050452,0.00024444129295721786,12771,0.17373139598911722
256,0.1700867001653229,0.17849406957093386,0.0024662216260352278,0.0001,7.153682417515961e-06,0.005801329728031325,0.0002685875336141773,12788,0.1700867001653229
257,0.1829128828134241,0.17926978757236958,0.0029403869257513472,0.0001,9.315553809033424e-06,0.006336277533714751,0.00026613974521097044,12601,0.1829128828134241
258,0.18058367825229943,0.17995800796269265,0.0027296725230560497,0.0001,8.15069115786172e-06,0.005971918674505673,0.0002774711754075539,12664,0.18058367825229943
259,0.17493252419087074,0.180533794309991,0.002400526412198978,0.0001,6.981228211757268e-06,0.005816414413338767,0.00026889895474031805,12712,0.17493252419087074
260,0.18306541304251478,0.18097552546682266,0.002230876374939844,0.0001,6.665353288941686e-06,0.005975546976798673,0.00027311611446770935,12594,0.18306541304251478
261,0.1783488754102572,0.18160028384223278,0.0026430232926134213,0.0001,8.069532506146801e-06,0.0061062893608990094,0.000260908952783688,12709,0.1783488754102572
262,0.17945399985791882,0.1822994508985695,0.0027049391019172346,0.0001,8.219125434904073e-06,0.006077124197789469,0.00025788557128827717,12575,0.17945399985791882
263,0.18567184932129094,0.18297463905065106,0.0028091374057502548,0.0001,8.614338744633622e-06,0.006133084645130011,0.000276840301414645,12574,0.18567184932129094
264,0.1895724038678459,0.18372210069378223,0.002911717831570341,0.0001,9.315306920879574e-06,0.006398495637096581,0.00026240913361779626,12439,0.1895724038678459
265,0.1797460322767758,0.1844644388662206,0.002914409330140059,0.0001,9.012605760336272e-06,0.006184859255788306,0.0002707906719586542,12662,0.1797460322767758
266,0.1959658687678651,0.18516252502159716,0.0027656986574288505,0.0001,8.895363186402094e-06,0.0064326336945701255,0.0002673888111452744,12339,0.1959658687678651
267,0.18590131211626518,0.185816200650207,0.0027000297709069113,0.0001,8.472187430929033e-06,0.006275625196594268,0.0002640440758128679,12559,0.18590131211626518
268,0.18570147669184336,0.18642254641643247,0.0026902789759307433,0.0001,8.028278963311952e-06,0.005968361671885306,0.0002742848667298822,12524,0.18570147669184336
269,0.187463175071232,0.18688113408455545,0.002580856333842722,0.0001,7.57943282204407e-06,0.005873579805783922,0.0002708421372180854,12478,0.187463175071232
270,0.1889996268070432,0.18747568192624764,0.0025801022275909087,0.0001,8.021041647311393e-06,0.006217615380922944,0.00028837054318786484,12493,0.1889996268070432
271,0.18322348982245948,0.18793130408006908,0.0023120564899709534,0.0001,6.482134301749098e-06,0.005607245610015813,0.00027594324216693647,12561,0.18322348982245948
272,0.19609286046127922,0.18841913528445525,0.0025166460329890928,0.0001,7.204602098912221e-06,0.005725558544564257,0.0002840983164043152,12349,0.19609286046127922
273,0.18333476907055335,0.18908986782143647,0.0026111337594160225,0.0001,7.397660487016466e-06,0.005666243991017101,0.0002695874687445358,12546,0.18333476907055335
274,0.1856009255109447,0.1897452408651196,0.002686063121023794,0.0001,7.812914264074657e-06,0.005817372051254521,0.00026127456380819255,12578,0.1856009255109447
275,0.19585482783706792,0.19036048313581733,0.0026109173745881026,0.0001,7.911675648315307e-06,0.006060456547050594,0.00030232404652184673,12352,0.19585482783706792
276,0.18909771082047633,0.19101312112633143,0.0026141169998923626,0.0001,7.734155938482317e-06,0.00591722247994315,0.00028677352922003063,12510,0.18909771082047633
277,0.1983220626780992,0.19178899728528281,0.002868630956442604,0.0001,8.957891471852544e-06,0.006245412259624533,0.00028855361844775263,12244,0.1983220626780992
278,0.19944530413623549,0.19213938496740982,0.002289645204330668,0.0001,6.582972578128983e-06,0.005750211924256085,0.00027304863505673644,12219,0.19944530413623549
279,0.18936693175497166,0.19271053062384852,0.0025938591087977525,0.0001,7.927023619719191e-06,0.006112146641143782,0.0002644887585739234,12457,0.18936693175497166
280,0.19752848384286198,0.19335874756722357,0.0028088438506477576,0.0001,8.523949004590989e-06,0.006069364804757835,0.0002862075743841025,12288,0.19752848384286198
281,0.19021775227128235,0.19398670200883567,0.002620035879270604,0.0001,7.896291239026977e-06,0.0060276206913817045,0.00028032747593175004,12461,0.19021775227128235
282,0.18358163274951855,0.19465150393419953,0.00262013341580346,0.0001,7.349873859554722e-06,0.005610305044181037,0.0002572592801003339,12567,0.18358163274951855
283,0.19624934110380352,0.1952343897813707,0.0025435181423067326,0.0001,7.294539016771253e-06,0.005735786897242878,0.00029199456277963773,12370,0.19624934110380352
284,0.1956240426352288,0.19575795944564395,0.0024193389569478548,0.0001,6.518570955270285e-06,0.005388720697073274,0.00029533698484358737,12332,0.1956240426352288
285,0.19238034505840387,0.19639904523327123,0.0027754204036125546,0.0001,8.503257139813335e-06,0.0061275453107898815,0.00028476793306534055,12422,0.19238034505840387
286,0.1843896443740212,0.19699398723184267,0.0026755067040745047,0.0001,7.727386930148606e-06,0.005776391379158676,0.00027764354082926006,12554,0.1843896443740212
287,0.22202247335995712,0.1975985185156461,0.002777585166135519,0.0001,8.610316603059013e-06,0.006199857853531549,0.0003153945830613941,11834,0.22202247335995712
288,0.19322000330636535,0.19817615513526152,0.002675018768880522,0.0001,7.741557754162195e-06,0.0057880399526332935,0.0002907718721581922,12462,0.19322000330636535
289,0.19288746336651946,0.19871027117624396,0.0025072636414670835,0.0001,7.322944869151241e-06,0.005841384007679656,0.0002886498553362607,12446,0.19288746336651946
290,0.19390599436970266,0.1993134043713964,0.0027423047176081696,0.0001,8.176410061562322e-06,0.005963166681705425,0.00026028258151524793,12349,0.19390599436970266
291,0.20044767827714932,0.19993383996862077,0.0027456663211424047,0.0001,8.0518961034103e-06,0.005865167257512998,0.00030767952317477536,12307,0.20044767827714932
292,0.2017502794636385,0.2003636096845266,0.0024131702482779577,0.0001,6.918148229306029e-06,0.0057336594749109225,0.00031003959551690366,12178,0.2017502794636385
293,0.20472352518162523,0.20101837625245222,0.0028750511617816267,0.0001,8.827471428374908e-06,0.006140740412358194,0.0002827214620796725,12218,0.20472352518162523
294,0.20876597630612237,0.2015608341436957,0.0026883547081218043,0.0001,7.929477377090577e-06,0.005899130314266037,0.00030317843951411524,12116,0.20876597630612237
295,0.20234850092069262,0.20211634920549942,0.0024280491887299885,0.0001,6.762430458818564e-06,0.005570258205811481,0.0002736937110770775,12187,0.20234850092069262
296,0.20661046298771615,0.20269579156506037,0.0028220316656854955,0.0001,8.682692701632094e-06,0.006153504800962603,0.00029911768134021537,12152,0.20661046298771615
297,0.21136622431225957,0.20327434523146146,0.002907663313059417,0.0001,9.260950391676913e-06,0.006370029397889693,0.00030731666788853877,11970,0.21136622431225957
298,0.21046465559973143,0.20395799794656752,0.0028522887238918975,0.0001,8.746646035384394e-06,0.006133071986800656,0.00031231345784933526,12045,0.21046465559973143
299,0.20288206397020866,0.2046021014379627,0.002800357605361193,0.0001,8.656682552085039e-06,0.006182555067618584,0.00029431884757618443,12224,0.20288206397020866
300,0.21690288746374825,0.20521990938146326,0.0027897652997297506,0.0001,8.242462287772206e-06,0.005909072199421697,0.0003082378854764155,11934,0.21690288746374825
301,0.20718023780871134,0.20575647198952746,0.002442637354693272,0.0001,6.896218128062136e-06,0.00564653456626443,0.0003084987666376768,12103,0.20718023780871134
302,0.20417608396246367,0.20627356221523024,0.0025502394168861065,0.0001,7.1755960864790335e-06,0.0056273901493065145,0.00030332298925651304,12134,0.20417608396246367
303,0.21596416392424958,0.20676751695460757,0.002611895421132615,0.0001,7.539744144113482e-06,0.005773388997974482,0.000305193307092427,11976,0.21596416392424958
304,0.1968750348567203,0.20733467277232429,0.0026624725137385516,0.0001,7.976588812181624e-06,0.005991865659473926,0.00029187178128066546,12306,0.1968750348567203
305,0.20752800035514665,0.20791032611912633,0.0026134407513460425,0.0001,7.583172451297656e-06,0.005803209770408586,0.00029784237472496865,12110,0.20752800035514665
306,0.199041964692791,0.20846007644581507,0.002681845510837461,0.0001,7.679393629929154e-06,0.005726947058580647,0.0002864107281704671,12249,0.199041964692791
307,0.2135639716334811,0.20880748173253424,0.0024047098254591074,0.0001,6.990395726450341e-06,0.005813920376123331,0.000299751331777927,11947,0.2135639716334811
308,0.20994663802500915,0.20934872283451783,0.0025672891133610475,0.0001,7.2390307213151196e-06,0.005639435530373838,0.0003017821570085504,12012,0.20994663802500915
309,0.20086923906178455,0.20990268909996115,0.0026329399990365197,0.0001,7.523684535615143e-06,0.005715044428181659,0.00027898987533322387,12224,0.20086923906178455
310,0.20907228006982223,0.2104624283560113,0.0027849689838882067,0.0001,8.388039694671019e-06,0.006023793976305001,0.0003120294944428331,12176,0.20907228006982223
311,0.2012665428763486,0.21111634457941927,0.0027253752971794555,0.0001,7.886505755663673e-06,0.005787464033907971,0.0002972918731911403,12246,0.2012665428763486
312,0.211765644904741,0.21154218824745044,0.002378081123815941,0.0001,6.53993982169758e-06,0.005500182274020488,0.0002917832637032274,12005,0.211765644904741
313,0.21090051740037263,0.21214548543580858,0.0027875356465180824,0.0001,8.386151922887138e-06,0.006016893045556066,0.00028588167921785935,12098,0.21090051740037263
314,0.21513942129699773,0.21258444039244898,0.0023550233993834078,0.0001,6.451664890403179e-06,0.005479066485787235,0.0003092781767457697,11926,0.21513942129699773
315,0.20208293861342203,0.21308141009899995,0.002658062428520074,0.0001,7.63803509684861e-06,0.005747069756447539,0.0003258014220153881,12225,0.20208293861342203
316,0.21320755222158647,0.2136288158895046,0.002637385364471201,0.0001,7.798030268339576e-06,0.00591345532843896,0.0003239823714302042,11980,0.21320755222158647
317,0.1974308314350512,0.21407302424743893,0.002388015399568933,0.0001,6.650071194783303e-06,0.005569537948527236,0.0002903751909111643,12235,0.1974308314350512
318,0.2256355427315919,0.214675473438565,0.0026076450096929014,0.0001,7.247134341094221e-06,0.005558374943027773,0.0002913502832782223,11681,0.2256355427315919
319,0.20831317339531857,0.21531257298197432,0.002713709470884776,0.0001,7.563056017701062e-06,0.0055739614714431516,0.0002995908935406171,12089,0.20831317339531857
320,0.20556051539455789,0.21589491978638356,0.002717486173531301,0.0001,7.83243815873496e-06,0.005764473236349104,0.000306384310276129,12117,0.20556051539455789
321,0.20955596593608777,0.2165031690857708,0.002742932754231336,0.0001,7.802116613156517e-06,0.005688886540233785,0.0002946111080368257,11981,0.20955596593608777
322,0.219786092944625,0.21698325473300123,0.002413703891631595,0.0001,6.254873880759057e-06,0.00518280133900844,0.00032049063609965037,11840,0.219786092944625
323,0.21304161601564636,0.21744656694714717,0.0025593200498526137,0.0001,7.070145794725628e-06,0.005525018877676346,0.0003129431499691541,11976,0.21304161601564636
324,0.212284644116235,0.21795942549830208,0.002612245454104716,0.0001,7.3652675580678565e-06,0.005639031773598874,0.0003106944707067133,12013,0.212284644116235
325,0.21882593439825687,0.21838734248699432,0.0023842863477379884,0.0001,6.587487061504274e-06,0.005525751609284623,0.0003041556646532818,11821,0.21882593439825687
326,0.21290866392439978,0.21888121805236427,0.002761215887584293,0.0001,8.431699876771135e-06,0.006107236970990909,0.0003159469254960275,11974,0.21290866392439978
327,0.220035399387984,0.21948819642790332,0.002666618099833154,0.0001,7.249030838542158e-06,0.005436872148280788,0.00032285030209854086,11901,0.220035399387984
328,0.21953043574035386,0.22010075161880494,0.0026260575702966036,0.0001,7.026317623724811e-06,0.005351228932068854,0.0003086121201607212,11822,0.21953043574035386
329,0.21958638743071845,0.22065303717487844,0.002616224828497946,0.0001,6.988668715283663e-06,0.005342559736577434,0.0003120938028647436,11852,0.21958638743071845
330,0.208730227234966,0.22125186711854597,0.002792913221496581,0.0001,8.095868893974011e-06,0.005797436763635533,0.00029435977082728243,11897,0.208730227234966
331,0.22255770939891306,0.2216720153149451,0.0023082833727884173,0.0001,6.113497512901781e-06,0.005297007798064798,0.0003105848753383608,11796,0.22255770939891306
332,0.2288424721218968,0.22210646207394974,0.002610402371424829,0.0001,7.436205839506239e-06,0.005697363686845988,0.00034451765584639577,11707,0.2288424721218968
333,0.228189820435375,0.22266850808919572,0.002736082574405701,0.0001,7.562606964033974e-06,0.005528054624357698,0.00030824750393594423,11653,0.228189820435375
334,0.21850018080635236,0.22317535126759894,0.0026283079815905886,0.0001,7.214237922177828e-06,0.005489644267497103,0.0002961856591070887,11902,0.21850018080635236
335,0.2142879227287827,0.22364690676791207,0.002528268337991023,0.0001,6.8609142206428075e-06,0.005427362370953496,0.0003077100068066863,11952,0.2142879227287827
336,0.2084889496092857,0.22413973960107045,0.002795981716726551,0.0001,8.38140443891924e-06,0.005995321349047966,0.0003127695276962386,12122,0.2084889496092857
337,0.21765690932355658,0.22457277167169246,0.0025444751758224205,0.0001,6.933033001646576e-06,0.005449479772901062,0.0003007951270842208,11928,0.21765690932355658
338,0.21304770905357967,0.22493595584984896,0.0023601919299687532,0.0001,6.523137516952798e-06,0.005527633099770117,0.00031238093584294097,11969,0.21304770905357967
339,0.2213278644634022,0.22539745418824053,0.002619791837455395,0.0001,7.155694670539052e-06,0.0054627963704852065,0.00032231265392964356,11796,0.2213278644634022
340,0.22258957702294768,0.22596918020618517,0.0026068310753170868,0.0001,7.066190985098511e-06,0.005421287978346662,0.00030619456790266747,11785,0.22258957702294768
341,0.22448121651189895,0.22647025012259392,0.002494341814954144,0.0001,6.925381825424767e-06,0.005552873133830765,0.0003273394756528068,11776,0.22448121651189895
342,0.22764379259677947,0.22711678391054652,0.0028240744697191392,0.0001,7.86241242753397e-06,0.0055681339226977995,0.00031372441393935396,11692,0.22764379259677947
343,0.22377907244126366,0.22758400202737478,0.0025890495017424084,0.0001,7.051223611697851e-06,0.005446959285214466,0.0003168185148869195,11764,0.22377907244126366
344,0.2318684408910291,0.22819083346296187,0.0028435979854760512,0.0001,8.182085163845183e-06,0.005754741145292666,0.0003451294533671711,11554,0.2318684408910291
345,0.2339568398303169,0.22870218396225425,0.002786656353901839,0.0001,8.120027040997186e-06,0.00582779217080544,0.0003077888362790565,11479,0.2339568398303169
346,0.22941152521249816,0.22924269500936809,0.0027260579728135333,0.0001,7.58651867044271e-06,0.005565926143979066,0.00030289433862290663,11669,0.22941152521249816
347,0.22913315611773508,0.22978578088960622,0.002728395570591245,0.0001,7.642368731087705e-06,0.005602097301038792,0.0003207345030962488,11644,0.22913315611773508
348,0.23564013774875708,0.23021159114300083,0.002635608923365656,0.0001,7.252432979481993e-06,0.005503421175415267,0.0003123503722336728,11531,0.23564013774875708
349,0.23452237450892155,0.23079089707404013,0.0027278408982412206,0.0001,7.311521788609142e-06,0.00536066586091825,0.00032965946515478486,11533,0.23452237450892155
350,0.225784076203214,0.23135910957533556,0.0028337262446528223,0.0001,8.480484015901908e-06,0.005985393989207243,0.0003373917535387376,11764,0.225784076203214
351,0.23357254584869958,0.23180580253623234,0.002679227791809641,0.0001,7.515690574622612e-06,0.005610340858360729,0.00036138184510298876,11508,0.23357254584869958
352,0.22700542160052958,0.23233416214605238,0.0025963444561290403,0.0001,7.056428116474305e-06,0.005435664054371986,0.00031444224848456084,11665,0.22700542160052958
353,0.22460758120688587,0.23280705702190538,0.0025985281263199555,0.0001,7.135672193435984e-06,0.005492087710084977,0.00032509977066437506,11809,0.22460758120688587
354,0.2362977421532952,0.23330914294240204,0.002713722283289116,0.0001,7.53285222403653e-06,0.0055516751072305585,0.00032775525517341516,11514,0.2362977421532952
355,0.2237893249677846,0.23352894467538574,0.0021219248442706728,0.0001,5.781907912799012e-06,0.00544968209256847,0.00032714716343594806,11831,0.2237893249677846
356,0.23132724579396555,0.23401552343045148,0.002617903894841421,0.0001,7.380318207822316e-06,0.0056383415925735335,0.00033149217261426426,11550,0.23132724579396555
357,0.24338972525907876,0.23449831589348966,0.002616440679935962,0.0001,7.025860309909923e-06,0.005370548137236487,0.00034295416115277176,11365,0.24338972525907876
358,0.23514645919833732,0.2350371282974362,0.0026841424362913464,0.0001,7.145599602609555e-06,0.005324307313946097,0.0003302236659164073,11513,0.23514645919833732
359,0.2283804538936406,0.23542111874187685,0.0026227829708339624,0.0001,7.160952998663583e-06,0.0054605760966845275,0.00031630964210744477,11660,0.2283804538936406
360,0.22507089465949962,0.2358492609466782,0.0024544682027808342,0.0001,6.825593366086526e-06,0.00556176963983754,0.00030450036887248353,11752,0.22507089465949962
361,0.22832909467563953,0.2364725114886591,0.002924929846981138,0.0001,8.369993869999692e-06,0.005723209996737858,0.0003197366393892309,11628,0.22832909467563953
362,0.24253999346838073,0.23704281220594176,0.00265539952130886,0.0001,6.948327521184406e-06,0.005233357515828383,0.0003297808703476596,11419,0.24253999346838073
363,0.23928017778846528,0.23747638463852502,0.0023732110344209588,0.0001,6.0411790852707466e-06,0.005091143600505582,0.000334035155141103,11514,0.23928017778846528
364,0.24340556904066213,0.23797483110430515,0.0026527503162104213,0.0001,7.153330434038378e-06,0.005393142649216414,0.00033580744391186547,11257,0.24340556904066213
365,0.22511879744264557,0.23853540509108656,0.0030022156096730338,0.0001,8.923453412051481e-06,0.005944578652712633,0.00033137342415424643,11676,0.22511879744264557
366,0.24226558846124988,0.23908005287669054,0.0026805853272472754,0.0001,6.869088359879469e-06,0.005125065999621371,0.00033344340412726,11364,0.24226558846124988
367,0.24097118541325296,0.23957926674702026,0.002707097049265917,0.0001,7.857606501925762e-06,0.005805190105065874,0.00032870670656691376,11394,0.24097118541325296
368,0.23733793519294683,0.24015406286403135,0.0028278150181628168,0.0001,7.729463665453967e-06,0.005466739242707374,0.00034261123543148246,11521,0.23733793519294683
369,0.24833137887355433,0.24049172510948993,0.0025005489000486094,0.0001,6.740620616443236e-06,0.00539131277641657,0.00032411739355115576,11314,0.24833137887355433
370,0.23787714056457418,0.24098974553423333,0.002455389990665301,0.0001,5.971377115656547e-06,0.004863893017694162,0.00031006520062141027,11480,0.23787714056457418
371,0.2289887760171188,0.24141702192355152,0.0026260717072697933,0.0001,7.314972022705862e-06,0.0055710375329475715,0.0003129007010366337,11709,0.2289887760171188
372,0.2512186838862114,0.24197352704259856,0.0029559636615451115,0.0001,8.559660690203485e-06,0.005791451905555069,0.0003564096403957126,11202,0.2512186838862114
373,0.22804706378158546,0.24239149535029575,0.002502122029272574,0.0001,6.80185450502816e-06,0.005436868726187284,0.00033485390049405457,11616,0.22804706378158546
374,0.23232569450494933,0.2428309428337511,0.0026935460149405894,0.0001,7.672364012349487e-06,0.005696850152024386,0.0003327489056024362,11591,0.23232569450494933
375,0.2363760667917593,0.24314492545507513,0.002440144508020347,0.0001,6.262790362551242e-06,0.005133130715796951,0.0003295800728057772,11511,0.2363760667917593
376,0.23531174628256474,0.24367901600032085,0.002683647845348847,0.0001,6.9841282990902785e-06,0.005204951395686874,0.00035694429261243796,11481,0.23531174628256474
377,0.25006022022050267,0.24403266826674383,0.0026166964253985293,0.0001,7.3104057468962555e-06,0.005587507726107633,0.0003595081982459027,11194,0.25006022022050267
378,0.24427288089588572,0.24450428745803485,0.00280475723565903,0.0001,7.812945886046791e-06,0.005571210076019999,0.0003524096839310185,11354,0.24427288089588572
379,0.24276634059893082,0.2449393368411581,0.002577177903729879,0.0001,6.592906635346719e-06,0.00511637681341671,0.00034534537767606826,11361,0.24276634059893082
380,0.24308875477322145,0.245389372113514,0.0027090381798574753,0.0001,7.4184621479443615e-06,0.005476823621832196,0.0003438754388114766,11392,0.24308875477322145
381,0.24234700041639823,0.24587833250686894,0.002538119691923446,0.0001,6.559734734037194e-06,0.005168971940063296,0.00033563270795628495,11426,0.24234700041639823
382,0.2348131420122971,0.2463487366406515,0.0026624795821806697,0.0001,7.053907688019977e-06,0.005298750634731678,0.00033529181726845683,11558,0.2348131420122971
383,0.24949608112427096,0.24674370615078106,0.0025123490036396733,0.0001,6.781111649140162e-06,0.005398224242982386,0.0003440819227182537,11199,0.24949608112427096
384,0.24679030181267647,0.24716825290077687,0.0024866650012605935,0.0001,6.673066195528624e-06,0.005367080963576332,0.00032973336576834126,11307,0.24679030181267647
385,0.2450390078588187,0.2476060048762706,0.0025611668333417143,0.0001,6.7774279185241715e-06,0.00529245329144079,0.000326992324214625,11363,0.2450390078588187
386,0.25018259213365546,0.24810683758781246,0.0025709979746519392,0.0001,6.621159642406812e-06,0.0051506533320417585,0.0003372111903616642,11243,0.25018259213365546
387,0.2547625335936869,0.2485527204072195,0.002330054713756687,0.0001,5.711274791806628e-06,0.0049022666790501995,0.00033760197175527844,11165,0.2547625335936869
388,0.25070096759808214,0.24908662393040307,0.002576343308129097,0.0001,6.470272553953923e-06,0.0050228341335864434,0.00032537218513147416,11210,0.25070096759808214
389,0.24313015248364467,0.249569047316638,0.0026569539131122365,0.0001,7.116633235451578e-06,0.005356986585526033,0.0003385859491772486,11408,0.24313015248364467
390,0.24972026964866917,0.2498243193541148,0.002427663268647208,0.0001,6.580913265285402e-06,0.005421603028951008,0.000345100797865316,11171,0.24972026964866917
391,0.24428554114794915,0.25038121005879804,0.002834547479200869,0.0001,7.712681767596071e-06,0.005441913973351734,0.00033083238928713327,11326,0.24428554114794915
392,0.25028589131498896,0.2508565975604105,0.002754033804708418,0.0001,7.408061299376215e-06,0.005379789664680998,0.0003427271105619765,11251,0.25028589131498896
393,0.23812925781419195,0.25125592729047996,0.002346546476560787,0.0001,5.922667378710229e-06,0.00504798642419457,0.0003436846386701417,11535,0.23812925781419195
394,0.24373393474581606,0.25142272250273157,0.0018715731865100403,0.0001,4.505258516330588e-06,0.00481440805927727,0.00037435336365434016,11406,0.24373393474581606
395,0.2525842621415355,0.2519239223533649,0.002761285380553965,0.0001,7.292153093255836e-06,0.005281709123301768,0.0003543982320758399,11113,0.2525842621415355
396,0.24790462646785333,0.2522428837985366,0.0025634950824457345,0.0001,6.830520305044488e-06,0.005329068389339561,0.0003480107504327445,11235,0.24790462646785333
397,0.2567784040128347,0.25268605105466174,0.002599992770604252,0.0001,6.6402450614589354e-06,0.005107895019197077,0.00036112997750669003,11110,0.2567784040128347
398,0.2568361546710842,0.253058251393359,0.0025394962543031684,0.0001,6.5345398675239786e-06,0.005146327628127997,0.0003374830444339462,11120,0.2568361546710842
399,0.24764608714449055,0.2533494372745017,0.002083162251868429,0.0001,4.869790127989844e-06,0.004675382461084858,0.0003351037877252104,11261,0.24764608714449055
400,0.2565479260267049,0.2537093612712399,0.0023398059352233453,0.0001,5.626718645048738e-06,0.004809560109532452,0.00034521134206761994,11070,0.2565479260267049
401,0.253686130553623,0.2540974480829819,0.002597843869729022,0.0001,6.834053143093659e-06,0.0052613270741374545,0.00035422162086821713,11138,0.253686130553623
402,0.25666570401886757,0.2545111991471311,0.002646585524160056,0.0001,6.894436409803952e-06,0.005210061301149172,0.00034184166765432897,11071,0.25666570401886757
403,0.2573929478145194,0.2548077714824475,0.0025727806136338783,0.0001,7.2327687875609035e-06,0.0056225305408727465,0.00033940565449046544,11049,0.2573929478145194
404,0.25106172090738077,0.2552500828029576,0.0025274435453576066,0.0001,6.474689077107139e-06,0.0051235083679711125,0.00033931520530516553,11193,0.25106172090738077
405,0.25300652050146677,0.2557133941750644,0.0027093461622869617,0.0001,7.176906193532806e-06,0.00529788795055614,0.000364357543279545,11150,0.25300652050146677
406,0.25408699321965267,0.25618674655554424,0.0024820088156568476,0.0001,6.134148272283359e-06,0.004942889995868121,0.0003738905080091889,11123,0.25408699321965267
407,0.2543578716408229,0.25662564295722184,0.002553391902918056,0.0001,6.308464052916838e-06,0.004941242310440027,0.00035228948728765585,11143,0.2543578716408229
408,0.25708965365822406,0.25702516267379244,0.002524290212474191,0.0001,6.222846671855065e-06,0.004930373410397787,0.0003457108680148478,11055,0.25708965365822406
409,0.24349860793126077,0.25740067539528605,0.0024261288515367452,0.0001,6.042581054831029e-06,0.004981253201785692,0.000350461124558211,11414,0.24349860793126077
410,0.26339549744679236,0.2576979748912879,0.002406208136119353,0.0001,5.861872970233865e-06,0.004872290873130937,0.0003620804278785196,10887,0.26339549744679236
411,0.2581638844593164,0.2581390941365057,0.002533780033110842,0.0001,6.113096940395219e-06,0.004825278327645417,0.0003434273701286756,11120,0.2581638844593164
412,0.26242392147810517,0.258515403536632,0.0026041693699322293,0.0001,6.719684629464778e-06,0.005160712438330883,0.0003718510481387519,10985,0.26242392147810517
413,0.2733697106689983,0.25887875116262815,0.0024951241795081514,0.0001,6.102194799920792e-06,0.004891295471413115,0.00037385052107623235,10687,0.2733697106689983
414,0.2572869500026544,0.25926460467536994,0.002490724433211031,0.0001,6.220702519985388e-06,0.004995094950721374,0.0003451458788969985,11051,0.2572869500026544
415,0.2580867577390774,0.2596404591345367,0.002520247697977458,0.0001,6.3620827819374805e-06,0.005048775790604361,0.00037399296112780497,11105,0.2580867577390774
416,0.26705813245529375,0.26006428299710105,0.002620079387383974,0.0001,6.63316285929248e-06,0.005063329677132708,0.00035269536474480986,10899,0.26705813245529375
417,0.26466267119183007,0.26054069410273467,0.002579775316969331,0.0001,6.24252038378699e-06,0.004839584550425561,0.00036389212103117325,10880,0.26466267119183007
418,0.2560563705428045,0.2608617246334527,0.0025047509397436193,0.0001,6.216770294054568e-06,0.004963982801971443,0.00035257161148496643,11071,0.2560563705428045
419,0.26176815488900185,0.26134095980163086,0.002712321756885606,0.0001,6.862506575647835e-06,0.005060245200058886,0.0003658410034367853,10995,0.26176815488900185
420,0.25883830017114307,0.2617264270448573,0.002652259309706717,0.0001,6.921484028901309e-06,0.0052193117042290075,0.00037097478152881507,10993,0.25883830017114307
421,0.257171021650799,0.26208279821072755,0.002504239393216599,0.0001,6.249814197286747e-06,0.004991387176654148,0.0003365200111074096,11043,0.257171021650799
422,0.2644074903863788,0.262395442739519,0.002471089782363319,0.0001,6.299819688580053e-06,0.005098818936926673,0.0003299816565344087,10921,0.2644074903863788
423,0.2565090195481824,0.2625961712329649,0.002030385996962427,0.0001,4.982349909206634e-06,0.004907785925100461,0.00033864534212413777,11100,0.2565090195481824
424,0.26903555215542097,0.2630543106181666,0.0026058221225532543,0.0001,6.356947222169936e-06,0.004879033888883581,0.0003420448960457841,10694,0.26903555215542097
425,0.25521070245680927,0.2633688087114441,0.0024480822282932748,0.0001,6.269963208747237e-06,0.005122346901818289,0.00036626348059054276,11119,0.25521070245680927
426,0.270459634168798,0.2637144149220376,0.0025344083672820678,0.0001,6.195506216006493e-06,0.004889114395286371,0.0003422577928747951,10813,0.270459634168798
427,0.26806489923378984,0.26406329750012725,0.0023068003618569814,0.0001,5.255721781974052e-06,0.004556720094965809,0.0003450923939836965,10762,0.26806489923378984
428,0.2666357026885346,0.2642861388486655,0.0023009025367605024,0.0001,5.8686504706506e-06,0.0051011725850093744,0.00036760347878090255,10875,0.2666357026885346
429,0.2561077531012398,0.2646624983394991,0.0026044262639949175,0.0001,6.7979404333815665e-06,0.005220297865491677,0.00034778896509712274,11070,0.2561077531012398
430,0.26708035292981586,0.26501766580686276,0.002614857816527364,0.0001,6.725192157468316e-06,0.0051438300889335865,0.0003433303443054268,10973,0.26708035292981586
431,0.257432032658824,0.26533308153923485,0.0025211145303289423,0.0001,6.5011306569844544e-06,0.005157346545566274,0.00034873591003781786,11103,0.257432032658824
432,0.26070525267732314,0.26563872075221784,0.0024984642565718833,0.0001,6.252031538061168e-06,0.00500469960425971,0.0003587672101696534,10976,0.26070525267732314
433,0.2577613960578424,0.2660489745869175,0.00261737139427499,0.0001,6.741578194216406e-06,0.005151411228045317,0.0003779954133549784,11110,0.2577613960578424
434,0.269041756690905,0.26638130733685966,0.0025558956222953505,0.0001,6.525554778216503e-06,0.005106276423257188,0.00036163860433370527,10846,0.269041756690905
435,0.2686888807616086,0.2666808119864679,0.0022889934727182404,0.0001,5.5083042394649195e-06,0.004812861465195584,0.00035680160058803234,10909,0.2686888807616086
436,0.2641081631450965,0.26716180884303997,0.00258202483503841,0.0001,6.210815741688282e-06,0.004810810227234619,0.0003401990172902973,10855,0.2641081631450965
437,0.2590991700738825,0.26762213466448515,0.002878322075450093,0.0001,7.728049571782686e-06,0.00536982962240195,0.0003607504245260873,11023,0.2590991700738825
438,0.26596730996766765,0.2679797178142856,0.0024029907412378196,0.0001,5.591496482408601e-06,0.004653781129034505,0.00034683385630757607,10873,0.26596730996766765
439,0.2631277200165598,0.26826325329064454,0.0024249291605417107,0.0001,5.77688764404641e-06,0.004764582601461148,0.00039105992796896607,10875,0.2631277200165598
440,0.2689901848065921,0.2685833914979658,0.002385106285654849,0.0001,5.5904282124056866e-06,0.004687781207931193,0.0003507459193041453,10809,0.2689901848065921
441,0.2624975572115165,0.2688524354083493,0.0025224608513818563,0.0001,6.376716866111121e-06,0.005055949124140279,0.0003720084086343012,10996,0.2624975572115165
442,0.2614710550593914,0.2691378345456711,0.0023769398904713076,0.0001,5.854236244243142e-06,0.004925859730581865,0.00035469318612077553,10964,0.2614710550593914
443,0.26641704856333354,0.2693602377539373,0.0022836544854347427,0.0001,5.415335813189401e-06,0.0047426927739977025,0.000346403826765659,10836,0.26641704856333354
444,0.27044085972733145,0.26972938140174235,0.00233204431092048,0.0001,5.335563688514424e-06,0.004575868188721017,0.00034192071380480265,10747,0.27044085972733145
445,0.26961875613733,0.2701310401740436,0.0026417494239141925,0.0001,6.533919037656486e-06,0.004946660707869405,0.0003623548579384328,10796,0.26961875613733
446,0.2861277104658724,0.27051106686825854,0.0025845649159980137,0.0001,6.208606331138986e-06,0.004804372521431966,0.0003472249056795316,10469,0.2861277104658724
447,0.26910788590642953,0.2708764858510844,0.0025814945491323153,0.0001,6.456606718668919e-06,0.005002223786092513,0.00039604663176677507,10852,0.26910788590642953
448,0.2720589786465474,0.27121671539094905,0.002680485803459882,0.0001,6.933773279726067e-06,0.005173519867761421,0.0003903592756050504,10775,0.2720589786465474
449,0.267343397532882,0.2715414751026904,0.00266061756443161,0.0001,6.780842052482225e-06,0.005097194082405318,0.00034742753595713905,10878,0.267343397532882
450,0.2767004980768717,0.27186025088888727,0.0024528585789401532,0.0001,5.78555624435157e-06,0.004717398951595024,0.00035579671113684447,10717,0.2767004980768717
451,0.27088820963384497,0.27223324985995784,0.0026361851802898244,0.0001,6.489241719554863e-06,0.004923206281617462,0.0003596688366784834,10772,0.27088820963384497
452,0.2700285217829546,0.272496720944306,0.002424804374727652,0.0001,5.918608668611988e-06,0.004881720546447588,0.00037036064193169625,10817,0.2700285217829546
453,0.27465111818721666,0.27280537703065216,0.002480019730754364,0.0001,6.039033766566699e-06,0.004870149774759869,0.0003525291626153147,10699,0.27465111818721666
454,0.2654694246131354,0.2731544199542318,0.002534130320420484,0.0001,6.118623757829204e-06,0.004828973244607207,0.00035950841106348157,10857,0.2654694246131354
455,0.27180014890544524,0.27342769896455005,0.002306212256724058,0.0001,5.260120253763878e-06,0.0045616965554036255,0.00035309018845631156,10774,0.27180014890544524
456,0.28189587580989156,0.2737702827893001,0.002690604646916143,0.0001,6.989877812337969e-06,0.005195767293682088,0.00039047364641880494,10628,0.28189587580989156
457,0.2691007664388387,0.27408370669034954,0.0024677287987776085,0.0001,6.002538533603059e-06,0.00486482836896536,0.0003618324436951532,10797,0.2691007664388387
458,0.2774342565294556,0.27445020908446605,0.00267416017801383,0.0001,6.663080368119786e-06,0.004983306851176456,0.0003729239648611609,10738,0.2774342565294556
459,0.277868854778256,0.27480808411956936,0.0024133690321355024,0.0001,5.469480245443414e-06,0.0045326513870145016,0.00038307458641819234,10689,0.277868854778256
460,0.264322995769489,0.27503388355801855,0.0023214212669338567,0.0001,5.5718896147721635e-06,0.004800412311317833,0.0003576537410810284,10787,0.264322995769489
461,0.27197328581691826,0.27533508063557005,0.002606247318506858,0.0001,6.629939876119324e-06,0.0050877288805558744,0.0003973779184628387,10805,0.27197328581691826
462,0.26519866684216176,0.2756414361969419,0.0024048509742032693,0.0001,5.626828301475138e-06,0.004679565063976003,0.0003626556963942501,10926,0.26519866684216176
463,0.26891583715259393,0.2759561242970218,0.0023504188089841153,0.0001,5.628468590531192e-06,0.004789332495993679,0.00033210567671904356,10768,0.26891583715259393
464,0.27737180538457096,0.2760937335198205,0.0022044530627961423,0.0001,5.216986007144535e-06,0.00473313412309834,0.00037435961105135003,10628,0.27737180538457096
465,0.279777547180883,0.27639079286384804,0.0024488097497622325,0.0001,5.898763941251877e-06,0.004817658000442557,0.0003487666454854206,10623,0.279777547180883
466,0.26611318650935856,0.27682134178065365,0.0026622743518208455,0.0001,6.561869386322047e-06,0.004929521543738795,0.00036827037014015087,10922,0.26611318650935856
467,0.26780338495323985,0.27710954480698685,0.0023981033283157443,0.0001,5.661204568935512e-06,0.00472140170282949,0.0003682210582841435,10842,0.26780338495323985
468,0.28837648454525106,0.27736624015530437,0.002507649331084054,0.0001,6.155963157813922e-06,0.004909748011020907,0.0003817353140860511,10454,0.28837648454525106
469,0.2779009074697225,0.27759902173869666,0.002222578523157606,0.0001,4.967117730280828e-06,0.004469689307736196,0.00035888498642826076,10592,0.2779009074697225
470,0.2869516088341816,0.27799561731188815,0.0024690350118231953,0.0001,5.462338462131173e-06,0.004424674770486669,0.0003758062805659043,10504,0.2869516088341816
471,0.2731688387764333,0.27821688702279285,0.002404809886728433,0.0001,5.79690295894538e-06,0.004821090424600375,0.00036765732281692507,10761,0.2731688387764333
472,0.2782709434752862,0.2784482336008447,0.002511485323237691,0.0001,6.452740585910949e-06,0.005138585144182625,0.0003658116512792564,10601,0.2782709434752862
473,0.2772252171112888,0.2786947384121604,0.0024405519393725364,0.0001,5.900967491531889e-06,0.004835764727096136,0.00039441916934950693,10645,0.2772252171112888
474,0.27855591142600955,0.27897743147311277,0.002268520557306478,0.0001,4.9033551855203034e-06,0.004322954155938785,0.0003731874816399615,10604,0.27855591142600955
475,0.2923099508886582,0.2792238843363446,0.0023156407985067775,0.0001,5.4182076396152995e-06,0.004679661580595045,0.0004014924989590486,10306,0.2923099508886582
476,0.2742446964225922,0.27962443364756384,0.002573694573085633,0.0001,6.139827173350294e-06,0.004771216629632306,0.00036912999170202844,10680,0.2742446964225922
477,0.2861300869678859,0.279921044137515,0.0024108448230449266,0.0001,5.7586607452451185e-06,0.004777296896257189,0.00037021571967078723,10529,0.2861300869678859
478,0.28532236019349116,0.28020539884904483,0.0025231496417421253,0.0001,6.031444645546957e-06,0.004780885402724276,0.0003518390622511411,10493,0.28532236019349116
479,0.2764395763833798,0.28062177192826737,0.0024762827832999546,0.0001,5.752162297000221e-06,0.004645804054199941,0.0003366996026835955,10695,0.2764395763833798
480,0.27286139356190797,0.2809272022727799,0.002410285274227846,0.0001,5.584870926839613e-06,0.004634199102119786,0.0003798516554120556,10778,0.27286139356190797
481,0.29159019746080794,0.28108557710801796,0.00226017102732036,0.0001,5.15489260065914e-06,0.004561506663299491,0.0003663421842823452,10375,0.29159019746080794
482,0.28486790075767954,0.2813550078348629,0.002616561184557374,0.0001,6.73270444093972e-06,0.005146223585884652,0.0003643094452720225,10487,0.28486790075767954
483,0.2798158920738618,0.2815661059564322,0.002296345725729733,0.0001,5.160440445014649e-06,0.0044944804148554455,0.0003628105410773006,10549,0.2798158920738618
484,0.27585122794901573,0.2818158854931322,0.0024459071251201584,0.0001,5.962701717322567e-06,0.004875656688746627,0.0003844182135544511,10678,0.27585122794901573
485,0.2797470854149584,0.282102088704287,0.0023626115287769664,0.0001,5.41406839360241e-06,0.004583121962843433,0.00037576791874464747,10606,0.2797470854149584
486,0.2858973513827161,0.2822942483364115,0.002362351553000301,0.0001,5.717552437187733e-06,0.004840560186671763,0.00034655287655448283,10383,0.2858973513827161
487,0.27807930024456184,0.28263911888065363,0.002535375585702259,0.0001,5.99015091216034e-06,0.0047252572328459665,0.0003678515495267258,10618,0.27807930024456184
488,0.27426634941800665,0.2829892682187107,0.0025386189906376005,0.0001,6.064304899841105e-06,0.004777640852925307,0.00037215464781759593,10680,0.27426634941800665
489,0.2872177321620041,0.283334678760573,0.0025908351373876586,0.0001,6.089729223222791e-06,0.004700977793101162,0.00038145439173735765,10435,0.2872177321620041
490,0.2784603007351401,0.2835680663562685,0.002258906929988997,0.0001,4.997007181695451e-06,0.0044242700886483995,0.0003633846920385973,10621,0.2784603007351401
491,0.2735878233269889,0.28395176910799824,0.002600346519511647,0.0001,6.123151247169081e-06,0.004709488678700426,0.0003962751901861301,10719,0.2735878233269889
492,0.2808504167527044,0.2841617106761945,0.0023256036566882523,0.0001,5.386481008337734e-06,0.004632329324772637,0.00036296539782189243,10616,0.2808504167527044
493,0.2811187603494797,0.2844420813634119,0.002553058815270463,0.0001,6.1195882350478925e-06,0.004793926562478822,0.0003837407577279761,10576,0.2811187603494797
494,0.28572786133832395,0.2846273732244565,0.002193504043582439,0.0001,4.840357470708314e-06,0.004413356323522451,0.000367122814204914,10458,0.28572786133832395
495,0.2920650340208323,0.28488627975531017,0.0023636916138470607,0.0001,5.453862387858602e-06,0.00461469876688532,0.0003837793206978898,10378,0.2920650340208323
496,0.28414649889980165,0.2851620393194498,0.0023365135110786743,0.0001,5.267050673116986e-06,0.004508470118527499,0.0003695523984985979,10475,0.28414649889980165
497,0.2845451021999782,0.28555740606501956,0.002614730472313033,0.0001,6.1461178837349875e-06,0.004701148320115788,0.0003643905748543265,10555,0.2845451021999782
498,0.28959161466260025,0.2858230075846374,0.0026110894718057638,0.0001,6.448587959989759e-06,0.0049393849039803895,0.00037266407781610266,10353,0.28959161466260025
499,0.2830118023845813,0.286123424974923,0.0024145291267798383,0.0001,5.410777718176714e-06,0.004481849200463242,0.00038908581738265094,10551,0.2830118023845813
500,0.2862142841799368,0.28639842191865644,0.0024775433664937893,0.0001,5.761305282703838e-06,0.004650820938692359,0.00035649239365126526,10524,0.2862142841799368
501,0.29199521175730425,0.2867475359595176,0.002328518041138845,0.0001,4.815283903222864e-06,0.0041359214901060225,0.00035830368940404424,10324,0.29199521175730425
502,0.2904848972827634,0.2869986250101223,0.0024818643265140513,0.0001,5.922546185978872e-06,0.0047726591036485015,0.00037555646582740116,10413,0.2904848972827634
503,0.28665209466303687,0.28725952344992933,0.0024280546515981134,0.0001,5.784423672403876e-06,0.004764656898144071,0.00035363910790601994,10474,0.28665209466303687
504,0.28998090160638795,0.2875387549632679,0.002234599532110677,0.0001,4.7271916421374245e-06,0.004230907215551401,0.0003844333253967766,10363,0.28998090160638795
505,0.2825837262736933,0.2878137427687979,0.0022757799147625443,0.0001,5.114017583036939e-06,0.004494298899347248,0.0003809289961941579,10536,0.2825837262736933
506,0.29117576312087423,0.28801330244470985,0.0023481347844777132,0.0001,5.351248127453872e-06,0.004557871347784774,0.0003864946397014995,10440,0.29117576312087423
507,0.28815936877780535,0.28836397688903087,0.0026605343449251284,0.0001,6.3284097490137625e-06,0.0047572471756171615,0.0003809795816356946,10445,0.28815936877780535
508,0.2809392020876309,0.28865833893878984,0.0025084536855879804,0.0001,5.9129033698142795e-06,0.004714381137500091,0.0003761026176272779,10546,0.2809392020876309
509,0.2915557321146866,0.288957332165673,0.0024547516794965435,0.0001,5.505078668495978e-06,0.004485242816597269,0.00036953504857997554,10352,0.2915557321146866
510,0.28029701037349386,0.28923930734613024,0.0024204540170187226,0.0001,5.581373965209785e-06,0.00461184052741012,0.0003759960783766492,10580,0.28029701037349386
511,0.29564247494372575,0.2894557204814474,0.0023367179613904437,0.0001,5.522210108837178e-06,0.004726466950723685,0.00037539870060414803,10226,0.29564247494372575
512,0.29192730346463014,0.28964135370059685,0.002230056183302362,0.0001,4.924165419029196e-06,0.004416180593026391,0.00036443012257969813,10236,0.29192730346463014
513,0.28552612340125894,0.28987667329564293,0.002260639298470955,0.0001,4.881466438130561e-06,0.004318660160806965,0.0003611862809752573,10515,0.28552612340125894
514,0.3032873144195227,0.2901216799687037,0.0023391708090705413,0.0001,5.1573566796807765e-06,0.004409559712084494,0.00037185969277744424,10163,0.3032873144195227
515,0.2870523255995733,0.2903551937491318,0.00232834641738382,0.0001,5.188252382945376e-06,0.00445659833451674,0.0003723760091944039,10446,0.2870523255995733
516,0.28775878670295124,0.2905351971687878,0.0023075163224720156,0.0001,5.354631622778608e-06,0.004641034666261647,0.00036643218845312895,10466,0.28775878670295124
517,0.2851489597627645,0.2907349644941186,0.002205320319864599,0.0001,4.9210831770712495e-06,0.0044629191802607535,0.0003818572809670552,10512,0.2851489597627645
518,0.3046453258043879,0.2910615457390731,0.0026513603668176606,0.0001,6.324816155625923e-06,0.00477099698312032,0.0003855416338393667,10041,0.3046453258043879
519,0.28801954290550397,0.2913326086218948,0.0023593895697944754,0.0001,5.180380046846768e-06,0.00439128841897697,0.00036685726148868227,10490,0.28801954290550397
520,0.29890179234944586,0.29167866272442455,0.0024942295834572345,0.0001,5.325621227701069e-06,0.00427035366994506,0.00040080903754790523,10254,0.29890179234944586
521,0.2920324736034958,0.29203617699320533,0.0025606993150713146,0.0001,5.618373173087123e-06,0.004388155329303591,0.0004098969549471838,10374,0.2920324736034958
522,0.28035554685588315,0.2922945184336245,0.002716948021284649,0.0001,6.848572336655926e-06,0.005041371629493104,0.00036765239764053855,10631,0.28035554685588315
523,0.2902747125463706,0.29259862655408075,0.0025340197216368165,0.0001,5.823498084128646e-06,0.004596253165991174,0.00036612256291966913,10392,0.2902747125463706
524,0.29433412601477915,0.2927714735508934,0.0022754159410255785,0.0001,4.95534725559861e-06,0.004355552904639606,0.00035672048018678783,10300,0.29433412601477915
525,0.28295492808619915,0.29299733842378833,0.0026425534516689693,0.0001,6.419158942143116e-06,0.004858300170306064,0.000401161760054862,10506,0.28295492808619915
526,0.29777092001587013,0.2931746601899729,0.002465811921907961,0.0001,5.787670195544609e-06,0.0046943322352552405,0.0003822013597609141,10239,0.29777092001587013
527,0.29917000121569437,0.2933370602000655,0.0022239083472308167,0.0001,5.107061152679958e-06,0.00459287016844845,0.0003558742728646507,10158,0.29917000121569437
528,0.2930163470123698,0.2935997524558496,0.0024013703594524738,0.0001,5.3334312778076556e-06,0.004441989763731163,0.00039192702733018887,10374,0.2930163470123698
529,0.29194126120933955,0.2937891668500647,0.002270063908976014,0.0001,5.036293127889319e-06,0.004437137745748403,0.0003771913781147561,10345,0.29194126120933955
530,0.29879605675071197,0.2940642535533989,0.0024991408699645066,0.0001,5.657052413330206e-06,0.004527197711276315,0.0003713149254733062,10186,0.29879605675071197
531,0.2941281762172858,0.29424181601752336,0.0022251734071435238,0.0001,4.78150052473763e-06,0.004297643059536369,0.0003662880803726904,10328,0.2941281762172858
532,0.2865127627589781,0.2944200322415433,0.0023616070468563998,0.0001,5.565506268955932e-06,0.004713321190639511,0.0003643463197064142,10517,0.2865127627589781
533,0.2956033020777834,0.29467830935097117,0.0023879092231462048,0.0001,5.244951381875364e-06,0.004392923592769448,0.0003778046550958274,10265,0.2956033020777834
534,0.2916672226701176,0.2949674324098244,0.0023506294634632616,0.0001,5.069112955304471e-06,0.004312983423457966,0.00035869661945658063,10353,0.2916672226701176
535,0.2938910493119898,0.29531253858967926,0.0025639248564197754,0.0001,5.93382005147234e-06,0.004628700436843718,0.00037056819710661715,10256,0.2938910493119898
536,0.2953116035871957,0.29549334489412366,0.0022155195581173514,0.0001,4.7245798834449e-06,0.0042649859407782745,0.0003602234379423958,10329,0.2953116035871957
537,0.2852648921553834,0.29579581072268996,0.0023673960599642067,0.0001,5.146153241126388e-06,0.004347522012184302,0.00037057117067739804,10544,0.2852648921553834
538,0.2960248449464618,0.2960892634801628,0.002513287392641734,0.0001,5.7123939517481515e-06,0.004545754670534367,0.0003784320718013367,10271,0.2960248449464618
539,0.2965545758660473,0.2963816200699936,0.002542944499329713,0.0001,5.85146943562736e-06,0.004602121231642869,0.0003794907041823114,10259,0.2965545758660473
540,0.3015782087768678,0.29671880991472444,0.002488367117860045,0.0001,5.377530847858044e-06,0.004322136238870276,0.00037856331740236763,10056,0.3015782087768678
541,0.29199206580031745,0.2968385004950816,0.002299244169221918,0.0001,5.336016241397453e-06,0.00464153943528599,0.00038265500804271897,10424,0.29199206580031745
542,0.2936636605576993,0.29711346299738844,0.0023463051430351782,0.0001,5.005190817666111e-06,0.004266444910222888,0.00037095739511644146,10278,0.2936636605576993
543,0.2859734005041713,0.29744391530816233,0.002637901503587376,0.0001,6.173084672647994e-06,0.004680299597428483,0.0003689640450239635,10504,0.2859734005041713
544,0.291784916875228,0.2976990404769555,0.002299610787056328,0.0001,4.912612922302096e-06,0.004272560339300377,0.00037772517256876205,10387,0.291784916875228
545,0.28638924772112506,0.29798674981297796,0.0024928111375345,0.0001,5.84756840532623e-06,0.004691545474327214,0.0003782432713091662,10432,0.28638924772112506
546,0.3000432490802295,0.29810579618561434,0.0019263903204467061,0.0001,4.24296217351375e-06,0.0044050908359317955,0.0003754161660569565,10138,0.3000432490802295
547,0.30296322010850313,0.2983589210675859,0.0023242847813559216,0.0001,4.986342527523115e-06,0.0042906467981210315,0.0003609637055213548,10101,0.30296322010850313
548,0.2984106265796315,0.29854752401186224,0.0023186155487312913,0.0001,5.183565502277183e-06,0.0044712591573135485,0.00039369201023968135,10251,0.2984106265796315
549,0.3042304831474248,0.29877620025066026,0.0023025588598755966,0.0001,4.964367659012164e-06,0.004312044087576879,0.0003929222249913555,10137,0.3042304831474248
550,0.3038721826902078,0.2990593457536528,0.00238238778825592,0.0001,5.185195104732354e-06,0.004352939626615776,0.0003822963097281899,10127,0.3038721826902078
551,0.30709865449762885,0.2991364430661076,0.0018155981963430144,0.0001,3.880948885826333e-06,0.004275118683906337,0.0003821196032869164,10063,0.30709865449762885
552,0.2909431842965025,0.2993331046415531,0.0024535231711987193,0.0001,5.686175415791645e-06,0.004635110426133492,0.0003855761521513882,10373,0.2909431842965025
553,0.30534375114676365,0.2995767004388509,0.002261557300887871,0.0001,4.731066592266256e-06,0.004183901588882027,0.00039399282317971235,10050,0.30534375114676365
554,0.29515126090593785,0.2998454795951168,0.0024298333416355768,0.0001,5.340499898569006e-06,0.004395774645988018,0.00037991621827535233,10247,0.29515126090593785
555,0.3008591157625685,0.30008143663461345,0.002387470040695243,0.0001,5.22967294831024e-06,0.004380932836155995,0.0004016858677294282,10075,0.3008591157625685
556,0.31014319401644563,0.3002129385021418,0.002189449433083068,0.0001,4.666147375608199e-06,0.0042623933716866656,0.00039045008621326106,10000,0.31014319401644563
557,0.3103102340968469,0.3004463235279662,0.0022718973283107975,0.0001,4.557084967746592e-06,0.004011699746251191,0.0003680228722355593,10005,0.3103102340968469
558,0.2944850588288056,0.3006158992243497,0.0022433400938464657,0.0001,4.907794963184311e-06,0.004375435518356319,0.0003880255094167947,10338,0.2944850588288056
559,0.2892157249677819,0.30086876723327,0.002500913924997178,0.0001,5.717906376542905e-06,0.004572653476308152,0.00038691512458612407,10458,0.2892157249677819
560,0.2977384413675939,0.3010948974267974,0.002291605448512613,0.0001,4.642460215554852e-06,0.0040517098775167265,0.00038290019832618564,10309,0.2977384413675939
561,0.2989556052398095,0.301294800353443,0.0022150845553526614,0.0001,4.522461143403669e-06,0.004083330482780286,0.0003648498691026052,10204,0.2989556052398095
562,0.29989018460412586,0.3014432805938915,0.0020959419926396662,0.0001,4.2393128376590536e-06,0.004045257791051735,0.0003728488728324557,10199,0.29989018460412586
563,0.29098587306472123,0.3016144564767175,0.002313770636952463,0.0001,5.0808392057231115e-06,0.004391826159930214,0.00036644643836170835,10323,0.29098587306472123
564,0.2968977016319586,0.3017209901699403,0.0021515860344920226,0.0001,4.49092624859389e-06,0.004174526304409827,0.00036681187305717943,10245,0.2968977016319586
565,0.30793452182338765,0.3019895712206469,0.0024495260830421427,0.0001,5.369145147565753e-06,0.004383823617748659,0.00039430871549363413,9968,0.30793452182338765
566,0.29613017682949894,0.30214410746246,0.0022071743241533883,0.0001,4.645262515396934e-06,0.004209239356006671,0.0003771895814203937,10270,0.29613017682949894
567,0.29849653498614526,0.30241292153731364,0.0023839641671053943,0.0001,5.0358461070938815e-06,0.004224766610656232,0.0003811764251073947,10209,0.29849653498614526
568,0.2929383551982515,0.30265007359278384,0.002355283141741395,0.0001,4.956553044591727e-06,0.004208880840481085,0.0003718364029790044,10318,0.2929383551982515
569,0.2904551921569739,0.30292390644031214,0.0023828417883748794,0.0001,4.971630160292158e-06,0.0041728579585494485,0.00038437164741192967,10398,0.2904551921569739
570,0.30320972550876457,0.303121458129478,0.002366058586574063,0.0001,5.16134804184413e-06,0.004362823533729575,0.0003991209623129626,10146,0.30320972550876457
571,0.3093026281139094,0.3034058034819291,0.002589991946441227,0.0001,5.9183077509586356e-06,0.004570136026168478,0.0004248251897675861,9978,0.3093026281139094
572,0.3094369941283249,0.30373805781471197,0.0025846930690143566,0.0001,5.614990240442138e-06,0.004344802334757179,0.0003647800633122683,9956,0.3094369941283249
573,0.3112723476580351,0.303925510247244,0.00247362225062242,0.0001,5.501519456773177e-06,0.00444814842313847,0.0003769468571115108,9940,0.3112723476580351
574,0.29918097196791427,0.3042481183815242,0.002669676232934022,0.0001,5.970469252108469e-06,0.004472803989079094,0.00037941460753295494,10201,0.29918097196791427
575,0.30259303480145866,0.3044328736491398,0.0022620033906927423,0.0001,4.697875016734031e-06,0.004153729420622396,0.0003719764893396689,10171,0.30259303480145866
576,0.30814728062857377,0.30444960099288687,0.0018027645377105747,0.0001,3.834222264016898e-06,0.004253713875341898,0.00037448275195020207,10009,0.30814728062857377
577,0.314309883884912,0.3044347692197715,0.0017432917634553262,0.0001,3.668613487082277e-06,0.0042088347618999,0.00037991520052650635,9896,0.314309883884912
578,0.29210088282081725,0.3045833459341302,0.002407657404446793,0.0001,5.518852332670798e-06,0.004584416638744217,0.0003897553916211576,10367,0.29210088282081725
579,0.3080060538343228,0.3048186377831775,0.002405263772345297,0.0001,5.168156519007946e-06,0.004297371937688679,0.0003770330055330699,10020,0.3080060538343228
580,0.3084804594623729,0.30501422533878536,0.002200969158300276,0.0001,4.387489955739546e-06,0.003986870910201971,0.00036193957610596776,10065,0.3084804594623729
581,0.3020881629884267,0.3052667858177958,0.0023933113862719155,0.0001,5.149690394943254e-06,0.004303401909573478,0.00038040238107962853,10180,0.3020881629884267
582,0.30396904576407907,0.3055858328259168,0.0026025129986928207,0.0001,5.7952977216821714e-06,0.004453616734742926,0.00039442129239620864,10077,0.30396904576407907
583,0.3049198448755268,0.3058132624203945,0.002353856830642996,0.0001,4.908373078532958e-06,0.004170494156343529,0.0003848397312001588,10080,0.3049198448755268
584,0.3192317086626324,0.30593958770745716,0.0021707837949804165,0.0001,4.538843619920308e-06,0.004181755576410366,0.0004093475988415577,9732,0.3192317086626324
585,0.305343918561245,0.30622034210137716,0.002596525525765395,0.0001,5.833998883206481e-06,0.004493696538174224,0.00038556417858573596,10048,0.305343918561245
586,0.3021317762762481,0.30634840778130107,0.0023643562703114076,0.0001,5.227833028870138e-06,0.004422204127622089,0.000390181990343445,10071,0.3021317762762481
587,0.30519710569332387,0.3066129090868836,0.00224193836611648,0.0001,4.351922277901718e-06,0.0038822853863196834,0.0003983007924615882,10035,0.30519710569332387
588,0.30759976210401707,0.30679416134400694,0.0021894033386610093,0.0001,4.531399048314792e-06,0.004139391740478568,0.0004033516907621416,10050,0.30759976210401707
589,0.2992443282762407,0.3069531423826848,0.0021285901723676146,0.0001,4.347104293754963e-06,0.004084491557075743,0.0003731809996733707,10202,0.2992443282762407
590,0.300529711109701,0.3070807643712808,0.002308001712535028,0.0001,4.917476623171404e-06,0.004261241745587979,0.0003723466034247769,10191,0.300529711109701
591,0.30596187287766485,0.3072320630466295,0.0021883827926764197,0.0001,4.521157424137758e-06,0.004131962140506804,0.0003823034878596979,10111,0.30596187287766485
592,0.30395828281126214,0.30747510715634924,0.0025059675314662525,0.0001,5.459781740668247e-06,0.004357424166205142,0.0003766466325953096,10119,0.30395828281126214
593,0.30475743266580674,0.3076964037685244,0.002490003725976174,0.0001,5.5508609939562425e-06,0.0044585162150953,0.0003638835023024374,10114,0.30475743266580674
594,0.31094191517171393,0.30794352965068117,0.002482218847055861,0.0001,5.269973028698969e-06,0.004246179207727506,0.0003932127945516314,9919,0.31094191517171393
595,0.30821669259591844,0.30816801568405894,0.0024930827688310862,0.0001,5.509363994918047e-06,0.004419720086149553,0.0003957851338116115,9994,0.30821669259591844
596,0.31107579916884015,0.3083347309448227,0.002119445783660119,0.0001,4.36711137700106e-06,0.004120993715120558,0.0003758043972353746,9925,0.31107579916884015
597,0.30960760417261635,0.30854884919035774,0.002353754230892325,0.0001,4.863059404528154e-06,0.004132172629327178,0.00040631374223802684,9964,0.30960760417261635
598,0.30502036174391234,0.30871163463317597,0.0023133394883460643,0.0001,4.844583482373223e-06,0.004188389561306359,0.00039950916189494503,9967,0.30502036174391234
599,0.3000995852398471,0.3088745425609069,0.002329125300120488,0.0001,4.964090443740268e-06,0.004262622061151859,0.00037255862871802474,10192,0.3000995852398471
600,0.31256672354067383,0.3090373085556509,0.002204957257657376,0.0001,4.421007199268331e-06,0.0040100615863777455,0.000358960572280118,9935,0.31256672354067383
601,0.3170123704475518,0.30915649213872826,0.0020774386241120307,0.0001,4.0843637391037066e-06,0.0039321149531909814,0.0003762577484865795,9828,0.3170123704475518
602,0.2988953646828725,0.30941612969435184,0.0024019158878500896,0.0001,4.965832145195921e-06,0.0041348926249376245,0.00039775566359295865,10194,0.2988953646828725
603,0.3131446057482674,0.30958222789086126,0.002339229381527179,0.0001,4.954753174898899e-06,0.00423622686516032,0.0003813185854535957,9972,0.3131446057482674
604,0.30729596272046544,0.3097580911216975,0.0023303184349131524,0.0001,4.919781640886875e-06,0.004222411467186653,0.00038518818633453635,9969,0.30729596272046544
605,0.32127518570756936,0.30985543798807635,0.002135876934085755,0.0001,4.321289625677973e-06,0.004046384467865107,0.0003719425764481668,9770,0.32127518570756936
606,0.3107311121525605,0.31006376505842204,0.002417121503875339,0.0001,5.230028526700445e-06,0.004327485000911381,0.00039433236477443305,9994,0.3107311121525605
607,0.3091497797103757,0.3101357756967808,0.0020514336510127564,0.0001,4.120540139705775e-06,0.004017229743376334,0.00039847418091719416,10012,0.3091497797103757
608,0.30000027850468447,0.3103395788245508,0.0021829587461389206,0.0001,4.326401483254277e-06,0.003963795917725464,0.0003922740135045751,10138,0.30000027850468447
609,0.308969705967141,0.3105598976979457,0.0023482161341576826,0.0001,4.766088616721109e-06,0.004059327033310525,0.0003739129137860732,10016,0.308969705967141
610,0.3142424479792211,0.3108073481244729,0.002586535823215752,0.0001,5.687679641359026e-06,0.0043979129075333865,0.0004020979762051445,9938,0.3142424479792211
611,0.3096945728879744,0.311006144018194,0.002378389308121935,0.0001,4.962125785523069e-06,0.0041726775079066825,0.00038985066233423316,10030,0.3096945728879744
612,0.30853493605731136,0.31108498535162293,0.0018288139778696515,0.0001,3.823749153071688e-06,0.004181670961992423,0.0003994915072691907,9930,0.30853493605731136
613,0.31653094126663317,0.31132310385867745,0.002369030162243881,0.0001,4.944442998302384e-06,0.004174233892927004,0.00038492162472070327,9744,0.31653094126663317
614,0.31463060561273426,0.311570036454456,0.0023810646993709865,0.0001,4.6912553958239305e-06,0.003940468645865218,0.0004119838712399482,9839,0.31463060561273426
615,0.31945244471763895,0.31182083925512116,0.0022745755803401514,0.0001,4.64989308286194e-06,0.004088580852667531,0.000373384326750151,9777,0.31945244471763895
616,0.31101747994836404,0.31191595402401795,0.002166109923257573,0.0001,4.450134388946852e-06,0.004108872168642647,0.0004025915697543762,9889,0.31101747994836404
617,0.31767098708126396,0.3121483090721518,0.0022236962444564055,0.0001,4.212391006101585e-06,0.0037886388634265347,0.0003456535717736608,9842,0.31767098708126396
618,0.3093515265992569,0.3123098553748123,0.0022566012442375868,0.0001,4.661334803254387e-06,0.004131287984669405,0.0003694967324441205,10099,0.3093515265992569
619,0.3091618415005981,0.3123266107488924,0.0017183786869958179,0.0001,3.42727306302263e-06,0.003988961326114225,0.00038480440666494774,10022,0.3091618415005981
620,0.32182752246757307,0.31251738300286613,0.002265428217488435,0.0001,4.348379627585677e-06,0.0038389030330049515,0.0003978192864232592,9719,0.32182752246757307
621,0.3166107847096421,0.3127791956664663,0.002409654814117867,0.0001,4.896685233523522e-06,0.0040642213190324634,0.00038034200502088864,9805,0.3166107847096421
622,0.31336221241652407,0.31291091137803484,0.0021835552994031093,0.0001,4.465349769335499e-06,0.004089980932066281,0.00037593007148225416,9912,0.31336221241652407
623,0.3171166930908805,0.3130804010312441,0.002325917462500714,0.0001,4.805430857413939e-06,0.004132073416093941,0.000371779180793135,9912,0.3171166930908805
624,0.3061011088129691,0.3132535613699768,0.002303947542214035,0.0001,4.723336201697707e-06,0.004100211584816467,0.00036469541138831854,9999,0.3061011088129691
625,0.3075846603703069,0.313482154792353,0.002254419826872584,0.0001,4.245228986453708e-06,0.003766138796200038,0.0003796893204021231,10005,0.3075846603703069
626,0.31012560937630784,0.31369174524126703,0.002193884093088633,0.0001,4.128858503958611e-06,0.003763971412132214,0.00038792047651620674,9897,0.31012560937630784
627,0.3220306686988704,0.3138536333029914,0.00219298764701024,0.0001,4.334519866052964e-06,0.00395307276077212,0.000396413262107007,9725,0.3220306686988704
628,0.3189056350725265,0.3140305165113814,0.0022299408876822434,0.0001,4.477486681692836e-06,0.004015789572203995,0.0003706086019528461,9778,0.3189056350725265
629,0.3106340808300152,0.3140181342052252,0.0018317516370389404,0.0001,4.067997065290816e-06,0.004441646982084106,0.0003931130850560155,9882,0.3106340808300152
630,0.31180657885919816,0.3141557587345497,0.002226151179648083,0.0001,4.503248424351916e-06,0.004045770534832952,0.0003706037313528635,9874,0.31180657885919816
631,0.31220140287500564,0.31430857312647387,0.0019974293014991874,0.0001,3.7867590147843856e-06,0.0037916325868877572,0.00039803007377894943,9927,0.31220140287500564
632,0.3191271997798609,0.3145831018776231,0.0024114491492638825,0.0001,4.76867826108326e-06,0.003955031158371259,0.00038151347161654035,9778,0.3191271997798609
633,0.30841598995355946,0.31477666353694883,0.0023081640342219223,0.0001,4.578658671029007e-06,0.0039673598610355815,0.00036863635274873147,10043,0.30841598995355946
634,0.3144750469406851,0.3148562371416654,0.001976273510524812,0.0001,3.7428300913007424e-06,0.003787765277799843,0.0003425874922094765,9778,0.3144750469406851
635,0.32439401173575066,0.3150969346937931,0.002338134183370393,0.0001,4.647370378997265e-06,0.003975281155419518,0.0003890842762873113,9677,0.32439401173575066
636,0.30274713852042,0.315225710383624,0.0022337582481678194,0.0001,4.6837370545806365e-06,0.004193593517492186,0.000386890447983114,10094,0.30274713852042
637,0.3128994761033457,0.31543775061172263,0.002435246358019778,0.0001,5.220688619325165e-06,0.00428760614065377,0.0003966108706341744,9965,0.3128994761033457
638,0.32463779870962206,0.31563348797648294,0.0024374279019045934,0.0001,5.3124530862721905e-06,0.004359064801154585,0.00038882314885202066,9638,0.32463779870962206
639,0.30618575048803554,0.31577450574518784,0.00216729735388915,0.0001,4.29674193110151e-06,0.0039650691432729646,0.00037204073197153907,10058,0.30618575048803554
640,0.31926814249977886,0.3158992719958999,0.002290277629652982,0.0001,4.647547042439026e-06,0.004058501015130827,0.0004067880399852291,9800,0.31926814249977886
641,0.31570435904633654,0.31604412346084443,0.0021615320445267706,0.0001,4.213540610244684e-06,0.003898661249009764,0.00039537447578893477,9827,0.31570435904633654
642,0.321110130308427,0.3162405977319897,0.00220817229737597,0.0001,4.137483934057417e-06,0.00374742853080269,0.00039220473726729306,9745,0.321110130308427
643,0.3019959836950451,0.31645736515740724,0.0022978261562207353,0.0001,4.636914950453192e-06,0.004035914499362812,0.0003813096598031365,10166,0.3019959836950451
644,0.31668953803383293,0.3166317215266416,0.002385792168469895,0.0001,4.938842677758371e-06,0.004140211995855322,0.0004066747214486003,9878,0.31668953803383293
645,0.2945206444058699,0.31678439925315194,0.0021340474540860782,0.0001,4.26502700760245e-06,0.003997124805670247,0.00039956713566995545,10262,0.2945206444058699
646,0.31465602306395213,0.3169518377281582,0.00236268826763258,0.0001,4.865066749679133e-06,0.004118246843079254,0.0003983548670740664,9960,0.31465602306395213
647,0.3080193045233869,0.31718498225312647,0.0025083904066802182,0.0001,5.161359883059754e-06,0.004115276369511126,0.00043125043340056006,10030,0.3080193045233869
648,0.31220865290387984,0.31726805111102413,0.0020707952791109304,0.0001,4.057703983650745e-06,0.003918981296299718,0.00040812661623781975,9923,0.31220865290387984
649,0.31683123676129044,0.3174543262388686,0.002405932346057654,0.0001,5.105439407329855e-06,0.004244042369433701,0.00039060477837759856,9807,0.31683123676129044
650,0.3263488404652052,0.31758127493089505,0.0021527206228081175,0.0001,4.376636667545552e-06,0.0040661445996986335,0.00039404572692679115,9682,0.3263488404652052
651,0.31569617147692947,0.3175308419546864,0.0016641724469379495,0.0001,3.476576361355219e-06,0.00417814435968107,0.00040094528619280886,9792,0.31569617147692947
652,0.30926165280582885,0.3177296969111322,0.002421423779217094,0.0001,4.948433920120253e-06,0.004087210146850218,0.00039324124924915545,9989,0.30926165280582885
653,0.320525870384458,0.31785092696607375,0.0021768194132992247,0.0001,4.321896221808908e-06,0.003970835794098848,0.000405138023082092,9760,0.320525870384458
654,0.3191022492598736,0.31798179861359377,0.00224284357843551,0.0001,4.417294146118842e-06,0.0039390122330333135,0.0003732168950032655,9769,0.3191022492598736
655,0.3167620186211272,0.3181433296944486,0.0022390432964288433,0.0001,4.500777308816321e-06,0.004020268224374959,0.00039802376083369206,9792,0.3167620186211272
656,0.3238541856899957,0.31827708960196543,0.002112994457383589,0.0001,4.027433438404988e-06,0.0038120624730761943,0.0003983435249901087,9730,0.3238541856899957
657,0.3221337946272846,0.3184601242228273,0.002433938246378256,0.0001,5.027180419538955e-06,0.0041309021927893935,0.0003939407962436723,9693,0.3221337946272846
658,0.3217116722325264,0.3187085554186061,0.002381585252160108,0.0001,4.819572608257932e-06,0.00404736517736374,0.0003669679687630952,9733,0.3217116722325264
659,0.3238415471700414,0.3187340938303495,0.0017878924635682761,0.0001,3.7262997875761056e-06,0.0041683712678548404,0.0003903280054238815,9728,0.3238415471700414
660,0.32905540424606183,0.31877116852308984,0.0019529252890957804,0.0001,3.6906557108547424e-06,0.0037796179213425464,0.0004109883076231011,9516,0.32905540424606183
661,0.3232364002171181,0.31897354021372426,0.0024718652806068804,0.0001,5.196029515385418e-06,0.004204136492511204,0.0003945477352534019,9713,0.3232364002171181
662,0.31835080323793286,0.3191255337717696,0.0021450705530055778,0.0001,4.1218321309639976e-06,0.003843073716329441,0.0003984524440400272,9849,0.31835080323793286
663,0.30645744917571127,0.31932827682269305,0.0022762999386261697,0.0001,4.488089168634852e-06,0.003943319676354758,0.0003973101851238881,10060,0.30645744917571127
664,0.32845541552234103,0.3194326874152325,0.002207593755890246,0.0001,4.480184267263018e-06,0.004058884706761923,0.00038139047713071765,9663,0.32845541552234103
665,0.3157406548919143,0.319600721633768,0.00232840657230325,0.0001,4.69525576261188e-06,0.004033020537274426,0.0004042053650384588,9876,0.3157406548919143
666,0.31437752074481007,0.31965481949515484,0.002047014812833701,0.0001,4.037279343488674e-06,0.003944553129930536,0.0003957988451822001,9835,0.31437752074481007
667,0.3390116978036634,0.31989043377545223,0.0024237754201911683,0.0001,4.857916598720231e-06,0.004008553398348332,0.0003817114669462742,9445,0.3390116978036634
668,0.31609234916477,0.32001159936875423,0.0021882981445726594,0.0001,4.390290136212163e-06,0.004012515522257154,0.0003891197428414738,9851,0.31609234916477
669,0.3189120364137096,0.3200564708173369,0.0021352630775578387,0.0001,4.5697315269735e-06,0.00428025152966166,0.0003718042387829947,9756,0.3189120364137096
670,0.32372010778025734,0.32015857356923283,0.0022146753816171495,0.0001,4.377872352291006e-06,0.003953511551741996,0.00040321512664422067,9702,0.32372010778025734
671,0.32743694562113446,0.3202938537788264,0.0019930289904114156,0.0001,3.5176111238700293e-06,0.003529914658335098,0.0003883876763234521,9681,0.32743694562113446
672,0.3283054002143408,0.3204470132839213,0.002203060655967349,0.0001,4.140740440963427e-06,0.003759079832638794,0.00036194576104702354,9587,0.3283054002143408
673,0.31447255393782403,0.32059540132044884,0.002313766796081412,0.0001,4.8499408717625216e-06,0.004192246928235262,0.00040715038317092327,9883,0.31447255393782403
674,0.3185281734802129,0.32076236106586775,0.0023987319253406534,0.0001,5.010396252963346e-06,0.004177537473056144,0.00038159879888831523,9739,0.3185281734802129
675,0.3218922775195594,0.3209373433479471,0.0022760063216811194,0.0001,4.663433192754245e-06,0.004097908822423401,0.0004104788776196,9770,0.3218922775195594
676,0.3080939618717301,0.3210995132831488,0.0021845144621957095,0.0001,4.223327252743108e-06,0.0038666049832401994,0.0003868283925602007,9990,0.3080939618717301
677,0.32781967242774046,0.32123155154284916,0.0022331449801466317,0.0001,4.406190021123984e-06,0.00394617461946843,0.000384480015453197,9608,0.32781967242774046
678,0.32834573553208934,0.32139747700559157,0.0021754177473080182,0.0001,4.130288205845881e-06,0.0037972368396432614,0.00037220873578556205,9578,0.32834573553208934
679,0.3138490794733796,0.32161182678273603,0.002306686702360701,0.0001,4.481276679988921e-06,0.0038854662624124097,0.00039306023394853744,9923,0.3138490794733796
680,0.318650648981711,0.3217705974818158,0.002328013299473319,0.0001,4.605044448006558e-06,0.003956201151469699,0.00038239389388062633,9735,0.318650648981711
681,0.32365393090686834,0.32202172003477175,0.0024070655667824815,0.0001,4.632939919609607e-06,0.0038494505372385396,0.00042077694337746977,9653,0.32365393090686834
682,0.31818453078576003,0.32217271667566394,0.002150925731810261,0.0001,4.1398767983488224e-06,0.00384939074104118,0.0003905043197298564,9775,0.31818453078576003
683,0.3236683228270135,0.32226599900957464,0.002240416929464602,0.0001,4.604301233367357e-06,0.0041102182123464465,0.0004098937608432528,9693,0.3236683228270135
684,0.3184413303859002,0.32231873700732094,0.001611413450602116,0.0001,2.9772764384684987e-06,0.003695235927633616,0.00039349714157536333,9835,0.3184413303859002
685,0.32237628566111465,0.32245099791354925,0.002501575134049458,0.0001,5.512934868592646e-06,0.004407570888881126,0.0004044275689923358,9661,0.32237628566111465
686,0.32208407048806964,0.3225512963508628,0.001797478044647178,0.0001,3.429609252982432e-06,0.0038160235260682918,0.0004066433425165916,9757,0.32208407048806964
687,0.324252274888909,0.3226833783838805,0.002336741824674104,0.0001,4.77474901471347e-06,0.004086672275298864,0.0003966214147493842,9672,0.324252274888909
688,0.32844917691652753,0.3228482255035603,0.002248490296365786,0.0001,4.311621899239802e-06,0.0038351260899000864,0.0003657494857913906,9598,0.32844917691652753
689,0.32748535700284165,0.3228996343513201,0.002076052331551955,0.0001,4.113768346791272e-06,0.003963068063622483,0.0003989016960032244,9557,0.32748535700284165
690,0.3259798606573469,0.32303483802650645,0.0021742897489584376,0.0001,4.160744586740321e-06,0.0038272218215014498,0.00037609090629470474,9649,0.3259798606573469
691,0.33435304267205157,0.3230936738434419,0.0021004310107367373,0.0001,4.147877024679752e-06,0.003949548453129019,0.0003850502742979402,9481,0.33435304267205157
692,0.3200887551425587,0.3233642000564437,0.0024822786603558443,0.0001,4.87627322161044e-06,0.003928868502548707,0.00037757569398815666,9760,0.3200887551425587
693,0.3302488085397056,0.3235951338062546,0.0022640951759702547,0.0001,4.097670415085241e-06,0.003619698022040286,0.0004023049578242445,9528,0.3302488085397056
694,0.32128604336328187,0.32374496102175865,0.0022586484614136896,0.0001,4.460576114784583e-06,0.0039497745585363965,0.00037738530594834407,9740,0.32128604336328187
695,0.31702053861172863,0.32386877562803523,0.0022493331552750307,0.0001,4.549256457736313e-06,0.0040449823513849965,0.00039654673529009363,9836,0.31702053861172863
696,0.32221622608336475,0.323988222251925,0.002232635613237735,0.0001,4.49110643503618e-06,0.004023143237891152,0.00041650320589660454,9741,0.32221622608336475
697,0.32566727834736364,0.32395920256258276,0.0017196478240223028,0.0001,3.506119499681492e-06,0.004077718066110285,0.0003875660021968064,9702,0.32566727834736364
698,0.3245232959026776,0.3239906372397894,0.0017470269355974314,0.0001,3.4721293850449723e-06,0.003974900803527229,0.0003957109482997997,9643,0.3245232959026776
699,0.3205614363636299,0.3241581080910802,0.002280620744939062,0.0001,4.446435885173155e-06,0.00389932073979443,0.0004054946003801775,9705,0.3205614363636299
700,0.31748667098555405,0.3243236860666107,0.0025094136652465235,0.0001,5.406622645708647e-06,0.004309072450338717,0.00041334109185563634,9805,0.31748667098555405
701,0.3250824968765089,0.32454438054726725,0.0022882831574792453,0.0001,4.249065759744912e-06,0.0037137587154429334,0.0003929808136715668,9674,0.3250824968765089
702,0.3224922620243216,0.3246446008560546,0.0021434562748854163,0.0001,4.041212688162182e-06,0.0037707442279205955,0.00041833373236246284,9638,0.3224922620243216
703,0.3254784063917531,0.3247352475436263,0.0021522852627468923,0.0001,4.360637683373887e-06,0.004052100117814815,0.0003660540859369056,9609,0.3254784063917531
704,0.32091824449586437,0.3248511527884167,0.0021236914841970132,0.0001,3.920530058700553e-06,0.003692184187650912,0.0003887616460877201,9681,0.32091824449586437
705,0.32748260476173086,0.32505357446848526,0.0023853446095236904,0.0001,4.706076360889031e-06,0.003945825137466194,0.0003942902202805364,9655,0.32748260476173086
706,0.3222143267859451,0.3250693991233334,0.001611570997262893,0.0001,2.990049530739186e-06,0.003710726410214024,0.0003951896165037346,9671,0.3222143267859451
707,0.3196746876201964,0.32525031713874997,0.00215313672185003,0.0001,3.826608011560509e-06,0.0035544496294434933,0.0003748963121257479,9778,0.3196746876201964
708,0.320642981435897,0.32544872643439654,0.002250610936447988,0.0001,4.261102215662231e-06,0.0037866182436554667,0.00040467456386936385,9708,0.320642981435897
709,0.3174300239477098,0.32561132841959756,0.0022794587584679736,0.0001,4.484916486777682e-06,0.003935071402469239,0.00038795329249028873,9825,0.3174300239477098
710,0.33135018684938816,0.32582205946243165,0.0024435141157372157,0.0001,4.717509466399576e-06,0.003861250021857384,0.0003990711842685965,9541,0.33135018684938816
711,0.3257339682793335,0.32592733083001124,0.0021779184693794524,0.0001,4.263637880797542e-06,0.003915332865524912,0.00041008160768612464,9622,0.3257339682793335
712,0.32357993215893077,0.32602046808792157,0.0021376318782122183,0.0001,4.2660287127600065e-06,0.003991359556564853,0.00039640882925058053,9660,0.32357993215893077
713,0.32895918747893715,0.32622081898295124,0.002170608286564897,0.0001,3.855816178867505e-06,0.003552751735753797,0.0004011865261177363,9619,0.32895918747893715
714,0.3307065228430852,0.3262066190828404,0.0018584906208109772,0.0001,3.6188456066100454e-06,0.0038943921116275666,0.0003941841555981313,9561,0.3307065228430852
715,0.3256055633122087,0.32636319612385917,0.0024739843328576944,0.0001,5.048411459728326e-06,0.004081199215919784,0.00041971302041315283,9638,0.3256055633122087
716,0.31978015730145354,0.32642076811753656,0.002050911500183562,0.0001,3.897415419227574e-06,0.0038006666000739136,0.000396710015086846,9761,0.31978015730145354
717,0.3260326409288068,0.3266146546465704,0.002276748316649637,0.0001,4.2646187339998986e-06,0.003746236422193143,0.00040792908609351287,9590,0.3260326409288068
718,0.3248836558177319,0.32680722329194994,0.0023499453111923523,0.0001,4.529930467452244e-06,0.003855349693354163,0.00037855100668269636,9655,0.3248836558177319
719,0.32481995193621316,0.32690843380241164,0.002146399805762961,0.0001,4.1083671995430655e-06,0.003828147196540303,0.0003960483643273951,9619,0.32481995193621316
720,0.3168022000043146,0.32704931704176154,0.002206561252057128,0.0001,4.257325956846574e-06,0.003858787924312152,0.00038396144573306644,9789,0.3168022000043146
721,0.32125768604808325,0.3272336002360612,0.0022831256504267186,0.0001,4.387385633228282e-06,0.003843315090790799,0.0003856705924406573,9660,0.32125768604808325
722,0.33300252945279185,0.3274642086917885,0.002301163099493649,0.0001,4.070191585371648e-06,0.0035375081290563524,0.0003968109569676395,9426,0.33300252945279185
723,0.3167681740541062,0.3274308658843432,0.0017055060173998334,0.0001,3.344484537770565e-06,0.0039219850339425625,0.00039605654033646843,9733,0.3167681740541062
724,0.32932119639993396,0.3275607871735595,0.0021976055126893177,0.0001,4.070639590487314e-06,0.003704613559606403,0.0003911401691934947,9606,0.32932119639993396
725,0.3282674061055605,0.3278492845810678,0.0025910125256211154,0.0001,4.967168519331052e-06,0.0038341524560097026,0.00041977144455089896,9569,0.3282674061055605
726,0.32758044016575083,0.32800545089577776,0.0021467142006633263,0.0001,4.00231793237206e-06,0.003728785071748591,0.0003684581705309448,9537,0.32758044016575083
727,0.339105318129419,0.3281729137405014,0.002371663979958263,0.0001,4.651211479804256e-06,0.003922319113592229,0.0004161227746668227,9361,0.339105318129419
728,0.32425557414400785,0.3282229976369816,0.002124682035455401,0.0001,4.129883930266613e-06,0.0038875312741856183,0.00039677873645944424,9700,0.32425557414400785
729,0.33455939680172986,0.32822104361362037,0.0019117919276554094,0.0001,3.7294785490496616e-06,0.0039015527737094624,0.0003792013718210391,9435,0.33455939680172986
730,0.3262685254039295,0.3282486208384507,0.002018885817442359,0.0001,3.7582560307187274e-06,0.0037230991453294795,0.0003626344581227706,9628,0.3262685254039295
731,0.3282716282938718,0.3284790697581553,0.00240195752281711,0.0001,4.67375040282121e-06,0.0038916178645321347,0.00038079509400899147,9554,0.3282716282938718
732,0.3309020027680906,0.32848652235151615,0.002008491071385546,0.0001,3.821986934072038e-06,0.003805829150572686,0.0003982725627029875,9575,0.3309020027680906
733,0.32146122536864935,0.328597605910326,0.0021891745468678625,0.0001,4.2472773605864475e-06,0.0038802546527531966,0.0003903610241190161,9834,0.32146122536864935
734,0.33382448376641805,0.3286118067885374,0.00227507740973647,0.0001,4.946806541580233e-06,0.004348692945927706,0.0003857382284229272,9453,0.33382448376641805
735,0.3297109971533472,0.32868429525643883,0.0020412310604289827,0.0001,3.751064429910231e-06,0.0036752962490409205,0.0003855000016019695,9532,0.3297109971533472
736,0.32108032817653653,0.32879059442533876,0.0023307354590710273,0.0001,4.821063825966327e-06,0.0041369463936399556,0.00038189666366483305,9734,0.32108032817653653
737,0.3309054417188021,0.3289774794935979,0.0024617615981847654,0.0001,5.084560996576749e-06,0.004130831352902705,0.0003871126844589397,9582,0.3309054417188021
738,0.3345589255777247,0.32918180633102984,0.0021080246633197906,0.0001,3.5341699044938254e-06,0.003353063145787005,0.0004209936998819138,9466,0.3345589255777247
739,0.3310405287934015,0.32932563742453197,0.0023881334437624094,0.0001,4.807119541311537e-06,0.00402583829967065,0.0004103353996192423,9470,0.3310405287934015
740,0.34018639595376865,0.32943795057958314,0.002285077847114334,0.0001,4.373787157861165e-06,0.0038281296747806797,0.0004287283677410693,9397,0.34018639595376865
741,0.33321556869728286,0.32949549608788437,0.0022332741710536334,0.0001,4.226805010563354e-06,0.0037852987916563727,0.0003656092105828841,9548,0.33321556869728286
742,0.33212520669297974,0.32946365028826674,0.0015704061243674713,0.0001,3.063883424473827e-06,0.0039020268412515258,0.000412410375634576,9467,0.33212520669297974
743,0.34002655850083474,0.3295451009540849,0.0021293586711381754,0.0001,4.031989873580243e-06,0.003787046239067916,0.0003832402082265787,9340,0.34002655850083474
744,0.3285607378902543,0.3296609306374306,0.0023150855727434266,0.0001,4.544515225088677e-06,0.003926001940138505,0.00039398938133312645,9635,0.3285607378902543
745,0.3219430092940595,0.329770493339128,0.002115995069445119,0.0001,3.941281562130985e-06,0.0037252275480627785,0.00038649519575639747,9754,0.3219430092940595
746,0.3327897153875514,0.32987728958771356,0.0020013336738269275,0.0001,3.689606294128507e-06,0.003687147568024759,0.00039392401983595404,9454,0.3327897153875514
747,0.3281229625664361,0.32999527178472904,0.002187243775644082,0.0001,4.077725535589157e-06,0.0037286429441440575,0.00039314958892490355,9600,0.3281229625664361
748,0.3370111931045099,0.3300862706321787,0.0021386522875759873,0.0001,4.00451851184365e-06,0.003744899098471489,0.00039005489971157144,9415,0.3370111931045099
749,0.33001466909103794,0.3301134802280111,0.0020884762772659074,0.0001,4.172365941935527e-06,0.0039956076948096395,0.00040645498406092183,9563,0.33001466909103794
750,0.33688623423748487,0.330231825111555,0.002291186938911323,0.0001,4.5210776045477265e-06,0.003946493869850667,0.0003824387673919056,9432,0.33688623423748487
751,0.33252088553162873,0.3301204417764547,0.0018122970471971317,0.0001,3.908076593556925e-06,0.0043128433052419205,0.0003815401701147235,9518,0.33252088553162873
752,0.3312365072236771,0.33021595836001355,0.002113400255136907,0.0001,3.888163092058015e-06,0.003679533096115896,0.0004025656709772619,9557,0.3312365072236771
753,0.33189184628644885,0.33023194547560164,0.001655759366987484,0.0001,3.164694210714091e-06,0.003822649925842772,0.0004019092808823989,9543,0.33189184628644885
754,0.32395306871958096,0.33044610871344043,0.002462951668516871,0.0001,4.876305656579519e-06,0.00395972500712197,0.00039335196038161214,9731,0.32395306871958096
755,0.3340994384185007,0.3305007761280499,0.0020042838377514922,0.0001,3.5689739813261903e-06,0.0035613458673897677,0.0003917261610983793,9504,0.3340994384185007
756,0.33523450737241234,0.33068165022412593,0.0023301854224564,0.0001,4.183510718852225e-06,0.0035907105748195045,0.0003923736866879878,9374,0.33523450737241234
757,0.33010519437221575,0.33089102939322923,0.0023526822971090947,0.0001,4.3100901879747246e-06,0.0036639797844960492,0.0003794698336612878,9542,0.33010519437221575
758,0.33195705543426757,0.33091809626136126,0.0020021444307430436,0.0001,3.738304822659758e-06,0.003734300847888765,0.00039236865035609025,9542,0.33195705543426757
759,0.3388040496588154,0.33110061675387215,0.0022323570943680315,0.0001,3.973104112381384e-06,0.003559559644292615,0.00038890822959839204,9389,0.3388040496588154
760,0.3287988266430044,0.3311983301684219,0.0023178971719402456,0.0001,4.6042627685509e-06,0.003972792947235708,0.00039905553433281133,9601,0.3287988266430044
761,0.3214892547579735,0.3313246312016112,0.002211317945906614,0.0001,4.215332488038618e-06,0.003812506922255706,0.0004048048696336311,9681,0.3214892547579735
762,0.33272056543552225,0.33140109048154637,0.0019912721898704615,0.0001,3.4603101038774076e-06,0.0034754767544888094,0.00037305566387048215,9548,0.33272056543552225
763,0.3268006037893467,0.3314230546462565,0.0019601200770422563,0.0001,3.6517966634395116e-06,0.003726094851239856,0.00039873174426366647,9598,0.3268006037893467
764,0.33144887046833843,0.331576938798589,0.002231435701838207,0.0001,4.192779630066352e-06,0.0037579210788932296,0.0003959683165012718,9526,0.33144887046833843
765,0.32631318267476017,0.33163638432479453,0.0020612449249362247,0.0001,3.8022810705508223e-06,0.0036893054527893775,0.00037843289571912674,9567,0.32631318267476017
766,0.3291954409145795,0.3316888174271023,0.0021350187102710865,0.0001,4.0778181557237186e-06,0.0038199366929257046,0.00039710586060669444,9510,0.3291954409145795
767,0.328346127596638,0.3315137601000868,0.0017851530925196693,0.0001,3.4697395803404696e-06,0.0038873299941385724,0.00040675577800333056,9619,0.328346127596638
768,0.3287753335257939,0.3316812921505448,0.002256974127421952,0.0001,4.16290861756645e-06,0.0036889289664313223,0.0004015416744782023,9615,0.3287753335257939
769,0.31983079365614586,0.33172189922172607,0.002124307340776469,0.0001,4.123201203283128e-06,0.0038819252978488806,0.0003751532633005257,9785,0.31983079365614586
770,0.3293054120875587,0.33189277156613894,0.002135232075057295,0.0001,3.759903247132915e-06,0.0035217747907163918,0.0003936949830035899,9579,0.3293054120875587
771,0.3296720917737724,0.3319746223348764,0.0022337778936143866,0.0001,4.4070160475451815e-06,0.003945796097403725,0.000394886758461651,9506,0.3296720917737724
772,0.3369507898293929,0.3322192599524148,0.0024008563016245607,0.0001,4.308148121605926e-06,0.003588842962980149,0.0003903265084273635,9402,0.3369507898293929
773,0.3323206871538268,0.33228544352772704,0.002186220880118061,0.0001,4.080173999215951e-06,0.0037326274177708987,0.00040257174815019973,9565,0.3323206871538268
774,0.33025103824565544,0.33238564813285254,0.002177794335668273,0.0001,4.2711629632239855e-06,0.003922466775921104,0.00040699720900058613,9629,0.33025103824565544
775,0.3280300921812136,0.33234555072687094,0.0015441780340130812,0.0001,2.868702072756523e-06,0.003715506903438081,0.0003780538458551154,9548,0.3280300921812136
776,0.322695319689703,0.3325640004328164,0.002227961198566526,0.0001,3.815637068677221e-06,0.003425227576792816,0.00039050028915764667,9750,0.322695319689703
777,0.33300507394586704,0.3327286693139405,0.0021970053978007664,0.0001,3.798118808724931e-06,0.0034575416269135265,0.00037596279695462456,9389,0.33300507394586704
778,0.3341891700130166,0.33269091503702225,0.0016260165767552476,0.0001,3.1225142378422905e-06,0.0038406917647461343,0.0003652801240871629,9450,0.3341891700130166
779,0.3288781446537552,0.33280270419912256,0.0021619639032943636,0.0001,4.094297106580688e-06,0.0037875721239765997,0.0003932299280209496,9598,0.3288781446537552
780,0.3343819625336486,0.3328277310684742,0.002168444279046661,0.0001,4.219413032447238e-06,0.0038916499475857118,0.00041329486927498395,9466,0.3343819625336486
781,0.3319366866068373,0.3329592863212733,0.0022901720128997616,0.0001,4.358140104774423e-06,0.0038059500161791333,0.00039550312825607233,9481,0.3319366866068373
782,0.3292786629438663,0.33303294748138174,0.002120942947893986,0.0001,4.105750093442191e-06,0.0038716270963526293,0.0004082101015968571,9563,0.3292786629438663
783,0.3392879147160677,0.33301350424853055,0.0017020434216835128,0.0001,3.277464585675041e-06,0.0038512114837038155,0.0003983000172888096,9420,0.3392879147160677
784,0.3247780634741548,0.33304799990114237,0.0020358507616051527,0.0001,3.806964932751669e-06,0.0037399253467381792,0.00038839779229103314,9687,0.3247780634741548
785,0.3329847133047412,0.33304464056235683,0.0019032549438246671,0.0001,3.689797822074432e-06,0.0038773553002412124,0.00039855449235141985,9413,0.3329847133047412
786,0.33525577403939977,0.3332740235856958,0.0023825398574804997,0.0001,4.3684448079203496e-06,0.003667048670102766,0.0003856818897198645,9430,0.33525577403939977
787,0.33741704788916727,0.3332468852727495,0.001472887568067243,0.0001,2.547756091041958e-06,0.00345953913425338,0.00038015948181958816,9398,0.33741704788916727
788,0.34004207859211366,0.33328784656990507,0.001999468565919983,0.0001,3.6512482031964463e-06,0.0036522186599282263,0.00040876852207958166,9348,0.34004207859211366
789,0.3375874033665468,0.33346862122709175,0.0022664838598155123,0.0001,3.949178852903586e-06,0.003484850629578313,0.0003886365518936054,9361,0.3375874033665468
790,0.33543853827220393,0.33358024303598893,0.0021615131187897887,0.0001,3.8665751475624105e-06,0.003577655961419535,0.0004294824102833291,9443,0.33543853827220393
791,0.3287995639939876,0.3336936098443939,0.002221586506855012,0.0001,4.198373773665041e-06,0.003779617638755346,0.00040338315173427244,9580,0.3287995639939876
792,0.3401762802979257,0.3338167287690132,0.002425648470823164,0.0001,4.827270183290499e-06,0.003980189414381486,0.00038156344306121355,9320,0.3401762802979257
793,0.3202126020793985,0.3338093328361502,0.0016804051175104704,0.0001,3.193675516632265e-06,0.0038010780654652047,0.0003975597998965919,9728,0.3202126020793985
794,0.3392052428273717,0.3340001709319712,0.002376696330811333,0.0001,4.297419205056559e-06,0.003616296410563775,0.00038775987403869114,9362,0.3392052428273717
795,0.32770696332304855,0.33406180365506444,0.0021423651892227133,0.0001,4.145812479094961e-06,0.003870313520729986,0.00040262449979734915,9589,0.32770696332304855
796,0.3228724399599268,0.33420444455461185,0.0023174550410341496,0.0001,4.426923352374699e-06,0.0038205041944625717,0.00038909613412273973,9634,0.3228724399599268
797,0.32442412274413573,0.33424551706660965,0.0019692654888198865,0.0001,3.5857362484005026e-06,0.0036416991703331096,0.00040027016215838225,9666,0.32442412274413573
798,0.34098605865873177,0.3343405582491248,0.0022962869973929597,0.0001,4.390587168608555e-06,0.0038240752776924794,0.00039949239054126555,9373,0.34098605865873177
799,0.3365191523690513,0.33439068193604865,0.0020626154862429485,0.0001,3.7028538616032966e-06,0.0035904451278488568,0.0004003925437859372,9373,0.3365191523690513
800,0.33357559619817445,0.3345176431906181,0.002194591876721086,0.0001,3.968947575757957e-06,0.003617025669199063,0.0003886093326799715,9479,0.33357559619817445
801,0.3352719832338429,0.3346165593778662,0.0022518539952779953,0.0001,4.327937779076894e-06,0.003843888447610124,0.00038244531745502627,9467,0.3352719832338429
802,0.33815706736415974,0.3347008617178846,0.0021508132647653994,0.0001,3.8998724633667994e-06,0.003626416599948001,0.0003598071952626335,9369,0.33815706736415974
803,0.34418501348409314,0.33489139344596613,0.0022770800561384384,0.0001,3.926097177759093e-06,0.0034483611300141306,0.0004072752462612254,9286,0.34418501348409314
804,0.3335097057641789,0.3350445602912433,0.0022934622779461717,0.0001,4.292572214966063e-06,0.0037433118096105097,0.0004047702209782189,9553,0.3335097057641789
805,0.3381391567064269,0.33507512453410665,0.0020352336923623792,0.0001,3.933517149525525e-06,0.0038654206288809318,0.00040043102453018466,9360,0.3381391567064269
806,0.3412390080391988,0.3350648937127814,0.001547471231602887,0.0001,2.7766432128702513e-06,0.0035886201386686523,0.0003852133622090806,9297,0.3412390080391988
807,0.32831972094551487,0.33516142148591616,0.0020570501754470076,0.0001,3.6735610614940535e-06,0.003571678615662129,0.0004217498928361302,9629,0.32831972094551487
808,0.3321881089944111,0.3352558167332671,0.0022546032713031627,0.0001,4.196169270999823e-06,0.003722312767313988,0.00041578411122745345,9546,0.3321881089944111
809,0.33138288252902215,0.3352906413234646,0.0017247401653899944,0.0001,3.2297520324144465e-06,0.0037452041730403392,0.00039102820924015084,9541,0.33138288252902215
810,0.33706030710637713,0.33543704632198995,0.0020873728692570545,0.0001,3.6088907508927045e-06,0.0034578304662714085,0.0003952332451132367,9383,0.33706030710637713
811,0.3289211096167869,0.33543058138808,0.001794295223821894,0.0001,3.5725433079589537e-06,0.003982113155659352,0.00040807938625730516,9595,0.3289211096167869
812,0.33451930339393027,0.3355649420364135,0.002344033102980031,0.0001,4.586959422249767e-06,0.003913732631521496,0.00042008102679617714,9444,0.33451930339393027
813,0.33654691759748434,0.3356544474260518,0.0022105019850704685,0.0001,4.2001091704263505e-06,0.003800140600455018,0.0004045340010289506,9381,0.33654691759748434
814,0.3342206664999635,0.3358405202989054,0.002206103298808008,0.0001,3.851494887198819e-06,0.003491672297738588,0.0003996480027669503,9427,0.3342206664999635
815,0.3318506664633886,0.33594691518521497,0.0022695812124358334,0.0001,4.535417854089149e-06,0.003996700209922431,0.0003819830585166756,9476,0.3318506664633886
816,0.33528802780665823,0.3360344858578432,0.002215153785793055,0.0001,4.213084445218929e-06,0.00380387535370199,0.0003866770460388046,9463,0.33528802780665823
817,0.3247512341395302,0.3361435031328344,0.00221795238001169,0.0001,4.161599368551634e-06,0.0037526498819868254,0.00038336361816091016,9683,0.3247512341395302
818,0.33554426695281864,0.33633028562286726,0.0022790693883206377,0.0001,4.237635392863568e-06,0.0037187418817345662,0.00041364889960354223,9402,0.33554426695281864
819,0.3307604698983961,0.33650745363544476,0.0023183249469060255,0.0001,4.29065209158958e-06,0.0037015105214786813,0.00039691482207232346,9508,0.3307604698983961
820,0.33799728049813405,0.3367210640066005,0.002351143877031086,0.0001,4.221889163729074e-06,0.003591349049263864,0.0003697859875931344,9383,0.33799728049813405
821,0.3320765287241805,0.33687506133417594,0.0024066064348716634,0.0001,4.615006098420255e-06,0.0038352811091576407,0.0004023333756092095,9524,0.3320765287241805
822,0.33579000765002043,0.33675447478564974,0.0015854382443828113,0.0001,3.1567597429629713e-06,0.003982191995364477,0.00040387304370359875,9350,0.33579000765002043
823,0.33610879205394667,0.33692786524696056,0.0022938726621736572,0.0001,4.142563888953753e-06,0.003611851657910505,0.0004111318976004663,9396,0.33610879205394667
824,0.33563955116566524,0.3371006341004795,0.0023312962767836954,0.0001,4.29873723199899e-06,0.003687851496875906,0.00040543433688545777,9452,0.33563955116566524
825,0.3504252378276741,0.3371965037565563,0.002179300106336445,0.0001,3.948291208154e-06,0.0036234488280655866,0.00039814443884575413,9133,0.3504252378276741
826,0.3485312070757808,0.3372748398071732,0.002181716185919187,0.0001,4.023999051416572e-06,0.0036888382433860937,0.00037748722090465153,9159,0.3485312070757808
827,0.33747794864406866,0.33738386805116405,0.0021274155534244635,0.0001,3.785125573687416e-06,0.003558426154772222,0.0003910963109917017,9439,0.33747794864406866
828,0.33392632099684694,0.33755492296127937,0.002315477583363003,0.0001,4.155906889777964e-06,0.003589675771114069,0.00037603124829477177,9510,0.33392632099684694
829,0.33685346111760817,0.3376304522670102,0.0023205850570245552,0.0001,4.573306227351196e-06,0.003941511399039231,0.0003822042518713139,9477,0.33685346111760817
830,0.33480438002386637,0.33768866841552136,0.0020703225434215164,0.0001,3.764306544793307e-06,0.0036364445305920585,0.0004029218543182666,9454,0.33480438002386637
831,0.3325203838476005,0.33775415989074914,0.0023108737445493733,0.0001,4.5920830013819e-06,0.003974326171832784,0.0003946485200229278,9376,0.3325203838476005
832,0.3314480215845447,0.3378069220459894,0.0021238109371175197,0.0001,3.9757011349237496e-06,0.0037439313127557885,0.00039700489563453427,9560,0.3314480215845447
833,0.3409555517261773,0.3379068006535968,0.0021617388879669784,0.0001,4.070475261108018e-06,0.003765926850616193,0.0003890378412222322,9341,0.3409555517261773
834,0.34481049724559815,0.33794398055233543,0.0020719601244818444,0.0001,3.7141656658322597e-06,0.0035851709904514664,0.00039718427497861987,9268,0.34481049724559815
835,0.3414678933599704,0.33816651462467756,0.00236861019177529,0.0001,4.066865568768996e-06,0.0034339678034745356,0.000417197657922403,9293,0.3414678933599704
836,0.34363792539909965,0.33826950309725773,0.0022527874212385367,0.0001,4.160098257338519e-06,0.0036932896713808725,0.0003998341924399508,9215,0.34363792539909965
837,0.3380860212355695,0.3383895121656204,0.0021963852922280876,0.0001,3.854387838772347e-06,0.003509755644796115,0.000423881602244042,9366,0.3380860212355695
838,0.33066880160635603,0.3385203921908087,0.0023459488347210944,0.0001,4.505608550069673e-06,0.003841182282737497,0.0004124532796763508,9588,0.33066880160635603
839,0.3437835208020307,0.33856196364748525,0.0019302034997736987,0.0001,3.233326205139222e-06,0.003350243853063477,0.00037855449227574347,9228,0.3437835208020307
840,0.33793324147839043,0.33871852048821993,0.0022535737312664506,0.0001,3.980189488312794e-06,0.003532335714683742,0.00044593681982309165,9442,0.33793324147839043
841,0.3385203577280297,0.3387362515724847,0.00173090138388297,0.0001,3.242795458409102e-06,0.0037469442090738475,0.00039310217987861286,9405,0.3385203577280297
842,0.33711174331296834,0.33869493156382413,0.00164233994224698,0.0001,3.029293836718288e-06,0.0036889973370235847,0.00039752226135075146,9398,0.33711174331296834
843,0.3395799236589623,0.3388249123078096,0.002135317887959389,0.0001,3.800851076008685e-06,0.0035599861710903925,0.00036463450808598303,9317,0.3395799236589623
844,0.3405429107317509,0.33894819854805164,0.0022859084656481204,0.0001,4.305050094122243e-06,0.0037665988457693017,0.0003933884676450808,9321,0.3405429107317509
845,0.34694435909309546,0.3390093224838311,0.0022192641100614676,0.0001,4.052979986038004e-06,0.003652544073202489,0.00041137119360329675,9169,0.34694435909309546
846,0.3386801498414226,0.33917576603220934,0.0024530759666903,0.0001,4.737681966301537e-06,0.0038626459438136666,0.0003948972188106773,9400,0.3386801498414226
847,0.3452695854375442,0.33913423454150105,0.0017345780915440819,0.0001,3.283353540566333e-06,0.003785766183226223,0.000385073719902972,9248,0.3452695854375442
848,0.35185462442200677,0.339321031994001,0.002306840532375076,0.0001,4.0307363400569675e-06,0.0034945946921671293,0.0003811416632548337,9174,0.35185462442200677
849,0.34058723991395884,0.3394721318905903,0.002435280554772468,0.0001,4.598804191356238e-06,0.0037768167469196656,0.0004089055212068347,9413,0.34058723991395884
850,0.33954364073489907,0.3395275947036926,0.002132471725477003,0.0001,3.888858543179582e-06,0.003647277942041364,0.0004145719687858779,9371,0.33954364073489907
851,0.3421334095704422,0.33953268032832196,0.002212589054857158,0.0001,4.3252671987215125e-06,0.003909688687310935,0.0004110901303789301,9320,0.3421334095704422
852,0.3429009926723531,0.339655360381639,0.0023096004390177386,0.0001,4.189974654286147e-06,0.003628311272808834,0.00036815819520323286,9332,0.3429009926723531
853,0.3325184105963086,0.3396696564838617,0.0018709503935179644,0.0001,3.146747142779169e-06,0.003363795377666121,0.0004115145045495056,9483,0.3325184105963086
854,0.33590315406899696,0.3396661715757905,0.002194698332548889,0.0001,4.411565474588441e-06,0.004020202147294582,0.0004308714614513838,9371,0.33590315406899696
855,0.3339615117567466,0.33965513463430597,0.0022434633249396323,0.0001,4.380366102253289e-06,0.003905003530531222,0.0003912736961839558,9432,0.3339615117567466
856,0.3435089114328584,0.33958944947444214,0.0015267957417246698,0.0001,2.7356045050559942e-06,0.003583458389746166,0.00040287596719850555,9267,0.3435089114328584
857,0.3293077727685372,0.33965017405195325,0.0022298712462836784,0.0001,4.284931845272627e-06,0.003843210097815225,0.0004119292432792311,9558,0.3293077727685372
858,0.3445966630687818,0.33987344433034566,0.002422898225926464,0.0001,4.436417566197164e-06,0.003662075046095486,0.00041965398190128703,9249,0.3445966630687818
859,0.3444606864768749,0.3398937242440754,0.0021281979393521903,0.0001,4.208278763007021e-06,0.0039547813529863625,0.0004056944215737185,9277,0.3444606864768749
860,0.3341409329982553,0.3398905877732679,0.0017754586433805066,0.0001,3.5343958008890466e-06,0.003981389050166205,0.00036239774549385136,9434,0.3341409329982553
861,0.33463113281432194,0.34003054258308063,0.002268627244438034,0.0001,4.0894896662698494e-06,0.0036052548309079887,0.0003674634124196051,9457,0.33463113281432194
862,0.3477267337326987,0.3401721874470213,0.002082572707678158,0.0001,3.4251151190230227e-06,0.0032893114429043426,0.0003839700967692952,9187,0.3477267337326987
863,0.3463318774411682,0.34025907100409103,0.0019220470047183462,0.0001,3.285975789544228e-06,0.003419246024137427,0.00037553183788721433,9196,0.3463318774411682
864,0.349637539755695,0.34038039194672387,0.0022147789258335545,0.0001,4.032321050023471e-06,0.0036412853698306394,0.0003862684772213807,9151,0.349637539755695
865,0.33749654498321985,0.34034401404515585,0.002057363911943423,0.0001,4.024975790266007e-06,0.003912750454015636,0.0003962914713911399,9340,0.33749654498321985
866,0.3424312673868689,0.3405013852946681,0.0021345929368849106,0.0001,3.602438398108321e-06,0.003375293092991763,0.0003856069757156307,9327,0.3424312673868689
867,0.34805204102596166,0.3405700143294221,0.0021674189408655677,0.0001,3.866946131006056e-06,0.00356824982756843,0.0003925527062556003,9185,0.34805204102596166
868,0.34315415901570423,0.34065352579309605,0.0023905418506041387,0.0001,4.762255490643896e-06,0.003984247746543636,0.0003936929495377745,9300,0.34315415901570423
869,0.3342449383803671,0.3408217429925256,0.002299486481124139,0.0001,4.168321875628987e-06,0.003625437165946059,0.0003995342545407659,9505,0.3342449383803671
870,0.33746463594200715,0.3408744307021992,0.001998600093057956,0.0001,3.5701011699535205e-06,0.0035726018250015093,0.00038141874329173617,9358,0.33746463594200715
871,0.34606380997270214,0.34094011881194947,0.0020378891933703633,0.0001,3.5780962909963166e-06,0.003511570994769035,0.0004058062645928002,9227,0.34606380997270214
872,0.3376947779820989,0.34099030802553465,0.002011035020831271,0.0001,3.5813857881498743e-06,0.0035617338843452768,0.0003906296726078272,9382,0.3376947779820989
873,0.3452044270089174,0.3410298904402496,0.001995998994109536,0.0001,3.5287418063380013e-06,0.003535815215089584,0.0003976584213858951,9190,0.3452044270089174
874,0.33952938353116435,0.34104878821851276,0.002059845346625222,0.0001,3.873144428585302e-06,0.003760616722931094,0.00041799486954109216,9339,0.33952938353116435
875,0.3378096255318885,0.3411759029280961,0.0023196170584557723,0.0001,4.52906455859419e-06,0.0039050105637775424,0.00040050694283749484,9387,0.3378096255318885
876,0.3433845407057021,0.34121288420503354,0.002054004859865008,0.0001,3.5833704422771407e-06,0.003489154784680154,0.0003936390384379398,9209,0.3433845407057021
877,0.3439954393006309,0.34121578627937776,0.0020683241172424153,0.0001,3.848710736114966e-06,0.0037215741034304084,0.00037177524150937524,9290,0.3439954393006309
878,0.33443525444469646,0.34124863452638243,0.002110410572246608,0.0001,3.913619299261665e-06,0.003708870066070107,0.00040149304618117987,9504,0.33443525444469646
879,0.3379289082566038,0.34138770239149585,0.0021823143836727896,0.0001,3.873704480374847e-06,0.0035500883918067605,0.0003753514107548691,9441,0.3379289082566038
880,0.33533736444245515,0.34138191230563575,0.002051550801390723,0.0001,3.92159008311074e-06,0.0038230494516171263,0.00041202583161908355,9460,0.33533736444245515
881,0.3399840894883621,0.34155653238383804,0.0021891832205221872,0.0001,3.6244706550578584e-06,0.0033112538238743773,0.0004088722717350065,9385,0.3399840894883621
882,0.34527867319365174,0.34165606082617794,0.0021866215529585792,0.0001,3.94946688079396e-06,0.0036123917972455603,0.0004064688204678261,9261,0.34527867319365174
883,0.33601657977552984,0.34161546605681414,0.0016621989885053986,0.0001,3.1824878608622736e-06,0.003829250147389243,0.0004010932253426988,9431,0.33601657977552984
884,0.3323423810711326,0.34172090918029563,0.0021494001014296478,0.0001,3.841463681025256e-06,0.0035744519398414037,0.00041606561271844496,9500,0.3323423810711326
885,0.3366540631870915,0.3418660482062833,0.0022787270660450548,0.0001,4.1187463568793795e-06,0.0036149536451751123,0.00038607320618447207,9413,0.3366540631870915
886,0.33700753646535153,0.34193559765194187,0.0023937049516966754,0.0001,4.740593687713622e-06,0.003960883887843784,0.00040882341624083135,9376,0.33700753646535153
887,0.34856780030107215,0.34203019045116284,0.002252673711442922,0.0001,4.1007207353098005e-06,0.0036407587254908176,0.00037430293560751607,9157,0.34856780030107215
888,0.34374485667236154,0.34205492993243525,0.0017638246616722725,0.0001,3.0110205323381995e-06,0.003414194843475505,0.00039935328290470885,9301,0.34374485667236154
889,0.35361283233166607,0.34219699655509983,0.002266037742119549,0.0001,3.995195195283917e-06,0.0035261506205514423,0.0003838222703739793,9100,0.35361283233166607
890,0.34732678085456703,0.3421746473225699,0.0014992112445864664,0.0001,2.5360514320424585e-06,0.0033831809108955664,0.0003728772983340921,9223,0.34732678085456703
891,0.3413579426390164,0.3423329719062376,0.002350749033291754,0.0001,4.413085857408609e-06,0.0037546210122047477,0.0003972898024007566,9340,0.3413579426390164
892,0.3328164253563501,0.34245147097205025,0.002283856087870548,0.0001,4.2012605090962345e-06,0.0036790939073691464,0.0003913857191573208,9473,0.3328164253563501
893,0.33017795719471427,0.34260117546829644,0.002118061620595999,0.0001,3.650239446693706e-06,0.003446773607716444,0.00037050717358119093,9539,0.33017795719471427
894,0.35068680605700847,0.34272712158225754,0.002275912396655081,0.0001,4.0373187383926255e-06,0.0035478683136717314,0.0003794016122790945,9101,0.35068680605700847
895,0.3368150780082794,0.34289359900227556,0.0022978948755972626,0.0001,4.010652159546614e-06,0.003490718572148933,0.00040397848857545113,9389,0.3368150780082794
896,0.3398673747924541,0.3430819508606687,0.0023458526508127243,0.0001,4.121752952885626e-06,0.0035140765993615475,0.0003906266306005814,9348,0.3398673747924541
897,0.32754169847731374,0.34321745230452444,0.002038559304211696,0.0001,3.3262342420551126e-06,0.0032633185948361273,0.00040732332303898127,9636,0.32754169847731374
898,0.35078384915841987,0.34341323876688346,0.002282931697386327,0.0001,3.7445157176120474e-06,0.0032804448086633975,0.0004024575459732645,9170,0.35078384915841987
899,0.342555497977642,0.3435052989124219,0.002098423852008986,0.0001,3.4851053453718637e-06,0.003321640994535302,0.0004010939504018621,9292,0.342555497977642
900,0.3403228599247241,0.343493826303635,0.001813253040234775,0.0001,3.63892312232145e-06,0.004013695873191855,0.00039393000035077786,9385,0.3403228599247241
901,0.33815899290328394,0.3434729937030714,0.0019946059138993676,0.0001,3.8116819051637795e-06,0.0038219899766687325,0.0003775753498321617,9371,0.33815899290328394
902,0.3505200796787407,0.34359054985666737,0.0022360230297012447,0.0001,3.990160495338332e-06,0.003568979784498426,0.0003889051993778078,9193,0.3505200796787407
903,0.34320283685754965,0.34360765642137975,0.0020213300563272133,0.0001,3.681211599374414e-06,0.0036423656669541944,0.0003764528106116429,9261,0.34320283685754965
904,0.3429165917890417,0.34372785946382245,0.002097806409140334,0.0001,3.594598038701383e-06,0.0034270064416233948,0.000397147652849581,9198,0.3429165917890417
905,0.33144372679894313,0.34390395188823025,0.002339374593611275,0.0001,4.22971747013722e-06,0.003616109606121554,0.0003900877212758233,9500,0.33144372679894313
906,0.35437178512039597,0.3440137270559431,0.0021542750599345905,0.0001,3.7265746809075137e-06,0.003459701827510051,0.0003933238419289876,9083,0.35437178512039597
907,0.34481794884187855,0.34390177253804993,0.0016104140192814208,0.0001,3.034071722185386e-06,0.003768064219335612,0.0003878857609816882,9259,0.34481794884187855
908,0.3402372483813776,0.3439970772545252,0.00216462634669685,0.0001,3.799717431293668e-06,0.0035107374878735214,0.0004053976504039248,9307,0.3402372483813776
909,0.33912536807454263,0.3441410556798288,0.0021414537230595118,0.0001,3.707837715701493e-06,0.0034629164999223764,0.0003904318175023441,9324,0.33912536807454263
910,0.3369328927137042,0.34429091800005296,0.00219249193544156,0.0001,3.7055205365883337e-06,0.003380190801789248,0.00038392988785665026,9372,0.3369328927137042
911,0.34931855087535385,0.34429613197498893,0.0020762255891484836,0.0001,3.9226549647685565e-06,0.0037786404187199556,0.0004240102508446074,9215,0.34931855087535385
912,0.34358691594647406,0.34431310023419587,0.0021000903596864154,0.0001,3.84553227522586e-06,0.0036622541096756173,0.00039279635729581674,9279,0.34358691594647406
913,0.335936619395317,0.34438229989242164,0.0021646468300875986,0.0001,3.6808794501148924e-06,0.0034009053106976673,0.00038812408366703234,9465,0.335936619395317
914,0.3473584046428675,0.34436769830855574,0.00167093582017383,0.0001,2.931964320915901e-06,0.003509367966761146,0.0004190178094262435,9208,0.3473584046428675
915,0.34259321292216116,0.34452674890507784,0.002347970105901512,0.0001,4.2605035112228525e-06,0.0036290951920676315,0.00042382730003659447,9249,0.34259321292216116
916,0.34673058695427683,0.34466081177328933,0.002173215876282265,0.0001,3.7344969068659713e-06,0.0034368393380731234,0.0003995800521129004,9094,0.34673058695427683
917,0.33535184614716934,0.3447763973166887,0.0023784318291289997,0.0001,4.427311862260182e-06,0.003722883126636845,0.00036907103711839376,9483,0.33535184614716934
918,0.3407205199658373,0.34488618984328595,0.002274327803402672,0.0001,3.943903805038256e-06,0.00346819293079713,0.00041303861683169625,9368,0.3407205199658373
919,0.3506339374952261,0.3449729675937237,0.002237396557836906,0.0001,3.9114399059939675e-06,0.003496420777348036,0.0004114712291783139,9198,0.3506339374952261
920,0.3476777321154001,0.34513112339207,0.00217923483714927,0.0001,3.4807531523083387e-06,0.0031944727506849407,0.000386793907532008,9152,0.3476777321154001
921,0.34922216341747137,0.34515405224332424,0.001678067434787718,0.0001,2.612252949387444e-06,0.0031134064045738475,0.00037715119833625925,9169,0.34922216341747137
922,0.34490457337492786,0.34526223753963803,0.002071510610734401,0.0001,3.395516391921101e-06,0.003278299782125961,0.0004149417559857284,9244,0.34490457337492786
923,0.3536396168445588,0.3453725585708817,0.002279713522582526,0.0001,4.003901699441199e-06,0.0035126358288259506,0.0003751157938615827,9089,0.3536396168445588
924,0.3481511732615856,0.3454872107003684,0.0022925833961548727,0.0001,3.940724366394706e-06,0.0034378024136475023,0.00039818670014148865,9250,0.3481511732615856
925,0.3475134795711729,0.34548161504365016,0.0018057569129732926,0.0001,3.542849384838248e-06,0.003923949408012758,0.00038985127110200936,9213,0.3475134795711729
926,0.34918730172744983,0.34547520543997445,0.002106659080293306,0.0001,3.904327315427739e-06,0.0037066532045461733,0.0003956385423586169,9203,0.34918730172744983
927,0.35091898050915443,0.3455054550512353,0.002156429497387078,0.0001,4.060217604468349e-06,0.0037656854623701543,0.0003956369344787646,9196,0.35091898050915443
928,0.3444838572221912,0.34554879591764487,0.0022650066473919677,0.0001,4.359516538065946e-06,0.00384945142928008,0.00040103644437586983,9258,0.3444838572221912
929,0.3418077655540388,0.34563335207264667,0.0022188946769551516,0.0001,3.918256631099637e-06,0.003531719348190435,0.0004170029216363247,9355,0.3418077655540388
930,0.3397430095531351,0.3456889980424794,0.00204185421616197,0.0001,3.6616879619784627e-06,0.003586630164871671,0.000405182563748059,9318,0.3397430095531351
931,0.33927520140843437,0.34585278193475494,0.002421841325590723,0.0001,4.3878100382555294e-06,0.003623532220621661,0.00041500578909402165,9403,0.33927520140843437
932,0.3431496850607699,0.3459003752763044,0.0020220165942465493,0.0001,3.5478365061526877e-06,0.00350920612248951,0.0003962085997529166,9309,0.3431496850607699
933,0.3520521024880405,0.3458979721838792,0.0016172500434254345,0.0001,2.895834099995622e-06,0.003581182899661042,0.000427453453974935,9056,0.3520521024880405
934,0.33647246880547377,0.34591316651692616,0.002139494628375923,0.0001,3.912415107903191e-06,0.0036573264134559485,0.00041657989776323147,9372,0.33647246880547377
935,0.3462509508690308,0.34592511372040036,0.0017127858354777095,0.0001,2.873479300727892e-06,0.0033553281924782563,0.0004106429697770988,9263,0.3462509508690308
936,0.3572211282777831,0.346136256160471,0.0023456596568301857,0.0001,4.087077154746488e-06,0.003484799802772388,0.00039522326165578037,9001,0.3572211282777831
937,0.35602563180236957,0.3461655446212213,0.0019393126338941157,0.0001,3.1499621502747466e-06,0.0032485346562711364,0.00039027958358352227,9046,0.35602563180236957
938,0.33755727351329934,0.34621787409576904,0.0021453119208392733,0.0001,3.6429470103108403e-06,0.003396193322680716,0.0003953500674912169,9397,0.33755727351329934
939,0.3437782786530138,0.3463179019968838,0.0022070438805681133,0.0001,3.9869545409868696e-06,0.0036129363589822165,0.00039589170184747445,9182,0.3437782786530138
940,0.33904850409035686,0.3464513076444769,0.0020235226561025545,0.0001,3.1031558803496262e-06,0.003067082912060417,0.00039438012560911724,9366,0.33904850409035686
941,0.34815557901575844,0.34648702502557505,0.002125135674027563,0.0001,3.9223885288684525e-06,0.003691424106993349,0.00040438892377719975,9181,0.34815557901575844
942,0.3408667619396054,0.3464428652557347,0.0015661564881131768,0.0001,2.8874211855408637e-06,0.0036872703429776388,0.0004019091996109376,9302,0.3408667619396054
943,0.34346182726638164,0.3464878858582874,0.002026220686747192,0.0001,3.408915571796072e-06,0.0033648018639752387,0.00041397972939744,9298,0.34346182726638164
944,0.3450020502456004,0.34662443237776025,0.0024000385381750962,0.0001,4.3326670860744214e-06,0.003610497929228109,0.0004057648315013504,9210,0.3450020502456004
945,0.3438696163761418,0.3467166564825548,0.0020294501487484917,0.0001,3.3827218855777924e-06,0.003333633878776305,0.0004289484830504843,9269,0.3438696163761418
946,0.3550775044995659,0.3465690843704592,0.0017045558832651274,0.0001,3.450078782722934e-06,0.004048067671579302,0.0003880967276425636,9064,0.3550775044995659
947,0.35261236216932473,0.3464682567903603,0.0016632049110268845,0.0001,3.364189760231046e-06,0.004045430286943959,0.0003870724646691632,9094,0.35261236216932473
948,0.33911786783277476,0.3465742701327234,0.002206082284299003,0.0001,3.965187354376452e-06,0.003594777386679769,0.00041492676204118566,9319,0.33911786783277476
949,0.3450582907039522,0.34663544547381364,0.002071574850773396,0.0001,3.716320292289363e-06,0.0035879179464859043,0.00042065028565859184,9212,0.3450582907039522
950,0.34327598802168613,0.3467289718543798,0.002067607494050012,0.0001,3.572397379377899e-06,0.003455585636691921,0.00038380896670423134,9295,0.34327598802168613
951,0.3440065243027339,0.34686958439175697,0.0025378667122263163,0.0001,4.713865011967077e-06,0.003714824729965341,0.00041135246062066436,9238,0.3440065243027339
952,0.3438793218199334,0.34695475240447887,0.00225944787421653,0.0001,3.8053505423872393e-06,0.0033683897608894875,0.0004232240881836466,9219,0.3438793218199334
953,0.35374409229096243,0.34705432947073317,0.0020591199463768223,0.0001,3.3998954218751083e-06,0.0033022801103524658,0.00040742919331919887,9056,0.35374409229096243
954,0.3344645381461088,0.34704487985642307,0.002003885237213283,0.0001,3.5643841332267033e-06,0.0035574733193638763,0.0003888947966635312,9498,0.3344645381461088
955,0.3363664077845314,0.34707761217103417,0.002088966167626046,0.0001,3.556134470426974e-06,0.003404683642596524,0.00037726970323957146,9388,0.3363664077845314
956,0.35402229349091086,0.34710249285962347,0.0019520113587205596,0.0001,3.3100972838698777e-06,0.0033914733836789474,0.000392466897655483,9065,0.35402229349091086
957,0.3384497448244298,0.34708952019169825,0.0016835195098170686,0.0001,3.1118105919285963e-06,0.003696791838505899,0.0004038496107534631,9446,0.3384497448244298
958,0.34725132176358603,0.34716573986263166,0.0019755887134744973,0.0001,3.3761314343804987e-06,0.0034178484735750956,0.0004230632783386463,9127,0.34725132176358603
959,0.3531836969697084,0.3473286709873518,0.002476491790122543,0.0001,4.5129079558247015e-06,0.0036445975503124044,0.0004156690415645942,9137,0.3531836969697084
960,0.3409983663214631,0.3473973532263351,0.0019450106098091386,0.0001,3.1814383782195393e-06,0.003271384086209925,0.00039355068649936603,9343,0.3409983663214631
961,0.3500770656807183,0.3474441577619174,0.0019851947799374835,0.0001,3.2900984498971348e-06,0.003314635403182699,0.00038482228283098926,9135,0.3500770656807183
962,0.33990118060934654,0.34756508507940964,0.002340557858834663,0.0001,4.294169715112157e-06,0.003669355746881793,0.0003830694003524296,9392,0.33990118060934654
963,0.35756674168399316,0.34749074286346365,0.0013815690941720654,0.0001,2.2408613463896464e-06,0.0032439367033358984,0.0004044151008424617,8984,0.35756674168399316
964,0.3486069842804225,0.347527890461034,0.0021660614816698216,0.0001,4.09092894913464e-06,0.0037772971670046343,0.00040481696462723265,9168,0.3486069842804225
965,0.3329355841068822,0.3475924378738803,0.0020088094296686187,0.0001,3.3961257747562544e-06,0.0033812324102007944,0.00040125801548421757,9477,0.3329355841068822
966,0.3632675472514404,0.3476462707659319,0.0018695648240264827,0.0001,2.8496635581615365e-06,0.0030484779361907503,0.00040239696866957176,8911,0.3632675472514404
967,0.35270186825101907,0.34777927484152327,0.002143508697208679,0.0001,3.4861058925374968e-06,0.003252709818324671,0.0004023075091895856,9142,0.35270186825101907
968,0.34960567044567437,0.3479272832258603,0.0024070786144873,0.0001,4.2065059398977295e-06,0.003495113050799716,0.0003995208706720542,9134,0.34960567044567437
969,0.34410197095746425,0.3479747466812837,0.0020741770013269927,0.0001,3.4344299978369054e-06,0.0033116074429903187,0.0003941583883816984,9267,0.34410197095746425
970,0.33325553050063694,0.34799389958450866,0.0019878103905160483,0.0001,3.5207541256592493e-06,0.0035423440207949003,0.0003910994586137356,9498,0.33325553050063694
971,0.3522352746959446,0.34801552170557487,0.0016105099128441444,0.0001,2.765069959909193e-06,0.0034337819815416187,0.00041547527809333124,9116,0.3522352746959446
972,0.345013427204784,0.34801450384686716,0.0019492593718315986,0.0001,3.5691778549363225e-06,0.0036620861302645294,0.0004121496422406227,9208,0.345013427204784
973,0.33376293804219137,0.34803310676768145,0.0021007686169242684,0.0001,3.890069413089783e-06,0.0037034725116802513,0.0004016544629822823,9448,0.33376293804219137
974,0.34462472704169894,0.34813202135384913,0.002385230292189751,0.0001,4.477207914160171e-06,0.0037541095539667052,0.00038197751649903536,9177,0.34462472704169894
975,0.34813412932749455,0.34809132885977206,0.0019818260360429853,0.0001,3.7799215447564587e-06,0.0038145846063296672,0.00042449805098460975,9183,0.34813412932749455
976,0.3437245504405467,0.34818801836291874,0.0023426770262175425,0.0001,4.340576107134078e-06,0.003705654734782044,0.00042003723957386265,9301,0.3437245504405467
977,0.35382227299454894,0.3482705452693778,0.002104595612222197,0.0001,3.6482550183389046e-06,0.0034669415798000178,0.0004278590808232555,9092,0.35382227299454894
978,0.3463334740672104,0.34838415568454534,0.0021133849965534143,0.0001,3.4212620698187985e-06,0.0032377082977293,0.00039741460464103625,9200,0.3463334740672104
979,0.34180830588637523,0.34838110617981816,0.0016585473759130058,0.0001,2.705032188986078e-06,0.003261929358511086,0.00040284242582582083,9288,0.34180830588637523
980,0.34488950536558316,0.348357368122689,0.0019883361707159573,0.0001,3.627506941655055e-06,0.003648786352208105,0.000375245286134593,9217,0.34488950536558316
981,0.34048255188683796,0.3485298240549006,0.002402843223518174,0.0001,4.259814223290305e-06,0.0035456447441903492,0.0004042784421181242,9317,0.34048255188683796
982,0.34877101956811163,0.3484809373558848,0.0017501485036749702,0.0001,3.469685282086339e-06,0.003965018139661494,0.0003724612000140091,9157,0.34877101956811163
983,0.34874530154737104,0.34853534785478496,0.0021924821720936197,0.0001,3.841644088259362e-06,0.0035043788607785516,0.00043582249334071815,9131,0.34874530154737104
984,0.3412226380274325,0.34862017994295774,0.0022658873586072353,0.0001,4.170310406417487e-06,0.0036809512093141606,0.0004213576332471866,9351,0.3412226380274325
985,0.3421826834946734,0.3486468473029302,0.002380123967279634,0.0001,4.835813145712817e-06,0.004063496870072627,0.000362600148519079,9331,0.3421826834946734
986,0.34738792327416923,0.34847302898413673,0.0015223272086818376,0.0001,2.7260496676404608e-06,0.003581424088190488,0.00040615401239071453,9199,0.34738792327416923
987,0.3602692810273727,0.3485503085737646,0.002114741068392183,0.0001,3.6792342891237206e-06,0.0034796073563001313,0.00039832930252321227,8941,0.3602692810273727
988,0.3408648785077692,0.34870883071215925,0.0022810413225730465,0.0001,3.903655521416316e-06,0.0034226960141282648,0.0003999945334588361,9394,0.3408648785077692
989,0.3457781545375255,0.3487940891853719,0.002079147903137843,0.0001,3.41214116763323e-06,0.0032822495816518275,0.0003870003115635248,9233,0.3457781545375255
990,0.3434035401992214,0.3488917514853254,0.002215835314454862,0.0001,3.8169381917499545e-06,0.0034451460962377466,0.00040099649875652537,9355,0.3434035401992214
991,0.3439803120160258,0.3489792597115825,0.002108359997075657,0.0001,3.632260098235291e-06,0.0034455786519126883,0.0004112009422319865,9298,0.3439803120160258
992,0.3523483235701641,0.3489934757905862,0.00214444687070923,0.0001,4.017554661443922e-06,0.0037469379319387867,0.00040229011480674394,9043,0.3523483235701641
993,0.36424911626956435,0.34902219831803827,0.0020937576650477087,0.0001,3.5804076452682614e-06,0.0034200783644048674,0.0004052817715224028,8831,0.36424911626956435
994,0.3602474373253725,0.34913711913538503,0.002269982869539709,0.0001,3.7744941062165953e-06,0.003325570564311756,0.00040082816182079173,8978,0.3602474373253725
995,0.35024634764167706,0.34908851301755195,0.0015370420250202656,0.0001,2.6292097672075397e-06,0.003421129317752876,0.0003964626348961338,9110,0.35024634764167706
996,0.3478076848597587,0.34919879914084406,0.0020327073016690746,0.0001,3.323197791140526e-06,0.0032697258364859697,0.0004002207170323719,9170,0.3478076848597587
997,0.353438814023121,0.3492030366920668,0.001635369586716086,0.0001,2.7359189912621223e-06,0.0033459335595888164,0.000405364635813574,9088,0.353438814023121
998,0.3495915884036567,0.3491780407435998,0.0019405442423641639,0.0001,3.464941052384702e-06,0.0035711023503008275,0.0004080370846511312,9235,0.3495915884036567
999,0.34483695519744884,0.3492302144437399,0.0023115766078494137,0.0001,4.369183864799919e-06,0.003780263089670915,0.00040041186271712044,9251,0.34483695519744884
