iteration,performance_mc,performance_true,alpha,beta,bound,policy_advantage,model_advantage,total_samples,avg_return
0,0.03006771165209288,0.030954223941648117,0.0011658209066984107,0.0001,1.7784051940029237e-06,0.003050906333528266,5.61625090875704e-06,123379,0.03006771165209288
1,0.03152159973551253,0.031248802370488413,0.0012585922100125492,0.0001,2.0707084425065764e-06,0.0032905152694150705,2.7235744084902186e-06,123096,0.03152159973551253
2,0.031121523219074566,0.031519317923543996,0.0011804264426743029,0.0001,1.8199319475834116e-06,0.003083516061297785,3.409128882604553e-06,123028,0.031121523219074566
3,0.03229744228273254,0.031817232882154475,0.0012667847193394677,0.0001,2.094944734916303e-06,0.003307499218981199,4.538672218062147e-06,122982,0.03229744228273254
4,0.0310834200192219,0.03207959813031837,0.0011342647975600827,0.0001,1.67895660474764e-06,0.0029604314765991923,2.052599877616268e-06,123080,0.0310834200192219
5,0.0319348598153809,0.03236070714470074,0.0012273614784770474,0.0001,1.9675256897863055e-06,0.0032061063090030803,1.8812649517155689e-06,123153,0.0319348598153809
6,0.03427789045367882,0.03265092777463968,0.0012638524211712695,0.0001,2.085590925409257e-06,0.003300370977612156,1.1626483688595748e-06,123038,0.03427789045367882
7,0.031757277761502244,0.03292766816485083,0.0011906284656408768,0.0001,1.8476815155896021e-06,0.003103707947373918,1.674079643715436e-06,123235,0.031757277761502244
8,0.03211802614229964,0.03321745899613271,0.0012109960356833417,0.0001,1.910551623466542e-06,0.0031553391871980067,2.136621647065929e-07,123069,0.03211802614229964
9,0.03265670430532602,0.033516650984555925,0.001270546032463121,0.0001,2.09853991782745e-06,0.0033033670000277814,1.7451545303714636e-06,123058,0.03265670430532602
10,0.03200050051136623,0.033807815329847994,0.001222753933725609,0.0001,1.943993003193362e-06,0.0031796961752888573,6.416339206342415e-07,123111,0.03200050051136623
11,0.03488527760559866,0.03412461721341089,0.0013094353341380584,0.0001,2.233036655575018e-06,0.003410686419341087,5.995719977288169e-07,122622,0.03488527760559866
12,0.035681918722286196,0.03443399651709948,0.0012921715851535829,0.0001,2.171176423570763e-06,0.0033605079209549477,1.9762287033596776e-07,122436,0.035681918722286196
13,0.03632910299151458,0.034763346659134595,0.001349779085053057,0.0001,2.3627173558509164e-06,0.003500894897564727,9.689745932567196e-07,122586,0.03632910299151458
14,0.034474420251949175,0.03507312014208026,0.0012785214051859494,0.0001,2.121751759503457e-06,0.0033190711565675617,1.1393740673931263e-07,122772,0.034474420251949175
15,0.0352641848359419,0.03537151505616294,0.0012456655666118813,0.0001,2.018237517867058e-06,0.0032404163235506553,3.6947319242465634e-07,122747,0.0352641848359419
16,0.03661128702364837,0.035699902619044876,0.0013444040867700185,0.0001,2.343948053202348e-06,0.0034869695447501533,3.234308196156565e-06,122434,0.03661128702364837
17,0.035981266535070944,0.03600967079401997,0.0012909261001277492,0.0001,2.160275824138615e-06,0.003346862107637046,3.5354994734171667e-06,122619,0.035981266535070944
18,0.036544838071248614,0.0363328972025465,0.0012866383505959417,0.0001,2.1431236247692575e-06,0.0033313535598820153,3.078458256461078e-07,122537,0.036544838071248614
19,0.03484402410137015,0.036651291654713584,0.0012834859609356134,0.0001,2.129701256923692e-06,0.0033186202603590915,4.730532912904016e-06,122760,0.03484402410137015
20,0.037476294272310584,0.03698668981225385,0.001350780505200009,0.0001,2.3616998847951977e-06,0.003496792966293962,5.12007687389784e-06,122408,0.037476294272310584
21,0.03813315989390065,0.037301231752470965,0.001287671229054445,0.0001,2.144992878828786e-06,0.003331584694027658,5.36486787223023e-06,122156,0.03813315989390065
22,0.037701412941533105,0.03763388362899868,0.0013472111774790005,0.0001,2.3441109781138543e-06,0.0034799458574866116,1.6776964421625004e-06,122385,0.037701412941533105
23,0.03799294650787362,0.03798563879070734,0.0014004265590939402,0.0001,2.531011977828952e-06,0.0036146300730921406,5.652865284999403e-06,122291,0.03799294650787362
24,0.04073380129061657,0.038313259107068336,0.0013086742747782203,0.0001,2.2175140278857916e-06,0.003388947227928953,8.42675339919193e-06,122024,0.04073380129061657
25,0.04069144807217566,0.03866648293991316,0.0013890543361989142,0.0001,2.486378276833193e-06,0.0035799582666248414,5.51606601992395e-06,122038,0.04069144807217566
26,0.03999850216851277,0.03900750104438534,0.0013860904227310075,0.0001,2.4928905133397115e-06,0.0035970099388292157,5.684511711883753e-06,122172,0.03999850216851277
27,0.037338558860091534,0.03935469683393708,0.0013768445023829368,0.0001,2.439759592248447e-06,0.003543987121313842,1.1030399802458554e-05,122445,0.037338558860091534
28,0.03915339007341166,0.039694246829447104,0.0013845707315980186,0.0001,2.4759888440682347e-06,0.0035765436717133878,7.243717593911423e-06,122179,0.03915339007341166
29,0.04090919663403983,0.04005672932079764,0.0014009063536897846,0.0001,2.5176881113145074e-06,0.003594370322731826,9.715364708347968e-06,121850,0.04090919663403983
30,0.03904820385692426,0.0404045878561307,0.0013618743124872504,0.0001,2.3981755068481037e-06,0.0035218749408206574,5.319074917164897e-06,122227,0.03904820385692426
31,0.04119531908670969,0.04076870885704944,0.0014122232079163302,0.0001,2.569241893465496e-06,0.003638577639941626,1.0087665918428576e-05,121910,0.04119531908670969
32,0.042312582637303,0.041131944829645,0.0013995543694123925,0.0001,2.5195715834798055e-06,0.003600534053618304,1.0815537616273752e-05,121849,0.042312582637303
33,0.04360850196304493,0.04150699618239811,0.0014384298818621803,0.0001,2.6563668177361355e-06,0.0036934255207451937,1.0141217664988974e-05,121668,0.04360850196304493
34,0.04158957467093542,0.04188143480910173,0.0014212423616479905,0.0001,2.5834400241104637e-06,0.0036354672416530785,1.2696372395404944e-05,121805,0.04158957467093542
35,0.0430830922329484,0.042265617618741674,0.0014461572200349937,0.0001,2.6712047062661884e-06,0.0036942106560191993,1.050004161912471e-05,121519,0.0430830922329484
36,0.045350237147824525,0.04266906461299751,0.0015442370559545257,0.0001,3.0578320884578655e-06,0.003960314352860487,1.2689730869365798e-05,121327,0.045350237147824525
37,0.0423645765436859,0.043048139858368896,0.001427712782586592,0.0001,2.604028578573478e-06,0.0036478325477422024,1.1757325379794969e-05,121676,0.0423645765436859
38,0.04247217394094019,0.04341860674549982,0.0014206071128670143,0.0001,2.5866950606005316e-06,0.003641675502215617,1.0451924919233375e-05,121665,0.04247217394094019
39,0.044129887723567525,0.04380558938250695,0.0014723489103127176,0.0001,2.797186059665557e-06,0.0037996239071776162,1.3705973322909046e-05,121562,0.044129887723567525
40,0.044503258413603884,0.044177954046428665,0.0013926981456049818,0.0001,2.4919028005113307e-06,0.003578525337130911,1.2586522343142106e-05,121291,0.044503258413603884
41,0.04149089331971578,0.04454833630336375,0.0013758853084484058,0.0001,2.420205429413161e-06,0.003518033682825557,1.1957108794376456e-05,121752,0.04149089331971578
42,0.043090085468897726,0.04494283150198829,0.0014358256430501617,0.0001,2.603797162122089e-06,0.0036268988156400034,1.2250851647514495e-05,121347,0.043090085468897726
43,0.0456479886294678,0.04535562750006994,0.0015267092816743466,0.0001,2.9610813206293153e-06,0.003879037556360289,1.5525978119990464e-05,121251,0.0456479886294678
44,0.045186505640050556,0.04574679351231694,0.0014554269089215959,0.0001,2.6909046476994137e-06,0.0036977530526672055,1.4115459720525665e-05,121317,0.045186505640050556
45,0.045947914500222245,0.04615739236795221,0.0015017617422442848,0.0001,2.864054523347416e-06,0.003814259536359307,1.8090091131432978e-05,121235,0.045947914500222245
46,0.04726989843252008,0.04656541375869482,0.0014926642901998647,0.0001,2.8367673694486782e-06,0.003800944911824534,1.8301455729196947e-05,120886,0.04726989843252008
47,0.04488801505597968,0.04698774567897404,0.001513103443307228,0.0001,2.903813640699381e-06,0.00383822223595294,1.5954766686917563e-05,121469,0.04488801505597968
48,0.04869517563868714,0.04739845630868687,0.0015017810446244712,0.0001,2.8677721110233087e-06,0.003819161416756876,2.022680303145508e-05,120878,0.04869517563868714
49,0.04685325405895859,0.047794631034560206,0.0014395954947641154,0.0001,2.650931052926281e-06,0.0036828832301404896,1.8534364424264612e-05,121091,0.04685325405895859
50,0.048093545906073176,0.048201457086064325,0.0014713285609618402,0.0001,2.768630662358175e-06,0.0037634431028080633,2.2974048903401552e-05,120981,0.048093545906073176
51,0.04949811687356251,0.048633775708792584,0.0015514887500966456,0.0001,3.0427221995975744e-06,0.003922325829830266,2.3072680458613953e-05,120770,0.04949811687356251
52,0.05010688464801434,0.04906479886242876,0.0015561449570787639,0.0001,3.0655834694781183e-06,0.0039399716016596704,2.3026571623178814e-05,120408,0.05010688464801434
53,0.04740798049805581,0.04948229325227425,0.0015012436626814915,0.0001,2.846901805232801e-06,0.0037927244937010713,2.31586040187992e-05,121052,0.04740798049805581
54,0.04760627998907985,0.049834756791400855,0.0012400740932611923,0.0001,2.362966971295402e-06,0.003811009332645899,2.387612455675487e-05,121077,0.04760627998907985
55,0.05195609650519027,0.05028839973691184,0.0016090875301604437,0.0001,3.259841978757269e-06,0.0040517894988996985,2.603432053536117e-05,120365,0.05195609650519027
56,0.051041683849858605,0.05072375367093632,0.00154302128496192,0.0001,3.00271155636223e-06,0.003891989806785242,2.5502493908209125e-05,120410,0.051041683849858605
57,0.05005666217656375,0.05116339071741936,0.0015759722702325158,0.0001,3.1360680520322437e-06,0.003979851817531731,2.3347470867120656e-05,120719,0.05005666217656375
58,0.0489672616084557,0.051588361744249175,0.0014956492497097474,0.0001,2.810971342446735e-06,0.0037588643767811803,2.458216877183548e-05,120678,0.0489672616084557
59,0.052954133091255726,0.0520509607358416,0.0016284350794759117,0.0001,3.3428983490503545e-06,0.004105657500483492,3.150432898632374e-05,120120,0.052954133091255726
60,0.05290794037911224,0.052510949420412886,0.001611029678562766,0.0001,3.2482211437057976e-06,0.004032478342178779,2.8366768900418357e-05,120183,0.05290794037911224
61,0.051809511015840935,0.052988109488520875,0.00164798086387791,0.0001,3.3977836037436325e-06,0.004123571672729514,2.5461782286868373e-05,120343,0.051809511015840935
62,0.05394221483303893,0.053450873328789755,0.0016308953465956153,0.0001,3.3909383922942228e-06,0.0041583764395092294,2.8751045277925435e-05,119981,0.05394221483303893
63,0.05574879587722236,0.05393483659230824,0.001662874633504944,0.0001,3.465760474310149e-06,0.004168396588027986,2.956001663360322e-05,119764,0.05574879587722236
64,0.05361344721325008,0.05437878293802276,0.0015595406912943552,0.0001,3.084165319065369e-06,0.003955222632255447,2.912970231701697e-05,120199,0.05361344721325008
65,0.055110924285547605,0.05486686160934452,0.0016891811573986686,0.0001,3.579045902972076e-06,0.004237610498194036,3.0031660236800152e-05,119900,0.055110924285547605
66,0.057843042196672245,0.055345990676109555,0.0016806368475505364,0.0001,3.592775670941355e-06,0.0042754931574631215,3.110178022966347e-05,119447,0.057843042196672245
67,0.055146851947970144,0.05583379735277357,0.0016658156398839249,0.0001,3.4784268549573266e-06,0.004176244683595004,3.129803853764638e-05,119933,0.055146851947970144
68,0.054439818924380996,0.05629640608704413,0.0015890881755573703,0.0001,3.199030624252566e-06,0.004026246842004864,2.9354762585931702e-05,120019,0.054439818924380996
69,0.05783833859076641,0.056741117770892885,0.001523871847462681,0.0001,2.9308912771026483e-06,0.0038466374741192595,3.6835291404713824e-05,119751,0.05783833859076641
70,0.055951189820367106,0.05713733642350594,0.0013421256811926177,0.0001,2.7000903504039874e-06,0.00402360283875155,3.285896869632342e-05,119921,0.055951189820367106
71,0.058745331733342926,0.05756525811452419,0.001446730927708675,0.0001,3.1540900588991794e-06,0.004360299484154403,3.7112608673329844e-05,119571,0.058745331733342926
72,0.05663861309345741,0.05806470918742012,0.0016899562886281989,0.0001,3.5649074633759353e-06,0.004218934521992524,3.6324435511375234e-05,119583,0.05663861309345741
73,0.05813832591768265,0.05856512758224817,0.0017246568784504207,0.0001,3.7184032663945704e-06,0.004312049907266774,4.2570611831665966e-05,119609,0.05813832591768265
74,0.057013814699656225,0.05898322069637584,0.0014037706608331744,0.0001,2.965514455039649e-06,0.0042250697179830494,3.0178358567592472e-05,119707,0.057013814699656225
75,0.05925253356542068,0.05950478813972964,0.0017401130075588916,0.0001,3.7785585158423833e-06,0.0043428886508274705,4.336744448741502e-05,119231,0.05925253356542068
76,0.06030485802060867,0.060048664001535655,0.001786405552048076,0.0001,3.934997414635772e-06,0.004405491698258976,4.5394037816690825e-05,119138,0.06030485802060867
77,0.06124857750734813,0.0605819351148436,0.001754528325807045,0.0001,3.80953895276451e-06,0.00434252202911823,4.7025267279737586e-05,119135,0.06124857750734813
78,0.06113472987977833,0.06106394275661778,0.0015818606303948646,0.0001,3.085759002352445e-06,0.003901429674727003,4.5487671091932594e-05,119205,0.06113472987977833
79,0.06366330697126477,0.06160673555368268,0.0018012740063273205,0.0001,4.016363644490082e-06,0.004459469942254021,4.219210642241249e-05,118771,0.06366330697126477
80,0.0612585105174723,0.0621255784404327,0.0017112372694102712,0.0001,3.624730189944205e-06,0.0042363852806845004,3.651137086368279e-05,118831,0.0612585105174723
81,0.06571455409311688,0.06257942720129696,0.00149739646265384,0.0001,3.3595989242181803e-06,0.004487253720719967,4.551218665115876e-05,118382,0.06571455409311688
82,0.06325703534785984,0.06311837106932677,0.0017736855057031572,0.0001,3.897924898223427e-06,0.004395283025868939,4.966265094413335e-05,118922,0.06325703534785984
83,0.06516891913997107,0.06366966553666115,0.0018031724256242154,0.0001,4.007522277762592e-06,0.004444968457606357,4.122955758438362e-05,118500,0.06516891913997107
84,0.0656851167604492,0.06422314713061016,0.0017867772623619538,0.0001,3.937460023985272e-06,0.004407331688092242,4.92159089146329e-05,118429,0.0656851167604492
85,0.06304362423714274,0.06473305760315415,0.0016423242811626844,0.0001,3.3135485647456737e-06,0.004035194026845715,4.803934907157867e-05,118622,0.06304362423714274
86,0.06593438293883358,0.0652554695249126,0.0016788426022268862,0.0001,3.4516578156147963e-06,0.004111949281053954,5.002318614331715e-05,118387,0.06593438293883358
87,0.0695023493262667,0.0657924142217154,0.0017216730092936919,0.0001,3.6177316427508213e-06,0.00420257693908436,5.216680631816655e-05,117809,0.0695023493262667
88,0.0658553274460517,0.06635380067190493,0.001807627433401866,0.0001,4.013478856230804e-06,0.004440604055978098,5.2025366793036974e-05,118356,0.0658553274460517
89,0.06517085351316006,0.06694505814380322,0.001872989977642661,0.0001,4.27353644975084e-06,0.00456333082479117,5.954938212576647e-05,118435,0.06517085351316006
90,0.06421959038490035,0.06739851703843219,0.001469661239932069,0.0001,3.1710994278883992e-06,0.004315415473616185,4.971788977910529e-05,118539,0.06421959038490035
91,0.06720717669500323,0.06795954347565877,0.0017845807702985292,0.0001,3.892254785774525e-06,0.004362094280690268,5.006784380272423e-05,118239,0.06720717669500323
92,0.07046517314615955,0.068526716164226,0.001805800645187617,0.0001,3.977021745722397e-06,0.004404718490184386,5.574262079839391e-05,117645,0.07046517314615955
93,0.06867748857996019,0.06910868587217509,0.0018374111740865385,0.0001,4.085204378483457e-06,0.0044466959122684115,5.335190785467273e-05,117849,0.06867748857996019
94,0.06947066175443128,0.06970224290176687,0.0018883211910061212,0.0001,4.3072006186863994e-06,0.004561936432425957,5.704934962913108e-05,117886,0.06947066175443128
95,0.07202753712694429,0.07029998880820452,0.0019044582016433252,0.0001,4.424682599894556e-06,0.004646657612203378,5.3513933872418775e-05,117364,0.07202753712694429
96,0.070943664356199,0.07089589617605946,0.001900122514051677,0.0001,4.402040764909181e-06,0.0046334283524935484,5.9234021775845466e-05,117658,0.070943664356199
97,0.06985954717058732,0.07148585821055926,0.0018730401522051806,0.0001,4.2513840330841e-06,0.004539554614543452,6.158083817322087e-05,117869,0.06985954717058732
98,0.06963290653109769,0.07196951957759017,0.0015352300302637998,0.0001,3.410244920408566e-06,0.004442650095663619,5.98178988364202e-05,117864,0.06963290653109769
99,0.0704908139988834,0.07256838182325762,0.001889450097684305,0.0001,4.301156719931835e-06,0.004552813249953833,6.450446558801312e-05,117713,0.0704908139988834
100,0.07355134488183016,0.07312828364292284,0.0017629164847744096,0.0001,3.7302804574975677e-06,0.0042319423406774834,6.047435658305397e-05,117199,0.07355134488183016
101,0.06969318985616858,0.07359490425408907,0.0014966169438550394,0.0001,3.3622353619751382e-06,0.004493114120857903,6.119925280864226e-05,117977,0.06969318985616858
102,0.072934901123129,0.07421008371321126,0.0019052880206345344,0.0001,4.3673592629379235e-06,0.0045844609483068335,6.282177291550256e-05,117293,0.072934901123129
103,0.07416225207414573,0.07481531944932562,0.0018740318626781678,0.0001,4.213371003456797e-06,0.004496584169530067,6.556922773791241e-05,117118,0.07416225207414573
104,0.07444705162371475,0.0754410077905039,0.001934536732224565,0.0001,4.504563778321283e-06,0.00465699482805001,6.930161254815683e-05,117172,0.07444705162371475
105,0.07315542437052197,0.07603422422247423,0.0018581433267106104,0.0001,4.151025649733982e-06,0.004467928377820413,6.585034752750207e-05,117289,0.07315542437052197
106,0.07587359487133064,0.07666764629775574,0.0019805845404756548,0.0001,4.7477460976144946e-06,0.004794287747469019,7.15531271128532e-05,117031,0.07587359487133064
107,0.07992354836442382,0.07731190969037231,0.002018358805253604,0.0001,4.888293400484613e-06,0.004843829935253168,7.703376836668097e-05,116466,0.07992354836442382
108,0.07741244232494932,0.07788421141319637,0.0017898447921434685,0.0001,3.8284935857214355e-06,0.004278017404108584,7.393203711099102e-05,116601,0.07741244232494932
109,0.07887849423682207,0.0784281078340238,0.001655923098025797,0.0001,3.906012839657008e-06,0.004717625890131956,7.290397118584239e-05,116407,0.07887849423682207
110,0.07713601024394214,0.07896251937066251,0.0016496047008540404,0.0001,3.887175355515915e-06,0.0047128567874514795,7.124037295273474e-05,116687,0.07713601024394214
111,0.07553619670601039,0.0795851377168848,0.0019282010665816567,0.0001,4.433455974190728e-06,0.004598541149082989,6.667932681804167e-05,117060,0.07553619670601039
112,0.0760985106839862,0.08019836132949647,0.0018769724120635092,0.0001,4.220053847550908e-06,0.004496660494771427,7.748885659098394e-05,117101,0.0760985106839862
113,0.07692691706586707,0.0808286865307616,0.0019359547674920533,0.0001,4.472088783425935e-06,0.004620034371174213,7.231505507463638e-05,116889,0.07692691706586707
114,0.07905607962001548,0.08145033383191716,0.0019013726554100738,0.0001,4.338255090378777e-06,0.004563287557581008,7.71596365706668e-05,116698,0.07905607962001548
115,0.08260814421690409,0.0819995204030477,0.001665662465354512,0.0001,3.921086654438438e-06,0.004708140737990266,8.267125273976353e-05,115873,0.08260814421690409
116,0.08328469479398573,0.08256965054270758,0.001756040929207263,0.0001,4.353514897211123e-06,0.004958329643462752,8.228961714262922e-05,116035,0.08328469479398573
117,0.08234617328773226,0.08323620498629009,0.0020466688510751285,0.0001,5.018413944816415e-06,0.0049039823342014585,8.515112071901645e-05,116013,0.08234617328773226
118,0.08084215519898125,0.083792723127755,0.0016716969644035694,0.0001,3.915828922308463e-06,0.004684854977535426,7.843715620769548e-05,116130,0.08084215519898125
119,0.0848471638320508,0.08445315336892306,0.0020022900732223742,0.0001,4.738777859197079e-06,0.004733357991003525,8.701132261063567e-05,115668,0.0848471638320508
120,0.08486764676544381,0.08509166832236263,0.0019332284601664437,0.0001,4.39892477055797e-06,0.004550858691765005,8.68104075481039e-05,115533,0.08486764676544381
121,0.08584260304719168,0.08575711792378256,0.002042442126948246,0.0001,4.964892402141327e-06,0.004861721501563147,9.239388847231007e-05,115488,0.08584260304719168
122,0.08655091861759444,0.08645174335386241,0.002073705711680273,0.0001,5.049115477308052e-06,0.004869654791293288,8.91175485275258e-05,115367,0.08655091861759444
123,0.08807820994183015,0.0871389447711543,0.0020837147474299295,0.0001,5.156636475788194e-06,0.00494946487483321,9.168027840532417e-05,115311,0.08807820994183015
124,0.08810254157080527,0.08784460216637953,0.0020939998527880694,0.0001,5.173321946809272e-06,0.00494109103199909,9.329985654878988e-05,115105,0.08810254157080527
125,0.08618988023198304,0.08850611264442458,0.0019810679510091304,0.0001,4.646405165119507e-06,0.004690808473028588,9.218473439375128e-05,115563,0.08618988023198304
126,0.09008697391180503,0.08919432568391339,0.0020663124924266262,0.0001,4.992820421261049e-06,0.00483258988130842,9.933482127684626e-05,114810,0.09008697391180503
127,0.09041750884571549,0.08979082319793653,0.0017746280146035884,0.0001,4.3324947326649365e-06,0.004882707471100886,9.715131690790524e-05,115036,0.09041750884571549
128,0.08999250786020738,0.09048200282656792,0.0020748457366200875,0.0001,5.058856398054364e-06,0.004876368694566384,9.376407904121943e-05,114834,0.08999250786020738
129,0.08953824900976701,0.09121436460295874,0.0021648664840811177,0.0001,5.375206920099376e-06,0.004965855363021053,0.00010026362288426368,114929,0.08953824900976701
130,0.09213246331434782,0.0919341949890885,0.00212532441244665,0.0001,5.2337468904902915e-06,0.004925127533321147,9.81937685347631e-05,114638,0.09213246331434782
131,0.09162852608372496,0.09263917880955712,0.0021044166402876922,0.0001,5.177707048574716e-06,0.004920800329602867,0.00010388470409651105,114697,0.09162852608372496
132,0.09299505132453983,0.0932439629220247,0.0017931424370401295,0.0001,4.442524436792451e-06,0.004955015669726218,0.00010636924123239315,114552,0.09299505132453983
133,0.09258243011976969,0.09383929350637846,0.0017666938420449862,0.0001,4.362198786825882e-06,0.004938262287456146,0.0001002556427349522,114659,0.09258243011976969
134,0.09489445895066047,0.09455162592898309,0.0020928355200967703,0.0001,5.0907069039476016e-06,0.004864889624687001,0.00011021602166135407,114188,0.09489445895066047
135,0.09289669450866486,0.09524838621454564,0.002100217069716713,0.0001,5.14724354700549e-06,0.004901630046935836,9.99303988569035e-05,114589,0.09289669450866486
136,0.0939305438981855,0.09598391041957961,0.0021748830311714025,0.0001,5.413481129403086e-06,0.004978181402691214,0.00010529959356999458,114413,0.0939305438981855
137,0.09503533026170835,0.09663977810438254,0.0019374166321206754,0.0001,4.27861760648685e-06,0.004416827579108289,0.00010155345121252228,114199,0.09503533026170835
138,0.09955622555832086,0.09739298378192802,0.0022169353479221327,0.0001,5.6867456499340775e-06,0.005130276492062876,0.0001161678946405569,113370,0.09955622555832086
139,0.09658557426663655,0.0981608080894038,0.002258742659731278,0.0001,5.910566527605299e-06,0.005233501481136835,0.00011373820005008324,114058,0.09658557426663655
140,0.09987550246710894,0.09886463996137163,0.002131935109904946,0.0001,5.298083833339573e-06,0.004970211155794316,0.00011611915843931327,113556,0.09987550246710894
141,0.0974056752634368,0.09958507187250466,0.002139440242257188,0.0001,5.302392932644528e-06,0.004956803960133337,0.00011111351108134873,113820,0.0974056752634368
142,0.0982405448534298,0.10031896194306815,0.0021564663827316672,0.0001,5.342846028820796e-06,0.004955186013197048,0.00011057712377825297,113392,0.0982405448534298
143,0.09493386376408586,0.10102408973722758,0.002081244711088594,0.0001,4.98776849208927e-06,0.004793062983430161,0.00011307975459064619,114303,0.09493386376408586
144,0.099700732532613,0.10173554350974306,0.0021740510403075596,0.0001,5.529116133770655e-06,0.0050864639617554325,0.0001197592588409613,113701,0.099700732532613
145,0.1024141729878999,0.1024530340321874,0.0021456446227648444,0.0001,5.310841214348394e-06,0.004950345605233476,0.00011835455794733628,113263,0.1024141729878999
146,0.1046864007206586,0.10308661721397111,0.00187507736858154,0.0001,4.703736422296637e-06,0.005017111828142774,0.00011865865413609444,112832,0.1046864007206586
147,0.10223869273780334,0.10382551669139264,0.002166712608430466,0.0001,5.3324490371341055e-06,0.004922156280797065,0.00011666406656224974,112820,0.10223869273780334
148,0.10045882723383358,0.10446051337829254,0.0018585696429009666,0.0001,4.541909229409126e-06,0.004887531921935238,0.00011655185271858246,113555,0.10045882723383358
149,0.10417241185753426,0.10521123154824075,0.0022270416688189537,0.0001,5.684994560386342e-06,0.005105422713892204,0.00012741003887418295,112808,0.10417241185753426
150,0.10547960130707387,0.10587725268182181,0.001960219380764453,0.0001,5.221715933377015e-06,0.005327685242394279,0.00012896752452043375,112606,0.10547960130707387
151,0.1107236581369585,0.10668340124402582,0.002361706768966767,0.0001,6.311349258761932e-06,0.005344735715453033,0.00012836306501550125,112103,0.1107236581369585
152,0.11053197676638032,0.10746422671279827,0.0022806820298689467,0.0001,5.8805930444148435e-06,0.005156872345552489,0.0001275104302359448,111970,0.11053197676638032
153,0.11071282236809152,0.10822754862215324,0.002288014122241833,0.0001,6.014084215006039e-06,0.005257034173472094,0.0001358149398316217,111938,0.11071282236809152
154,0.10914082709533399,0.1088807890051918,0.0019030023267638107,0.0001,4.83792629312291e-06,0.005084519577388161,0.00013043074796390344,112132,0.10914082709533399
155,0.11106116511919506,0.1096675477321757,0.0023232199882033005,0.0001,6.089290844078854e-06,0.005242112994032998,0.0001340920993042764,111702,0.11106116511919506
156,0.10665174035185046,0.11034819183537944,0.0019843982304194414,0.0001,5.102659537316821e-06,0.005142777754078398,0.0001315185236219617,112541,0.10665174035185046
157,0.10943089276982632,0.11104162785851172,0.0020307490244406852,0.0001,5.413911447786245e-06,0.005331935539673455,0.00013474043033804292,112193,0.10943089276982632
158,0.1171001346831323,0.11186179163695033,0.0023927668140486884,0.0001,6.413670114695406e-06,0.005360881868670802,0.00014710843936826073,110856,0.1171001346831323
159,0.11380140208150283,0.11246826268438613,0.0018343446603280948,0.0001,4.746045600206196e-06,0.005174649784034922,0.00014408877766205225,111433,0.11380140208150283
160,0.11351386899558921,0.11312965946186088,0.0019433377952202378,0.0001,4.957518759343767e-06,0.00510206591107022,0.00014338265315485876,111402,0.11351386899558921
161,0.11236437383361911,0.11379589030275676,0.0019570972230570105,0.0001,4.994274669290318e-06,0.005103757350888473,0.0001387092005772087,111578,0.11236437383361911
162,0.11538023253459348,0.1145803993837612,0.0023097864175240213,0.0001,5.924494801700756e-06,0.005129907039674713,0.0001383351412139021,111295,0.11538023253459348
163,0.11468411729365896,0.11537875855930586,0.002351366121842512,0.0001,6.175709262941331e-06,0.005252869134732701,0.00014585987057330962,111266,0.11468411729365896
164,0.11657032758204221,0.11608944579150239,0.0020503960034812287,0.0001,5.41226571156517e-06,0.005279239427287264,0.0001427993002005651,111022,0.11657032758204221
165,0.1130280082105897,0.1167979918394189,0.002122823237710692,0.0001,5.33655959603031e-06,0.005027794590929195,0.00014061536787001263,111581,0.1130280082105897
166,0.11278344904320292,0.1175562534692318,0.002263396417723518,0.0001,5.797665211641375e-06,0.005122978163473951,0.00014399613077001902,111366,0.11278344904320292
167,0.11730300954865881,0.11816699760879072,0.0018743585329303448,0.0001,4.8464461361398455e-06,0.005171311732513612,0.00014866417477323767,110893,0.11730300954865881
168,0.11852177208558579,0.11884683477063337,0.0020121965493846558,0.0001,5.245146098211564e-06,0.005213353635672983,0.00015433457188533233,110839,0.11852177208558579
169,0.11936369370631934,0.11953789071428497,0.002024193536373536,0.0001,5.274147298821981e-06,0.005211109712632451,0.00015689728067046506,110600,0.11936369370631934
170,0.12257011516288371,0.12025108860445527,0.0020756557385670305,0.0001,5.418318324202986e-06,0.0052208256152762875,0.00015559665875055644,110141,0.12257011516288371
171,0.12008504839264916,0.12105467582333418,0.00238513362183437,0.0001,6.330060453404376e-06,0.005307929413645197,0.00015733170303242343,110336,0.12008504839264916
172,0.12036581265140128,0.12170910718878424,0.002008323997519079,0.0001,5.236333824961408e-06,0.00521463053912611,0.00016055743511962298,110437,0.12036581265140128
173,0.12374822677092764,0.1224336405426476,0.0020973970331760183,0.0001,5.657696837000142e-06,0.005394969810206015,0.00015755096841781974,109960,0.12374822677092764
174,0.12038768086461794,0.12323823859125475,0.0023681278350664143,0.0001,6.25047162934904e-06,0.005278829577351548,0.00015708208032955904,110321,0.12038768086461794
175,0.12216978789310608,0.12402601413976942,0.0023174894197401474,0.0001,6.010654991349165e-06,0.0051872124551257896,0.0001642128270219688,110112,0.12216978789310608
176,0.12469139676412727,0.12481642328861865,0.002318646626667066,0.0001,5.9711158081509346e-06,0.005150518185458992,0.00015870565671212712,109669,0.12469139676412727
177,0.12491515720193169,0.12553427893753158,0.0020773094648874274,0.0001,5.464978947316454e-06,0.005261593459896558,0.00016481057989366335,109814,0.12491515720193169
178,0.12439702195250006,0.12622957064210014,0.0020303408856663326,0.0001,5.1823135719970346e-06,0.005104870427013306,0.00017190422733002905,109744,0.12439702195250006
179,0.12789436575480717,0.12695885022817405,0.0021381626299180638,0.0001,5.653321054867629e-06,0.005288017829667398,0.00016827904675053884,109332,0.12789436575480717
180,0.12885816386708057,0.12764824678965078,0.0020583455782953414,0.0001,5.392771189169262e-06,0.005239908444951589,0.00016772337825999648,109325,0.12885816386708057
181,0.1274880714968185,0.1284815808956936,0.0024444181298086363,0.0001,6.566115645864252e-06,0.0053723342711242995,0.0001712134422910722,109352,0.1274880714968185
182,0.12936150529944856,0.12920840845808199,0.0021283860943804166,0.0001,5.649171454710436e-06,0.005308408535111142,0.00016922825111388598,109040,0.12936150529944856
183,0.13147042937958706,0.1300053114338755,0.0023718023628753492,0.0001,6.3112616884080225e-06,0.005321911966355279,0.00017669432980518674,108750,0.13147042937958706
184,0.13001158929869644,0.13080189336302625,0.0023471365146894956,0.0001,6.052867117407399e-06,0.005157660902572714,0.00017622717246532386,108862,0.13001158929869644
185,0.13283736000710633,0.13163580528469415,0.0024790875952967976,0.0001,6.786991893678579e-06,0.005475394985279685,0.00017263397524520255,108658,0.13283736000710633
186,0.13025443499110395,0.13235714117307124,0.0021143062178616496,0.0001,5.634496003466305e-06,0.005329876964714106,0.00016929918485370364,109017,0.13025443499110395
187,0.13374017189246115,0.13320594338454025,0.0024786587132849336,0.0001,6.601624187343858e-06,0.005326771412264994,0.00018547688658386227,108311,0.13374017189246115
188,0.1298747031015715,0.1339773994785989,0.00238288032028182,0.0001,6.306831271038793e-06,0.005293451976885598,0.00017714957082933737,108703,0.1298747031015715
189,0.13353493131081937,0.1346648733148185,0.002052570186177171,0.0001,5.406369618142082e-06,0.0052679023154002125,0.00018232620532406227,108444,0.13353493131081937
190,0.13670363802777546,0.1354213321747251,0.002226171411212564,0.0001,6.043965733900918e-06,0.0054299194603427735,0.0001785212317514598,108002,0.13670363802777546
191,0.13191391314378287,0.1361322199328092,0.0020769828661482245,0.0001,5.398894611442132e-06,0.0051987858922056575,0.00017703904804402748,108739,0.13191391314378287
192,0.13794202064123595,0.13688596470449596,0.0022388369093868698,0.0001,6.210274675949312e-06,0.005547768709646711,0.00018546364460358418,107818,0.13794202064123595
193,0.13695679944495084,0.1376870758604621,0.002398396185600883,0.0001,6.317393553017318e-06,0.005268015010151117,0.0001889049651244511,107863,0.13695679944495084
194,0.1367794115625376,0.13853391763297593,0.002503979994057939,0.0001,6.699932551083981e-06,0.005351426582467297,0.00018627894246540916,108088,0.1367794115625376
195,0.13946857145028602,0.1392727629759629,0.0021624867999325845,0.0001,5.750439805954464e-06,0.005318358295767385,0.00019268052296605328,107561,0.13946857145028602
196,0.14100289290538465,0.14007268432804595,0.0024211903461277082,0.0001,6.395809473734349e-06,0.005283194263485631,0.0001977316210507785,107209,0.14100289290538465
197,0.14081401410534064,0.14092589032791197,0.0025257207150662544,0.0001,6.82868994775601e-06,0.005407319904391631,0.00020052126338834472,107217,0.14081401410534064
198,0.14043037731769786,0.14164054520463532,0.0021244526367956516,0.0001,5.708003752960562e-06,0.0053736229785475865,0.00018899648633837672,107504,0.14043037731769786
199,0.14148669740085656,0.14235035748066013,0.002126902725965562,0.0001,5.6177507292705086e-06,0.005282564793103253,0.00019882606108947347,107313,0.14148669740085656
200,0.14159043611415434,0.14318964009958826,0.0024937550106246273,0.0001,6.590441672209699e-06,0.005285556635781113,0.00019712831604388236,107037,0.14159043611415434
201,0.1451049803347541,0.14401471778430827,0.0024923769059626696,0.0001,6.8230536240430024e-06,0.005475137895652765,0.00020602025352788468,106779,0.1451049803347541
202,0.1435411990531968,0.14488013724216695,0.002543351696831647,0.0001,6.844548024135275e-06,0.005382305587278233,0.000201763481858943,106719,0.1435411990531968
203,0.14260655362812602,0.14557120581707056,0.0020968806906642226,0.0001,5.3641764506606325e-06,0.005116339212376874,0.0001990881618743022,107128,0.14260655362812602
204,0.14372879808994704,0.14641008128347602,0.002504335214377351,0.0001,6.69848987604947e-06,0.00534951538244045,0.00020269033072749143,106887,0.14372879808994704
205,0.1473915580853833,0.1471557929131618,0.0022409720504282487,0.0001,6.108317302028779e-06,0.005451489054369493,0.00020880052053284765,106359,0.1473915580853833
206,0.14750606866458527,0.14788165859322447,0.0021648039814989913,0.0001,5.822845599990485e-06,0.00537955921159987,0.00021273716377289602,106414,0.14750606866458527
207,0.1460979340707675,0.14864058559928517,0.0022502694814310713,0.0001,6.074814497224102e-06,0.0053991884504079836,0.00020671761442281388,106451,0.1460979340707675
208,0.14531930033473026,0.14933415723261578,0.002093857670008405,0.0001,5.428964776063486e-06,0.005185610133702825,0.00020784918279747282,106650,0.14531930033473026
209,0.14624307820824736,0.1501711887970157,0.0025044400882896682,0.0001,6.547866536485548e-06,0.005229006329280741,0.00020075855830778316,106497,0.14624307820824736
210,0.14992934476852493,0.1509881440048215,0.002462331155324124,0.0001,6.431049975297328e-06,0.005223545956758842,0.00021227352720305036,105875,0.14992934476852493
211,0.14868625044654638,0.15171297471410863,0.0022257146170274783,0.0001,6.126075391751723e-06,0.005504816605763515,0.00021308742604369003,106126,0.14868625044654638
212,0.15092026182885307,0.1523913440781862,0.002076443045282021,0.0001,5.326096985644467e-06,0.005130019817057954,0.00021133428713342091,105829,0.15092026182885307
213,0.15359207297078192,0.15322875316058585,0.0025328526918574415,0.0001,6.878329481216279e-06,0.005431290578665376,0.0002210887879280757,105138,0.15359207297078192
214,0.1503679671074445,0.15398741875906544,0.002307526524032443,0.0001,6.172097705048473e-06,0.005349535652801619,0.00021439625372039514,106028,0.1503679671074445
215,0.1555495861169707,0.1547310891051321,0.0022386941671976653,0.0001,5.973134980806854e-06,0.0053362670688367015,0.0002174624473125979,105051,0.1555495861169707
216,0.15469269804874977,0.155549230812943,0.0025004878876369254,0.0001,6.6687692678477055e-06,0.0053339744621998504,0.00021469941198127464,105057,0.15469269804874977
217,0.1544863887156671,0.15630198767887943,0.0022842107363738027,0.0001,6.217765123050732e-06,0.00544412564396004,0.0002228586230839528,105115,0.1544863887156671
218,0.1589069026552777,0.1570392081067081,0.0022366682086882484,0.0001,5.985641354691087e-06,0.005352283661421129,0.00023272577669989134,104520,0.1589069026552777
219,0.15733125128508346,0.15777328175516095,0.002249109761851149,0.0001,5.96062564233891e-06,0.005300431080280373,0.00022459774735166194,104836,0.15733125128508346
220,0.15641084706547453,0.1586085321426917,0.002530713376780977,0.0001,6.642776180626933e-06,0.005249726216784317,0.00022811984448077035,105004,0.15641084706547453
221,0.158832074811256,0.1594088294038268,0.0024985461998848703,0.0001,6.605353700709274e-06,0.005287357665040286,0.00023600571998467018,104507,0.158832074811256
222,0.15902874228616332,0.16026115907661087,0.002575219950203073,0.0001,6.920297593879058e-06,0.005374529343276754,0.00022827352831699318,104600,0.15902874228616332
223,0.1589162986325518,0.16107845460585177,0.0025123858550908065,0.0001,6.627314729169287e-06,0.0052757140912415715,0.0002278072276686952,104566,0.1589162986325518
224,0.16027319091913436,0.16181687526103014,0.002281679828966059,0.0001,6.047880383179853e-06,0.005301252442522091,0.00023446468868243127,104352,0.16027319091913436
225,0.1618198377024851,0.16264926935469187,0.002592364344016608,0.0001,7.063205756596691e-06,0.00544923847058702,0.00023334747074353046,103959,0.1618198377024851
226,0.16131673108507813,0.16338293102864734,0.0022526177586244243,0.0001,5.90805213559996e-06,0.005245499031498135,0.0002390803036505122,104336,0.16131673108507813
227,0.16182569102316588,0.16425792194311176,0.002635967353444749,0.0001,6.939586975657488e-06,0.005265305707666416,0.00023397833512431272,104096,0.16182569102316588
228,0.16408774270115561,0.16495654589014072,0.002176133295768449,0.0001,5.662846569207408e-06,0.005204503400797155,0.00025002645793990077,103469,0.16408774270115561
229,0.16795514838959585,0.16571816332968037,0.002349897911852395,0.0001,6.163997315694236e-06,0.005246183065744531,0.00025028929366197245,102939,0.16795514838959585
230,0.16506964642687885,0.16647117608832823,0.0023064910555639644,0.0001,6.264285238231529e-06,0.005431874728601397,0.00023941365120983235,103583,0.16506964642687885
231,0.1627561509971335,0.16722728487849586,0.002359619381941158,0.0001,6.200503634560452e-06,0.0052555116999077715,0.00023796434174236234,103943,0.1627561509971335
232,0.16818084113444998,0.1679582711914116,0.0022863457846204888,0.0001,6.018454512494561e-06,0.00526469316494361,0.00024472341675635314,103005,0.16818084113444998
233,0.16559811325588336,0.16881079333150398,0.0026143887395124327,0.0001,6.917984612679473e-06,0.005292238685184693,0.00024320336597840833,103332,0.16559811325588336
234,0.16826252011082796,0.16951871763541784,0.002246203450203229,0.0001,5.85699023359248e-06,0.005215013121863523,0.0002475953802973015,103186,0.16826252011082796
235,0.16967754371973193,0.17026075254261303,0.002323395146917104,0.0001,6.308157403654527e-06,0.005430120151559043,0.0002481894204051858,102636,0.16967754371973193
236,0.17300670462810308,0.171019994074637,0.0023721042007349958,0.0001,6.364631351677168e-06,0.005366232520228317,0.00025235121325469797,102214,0.17300670462810308
237,0.1718806085876721,0.17175404030637703,0.0022958106567804153,0.0001,6.083733763900652e-06,0.005299856715912557,0.0002480271041273317,102614,0.1718806085876721
238,0.17070389261207558,0.1725020528245753,0.002297793037413143,0.0001,6.066199099308006e-06,0.005280022178270099,0.00025474109201116296,102782,0.17070389261207558
239,0.17050520938898622,0.17330953632504917,0.002602808899062153,0.0001,7.009798235184984e-06,0.005386333385989853,0.0002514010295772682,102638,0.17050520938898622
240,0.17130042316624455,0.17401941705707544,0.002238939656084343,0.0001,5.869235798766975e-06,0.005242870912413617,0.0002539790224882166,102444,0.17130042316624455
241,0.1708153394605374,0.1747436336780566,0.0022838313035011535,0.0001,5.898278600851531e-06,0.0051652489321863376,0.0002505462466348032,102736,0.1708153394605374
242,0.1769173371814773,0.17545778518327104,0.002269396525488207,0.0001,5.909293962887812e-06,0.005207810884099743,0.00026132771638563343,101640,0.1769173371814773
243,0.17476247260860012,0.17620582340373922,0.0024967125683058033,0.0001,6.544898671841118e-06,0.005242813093444949,0.00025502315842071643,102017,0.17476247260860012
244,0.176119473564188,0.17692416415971585,0.002270926868611425,0.0001,5.98578358905667e-06,0.005271665654928573,0.0002633481112063185,101729,0.176119473564188
245,0.179823783008341,0.17764061356520633,0.0022826510461081617,0.0001,5.960657842447548e-06,0.005222574736169381,0.0002631389298176596,101303,0.179823783008341
246,0.17673408511310576,0.17846577500884941,0.002570954064624717,0.0001,6.519626075016641e-06,0.005071756173884275,0.0002613535896803949,101792,0.17673408511310576
247,0.17781947886453423,0.17916726418849663,0.0022479294547798523,0.0001,5.8180087252642745e-06,0.005176326786317281,0.0002680547033101187,101496,0.17781947886453423
248,0.18249055613427773,0.17990696998313335,0.0023268746024660177,0.0001,6.170581300613127e-06,0.0053037506138693975,0.00027220818761884664,100973,0.18249055613427773
249,0.18342523979129566,0.1807437634714538,0.0026214348016331433,0.0001,6.762164249152138e-06,0.0051591321248495945,0.0002673543477503549,100549,0.18342523979129566
250,0.17997934375520738,0.18145074139593992,0.0023319094393953006,0.0001,6.167223473512866e-06,0.005289419365369626,0.00026708630188107725,101400,0.17997934375520738
251,0.17992387044715824,0.18217181189192472,0.002327235952724671,0.0001,6.09810405523504e-06,0.005240640982789502,0.0002757659105357377,101094,0.17992387044715824
252,0.18177712133783763,0.18298030348995717,0.0025774698997277725,0.0001,6.650634814698687e-06,0.0051605916448538265,0.00027104871070396375,101031,0.18177712133783763
253,0.18256556341490854,0.18378965997446195,0.0025833699087634897,0.0001,6.5302865409434785e-06,0.00505563413028152,0.0002735299733232481,100655,0.18256556341490854
254,0.18428238731274876,0.18450674723375068,0.002322980355739251,0.0001,5.976916784017585e-06,0.005145903855149499,0.00027116234758438616,100513,0.18428238731274876
255,0.1814957959012007,0.1852277895832538,0.0023891125109176486,0.0001,6.098207961542644e-06,0.0051049985579794625,0.0002781643115043737,101153,0.1814957959012007
256,0.18574048805350774,0.18595393792097298,0.0023324369466240793,0.0001,6.014619177650097e-06,0.005157369151055108,0.00027979278494761977,100418,0.18574048805350774
257,0.18484534399154187,0.1867412577624438,0.002574779245695835,0.0001,6.58566832635773e-06,0.005115520747937327,0.0002766085395931497,100309,0.18484534399154187
258,0.18471545539057377,0.18744418068807878,0.0023191109820492398,0.0001,5.895592366256082e-06,0.0050843555240694446,0.0002785791059654862,100553,0.18471545539057377
259,0.1869070897758442,0.18817136079711427,0.002354333130194467,0.0001,5.982854243038758e-06,0.005082419447195712,0.00028254005083607197,100247,0.1869070897758442
260,0.18956463855212152,0.1888642622580029,0.002275874423026313,0.0001,5.7143398767255946e-06,0.00502166535983741,0.00028391018000373366,99770,0.18956463855212152
261,0.19133852817191888,0.18955448941083838,0.0023066556588107047,0.0001,5.996582381654875e-06,0.005199373698236927,0.00028483060003097935,99332,0.19133852817191888
262,0.19030109632118342,0.19025071410733063,0.00229478101997595,0.0001,5.808708293612255e-06,0.0050625382056481635,0.00028147919196111005,99572,0.19030109632118342
263,0.18880679960949023,0.19104239023426298,0.002601229408353083,0.0001,6.5765072095066916e-06,0.0050564607553552745,0.0002840493049581515,99925,0.18880679960949023
264,0.1915144036921097,0.19177005171293768,0.0024039558667084127,0.0001,6.099465164506328e-06,0.005074523412826165,0.000287095970385032,99499,0.1915144036921097
265,0.18750535978974026,0.1925814509414247,0.0026835448797047643,0.0001,6.948049087606944e-06,0.005178261887963169,0.0002853854391697725,99875,0.18750535978974026
266,0.1916594416571185,0.19337784678116235,0.002639801176874273,0.0001,6.836684544315528e-06,0.00517969656518654,0.0002850722419525593,99348,0.1916594416571185
267,0.19038775796308233,0.19406831506576738,0.0023305836803894702,0.0001,5.916447263759308e-06,0.005077223627319483,0.00029158055672472063,99398,0.19038775796308233
268,0.19264431304751772,0.19473550387016333,0.002275294512135737,0.0001,5.787433936216787e-06,0.005087195442478637,0.0002945059323174353,99467,0.19264431304751772
269,0.19545126146326683,0.19552791587220028,0.002642977871239162,0.0001,6.818773404464342e-06,0.005159917136398387,0.0002967333763081757,98763,0.19545126146326683
270,0.1975792585290463,0.19620727495284226,0.002323697654889344,0.0001,5.890930735386197e-06,0.005070307424023911,0.0002953053088596611,98499,0.1975792585290463
271,0.1938146099380069,0.19690828084736983,0.002335252638229358,0.0001,5.8208060868323976e-06,0.004985161769260104,0.0002952530166709428,99164,0.1938146099380069
272,0.19488874025796238,0.19757697226457635,0.002258283958267198,0.0001,5.654885916781085e-06,0.005008126543236069,0.0002895830267205603,98839,0.19488874025796238
273,0.19353209180714742,0.1982763624815744,0.002350755350621529,0.0001,5.907456369364723e-06,0.005026006953724741,0.00029568179367154955,99084,0.19353209180714742
274,0.19769226197271172,0.19896114309264196,0.00235384417607473,0.0001,6.008048901106026e-06,0.005104882440540348,0.0003042059566117005,98273,0.19769226197271172
275,0.20473389492973343,0.19966657045416347,0.002403098579153162,0.0001,6.200430227949521e-06,0.0051603627764072145,0.00030527484779802256,97206,0.20473389492973343
276,0.2000081608170911,0.2003365216759609,0.0023183509962585343,0.0001,5.8938097492816705e-06,0.005084484410508488,0.00030364577230091854,98128,0.2000081608170911
277,0.19729990459575197,0.20100979778812272,0.002351353709824475,0.0001,5.8101079559689335e-06,0.004941925948182973,0.0003012143461603152,98518,0.19729990459575197
278,0.2058720599779174,0.20172459023954295,0.002450336412814241,0.0001,6.291750537037632e-06,0.005135417736221353,0.00030517883388100014,97150,0.2058720599779174
279,0.20610012181296394,0.2024213466019125,0.002355849385810884,0.0001,5.9897225203733196e-06,0.005084979164159643,0.0003053006508452644,97056,0.20610012181296394
280,0.19892111388382222,0.20311765718073407,0.002487589414410762,0.0001,6.059277645758288e-06,0.004871605909445114,0.0003060724814952366,98243,0.19892111388382222
281,0.20289565181186187,0.20384119777177567,0.0024631497543651936,0.0001,6.028202306603144e-06,0.004894710356867231,0.000304199018468516,97747,0.20289565181186187
282,0.20502026229225756,0.2045710457806665,0.0025023909182027965,0.0001,6.276837156441902e-06,0.005016671944245938,0.00030697825050070423,97122,0.20502026229225756
283,0.207878873351581,0.2052691283157098,0.0024089695593806203,0.0001,6.076217755491163e-06,0.005044661300787413,0.000310526140295914,96935,0.207878873351581
284,0.20334380068812707,0.20596615638514576,0.0024305269971821104,0.0001,6.258323113301001e-06,0.005149766384456323,0.00030461382064288895,97616,0.20334380068812707
285,0.20593966820921972,0.2066532191197636,0.0024060706078134556,0.0001,6.1812650425217296e-06,0.0051380578960972595,0.0003127320981569149,96981,0.20593966820921972
286,0.20611245653674623,0.20733248103657478,0.002357080939643652,0.0001,5.913535526428042e-06,0.005017677099643477,0.00032064499063597286,97002,0.20611245653674623
287,0.20792551312574198,0.20803543547064876,0.0024488330622766817,0.0001,6.215931405831155e-06,0.005076647732003585,0.000310989815227543,96984,0.20792551312574198
288,0.2082808452700461,0.2087997972733284,0.0026400146313025614,0.0001,6.571533561709397e-06,0.004978406925318483,0.0003136190409933683,96775,0.2082808452700461
289,0.2065486603628211,0.20950637464038524,0.0024239927095924146,0.0001,5.986896509952522e-06,0.004939698445676591,0.000316455594513068,96945,0.2065486603628211
290,0.20796012385063162,0.21014885198831107,0.0023106943417599717,0.0001,5.7617548690261785e-06,0.00498703334742029,0.00031246129818582335,96925,0.20796012385063162
291,0.2078194766414494,0.21088482379755427,0.0026046675105303773,0.0001,6.393110213772156e-06,0.004908964532267963,0.00031622537898974383,96913,0.2078194766414494
292,0.20851309339817342,0.21156868252819241,0.0023778157691872045,0.0001,5.792329363357313e-06,0.004871974892602609,0.00031995291868398997,96433,0.20851309339817342
293,0.2130098257309314,0.21224526676142183,0.0023857618873048903,0.0001,6.08255034605539e-06,0.0050990422627017725,0.000326882068438137,95903,0.2130098257309314
294,0.21044660691862677,0.21294044506121207,0.002431156816817739,0.0001,5.99422566681137e-06,0.004931171552033001,0.00031660854265892486,96330,0.21044660691862677
295,0.21255817621994294,0.2136136623827444,0.002361472380583701,0.0001,5.929772618544125e-06,0.005022097795679848,0.0003264442294202837,96208,0.21255817621994294
296,0.21350292425588696,0.2143288166484643,0.0026392375468869914,0.0001,6.689650962494031e-06,0.005069381473740055,0.0003279024485733021,95905,0.21350292425588696
297,0.2122958052999514,0.2150277911681815,0.0024441622725049385,0.0001,6.081724606441659e-06,0.004976530956930865,0.00032913882400245343,96067,0.2122958052999514
298,0.2185693555975597,0.21575580413023823,0.002605466144647909,0.0001,6.6200620088719296e-06,0.005081671870863272,0.0003355062135996815,94955,0.2185693555975597
299,0.21573197203883795,0.2164265177549018,0.0023948330259261005,0.0001,5.8550769196221684e-06,0.004889757954927119,0.00032924783924190916,95690,0.21573197203883795
300,0.21795893666833766,0.21708406789988652,0.002337935670672385,0.0001,5.733965780132542e-06,0.004905152739710297,0.00033667031335854307,95220,0.21795893666833766
301,0.21871462636347455,0.2178138115310901,0.002657494822598455,0.0001,6.581755859794972e-06,0.004953353665132968,0.00033442975859651267,95135,0.21871462636347455
302,0.22115806918475325,0.2184978383982488,0.0024598584109716904,0.0001,6.124283733610334e-06,0.004979379062058394,0.00032965352375462854,94722,0.22115806918475325
303,0.22120548060131556,0.21916853229988603,0.0024183270914026147,0.0001,6.005907286611839e-06,0.004966993346734125,0.0003396245842434374,94527,0.22120548060131556
304,0.21899869398238994,0.21983058286267707,0.002400648375902386,0.0001,5.890277552095846e-06,0.0049072389036413835,0.00033459242122198057,94836,0.21899869398238994
305,0.21771001801693918,0.2204616881931657,0.002387740343012234,0.0001,5.884838671544312e-06,0.00492921157760424,0.00033449133381390585,95154,0.21771001801693918
306,0.2195798083719527,0.22111580020649718,0.002365290662102844,0.0001,5.556292390704137e-06,0.004698189934732468,0.00033443571144805564,95041,0.2195798083719527
307,0.21965720421143692,0.22175343944277423,0.0023149862849687138,0.0001,5.417159274445782e-06,0.004680078935775632,0.00033702367830729677,94887,0.21965720421143692
308,0.22068956766712938,0.22242205678936192,0.002422606944424803,0.0001,5.7643510686554495e-06,0.004758800086758668,0.00033321521702641305,94700,0.22068956766712938
309,0.22766752060393797,0.22310549786696302,0.002514974642999913,0.0001,6.273623507317694e-06,0.004989015316539643,0.00034581287451235335,93544,0.22766752060393797
310,0.22326241575254446,0.22374194549968604,0.0023650566710390624,0.0001,5.680132482557673e-06,0.004803379599409062,0.00034272337805219585,94433,0.22326241575254446
311,0.2190382519221647,0.22438443821496623,0.00240751769898858,0.0001,5.60258065101571e-06,0.004654238391160659,0.0003347597796636496,94917,0.2190382519221647
312,0.2266534450539963,0.22503535761310056,0.002374684593678256,0.0001,5.617832441228457e-06,0.00473143461340838,0.00033953875037589457,93594,0.2266534450539963
313,0.22840823635738597,0.2256885899383125,0.0024038471393671443,0.0001,5.8141081146820576e-06,0.004837335968220279,0.00034418723187014204,93376,0.22840823635738597
314,0.22528538664872821,0.22634912114654104,0.0025505769103576345,0.0001,6.184849127844446e-06,0.004849764853377602,0.00034185605394279465,94192,0.22528538664872821
315,0.22567631044760278,0.22698575492899445,0.0024064051417967817,0.0001,5.7760829494907424e-06,0.004800590598121759,0.0003439950895200205,94158,0.22567631044760278
316,0.2272476397318809,0.2276027049334235,0.002375240896599985,0.0001,5.721954585628705e-06,0.0048179993817211025,0.00035463264280813356,93560,0.2272476397318809
317,0.2251779691154434,0.22822708326848617,0.0023546990341917146,0.0001,5.492629296747914e-06,0.004665249543140311,0.0003474151923917836,94045,0.2251779691154434
318,0.22711927735823395,0.2288053130188468,0.002286784371285253,0.0001,5.442819541931336e-06,0.004760238534315573,0.00034439334822340657,93674,0.22711927735823395
319,0.22682256171479753,0.22941861294282373,0.0023342466003497377,0.0001,5.535077066840633e-06,0.004742495558105401,0.00035271162302652416,93849,0.22682256171479753
320,0.231888039806937,0.23002575115157858,0.0023693973623224764,0.0001,5.5422872640933e-06,0.0046782252333232655,0.0003495324590875006,92899,0.231888039806937
321,0.2308731774988146,0.23066371357859694,0.0024750795310540157,0.0001,5.8870877202101415e-06,0.004757089739013855,0.00035182174063620297,93210,0.2308731774988146
322,0.23406038707339916,0.2312564815758288,0.0023069473731324895,0.0001,5.399000664071211e-06,0.004680644844307979,0.0003496337627056838,92363,0.23406038707339916
323,0.23402877207330064,0.2319062105077071,0.0024701752164808023,0.0001,5.8680869559553905e-06,0.004751150377352995,0.00034536949047861876,92620,0.23402877207330064
324,0.2369657474553196,0.23251998328005752,0.0023542975745643405,0.0001,5.574264624789502e-06,0.004735395121681686,0.00035964313385204423,91946,0.2369657474553196
325,0.23203481807069348,0.23314505032426086,0.0023809872561429686,0.0001,5.488146313566504e-06,0.004609975378412494,0.00034822859863634374,92852,0.23203481807069348
326,0.2345140802680278,0.23377094083467978,0.0024191728885975395,0.0001,5.5841418795569805e-06,0.004616571147830826,0.0003552840091304714,92435,0.2345140802680278
327,0.23442780049797307,0.2343957626519406,0.0024498590960704454,0.0001,5.819516122239204e-06,0.004750898638679802,0.00035605260632488845,92491,0.23442780049797307
328,0.2318752959702029,0.23501835966779325,0.0024414778243149805,0.0001,5.820022670730652e-06,0.004767622800230519,0.0003458549803396536,92822,0.2318752959702029
329,0.23710587171939573,0.23564037301689175,0.0024241125771853767,0.0001,5.572001630012708e-06,0.004597147576769992,0.0003515253609451236,92085,0.23710587171939573
330,0.24032922264985376,0.23626219285061328,0.002467173163537536,0.0001,5.844710089208354e-06,0.004737981245570913,0.00035960458659080677,91538,0.24032922264985376
331,0.2386061965297665,0.23689968927285757,0.0025665167661955215,0.0001,6.0487791363914835e-06,0.004713609679907056,0.00035096097725550155,91908,0.2386061965297665
332,0.2374980138556917,0.2375307083367663,0.0024965956770749025,0.0001,5.946931881182022e-06,0.00476403282741373,0.00036988351509585735,91975,0.2374980138556917
333,0.2387564627160213,0.2381188574575761,0.0024069490886617457,0.0001,5.563707467828327e-06,0.004623037100399765,0.0003550982546976909,91948,0.2387564627160213
334,0.23960273747657773,0.23871524099121855,0.0023961576534129955,0.0001,5.516422611648385e-06,0.004604390369549353,0.00035771076750238404,91721,0.23960273747657773
335,0.23703075955642877,0.23933221299977603,0.002444896529177859,0.0001,5.694311896226115e-06,0.004658120970167135,0.00035463225190472203,92085,0.23703075955642877
336,0.23947065681301338,0.2399028145717032,0.002324652621447272,0.0001,5.362609838673568e-06,0.004613687042268654,0.0003597056085779804,91878,0.23947065681301338
337,0.24181334164315121,0.2405569528181679,0.0025905131708229183,0.0001,5.9906077895798416e-06,0.004625035577546845,0.0003570317536249574,91101,0.24181334164315121
338,0.24181032523401583,0.2411574841288852,0.002430467037955754,0.0001,5.6425198982189594e-06,0.0046431568995602066,0.0003643092468341748,91413,0.24181032523401583
339,0.2404595737215071,0.24175911783609877,0.0024225244774889266,0.0001,5.61548320027352e-06,0.004636058997508468,0.0003655260099544386,91358,0.2404595737215071
340,0.23864507896289344,0.24234781283149714,0.0023714042790601497,0.0001,5.438351294821349e-06,0.0045866083171417,0.00035367805777145316,91739,0.23864507896289344
341,0.24456695995223088,0.2429660752146997,0.002434143372043335,0.0001,5.533649020000117e-06,0.004546691114052915,0.0003594899872487144,90858,0.24456695995223088
342,0.2445624118678249,0.24357959097464904,0.002484417252773901,0.0001,5.773257549156868e-06,0.004647574832859425,0.00036945819299686445,91026,0.2445624118678249
343,0.2424366139811105,0.24416026135904723,0.002430234697885433,0.0001,5.562244501987889e-06,0.00457753689948353,0.0003696860239769044,91148,0.2424366139811105
344,0.24351743604836373,0.24471766592258046,0.002286524211953015,0.0001,5.147497316176229e-06,0.004502464736010417,0.00037262529629468726,90857,0.24351743604836373
345,0.24338843018382944,0.24534010716978102,0.0025311594195699997,0.0001,5.689166839080354e-06,0.004495305033016723,0.0003764293089292768,90997,0.24338843018382944
346,0.24973574298123377,0.24594948252148818,0.0024511225274954436,0.0001,5.5294094026281715e-06,0.004511736431452997,0.0003725014809983816,90097,0.24973574298123377
347,0.2452940114517056,0.2465598103316957,0.002466479277169586,0.0001,5.6302324145594525e-06,0.004565400136684253,0.0003744473731744252,90828,0.2452940114517056
348,0.2490030463023993,0.24716693497180692,0.0024710035553540187,0.0001,5.5830997089488744e-06,0.004518892493579588,0.00036951200513174026,90070,0.2490030463023993
349,0.24894291160146614,0.2477804010440856,0.0025544844392986275,0.0001,5.95893727750191e-06,0.004665471580745291,0.0003735762426682566,90191,0.24894291160146614
350,0.24649449762394837,0.248388274055396,0.002520948350016195,0.0001,5.5227974915839e-06,0.00438152371630178,0.00036595495840150945,90682,0.24649449762394837
351,0.25015077028908533,0.2489890035234735,0.0025081577391559765,0.0001,5.611563161985998e-06,0.004474649320799379,0.0003679450837011821,89665,0.25015077028908533
352,0.2507955157670757,0.2495606500301526,0.002431882887738778,0.0001,5.5058958128997495e-06,0.004528092895146987,0.0003746235420569865,89913,0.2507955157670757
353,0.24804921731127139,0.25013221757211695,0.002434123988435932,0.0001,5.442774782947665e-06,0.004472060428150144,0.0003813984081249774,90273,0.24804921731127139
354,0.24841149706764182,0.25071587319963723,0.002476450320791081,0.0001,5.503850594209563e-06,0.004444951346693201,0.000371101484357905,90302,0.24841149706764182
355,0.25067811194270345,0.25129737602962915,0.0024282439169461467,0.0001,5.440188374826349e-06,0.004480759397242217,0.0003777037750468758,89672,0.25067811194270345
356,0.2508149524072985,0.25185077913989706,0.002380066375572799,0.0001,5.263571123266063e-06,0.004423045657287018,0.00037181580441712737,89786,0.2508149524072985
357,0.2508123213068596,0.25238989932964895,0.0023586200537944572,0.0001,5.220949770118491e-06,0.004427122343608694,0.00037394601377756107,89786,0.2508123213068596
358,0.25266706495736824,0.2529601682199714,0.002462601302687957,0.0001,5.615383910998063e-06,0.0045605302854902306,0.00037420381452611277,89668,0.25266706495736824
359,0.25465292641044823,0.2535439460716976,0.0025345603844292067,0.0001,5.704008593340706e-06,0.004500984571827648,0.00037298786090200596,89217,0.25465292641044823
360,0.2560414555182826,0.25413578995917246,0.002484320138795741,0.0001,5.3937656233743024e-06,0.0043422468297414345,0.0003767179517106953,89011,0.2560414555182826
361,0.2539268741990758,0.25475491846022086,0.0026613867887364763,0.0001,6.1300728043740514e-06,0.004606675610112556,0.00038931418219547,89382,0.2539268741990758
362,0.25794270333164426,0.25530968708372215,0.0023811601063332254,0.0001,5.162063698254626e-06,0.004335755235042759,0.00039165759607377113,88418,0.25794270333164426
363,0.2521638525330166,0.25585301711824615,0.002365855004048587,0.0001,4.969992653260418e-06,0.004201434698876712,0.00037718036185649796,89627,0.2521638525330166
364,0.255601263152908,0.2564014402723487,0.002461882655701515,0.0001,5.404410153431706e-06,0.004390469335258967,0.0003775117325398146,89101,0.255601263152908
365,0.25647825231745247,0.25698239349626406,0.0025541789101975855,0.0001,5.670473470170137e-06,0.004440153700690826,0.0003868391862470586,88986,0.25647825231745247
366,0.25717718544084556,0.25753167054078013,0.002469892954299976,0.0001,5.38063467854355e-06,0.004356978037591549,0.00038429982747216636,88719,0.25717718544084556
367,0.2571979791129109,0.25811966006183285,0.002556445602917983,0.0001,5.560991957780983e-06,0.0043505654502748225,0.0003785194967740409,88757,0.2571979791129109
368,0.2593736032430677,0.2586455111027598,0.0023677903565192345,0.0001,5.0675219821026296e-06,0.004280380624196923,0.0003882000873247512,88284,0.2593736032430677
369,0.2555163326927363,0.25918429114896885,0.0023596598768793526,0.0001,4.9918420695628435e-06,0.0042309844045528705,0.0003865051083573717,89114,0.2555163326927363
370,0.25922021038825,0.25972987743000386,0.002371880703445698,0.0001,5.067687477151373e-06,0.0042731385855868725,0.00037807433169727983,88641,0.25922021038825
371,0.25739007704659783,0.2602520521069072,0.002304821954874709,0.0001,4.9398319483186885e-06,0.004286519345124182,0.00038647918817633564,88929,0.25739007704659783
372,0.25883412923300037,0.26082604000166476,0.002529275489276216,0.0001,5.451220763833658e-06,0.004310499814627621,0.00037919303791768494,88455,0.25883412923300037
373,0.26052657812880875,0.26137157077007056,0.002455472520882061,0.0001,5.304801346924838e-06,0.004320798788674071,0.0003820814774600534,88329,0.26052657812880875
374,0.26305716702318604,0.2619158921530153,0.0023895409803375545,0.0001,4.933620255849644e-06,0.004129345591011964,0.0003918599905981917,87818,0.26305716702318604
375,0.2590142200825444,0.2624879685730708,0.002519981030446085,0.0001,5.432227823922617e-06,0.004311324377676771,0.00039006042155384014,88296,0.2590142200825444
376,0.2613003437034842,0.2630328968304543,0.0024136210364842613,0.0001,5.133059064238356e-06,0.004253409285589666,0.0003964176550219869,88015,0.2613003437034842
377,0.2626828079358765,0.2635868610768504,0.002508105348198343,0.0001,5.387430144305293e-06,0.004296015833764929,0.0003951644834796932,87834,0.2626828079358765
378,0.2637106694268837,0.2641230870678848,0.0024288062880243695,0.0001,5.093636228864567e-06,0.004194353624642345,0.0003954688651896815,87677,0.2637106694268837
379,0.26905323882536764,0.2646391962305458,0.002387305001126763,0.0001,4.913827547915695e-06,0.004116631553652726,0.00040382718836778995,86849,0.26905323882536764
380,0.2664187751766508,0.2651427157658722,0.0024596220520227436,0.0001,5.243296111353739e-06,0.004263497399563286,0.0003954482451516593,87143,0.2664187751766508
381,0.2638994509202495,0.2656134774255351,0.0022414784235841585,0.0001,4.724390894374598e-06,0.004215423931514116,0.0003865020020952323,87419,0.2638994509202495
382,0.26253733787632316,0.2661513575185508,0.0024826479128804914,0.0001,5.235867161163776e-06,0.004217969961829072,0.0003992021435254356,87592,0.26253733787632316
383,0.2617330736672556,0.26666436797652415,0.0024567833422222685,0.0001,5.269791654994689e-06,0.004289992987519957,0.00039404693224577065,87889,0.2617330736672556
384,0.2649904906226797,0.2671462163898713,0.002263689913458391,0.0001,4.7246071017920434e-06,0.004174252907788014,0.00038904630059736773,87305,0.2649904906226797
385,0.2687528104066925,0.26764658937927477,0.0023274522745893827,0.0001,4.811713621752497e-06,0.004134747401083784,0.00039409059222192345,87106,0.2687528104066925
386,0.2679961191560381,0.26820334216174524,0.0025703074904216993,0.0001,5.443573751607439e-06,0.004235737375308613,0.00039427022864088677,87070,0.2679961191560381
387,0.27015431810373003,0.2687063612831361,0.00240751565650868,0.0001,5.092392060221307e-06,0.0042304124141033985,0.0003930649312736078,86690,0.27015431810373003
388,0.27137614842188684,0.2692487300538187,0.0025412823420049324,0.0001,5.376961959353942e-06,0.0042316919064662555,0.0003985733613838954,86273,0.27137614842188684
389,0.26672938939478136,0.2697622711284316,0.0024573053741112974,0.0001,5.097524158029454e-06,0.004148873161418132,0.00038979215914036584,87205,0.26672938939478136
390,0.27439171982574695,0.27026551267840054,0.002423809741607957,0.0001,5.151017982578386e-06,0.004250348444561655,0.00040341000360402,85663,0.27439171982574695
391,0.269088970357087,0.2707505579375488,0.0022930528600143144,0.0001,4.740514214385125e-06,0.004134675041338151,0.0003880433409951344,86845,0.269088970357087
392,0.27246333990963356,0.27121517184748584,0.0022521644023728382,0.0001,4.595519591635507e-06,0.0040809805774336474,0.00040462555953588527,86325,0.27246333990963356
393,0.2715188697442945,0.27169361435907385,0.002274589247069567,0.0001,4.648788487475754e-06,0.0040875850384547024,0.0003938796740510914,86460,0.2715188697442945
394,0.26984600521307756,0.27219162179106016,0.0024583099255706085,0.0001,5.100171974780627e-06,0.004149331963175315,0.0004005532559171843,86768,0.26984600521307756
395,0.27235972898517324,0.2726619000911221,0.002301747013628001,0.0001,4.776640334285331e-06,0.004150447730358008,0.00040720891371780123,86277,0.27235972898517324
396,0.26992198903406284,0.2731239590966936,0.0022435799122499963,0.0001,4.60927048404726e-06,0.004108853407788634,0.00040517039026117353,86486,0.26992198903406284
397,0.27040818893652285,0.273641559948647,0.0024694295367813993,0.0001,5.074174369174879e-06,0.004109592352076948,0.0004085698311597513,86611,0.27040818893652285
398,0.27180001986170044,0.27410039609554765,0.0022277939184818093,0.0001,4.453020312664942e-06,0.003997695007354697,0.00039469386042893405,86123,0.27180001986170044
399,0.271137026213678,0.27460261788890084,0.0024847536210989324,0.0001,5.160936560492608e-06,0.004154083138601146,0.00040188382340496527,86471,0.271137026213678
400,0.2709180242317534,0.27509203927363385,0.0023198292249416367,0.0001,4.701154014462945e-06,0.00405301732034281,0.0004147434048704221,86318,0.2709180242317534
401,0.28021729844409315,0.275612797775668,0.0025009389805969516,0.0001,5.0793126716105216e-06,0.00406192450996796,0.00041483687652550986,85067,0.28021729844409315
402,0.27565830417208126,0.2760577648923851,0.0022685412592214804,0.0001,4.610287532060236e-06,0.004064539283400467,0.00040355177159849813,85615,0.27565830417208126
403,0.2725361423001361,0.27652119343726483,0.0022635806070770725,0.0001,4.503343745962243e-06,0.003978955935461333,0.00040556351325375304,86216,0.2725361423001361
404,0.2773242983908064,0.27706229124991716,0.002605456990956393,0.0001,5.427439419131827e-06,0.0041662091817064005,0.00040078900591116026,85431,0.2773242983908064
405,0.2780192062749468,0.27750921948129914,0.002265403121306424,0.0001,4.582755811369187e-06,0.00404586342118782,0.0004078075628759464,85232,0.2780192062749468
406,0.27631132485228627,0.27795574154171376,0.00230399218158426,0.0001,4.6881734242350055e-06,0.004069608796164704,0.0004071578595217492,85709,0.27631132485228627
407,0.2799207548968401,0.2784420006908522,0.0023669784310881323,0.0001,4.8222287911037456e-06,0.0040745861709326195,0.00040555832136124435,85070,0.2799207548968401
408,0.27939890406090817,0.2788854375455357,0.0022652437931715906,0.0001,4.548683052790582e-06,0.00401606490789402,0.0004030031383576235,85140,0.27939890406090817
409,0.2763723044643436,0.2793770651669364,0.002470196491678829,0.0001,4.941603352365702e-06,0.004000979977918453,0.0003961107747694224,85607,0.2763723044643436
410,0.2809186157554532,0.2798161430775099,0.002304265759499148,0.0001,4.747527345799859e-06,0.0041206421839395605,0.00041611259006090753,85052,0.2809186157554532
411,0.2755606717028228,0.28026221046410266,0.0022980093228547127,0.0001,4.517927609513526e-06,0.003932035927427056,0.00040101670264120853,85805,0.2755606717028228
412,0.2825917859788625,0.28073617191109235,0.002428487077853496,0.0001,4.779034847769932e-06,0.003935812458177913,0.00040837837861415623,84408,0.2825917859788625
413,0.28145380288287125,0.2812293340367416,0.002480344116061097,0.0001,4.927963585194901e-06,0.003973612817096314,0.0004150458121208543,84702,0.28145380288287125
414,0.27879303079814455,0.2816794744558848,0.002305975752443612,0.0001,4.5686468162251144e-06,0.003962441332163862,0.0004143529449239606,85071,0.27879303079814455
415,0.2786974509839186,0.28211970379146334,0.0023184584047000745,0.0001,4.555574642709763e-06,0.00392983081643778,0.0004122949129138468,85187,0.2786974509839186
416,0.28336671094349997,0.2826232963095965,0.0025335786319902534,0.0001,5.117098873019056e-06,0.004039423768741937,0.0004156858535039894,84468,0.28336671094349997
417,0.2854381075041096,0.2830991166677134,0.0023667177795977695,0.0001,4.587425361510986e-06,0.0038766137653223967,0.0004093478230875829,84196,0.2854381075041096
418,0.2851032334294986,0.2835453139223,0.0023678468379436358,0.0001,4.6757477701789775e-06,0.003949366737115181,0.00041862623718961605,84130,0.2851032334294986
419,0.2812856506151124,0.28399836737889933,0.0023522820913233584,0.0001,4.507099066837576e-06,0.003832107623029132,0.00040458811778716543,84776,0.2812856506151124
420,0.2843576682710043,0.2844563538279882,0.0024010896375848113,0.0001,4.730674870977656e-06,0.003940440037662325,0.0004189435262553446,84210,0.2843576682710043
421,0.2845106095443041,0.2848631827484446,0.0021965894665504234,0.0001,4.219557406521321e-06,0.0038419171818644972,0.0004123388340161446,84237,0.2845106095443041
422,0.2876837512592757,0.2852992363579909,0.0023510667492241924,0.0001,4.611591474191104e-06,0.003922977921160972,0.0004158244418748747,83668,0.2876837512592757
423,0.2911757044223293,0.2857346190236876,0.0023625808891227762,0.0001,4.680675232358525e-06,0.003962340721461143,0.00042243726903993926,83260,0.2911757044223293
424,0.284554624913349,0.2861833707085852,0.002349123455320261,0.0001,4.497731150975606e-06,0.003829284613194091,0.0004104102016812832,84182,0.284554624913349
425,0.2876736868403413,0.2866444115555408,0.0024128139940359276,0.0001,4.712639195022526e-06,0.00390634272403209,0.00041990779847973574,83687,0.2876736868403413
426,0.2829988901602632,0.2870226904231699,0.002108274830166918,0.0001,4.055500271837734e-06,0.0038472216371493164,0.00041396978029795064,84370,0.2829988901602632
427,0.28864486802029987,0.28743843032146116,0.002255163487971493,0.0001,4.2928927765675714e-06,0.003807167683819681,0.00042057992470040514,83710,0.28864486802029987
428,0.2867696490381455,0.2878741307728509,0.002286511579076246,0.0001,4.4113393267663354e-06,0.003858575978476805,0.0004191871040751931,83683,0.2867696490381455
429,0.2920443975269763,0.288297143079603,0.0022877216654011634,0.0001,4.408136189114245e-06,0.0038537347053897446,0.0004199547465469583,82827,0.2920443975269763
430,0.2897921774448992,0.2887313890321077,0.0023339687444840895,0.0001,4.36049923217527e-06,0.0037365532357539213,0.00042535835570464475,83297,0.2897921774448992
431,0.2879122969151561,0.28915211711390637,0.002263395965569362,0.0001,4.328582445763586e-06,0.003824856553258653,0.00041644784409377217,83732,0.2879122969151561
432,0.29064866044401505,0.28957250049398703,0.0022489365269427342,0.0001,4.21556329871386e-06,0.0037489393303995217,0.00042505134228322457,83201,0.29064866044401505
433,0.28699928933397045,0.29001062511687353,0.0024487829767507233,0.0001,4.966835700296586e-06,0.004056574835298024,0.00042290573801270705,83657,0.28699928933397045
434,0.29301370794617687,0.2904120034660952,0.0022851045305138586,0.0001,4.215973455164563e-06,0.0036899611364531347,0.00041085222766499045,82935,0.29301370794617687
435,0.2880031032609097,0.29083551065283936,0.0023456660774620153,0.0001,4.44755293542043e-06,0.0037921449929758395,0.00041493164220770683,83551,0.2880031032609097
436,0.29145094925990084,0.29127448196020655,0.0024058262127412758,0.0001,4.542323855302773e-06,0.0037761030545320246,0.00042186986706713723,83099,0.29145094925990084
437,0.2891200078058959,0.2916976683923716,0.0022530059666924,0.0001,4.1964817559036e-06,0.0037252291542435494,0.00041503079152496654,83376,0.2891200078058959
438,0.29142665674302126,0.2920886757952721,0.002319493240976209,0.0001,4.4176439070388415e-06,0.0038091457470077203,0.00041997716372118595,82905,0.29142665674302126
439,0.2923305037079368,0.2925042674209325,0.002393962930106531,0.0001,4.668306947604177e-06,0.003900066194756356,0.00041836517689967316,82700,0.2923305037079368
440,0.2937673922506219,0.29291403786310827,0.0022183504329612892,0.0001,4.094450803302764e-06,0.003691437333313526,0.00042310820736523355,82698,0.2937673922506219
441,0.2910509317393816,0.29329113533608947,0.0021158600219268655,0.0001,3.779636101014591e-06,0.003572671218176865,0.00041633616492568314,83093,0.2910509317393816
442,0.2958588229667457,0.2937300028111307,0.002356570613751157,0.0001,4.387761856908843e-06,0.003723853493975691,0.00041460309366669494,82399,0.2958588229667457
443,0.2906715440188504,0.2941622304755961,0.0023111556330294197,0.0001,4.231404965942125e-06,0.0036617222185038913,0.0004172894401382612,83047,0.2906715440188504
444,0.2911147671189276,0.2945464322551656,0.0021931835537252332,0.0001,4.072176266299857e-06,0.0037134842265099614,0.0004105627882878506,83146,0.2911147671189276
445,0.29760601995522407,0.29498060204916904,0.0024023915312374002,0.0001,4.453787484504576e-06,0.00370779485907575,0.00041718647297724596,82006,0.29760601995522407
446,0.292734657684146,0.29537761073424224,0.0022819494988537805,0.0001,4.327272723410614e-06,0.003792610419804817,0.000423159611083356,82761,0.292734657684146
447,0.29539298339696596,0.29580055597042565,0.0023701626092533104,0.0001,4.274483250291177e-06,0.0036069113854072634,0.0004146177943855975,82309,0.29539298339696596
448,0.2948081416156999,0.2961873509783211,0.002184832341273421,0.0001,3.9044197298057496e-06,0.00357411381738342,0.00041470287290926264,82447,0.2948081416156999
449,0.29471096969305477,0.29659776287034484,0.002298193543137519,0.0001,4.327943471227842e-06,0.003766387286354731,0.00042113475963826005,82625,0.29471096969305477
450,0.2899053519978022,0.29699174426527725,0.002255424190965917,0.0001,4.199555284978997e-06,0.003723960487610519,0.0004238086603593579,83354,0.2899053519978022
451,0.29889045664180725,0.29734366780936955,0.002136131063312725,0.0001,3.8131675718600404e-06,0.0035701625591704634,0.00041659979350468424,81794,0.29889045664180725
452,0.29587280792766457,0.2977414179414162,0.0023132055250218303,0.0001,4.259612150447414e-06,0.0036828652745044908,0.0004239003572391958,82251,0.29587280792766457
453,0.2973179738043384,0.2981345280914916,0.0022264645563475844,0.0001,4.041104531314582e-06,0.003630064103013463,0.0004181479008097136,82161,0.2973179738043384
454,0.29593058302857694,0.29855485195452125,0.002366057161690127,0.0001,4.252070357144727e-06,0.0035942245402958727,0.0004277338981175401,82177,0.29593058302857694
455,0.29746114991123046,0.2989940308545033,0.0024505524074012164,0.0001,4.4449133335265195e-06,0.003627682738065006,0.0004277716916578425,82012,0.29746114991123046
456,0.2949368974140131,0.2993320643620802,0.002130016754287384,0.0001,3.7513190643569267e-06,0.0035223376124212348,0.00043550269936935273,82295,0.2949368974140131
457,0.2994013040533178,0.299734483900861,0.002338690814492372,0.0001,4.309385473343351e-06,0.0036852973010703264,0.00043796443473066954,81544,0.2994013040533178
458,0.3026049372951816,0.300125773138486,0.0022865778621488854,0.0001,4.1589382863066745e-06,0.0036376966252950407,0.0004232459198286558,81137,0.3026049372951816
459,0.29974496479651724,0.30053030376452317,0.0023792096516401305,0.0001,4.3513250405859456e-06,0.003657790340238674,0.00043414448016164105,81591,0.29974496479651724
460,0.29994384255733564,0.3009067660060711,0.0022742168785229847,0.0001,4.114279271966895e-06,0.003618194298724016,0.00041897996610442334,81560,0.29994384255733564
461,0.30239199190380955,0.30128515380464527,0.002273826022239251,0.0001,4.022031922331145e-06,0.0035376778020776373,0.0004220782202762869,81286,0.30239199190380955
462,0.3027067419948444,0.3016491231766171,0.0022280286967128987,0.0001,3.993189843868493e-06,0.0035845048582720763,0.0004302234572336102,81245,0.3027067419948444
463,0.3005501040771119,0.3020349813939355,0.0023432563683740337,0.0001,4.2910143763313954e-06,0.0036624369695484023,0.00042910994015407915,81579,0.3005501040771119
464,0.30434774361740546,0.30242113119297226,0.002296872719738277,0.0001,4.198445995846066e-06,0.003655793340019701,0.00042215405142700187,81178,0.30434774361740546
465,0.30258759219110853,0.30280635788085086,0.002242387394305842,0.0001,3.96543228332255e-06,0.00353679501890894,0.0004276782178877789,81246,0.30258759219110853
466,0.30499998444281184,0.303208494482835,0.0023044279753274403,0.0001,4.052591004970542e-06,0.0035172208013094465,0.0004123932023184747,80889,0.30499998444281184
467,0.3030672684722818,0.30359711297092584,0.002330381800786634,0.0001,4.160211546438838e-06,0.0035704119771571624,0.00044257779875576437,80954,0.3030672684722818
468,0.3022424642155134,0.30397824528698025,0.0023429207854177357,0.0001,4.210273205556493e-06,0.0035940380330065783,0.0004355388240038213,80925,0.3022424642155134
469,0.30392477684456204,0.30431672006327765,0.002141816716646648,0.0001,3.78067741974119e-06,0.003530346355369229,0.0004288431622116909,80966,0.30392477684456204
470,0.30282435287832166,0.30467221209357137,0.0021778103353924712,0.0001,3.8027006362112816e-06,0.0034922238859941704,0.00042331457816072214,80887,0.30282435287832166
471,0.30357471354072896,0.3050667633185758,0.002354390767797336,0.0001,4.130964790522269e-06,0.003509158162718262,0.00043125078359332737,80798,0.30357471354072896
472,0.30737248364337866,0.3054444958419463,0.0023063126727687552,0.0001,4.033217698278383e-06,0.0034975463178949263,0.0004354317074033583,80322,0.30737248364337866
473,0.3051370042856516,0.3058010451685589,0.002168737889641857,0.0001,3.75344406898167e-06,0.0034614086717519458,0.0004293153417568998,81022,0.3051370042856516
474,0.3046580152175993,0.30619389707607797,0.002377167654562548,0.0001,4.205543534148648e-06,0.0035382809673325808,0.0004339470822851856,80846,0.3046580152175993
475,0.30840888340067374,0.30650318054387893,0.002125299309043664,0.0001,3.748377366426803e-06,0.003527387742965472,0.0004269208427615909,80182,0.30840888340067374
476,0.3077210325651911,0.3068578336861634,0.002198775979818038,0.0001,3.679816927179343e-06,0.003347150379079428,0.0004315330319913368,80302,0.3077210325651911
477,0.30469839010241917,0.3071648715349965,0.001991124995869592,0.0001,3.3721351751371466e-06,0.0033871657300594735,0.0004176414112303154,80806,0.30469839010241917
478,0.3075919643527979,0.30752318846954435,0.002206645250999831,0.0001,3.827627941705226e-06,0.0034691828602453675,0.00042997930724539464,80373,0.3075919643527979
479,0.31107245397181127,0.3078796245417673,0.002209533314764379,0.0001,3.787633384845094e-06,0.0034284465045497643,0.00043606239754916034,79801,0.31107245397181127
480,0.3079844822540753,0.30825880804843286,0.002260514198886893,0.0001,3.915713898748058e-06,0.00346444530246809,0.0004329613387501982,80255,0.3079844822540753
481,0.3044402586899031,0.3086269618405624,0.002239899910220007,0.0001,3.8888331939845856e-06,0.0034723276484283786,0.0004326372214047988,80815,0.3044402586899031
482,0.30724617873617466,0.308981419667772,0.0021919253177813025,0.0001,3.7511656084710574e-06,0.0034227129711408588,0.000431227763993981,80422,0.30724617873617466
483,0.3101769015967978,0.3093149232986172,0.0022029634251820424,0.0001,3.8004336576141113e-06,0.0034502921057802498,0.0004324834638899087,80076,0.3101769015967978
484,0.3113048433842839,0.3096792266093371,0.0022460701032383716,0.0001,3.8180945739574086e-06,0.003399800004864051,0.00043734180234264545,79415,0.3113048433842839
485,0.3088291390123229,0.3100410180432834,0.00221816894766851,0.0001,3.6262451005425714e-06,0.0032695842256326535,0.0004218588973529616,80089,0.3088291390123229
486,0.31113654227102694,0.31040465491849667,0.002342229604303491,0.0001,4.140706175485987e-06,0.003535696216867953,0.0004314896863348394,79721,0.31113654227102694
487,0.3141084067234645,0.3107919513060729,0.002424533963310961,0.0001,4.2586927594953306e-06,0.0035129990537889843,0.000429047300629858,79278,0.3141084067234645
488,0.31298743147253083,0.31111369462336413,0.002083672871534223,0.0001,3.50481521799712e-06,0.0033640743380380055,0.00043149196524732076,79403,0.31298743147253083
489,0.31112255267245653,0.3114520341223268,0.0021696010757140745,0.0001,3.5846121993447766e-06,0.003304397512952914,0.0004328248644319879,79564,0.31112255267245653
490,0.31538732818959714,0.31180164130805765,0.002208000813169921,0.0001,3.7217998591564437e-06,0.0033711942830430696,0.00043969559971090267,78923,0.31538732818959714
491,0.31068424647932785,0.31212906309404037,0.002151491417350675,0.0001,3.504888527256795e-06,0.003258101332863024,0.0004271444870642912,79882,0.31068424647932785
492,0.3125071906755428,0.3124571861218821,0.0022169764165328155,0.0001,3.6932047708726614e-06,0.0033317492629430455,0.000430592792603022,79643,0.3125071906755428
493,0.3151925754520427,0.3127822676991415,0.0021940314264163184,0.0001,3.6316671779284643e-06,0.00331049695478642,0.0004387807220875835,79114,0.3151925754520427
494,0.31141460725494186,0.31313399950706655,0.002305280676906253,0.0001,3.991954400574912e-06,0.003463313114594114,0.0004291458293429552,79588,0.31141460725494186
495,0.3134011684099821,0.3134723011046368,0.0022092999383169663,0.0001,3.6648998171848572e-06,0.003317702366820107,0.0004314681002524876,79563,0.3134011684099821
496,0.31400021868449113,0.31377465692738277,0.0020468601150112763,0.0001,3.3430696417038294e-06,0.003266534549367984,0.00043054638442226943,79489,0.31400021868449113
497,0.31476609719199844,0.31415057718394745,0.0023858873677292205,0.0001,4.117712114863681e-06,0.0034517238077191653,0.00043880487882896814,79166,0.31476609719199844
498,0.3156931758924464,0.3144927727741427,0.0022290410819706978,0.0001,3.6609002637333867e-06,0.0032847310831048302,0.00043996035919331727,78981,0.3156931758924464
499,0.3145025115022276,0.31485094585964585,0.0022739702349251255,0.0001,3.6663744888498675e-06,0.0032246459804436177,0.000435008141392966,79308,0.3145025115022276
500,0.31793261109001086,0.31517105893906894,0.002185717439061245,0.0001,3.681142556450274e-06,0.00336836087836798,0.00044159556481460717,78710,0.31793261109001086
501,0.3132002816060631,0.3154795718088111,0.002140766281873182,0.0001,3.543357654218136e-06,0.0033103638488902955,0.00043477935367965863,79406,0.3132002816060631
502,0.3161928733630437,0.3158196112482135,0.0022118551339087374,0.0001,3.71204662715467e-06,0.00335650067696326,0.00043993299802413553,78966,0.3161928733630437
503,0.3153822934131447,0.3161414886282273,0.0021955255320031605,0.0001,3.6331660202484926e-06,0.003309609446384942,0.0004323465679543956,78921,0.3153822934131447
504,0.3182383163515037,0.3164805805022736,0.0022812839992934052,0.0001,3.742619250312842e-06,0.003281151537004656,0.00043310112429136694,78346,0.3182383163515037
505,0.3194647098647028,0.3168334092986262,0.0022872392514869163,0.0001,3.7043144645095083e-06,0.0032391141085055812,0.00044120221573639774,78285,0.3194647098647028
506,0.3214119695675786,0.31712534071059767,0.002084066429972358,0.0001,3.3164871689552007e-06,0.003182707730673623,0.0004318393695469262,78075,0.3214119695675786
507,0.3184177859256424,0.3174432069188081,0.002164263429860346,0.0001,3.5340920543046434e-06,0.003265861267667115,0.00043515440047019465,78386,0.3184177859256424
508,0.3176029106880053,0.3177966537644711,0.002290306355821219,0.0001,3.76319369833978e-06,0.003286192424672757,0.0004378016723146594,78472,0.3176029106880053
509,0.31968853451620055,0.3181162072626778,0.002187482068296766,0.0001,3.592538995229241e-06,0.0032846340066471865,0.00044149364957343616,78349,0.31968853451620055
510,0.3168110078443062,0.318469855508926,0.002314790396385017,0.0001,3.7487025464608523e-06,0.0032389131666652497,0.0004405111763133991,78505,0.3168110078443062
511,0.3166287773777906,0.3187899193353919,0.002173858163928333,0.0001,3.389072450490348e-06,0.003118025367732388,0.00043356599137769593,78851,0.3166287773777906
512,0.31864880294827497,0.3191164455355785,0.002242308955959517,0.0001,3.6649267179291105e-06,0.003268886482559522,0.00044151866206666783,78377,0.31864880294827497
513,0.3193661580699546,0.31942285795783004,0.0021384916106222374,0.0001,3.4047042528647312e-06,0.0031842109980259065,0.0004415332110805713,78364,0.3193661580699546
514,0.31628149738196765,0.31977844371864067,0.002395528271174014,0.0001,4.041785736005139e-06,0.003374442109192323,0.0004469942824421939,78741,0.31628149738196765
515,0.3194076973005102,0.3200916464147282,0.0021673136821552495,0.0001,3.446529308489502e-06,0.003180461911782107,0.0004388549792704656,78450,0.3194076973005102
516,0.3223738640338256,0.3204144627690349,0.002163439135502833,0.0001,3.400351578773382e-06,0.0031434686772300272,0.0004296485285554758,78105,0.3223738640338256
517,0.3189944080370998,0.32070675722070735,0.002093225077241337,0.0001,3.36324684263446e-06,0.003213459344818175,0.0004427228285417,78454,0.3189944080370998
518,0.3171171176079347,0.3210193234189325,0.002154819602955231,0.0001,3.356544023650173e-06,0.0031153828552950187,0.00043218471891138773,78787,0.3171171176079347
519,0.3205941164044749,0.32135354365192853,0.0022994426849632507,0.0001,3.704360953304379e-06,0.003221964154643482,0.0004367580559062759,78067,0.3205941164044749
520,0.32387424963339706,0.32167862210773507,0.0022810865669589,0.0001,3.7995820791872484e-06,0.0033313791192526093,0.00043630272414310806,77699,0.32387424963339706
521,0.321415071583222,0.32195125787917833,0.0020267495856747635,0.0001,3.1793210572347703e-06,0.0031373595235508894,0.0004372845212410976,78071,0.321415071583222
522,0.32252059382480963,0.32225600285468897,0.002191609384689001,0.0001,3.4889800944290903e-06,0.003183943378600007,0.0004399100049216159,77588,0.32252059382480963
523,0.3204731673225608,0.3225732626602494,0.0021966281415055394,0.0001,3.4600028052383735e-06,0.0031502854214249783,0.0004344934191089682,78129,0.3204731673225608
524,0.32298702767479703,0.3228794606418447,0.002194223477805896,0.0001,3.450728627026977e-06,0.0031452845728161816,0.0004302222673652359,77866,0.32298702767479703
525,0.31866941413058725,0.3232041152616455,0.002257377171091429,0.0001,3.5800651614482778e-06,0.003171880363898016,0.00044084754579510374,78401,0.31866941413058725
526,0.3219747487162042,0.32351665857487955,0.002191859069488312,0.0001,3.478158818497281e-06,0.0031737066191114697,0.0004444718726589274,78065,0.3219747487162042
527,0.3236792399010423,0.32382187137106405,0.0021381967963699177,0.0001,3.3422112960570047e-06,0.0031261961497007,0.0004382650796982426,77580,0.3236792399010423
528,0.32328837799335597,0.32412866124641715,0.0021823866049003366,0.0001,3.3704048090072857e-06,0.003088733042476865,0.0004334264839393263,77645,0.32328837799335597
529,0.32658614015997267,0.32438979530255363,0.002045308570612822,0.0001,3.141320833230748e-06,0.003071732919292011,0.0004478630707096151,77041,0.32658614015997267
530,0.3222236299462542,0.3247036182459115,0.0022646218529180986,0.0001,3.5939892445634084e-06,0.0031740303485390644,0.00043186094830325477,77927,0.3222236299462542
531,0.32565243192738075,0.3249762027394593,0.00207643273311611,0.0001,3.186780463008846e-06,0.0030694762341050485,0.0004346688778530778,77281,0.32565243192738075
532,0.32392436001868974,0.3252796979280812,0.002203542789211264,0.0001,3.401112511442185e-06,0.003086949369074497,0.0004323220520273144,77430,0.32392436001868974
533,0.32508704975866354,0.325548523769661,0.002056323763330278,0.0001,3.1463923345096483e-06,0.0030602110335134873,0.0004330115325794771,77484,0.32508704975866354
534,0.3298920210821419,0.325831917046705,0.002070889942655623,0.0001,3.225030804946491e-06,0.0031146327368907364,0.00043596645893750435,76659,0.3298920210821419
535,0.32790348348215176,0.32609436135062375,0.0020461122414043276,0.0001,3.1474470391242345e-06,0.0030765145483553896,0.0004435268140304558,77052,0.32790348348215176
536,0.3273863973777418,0.3263664403598432,0.0021066158180182374,0.0001,3.303184913004557e-06,0.0031360107379350935,0.00044438233901204294,76969,0.3273863973777418
537,0.32970595167008054,0.32668894805089294,0.00228759903725133,0.0001,3.5726323518242457e-06,0.003123477754315678,0.00044425410260436277,76690,0.32970595167008054
538,0.330283028300946,0.32696256082901287,0.00210497071777975,0.0001,3.1861860878376153e-06,0.0030272973024520677,0.00043578172146516836,76545,0.330283028300946
539,0.3252572250543513,0.3272517350068441,0.0021645254024470367,0.0001,3.3210571539111315e-06,0.003068623865681238,0.00044269830298638283,77236,0.3252572250543513
540,0.328636789510083,0.3275305166219102,0.0021008897664416978,0.0001,3.2367811698098946e-06,0.003081343173270885,0.0004340664238624155,76707,0.328636789510083
541,0.3308803469998625,0.3277985443151735,0.00204410002935152,0.0001,3.102545147622214e-06,0.0030356099046742638,0.0004305663884235728,76510,0.3308803469998625
542,0.32865881657987855,0.3280747013492072,0.0020976985157632284,0.0001,3.174123594016571e-06,0.0030262915001030982,0.0004483441963470281,76879,0.32865881657987855
543,0.32726722199948105,0.32832820223598913,0.0020156662120370352,0.0001,2.9311760591296283e-06,0.002908394298247801,0.0004450059740459636,77105,0.32726722199948105
544,0.32516107364546665,0.32861301483528893,0.0021574613566440175,0.0001,3.243868815369506e-06,0.0030071164940033233,0.00044626947511842096,77423,0.32516107364546665
545,0.327452380092737,0.32885257008075963,0.001947681728333533,0.0001,3.0227509764715836e-06,0.0031039475623749844,0.0004453895869604961,76904,0.327452380092737
546,0.3293087491172475,0.32910393130857274,0.001982445587502755,0.0001,3.0145485102183343e-06,0.0030412421195536543,0.0004478601638590267,76732,0.3293087491172475
547,0.32943137937463524,0.3293963664013297,0.0022174649703953987,0.0001,3.3911917241287552e-06,0.0030586203339429243,0.0004422769559617186,76809,0.32943137937463524
548,0.33011292160437733,0.3296579002839614,0.0020915743678553297,0.0001,3.1711398553905295e-06,0.0030322994048183624,0.0004452794091434584,76592,0.33011292160437733
549,0.3357139757538449,0.3299492682251271,0.0022320307914779265,0.0001,3.4492909354389587e-06,0.0030907198490349053,0.0004516595483670653,75707,0.3357139757538449
550,0.3327757413154693,0.33018280773810016,0.001975370543609181,0.0001,2.9602008738530873e-06,0.0029971094622526185,0.00043441560899934163,76128,0.3327757413154693
551,0.3268994120446034,0.33048652517033184,0.0021912233895490323,0.0001,3.2181896617080285e-06,0.002937345116939768,0.0004426068787207463,77017,0.3268994120446034
552,0.33246216677757023,0.33073842697304423,0.0021629032392017486,0.0001,3.357584979286452e-06,0.0031047019750413043,0.00045625573484272305,76089,0.33246216677757023
553,0.3306247412937078,0.33102743194819634,0.002194621734871026,0.0001,3.3076194546364525e-06,0.0030142957231131546,0.00043173276226338397,76315,0.3306247412937078
554,0.332353208121791,0.33126928477798634,0.001991426296723164,0.0001,3.006209060969592e-06,0.003019151716451897,0.00043798350603551435,75981,0.332353208121791
555,0.3323866765725196,0.3315302253232357,0.002077041215054939,0.0001,3.0144510552401717e-06,0.0029026396138802056,0.0004382497694428867,76067,0.3323866765725196
556,0.333173859750317,0.33181653954899504,0.002172217898245431,0.0001,3.2574605509382105e-06,0.0029992023853310157,0.00044300381129342055,76040,0.333173859750317
557,0.3321851038911712,0.3320910619169516,0.002120182966589096,0.0001,3.0670570699640017e-06,0.002893200368360864,0.0004412736505122162,76307,0.3321851038911712
558,0.3328337773250569,0.3323659611916554,0.002155278167232791,0.0001,3.175483941954589e-06,0.0029467045045342456,0.0004413178731030495,75927,0.3328337773250569
559,0.3319157273670122,0.3326398996809129,0.002131645599977198,0.0001,3.16502102924765e-06,0.0029695565053417003,0.0004416981351616901,76171,0.3319157273670122
560,0.33049182806135097,0.3329109359356132,0.0021047854984760565,0.0001,3.0886995483536073e-06,0.0029349304720979325,0.0004464180138318299,76418,0.33049182806135097
561,0.3322690945278217,0.3331834865548826,0.0021586912922449825,0.0001,3.177938966881843e-06,0.0029443199945248955,0.0004462178238118776,76169,0.3322690945278217
562,0.3333072973814063,0.333441133906753,0.0020878030534175083,0.0001,3.143588790957353e-06,0.0030113844175212187,0.0004399495100023543,75903,0.3333072973814063
563,0.334195666647251,0.33369303151710306,0.002036552446735029,0.0001,3.0248875289230475e-06,0.0029705962483534396,0.0004416701119479459,75769,0.334195666647251
564,0.33265579837543024,0.333939938800858,0.0020689846928233615,0.0001,3.105555177790167e-06,0.0030020088486515475,0.0004496120440235245,76162,0.33265579837543024
565,0.3336436649252588,0.33417001622779646,0.0019640419821724776,0.0001,2.8910819273510515e-06,0.002944012351663839,0.00044322112404279756,76016,0.3336436649252588
566,0.3370103310179244,0.3343887891947014,0.0019177988516218241,0.0001,2.826672497329059e-06,0.0029478300030669306,0.0004430072838687314,75551,0.3370103310179244
567,0.3357667399643884,0.3346458244840431,0.0021066032876543837,0.0001,3.221656578499043e-06,0.0030586267451298103,0.0004452055535305033,75649,0.3357667399643884
568,0.3344391358410001,0.3348856913044889,0.002000935535582168,0.0001,2.854541777670974e-06,0.002853207139269932,0.00043670831683483187,75954,0.3344391358410001
569,0.3331591949734477,0.33516280164814377,0.002225581619637747,0.0001,3.3602829074235387e-06,0.0030196896647362546,0.0004426032723590085,76070,0.3331591949734477
570,0.33597236366338495,0.3354196316884735,0.0021131683020901427,0.0001,3.070833335432202e-06,0.002906378382067182,0.0004444019002656977,75600,0.33597236366338495
571,0.33678569245442525,0.335703733220029,0.0021714484635947163,0.0001,3.1994016285783645e-06,0.0029467902943290927,0.00044497180661687,75452,0.33678569245442525
572,0.3326184455172517,0.33598306912335035,0.0022041169550678042,0.0001,3.2239287897746835e-06,0.002925369983078333,0.0004439614512866672,76173,0.3326184455172517
573,0.3359302850720408,0.33622359382620465,0.002102035958025635,0.0001,3.1074755666639586e-06,0.002956634071648038,0.0004371899264810671,75276,0.3359302850720408
574,0.3344169685313959,0.33648225519276637,0.0022094935731271923,0.0001,3.347962785807334e-06,0.003030525027568934,0.0004476998268899469,75855,0.3344169685313959
575,0.335585246571934,0.33676394047087393,0.0022892912159185853,0.0001,3.5216281676502004e-06,0.003076610038218432,0.000449165515171581,75577,0.335585246571934
576,0.3379433365642722,0.3370072137717054,0.0019853170281538984,0.0001,2.7821512275773207e-06,0.0028027274114143675,0.0004358856341185844,75245,0.3379433365642722
577,0.34201853379507696,0.33725845360018586,0.002055781322219836,0.0001,2.907041624320787e-06,0.0028281623078292763,0.000442910964240534,74450,0.34201853379507696
578,0.3347027957170534,0.3375184736056757,0.0022012297478621475,0.0001,3.2704084369544792e-06,0.0029714376158424417,0.0004497225507275231,75722,0.3347027957170534
579,0.33899294077362,0.3377650321041076,0.002093650764901353,0.0001,2.9328578695809925e-06,0.0028016686629388074,0.0004484580017868794,75068,0.33899294077362
580,0.33428296965836,0.3380115429927402,0.0021120699456478828,0.0001,2.9946779018354016e-06,0.0028357753094363325,0.0004497209208107004,75702,0.33428296965836
581,0.33820375942443404,0.33824739136672405,0.002057257868157596,0.0001,2.943357952739835e-06,0.0028614380319525014,0.00045279591812166266,75338,0.33820375942443404
582,0.33889166682308247,0.3385031567586875,0.002128100963421482,0.0001,3.027966211004694e-06,0.00284569789032607,0.00045230653494419883,75037,0.33889166682308247
583,0.3359906191316866,0.3387244764269136,0.002016381687714657,0.0001,2.903357575764217e-06,0.002879769830735615,0.0004612961199989981,75568,0.3359906191316866
584,0.33903573605099263,0.33894899219497976,0.0020198303788129084,0.0001,2.8408087937073183e-06,0.0028129181771955666,0.0004374760033512182,75044,0.33903573605099263
585,0.33952535450959886,0.33920966994083823,0.0020845785884583655,0.0001,2.9477476063663446e-06,0.0028281472549771605,0.0004606789103351169,74980,0.33952535450959886
586,0.34060673101811295,0.33944366761515793,0.002017916553926834,0.0001,2.8295896233449865e-06,0.0028044664362742344,0.00045281296422172994,74801,0.34060673101811295
587,0.33840367327158977,0.33970998472215574,0.002137450787263833,0.0001,2.9487190309869175e-06,0.0027590988747503227,0.00044342081107632945,75334,0.33840367327158977
588,0.3388472134780376,0.339962754104949,0.0021226504463159675,0.0001,3.0344949521960583e-06,0.0028591565393752613,0.0004406385122597994,74922,0.3388472134780376
589,0.34222707853806045,0.3402129787596841,0.0021094931879760154,0.0001,2.9708460049779864e-06,0.002816644321879426,0.0004464375679542788,74463,0.34222707853806045
590,0.33717070326887644,0.34048412424751756,0.002199701799040269,0.0001,3.1301845208973885e-06,0.0028460080564220933,0.00045838938057890034,75146,0.33717070326887644
591,0.34144340174777,0.3407221094586587,0.0021446042609647607,0.0001,3.1331071506915503e-06,0.0029218510918019966,0.0004485687162818526,74660,0.34144340174777
592,0.34240965659891703,0.34095617279417884,0.002093831292921566,0.0001,2.9211351152127644e-06,0.002790229685732554,0.0004471956015467481,74513,0.34240965659891703
593,0.338961698556163,0.3411934678852589,0.002038102768982099,0.0001,2.875072780380303e-06,0.0028213226772820857,0.0004467007741311546,75051,0.338961698556163
594,0.3389936762905528,0.34139731998350265,0.0018491000420380666,0.0001,2.531715168343974e-06,0.0027383214653475783,0.0004377966645298316,75029,0.3389936762905528
595,0.33985134057226685,0.3416429836803557,0.002126153018329245,0.0001,2.9275029027607276e-06,0.0027538026449866653,0.00044916068904621883,74802,0.33985134057226685
596,0.34363649202354785,0.34188886639330146,0.0020826409178994294,0.0001,2.8338065214169377e-06,0.0027213587297373765,0.0004458450223415614,74319,0.34363649202354785
597,0.34140363732648993,0.3421276520468825,0.0021050556965084505,0.0001,2.9365265685088364e-06,0.0027899751758392937,0.0004474057543991081,74599,0.34140363732648993
598,0.33827095037864197,0.3423671369158738,0.002105350119186268,0.0001,2.941495695840567e-06,0.002794305487751818,0.00044104541220176896,75267,0.33827095037864197
599,0.342896397442892,0.34259938064365436,0.0019904677936142348,0.0001,2.70803678698531e-06,0.002721005379411977,0.00044419952831606304,74363,0.342896397442892
600,0.34012832902487194,0.3428373750094469,0.0020937190769098894,0.0001,2.9435523107567457e-06,0.0028117929890586093,0.00044699931529184147,74730,0.34012832902487194
601,0.34425472869717294,0.3430768787016126,0.0021244382193373263,0.0001,2.9215758530682104e-06,0.00275044557801218,0.0004386232651750699,74013,0.34425472869717294
602,0.34256283825693157,0.3432936820835996,0.002009855647546085,0.0001,2.7575644666332746e-06,0.002744042309705274,0.00044110179725819463,74449,0.34256283825693157
603,0.34290396110470994,0.3435425742483074,0.0021021237057137995,0.0001,2.867296100127959e-06,0.0027279993963574434,0.00044960649443270703,74465,0.34290396110470994
604,0.34421090822832306,0.3437720582339259,0.002111188494429367,0.0001,3.026014283760171e-06,0.0028666452964713333,0.0004511118524055999,74127,0.34421090822832306
605,0.3465943563204568,0.3439914804167825,0.0020133209639828153,0.0001,2.7792638386429155e-06,0.002760875079892764,0.00045169026877649155,73791,0.3465943563204568
606,0.34430463063406413,0.34424152237871675,0.002115195144543511,0.0001,2.816089357359012e-06,0.002662722978183429,0.0004462462772552789,74122,0.34430463063406413
607,0.34359758283144415,0.34447031763999714,0.002069121937624309,0.0001,2.7958095170060826e-06,0.0027024115555182113,0.0004450017711355004,74305,0.34359758283144415
608,0.3477721190529076,0.34469832625524943,0.0020526154313267693,0.0001,2.8782584397599954e-06,0.002804479003550653,0.00044014578932115604,73579,0.3477721190529076
609,0.34183573241431653,0.34493783959792085,0.0020873456443982453,0.0001,2.8477791170050682e-06,0.0027286128913508673,0.0004554538440847858,74538,0.34183573241431653
610,0.34558629797659735,0.34514921752454875,0.0019956041230828323,0.0001,2.6240597003202178e-06,0.002629839926634888,0.0004489472627630579,73976,0.34558629797659735
611,0.3422322810412879,0.3453676939837007,0.0020461166637810225,0.0001,2.7804567911759533e-06,0.002717789107917182,0.0004564250486879821,74437,0.3422322810412879
612,0.34564285298511477,0.3455875316890816,0.001962661110917538,0.0001,2.556736152262154e-06,0.00260537709545474,0.0004483164803482445,73953,0.34564285298511477
613,0.3430490286861839,0.3457828520268118,0.001888593889122389,0.0001,2.4623634217980737e-06,0.00260761557683776,0.0004453717387135623,74201,0.3430490286861839
614,0.3481624341367409,0.345996055960268,0.0020368442869613426,0.0001,2.8262937831890814e-06,0.002775169217677877,0.00044165352582354353,73686,0.3481624341367409
615,0.34291973681281385,0.34620592435893865,0.0020991718284840634,0.0001,2.950374255506972e-06,0.0028109888056544784,0.0004484657643893988,74139,0.34291973681281385
616,0.34421493798020925,0.3464187646370741,0.0020089551073571407,0.0001,2.767097384513565e-06,0.00275476278626633,0.0004531156882377748,74137,0.34421493798020925
617,0.34857190677158556,0.34665703104967316,0.0020767928320297013,0.0001,2.8239102086680773e-06,0.002719491482362447,0.0004494122987774888,73170,0.34857190677158556
618,0.3447373681556489,0.34687704418951765,0.002041624660465409,0.0001,2.6668513528634234e-06,0.0026124795654216748,0.00045558674660977965,74137,0.3447373681556489
619,0.34637116283875335,0.3470971894836194,0.0020599098228334927,0.0001,2.8124985647758356e-06,0.002730700668155585,0.00045366932919020534,73858,0.34637116283875335
620,0.35079727669437966,0.34728702131724565,0.0019123028907633308,0.0001,2.5186447480379878e-06,0.0026341483456447886,0.0004532039490200598,73177,0.35079727669437966
621,0.34846632595726995,0.34748743797464043,0.0019972195523094032,0.0001,2.694393506960121e-06,0.0026981445318263264,0.00045434698060574505,73440,0.34846632595726995
622,0.34731891214064936,0.347693908197559,0.0020036529242545655,0.0001,2.647676647394545e-06,0.002642849582723595,0.000454859611471859,73735,0.34731891214064936
623,0.34760357974970924,0.3479161051667696,0.001996684105608352,0.0001,2.6684982411717874e-06,0.0026729298176676243,0.0004467521955810807,73661,0.34760357974970924
624,0.34937451488171245,0.3481089204692724,0.001963760322904186,0.0001,2.6789247603936466e-06,0.0027283622437506124,0.0004470333524704143,73455,0.34937451488171245
625,0.35034018411453627,0.34829208430145653,0.001870201776930814,0.0001,2.5376247597590006e-06,0.0027137443574922634,0.00045547716106232784,73211,0.35034018411453627
626,0.3437894735529405,0.34850237673921797,0.0019717989124354235,0.0001,2.5969686391954085e-06,0.0026341110372028968,0.0004422093598155251,74400,0.3437894735529405
627,0.35126933301398366,0.3487275523507026,0.0021035774068435846,0.0001,2.7931270294421543e-06,0.002655597098880462,0.00044921172319443774,73071,0.35126933301398366
628,0.348447884714977,0.34893182893726715,0.0019653778078967832,0.0001,2.549802713154185e-06,0.002594720163125089,0.00044129076064373577,73513,0.348447884714977
629,0.3452891813404747,0.349141830526929,0.001959943228199935,0.0001,2.624127506381616e-06,0.0026777586907878815,0.00044370819940956445,73817,0.3452891813404747
630,0.34886661951500025,0.3493508945591638,0.0020232979156235694,0.0001,2.6693543489271256e-06,0.0026386172083851978,0.0004463259874528088,73279,0.34886661951500025
631,0.3480350460153112,0.3495349120582472,0.001987648224007037,0.0001,2.675255653302652e-06,0.0026918804051849973,0.00045675597193249004,73469,0.3480350460153112
632,0.3471840665812514,0.34978048241348003,0.002170886155316882,0.0001,2.8960506224123114e-06,0.0026680815254354765,0.0004433858793031159,73746,0.3471840665812514
633,0.3474482001900766,0.3499877226366749,0.0020499662009904403,0.0001,2.6902740152739874e-06,0.0026247008501644404,0.0004541964358878375,73592,0.3474482001900766
634,0.35324415105535434,0.3501819470498585,0.001898708881570294,0.0001,2.4413301355428155e-06,0.0025715686688353783,0.00045717861108388004,72825,0.35324415105535434
635,0.351859799956046,0.3503380690574165,0.00179113424404187,0.0001,2.3121977832719155e-06,0.002581825221602837,0.00044442157298692854,72948,0.351859799956046
636,0.3540786230374131,0.3505605181917517,0.002031684102902691,0.0001,2.6068451338199625e-06,0.002566191397664166,0.00045138320838665914,72517,0.3540786230374131
637,0.3499725581466795,0.35076305811231745,0.0020352122827958096,0.0001,2.7631585274987636e-06,0.002715351662189225,0.00043945605202993983,73240,0.3499725581466795
638,0.3517417064025739,0.35095201059604736,0.0018922929159382862,0.0001,2.4564970923531993e-06,0.0025963180136254482,0.00044059456577435753,72873,0.3517417064025739
639,0.3495896016694558,0.3511479522551233,0.0019526339503151675,0.0001,2.5098916427519927e-06,0.002570775379939369,0.0004486201128622352,73321,0.3495896016694558
640,0.35195701418070613,0.35135481374069355,0.0020720238077610253,0.0001,2.6854826923314735e-06,0.0025921349767050557,0.0004654005776313963,72868,0.35195701418070613
641,0.35014521247361724,0.3515523542304063,0.0019933992091123107,0.0001,2.5232097855592574e-06,0.0025315649509892995,0.00045376973589502696,73252,0.35014521247361724
642,0.35030797194780705,0.35176293691312377,0.002075578600378081,0.0001,2.7485900113544207e-06,0.0026485048659238885,0.000442974900357169,73039,0.35030797194780705
643,0.35195224496679134,0.35196377329314155,0.0019417995607186307,0.0001,2.4488699132081507e-06,0.0025222684799679953,0.00044297556882736197,72870,0.35195224496679134
644,0.35262286529860987,0.3521316844901201,0.0018787431818680395,0.0001,2.4386379234569356e-06,0.0025960311627395414,0.00044375960848586646,72835,0.35262286529860987
645,0.3561928851635529,0.3523421459951583,0.0019544315801201463,0.0001,2.439930152841825e-06,0.0024968181824935854,0.00045325167093837224,72140,0.3561928851635529
646,0.3542737166293909,0.3525342611647094,0.0019412712835774294,0.0001,2.570538113076022e-06,0.0026483038561606513,0.0004439218710820362,72494,0.3542737166293909
647,0.3562292340663987,0.35273831656116805,0.002042122070841155,0.0001,2.7473827036011827e-06,0.0026907134914511055,0.00045355631075349567,72193,0.3562292340663987
648,0.3536483306923165,0.3529470462703767,0.002083397592150915,0.0001,2.723530327038436e-06,0.002614508471449891,0.0004562458113094223,72578,0.3536483306923165
649,0.3535446963405018,0.3531186501624796,0.001775059883961199,0.0001,2.145791413477269e-06,0.002417711574539954,0.00044556884823476745,72753,0.3535446963405018
650,0.35292074150767155,0.35329035432679706,0.0018955432436999632,0.0001,2.457236408798597e-06,0.0025926461102541236,0.0004644227076348661,72680,0.35292074150767155
651,0.3538721696927193,0.3534999852059242,0.0020598165135589496,0.0001,2.6243691658024194e-06,0.0025481581961570325,0.000452085704635379,72535,0.3538721696927193
652,0.3525406462739924,0.3537141951575638,0.002079077631029364,0.0001,2.653699585019657e-06,0.0025527662319235226,0.0004489913147268193,72696,0.3525406462739924
653,0.35457364346314635,0.35389327448382657,0.001959591136707807,0.0001,2.44332648969645e-06,0.002493710492895307,0.00043577801758336494,72365,0.35457364346314635
654,0.35255415586391015,0.3541059190385023,0.002081752752494106,0.0001,2.644909045708055e-06,0.002541040517457458,0.00044845015661070274,72563,0.35255415586391015
655,0.3533260884869267,0.35429089758160004,0.0019397998132950052,0.0001,2.545314016166612e-06,0.0026243058677720577,0.0004399322727297593,72725,0.3533260884869267
656,0.35657366067918794,0.3544896984742227,0.0020358549716881207,0.0001,2.5899909253665474e-06,0.002544376649009472,0.0004526682943374239,72090,0.35657366067918794
657,0.3573446731850156,0.35469618989530566,0.0019961616672712263,0.0001,2.4880611793111464e-06,0.002492845364285902,0.00044924250414873316,71952,0.3573446731850156
658,0.35511759259951087,0.3548728480415851,0.0018343527330051932,0.0001,2.356586278678332e-06,0.0025693927195971416,0.0004536957780528233,72127,0.35511759259951087
659,0.35472147819959493,0.3550535690942793,0.0019717105133440532,0.0001,2.555606005419875e-06,0.0025922730422383604,0.00045347251608246296,72432,0.35472147819959493
660,0.3544490918127261,0.35524663860660877,0.002011032168681896,0.0001,2.5521027933961916e-06,0.0025381024064562155,0.0004472490435562112,72467,0.3544490918127261
661,0.3560218759405535,0.3554136623472169,0.0018985207084693278,0.0001,2.3922699621894656e-06,0.0025201410250807535,0.00044271389478106095,72134,0.3560218759405535
662,0.35929453226861396,0.3555920635850303,0.0018922511057653348,0.0001,2.344937349692337e-06,0.0024784631833985995,0.0004517753438042089,71896,0.35929453226861396
663,0.35557149412027655,0.35577582795753415,0.0019363047225164835,0.0001,2.416478419806786e-06,0.0024959691433962448,0.00044911708502719136,72361,0.35557149412027655
664,0.3563383549735346,0.35594438422501207,0.0018752255230812577,0.0001,2.4011651011304447e-06,0.0025609347479283394,0.00045391951973388316,72151,0.3563383549735346
665,0.3603844511564862,0.3561478419583479,0.0019448233716631341,0.0001,2.2796013026441864e-06,0.0023442759233140683,0.00044464573783887097,71533,0.3603844511564862
666,0.3578490760499181,0.35632970551877374,0.001965369389873483,0.0001,2.377412157113475e-06,0.002419303128829657,0.000451049895441564,71826,0.3578490760499181
667,0.3515058991619179,0.3565238994247288,0.0020344640982978106,0.0001,2.5688460764888135e-06,0.0025253294748608327,0.0004422948564967042,72788,0.3515058991619179
668,0.35556289158726595,0.3567275202048987,0.0020192872834036775,0.0001,2.49669531198987e-06,0.0024728480513990874,0.0004583516703175405,72234,0.35556289158726595
669,0.35920557202618575,0.356908305672268,0.0019011555791245628,0.0001,2.4318675532834984e-06,0.0025583046227109045,0.00044167981146582915,71683,0.35920557202618575
670,0.36011459164240334,0.3570923838505541,0.001970124709005903,0.0001,2.4600660607858857e-06,0.0024973709019945234,0.00045534476737856997,71526,0.36011459164240334
671,0.3583481056250962,0.35726868918319293,0.0019613109327617896,0.0001,2.445904441143307e-06,0.0024941526611480668,0.0004551370642201072,71695,0.3583481056250962
672,0.3549072188440362,0.357451054571151,0.0019042756631372725,0.0001,2.2351416718026248e-06,0.002347498017298876,0.00043944535073817256,72399,0.3549072188440362
673,0.359052515714558,0.35760728209782733,0.0018041098364072093,0.0001,2.242000105149758e-06,0.0024854363741118827,0.0004462155339828004,71757,0.359052515714558
674,0.35686290060217307,0.35780608994717056,0.0020066125623294036,0.0001,2.4449297313327925e-06,0.002436872744875636,0.00045669439778749424,71872,0.35686290060217307
675,0.35578644177646035,0.35798017319397923,0.0019967358709376292,0.0001,2.4451142295992567e-06,0.0024491113373458634,0.00045603140828954635,72171,0.35578644177646035
676,0.36143241790694713,0.3581677747203746,0.002028694327349377,0.0001,2.510073043482824e-06,0.002474569982913493,0.0004647663200286067,71206,0.36143241790694713
677,0.35736260453533114,0.35832966342033723,0.0018146803124393103,0.0001,2.1918964171528714e-06,0.0024157383558170683,0.0004440027286077095,72025,0.35736260453533114
678,0.36078679599332486,0.358500963972258,0.0018618234049390446,0.0001,2.2181824604634423e-06,0.002382806505256135,0.00044509606834713245,71355,0.36078679599332486
679,0.3601955055099314,0.3586958721811512,0.0021009850995681663,0.0001,2.6519091211095602e-06,0.0025244435304701877,0.00044726092939603805,71784,0.3601955055099314
680,0.3593510829829083,0.3588954326699983,0.0020127383774359965,0.0001,2.442244195174686e-06,0.002426787527433974,0.00045299163087784766,71532,0.3593510829829083
681,0.36042406397263416,0.3590545669764199,0.0019148577164943734,0.0001,2.3058501797183873e-06,0.002408377562318127,0.00045025741091360113,71401,0.36042406397263416
682,0.36010621990633285,0.3592527117674853,0.0020358317333518264,0.0001,2.4489775116487587e-06,0.0024058741904142765,0.0004430096240935281,71508,0.36010621990633285
683,0.35993320430277387,0.35940635126005355,0.0018930800746801632,0.0001,2.2960978496110424e-06,0.00242577995545061,0.0004507086209392846,71389,0.35993320430277387
684,0.3620446095862757,0.35957231995467576,0.0018786425501925842,0.0001,2.2523708128139485e-06,0.0023978705396436933,0.00043561200092864663,71035,0.3620446095862757
685,0.3596532051034849,0.35975341295948704,0.0019521787683267893,0.0001,2.299936041305323e-06,0.002356276052809033,0.0004484462316823674,71736,0.3596532051034849
686,0.35866025214833175,0.35991111460615777,0.001900203333462935,0.0001,2.2879936378261172e-06,0.0024081566404332865,0.0004542133797360105,71687,0.35866025214833175
687,0.3625349894187665,0.36010280153415103,0.0020023729063848306,0.0001,2.349359957704153e-06,0.002346575855289401,0.00045381229970088016,71247,0.3625349894187665
688,0.35760908737186925,0.3602709413716886,0.0018846557059079216,0.0001,2.2103320275681605e-06,0.002345608294012881,0.00044587216583456216,72087,0.35760908737186925
689,0.3601131837441163,0.360445316265348,0.001963462829010111,0.0001,2.3523688486496567e-06,0.0023961429917526006,0.00045294436220607844,71453,0.3601131837441163
690,0.36038076588882273,0.3606143946300993,0.001993311025982794,0.0001,2.4437388312112012e-06,0.002451939310380652,0.00044449931182565606,71279,0.36038076588882273
691,0.35958501826064815,0.3608078998194239,0.00204086791284359,0.0001,2.45217535066711e-06,0.0024030711005205976,0.00044909568095809514,71603,0.35958501826064815
692,0.3597315374332964,0.3609815168004883,0.001962690131343095,0.0001,2.330979523653858e-06,0.0023752904102684186,0.0004571945304258197,71504,0.3597315374332964
693,0.36045293575096093,0.36114391925131367,0.00192118781607437,0.0001,2.2657724995049975e-06,0.002358720454655735,0.00045787819506493805,71531,0.36045293575096093
694,0.36261366948543233,0.3613163085447489,0.0019204838202163642,0.0001,2.300358108196551e-06,0.0023956026955097073,0.0004669720391589079,71040,0.36261366948543233
695,0.36028931871392245,0.36148648147646767,0.0019740952546402303,0.0001,2.399617434235842e-06,0.002431106025502463,0.0004391602520135473,71429,0.36028931871392245
696,0.36053889609788303,0.3616600478621527,0.001955072290040644,0.0001,2.2980109645177343e-06,0.002350819431306002,0.00045425563862530106,71344,0.36053889609788303
697,0.3631516266783855,0.36183647493985915,0.0019639233122113,0.0001,2.2742589705069268e-06,0.002316036432141743,0.00044866049915365664,70975,0.3631516266783855
698,0.3621995770990342,0.36201214540732296,0.0019072343711389354,0.0001,2.1725314679230477e-06,0.002278200834463449,0.00044848386845985466,71135,0.3621995770990342
699,0.3628290946284538,0.3621560926739326,0.0018200694230998459,0.0001,2.1933755043517475e-06,0.002410210815602963,0.0004527261064353354,71053,0.3628290946284538
700,0.3598946523486912,0.3623314348120555,0.0019174535668144007,0.0001,2.1342721889186987e-06,0.0022261526702464177,0.000443080660510474,71592,0.3598946523486912
701,0.3589026912247192,0.36250827484181347,0.0019266912008386189,0.0001,2.3011329285238123e-06,0.002388688885403341,0.00045318816349654506,71624,0.3589026912247192
702,0.36414409839450035,0.36266303247630327,0.0018360543172457736,0.0001,2.1741161449941725e-06,0.0023682481771623376,0.0004590409367637579,70773,0.36414409839450035
703,0.3630531865387925,0.36279466631720264,0.0017323587360574125,0.0001,2.0906438747999723e-06,0.0024136385048722214,0.00045577744754463615,70934,0.3630531865387925
704,0.3637363011704884,0.362974981340616,0.001992811159275177,0.0001,2.321087261658789e-06,0.0023294603212709953,0.0004428576905785292,70838,0.3637363011704884
705,0.36215679788006216,0.36312601541607087,0.0019011411538907086,0.0001,2.228452767023278e-06,0.002344331731983943,0.00044944718510333615,71180,0.36215679788006216
706,0.3626719596424806,0.36327566523159943,0.0018858357890764858,0.0001,2.2295845844785073e-06,0.002364558565908179,0.0004675847829710538,71045,0.3626719596424806
707,0.36193570272619335,0.36342712396074217,0.001810856612820943,0.0001,2.048936330936268e-06,0.002262947067625024,0.00044359166407079213,71206,0.36193570272619335
708,0.36166939375929685,0.3635591954361097,0.0016767995670412255,0.0001,1.914937079137959e-06,0.0022840381364326516,0.0004533666554771059,71116,0.36166939375929685
709,0.36636333722733744,0.36369918442209387,0.001764168881863669,0.0001,2.057778381816636e-06,0.0023328587222815056,0.0004439328394625001,70491,0.36636333722733744
710,0.3670970677533243,0.36385908415458135,0.0019095611191116025,0.0001,2.2139783787918174e-06,0.0023188347905008047,0.0004464400025118526,70315,0.3670970677533243
711,0.36305834153678074,0.3640336588580331,0.0020323763523668924,0.0001,2.4145183481370567e-06,0.002376054361511464,0.00044390301808155865,71055,0.36305834153678074
712,0.36368848062295656,0.3641670072539307,0.0017393910734803302,0.0001,2.089615738516368e-06,0.0024026980135470936,0.00045440690686780484,70796,0.36368848062295656
713,0.3642936665081552,0.36432525859190157,0.001841911542456203,0.0001,2.121163910870492e-06,0.0023032201731489274,0.00045675578434126293,70740,0.3642936665081552
714,0.3664771276699173,0.36449080182276916,0.0019540597758787932,0.0001,2.3204198647526077e-06,0.002374973266832692,0.00045344326923855516,70149,0.3664771276699173
715,0.36350476920463304,0.36462833148147067,0.001839676659313734,0.0001,2.098978402393398e-06,0.0022818992585103438,0.0004463654625286998,70894,0.36350476920463304
716,0.3661097791610223,0.3648044817173924,0.0019275845455172524,0.0001,2.2042571355674615e-06,0.0022870666199245404,0.00044685791476253644,70345,0.3661097791610223
717,0.36199244332121117,0.36496875822628116,0.0019189588079541377,0.0001,2.2237669206573264e-06,0.002317680725026249,0.0004565087439709151,71220,0.36199244332121117
718,0.3661180403716739,0.3651161802984813,0.001944906290015822,0.0001,2.347280385562868e-06,0.0024137722188597296,0.0004612678214465729,70410,0.3661180403716739
719,0.3640318502906335,0.3652864222423572,0.00193413395421488,0.0001,2.170022322743103e-06,0.0022439214388581233,0.000441893803559758,70756,0.3640318502906335
720,0.36766975192247875,0.36544451056201493,0.0018671779254455783,0.0001,2.0982364134874225e-06,0.002247494879725193,0.0004450437625340961,70089,0.36766975192247875
721,0.36539634848532565,0.36560735848365367,0.0019340521516839333,0.0001,2.1995727264411255e-06,0.0022745743691823506,0.0004449646512378666,70473,0.36539634848532565
722,0.3639706948454182,0.3657816435867464,0.001973748764493567,0.0001,2.2080760488610158e-06,0.0022374438820004262,0.00046085651942255796,70837,0.3639706948454182
723,0.36624815169792013,0.36593682648334813,0.001859633477254179,0.0001,2.038623090229373e-06,0.0021924998825461877,0.00045189380737631075,70433,0.36624815169792013
724,0.3656265982641096,0.36608975439185365,0.0018805748542335577,0.0001,2.1697961134433406e-06,0.002307588138338324,0.00045494359561227497,70518,0.3656265982641096
725,0.36583445766298517,0.36622245914521345,0.0017457880556279103,0.0001,1.970145176423714e-06,0.002257026756567089,0.00045764378373398774,70606,0.36583445766298517
726,0.3665632365307274,0.366377265089975,0.0018428457952766324,0.0001,2.104334002719896e-06,0.0022837873989386198,0.00045281959111626117,70405,0.3665632365307274
727,0.36768805686700146,0.36649070562096436,0.0017078691624511345,0.0001,1.8646027741746375e-06,0.002183542879243231,0.0004517326624346187,70262,0.36768805686700146
728,0.36780244935716044,0.36663284128062384,0.0017504598962529356,0.0001,1.893133410690031e-06,0.0021630126057072254,0.00044574813797663526,70279,0.36780244935716044
729,0.3666926703420957,0.36677348748603505,0.0018098069250049819,0.0001,2.185353843361521e-06,0.002415013240548303,0.00044919730403789515,70207,0.3666926703420957
730,0.3683058470146628,0.36693419221147927,0.0018389627355480454,0.0001,1.9075233037467734e-06,0.002074564390972605,0.0004451414032948456,70106,0.3683058470146628
731,0.36588511689742725,0.36707918418351815,0.0018400176789197657,0.0001,2.06996002281342e-06,0.002249934928917257,0.0004366659710403959,70484,0.36588511689742725
732,0.36852937336115243,0.367232124777488,0.0019890401416328206,0.0001,2.3420313483807167e-06,0.00235493623216485,0.00045406717027929685,69938,0.36852937336115243
733,0.36566454947860316,0.36740030428261944,0.002002207643156548,0.0001,2.2902602714043993e-06,0.002287735020123813,0.00045794950659038745,70572,0.36566454947860316
734,0.3673385376085062,0.36753536352948935,0.0018174499786215007,0.0001,2.0672006885966617e-06,0.0022748364058576094,0.0004429095147542849,70176,0.3673385376085062
735,0.36951852650180544,0.36769896684105624,0.0019475263730702216,0.0001,2.1997780043162926e-06,0.00225904823137096,0.00045262985484169425,70054,0.36951852650180544
736,0.3672433866526929,0.36781827032002545,0.001728992288268789,0.0001,2.0239795064981854e-06,0.0023412244464372503,0.00045379426824655516,70356,0.3672433866526929
737,0.3713853338044416,0.3679481917327491,0.0018170647187714583,0.0001,2.0667585094966108e-06,0.0022748320278806284,0.0004426687464214325,69709,0.3713853338044416
738,0.3660628036809804,0.3680732218359761,0.0018670589797242943,0.0001,2.176863309914318e-06,0.0023318634639338193,0.0004502804158223546,70213,0.3660628036809804
739,0.3679735937045254,0.3682082886294973,0.0017518848359448736,0.0001,1.91018691678503e-06,0.002180722017329154,0.00045186680975321705,70262,0.3679735937045254
740,0.3664695025140643,0.36836921888769236,0.0019499792287119492,0.0001,2.1615723056111034e-06,0.002217020852103046,0.00044779978639193483,70343,0.3664695025140643
741,0.36729165090585153,0.3685376807895184,0.0019095070292020054,0.0001,2.0696912868523394e-06,0.0021677755098050366,0.00046019565938552106,70343,0.36729165090585153
742,0.3644843894046187,0.3686950329073065,0.0019427751331972777,0.0001,2.210705099240747e-06,0.002275821901840517,0.00045602175246419136,70660,0.3644843894046187
743,0.3681222745787376,0.368845086059445,0.00195314690659056,0.0001,2.274605161531739e-06,0.0023291695610365743,0.0004511316716732672,70166,0.3681222745787376
744,0.3680558315754966,0.3689991268833212,0.0019001570098694067,0.0001,2.0603379302618778e-06,0.0021685975627913816,0.00044415824994150754,70078,0.3680558315754966
745,0.37099303217247986,0.36914705657285546,0.00187224204049472,0.0001,2.0709130955865226e-06,0.0022122279606960494,0.000438468404801037,69643,0.37099303217247986
746,0.3701348590259893,0.36928922766401573,0.0018809245289115727,0.0001,2.0554628174502376e-06,0.002185587763736235,0.0004502618241986705,69762,0.3701348590259893
747,0.37173848563654843,0.3694282081265014,0.00180021472247111,0.0001,1.983027700362416e-06,0.0022031013029827507,0.00046021568410329315,69349,0.37173848563654843
748,0.37132653576930746,0.3695624775242994,0.001872906331077399,0.0001,2.075398845326388e-06,0.0022162334665530277,0.0004495067219268592,69474,0.37132653576930746
749,0.367588972318279,0.36972398197358786,0.001971417263427875,0.0001,2.1787580668449098e-06,0.0022103469491349713,0.00046045842147616155,70335,0.367588972318279
750,0.3712682944491107,0.36986527213980713,0.001896809235960693,0.0001,2.0753452606673723e-06,0.0021882487931014893,0.00045086737452397675,69712,0.3712682944491107
751,0.36929268906423385,0.3700003987261953,0.0019123091986449775,0.0001,2.1445555853845834e-06,0.00224289627106764,0.0004497129535248782,69974,0.36929268906423385
752,0.3667491936788569,0.37013970015964787,0.0018507996519606163,0.0001,2.1096321835807377e-06,0.0022796980552118986,0.00045643059278224085,70314,0.3667491936788569
753,0.36944696785471615,0.37029255209930667,0.0019359132883860683,0.0001,2.1188165979711016e-06,0.0021889581632424417,0.0004445785521005901,69934,0.36944696785471615
754,0.3704267761933907,0.37044028156133646,0.0018751743257839253,0.0001,2.1060422386796236e-06,0.0022462362135842314,0.0004561601011680793,69755,0.3704267761933907
755,0.3678768846125329,0.3706068701174748,0.0020158434159540137,0.0001,2.22217579827879e-06,0.002204710723751456,0.0004478285542763515,70252,0.3678768846125329
756,0.3692945164273769,0.37074792244281163,0.001860489419459207,0.0001,2.018301468549422e-06,0.0021696457366966225,0.0004485833975665919,70037,0.3692945164273769
757,0.3708862174069462,0.37088775278371344,0.0018745903770958313,0.0001,2.0843521200671027e-06,0.002223794750612387,0.00045357268144770503,69631,0.3708862174069462
758,0.3717668434153185,0.37103926753749017,0.001974623012571906,0.0001,2.2287160629294776e-06,0.002257358542607706,0.0004623167503223582,69436,0.3717668434153185
759,0.370360821233952,0.3711895274490023,0.0019165787860290077,0.0001,2.084482942117668e-06,0.002175212370409821,0.000439215464135726,69843,0.370360821233952
760,0.3705905625383271,0.3713375108807283,0.0019680336920243993,0.0001,2.226082763427193e-06,0.0022622405017236813,0.00044836636706236223,69712,0.3705905625383271
761,0.37201070117751767,0.3714887550120193,0.0019560543327451717,0.0001,2.1371106026852416e-06,0.002185123968091388,0.00044226419152950845,69399,0.37201070117751767
762,0.37114426217141616,0.37164429595129606,0.001939828198983992,0.0001,2.1138564099716556e-06,0.002179426416296879,0.00044506361974395417,69541,0.37114426217141616
763,0.3724144711509298,0.37177107837726575,0.001779782053152846,0.0001,1.952030669586597e-06,0.0021935614713370277,0.0004576829710867469,69497,0.3724144711509298
764,0.37355377962700503,0.3718866468213858,0.0016984751677016703,0.0001,1.8235423409235017e-06,0.0021472699461259344,0.0004496972814969757,69239,0.37355377962700503
765,0.36996490971780244,0.37202535532971764,0.0017945928746783736,0.0001,1.9069851553482016e-06,0.0021252565774172827,0.00045608884975600477,69997,0.36996490971780244
766,0.37135531186266874,0.3721591074959387,0.0017802307842221354,0.0001,1.8633776239475851e-06,0.0020934113042672506,0.0004474585645897225,69619,0.37135531186266874
767,0.3743509439707756,0.37227196941232243,0.0017090149532130133,0.0001,1.905092407765048e-06,0.0022294625382690792,0.00044978843375383267,68947,0.3743509439707756
768,0.37099640995485095,0.37242772941945007,0.002002265971918048,0.0001,2.1697623063588847e-06,0.002167306778210275,0.0004574628393886598,69648,0.37099640995485095
769,0.3737301976972589,0.3725485658021525,0.0017180049598099554,0.0001,1.8065307453692884e-06,0.0021030564959127074,0.00044764474677020456,69375,0.3737301976972589
770,0.37277817075090836,0.37268282851303935,0.0018598260487473015,0.0001,2.00229123497567e-06,0.002153202700138894,0.00045444279238472755,69377,0.37277817075090836
771,0.3728685256636141,0.37281420587902414,0.0017268735533988455,0.0001,1.799128055797539e-06,0.00208368244710967,0.00044724047369126564,69292,0.3728685256636141
772,0.3763455263413965,0.37296000847375615,0.001968118662386081,0.0001,2.1599850991530274e-06,0.0021949744600605883,0.0004446153766475922,68817,0.3763455263413965
773,0.3723994608417299,0.37310162959830934,0.0019200821143239124,0.0001,2.0509612897876466e-06,0.0021363266440402404,0.0004328301066769478,69455,0.3723994608417299
774,0.3715426629155625,0.37323730430883917,0.0018915626948391169,0.0001,2.0786758752510038e-06,0.002197839787094978,0.00045506369707232056,69602,0.3715426629155625
775,0.37269533966775475,0.37336350337143837,0.0017897648416406926,0.0001,1.9188895535211367e-06,0.0021442923772735135,0.00044771682825826885,69363,0.37269533966775475
776,0.3733636439413501,0.3734731012076986,0.0016218314861233011,0.0001,1.6582460159276118e-06,0.002044905441922765,0.00046415753950124314,69383,0.3733636439413501
777,0.37447706792274715,0.3735907345624783,0.001728638215284397,0.0001,1.8739922010143707e-06,0.0021681716676685407,0.0004467692377837579,69073,0.37447706792274715
778,0.3740936146742505,0.3737322878717807,0.0019202914956404408,0.0001,2.0511237765090177e-06,0.002136262938377428,0.00044563557992978464,69021,0.3740936146742505
779,0.3750507050743993,0.3738645196969561,0.0017784089103817494,0.0001,1.7780938261539057e-06,0.0019996456560400656,0.00045819392185286533,68977,0.3750507050743993
780,0.3744131314995988,0.37401177982290906,0.001905553972043153,0.0001,1.9604910762874965e-06,0.002057659982399175,0.0004358126260429519,68978,0.3744131314995988
781,0.3732321619369199,0.3741386815181321,0.0018614580272985522,0.0001,2.0432090536969763e-06,0.002195278135454057,0.0004582467924710447,69349,0.3732321619369199
782,0.3736113032309249,0.3742749521994065,0.0018424131344690975,0.0001,1.928901025646293e-06,0.002093885447904297,0.0004552795858024415,69199,0.3736113032309249
783,0.37589848934336834,0.37439971653074655,0.0018015388409355745,0.0001,1.8975196439282268e-06,0.0021065542421975286,0.0004410921471060849,68858,0.37589848934336834
784,0.37219162254241883,0.37455199285547236,0.001930146342801973,0.0001,2.108868641006787e-06,0.0021851904119823008,0.0004518832251957279,69509,0.37219162254241883
785,0.37509478089520576,0.37466110272520015,0.0016226507484476199,0.0001,1.6523959459369716e-06,0.0020366624765283704,0.00044701761719967187,69075,0.37509478089520576
786,0.37355222321704096,0.37479369733623097,0.0017749829936920336,0.0001,1.7958236635458528e-06,0.002023482669893608,0.0004530053772690483,69089,0.37355222321704096
787,0.37431123105267733,0.37490304516891626,0.0017006376875153793,0.0001,1.8115397885550212e-06,0.002130424136609214,0.000441540790436556,69174,0.37431123105267733
788,0.37975938754795474,0.3750435000452035,0.0018530223208372079,0.0001,1.9669836586075735e-06,0.002123000501924744,0.00044862049001164123,68079,0.37975938754795474
789,0.3800911286933062,0.37515619531210237,0.0016665458846549246,0.0001,1.7320535849272293e-06,0.002078614937488947,0.00044736279569113546,68256,0.3800911286933062
790,0.37456635730563914,0.3752695769461242,0.0016475816594840368,0.0001,1.705738909779179e-06,0.0020705971081437687,0.00044865230234312375,69080,0.37456635730563914
791,0.3773082179712744,0.37539692527796764,0.0017646477704695409,0.0001,1.8318553753108564e-06,0.0020761711271404977,0.00045213247773177726,68551,0.3773082179712744
792,0.3734803720030846,0.37553052845120827,0.0017697661910527158,0.0001,1.7613433355278868e-06,0.0019904813917596435,0.0004439531779724044,69240,0.3734803720030846
793,0.37758234373183464,0.37565671659436184,0.0018587428549481592,0.0001,1.948622270571322e-06,0.0020967098976428017,0.000443960764396592,68525,0.37758234373183464
794,0.37350980323434935,0.37576627428357584,0.0017768326343112642,0.0001,1.8456228804143191e-06,0.002077430192101035,0.00044574775637085844,69240,0.37350980323434935
795,0.37444298889024863,0.3758689224287185,0.0017138847946164015,0.0001,1.7563117229389741e-06,0.0020495096618580694,0.0004503991047589592,69088,0.37444298889024863
796,0.3751694836501617,0.37598059962975805,0.0017739694268500584,0.0001,1.8357860415134057e-06,0.002069692987632951,0.0004567946049811064,68907,0.3751694836501617
797,0.37276836922305595,0.37610056159045885,0.0018313879004540077,0.0001,1.936473055872964e-06,0.002114760128526463,0.00045942553834396827,69251,0.37276836922305595
798,0.374497071838988,0.3762084900719888,0.001614780861976696,0.0001,1.6547568828885739e-06,0.00204951262657763,0.0004450796575544266,69152,0.374497071838988
799,0.3748462739598704,0.3763252681029539,0.0016685870128383565,0.0001,1.6827177467143181e-06,0.0020169373652883997,0.0004487805336012477,68850,0.3748462739598704
800,0.37783814482612543,0.376465440092903,0.001810589985941576,0.0001,1.8329446080854088e-06,0.002024693190968034,0.00045391742496209473,68630,0.37783814482612543
801,0.3754266250574607,0.3766003521200962,0.0019049952029058055,0.0001,1.9752903711798944e-06,0.002073800887442512,0.00045364709729889334,68802,0.3754266250574607
802,0.3782817002971929,0.37671260642057813,0.0017036748614754449,0.0001,1.7195187626949e-06,0.002018599677177526,0.00043932307135459404,68343,0.3782817002971929
803,0.37697314141807886,0.37685067054988874,0.0018207598068319748,0.0001,1.7530962970982927e-06,0.001925675523504209,0.0004518441481773476,68650,0.37697314141807886
804,0.37772253464490707,0.3769850564722541,0.0018465045576091885,0.0001,1.8813541083738923e-06,0.002037746509339599,0.0004450888864479645,68589,0.37772253464490707
805,0.37368183944111544,0.37709978664668614,0.0017254096788396093,0.0001,1.786374706766425e-06,0.0020706673072192526,0.00045713111620875204,69183,0.37368183944111544
806,0.37454395555083503,0.37720420638532504,0.0016719699189567236,0.0001,1.8048981502182746e-06,0.0021590079220378507,0.00045208089225438837,69202,0.37454395555083503
807,0.3784154992994172,0.37734369862118905,0.0019221130144088285,0.0001,1.9672937115355344e-06,0.002047011488698132,0.0004580636193103713,68601,0.3784154992994172
808,0.3764685154702703,0.37745578890346854,0.0017197122806357885,0.0001,1.7867509335186226e-06,0.0020779649638345893,0.0004503379951438161,68777,0.3764685154702703
809,0.3762678788214828,0.3775577707565249,0.0016527229085172004,0.0001,1.6798368245542784e-06,0.002032811206158453,0.0004424858040985864,68697,0.3762678788214828
810,0.37791815929182637,0.3776792892209808,0.0018522143765005116,0.0001,1.9001650519815604e-06,0.002051776593562182,0.00045192627585226037,68495,0.37791815929182637
811,0.37529234799224137,0.37781098892600573,0.0019071709673079702,0.0001,2.089505732096096e-06,0.0021912096691000874,0.00045296736561914556,68803,0.37529234799224137
812,0.3782703587629258,0.3779265301048099,0.0018030243233406948,0.0001,1.8316115528629368e-06,0.002031710309342111,0.00045563326537403925,68566,0.3782703587629258
813,0.3803418615508992,0.378066447627189,0.0018922958925736404,0.0001,1.8546821999130394e-06,0.001960245442789136,0.000452392253125165,68060,0.3803418615508992
814,0.3806704154047755,0.3781884994980802,0.0017347421119319913,0.0001,1.6482068915104806e-06,0.001900232755259355,0.0004495810544116332,68133,0.3806704154047755
815,0.37853732830287606,0.37828890934845605,0.001770415675198326,0.0001,1.809579920453023e-06,0.002044242994233893,0.0004506298280072429,68229,0.37853732830287606
816,0.3746425828346095,0.37842576845384424,0.0018550815562120406,0.0001,1.8073556631590195e-06,0.0019485457737497274,0.0004530771581055305,69111,0.3746425828346095
817,0.37615647834333615,0.37855777922496536,0.0018591358300042995,0.0001,1.834415194109743e-06,0.0019734063154551763,0.0004595788528641868,68790,0.37615647834333615
818,0.37992552495083576,0.37868286988336575,0.0019139324095617948,0.0001,2.0038350911510985e-06,0.0020939455135825695,0.0004483848576502644,68185,0.37992552495083576
819,0.37691645610159735,0.37880488112920807,0.0017962961976619506,0.0001,1.7869804944373659e-06,0.0019896278762525804,0.00044022142850738124,68883,0.37691645610159735
820,0.3757641766591562,0.3789091734747689,0.0017374712929802607,0.0001,1.8268881028749762e-06,0.002102927524910458,0.00045279091397367214,68911,0.3757641766591562
821,0.38236336693814005,0.3790566306282612,0.001937141568016515,0.0001,1.880569877308826e-06,0.0019415926108429817,0.0004502680919777249,67734,0.38236336693814005
822,0.3769064207814836,0.379175800095403,0.001743341028498248,0.0001,1.6707197168144183e-06,0.00191668719946735,0.00044654522735704445,68649,0.3769064207814836
823,0.3800241845379539,0.3792612718893933,0.001641610741364662,0.0001,1.6995413081919401e-06,0.002070577714153016,0.000462796536674388,68148,0.3800241845379539
824,0.38066708356416035,0.3793780072527208,0.0017623314202698237,0.0001,1.694775121617072e-06,0.0019233330372758052,0.0004452954563401977,68030,0.38066708356416035
825,0.3819898443060762,0.3794786841712076,0.0016859617444275475,0.0001,1.6990805185950549e-06,0.0020155623628007784,0.00044481978494615565,67905,0.3819898443060762
826,0.3763214370292988,0.3796033350909921,0.0018880512866763604,0.0001,1.9198832741666513e-06,0.0020337194097585416,0.00044745651820895344,68791,0.3763214370292988
827,0.37940146424657734,0.3797093196620879,0.0016314499734865434,0.0001,1.6148310375832807e-06,0.0019796267906790344,0.000449756902847445,68237,0.37940146424657734
828,0.38266553245305307,0.3798260565812786,0.00179201916362668,0.0001,1.779022818233388e-06,0.001985495305343733,0.00045127618521564135,67700,0.38266553245305307
829,0.3787139961048107,0.37991814050781525,0.0016045526725042309,0.0001,1.5940047813390747e-06,0.001986852546076042,0.00044190256456571393,68428,0.3787139961048107
830,0.3798190696999654,0.3800291164747688,0.0018150766640446562,0.0001,1.8441737205305764e-06,0.002032061517909752,0.0004406647838685332,68268,0.3798190696999654
831,0.38217549557323055,0.3801378083612777,0.001779034389746086,0.0001,1.7517725304895903e-06,0.001969352071647826,0.0004404649073862961,67859,0.38217549557323055
832,0.38004982267934273,0.38025799454247444,0.0017058372567799096,0.0001,1.6481817793596993e-06,0.0019324021360290304,0.0004533809594334192,68172,0.38004982267934273
833,0.3786619219380939,0.3803629761125228,0.0017702530958285609,0.0001,1.762817099203017e-06,0.001991598945209511,0.00044333573837720356,68527,0.3786619219380939
834,0.37876604548058457,0.3804892272155599,0.0018024975670343107,0.0001,1.6879127553650021e-06,0.0018728599541381489,0.0004386975714115132,68482,0.37876604548058457
835,0.3775257547680712,0.38059833956402145,0.0017168214306807037,0.0001,1.6343535751607247e-06,0.0019039296061358212,0.000448932363102002,68807,0.3775257547680712
836,0.380115741426131,0.3807189783090271,0.0018830717686769349,0.0001,1.8784435079195718e-06,0.00199508435011947,0.00045634622539942585,68165,0.380115741426131
837,0.3808155887796156,0.3808485385725012,0.0019114437288479387,0.0001,1.8817434593208475e-06,0.001968923731231165,0.00044337019973579605,67972,0.3808155887796156
838,0.38242444194892994,0.3809419170590481,0.0016620062279404913,0.0001,1.5645690086067835e-06,0.0018827474678546198,0.0004501916510268063,67657,0.38242444194892994
839,0.3820960091236976,0.38107290269514643,0.0018351942142140348,0.0001,1.7461620371761635e-06,0.0019029724741411072,0.00044764283868716317,67575,0.3820960091236976
840,0.3799145847378747,0.3811763041985037,0.0016888068046288362,0.0001,1.6172656979148326e-06,0.0019152761505722062,0.00045455440247263424,68168,0.3799145847378747
841,0.38091252565919,0.3813007230470819,0.001821881989498341,0.0001,1.7259428400385663e-06,0.0018946812691351192,0.00044644257667320774,67900,0.38091252565919
842,0.3823733239935149,0.38141669757084584,0.0017887345346125744,0.0001,1.6908039040060183e-06,0.0018905028904942934,0.00045109263469490324,67707,0.3823733239935149
843,0.3800564058769438,0.3815362548395263,0.0018292100343330377,0.0001,1.7775956206511686e-06,0.0019435664437510167,0.00044764992179798695,68084,0.3800564058769438
844,0.3831119497584749,0.381625275782632,0.0016585041186191719,0.0001,1.5754654359608198e-06,0.0018998631577382059,0.0004458173161397559,67767,0.3831119497584749
845,0.3841056419648327,0.3817587123120747,0.0019026072941490467,0.0001,1.8628692748835703e-06,0.0019582278283199273,0.00043816782560406617,67542,0.3841056419648327
846,0.38275316909727586,0.3818795099042027,0.0018993207202641278,0.0001,1.9099880171782813e-06,0.0020112327494775824,0.00044780089553343673,67746,0.38275316909727586
847,0.3830190127848904,0.38198226281881087,0.0016780938401303024,0.0001,1.604217956876067e-06,0.0019119526197074904,0.000434509849770498,67834,0.3830190127848904
848,0.3831542933565107,0.38207981943009867,0.0016887102441604106,0.0001,1.6103071867797102e-06,0.0019071444522210726,0.00043573143830683415,67509,0.3831542933565107
849,0.3823406864601377,0.3821996761536149,0.0017958855600084254,0.0001,1.771468479106336e-06,0.001972807754073177,0.0004444694662182725,67774,0.3823406864601377
850,0.3843266312436884,0.3822844569532839,0.0015351670085896965,0.0001,1.4274601909229867e-06,0.0018596806509466922,0.0004355965059450153,67551,0.3843266312436884
851,0.3834926185043032,0.38237328087399197,0.0016214707527372376,0.0001,1.6142810689315748e-06,0.001991131898255302,0.0004548195983885419,67676,0.3834926185043032
852,0.38079081059700226,0.3824761948040535,0.001687691330941512,0.0001,1.6158343392841361e-06,0.0019148458129280206,0.00044034301775610816,68107,0.38079081059700226
853,0.3830389636924745,0.3825618777472011,0.0017188952656508889,0.0001,1.6906631074721904e-06,0.0019671508104736005,0.0004517680707678663,67663,0.3830389636924745
854,0.3829362909728723,0.38265785843367983,0.0016419990675840622,0.0001,1.5191012996391939e-06,0.0018503071403984503,0.00045054827802288287,67577,0.3829362909728723
855,0.38165062977723296,0.3828294708979723,0.0001,0.00674689248389704,1.5619628058968513e-06,0.0019041871800361237,0.0004630169547313294,67875,0.38165062977723296
856,0.3804538403913117,0.3829405049960528,0.001861626672902596,0.0001,1.9276863890427797e-06,0.0020709698857474847,0.0004556626483620836,67926,0.3804538403913117
857,0.38201078038298486,0.3830223742753769,0.0015318682464689354,0.0001,1.4449165963647133e-06,0.001886476333320895,0.0004408775058905298,67819,0.38201078038298486
858,0.3831575640046948,0.38313028625540174,0.0018438971122383,0.0001,1.8436670794899848e-06,0.001999750492859077,0.00044241844544298196,67803,0.3831575640046948
859,0.38145018253948476,0.38325783568817134,0.001812788514682552,0.0001,1.6508890611392194e-06,0.0018213807598271505,0.0004353872098322383,68005,0.38145018253948476
860,0.3803748651424319,0.3833427205008608,0.0016090494594878531,0.0001,1.5763311135544143e-06,0.0019593320817573217,0.00043579107778511536,67998,0.3803748651424319
861,0.3807046153280056,0.3834350749482449,0.0017100224544646556,0.0001,1.6775273936672216e-06,0.0019619945799979484,0.0004579291825245041,68095,0.3807046153280056
862,0.38353966820770347,0.3835295578822453,0.0016666791125454635,0.0001,1.604578090649622e-06,0.0019254793302101243,0.000438291240852666,67548,0.38353966820770347
863,0.3825174378848162,0.38359256322612917,0.001546612780399864,0.0001,1.4853938310971426e-06,0.0019208348074210356,0.0004483521655841629,67624,0.3825174378848162
864,0.3820433893740356,0.3837081791486548,0.0018545590352203967,0.0001,1.798691820007007e-06,0.001939751483611574,0.0004542703410817235,67880,0.3820433893740356
865,0.38593909404499194,0.3838093555456505,0.0017648559507965483,0.0001,1.6905365559334514e-06,0.0019157785145812564,0.0004559067059201066,67028,0.38593909404499194
866,0.3853053857155099,0.38392066658571,0.0017860240956800585,0.0001,1.683669463158207e-06,0.0018853826969418594,0.00045047437839941306,67307,0.3853053857155099
867,0.38521706537652173,0.3840015658307889,0.001550344884171526,0.0001,1.4340374268509064e-06,0.0018499592464772477,0.00043082482493720834,67266,0.38521706537652173
868,0.38491118197492646,0.38410695315926907,0.0016624940012185876,0.0001,1.5356145627978776e-06,0.0018473625308389578,0.0004459060891812412,67280,0.38491118197492646
869,0.3788933313680496,0.38419727653858493,0.0017314567382311031,0.0001,1.727488545465814e-06,0.0019954163535505446,0.000443210928267735,68442,0.3788933313680496
870,0.38513178214504507,0.38430679693586384,0.0017780011640720899,0.0001,1.7187779694953343e-06,0.0019333822769371882,0.00044643664956813705,67393,0.38513178214504507
871,0.38354686305063795,0.38439826030056673,0.001657912858045327,0.0001,1.531993028893463e-06,0.0018480983743616982,0.00043722185246682674,67668,0.38354686305063795
872,0.3854490920513719,0.38456124468395886,0.0001,0.006472612789063164,1.411946711920548e-06,0.0018034803702653849,0.000436283385994085,67127,0.3854490920513719
873,0.38632112633226096,0.38469135363153667,0.0019165751233878976,0.0001,1.8213783203679248e-06,0.001900659460870289,0.00044228411439396504,67092,0.38632112633226096
874,0.3864984543399478,0.38481198940037026,0.0018715961263890976,0.0001,1.7679626038885666e-06,0.0018892565323903791,0.00044900239312128384,67066,0.3864984543399478
875,0.38771061903005416,0.384897984540507,0.001607163217437573,0.0001,1.5164553743702668e-06,0.0018871205586549838,0.00043877305952457873,67135,0.38771061903005416
876,0.38458671474374234,0.38502209197531445,0.00186084381586131,0.0001,1.7091042498664566e-06,0.0018369131630484323,0.0004260421059505397,67364,0.38458671474374234
877,0.3805809834559831,0.38510531434361583,0.0015830347692207566,0.0001,1.5059893425227112e-06,0.001902661106128489,0.00043958694908462513,67937,0.3805809834559831
878,0.38647984684691095,0.3852140155016804,0.0017527808565384847,0.0001,1.5524614619085079e-06,0.0017714267657788305,0.00043302370741081297,67031,0.38647984684691095
879,0.3869176257407655,0.3853152803547746,0.0017424779385496237,0.0001,1.6027889448864668e-06,0.0018396662700023293,0.00044640772063221884,67110,0.3869176257407655
880,0.38327517912717163,0.38541617260881067,0.0017989432770050278,0.0001,1.705804868394913e-06,0.0018964520896232186,0.00045804297686409914,67494,0.38327517912717163
881,0.3885732036874666,0.3855481930873697,0.001990370808205989,0.0001,1.952020573842037e-06,0.001961464231483058,0.00044869903200298505,66726,0.3885732036874666
882,0.38163261919375724,0.3856452407435499,0.0017380894793364798,0.0001,1.7041188078915605e-06,0.001960910330740984,0.00044184686724341177,67921,0.38163261919375724
883,0.38471156797093,0.3857391633581387,0.0017567796849695528,0.0001,1.7692642422438316e-06,0.002014213002781274,0.00045037535569220186,67410,0.38471156797093
884,0.38677914043365635,0.3858717384222349,0.001841298280245507,0.0001,1.6440871344236583e-06,0.0017857912018518218,0.0004346697407182289,67126,0.38677914043365635
885,0.387670239955453,0.38596392452237377,0.00158418542470752,0.0001,1.5095917731835203e-06,0.0019058271205370154,0.00044251442235369864,66882,0.387670239955453
886,0.38620758116944054,0.38607397094773854,0.0017589302265291202,0.0001,1.6690314685103958e-06,0.0018977801885909703,0.0004459771527499447,67249,0.38620758116944054
887,0.385530284777441,0.386186974821585,0.0018290632533610332,0.0001,1.7143936015101788e-06,0.0018746137930001703,0.0004486530080777215,67212,0.385530284777441
888,0.3871296415942073,0.3862662912465382,0.0015745834500742225,0.0001,1.5172193350722907e-06,0.0019271374089455493,0.00044175727252697276,66878,0.3871296415942073
889,0.3882516453605944,0.38636023992884233,0.00166668521932388,0.0001,1.516443571089672e-06,0.0018197120290115052,0.00042849751695742794,66823,0.3882516453605944
890,0.38727553650314367,0.38643841519031497,0.0016098381727020184,0.0001,1.5720401729157296e-06,0.0019530412429929556,0.00044308899893857613,66884,0.38727553650314367
891,0.3829160478475664,0.3866057866049572,0.0001,0.0067472098859766155,1.5058868110920314e-06,0.0018781918268502438,0.0004463731932281705,67678,0.3829160478475664
892,0.38414187348388573,0.3867114923939126,0.0017773575853148318,0.0001,1.6373236980820243e-06,0.0018424246326233752,0.0004389187186430742,67251,0.38414187348388573
893,0.3871218981651069,0.38681399723759174,0.0018093276601591633,0.0001,1.6750064063142532e-06,0.0018515235722057174,0.0004238268826066194,67050,0.3871218981651069
894,0.387412137805886,0.3869790442633389,0.0001,0.006686549498688816,1.4598882670817218e-06,0.0018431136144313482,0.00043666416209675704,66813,0.387412137805886
895,0.38967661249576735,0.3870843917974689,0.0018075333317155845,0.0001,1.6992205398795834e-06,0.0018801540309818815,0.0004252867804290962,66539,0.38967661249576735
896,0.38603275445758695,0.38724703379397807,0.0001,0.006596729176374,1.402867538541769e-06,0.001700064979359102,0.00042532215618797857,67220,0.38603275445758695
897,0.38988057937047593,0.3873220860860788,0.0015647262364923897,0.0001,1.4727449731897075e-06,0.0018824314935641717,0.00042109229302719677,66591,0.38988057937047593
898,0.38674779472562837,0.38748745009638563,0.0001,0.006824111145984065,1.482624165701899e-06,0.0018450460862127474,0.0004345252103856518,67002,0.38674779472562837
899,0.38742171018242694,0.38765035036777856,0.0001,0.006743646978233643,1.4216538257704256e-06,0.0017646020544826073,0.00042162759419615934,66871,0.38742171018242694
900,0.3867974312149439,0.3877354868236114,0.0016025228520464472,0.0001,1.4824897929984928e-06,0.0018501948862761361,0.00042343030586371427,67153,0.3867974312149439
901,0.3891363891898245,0.38782516649650367,0.0016937541805928159,0.0001,1.5524064703003747e-06,0.0018330953665980393,0.00042097445734465494,66698,0.3891363891898245
902,0.3891973043043098,0.3879154766263833,0.001632834837365059,0.0001,1.4921834062896262e-06,0.0018277211780924458,0.00041814085364417786,66576,0.3891973043043098
903,0.38664213455906044,0.3879819503005282,0.0015479274483408193,0.0001,1.4790217823555717e-06,0.001910970419112206,0.000424728816435489,67088,0.38664213455906044
904,0.38627666008457995,0.3880810460646152,0.0018738450594872383,0.0001,1.8268171496383777e-06,0.0019498059782362904,0.0004272577293035927,67136,0.38627666008457995
905,0.3897483232114081,0.38817886945415936,0.0018020139766950526,0.0001,1.6586830469139068e-06,0.0018409214005720214,0.00041830902583265487,66551,0.3897483232114081
906,0.38634649712013613,0.38828451850919377,0.0018076567753786664,0.0001,1.6604918162834335e-06,0.0018371759936955893,0.00042299102277656314,67044,0.38634649712013613
907,0.3840703271203495,0.3884490401187582,0.0001,0.006839183915606458,1.4476758526598518e-06,0.0018162992680080792,0.00042334754278397854,67536,0.3840703271203495
908,0.39004502851291467,0.38852377224742185,0.0016447052719481279,0.0001,1.4767811997357985e-06,0.0017958004086489905,0.0004228079864652325,66424,0.39004502851291467
909,0.3874523618344176,0.3886389666925841,0.0018480031084060421,0.0001,1.767175309688622e-06,0.0019125241744997528,0.000433339195869379,66821,0.3874523618344176
910,0.39242582182346875,0.3887311770034969,0.001669275588827645,0.0001,1.5588088333397406e-06,0.001867647072505881,0.0004188013951320282,66150,0.39242582182346875
911,0.3906217412861961,0.38883109728660326,0.0017764987179487454,0.0001,1.5940902840222768e-06,0.0017946427632246325,0.00043079334508895606,66427,0.3906217412861961
912,0.38733909554621826,0.38890858372628,0.0016254721071296129,0.0001,1.555793921043147e-06,0.0019142671402593194,0.0004177444788274889,66909,0.38733909554621826
913,0.38962766836843765,0.3890031805828647,0.0017035903762928557,0.0001,1.4844644091502244e-06,0.0017427480570541064,0.00041345466724997733,66639,0.38962766836843765
914,0.3888432373393613,0.38916845706908754,0.0001,0.006974103570497435,1.4781366606332178e-06,0.0017900068113616266,0.0004238929478725215,66557,0.3888432373393613
915,0.38903251361731983,0.3892644061754856,0.001711130486341146,0.0001,1.538057906441896e-06,0.0017977096647149042,0.00042442692117986215,66642,0.38903251361731983
916,0.38965198778076177,0.3893401177680758,0.001629151693460705,0.0001,1.4577023207308046e-06,0.0017895231322926086,0.00040902356879968227,66573,0.38965198778076177
917,0.39156910251465005,0.38944020257860956,0.0016963211521779525,0.0001,1.5235564302483662e-06,0.0017963065876909347,0.00042524659245526573,66259,0.39156910251465005
918,0.39005783527001825,0.3896033367114458,0.0001,0.006925769602506171,1.4362220626241317e-06,0.0017527854182766492,0.00041474728298914756,66256,0.39005783527001825
919,0.3873972799789116,0.3897711529782285,0.0001,0.007158736015155872,1.51509996375164e-06,0.001783317947754653,0.0004232870050087049,66951,0.3873972799789116
920,0.3910568674219903,0.3898491504324456,0.0015978905191872859,0.0001,1.4054818356796107e-06,0.001759171631351142,0.0004033424727977789,66310,0.3910568674219903
921,0.38925263246596564,0.390010727776677,0.0001,0.006938165939310285,1.4013395997777573e-06,0.001648858931825264,0.0004039510187665136,66545,0.38925263246596564
922,0.39043253477946116,0.39011064372362314,0.0018171383533247167,0.0001,1.707573203318435e-06,0.0018794091272072739,0.0004143187216871418,66525,0.39043253477946116
923,0.38921895970076914,0.3902142494248277,0.0016984843735204356,0.0001,1.547475052967156e-06,0.0018221834443607112,0.00041623670020693064,66751,0.38921895970076914
924,0.3894305936106941,0.3903018618376457,0.0016503557896074693,0.0001,1.4986863121363152e-06,0.0018161978423970892,0.00040111555864549354,66492,0.3894305936106941
925,0.38844100343396043,0.39040752466842027,0.0018123479931775968,0.0001,1.6309253497366312e-06,0.0017997927063412625,0.00041400429497643633,66780,0.38844100343396043
926,0.3917982375744722,0.39048387807564994,0.001583089297350639,0.0001,1.4341739724797715e-06,0.001811867435248178,0.0004027438242768361,66238,0.3917982375744722
927,0.3897421483721685,0.3905617061255754,0.0016699056422450566,0.0001,1.4669709962776721e-06,0.0017569507631646124,0.0004004144334684883,66609,0.3897421483721685
928,0.3901280715994748,0.3906390576494813,0.0016970261665963762,0.0001,1.62943140972371e-06,0.0019203374017405551,0.00040340685697431284,66433,0.3901280715994748
929,0.3902471773047291,0.3907310218396062,0.001782726892450082,0.0001,1.6331564592641527e-06,0.0018322003961242005,0.0004040694182822337,66349,0.3902471773047291
930,0.3895202873421537,0.3908058132188347,0.0017754682234093243,0.0001,1.745549239172363e-06,0.0019662973588121897,0.00041106652902407295,66706,0.3895202873421537
931,0.39110358292608394,0.3909725306482775,0.0001,0.007259808226850792,1.5071569991245637e-06,0.0017458590303433717,0.0004152057332727501,66338,0.39110358292608394
932,0.3882820387769711,0.391081337201193,0.001808312227781291,0.0001,1.566232525682545e-06,0.0017322589557492894,0.00040191762359913626,66753,0.3882820387769711
933,0.3922768499392124,0.39118481411533723,0.001835178144042345,0.0001,1.627110859206982e-06,0.001773245681340719,0.00039546401272737774,66127,0.3922768499392124
934,0.3922225573667878,0.3912736922948191,0.0017002910389920568,0.0001,1.4733144462849565e-06,0.0017330144222348506,0.00039616563746219487,66087,0.3922225573667878
935,0.38740746407232735,0.3913535685093149,0.0016279022437735262,0.0001,1.4495294879251584e-06,0.001780855691389804,0.00039512263648746845,66900,0.38740746407232735
936,0.38762338377964917,0.39151828565226043,0.0001,0.007245240435119317,1.480873462404085e-06,0.0018166265377334585,0.00040878518129666393,66897,0.38762338377964917
937,0.39065918970158386,0.39160211540393747,0.0016097903063293335,0.0001,1.4423542343736764e-06,0.0017919777858055967,0.00039531506204269637,66361,0.39065918970158386
938,0.38874544278567774,0.3916838716633146,0.0016916113993578502,0.0001,1.5128701100266349e-06,0.0017886733449549146,0.0003996130341433268,66447,0.38874544278567774
939,0.3896458328081845,0.3917764522836553,0.0017775289257519714,0.0001,1.6300856524819993e-06,0.0018341030954445964,0.0004180684352555811,66493,0.3896458328081845
940,0.3884857544711545,0.39193558337603407,0.0001,0.007049414062049935,1.382486241261245e-06,0.0017602568517216199,0.0003922272770736423,66484,0.3884857544711545
941,0.3931221362084935,0.39202279926453815,0.0017167806958096638,0.0001,1.4887364970109117e-06,0.001734335085016549,0.00039570046771622406,65936,0.3931221362084935
942,0.3924806377270033,0.3921240518578683,0.0017860262117677984,0.0001,1.5466467198293515e-06,0.0017319417930585573,0.0003929967294616468,66032,0.3924806377270033
943,0.3915450147498908,0.39221143740733444,0.0017991557457127786,0.0001,1.6746412943811037e-06,0.0018615856891451652,0.0003987743184808138,66154,0.3915450147498908
944,0.3933188411434585,0.39237415120770675,0.0001,0.007290928754379846,1.453453777727253e-06,0.0016950997818972122,0.0003987019560036508,66139,0.3933188411434585
945,0.3921524487657674,0.39247514782245224,0.001755399139657519,0.0001,1.5240978266706825e-06,0.0017364686950547738,0.0003943371437267202,66079,0.3921524487657674
946,0.39307890380660426,0.39255275166424736,0.0016438294451832757,0.0001,1.4021750412506077e-06,0.001705986038100534,0.00038123319406669926,66077,0.39307890380660426
947,0.39541807318591393,0.3926201729943675,0.001656038192611324,0.0001,1.4660475774378806e-06,0.0017705480271878798,0.0003919563213568939,65619,0.39541807318591393
948,0.39207083226837747,0.39272132960310663,0.0017488349081594776,0.0001,1.5125342494731036e-06,0.001729762189004949,0.0003947929872015018,66176,0.39207083226837747
949,0.3906571888177454,0.39281500651659823,0.0016190439946085799,0.0001,1.3985412235803749e-06,0.001727613614253251,0.00038088495638876566,66192,0.3906571888177454
950,0.3917185631401788,0.3929773081326909,0.0001,0.007321681159691275,1.4448791322695388e-06,0.0017567322237031179,0.00039468507321082627,66294,0.3917185631401788
951,0.3906653989272003,0.39307327274400655,0.0017890857592851232,0.0001,1.528801033437898e-06,0.001709030464865777,0.000385304430692819,66423,0.3906653989272003
952,0.39543798272499164,0.393238952119484,0.0001,0.007538288295469289,1.5018797951846416e-06,0.0017984662455292092,0.00039846706210143516,65688,0.39543798272499164
953,0.3917341417948945,0.3934000566445144,0.0001,0.0074273612243503425,1.4395682494989639e-06,0.0018004542493560284,0.00038763921829448384,66250,0.3917341417948945
954,0.39431429972347953,0.3935584471623121,0.0001,0.0073842023145526655,1.4028176293374533e-06,0.0016355535259991887,0.00037995102776986573,65870,0.39431429972347953
955,0.3942931591614568,0.3937253987305586,0.0001,0.007809207923723666,1.5445283281126775e-06,0.0017414107675570996,0.0003955659378515305,65815,0.3942931591614568
956,0.39227360629436064,0.3938105246122729,0.0017072095179434272,0.0001,1.503474931421613e-06,0.001761324448604011,0.000382304935038409,66182,0.39227360629436064
957,0.3923625150143299,0.39390146446367935,0.0018082056624208985,0.0001,1.6417798374101856e-06,0.0018159215752173948,0.0003758665305553151,66028,0.3923625150143299
958,0.39557617975196563,0.3939882271668518,0.0016799369140557893,0.0001,1.41397372403001e-06,0.0016833652647304746,0.00037144268344110215,65477,0.39557617975196563
959,0.39521972687688667,0.3941461243404736,0.0001,0.007489237511000773,1.3973330106327019e-06,0.0017691820335893787,0.00037315761680149437,65651,0.39521972687688667
960,0.39326449522540213,0.3943077533348004,0.0001,0.007708548328229541,1.4593407129000212e-06,0.0017927733684591197,0.00037862919210242404,65942,0.39326449522540213
961,0.3930513710238598,0.3943979840574015,0.001781657726346356,0.0001,1.5663833669179664e-06,0.0017583437534100868,0.00037397364292177527,65867,0.3930513710238598
962,0.39464851667757705,0.3945606621065421,0.0001,0.007794101606588009,1.4683194225579177e-06,0.0016964498615233887,0.0003767770800721439,65804,0.39464851667757705
963,0.3957150579859987,0.3946570767913699,0.0018020199730621478,0.0001,1.6020840927413522e-06,0.0017780980418535012,0.0003662995303175926,65590,0.3957150579859987
964,0.39208829304941173,0.3948178916759483,0.0001,0.007846773030258613,1.4666874777349517e-06,0.001756824906340529,0.0003738320127469298,66231,0.39208829304941173
965,0.3949463713649895,0.3949215245221994,0.001845043924411959,0.0001,1.6002693013631415e-06,0.0017346679720626917,0.0003680031467916383,65654,0.3949463713649895
966,0.39643893960647936,0.39501509907633936,0.0017796585600340156,0.0001,1.549545932453206e-06,0.0017413968805607169,0.00036173138655684356,65449,0.39643893960647936
967,0.39824125386249154,0.3951739118598318,0.0001,0.007748775057426813,1.4020325397077802e-06,0.001622742590634265,0.0003618720454051644,65152,0.39824125386249154
968,0.39632769097372744,0.39524874657048303,0.0016865519252225849,0.0001,1.4437487713076104e-06,0.0017120715344913797,0.00036054526961197867,65494,0.39632769097372744
969,0.39550476499906695,0.395411156756322,0.0001,0.008004287589275287,1.4745872488945218e-06,0.0016949433797566746,0.0003684493422925678,65554,0.39550476499906695
970,0.3938307563018783,0.39549976788442753,0.0018135287593585368,0.0001,1.5864314032740643e-06,0.0017495519661184758,0.000352774279914484,65841,0.3938307563018783
971,0.39286727019029666,0.3956587472894817,0.0001,0.007907115652296121,1.4156948323627147e-06,0.00168095369260964,0.0003580812257252403,65736,0.39286727019029666
972,0.3961304134950082,0.3957484324239584,0.0017700069124731333,0.0001,1.6060904041486425e-06,0.0018147843297454025,0.00035688057843810857,65546,0.3961304134950082
973,0.3931977453039343,0.395909398130314,0.0001,0.008079842661758634,1.4584196050390308e-06,0.0017942855732543742,0.00036100198137313614,65849,0.3931977453039343
974,0.39799871614403737,0.3960016656519223,0.0018164043440157033,0.0001,1.6130985055111162e-06,0.0017761447343215232,0.00035081602696590737,65248,0.39799871614403737
975,0.39690407405052663,0.3960776273159365,0.0016635876142335271,0.0001,1.4515345199054432e-06,0.0017450653124442936,0.00035259379570817904,65460,0.39690407405052663
976,0.3930540060147264,0.39618184825196734,0.0017733730681957617,0.0001,1.4906307753084546e-06,0.0016811248597848945,0.00035155593376212934,66157,0.3930540060147264
977,0.3932795877694711,0.3962798881271645,0.0018000573706251132,0.0001,1.5542393130096304e-06,0.0017268775299865953,0.00035940146507978097,65929,0.3932795877694711
978,0.3967995952781058,0.3964411949858525,0.0001,0.008157620697421125,1.457811719769537e-06,0.001618646658453346,0.00035741100839130596,65438,0.3967995952781058
979,0.3949196175355165,0.39660216591672887,0.0001,0.00825668665554161,1.4698220604492092e-06,0.0016844416244343175,0.0003560319343020518,65583,0.3949196175355165
980,0.399525014804034,0.396765014423219,0.0001,0.0083866734997785,1.4860518857601834e-06,0.0016513572829693409,0.0003543841037330072,65083,0.399525014804034
981,0.3980186144482555,0.3969270529780093,0.0001,0.00842051807254167,1.4716894067582958e-06,0.00175300732931034,0.00034954842304948046,65173,0.3980186144482555
982,0.3957565904985989,0.3970256536277917,0.0017497550724397454,0.0001,1.4266003226287063e-06,0.0016306285892225439,0.00033517737795767273,65555,0.3957565904985989
983,0.39754032656029226,0.39711793815865565,0.00174327516050212,0.0001,1.426148581988971e-06,0.001636171517040596,0.0003372393204920891,65176,0.39754032656029226
984,0.3997108176891218,0.39727059332135745,0.0001,0.00802469918549358,1.3156357213849617e-06,0.0016252984041161952,0.00032789658303036806,64959,0.3997108176891218
985,0.39635063899512174,0.39742669839035866,0.0001,0.008339647885659288,1.3979687621205791e-06,0.0017095350823781476,0.0003352584620567738,65236,0.39635063899512174
986,0.3984410940097657,0.39758671592530487,0.0001,0.008554138655380848,1.4454108181182606e-06,0.0016717914289156818,0.0003379442107146691,65083,0.3984410940097657
987,0.40074379783597613,0.39766959661905354,0.0017330462194111588,0.0001,1.4885647821568275e-06,0.0017178592994047213,0.00032742602690972593,64760,0.40074379783597613
988,0.39851895779154617,0.39782339372695813,0.0001,0.008335790100854426,1.3486858773974615e-06,0.0016639276836899533,0.0003235892125592798,65136,0.39851895779154617
989,0.397396337604247,0.3978838625128887,0.0015954593654392772,0.0001,1.4045509029677843e-06,0.0017606852714560604,0.00032327517988176734,65302,0.397396337604247
990,0.39616463973669336,0.39803864483734225,0.0001,0.008461069760529292,1.3702521827831796e-06,0.0016302953517384118,0.0003238957298698509,65287,0.39616463973669336
991,0.39722162546416295,0.3981984024311354,0.0001,0.008764167880428936,1.443707056625277e-06,0.0016015452466093178,0.00032945673253228895,65192,0.39722162546416295
992,0.3988296309588735,0.398356651419076,0.0001,0.008802320606568482,1.4258722539455482e-06,0.0016992552461844957,0.00032397644159462476,64975,0.3988296309588735
993,0.398099824515349,0.39844919683306046,0.0017714216414489977,0.0001,1.581395077296734e-06,0.001785453039856931,0.00031675580836472276,65077,0.398099824515349
994,0.3990327485612024,0.39854297475825207,0.0018077973936507497,0.0001,1.5735598146883398e-06,0.0017408585942372892,0.0003159061965959459,64953,0.3990327485612024
995,0.40152927802686383,0.39861783349866253,0.0016949759096071342,0.0001,1.4945382443182443e-06,0.0017634920187917622,0.00031830290445938604,64466,0.40152927802686383
996,0.3993878717990018,0.3987756426796999,0.0001,0.008879805025173527,1.4274924744840485e-06,0.0016383381488813762,0.0003215143734433859,64896,0.3993878717990018
997,0.40056129382640004,0.3989307186069566,0.0001,0.00886343181396617,1.3977699791238303e-06,0.0017234917229324638,0.0003154015303465988,64724,0.40056129382640004
998,0.3995650263547752,0.3990868538022792,0.0001,0.008957793022792593,1.4024059668064041e-06,0.001634396652328858,0.00031311417069763997,64892,0.3995650263547752
999,0.3989087234850574,0.3992410121968852,0.0001,0.00897191704157388,1.3817170678289865e-06,0.001656065837458081,0.00030800932764456354,64792,0.3989087234850574
