iteration,performance_mc,performance_true,alpha,beta,bound,policy_advantage,model_advantage,total_samples,avg_return
0,0.03161895135989032,0.030856895389344944,0.0011153938868448258,0.0001,1.535459222658233e-06,0.002753214341171742,3.3858326669279453e-06,7682,0.03161895135989032
1,0.029427090871965083,0.030970309620618783,0.000957212777802288,0.0001,1.1342695522139158e-06,0.00236994235454763,5.112143515590952e-06,7680,0.029427090871965083
2,0.028539428825496087,0.031105771094116347,0.0009368215610827005,0.0001,1.080361874807937e-06,0.002306441097618088,1.332340807150275e-06,7663,0.028539428825496087
3,0.028154719366614317,0.031282448563271836,0.0011321353426131955,0.0001,1.5891747038808806e-06,0.0028073935051135253,8.112787524854622e-07,7732,0.028154719366614317
4,0.03535300060217127,0.0314488205658968,0.001077528592612451,0.0001,1.4744009270319235e-06,0.0027366344376203726,3.1982550753931153e-06,7617,0.03535300060217127
5,0.03672660306406194,0.031571698455665764,0.0010486274386979596,0.0001,1.3325860874044214e-06,0.0025415815726871353,1.7538108753916945e-06,7657,0.03672660306406194
6,0.028825571269518846,0.031741817810312725,0.0011022656920157583,0.0001,1.5420431723330785e-06,0.0027979518613394936,1.845897379980716e-06,7766,0.028825571269518846
7,0.031077152077369132,0.03190624633473223,0.0010315896157687531,0.0001,1.33368919110645e-06,0.0025856972011347144,4.722795055061527e-06,7674,0.031077152077369132
8,0.027653395283805567,0.032036614831425544,0.001020213630538998,0.0001,1.299798595949739e-06,0.0025480910214128994,8.614640460294262e-07,7734,0.027653395283805567
9,0.02883423115631604,0.03220437328751871,0.001008690505293256,0.0001,1.2745189877338577e-06,0.0025270764045971015,6.889202742953353e-06,7683,0.02883423115631604
10,0.030020663478516077,0.03236848848040112,0.0010068230498579112,0.0001,1.2192842030301818e-06,0.0024220426880418645,6.070514665207169e-06,7694,0.030020663478516077
11,0.04056273323566711,0.032553055017680486,0.0011317189901044722,0.0001,1.6273499590063885e-06,0.002875890522710347,2.620120416754742e-07,7626,0.04056273323566711
12,0.03485053472606435,0.032704846084846854,0.0011088911062126074,0.0001,1.4831792677118676e-06,0.002675067478496843,4.990761630233409e-06,7626,0.03485053472606435
13,0.04034378116074007,0.03290325038983934,0.001217466375184173,0.0001,1.8740666679786423e-06,0.0030786339667001348,6.367479877273166e-08,7648,0.04034378116074007
14,0.034065742737123365,0.03307394982052464,0.0010952041736630633,0.0001,1.4739394785074918e-06,0.002691625021072911,2.762616634108937e-07,7654,0.034065742737123365
15,0.02942440303648339,0.03326819576544679,0.0010989510370973832,0.0001,1.5119167268352084e-06,0.0027515634014570393,1.7427560364945845e-06,7709,0.02942440303648339
16,0.03291126361322804,0.03346380830284325,0.0011258946851920857,0.0001,1.5886661728245663e-06,0.0028220511096089386,3.88404051018706e-06,7706,0.03291126361322804
17,0.03331526139927767,0.03361471002245995,0.0010630174468821325,0.0001,1.4243952480358026e-06,0.0026799094449740293,6.654184942130571e-06,7601,0.03331526139927767
18,0.03512479772188985,0.03381612481953469,0.0012178482972471593,0.0001,1.8842010591135046e-06,0.0030943116041178163,8.3568543931823e-06,7641,0.03512479772188985
19,0.03695867081680203,0.03399873059590595,0.0011426289650705705,0.0001,1.6633435437883748e-06,0.00291143248532238,3.3741227411642425e-06,7658,0.03695867081680203
20,0.034931596691161124,0.03414753313629834,0.0008546444119116485,0.0001,1.14660209074188e-06,0.0026832260873903974,1.8534768004783875e-06,7647,0.034931596691161124
21,0.032876326001395256,0.03432234444184335,0.0011120729324530622,0.0001,1.5527612500900962e-06,0.0027925529068762475,1.392675250888822e-06,7675,0.032876326001395256
22,0.03675460912188752,0.03448509133428707,0.0010311531123928395,0.0001,1.3352968803124813e-06,0.0025899100032076945,1.7422419859606543e-06,7669,0.03675460912188752
23,0.03587465003514957,0.03468484961009184,0.001219038289905881,0.0001,1.9097985618333496e-06,0.003133287243964749,2.418316318468822e-06,7644,0.03587465003514957
24,0.0393760172298126,0.034890490375255157,0.001206557985051264,0.0001,1.866821076049861e-06,0.0030944572895442624,9.294402360997073e-06,7651,0.0393760172298126
25,0.03713891110707344,0.03507495117707367,0.0011644224625408047,0.0001,1.6954822286784785e-06,0.002912142771582893,3.839687168074468e-06,7633,0.03713891110707344
26,0.038350990379009235,0.035274054170951176,0.0011655285518737245,0.0001,1.7435491048058055e-06,0.002991859962594385,4.646026375045223e-07,7633,0.038350990379009235
27,0.035316967773923916,0.035438294344536846,0.001094855482301784,0.0001,1.4963000710242395e-06,0.0027333289100009315,1.7274386094769699e-07,7634,0.035316967773923916
28,0.03325767463688042,0.03561473563274471,0.0010307854565082182,0.0001,1.3500740889908477e-06,0.0026195055051789697,3.2358437190240404e-06,7703,0.03325767463688042
29,0.036427458811844136,0.03583525698669513,0.0012548451207761695,0.0001,1.98418756300398e-06,0.0031624421693996546,3.526837498242178e-06,7678,0.036427458811844136
30,0.03505537310431748,0.03601007101302681,0.001193136056035043,0.0001,1.8013814665816058e-06,0.003019574268114646,4.758725235792863e-06,7630,0.03505537310431748
31,0.041399394561512405,0.036189070442522814,0.0011262540760768763,0.0001,1.6273169393703785e-06,0.002889786548056498,8.095427953471032e-07,7635,0.041399394561512405
32,0.0401929028573638,0.03640290807182644,0.0011923298172651401,0.0001,1.8140982901282828e-06,0.0030429471172486486,5.849964158915735e-06,7638,0.0401929028573638
33,0.037619669412654794,0.03660376486365696,0.0012105883406418035,0.0001,1.8488884184650127e-06,0.003054528705414111,4.503854270322955e-06,7667,0.037619669412654794
34,0.03523302551122191,0.03681247388439627,0.001145866307109876,0.0001,1.6694481959710376e-06,0.0029138620895167926,9.873949818555442e-06,7687,0.03523302551122191
35,0.04292332038168108,0.03695130547819373,0.0010966480263081536,0.0001,1.5233285164394487e-06,0.0027781539379917687,5.6463906089515175e-06,7612,0.04292332038168108
36,0.04452592774023794,0.03718960397798048,0.001174809203869674,0.0001,1.758840306470484e-06,0.00299425694091787,3.5987077923366323e-06,7613,0.04452592774023794
37,0.04112390780779508,0.0374081174488068,0.0011181508490815048,0.0001,1.5784805948711358e-06,0.00282337682105731,8.218291728635826e-06,7600,0.04112390780779508
38,0.036990667522035454,0.03757320587648318,0.001038227201021561,0.0001,1.356063298747261e-06,0.00261226694390778,5.638240954938901e-06,7628,0.036990667522035454
39,0.044102785298067125,0.03776621659276275,0.0012119421429185337,0.0001,1.8712969284227707e-06,0.003088096142801692,6.4783396244949654e-06,7545,0.044102785298067125
40,0.03515796289505374,0.037941663576823166,0.0011380286775467905,0.0001,1.639856103223919e-06,0.002881924042123262,7.759852758783073e-06,7671,0.03515796289505374
41,0.031172330821137097,0.03807299537104121,0.0010195953595696502,0.0001,1.314433548202133e-06,0.0025783435278813496,2.2906777097185743e-06,7690,0.031172330821137097
42,0.03387721065134958,0.03827202939840865,0.0010537163251880944,0.0001,1.4009072815728118e-06,0.0026589837285148667,3.612271442478457e-06,7702,0.03387721065134958
43,0.041724959343424455,0.03844580867075357,0.001126943925777768,0.0001,1.6136279717584892e-06,0.0028637236243051457,1.0205477320277831e-05,7632,0.041724959343424455
44,0.036937798129063476,0.03861248480799135,0.0011442346876805024,0.0001,1.6637553341778962e-06,0.0029080665917418096,7.519123062900882e-06,7676,0.036937798129063476
45,0.04090766190502801,0.03882421602806385,0.0011510597310258961,0.0001,1.6568481775080494e-06,0.0028788222415380006,1.103283425854212e-05,7584,0.04090766190502801
46,0.042252083168090655,0.039048152200340996,0.0011249807980883827,0.0001,1.6102407505536454e-06,0.00286269908480187,6.0275167740472614e-06,7651,0.042252083168090655
47,0.04811947707902944,0.039253600270582174,0.0012273100927263404,0.0001,1.923212912589171e-06,0.0031340293280192216,1.1693518056945151e-05,7567,0.04811947707902944
48,0.04011945608233874,0.03943075542143073,0.0011048652032740855,0.0001,1.5231380265421383e-06,0.0027571472466117507,8.213494815831415e-06,7624,0.04011945608233874
49,0.033376475497816666,0.03962305638816799,0.0011374576660234336,0.0001,1.658000524793949e-06,0.0029152742547163797,1.0209156389960445e-05,7723,0.033376475497816666
50,0.03431510960096718,0.03978359032892592,0.0010222190961044644,0.0001,1.3282095153246986e-06,0.0025986787380246,8.595764300602354e-06,7632,0.03431510960096718
51,0.04173005337339382,0.04001223218108016,0.0012024122872362347,0.0001,1.802920092191962e-06,0.0029988384372485154,1.2739284924244162e-05,7589,0.04173005337339382
52,0.03855568167052889,0.040240817296476626,0.0012231146880405904,0.0001,1.904389976482551e-06,0.0031140006658465563,8.57764167946451e-06,7616,0.03855568167052889
53,0.03913183440643048,0.04044909300777762,0.0011957179970086716,0.0001,1.7555161486975466e-06,0.002936338088227028,1.5846996870308242e-05,7582,0.03913183440643048
54,0.03697360511682813,0.04061147585891713,0.001062239606953565,0.0001,1.4150281341236401e-06,0.002664235309737414,6.012211431882217e-06,7631,0.03697360511682813
55,0.0476150850979785,0.04084237207262758,0.0012385944492503285,0.0001,1.9383013816999194e-06,0.0031298402521876233,8.470459000975048e-06,7556,0.0476150850979785
56,0.03600606649757242,0.04105383632060232,0.0011396913479443417,0.0001,1.6202475750045111e-06,0.0028433094239540334,6.869751981907671e-06,7678,0.03600606649757242
57,0.03936321694497652,0.041229240604989996,0.0011856761983099853,0.0001,1.7921503037612798e-06,0.0030230012313914,1.253324201811697e-05,7596,0.03936321694497652
58,0.04953998741163899,0.041515379458933674,0.0014334902243582606,0.0001,2.55615740707196e-06,0.0035663408980919848,1.5413040305851023e-05,7540,0.04953998741163899
59,0.045079707002363786,0.04174411254038178,0.0012679576868630802,0.0001,2.0516121046811147e-06,0.0032360892259059386,1.820950597936358e-05,7636,0.045079707002363786
60,0.03502851070342928,0.04192391266067053,0.001079387990546298,0.0001,1.4620592108675894e-06,0.0027090522104616242,6.899023994814664e-06,7682,0.03502851070342928
61,0.03605548425088936,0.04213124775143304,0.0010964767473237225,0.0001,1.5216860722101572e-06,0.0027755920514033416,1.0369296563973579e-05,7654,0.03605548425088936
62,0.04547063361721879,0.042340885708636554,0.001217860626883643,0.0001,1.8823536751189981e-06,0.0030912464588591093,1.1951136525597628e-05,7564,0.04547063361721879
63,0.03691858585081456,0.042561389686469844,0.001080278444958848,0.0001,1.451877062089247e-06,0.002687968215721558,4.5440452064963e-06,7656,0.03691858585081456
64,0.042975118579280526,0.042795333363995075,0.0012007244433853204,0.0001,1.8222693119308008e-06,0.003035283110907774,1.597579395822153e-05,7627,0.042975118579280526
65,0.03916077921974398,0.04300205009692319,0.001158610537379411,0.0001,1.7095048890452059e-06,0.0029509569158793062,7.764171066836675e-06,7641,0.03916077921974398
66,0.03650505488422895,0.04321363717426711,0.0011095614767890527,0.0001,1.5123956538650859e-06,0.002726114209086982,6.978426193803858e-06,7652,0.03650505488422895
67,0.0506418310897681,0.043459191118225535,0.001244581003392823,0.0001,1.9608858338742404e-06,0.0031510778784646643,1.226663579241292e-05,7540,0.0506418310897681
68,0.04559314783458526,0.04367890528524731,0.001167384295242102,0.0001,1.72777560230064e-06,0.002960080256934275,1.6725438788487292e-05,7571,0.04559314783458526
69,0.04433434871509767,0.04384021709805333,0.0009750433245935363,0.0001,1.4717724548272872e-06,0.0030188862744962046,1.1440661856996086e-05,7594,0.04433434871509767
70,0.03996746210593782,0.04401454848985295,0.0011940743933051559,0.0001,1.8176948627748102e-06,0.0030445253209785274,1.2268874389106234e-05,7631,0.03996746210593782
71,0.03542630109097046,0.044201984497474374,0.0010868772858141894,0.0001,1.4601089055708458e-06,0.0026867962457731653,1.1608813134688473e-05,7671,0.03542630109097046
72,0.04819966075818945,0.0444385902595751,0.001337061485379434,0.0001,2.270046633378184e-06,0.0033955755336621415,8.37683855068225e-06,7522,0.04819966075818945
73,0.052192185771545704,0.044726135078858496,0.0013069977704982159,0.0001,2.1645736069225046e-06,0.0033122835490337356,2.1645591223517463e-05,7520,0.052192185771545704
74,0.04810748754518223,0.044946399223667076,0.0011816778287866416,0.0001,1.7814411955751092e-06,0.0030151047132775787,2.5640523500669858e-05,7568,0.04810748754518223
75,0.03288169908075765,0.0450962662269134,0.0010119119068365593,0.0001,1.310390969152653e-06,0.0025899309224440294,1.4580291937211253e-05,7665,0.03288169908075765
76,0.03359636586394385,0.045270584102021935,0.0010722459148316363,0.0001,1.4605913921031675e-06,0.0027243589775438953,1.047136718714443e-05,7667,0.03359636586394385
77,0.038895217191178846,0.045462547988328446,0.0010988896544461562,0.0001,1.528742942156819e-06,0.0027823411312891282,1.0057805109796198e-05,7589,0.038895217191178846
78,0.039692706865074284,0.04567162811428052,0.0012160288644512205,0.0001,1.8694541619065062e-06,0.0030746871502103177,9.29996961724191e-06,7627,0.039692706865074284
79,0.04230554787882375,0.04591228126805931,0.0012613289763156086,0.0001,2.017173112354983e-06,0.003198488499403581,1.3211165203420902e-05,7586,0.04230554787882375
80,0.04324542122829797,0.04608401720093906,0.0012811591588035203,0.0001,2.0726330364365767e-06,0.0032355590204299323,1.442634182342914e-05,7589,0.04324542122829797
81,0.05194928376697128,0.04635146801735924,0.0014055786212826358,0.0001,2.5185787776385475e-06,0.0035836896485239127,2.0855161487963182e-05,7578,0.05194928376697128
82,0.03994959703802789,0.04654940221160498,0.0012120729317002899,0.0001,1.8823847291857888e-06,0.003106058521652141,1.1789396394327939e-05,7627,0.03994959703802789
83,0.04216868148340778,0.04678342969548991,0.0012660103840031272,0.0001,2.003859853474429e-06,0.0031656294115664685,1.090455952793527e-05,7623,0.04216868148340778
84,0.04357498926174811,0.04700688588068716,0.001183780882073873,0.0001,1.7612874890077199e-06,0.0029756984855543694,1.574523443913234e-05,7603,0.04357498926174811
85,0.04999200575223955,0.047255960571449734,0.001256401440371335,0.0001,2.002771343669865e-06,0.003188107366508489,2.325716921522369e-05,7522,0.04999200575223955
86,0.051034794052941056,0.04746700602899648,0.001244213258903694,0.0001,1.990081013585333e-06,0.003198938766074299,1.3209199389330732e-05,7557,0.051034794052941056
87,0.03832486311485389,0.047645988691295806,0.0010429358575863108,0.0001,1.6529130369634898e-06,0.0031697309569715293,1.1204169481684625e-05,7651,0.03832486311485389
88,0.05856285861526854,0.047946721881314575,0.0014320614657453512,0.0001,2.6057916689140777e-06,0.0036392176331032406,2.0212530616323275e-05,7438,0.05856285861526854
89,0.05317569975689099,0.048216081343459734,0.0011911709229333663,0.0001,1.7891807509153004e-06,0.0030040705602673383,1.0217321797364755e-05,7500,0.05317569975689099
90,0.04696547465505736,0.048437036695452546,0.001306739184191606,0.0001,2.1713223025486902e-06,0.0033232680688181017,8.02625342647851e-06,7567,0.04696547465505736
91,0.053468291012530166,0.04864774867958382,0.001240473784430485,0.0001,1.950971879848741e-06,0.003145526982248083,1.5786122008581824e-05,7553,0.053468291012530166
92,0.043793371928966554,0.048899206347180826,0.0011918865438312477,0.0001,1.7456188100649635e-06,0.0029291694232133486,1.169174856510816e-05,7615,0.043793371928966554
93,0.04981275230683116,0.04912171508518818,0.0013637889002498659,0.0001,2.3736499568939594e-06,0.003480963888852698,2.1585984322819607e-05,7509,0.04981275230683116
94,0.043384015536050244,0.049342018819013886,0.0012011739839642218,0.0001,1.8516483835704257e-06,0.0030830644157967026,1.4967432563321929e-05,7570,0.043384015536050244
95,0.04596186530317015,0.04957567794632004,0.0011054245393303905,0.0001,1.525521135812109e-06,0.0027600638153667044,1.3609186137831026e-05,7567,0.04596186530317015
96,0.0477432880945114,0.049784177957610865,0.001205811862192952,0.0001,1.8610709257062043e-06,0.003086834661456331,7.704547744327362e-06,7556,0.0477432880945114
97,0.05368360884767641,0.05006081953356013,0.0013981026790076947,0.0001,2.482318180691721e-06,0.003550981223286904,1.4096294680601078e-05,7512,0.05368360884767641
98,0.05215117903011858,0.050229268603930795,0.0010304191340429116,0.0001,1.6316468632149886e-06,0.0031669576181356882,2.195958155983631e-05,7511,0.05215117903011858
99,0.04160063976050313,0.050444964238379617,0.0012501513083190113,0.0001,1.952486720316074e-06,0.003123600651094694,1.897167061897716e-05,7635,0.04160063976050313
100,0.03832245897125682,0.05069294367800194,0.001009196174934669,0.0001,1.2510943162906891e-06,0.0024793877491096905,1.9724721006415294e-05,7656,0.03832245897125682
101,0.06359996468295454,0.05100718231389738,0.0013853954256772961,0.0001,2.411045813500802e-06,0.003480660855108689,2.682811523845591e-05,7402,0.06359996468295454
102,0.0492169435531237,0.05121180506222521,0.0012070182424860807,0.0001,1.8433037705922464e-06,0.0030543097124955064,2.2775645478992702e-05,7574,0.0492169435531237
103,0.05722711596133283,0.05140669978898545,0.001173869242524962,0.0001,1.706119945296363e-06,0.002906831329231429,2.7411556442563473e-05,7444,0.05722711596133283
104,0.060401214527537314,0.05170808805634485,0.0013751918617853675,0.0001,2.379208649882823e-06,0.0034601843073648964,2.291838596099221e-05,7383,0.060401214527537314
105,0.05304861741129854,0.05195734571113226,0.0011892219263607974,0.0001,1.7793826045373457e-06,0.0029925156358032025,2.4356260188001036e-05,7526,0.05304861741129854
106,0.047235361714720474,0.052254413802317226,0.001229103158597494,0.0001,1.900318817818349e-06,0.003092203944845063,2.0216549130526814e-05,7568,0.047235361714720474
107,0.05628582065569573,0.05256421417918776,0.0014107797559726317,0.0001,2.516467255212901e-06,0.0035674842151076623,1.6063331006424193e-05,7487,0.05628582065569573
108,0.050645635863845045,0.052849823637520804,0.0013002045200639193,0.0001,2.0810545869979294e-06,0.00320111883151371,1.269967910726722e-05,7544,0.050645635863845045
109,0.059260100301261345,0.05309531150148901,0.0013040951578141761,0.0001,2.1736146769423637e-06,0.0033335215822526457,1.9298739607795832e-05,7482,0.059260100301261345
110,0.051083298735570465,0.05335446954185987,0.001344185179823276,0.0001,2.3051758348152347e-06,0.003429848609279122,1.6624983810033194e-05,7539,0.051083298735570465
111,0.05253370453327427,0.05354598369268671,0.001131073712590717,0.0001,1.9427509959879395e-06,0.003435233220190541,2.4487352645441875e-05,7551,0.05253370453327427
112,0.05470666437469604,0.05380194419929548,0.0012560494901131681,0.0001,1.9941814588016665e-06,0.0031753230656890665,1.8877503006258725e-05,7509,0.05470666437469604
113,0.04896897755281039,0.05406460464876297,0.001223641992163843,0.0001,1.8628965593768482e-06,0.0030448392116432218,1.8453599185501245e-05,7592,0.04896897755281039
114,0.051085656976424,0.05428659106739225,0.001212587900305092,0.0001,1.8696556820696668e-06,0.00308374457901032,2.323023866283964e-05,7553,0.051085656976424
115,0.04283461832355168,0.05453378824219679,0.0011490809105327718,0.0001,1.63194246420478e-06,0.0028404309030738823,2.097078203642377e-05,7571,0.04283461832355168
116,0.05080641099296998,0.05484730660275796,0.00144667577037491,0.0001,2.6384032328476647e-06,0.003647539119513856,1.9379721818432786e-05,7538,0.05080641099296998
117,0.0568415919004262,0.055096075607751135,0.0013957103340723161,0.0001,2.4687503516698455e-06,0.0035376256683099564,1.859553844680295e-05,7504,0.0568415919004262
118,0.043081787500590225,0.0553082511173513,0.0012244249392053535,0.0001,1.8974325905801372e-06,0.0030993040566644494,1.476128137412784e-05,7634,0.043081787500590225
119,0.04839559640756031,0.05553725836152351,0.0013231763787551355,0.0001,2.2423226341091007e-06,0.0033893026963173448,2.7995708024971093e-05,7551,0.04839559640756031
120,0.045130621719561774,0.05578635720861662,0.0012672720562980939,0.0001,2.0342574484409983e-06,0.0032104510445584867,2.519374337897323e-05,7584,0.045130621719561774
121,0.06403580899362499,0.05602617463909898,0.0013988579829060438,0.0001,2.4908265156603525e-06,0.0035612285823122783,2.6427170671285054e-05,7379,0.06403580899362499
122,0.046133339852055685,0.056261959919773154,0.0011565979576564254,0.0001,1.6645668371645959e-06,0.0028783845348256537,1.5448636053300532e-05,7573,0.046133339852055685
123,0.06333849823097826,0.056523563302145405,0.0011857252681321648,0.0001,2.1235087127453965e-06,0.00358178874958192,3.67866024154921e-05,7419,0.06333849823097826
124,0.0569482017875201,0.05684487263699648,0.0013731737019056383,0.0001,2.377153596943926e-06,0.0034622766131407893,2.0257590047594954e-05,7490,0.0569482017875201
125,0.055443254041366706,0.057105969652409064,0.0013003928227887681,0.0001,2.085025652375007e-06,0.0032067627809626758,2.143971600630117e-05,7500,0.055443254041366706
126,0.05618167025704776,0.057357114925680096,0.001236069924696281,0.0001,1.879168818473266e-06,0.00304055422905788,2.5064934093239717e-05,7488,0.05618167025704776
127,0.05668263349413344,0.057567856595529994,0.0012490260635470447,0.0001,2.012278476868629e-06,0.003222156103218636,2.68418293686382e-05,7452,0.05668263349413344
128,0.05342671083712301,0.05781936690980882,0.0013115143939606711,0.0001,2.1524124047098225e-06,0.0032823313485865827,2.1960971072569537e-05,7430,0.05342671083712301
129,0.050718999540313496,0.05808853428403762,0.0013706433492891084,0.0001,2.35043633219768e-06,0.003429683343105625,1.9174164017218864e-05,7488,0.050718999540313496
130,0.05981587169684081,0.05837490489647416,0.0013297772993748846,0.0001,2.2442935094252075e-06,0.003375442655669078,2.8043962080654298e-05,7450,0.05981587169684081
131,0.05750917585708846,0.05867237563547767,0.0014266120491571973,0.0001,2.5561986980402094e-06,0.0035835933105294337,2.4947207217028333e-05,7492,0.05750917585708846
132,0.051200290142721455,0.05890880556614944,0.0010646845840083295,0.0001,1.6841275865118978e-06,0.0031636178673151937,1.9860387411158146e-05,7545,0.051200290142721455
133,0.05572470893352939,0.05915386293938096,0.0011958731466209928,0.0001,1.8044510931796957e-06,0.0030177968261571454,3.085019061146007e-05,7483,0.05572470893352939
134,0.06219268442871173,0.059414287717303955,0.001364154248687483,0.0001,2.357281641617238e-06,0.003456033866969647,2.676338118260178e-05,7411,0.06219268442871173
135,0.056095142200125306,0.05957551251679748,0.0010832352231213496,0.0001,1.7720733005532477e-06,0.0032718162458694926,2.926085809333316e-05,7523,0.056095142200125306
136,0.06012251784813662,0.059846350706757485,0.0013753909784653376,0.0001,2.453776534239967e-06,0.003568114918098259,2.219748760962268e-05,7460,0.06012251784813662
137,0.06583068090355641,0.060110914082938435,0.0012590457390223547,0.0001,2.3416432983990337e-06,0.0037197112476903536,3.1766406517755677e-05,7426,0.06583068090355641
138,0.060844961606182746,0.060380793709118384,0.0012371349169268547,0.0001,2.297570667173224e-06,0.0037143413151422143,3.210710482047693e-05,7482,0.060844961606182746
139,0.057852777674053654,0.060645685411540265,0.0012658354925015195,0.0001,2.017212737192646e-06,0.003187164128580831,2.687529648201294e-05,7450,0.057852777674053654
140,0.05391208260014217,0.060917120014900066,0.0013212750108120203,0.0001,2.188429242346854e-06,0.003312602182647659,2.5807512042843132e-05,7495,0.05391208260014217
141,0.05102524066664148,0.06117893301939171,0.0014397225759007848,0.0001,2.668639003758137e-06,0.003707157265473123,2.5763134961270845e-05,7543,0.05102524066664148
142,0.06432931268564904,0.061400444661861814,0.0013141478979687602,0.0001,2.2364274826756175e-06,0.003403616116774068,3.4798914474632806e-05,7419,0.06432931268564904
143,0.05110606045965853,0.06156992721076796,0.0011034937477379435,0.0001,1.5721564903237204e-06,0.0028494162174393664,2.0116513643811964e-05,7503,0.05110606045965853
144,0.0625885947546992,0.061874914470812746,0.001431870225109818,0.0001,2.598102269285407e-06,0.0036289633288326037,3.449090322823756e-05,7468,0.0625885947546992
145,0.059738943083768994,0.06220269211546917,0.0013806026860783908,0.0001,2.3587149562581405e-06,0.003416935198001219,3.276741892078343e-05,7422,0.059738943083768994
146,0.05747391846333111,0.06244404125216487,0.0011617216461932698,0.0001,1.987738196667873e-06,0.003422055882631256,2.492502848968565e-05,7424,0.05747391846333111
147,0.06763359993682852,0.06278745243280634,0.0015763042556438144,0.0001,3.0729840376756312e-06,0.0038989732174776414,3.0372252296347578e-05,7339,0.06763359993682852
148,0.06890162471803522,0.0631199371460224,0.0014310766773867009,0.0001,2.529666661463256e-06,0.003535333502999571,3.352411696462029e-05,7342,0.06890162471803522
149,0.06718010709297403,0.06340596414197715,0.0013735264033109063,0.0001,2.3892171311392055e-06,0.003478953335560148,2.6132710341763126e-05,7380,0.06718010709297403
150,0.06310971874583901,0.0636721017153634,0.001320514141526989,0.0001,2.2180368404871477e-06,0.0033593534074876316,2.7572573661501975e-05,7387,0.06310971874583901
151,0.06962292093800207,0.06401378618282287,0.0015082761398861157,0.0001,2.8841241622383553e-06,0.003824398047503588,4.436473711821456e-05,7355,0.06962292093800207
152,0.06640684880001274,0.06435110892086719,0.0014310494750631214,0.0001,2.578246748282561e-06,0.003603295054727355,3.30955265715732e-05,7384,0.06640684880001274
153,0.06169095820981908,0.06468668291278404,0.0014707913896365836,0.0001,2.7025233430476096e-06,0.0036749240743316745,3.0257079180727698e-05,7445,0.06169095820981908
154,0.07325543995604791,0.06494797548175657,0.001169657128042505,0.0001,2.025169745693561e-06,0.0034628434216150347,3.237961647572261e-05,7344,0.07325543995604791
155,0.06478313416880985,0.06526001062675772,0.0014141308831203967,0.0001,2.5222679753427463e-06,0.0035672341300928994,2.7524842364535685e-05,7438,0.06478313416880985
156,0.06641609096818421,0.06555565676427955,0.0012862617152563454,0.0001,2.0677136698679793e-06,0.00321507457672546,3.392035053305158e-05,7334,0.06641609096818421
157,0.06039312395241459,0.06582993702097371,0.0014644898712947686,0.0001,2.718388509238716e-06,0.0037124032914414963,2.0828966320121415e-05,7496,0.06039312395241459
158,0.06359862259226673,0.06615331022151238,0.00145724421624543,0.0001,2.6576300217257964e-06,0.003647473761910881,2.428651550462964e-05,7436,0.06359862259226673
159,0.07123493530065961,0.06648911991362237,0.0014218327433862341,0.0001,2.515265505005397e-06,0.003538061022585603,4.227174550314233e-05,7359,0.07123493530065961
160,0.06811451309524527,0.06678609675458363,0.001414865028015874,0.0001,2.5192540458058636e-06,0.003561122786869248,3.9433651916586286e-05,7338,0.06811451309524527
161,0.07174570864503382,0.06710225636582583,0.0014997193844546548,0.0001,2.8579005229001357e-06,0.003811247027308856,5.1379219055196315e-05,7339,0.07174570864503382
162,0.07557805580945622,0.06739461689766361,0.001245189326649328,0.0001,2.261499553086108e-06,0.0036323786346154486,4.5013552863397665e-05,7334,0.07557805580945622
163,0.053116724477555555,0.06769402013618536,0.0012603105315575182,0.0001,1.959378894316999e-06,0.003109358916322879,2.9510672003524957e-05,7524,0.053116724477555555
164,0.07218393636180506,0.06795259158282536,0.0012545916147402658,0.0001,2.3002110014955156e-06,0.0036668681258031867,3.5677960462119184e-05,7307,0.07218393636180506
165,0.07008741030782023,0.06815829252720243,0.001371610732532497,0.0001,2.46584322946583e-06,0.0035955437953055064,4.165855853069056e-05,7361,0.07008741030782023
166,0.06569903488350472,0.06838106488844874,0.0010900079892369225,0.0001,1.754441759384102e-06,0.0032191355966341624,3.301626771896879e-05,7373,0.06569903488350472
167,0.07395577120366603,0.06877879948834596,0.0016212681619695482,0.0001,3.2852596924201957e-06,0.004052703642103472,3.5958218398202264e-05,7324,0.07395577120366603
168,0.08050052360720135,0.06908849084797938,0.0014988042439264952,0.0001,2.8652443566242574e-06,0.0038233736903733715,4.7410332178810264e-05,7280,0.08050052360720135
169,0.0742513977778006,0.06951586999320176,0.001675178061339305,0.0001,3.4891358768336417e-06,0.004165689555466213,4.8276927098399085e-05,7315,0.0742513977778006
170,0.0748363384120038,0.06983734643649397,0.0015273203921598636,0.0001,2.9274596923786926e-06,0.0038334585296000904,3.6404344964059995e-05,7344,0.0748363384120038
171,0.07634073801096838,0.0701052446171978,0.0014501058179129049,0.0001,2.675786306764817e-06,0.003690470410795259,4.500112438302284e-05,7292,0.07634073801096838
172,0.07185585278087674,0.07036421295144048,0.0012953709389534806,0.0001,2.120648357078854e-06,0.0032741947396042526,3.145320706136464e-05,7349,0.07185585278087674
173,0.07461770970289389,0.07069247520258042,0.0014590321842934747,0.0001,2.667805088353e-06,0.0036569516657302035,3.955144413054462e-05,7334,0.07461770970289389
174,0.07016404271726855,0.07104514319874829,0.0014414520768504075,0.0001,2.5947959048998714e-06,0.003600252754249779,3.456035034087183e-05,7385,0.07016404271726855
175,0.05775544386899087,0.0713152182458132,0.0012352625608572961,0.0001,1.8978181925006037e-06,0.003072736521996556,2.869220670838911e-05,7461,0.05775544386899087
176,0.07006881600447526,0.0715820260286946,0.0013453707691685514,0.0001,2.363240414707215e-06,0.0035131436907429076,3.42222372371152e-05,7369,0.07006881600447526
177,0.07020893083419244,0.07186220090237752,0.0012080016837646092,0.0001,2.1135616665971888e-06,0.003499269405006949,3.671737382666515e-05,7384,0.07020893083419244
178,0.07670979377674998,0.07219691115202669,0.0014438632234315847,0.0001,2.633286988704975e-06,0.003647557394593822,4.155899241644089e-05,7299,0.07670979377674998
179,0.06890926388675102,0.07251220343447506,0.001525376717907506,0.0001,2.9229348202033964e-06,0.003832410428045663,3.556450567006215e-05,7385,0.06890926388675102
180,0.07282283959168334,0.07278471054272474,0.001277174759004109,0.0001,2.384763198576775e-06,0.0037344352161114112,4.079189605267759e-05,7331,0.07282283959168334
181,0.07321531795508562,0.07304505796177775,0.0013208929409115832,0.0001,2.224639057416002e-06,0.003368386624703618,3.38174318705309e-05,7325,0.07321531795508562
182,0.06916410075121879,0.07339466303964992,0.0014500283247340223,0.0001,2.664284182858797e-06,0.0036748029502768564,3.893135299639776e-05,7415,0.06916410075121879
183,0.08322481745801281,0.07377040086499474,0.0015470406317988994,0.0001,3.0145820464288945e-06,0.0038972241380933062,4.241806946206239e-05,7316,0.08322481745801281
184,0.07077804601737799,0.07403635818275058,0.0013910979207751972,0.0001,2.447423439795917e-06,0.003518693261265284,3.9102338744489794e-05,7372,0.07077804601737799
185,0.07679328846268955,0.07428538246508805,0.0013913847444060245,0.0001,2.47195711785037e-06,0.0035532330331904524,4.447858618631746e-05,7299,0.07679328846268955
186,0.08729595392157506,0.07461651959688466,0.0014264622203425145,0.0001,2.9468916189528223e-06,0.0041317485691913115,6.654423198673343e-05,7212,0.08729595392157506
187,0.08830890546155208,0.07499729035608833,0.0015625122201009824,0.0001,3.0105471891448606e-06,0.0038534702646361306,5.417917854571084e-05,7192,0.08830890546155208
188,0.08055134143676085,0.07538863501655202,0.001607605683641826,0.0001,3.2213827457038778e-06,0.004007677726550762,5.409025170603682e-05,7285,0.08055134143676085
189,0.07827770496078186,0.07558931656869772,0.0013355415435037158,0.0001,2.299619295526565e-06,0.0034437255908844997,3.819324906804566e-05,7299,0.07827770496078186
190,0.07294882423497699,0.07597010900409946,0.0014202422210290513,0.0001,2.471146679257784e-06,0.0034798946865095847,3.773264990079679e-05,7383,0.07294882423497699
191,0.07662475702267599,0.07625384315791338,0.0014548034473499615,0.0001,2.6685442493880498e-06,0.0036685976435497343,5.133264511813562e-05,7321,0.07662475702267599
192,0.0737942022209927,0.0765528878753001,0.0013928546460264693,0.0001,2.391914846097854e-06,0.0034345505511598072,4.8998475282248664e-05,7310,0.0737942022209927
193,0.07104244391988522,0.07684751812870579,0.0014249021734789558,0.0001,2.5964206485965308e-06,0.0036443493412004068,4.8824404871668146e-05,7380,0.07104244391988522
194,0.0882721513151708,0.07712366739312858,0.0013461267161336986,0.0001,2.620407876100179e-06,0.003893255879545173,5.2060626582474734e-05,7185,0.0882721513151708
195,0.08261648007927483,0.07749571357164,0.0016088604433624365,0.0001,3.2405325425506606e-06,0.004028357532090368,4.9364473630194096e-05,7255,0.08261648007927483
196,0.07548999831979408,0.0778320369826037,0.0014252699645767178,0.0001,2.5114484934806656e-06,0.0035241723405383418,3.905458855755204e-05,7297,0.07548999831979408
197,0.08220531625497546,0.07817446877137722,0.0014950819465793985,0.0001,2.7724386182979007e-06,0.0037087446940831164,4.584792728354056e-05,7219,0.08220531625497546
198,0.0751497685178416,0.07846240279683886,0.0013668562831184808,0.0001,2.4047216929584063e-06,0.0035186167304612844,4.046983501528739e-05,7326,0.0751497685178416
199,0.08108192813850283,0.07880345225496474,0.0015914231032825887,0.0001,3.1894877482552823e-06,0.004008346669941395,5.295329739923027e-05,7295,0.08108192813850283
200,0.062284817731238694,0.07908073406793963,0.0014061318916640212,0.0001,2.487123141766484e-06,0.003537538912972402,4.385938843858067e-05,7493,0.062284817731238694
201,0.08100217914290689,0.07933250211997205,0.0012170551718501852,0.0001,2.1550423560321826e-06,0.0035414045408575117,4.467957374880785e-05,7284,0.08100217914290689
202,0.07662834737613561,0.0796130106742897,0.0014078362076422508,0.0001,2.5427600749055306e-06,0.0036122953239908127,5.087704829630754e-05,7245,0.07662834737613561
203,0.0810476333516841,0.07999905946667013,0.0015712981941698838,0.0001,3.0591784971627617e-06,0.003893822965638836,5.0708812662838576e-05,7283,0.0810476333516841
204,0.08059835954848513,0.08037649593391934,0.0015278593083193513,0.0001,2.8273282299633194e-06,0.0037010321756306037,5.152302963886823e-05,7274,0.08059835954848513
205,0.08096703369869178,0.08072764015213416,0.0014454020818418234,0.0001,2.6587847792221672e-06,0.0036789552369181234,4.095137877208276e-05,7327,0.08096703369869178
206,0.08650131107167425,0.08105230663708349,0.001386974188278719,0.0001,2.434705080869841e-06,0.0035108152717555478,5.098356766386684e-05,7227,0.08650131107167425
207,0.08505788531635519,0.08139357679271647,0.0014355529976207977,0.0001,2.956354361782547e-06,0.004118767285752929,5.499554069559332e-05,7204,0.08505788531635519
208,0.07565176660955004,0.08180185030050373,0.00159618589541094,0.0001,3.1389893075744076e-06,0.003933112448367138,4.7769821310304444e-05,7378,0.07565176660955004
209,0.06977305312293308,0.0821127969605444,0.00143488522593539,0.0001,2.5819921896450753e-06,0.0035988832318792543,4.6606788603354724e-05,7367,0.06977305312293308
210,0.07154816424593174,0.08241289343354977,0.001508452929581193,0.0001,2.847691427708775e-06,0.003775645062387739,4.2897633847221745e-05,7351,0.07154816424593174
211,0.09392954052333209,0.08277843037891938,0.001616214638231952,0.0001,3.236389634722179e-06,0.004004900782562651,6.0980401177770436e-05,7154,0.09392954052333209
212,0.06714962564602932,0.08308685425311167,0.001327360270040842,0.0001,2.191801169075227e-06,0.0033024962680369913,4.19302273361857e-05,7421,0.06714962564602932
213,0.07875405706448972,0.08343813898268203,0.0015595386203941138,0.0001,3.012296039002672e-06,0.0038630605226582077,5.250958926994625e-05,7220,0.07875405706448972
214,0.08116476372372144,0.08365203750845604,0.0012633253487414598,0.0001,2.354569400300595e-06,0.0037275740610227532,5.100082340342837e-05,7274,0.08116476372372144
215,0.08219568445086053,0.08393759843456812,0.0012512619101367284,0.0001,2.2146845790253528e-06,0.003539921676003625,5.5750193372978254e-05,7288,0.08219568445086053
216,0.08795948814163146,0.08420037844165752,0.001318145657937446,0.0001,2.5356589777243613e-06,0.003847312263945103,6.21824950556226e-05,7216,0.08795948814163146
217,0.07912995443531404,0.08452500552266085,0.0014241725388093771,0.0001,2.5536349052134776e-06,0.0035861313648813124,4.7554582643590186e-05,7292,0.07912995443531404
218,0.07818593882953433,0.0848073051690099,0.001306471638332967,0.0001,2.397232093990682e-06,0.003669780535074614,5.4224556169795414e-05,7299,0.07818593882953433
219,0.08102464509092411,0.08516035406120066,0.0014334026768573092,0.0001,2.4919344100395364e-06,0.003476949569402262,5.4018393477187665e-05,7251,0.08102464509092411
220,0.09460704337757575,0.08551313668020018,0.0015724047954823448,0.0001,3.0749416072469684e-06,0.003911132319211366,6.565889030701148e-05,7156,0.09460704337757575
221,0.09132485169735341,0.08585016419092333,0.0016210836633408872,0.0001,3.313572740507794e-06,0.004088095902069434,5.778399905002538e-05,7160,0.09132485169735341
222,0.0940839191393493,0.0861739506994058,0.0014057570920032356,0.0001,2.7828352086169336e-06,0.003959197822223084,6.140011004081774e-05,7157,0.0940839191393493
223,0.08630136422813531,0.08651963757063279,0.001479434720395486,0.0001,2.692358073946922e-06,0.00363971189377953,5.401223341276108e-05,7193,0.08630136422813531
224,0.08456464341051201,0.08690169619254658,0.001377052416510685,0.0001,2.660393016355653e-06,0.0038638950623198884,5.3015525581251074e-05,7240,0.08456464341051201
225,0.08568075697699376,0.08712364626325533,0.001456722864067482,0.0001,2.7493466087078106e-06,0.0037747009764520973,4.709787527930986e-05,7237,0.08568075697699376
226,0.09296814974734571,0.08747666422350474,0.0016099736316055396,0.0001,3.2405897091661423e-06,0.004025643209987828,6.0679664764224326e-05,7140,0.09296814974734571
227,0.08734855878508188,0.0878236918649302,0.0014810660053440456,0.0001,2.7803322472134935e-06,0.003754501470132161,5.749747536709183e-05,7216,0.08734855878508188
228,0.08492010216053392,0.08812875619694727,0.0013274650690377695,0.0001,2.484210333122929e-06,0.0037427882526862126,4.8965297403091726e-05,7186,0.08492010216053392
229,0.07702129979089084,0.0884578914907723,0.0015343818315584454,0.0001,2.972169051223323e-06,0.0038740931234887486,4.651388280070415e-05,7302,0.07702129979089084
230,0.09059862202891586,0.08876350753123523,0.0013434069074163204,0.0001,2.5647987162552474e-06,0.0038183497525525506,5.718192765627943e-05,7164,0.09059862202891586
231,0.08964459435973265,0.08903502743900629,0.0014716327308495762,0.0001,2.8158973390184986e-06,0.003826902297005689,5.308822476100156e-05,7177,0.08964459435973265
232,0.08474759651651564,0.08936618226283233,0.0013008517824182858,0.0001,2.3736450236616026e-06,0.0036493704444160316,5.0726762138684785e-05,7229,0.08474759651651564
233,0.08451377599897986,0.08966644698230519,0.001487110431665341,0.0001,2.7219605428630785e-06,0.003660737608860547,5.9403492637342236e-05,7221,0.08451377599897986
234,0.09515205431414693,0.09010082256956656,0.0016523495291344166,0.0001,3.336809586990825e-06,0.004038866508757155,6.301330065926828e-05,7115,0.09515205431414693
235,0.0867709036985321,0.09041534741945793,0.0015094088408039055,0.0001,2.9094629954668405e-06,0.0038551026293409973,5.627056510522332e-05,7159,0.0867709036985321
236,0.08957774412650003,0.09080377883456618,0.001655217046740821,0.0001,3.335336273397266e-06,0.004030089322683882,6.15508251876307e-05,7203,0.08957774412650003
237,0.09496770691196067,0.091143117928838,0.0016177490877414466,0.0001,3.2774574303594477e-06,0.00405187362514311,4.712854400311809e-05,7106,0.09496770691196067
238,0.10958505075145597,0.09160213996278284,0.0018006216069720268,0.0001,3.9549470991881335e-06,0.004392868644777487,6.348133314199913e-05,7007,0.10958505075145597
239,0.09287261781180267,0.09194344620467039,0.0014382873925588172,0.0001,2.5251510133554795e-06,0.003511330247931956,5.09770578316375e-05,7143,0.09287261781180267
240,0.11445149435526605,0.09234200486658635,0.0016603074624159668,0.0001,3.3870983776359126e-06,0.004080085712205662,8.354133243784198e-05,6949,0.11445149435526605
241,0.08662977682333037,0.09255674387656969,0.0013986523184669319,0.0001,2.8534770710756958e-06,0.004080323656422923,5.265063035294184e-05,7254,0.08662977682333037
242,0.09149837030742008,0.09288474978673446,0.0012729176150259127,0.0001,2.2236845466777132e-06,0.003493838910591941,6.878439458168483e-05,7148,0.09149837030742008
243,0.08961724757777104,0.0932506036839765,0.0015980588221696595,0.0001,3.1458311347553883e-06,0.003937065508620444,6.158935791728633e-05,7209,0.08961724757777104
244,0.09067976863418205,0.09367607389848404,0.0016616483803082963,0.0001,3.3382303783727592e-06,0.004017974461905587,5.806493204813394e-05,7155,0.09067976863418205
245,0.1001747081814713,0.09407280477555179,0.0015469922598641962,0.0001,3.0578312290679933e-06,0.003953259894573004,5.9210718726284885e-05,7142,0.1001747081814713
246,0.09509288222936796,0.0943595078205654,0.0014552378699557431,0.0001,2.6748855540729582e-06,0.0036762176264067484,6.600201129331625e-05,7142,0.09509288222936796
247,0.09949384700974531,0.09474113229537845,0.0016685367797110693,0.0001,3.420200781679482e-06,0.00409964086290233,7.630753634855904e-05,7066,0.09949384700974531
248,0.09790283246755349,0.09519006699132407,0.0017164095094299532,0.0001,3.5783621085842563e-06,0.004169590169391088,5.738321791187374e-05,7087,0.09790283246755349
249,0.0887171471061994,0.09556491292422223,0.0015523888789977633,0.0001,2.9343636172939076e-06,0.003780449160636039,6.643764934493614e-05,7208,0.0887171471061994
250,0.10228652207947479,0.09600105585737068,0.0016407908706214866,0.0001,3.2965710964915566e-06,0.004018270890601561,6.186335993568496e-05,7058,0.10228652207947479
251,0.09834508696366404,0.09644174803140695,0.0017327655188294222,0.0001,3.6619570468026134e-06,0.004226719665193321,7.385902573339244e-05,7090,0.09834508696366404
252,0.10142307767737074,0.09684253204939201,0.0016644480778647568,0.0001,3.4738841184818433e-06,0.004174217465453567,6.496122467857505e-05,7031,0.10142307767737074
253,0.09648772903397893,0.09726208006017782,0.0016754010953739112,0.0001,3.4254761584746546e-06,0.0040891416006985076,7.166455644961301e-05,7100,0.09648772903397893
254,0.09299340007189659,0.09752791897233656,0.0015067825337335562,0.0001,2.9658708793547723e-06,0.003936693999240671,6.902752734208123e-05,7181,0.09299340007189659
255,0.09635172181819052,0.09795940926198557,0.0016853621104155015,0.0001,3.4490984822983775e-06,0.004093005842463198,6.1010752199279636e-05,7114,0.09635172181819052
256,0.0914084123651319,0.098333772856692,0.0016091437265429204,0.0001,3.199451077666556e-06,0.003976588324450355,5.964968939986159e-05,7174,0.0914084123651319
257,0.10013305958967815,0.0986993048499563,0.0014341193682547116,0.0001,2.810250036523399e-06,0.003919129883788412,6.803508869685872e-05,7138,0.10013305958967815
258,0.09089080377621261,0.09899205037558818,0.0014492582336585764,0.0001,2.696736643784841e-06,0.003721540552475689,6.115843918561252e-05,7188,0.09089080377621261
259,0.10149483464609843,0.099406200925202,0.0014565780976972785,0.0001,2.871807257109955e-06,0.003943224550266173,5.8688442505004506e-05,7064,0.10149483464609843
260,0.11159097884914833,0.09977610688098587,0.0015514018541060155,0.0001,2.9967251390110287e-06,0.00386324810825738,6.975555497985546e-05,7006,0.11159097884914833
261,0.10846744736068298,0.10011173701653274,0.0015013387262718125,0.0001,3.1293398320408273e-06,0.004168732581503089,7.068532004612543e-05,6971,0.10846744736068298
262,0.09638661791212368,0.1004809505619489,0.0015307175839005065,0.0001,3.119681125285293e-06,0.004076102813604402,6.327928803824815e-05,7167,0.09638661791212368
263,0.10413782246162932,0.10082313083790326,0.0015072865434076833,0.0001,3.073186599390941e-06,0.004077773549869371,6.923355380949271e-05,7040,0.10413782246162932
264,0.09481672674137491,0.10119147003875985,0.001641536827668713,0.0001,3.2970106527158416e-06,0.004016980426078175,6.211337401721625e-05,7155,0.09481672674137491
265,0.10889465915279317,0.10152391807196758,0.0016390407221535124,0.0001,3.364370211222471e-06,0.004105291791410859,6.942212440062081e-05,7008,0.10889465915279317
266,0.10040392151333044,0.10191505744197335,0.0016090967531205691,0.0001,3.133934053137669e-06,0.003895271116618609,7.786246900495416e-05,7057,0.10040392151333044
267,0.08403488690288546,0.10213070364137748,0.0013686428452944204,0.0001,2.459615995323767e-06,0.003594240825910515,6.11936412710075e-05,7268,0.08403488690288546
268,0.08624008761838209,0.10245495251346888,0.0015823685229701815,0.0001,3.1189123877309357e-06,0.003942080927995948,6.216118872951294e-05,7201,0.08624008761838209
269,0.11100968341055945,0.10279369090467394,0.001553526924238207,0.0001,3.065902207546549e-06,0.003947021657252521,8.250705011745446e-05,7006,0.11100968341055945
270,0.1026454865128665,0.10318016761445929,0.0015002980693123928,0.0001,3.0885357720632504e-06,0.004117229549563798,7.818179266900429e-05,7072,0.1026454865128665
271,0.09707581612002093,0.1035318156951297,0.0015127975946793192,0.0001,2.7864957141129987e-06,0.003683897599934611,6.57545757960283e-05,7080,0.09707581612002093
272,0.10326044591479992,0.10386504951474779,0.0016455965938997265,0.0001,3.437899301117957e-06,0.004178301430450631,7.375406023443552e-05,7076,0.10326044591479992
273,0.0953391680102944,0.10418615656886294,0.0014650440928779963,0.0001,2.6893746000636603e-06,0.0036713906607145678,7.225985272694571e-05,7159,0.0953391680102944
274,0.09680622552769884,0.10465794016960278,0.0016782303642065963,0.0001,3.341851071383525e-06,0.00398258921142024,7.013854128911006e-05,7138,0.09680622552769884
275,0.10430363034950157,0.10501148452816052,0.0015927501081392887,0.0001,3.1707014066241928e-06,0.003981417286266363,6.894192428460701e-05,7053,0.10430363034950157
276,0.09037203545043984,0.10539761359034638,0.0015945140943109562,0.0001,3.108355487139688e-06,0.0038988121813785716,6.573953428660442e-05,7177,0.09037203545043984
277,0.10230601228376639,0.1058123081992633,0.0015180465947997397,0.0001,2.743917369511818e-06,0.0036150634360123776,6.899831719725755e-05,7077,0.10230601228376639
278,0.10607305142863499,0.10618653908766483,0.0015416208447273237,0.0001,2.8448004599484003e-06,0.003690661643137782,7.650521244125456e-05,7024,0.10607305142863499
279,0.11406802052913581,0.10657069690802334,0.001531348587092784,0.0001,3.1748125221584853e-06,0.0041464269453968874,9.280237144478446e-05,6906,0.11406802052913581
280,0.10387209120885865,0.10693351464741427,0.001587931998661554,0.0001,3.1577651285549656e-06,0.0039772044788021176,6.961131027963267e-05,7000,0.10387209120885865
281,0.10956231402567713,0.10720769161072512,0.0016407151838540774,0.0001,3.4052137912856324e-06,0.004150889593508494,7.299966387414889e-05,7023,0.10956231402567713
282,0.10656681615346611,0.10764533736010208,0.001752557300246098,0.0001,3.6693619505702122e-06,0.00418743735232503,7.17250960650139e-05,7039,0.10656681615346611
283,0.1071872742459706,0.10805504186363095,0.0015865520423316993,0.0001,3.014373097626796e-06,0.003799904468556453,8.102323612785411e-05,7005,0.1071872742459706
284,0.11047904973779979,0.10840985310281308,0.0016465993492483415,0.0001,3.3001978029114956e-06,0.0040085012840774025,8.329123894928217e-05,7009,0.11047904973779979
285,0.09807169843392065,0.10863195397192817,0.001329694125417621,0.0001,2.52600316478391e-06,0.003799374783265379,6.644069516277299e-05,7121,0.09807169843392065
286,0.11192912116341323,0.10902874645796948,0.0016020673584759661,0.0001,3.08777801910624e-06,0.0038547418156545162,8.3042152438286e-05,6979,0.11192912116341323
287,0.10836991498399559,0.10936094970610333,0.0015287603952243685,0.0001,3.1127100959721505e-06,0.004072201380537876,8.772606789455621e-05,7002,0.10836991498399559
288,0.11330002905485255,0.10972500748194257,0.0016031384978979588,0.0001,3.1451935925988663e-06,0.003923795226329923,8.098865100112222e-05,6970,0.11330002905485255
289,0.1302160424592937,0.11008777774194431,0.0015551991940421206,0.0001,3.2941005085324196e-06,0.004236242561276948,9.266327907504414e-05,6811,0.1302160424592937
290,0.10787021056417592,0.11035847424220419,0.0013759704003269279,0.0001,2.695159553006969e-06,0.0039174673414000835,8.040130896296738e-05,7052,0.10787021056417592
291,0.11706929963445378,0.1106889878833657,0.001625868043644936,0.0001,3.3313572738330445e-06,0.004097942987260731,8.630882495835423e-05,6964,0.11706929963445378
292,0.10833719576417769,0.11099045872476572,0.0015226112070571085,0.0001,3.1462278924048525e-06,0.004132674024494878,8.069845559503279e-05,7018,0.10833719576417769
293,0.11042974887699347,0.11142372088856486,0.0017356022052521852,0.0001,3.5726141810862783e-06,0.004116858310360551,7.024571668019642e-05,6971,0.11042974887699347
294,0.11092802649699718,0.1118086527194917,0.001479181593902141,0.0001,2.947660849305311e-06,0.003985529378484574,7.98321224223396e-05,6978,0.11092802649699718
295,0.11277300646329708,0.1121469691782378,0.0015881126862081964,0.0001,3.21291489200362e-06,0.004046205184186052,8.423212631642926e-05,6960,0.11277300646329708
296,0.11792725711705836,0.11248835162821771,0.0015821319747000152,0.0001,3.1468834890656383e-06,0.003978029063804633,9.177295468831175e-05,6910,0.11792725711705836
297,0.10944582086308229,0.11286967301727635,0.0015987968352319513,0.0001,3.075583920665186e-06,0.003847373040639006,8.102313768328967e-05,7016,0.10944582086308229
298,0.10524937278711298,0.11320327897377962,0.0014728598500532684,0.0001,2.8881112440460045e-06,0.003921773336331425,7.66584264613651e-05,7027,0.10524937278711298
299,0.11476718556338328,0.11346743483157971,0.001530078188900172,0.0001,2.9794415181881585e-06,0.00389449577126486,8.703156663833376e-05,6937,0.11476718556338328
300,0.11553563690152299,0.1137760602138184,0.0014117654051869133,0.0001,2.799219924696454e-06,0.003965559595683457,8.954799738280448e-05,6990,0.11553563690152299
301,0.12514506062208935,0.11425291446957593,0.0017089108631414517,0.0001,3.436526929843496e-06,0.00402189137416589,0.00010164597730628685,6887,0.12514506062208935
302,0.11103117797191062,0.11463087015986208,0.0015716484881299184,0.0001,2.9519793976667072e-06,0.0037565389716109152,8.667303365446611e-05,6998,0.11103117797191062
303,0.1162415103232632,0.11506821901047425,0.0016900916256769722,0.0001,3.380410040375692e-06,0.004000268374824538,9.230886483684081e-05,6926,0.1162415103232632
304,0.0987444260369084,0.11541264781360586,0.001491882908841641,0.0001,2.911956502414186e-06,0.0039037333093052836,8.079001583147448e-05,7065,0.0987444260369084
305,0.11658288747747488,0.1156587154669982,0.0016700391318128032,0.0001,3.5144269128486452e-06,0.004208795884960835,9.30850445210594e-05,6971,0.11658288747747488
306,0.1179676401755572,0.1159376279671757,0.001452659931770584,0.0001,2.887211880339103e-06,0.0039750692053851944,8.140219526731296e-05,6935,0.1179676401755572
307,0.1160360177959348,0.11632114287913206,0.0015254850646311583,0.0001,3.075156097328931e-06,0.0040317092164680905,7.53467319855765e-05,6949,0.1160360177959348
308,0.10815697170293767,0.1166334698863216,0.0016970564877202027,0.0001,3.6979824669543725e-06,0.004358113585154941,7.554969719218054e-05,7037,0.10815697170293767
309,0.12060288814537143,0.11687057601018086,0.0014344995722352003,0.0001,2.6831125346624138e-06,0.0037408342067075796,9.440244978920388e-05,6904,0.12060288814537143
310,0.11862186060472457,0.11723511365278236,0.001453518232337597,0.0001,2.8564433465520607e-06,0.00393038529961641,8.631109143311434e-05,6865,0.11862186060472457
311,0.12334793025099851,0.11759948994544715,0.0016967459954358418,0.0001,3.5630903332661172e-06,0.004199910113653598,9.37674552059165e-05,6875,0.12334793025099851
312,0.1203759607812141,0.11790443456182916,0.001469310044633825,0.0001,2.647050568547471e-06,0.0036031204962015456,9.10584203749668e-05,6901,0.1203759607812141
313,0.11590505117525496,0.11821271183947767,0.001419311553769373,0.0001,2.552841315529366e-06,0.0035972951939263684,8.769208694548961e-05,6937,0.11590505117525496
314,0.11307831629390586,0.118533050923435,0.001685474393347956,0.0001,3.446403190226549e-06,0.004089534915307444,8.460760721417706e-05,6929,0.11307831629390586
315,0.11417065551444523,0.11885233206663341,0.0015836672447317557,0.0001,3.0563955273331593e-06,0.003859896120855687,8.944133899393706e-05,6908,0.11417065551444523
316,0.12960169816273917,0.11923404289372735,0.0017639267880070176,0.0001,3.820042638082478e-06,0.00433129386554481,9.536121502900764e-05,6763,0.12960169816273917
317,0.11718323675724486,0.11956629045110964,0.0013987638454777363,0.0001,2.629809195298008e-06,0.003760190404978359,8.121743419632744e-05,6940,0.11718323675724486
318,0.1278833069010713,0.11995386504292412,0.0017535190667074864,0.0001,3.6855805244895037e-06,0.004203638950342036,0.00010207061991914686,6810,0.1278833069010713
319,0.11405459901199325,0.1203909830210419,0.0016572713201535533,0.0001,3.275601896622536e-06,0.003953006193722144,8.632089942816022e-05,7011,0.11405459901199325
320,0.12295560243277809,0.12079396211963042,0.0017077042373018628,0.0001,3.5512646325634643e-06,0.004159109704118774,9.407431710127108e-05,6860,0.12295560243277809
321,0.11827557235765344,0.12118926507275123,0.0016120222075926966,0.0001,3.438294862833673e-06,0.0042658157519656365,8.797526082552503e-05,6940,0.11827557235765344
322,0.12064293448971444,0.12154074948962439,0.0016415118086779922,0.0001,3.5545658182499985e-06,0.004330844042008693,9.127865776204895e-05,6891,0.12064293448971444
323,0.11438906707304247,0.12187231335814011,0.0014563510251327115,0.0001,2.7929534897719146e-06,0.0038355498661696665,8.424718539357341e-05,6959,0.11438906707304247
324,0.11460761803376367,0.12232252886400162,0.0016460210170328475,0.0001,3.4930470342511423e-06,0.004244231389642622,8.05282287903969e-05,6921,0.11460761803376367
325,0.12770926408699707,0.1227789154321994,0.0017280140404244849,0.0001,3.5033210450659733e-06,0.004054736782353211,0.0001034292327696317,6774,0.12770926408699707
326,0.12406930529935178,0.12317376781834241,0.0017139672181760396,0.0001,3.5636712855649915e-06,0.004158389084427601,8.726403397562198e-05,6799,0.12406930529935178
327,0.12762772848795442,0.12361201520111476,0.0016975764712530092,0.0001,3.429601265858427e-06,0.004040585297847563,0.00010164812619948351,6814,0.12762772848795442
328,0.11496386083724143,0.12398602848211995,0.0017061591649697426,0.0001,3.501416324740692e-06,0.004104442770206362,9.172740701021069e-05,6940,0.11496386083724143
329,0.12421804163279385,0.1243337959103893,0.0015849985947714558,0.0001,3.275119023551658e-06,0.004132645964930846,9.764923414985452e-05,6867,0.12421804163279385
330,0.126052175713612,0.12459092749015717,0.0016801187141934305,0.0001,3.6943761931549554e-06,0.00439775613704595,9.909747470452878e-05,6919,0.126052175713612
331,0.12406679561954585,0.12488870105229537,0.0015918260581487772,0.0001,3.1100972465995647e-06,0.003907584287464761,9.393029864511468e-05,6856,0.12406679561954585
332,0.1336240636413273,0.12526561155991064,0.0018406596816713226,0.0001,4.127956682653204e-06,0.004485301355549889,0.00010083965331959042,6798,0.1336240636413273
333,0.13503011148425909,0.12564087762679604,0.001703819918058406,0.0001,3.427527688920672e-06,0.004023345017384845,0.00011656972133859855,6768,0.13503011148425909
334,0.12493326306370099,0.12588974471465017,0.0013938142604050562,0.0001,2.667901725949737e-06,0.0038282026547416994,0.00010000574667695811,6885,0.12493326306370099
335,0.12886317937450922,0.12634628443225182,0.0018615540207703196,0.0001,4.142533765885941e-06,0.004450618912656364,0.00010730329581856634,6801,0.12886317937450922
336,0.10234005063242013,0.126667829450663,0.0014171871249605873,0.0001,2.7069860727278134e-06,0.003820223914048184,7.660896927898454e-05,7057,0.10234005063242013
337,0.13880010313008503,0.1270237673686679,0.0016934885842460367,0.0001,3.701433574852329e-06,0.004371371155714352,9.409925859236155e-05,6725,0.13880010313008503
338,0.1233845091643986,0.12745652169489496,0.0015825789545497175,0.0001,3.1774203239345806e-06,0.004015496749530118,9.688248907625746e-05,6854,0.1233845091643986
339,0.114537019632071,0.12774623332609095,0.001581183297269114,0.0001,3.216283156595406e-06,0.00406819773792235,8.31780716042978e-05,6955,0.114537019632071
340,0.12910402641646285,0.12803191874376926,0.0016223607783920737,0.0001,3.258889851490643e-06,0.00401746626877967,0.0001118639230246483,6814,0.12910402641646285
341,0.11905277292189799,0.12835362339428458,0.001464542497689377,0.0001,2.840799711529465e-06,0.0038794363646140993,8.487200811799159e-05,6891,0.11905277292189799
342,0.12789089828265704,0.12879203015832325,0.0017030234851072982,0.0001,3.359775764103731e-06,0.003945659931861773,0.00010747325827903118,6875,0.12789089828265704
343,0.13839712455673087,0.1291272301908421,0.0015399403467836548,0.0001,3.1701237819322137e-06,0.004117203356030495,0.00010787378851092622,6692,0.13839712455673087
344,0.11919401593149272,0.12955845119117146,0.0016669170015727233,0.0001,3.233793278752357e-06,0.003879969159473804,9.532439213021507e-05,6910,0.11919401593149272
345,0.13688304117200395,0.12997841820573947,0.0017588475548345822,0.0001,3.6600164198999603e-06,0.004161834730746953,0.00010764681405291976,6725,0.13688304117200395
346,0.12900281087952004,0.1304260259102717,0.0016390139251129018,0.0001,3.101614233640034e-06,0.003784732010042418,9.426607518737791e-05,6833,0.12900281087952004
347,0.13437339914197893,0.13075242094847475,0.0014950267089934863,0.0001,2.917010435327358e-06,0.003902285380963139,0.00010422064193193303,6736,0.13437339914197893
348,0.13194365999491164,0.13110062252923504,0.0015139120016511081,0.0001,3.0207976744788825e-06,0.003990717652260277,9.969302908130058e-05,6784,0.13194365999491164
349,0.130044735271725,0.13147386278122417,0.001464571309459683,0.0001,2.7754522380236023e-06,0.0037901223656327614,9.186458442194785e-05,6798,0.130044735271725
350,0.1322434894938828,0.13187402101736664,0.001637198255302372,0.0001,3.355076563266879e-06,0.004098558683898956,0.00010749015712520513,6790,0.1322434894938828
351,0.13219580883252469,0.132214391328594,0.0015922321858918048,0.0001,3.328466750445156e-06,0.004180881130198848,9.719431397320851e-05,6768,0.13219580883252469
352,0.12756696605393034,0.1326137937464615,0.0016288263976236266,0.0001,3.084625294282456e-06,0.003787543348735954,0.0001024353627583379,6850,0.12756696605393034
353,0.11909283602427452,0.13292111766807288,0.0015811231617001752,0.0001,3.0504093910088794e-06,0.0038585348249895813,8.475277018024405e-05,6961,0.11909283602427452
354,0.13482357933316605,0.13336843577741653,0.001574444069512534,0.0001,3.179583289591075e-06,0.004038991731952105,0.00010078624651050594,6728,0.13482357933316605
355,0.13634178640620898,0.1337180100073638,0.0016583451777106128,0.0001,3.490912656360414e-06,0.004210115847147946,0.0001053132089840657,6702,0.13634178640620898
356,0.16188145933982478,0.1340876441312591,0.0016264834524479619,0.0001,3.404293357721196e-06,0.004186078072417542,0.0001118127700864313,6498,0.16188145933982478
357,0.12218249685892346,0.13439592493106076,0.0014698632660101343,0.0001,2.795984804486666e-06,0.0038044148311512237,0.00010540351202896486,6905,0.12218249685892346
358,0.1271645632999855,0.13467462430669616,0.001557633010433535,0.0001,3.0952110937064762e-06,0.003974249483637982,9.764704839197997e-05,6817,0.1271645632999855
359,0.1423768476544811,0.13511840391214391,0.0017790605333711511,0.0001,3.6932339460723025e-06,0.004151892391288085,0.00011088868396516315,6672,0.1423768476544811
360,0.13986660099482853,0.13558246023066337,0.0017950453780818433,0.0001,3.7739006943742502e-06,0.004204796982243402,0.00011299617374137559,6725,0.13986660099482853
361,0.14341685967736528,0.1360893033745068,0.0018694547014489137,0.0001,3.978998765186895e-06,0.004256854966427363,0.00010883388366180843,6671,0.14341685967736528
362,0.1251504641527527,0.1364034397336756,0.0015710434289175194,0.0001,2.971948850446303e-06,0.003783407633096477,0.0001027387211624436,6885,0.1251504641527527
363,0.1412545204443696,0.13670804512213094,0.0015104857631350118,0.0001,2.966995728546685e-06,0.0039285318683026675,0.00010315570023694475,6727,0.1412545204443696
364,0.14872182834524716,0.13690858486784693,0.001462169422911651,0.0001,3.0091867643040317e-06,0.004116057574657484,0.00011012140607214089,6659,0.14872182834524716
365,0.13390523769358822,0.137261441309714,0.0016536839823330413,0.0001,3.2465986345045956e-06,0.00392650430092967,0.00010369810458207627,6758,0.13390523769358822
366,0.14292395321406542,0.13771726388712116,0.0018743439426226686,0.0001,4.128036612077917e-06,0.004404780273466541,0.00010876970521398576,6675,0.14292395321406542
367,0.13474792588860962,0.13807212293043752,0.0014995372470070108,0.0001,2.869214936170613e-06,0.0038268004904811787,0.00010414570910225815,6758,0.13474792588860962
368,0.1464348756305897,0.13843380931408408,0.0018261438516626444,0.0001,4.116872693540286e-06,0.0045088153266699205,0.00010881674384437255,6649,0.1464348756305897
369,0.13919528250674146,0.1388787376248532,0.0016144184576706614,0.0001,3.201590219497671e-06,0.003966245807319417,9.710542064389404e-05,6717,0.13919528250674146
370,0.1318353410505111,0.13931206579238678,0.0016277491669434247,0.0001,3.317722995785579e-06,0.004076454853318185,0.0001069651983169346,6807,0.1318353410505111
371,0.13185191528143128,0.13976188734442632,0.0018364312004818556,0.0001,3.867457328020506e-06,0.004211927271771178,0.00011032899782331594,6790,0.13185191528143128
372,0.12332594203968013,0.14014073051363804,0.0017380102692400269,0.0001,3.576011270966099e-06,0.0041150634541759845,0.00010438823208023348,6856,0.12332594203968013
373,0.12392381640759212,0.14046313205929067,0.0014634401585954286,0.0001,2.7192755059643207e-06,0.0037162783732465152,9.7745403366336e-05,6863,0.12392381640759212
374,0.13855509075073114,0.14073748173446302,0.0014985392087469578,0.0001,2.9736761685259392e-06,0.003968766584375801,0.00011375446579785663,6719,0.13855509075073114
375,0.1358807590607547,0.14111309568609018,0.0015278229685726282,0.0001,2.898432934496575e-06,0.00379419997488903,0.00010601616509062462,6764,0.1358807590607547
376,0.14616421651295616,0.14157326304050769,0.0018915975165030706,0.0001,4.0794273162556174e-06,0.0043132085770519624,0.00012806947253118678,6631,0.14616421651295616
377,0.1487668708862116,0.14185927766440845,0.001545135613044997,0.0001,3.1893997143177643e-06,0.0041283104051073145,0.00011100277033768194,6659,0.1487668708862116
378,0.14249220604996762,0.14225204972393876,0.0017581446394023684,0.0001,3.6104830742375315e-06,0.004107151360953799,0.0001100430064058418,6618,0.14249220604996762
379,0.14647383483686796,0.1425136183061242,0.0015600863249625617,0.0001,3.189060763627333e-06,0.004088313207544925,0.00010595286349775425,6662,0.14647383483686796
380,0.14719575390330403,0.14288305916909744,0.0016746346663565645,0.0001,3.286588443719742e-06,0.003925140819961932,0.0001172006954496154,6587,0.14719575390330403
381,0.1597234226901616,0.143351624306111,0.0019108932457721458,0.0001,4.2062951722242195e-06,0.004402438683093003,0.00011962880138384206,6501,0.1597234226901616
382,0.1529770612471012,0.1437855672973881,0.0018639479395998674,0.0001,3.981022529416155e-06,0.004271602703958307,0.0001162250345740493,6575,0.1529770612471012
383,0.1344943727024479,0.14418094517444985,0.0016862716336142531,0.0001,3.4946324953107114e-06,0.004144803750058378,9.629019123896045e-05,6728,0.1344943727024479
384,0.14634856806080698,0.1445013381617114,0.0015613003160772495,0.0001,3.287593597089639e-06,0.004211353271675091,9.617091268228887e-05,6615,0.14634856806080698
385,0.1475018967649117,0.14486519383636,0.0015940884302954614,0.0001,3.247464997809244e-06,0.004074385004108377,0.00012502771638062574,6631,0.1475018967649117
386,0.1373689887611192,0.14522159907652768,0.001764208624835606,0.0001,3.740512737904481e-06,0.004240442638413053,0.00011818107927791573,6741,0.1373689887611192
387,0.13655985150039113,0.14560588584220494,0.0016190035269142184,0.0001,3.3070100038841845e-06,0.00408524125971148,0.00012032703240975916,6707,0.13655985150039113
388,0.13496101648355857,0.14597401911597507,0.001658069990524467,0.0001,3.3746037479852014e-06,0.00407052026424744,0.00011047521901176534,6791,0.13496101648355857
389,0.14866934423392297,0.14630185961276634,0.0017916928398876066,0.0001,3.877267801537441e-06,0.004328049669250968,0.00012318689917979468,6634,0.14866934423392297
390,0.1500065203504909,0.14665001542333223,0.0017787795176788307,0.0001,4.0088179667569804e-06,0.004507380399779032,0.0001139204159453927,6583,0.1500065203504909
391,0.1540760977094901,0.1469121678202197,0.0014455547805442455,0.0001,2.8246238769377377e-06,0.003908013608276095,0.00010995428763025308,6603,0.1540760977094901
392,0.15020439846752232,0.14712197421857398,0.0016223747564846173,0.0001,3.4416049202624924e-06,0.004242675629051091,0.00011783549247604826,6626,0.15020439846752232
393,0.1390254389300086,0.14749140397559904,0.0016639994754804749,0.0001,3.4814341860076224e-06,0.004184417407947041,0.00010388725270549423,6673,0.1390254389300086
394,0.13996464352083948,0.14789279803783217,0.0017937958095603503,0.0001,3.7495240103726474e-06,0.004180547184232341,0.0001132435920602574,6739,0.13996464352083948
395,0.14707477453240106,0.14823959601807823,0.0016174583252240547,0.0001,3.0569909077997485e-06,0.0037799934132785595,0.00012047621402465156,6621,0.14707477453240106
396,0.15388093174657308,0.148565054666725,0.001721615403594705,0.0001,3.4927429035439196e-06,0.004057518184666714,0.0001149862425638723,6543,0.15388093174657308
397,0.1479675045142876,0.14891390592400897,0.0016985941818695866,0.0001,3.564858617172961e-06,0.0041974223804878905,0.0001196573330229657,6598,0.1479675045142876
398,0.1506513202627941,0.14917330547325314,0.0015541882122513603,0.0001,3.1080003040684165e-06,0.0039995159911375726,0.00011899030536751336,6599,0.1506513202627941
399,0.14988190414532115,0.1495921182771434,0.001724267443929484,0.0001,3.497851437832548e-06,0.004057202901031629,0.00011916181199660855,6613,0.14988190414532115
400,0.1430018306841897,0.14991570672503085,0.0015494868994180917,0.0001,3.0770196954626976e-06,0.003971662744122934,0.00012405525656988123,6692,0.1430018306841897
401,0.13661967913518291,0.15028518674710442,0.001614016844922882,0.0001,2.971237797361653e-06,0.0036817927975263715,0.00011546494450379815,6732,0.13661967913518291
402,0.150742232418729,0.15061703904709423,0.00172196976369974,0.0001,3.7268603955083285e-06,0.004328601435487437,0.00010977533426174706,6613,0.150742232418729
403,0.13725806239228508,0.15092320641838436,0.00151301444014049,0.0001,2.8934607983457345e-06,0.0038247629653515585,0.00011946136242200454,6807,0.13725806239228508
404,0.14773657885146793,0.15125727470697486,0.0016446799547449023,0.0001,3.255197671011431e-06,0.0039584572811508815,0.00011590426080501893,6611,0.14773657885146793
405,0.1511394215207108,0.1517107013792233,0.0018125509943650137,0.0001,3.726639202697819e-06,0.004112037911521892,0.00011460588022176556,6622,0.1511394215207108
406,0.15517682533793353,0.1521054400887915,0.0018104055812430103,0.0001,3.970031017998749e-06,0.004385791845905553,0.00011792287572365333,6634,0.15517682533793353
407,0.14577597456061175,0.15249048684613675,0.001709310034779628,0.0001,3.4363103664704156e-06,0.004020698757453255,0.00012426520915673612,6686,0.14577597456061175
408,0.1433418375976149,0.15282268526412862,0.0016432247204251316,0.0001,3.222319658208556e-06,0.003921946424193136,0.00012719252107249812,6734,0.1433418375976149
409,0.14692464775268582,0.153133268884652,0.0015699818448929837,0.0001,3.2380595528820957e-06,0.004124964327982805,0.00012121143777636224,6669,0.14692464775268582
410,0.1511047155662307,0.15338584572284672,0.0014838015196902326,0.0001,3.003427138973654e-06,0.0040482869158951496,0.00011635469198206982,6573,0.1511047155662307
411,0.1669090805821647,0.1538047519858686,0.0018521119249636415,0.0001,3.945657019343989e-06,0.00426071120882335,0.00012553815185301315,6431,0.1669090805821647
412,0.13889867731558517,0.15404245368995148,0.0014897668554508267,0.0001,2.822594950446743e-06,0.003789310978586084,0.00010905747615813063,6730,0.13889867731558517
413,0.15488759333443478,0.15450193832901107,0.0019045513811052934,0.0001,4.1537088466857365e-06,0.004361876385057315,0.0001208642979880419,6603,0.15488759333443478
414,0.14392325641634007,0.15483158776498754,0.001668595895814461,0.0001,3.6047643629133483e-06,0.004320715844927594,0.0001123363702227686,6695,0.14392325641634007
415,0.14268460489868595,0.15518168263307236,0.0017354013565151346,0.0001,3.5320653678288983e-06,0.004070603442331808,0.00010080071998073853,6681,0.14268460489868595
416,0.142763783383913,0.15553324713333186,0.001819368842778896,0.0001,3.858998375532745e-06,0.004242128681986802,0.00011080462619753896,6688,0.142763783383913
417,0.16511347317987232,0.15591448632265145,0.0017442615765854736,0.0001,3.7747553529687377e-06,0.004328198710147719,0.0001417405583589276,6436,0.16511347317987232
418,0.1604675415166606,0.15625724158712936,0.001718887978002295,0.0001,3.4680338431334493e-06,0.004035206351450576,0.00013671177645370604,6594,0.1604675415166606
419,0.1594752183175947,0.15666841831833597,0.001801800553395667,0.0001,3.731737852222565e-06,0.004142231885976219,0.00013891090634942724,6559,0.1594752183175947
420,0.15794282675531424,0.15706152922295047,0.0016192769107974238,0.0001,3.0417795531852653e-06,0.0037569603233424983,0.00012899622906712173,6560,0.15794282675531424
421,0.14725497027184792,0.15738798214448757,0.0016359733912083181,0.0001,3.1377729865611673e-06,0.0038359706868381655,0.00011299105332968795,6635,0.14725497027184792
422,0.1438753431310373,0.15768656001800974,0.0016097716653432274,0.0001,3.0435970097257285e-06,0.0037814021395100005,0.00012132744457714608,6680,0.1438753431310373
423,0.14726919173260877,0.15807873160980124,0.0016456837472038845,0.0001,3.304853608431496e-06,0.004016389678814827,0.00011980500377403573,6655,0.14726919173260877
424,0.16747532373144813,0.15844711252841054,0.0016765440160736863,0.0001,3.415842423012349e-06,0.004074861608479498,0.00013187618640647433,6480,0.16747532373144813
425,0.1665223350233151,0.1587663068642523,0.0016832204369716735,0.0001,3.5158025011617794e-06,0.004177471261562333,0.0001391830827407572,6464,0.1665223350233151
426,0.16248387403111905,0.1589995117611944,0.0016556099088256325,0.0001,3.741538183619732e-06,0.004519830623958639,0.00012654286270833914,6461,0.16248387403111905
427,0.17026234036890311,0.1593503028011504,0.0017157446910282565,0.0001,3.6927837020599894e-06,0.004304584150975145,0.00012514002730156445,6436,0.17026234036890311
428,0.17570410523322366,0.1597096965740167,0.0017427978785906947,0.0001,3.736638479802059e-06,0.00428809160913562,0.00014015482324386324,6340,0.17570410523322366
429,0.1588377158893421,0.16012769988103684,0.0017832935792961504,0.0001,3.5905207186220476e-06,0.004026841974095138,0.00014082072555927517,6558,0.1588377158893421
430,0.1703427439299273,0.1605689439089013,0.001966284211115093,0.0001,4.415310927490034e-06,0.004491020069765074,0.0001296612921286968,6442,0.1703427439299273
431,0.17351769056250074,0.16089879265125995,0.0019002128995785083,0.0001,4.266990477916198e-06,0.0044910656893895114,0.00013720846422162093,6385,0.17351769056250074
432,0.16078527190702402,0.16131971645177223,0.0017200728055135417,0.0001,3.354581852023544e-06,0.003900511468201494,0.0001229016929352926,6524,0.16078527190702402
433,0.1635320401263548,0.16166362910713508,0.001714936562935848,0.0001,3.6260681739356605e-06,0.004228807353349669,0.00012613613891006498,6449,0.1635320401263548
434,0.16812002739553844,0.16197721547843905,0.0017568125299178496,0.0001,3.6681337802285903e-06,0.004175896651192618,0.0001353989223452869,6442,0.16812002739553844
435,0.14804302995985583,0.16235855523489265,0.0018387976875620215,0.0001,3.922215478815846e-06,0.004266065272266177,0.00012891383334501087,6585,0.14804302995985583
436,0.14880789840676067,0.16273503252149507,0.0016476127711054496,0.0001,3.1969348442464443e-06,0.0038806871375505203,0.0001228705123623641,6630,0.14880789840676067
437,0.16461712947617704,0.1630624490062658,0.001775163086846377,0.0001,3.736042573915715e-06,0.0042092386909113695,0.00013186784533617942,6453,0.16461712947617704
438,0.16273088732240082,0.1634392832466602,0.0016861149959089409,0.0001,3.3680975228415943e-06,0.003995098235901686,0.00014177870603704974,6533,0.16273088732240082
439,0.1600093334023829,0.16383222331260658,0.001735294573625755,0.0001,3.4378340529574553e-06,0.003962248375818272,0.00013210548621773533,6516,0.1600093334023829
440,0.15457669254621775,0.16417860201556114,0.0017700706540570953,0.0001,3.5908788982566354e-06,0.004057328321924496,0.00012941318087056683,6539,0.15457669254621775
441,0.15782779200589536,0.16463696684230564,0.001697758659428651,0.0001,3.35368724190654e-06,0.00395072317644389,0.00012512739578693426,6574,0.15782779200589536
442,0.16186541685211503,0.16493028613621222,0.0016870664924246073,0.0001,3.508126325246186e-06,0.004158847728881628,0.0001270815342902855,6442,0.16186541685211503
443,0.16749311729947966,0.16526050899194755,0.0016281730042430487,0.0001,3.2305492820336552e-06,0.0039683120572749754,0.00013349090397921242,6409,0.16749311729947966
444,0.17755966607179477,0.16552702218912407,0.0015938427006432373,0.0001,3.3089611859452656e-06,0.0041521803683761856,0.0001427465022854941,6386,0.17755966607179477
445,0.17197248430825102,0.1659205338522167,0.0017665449366451786,0.0001,3.5352255423471465e-06,0.004002417905157675,0.00013164809366459864,6414,0.17197248430825102
446,0.1710838989326415,0.1662657721276856,0.0017581228114733334,0.0001,3.674507377863701e-06,0.004180034925756305,0.00014139938482497783,6403,0.1710838989326415
447,0.1761785102819179,0.1665669431993706,0.0016910008450834564,0.0001,3.346404217820476e-06,0.003957897747419896,0.00013723380644796722,6385,0.1761785102819179
448,0.15381191760634783,0.16687213030485012,0.001557206351953567,0.0001,2.9373294431048936e-06,0.0037725628840646792,0.00011906220963756835,6612,0.15381191760634783
449,0.17424725637386423,0.16722853607988852,0.0020201788700289114,0.0001,4.707594947048295e-06,0.004660572404641498,0.00014118816285107363,6365,0.17424725637386423
450,0.1688586272731063,0.16754541084411578,0.0016401845586403346,0.0001,3.1001078865034e-06,0.0037801939667976136,0.00015350674629461977,6445,0.1688586272731063
451,0.17277386527265803,0.16792418651615146,0.0018427115997349899,0.0001,3.7769860196895244e-06,0.004099378351156755,0.00014436820577554458,6405,0.17277386527265803
452,0.16848802614452046,0.16823413257808273,0.0017288398383140608,0.0001,3.700927277357964e-06,0.00428139980967474,0.00013637525633971003,6386,0.16848802614452046
453,0.15160416257664955,0.16854344565185952,0.0015853561451686117,0.0001,3.123218043968575e-06,0.003940083814588429,0.00012569462118855112,6593,0.15160416257664955
454,0.15477185266043297,0.1688768287363359,0.0016860576000161797,0.0001,3.3098068425439193e-06,0.003926089882708822,0.00012976062747756291,6557,0.15477185266043297
455,0.15499613494299722,0.16921239087584478,0.0016186507736834464,0.0001,3.059575666168144e-06,0.0037804024387616225,0.00011896839245325138,6607,0.15499613494299722
456,0.16210467032619108,0.16949896843605702,0.0016238837223720064,0.0001,3.0976782832724804e-06,0.0038151478958699135,0.0001297634632136264,6487,0.16210467032619108
457,0.18439977165977758,0.16989949112222022,0.0019165261630044203,0.0001,4.1460656085350755e-06,0.004326646500912404,0.00016386940063590943,6271,0.18439977165977758
458,0.16722585527187944,0.1702854449293236,0.0017735014588357574,0.0001,3.763882279862184e-06,0.004244577596607159,0.00014393595171642782,6428,0.16722585527187944
459,0.1649060593918631,0.17063513445359343,0.0017191054199408521,0.0001,3.54217339253383e-06,0.004120949595581756,0.0001381592675896656,6445,0.1649060593918631
460,0.15112689387006187,0.17098383446990578,0.001668287789293583,0.0001,3.2160587877521145e-06,0.003855520382504168,0.0001238672700292756,6625,0.15112689387006187
461,0.16046228232332568,0.1713412053667273,0.0016382063201335166,0.0001,3.1966214206763277e-06,0.003902587093444735,0.00013235521671979913,6495,0.16046228232332568
462,0.16004172931088867,0.17175975235466934,0.0016960557562211095,0.0001,3.4309485255199446e-06,0.004045796858900743,0.00013994622056522077,6475,0.16004172931088867
463,0.1824664015068518,0.17208238486337252,0.0016468101171203378,0.0001,3.1868180636096436e-06,0.003870292064008217,0.00014359704653973826,6290,0.1824664015068518
464,0.16151145372079231,0.17248823137830513,0.0017124988539771323,0.0001,3.473231589525004e-06,0.004056331578218251,0.0001313222526906207,6505,0.16151145372079231
465,0.16107666150490466,0.17272714569501238,0.0017512183833886296,0.0001,3.655347675571235e-06,0.004174633740993618,0.00012667644114147875,6510,0.16107666150490466
466,0.1820405743700667,0.17300363639702565,0.0017774645511913793,0.0001,3.7079836371620782e-06,0.00417221669447836,0.00014087682899280567,6298,0.1820405743700667
467,0.16397410046425048,0.17332470340664913,0.0017188757564487336,0.0001,3.6140854131095266e-06,0.004205173526417491,0.00013835039590071472,6486,0.16397410046425048
468,0.19057667486331975,0.1737652620897837,0.0018042943987311496,0.0001,3.7862724395387017e-06,0.004196956374970023,0.00014389357196152334,6218,0.19057667486331975
469,0.17381587333070508,0.17419772808456271,0.001825712041559341,0.0001,3.873192545235635e-06,0.004242939146008525,0.00012298777945251386,6347,0.17381587333070508
470,0.17585177180002337,0.17459575157468107,0.001859622122568344,0.0001,3.932347665502986e-06,0.0042291900249841925,0.0001319651857755159,6416,0.17585177180002337
471,0.17567898040539234,0.17500967265305756,0.0018122361933014686,0.0001,3.6476068024063225e-06,0.0040255313472812165,0.00014952006137923215,6394,0.17567898040539234
472,0.18099089713419025,0.1754197881201592,0.0019479000610184434,0.0001,4.328180918112951e-06,0.004443945564486504,0.00015979028527980115,6291,0.18099089713419025
473,0.17351429323843942,0.17585781170679457,0.00175764110889506,0.0001,3.5200865555138047e-06,0.004005466801725756,0.00013054954185389307,6358,0.17351429323843942
474,0.16165933610084882,0.17609348487626808,0.001615409330974271,0.0001,3.0821587179127106e-06,0.003815947647218092,0.00012936964385101528,6536,0.16165933610084882
475,0.1642655879923903,0.17637674255146407,0.0015755490319643041,0.0001,3.0443194582483703e-06,0.0038644553695074625,0.00012383726898730879,6463,0.1642655879923903
476,0.18602970853477968,0.17676336410690388,0.0016480441796031078,0.0001,3.179537051376555e-06,0.0038585580298487747,0.00015313325433985868,6261,0.18602970853477968
477,0.1630419105299956,0.1771596093271575,0.0018005148948954323,0.0001,3.5532264219505583e-06,0.003946900336147364,0.00013591870556689645,6450,0.1630419105299956
478,0.1810686721407754,0.17747776211275224,0.001622048335873339,0.0001,3.0731100681954642e-06,0.00378917199966282,0.00014077516011865327,6319,0.1810686721407754
479,0.17795199989387522,0.17781516107382028,0.0016419563947698188,0.0001,3.2350441741737153e-06,0.003940475136219713,0.000148763824378812,6296,0.17795199989387522
480,0.17708822246638584,0.17813672692837854,0.0018217341064238068,0.0001,3.6792468384273024e-06,0.004039279745000685,0.00014853389393153682,6401,0.17708822246638584
481,0.18820250479376496,0.17852984885213247,0.0016965551171445688,0.0001,3.255683459288642e-06,0.003837993150223383,0.00014828833669316418,6259,0.18820250479376496
482,0.18102340122368832,0.17894343498706175,0.0018219017488126025,0.0001,3.815421745015301e-06,0.004188394623916405,0.00015533917177879643,6291,0.18102340122368832
483,0.18409532149896526,0.1792579091529903,0.0017730186382783387,0.0001,3.7346290265606306e-06,0.0042127352143202295,0.00015321247880025726,6293,0.18409532149896526
484,0.18067891466794317,0.1795500729641288,0.0016964930326406407,0.0001,3.503657804504277e-06,0.004130471198046398,0.00014289953441980663,6315,0.18067891466794317
485,0.15255854685471562,0.17982333935108327,0.0017008971693389919,0.0001,3.33957217097319e-06,0.003926836061783822,0.0001317769858217466,6586,0.15255854685471562
486,0.18214598224033363,0.18027341646819162,0.001931874942251178,0.0001,4.05639978694992e-06,0.004199443450747462,0.00015259945143474907,6290,0.18214598224033363
487,0.18755543539508762,0.18070369711743461,0.0017848314433580403,0.0001,3.6643329232281876e-06,0.004106082887394667,0.00015227377012397107,6239,0.18755543539508762
488,0.18574303289213043,0.18102140163303312,0.0017196210821259143,0.0001,3.4836557567296132e-06,0.00405165509185649,0.00015019832232725447,6241,0.18574303289213043
489,0.181202679766037,0.18123947681202365,0.001743451100314606,0.0001,3.7051049591269006e-06,0.004250311303205824,0.0001387525750081587,6333,0.181202679766037
490,0.1860550266188902,0.1814785496473792,0.0016645190128318286,0.0001,3.5917175229784176e-06,0.0043156221049922,0.0001403052107461373,6241,0.1860550266188902
491,0.18692660585725251,0.18179122423053426,0.0016058606395911495,0.0001,2.9122638810570695e-06,0.003627044351493077,0.0001484614841252488,6240,0.18692660585725251
492,0.19270655435593953,0.1820934562438319,0.0015909140960635234,0.0001,3.0497553291484528e-06,0.0038339660660429266,0.00014843474249292556,6217,0.19270655435593953
493,0.19093965754973496,0.18254888424838744,0.00205742242612764,0.0001,4.654172559727542e-06,0.004524275132440696,0.00015720429180115703,6198,0.19093965754973496
494,0.18373007334161387,0.1827905258027855,0.0016266907279819615,0.0001,3.1243172060603895e-06,0.0038413167940489243,0.00014571406343950172,6216,0.18373007334161387
495,0.20001221885499815,0.18303193343900853,0.0016913581121937114,0.0001,3.396094917007958e-06,0.004015820059068605,0.0001639546366577364,6137,0.20001221885499815
496,0.18430822719929943,0.18318334732164399,0.0015724444068243436,0.0001,3.216831929800365e-06,0.0040915048135749,0.00014589505729144012,6256,0.18430822719929943
497,0.18877168318541193,0.18351714059366894,0.0016551466862401382,0.0001,3.1744489899766495e-06,0.003835852153004983,0.0001391739464481071,6218,0.18877168318541193
498,0.19501877073189575,0.18384499294295018,0.0017932256083680897,0.0001,3.6114923935260696e-06,0.004027928640627298,0.00016016413852257266,6188,0.19501877073189575
499,0.1815473999002873,0.18418980793590667,0.001672328076967847,0.0001,3.1477277801401174e-06,0.003764485956424729,0.00015892853630151247,6326,0.1815473999002873
500,0.1878758333416167,0.1845648959452307,0.001706828770680034,0.0001,3.3319546891431302e-06,0.003904263563375035,0.00014466561663956993,6208,0.1878758333416167
501,0.1893596180667014,0.18491443854356024,0.0018172047311119143,0.0001,3.653750637875553e-06,0.004021286732662081,0.0001395637022188394,6187,0.1893596180667014
502,0.18297309335957693,0.1852621266003032,0.0018236760979136704,0.0001,3.7443081876410524e-06,0.004106330276439584,0.00014975184345307512,6270,0.18297309335957693
503,0.17958455687538039,0.18558462381788682,0.001817446749179686,0.0001,3.747558890932403e-06,0.00412398205628185,0.00014733773265237265,6354,0.17958455687538039
504,0.1877179683735769,0.18597656637888468,0.0019219596005040343,0.0001,4.127150635404643e-06,0.004294731933306294,0.0001470109284319782,6239,0.1877179683735769
505,0.186512825992521,0.1863195377262425,0.001729160850989923,0.0001,3.4356364698179008e-06,0.003973761570938923,0.0001587730945497778,6264,0.186512825992521
506,0.19097285408616732,0.18662606789049305,0.0017749041807072347,0.0001,3.614277910545721e-06,0.004072645667109267,0.00015899528053430343,6231,0.19097285408616732
507,0.1807385193790265,0.1870166966058156,0.0017867227389326524,0.0001,3.5323497255710644e-06,0.003953998735899236,0.00014846508793352962,6265,0.1807385193790265
508,0.1876898578670473,0.18727624572939416,0.0016750739001798545,0.0001,3.1900254105005385e-06,0.003808817521612655,0.00014879886464369896,6234,0.1876898578670473
509,0.1749386147349179,0.18757004832507992,0.0015835975940436825,0.0001,2.93258084236168e-06,0.0037036944908124007,0.0001448135195760728,6394,0.1749386147349179
510,0.17278554317432093,0.18788247662843988,0.0016816267727880639,0.0001,3.389652146939913e-06,0.004031396504612039,0.00014124269596361156,6424,0.17278554317432093
511,0.19492564920475133,0.18823749977904453,0.0018420943768299122,0.0001,3.7642405789532372e-06,0.004086913923955595,0.0001554275296098689,6130,0.19492564920475133
512,0.20044543678227777,0.18849539524427836,0.0016435759073113025,0.0001,3.3428332265550675e-06,0.004067756422669338,0.00014717450544007583,6157,0.20044543678227777
513,0.19101032235530677,0.18889364600925107,0.0018252540684622956,0.0001,3.705681984307163e-06,0.0040604560738539295,0.00015310786815081023,6252,0.19101032235530677
514,0.20842847224546668,0.18907789248692058,0.001613599873039453,0.0001,3.3768831221946666e-06,0.004185527253214031,0.00016367489859553605,6026,0.20842847224546668
515,0.1906780325955602,0.18923091476200413,0.0016709797357673628,0.0001,3.4076374127505033e-06,0.0040786100989855705,0.0001632169400199349,6227,0.1906780325955602
516,0.19533042555216912,0.189590566019827,0.00187893771495459,0.0001,3.853707887234279e-06,0.00410200706129039,0.00016472902920928168,6198,0.19533042555216912
517,0.19210641822788102,0.18992452055812964,0.0018045796684832156,0.0001,3.7709401952335325e-06,0.004179300322499013,0.0001591543344243595,6165,0.19210641822788102
518,0.1741005209838869,0.19024204205764908,0.001625118468595814,0.0001,3.0355247516044386e-06,0.003735758112732899,0.00012912927080696538,6392,0.1741005209838869
519,0.20397563311337402,0.19046209986914173,0.0016644876297499042,0.0001,3.2586711373968104e-06,0.003915524608478391,0.0001655303396435464,6072,0.20397563311337402
520,0.19622535451279371,0.19072884471330978,0.0017625084028943339,0.0001,3.5757495558127313e-06,0.004057568803576483,0.00015868975161573997,6172,0.19622535451279371
521,0.2068367584661378,0.19104549702620582,0.0017957261305302865,0.0001,3.631704481672283e-06,0.004044831135357843,0.00016009924740136562,6124,0.2068367584661378
522,0.19642523357703517,0.1913260335487003,0.0017476696462260322,0.0001,3.5122083012713537e-06,0.004019304573785689,0.00015867134779805038,6182,0.19642523357703517
523,0.20136669282095981,0.19153174252146596,0.0015316189459279148,0.0001,2.97366124142632e-06,0.0038830301091956772,0.00015218022775309448,6089,0.20136669282095981
524,0.20516498157775126,0.19197101875778208,0.0017415953185559595,0.0001,3.348200742666044e-06,0.003844981330613817,0.00015290858771766023,6062,0.20516498157775126
525,0.19125401135176662,0.19235462648477536,0.0017847597891659046,0.0001,3.5141600613557746e-06,0.003937964181721165,0.0001494910412164153,6204,0.19125401135176662
526,0.20010654682588813,0.19271223940644738,0.0017452598352684981,0.0001,3.404909286873753e-06,0.0039018938247094037,0.00014765416115164907,6103,0.20010654682588813
527,0.19263438689554424,0.19296361082846444,0.0017428327499321643,0.0001,3.5340586965424097e-06,0.004055533953765747,0.00014522414181050182,6240,0.19263438689554424
528,0.20246764979884666,0.19326552620419402,0.0017848107134420925,0.0001,3.5239280522339767e-06,0.003948797511908603,0.00017146913899463326,6113,0.20246764979884666
529,0.20236787910119117,0.1934971219509645,0.0016435347924289685,0.0001,3.072374550219919e-06,0.0037387398969257937,0.00016258737420096482,6019,0.20236787910119117
530,0.19320584960679518,0.19378945502954636,0.0016401725918760415,0.0001,3.261841520948886e-06,0.003977436932070627,0.00015598142543211106,6217,0.19320584960679518
531,0.20524929131653086,0.19406986092683084,0.0017973127235306873,0.0001,3.875863380436178e-06,0.0043129538112013505,0.00015848453960654903,6031,0.20524929131653086
532,0.20089921642894515,0.19436861001119857,0.001741146011774057,0.0001,3.574712977421829e-06,0.0041061610608745525,0.00015253794497926179,6080,0.20089921642894515
533,0.1809988160773839,0.19470036710710026,0.0016795918710504492,0.0001,3.2115178674540272e-06,0.003824164575701931,0.00016275495031141098,6348,0.1809988160773839
534,0.1956526428790493,0.19498681894183173,0.001744010331523121,0.0001,3.5025916087331873e-06,0.004016709701110795,0.00015261087460258877,6196,0.1956526428790493
535,0.19954945511086294,0.1952715755252064,0.0017359364847238856,0.0001,3.605780229144158e-06,0.004154276681059198,0.00015643832689931267,6137,0.19954945511086294
536,0.2049870832645645,0.1954809459094001,0.0016545711132939973,0.0001,3.3948847647716717e-06,0.004103643219073221,0.00016731950683154673,6123,0.2049870832645645
537,0.19745285922251166,0.19571903987819772,0.0016947160696100564,0.0001,3.5470270377835044e-06,0.004185983836926327,0.000153222159927924,6184,0.19745285922251166
538,0.20571099261785222,0.1960358559726095,0.0017950521990138153,0.0001,3.6084327240965518e-06,0.0040204209393788,0.00015948405591699615,6072,0.20571099261785222
539,0.18759719599378083,0.19632224175732269,0.0017620074219684336,0.0001,3.5715132120027546e-06,0.004053913925076234,0.000152626682221032,6285,0.18759719599378083
540,0.2014313133680168,0.1965623288156751,0.001744524665562456,0.0001,3.485836707575839e-06,0.003996316906705315,0.00016106882746156332,6157,0.2014313133680168
541,0.19802163538203893,0.1969517109994743,0.0017910366918538945,0.0001,3.5359067676760356e-06,0.003948447046069205,0.0001775656458241006,6116,0.19802163538203893
542,0.1919048169954963,0.1971802018747848,0.0015884004279112037,0.0001,3.1330597342267037e-06,0.003944924314011644,0.00015224318090357672,6196,0.1919048169954963
543,0.1853501633812151,0.1976010217626617,0.0018399715786566301,0.0001,3.6427437985574008e-06,0.003959565289825814,0.00016874175113501161,6324,0.1853501633812151
544,0.19336619939609603,0.19792748283965006,0.0018276006497424655,0.0001,3.633918935941589e-06,0.003976710050364295,0.00015978289591355715,6211,0.19336619939609603
545,0.20157611284211213,0.1982280048412398,0.0018277905957365243,0.0001,3.7536048858310683e-06,0.004107259217315888,0.0001725927525615621,6056,0.20157611284211213
546,0.19637592009262275,0.19851822245035705,0.0016702656640646123,0.0001,3.213690513184531e-06,0.003848118993674305,0.00015725501762166842,6173,0.19637592009262275
547,0.19927905598858436,0.19885198875673515,0.0017426650449686673,0.0001,3.352796595631926e-06,0.00384789561862384,0.00016278577938929045,6104,0.19927905598858436
548,0.1920957553521673,0.1991604101896752,0.0017188378369241515,0.0001,3.293785445231732e-06,0.0038325726540043327,0.00014688592923297317,6176,0.1920957553521673
549,0.19859648009709863,0.19936210104843982,0.0015395063350542907,0.0001,2.9644817011164875e-06,0.0038512107857119598,0.00016129656272809755,6151,0.19859648009709863
550,0.18470145779277897,0.19962825837625356,0.001787617823951342,0.0001,3.6525342432526013e-06,0.00408648223833331,0.00015513391749489132,6278,0.18470145779277897
551,0.2038989003319886,0.19995875237297803,0.0017235727266701722,0.0001,3.2757493309315912e-06,0.003801115299915567,0.00016117237282993422,6140,0.2038989003319886
552,0.20316361554515674,0.20018121284479853,0.0015299010279515004,0.0001,3.015460964865886e-06,0.003942034039814343,0.00017441262617622687,6057,0.20316361554515674
553,0.1948447626465774,0.20051951638677157,0.0018575162828597086,0.0001,3.814564237891697e-06,0.0041071664061205935,0.00015725015241884835,6185,0.1948447626465774
554,0.19467505903060023,0.20094833039589335,0.0018612524785542007,0.0001,3.7968244023363106e-06,0.004079859606457733,0.00015769957212395143,6193,0.19467505903060023
555,0.18390455765750993,0.20123961040327212,0.0017381353694462262,0.0001,3.3789218263339014e-06,0.0038879846595727833,0.00014579469194173227,6240,0.18390455765750993
556,0.19700059296886996,0.2015892204252082,0.0017807439107210303,0.0001,3.45904120601054e-06,0.0038849395302550395,0.00016148794478945417,6152,0.19700059296886996
557,0.1999808985319955,0.2018945618483148,0.0016717355130074552,0.0001,3.074806605891691e-06,0.0036785802323001547,0.00015948869364000622,6149,0.1999808985319955
558,0.18757050709692047,0.20223171889947977,0.0017388690862974985,0.0001,3.2400058800461354e-06,0.00372656677328705,0.0001553521537215594,6214,0.18757050709692047
559,0.19828819796582275,0.20240939389973198,0.001684264356128378,0.0001,3.3799898303104287e-06,0.004013609642704804,0.00015554295878552777,6171,0.19828819796582275
560,0.21119332960623027,0.20280002914287476,0.0019899693710009984,0.0001,4.233484517774351e-06,0.004254823797257557,0.00017799330607533282,5977,0.21119332960623027
561,0.1902115761367883,0.20302561261992266,0.0017521326339827161,0.0001,3.4487842219864704e-06,0.00393667026696164,0.00015194188443927938,6238,0.1902115761367883
562,0.19079612505563825,0.2032679875308108,0.001718095817024186,0.0001,3.6104747486627485e-06,0.004202879388783149,0.00015195597670666255,6218,0.19079612505563825
563,0.19123270155120725,0.2034880998160629,0.0016020184708851134,0.0001,3.0264949345167386e-06,0.0037783521095666314,0.00015876112571678826,6240,0.19123270155120725
564,0.1939512402366644,0.20371767042518293,0.0016050486409487051,0.0001,3.0226977816038364e-06,0.0037664874502709063,0.00015710747650552845,6166,0.1939512402366644
565,0.2078569201265636,0.2039844256135063,0.001693949300075337,0.0001,3.251218928697061e-06,0.003838626018562026,0.0001593302048742886,6052,0.2078569201265636
566,0.20345766848858804,0.20421656426658555,0.0017663876193496565,0.0001,3.5870584665738193e-06,0.004061462418870997,0.00017243358414501612,6083,0.20345766848858804
567,0.2057466515703089,0.20452962268040148,0.0018639511913180371,0.0001,3.875592213795513e-06,0.004158469633590571,0.00016328483942072166,6054,0.2057466515703089
568,0.20306789642815368,0.20476361152273875,0.0016080438693305676,0.0001,3.2098893914305347e-06,0.003992290823218424,0.00016552450364254578,6119,0.20306789642815368
569,0.20979182965566606,0.20506548078528739,0.0017621238046408097,0.0001,3.3852954407843326e-06,0.003842290118172927,0.0001662580394655397,6052,0.20979182965566606
570,0.21133031952279951,0.20530832078806452,0.0017656462504380657,0.0001,3.5272955980230922e-06,0.00399547258931165,0.00016392029326318808,5993,0.21133031952279951
571,0.18855243152890833,0.2055984402502973,0.0017973364419501376,0.0001,3.4699650620464952e-06,0.003861230408572286,0.00014354511284042675,6211,0.18855243152890833
572,0.19997819602840683,0.20581702838080984,0.0017343323613025442,0.0001,3.5208353123021837e-06,0.004060162159066113,0.00016442344212596504,6109,0.19997819602840683
573,0.22019644888105339,0.20615288621072494,0.0017702183648699882,0.0001,3.3964057709259253e-06,0.003837273229481348,0.00017940039229401435,5969,0.22019644888105339
574,0.19914597527320202,0.20654685796529149,0.001839727885470417,0.0001,3.7906467582102346e-06,0.0041208776451643215,0.00015821127610445433,6097,0.19914597527320202
575,0.20463777257959348,0.20687567059353468,0.001841835761529649,0.0001,3.61482561350583e-06,0.003925242075334349,0.00017746587240100278,6013,0.20463777257959348
576,0.21094942497260138,0.2071463226197805,0.0018156188476166912,0.0001,3.664103643742728e-06,0.004036203577146699,0.00017072290543635366,5996,0.21094942497260138
577,0.21946042418574685,0.20739042220432308,0.0017963327123136164,0.0001,3.563410788659745e-06,0.0039674284883118235,0.0001753956103725946,5849,0.21946042418574685
578,0.21116650571111922,0.20762115103699647,0.0017651738673911256,0.0001,3.6807478365231115e-06,0.004170408257814452,0.0001797890156298385,5997,0.21116650571111922
579,0.22293498871593537,0.20793546922197206,0.0016590197744996776,0.0001,3.0601728755754313e-06,0.0036891336952247105,0.0001763035573750332,5917,0.22293498871593537
580,0.1852726317236752,0.20823082242386087,0.0017001761688978801,0.0001,3.131853266069426e-06,0.0036841514701380796,0.00015807349032009619,6212,0.1852726317236752
581,0.2086917977273187,0.20849387783541173,0.0018036261744910217,0.0001,3.646324622433158e-06,0.004043326354433884,0.00015680345511284003,6009,0.2086917977273187
582,0.20448581307254943,0.20865876185351173,0.0016723658784829096,0.0001,3.2481186277727746e-06,0.0038844593393872794,0.00018067602035298837,6041,0.20448581307254943
583,0.1985931773384146,0.20885439040204024,0.0016630804227644464,0.0001,3.1794488685275396e-06,0.003823565986355028,0.00015419269311651662,6147,0.1985931773384146
584,0.21218920200398075,0.2090441060092157,0.0014236215984025863,0.0001,2.5241725423288373e-06,0.00354612847284862,0.00016081891279554126,6039,0.21218920200398075
585,0.2100458567407415,0.20929819353554246,0.001692785707141191,0.0001,3.2055993247249924e-06,0.0037873657737087937,0.00018240085399326192,6037,0.2100458567407415
586,0.20749442566030687,0.2095354873794595,0.0016225159439062667,0.0001,3.086954063452412e-06,0.003805144812346752,0.00016994904776968664,6047,0.20749442566030687
587,0.21584657451230996,0.2098289707717875,0.0017995702863314368,0.0001,3.5614749522684297e-06,0.003958139317279762,0.0001706323484235676,5978,0.21584657451230996
588,0.2034986340590064,0.2100421403325681,0.0017985783716922676,0.0001,3.7359404152511303e-06,0.004154325965496866,0.00017059887721334298,6045,0.2034986340590064
589,0.20556204124987926,0.21028742720269714,0.0016916133816172185,0.0001,3.238679468790123e-06,0.0038291012638997646,0.00016543509035835843,6045,0.20556204124987926
590,0.19422762685392517,0.21048445724419065,0.0014749750127551597,0.0001,2.6459327256331283e-06,0.0035877661692596324,0.00016174917307114933,6218,0.19422762685392517
591,0.21680055374154442,0.21071801457567507,0.0017873673366573352,0.0001,3.54771715195144e-06,0.00396976836175852,0.00018162253146399276,5910,0.21680055374154442
592,0.19536349975408981,0.21083589139828596,0.0016577894705625794,0.0001,3.3544564889094584e-06,0.0040469028769631495,0.00017168124312983595,6178,0.19536349975408981
593,0.20038328803320385,0.21107887276632734,0.0017884617301705183,0.0001,3.5373986273268857e-06,0.003955800191474733,0.00015920140460781794,6117,0.20038328803320385
594,0.22799261654820846,0.21135196234398534,0.0018359539114954923,0.0001,3.6715289063898943e-06,0.003999587226456266,0.00017989628913247756,5805,0.22799261654820846
595,0.19633006666547198,0.2116239426097779,0.0016925446886962424,0.0001,3.2817173895875166e-06,0.0038778502115833693,0.00017041204909679054,6173,0.19633006666547198
596,0.20697704996947214,0.21195942823737052,0.0017845436717529694,0.0001,3.400251380668218e-06,0.0038107796794102857,0.00016027820135274508,6074,0.20697704996947214
597,0.21160043955151273,0.21219491717196726,0.00173879372930881,0.0001,3.39769725400322e-06,0.003908108473975051,0.00017940519078131533,5987,0.21160043955151273
598,0.20111792143865545,0.21244336535108801,0.0016516320830140497,0.0001,3.0536519595197284e-06,0.0036977387287695984,0.000162766602093719,6062,0.20111792143865545
599,0.2181261944305751,0.21263967326849417,0.0017552017734818177,0.0001,3.525540953924961e-06,0.004017248623138406,0.00017455672453961602,5941,0.2181261944305751
600,0.20717269510418435,0.21296729683975887,0.0018507909513988214,0.0001,3.6999857801562837e-06,0.003998275199432811,0.00014983350629686556,6082,0.20717269510418435
601,0.2235634458080874,0.21326686155485017,0.0019031049103007693,0.0001,3.976537550021796e-06,0.004178999831799434,0.0001998066264804881,5902,0.2235634458080874
602,0.2247552845859516,0.2135900755874669,0.0019397276597293515,0.0001,3.976296628957399e-06,0.004099850418704869,0.0001854386785808425,5884,0.2247552845859516
603,0.2226784225573819,0.21374870898062298,0.0015239948791214237,0.0001,2.9176020516176875e-06,0.0038288869491473246,0.00016634356884172882,5921,0.2226784225573819
604,0.21705273997528393,0.21399812098177723,0.0016841026085434286,0.0001,3.1335251027101265e-06,0.0037212995061153614,0.0001739023435995465,5932,0.21705273997528393
605,0.2134346337487105,0.2142199013896416,0.001921369624133578,0.0001,4.234384773018842e-06,0.00440767327622169,0.00017579818667927443,5992,0.2134346337487105
606,0.2264237795434821,0.21457829292194297,0.0018262789765704874,0.0001,3.6108877517445163e-06,0.003954366006583825,0.00017991331287108217,5837,0.2264237795434821
607,0.20839619322097214,0.21476655122562724,0.0016521240430777695,0.0001,3.0899291122460897e-06,0.003740553410856256,0.00016706472177463358,6029,0.20839619322097214
608,0.21947031083489982,0.2150397761641057,0.0017795457275730144,0.0001,3.4909067667161135e-06,0.003923368433445195,0.0001867333083098626,5924,0.21947031083489982
609,0.19588613714372424,0.21526095265626477,0.0018992564713712005,0.0001,4.066016595318569e-06,0.004281693027359321,0.0001583817226684444,6143,0.19588613714372424
610,0.2221174025180373,0.21558552902479722,0.0017588726880461518,0.0001,3.30067539722359e-06,0.003753171471313428,0.00018759949403424468,5896,0.2221174025180373
611,0.20026947255789795,0.215758216963585,0.0015226403071360761,0.0001,2.8978693039995755e-06,0.003806374086405421,0.00017028619903070467,6118,0.20026947255789795
612,0.21408632052967397,0.2160870245255461,0.0019145390448350764,0.0001,3.892401147069698e-06,0.004066149664140175,0.000193114897968714,6025,0.21408632052967397
613,0.21181681846868966,0.21638097073847337,0.001719140784852025,0.0001,3.175616400410646e-06,0.0036944227353479806,0.00016894512516727982,5996,0.21181681846868966
614,0.19910716492266065,0.2165010452454196,0.0015126127372547538,0.0001,2.9665476922485314e-06,0.003922415327048654,0.00015994591512782778,6164,0.19910716492266065
615,0.2249844841601242,0.2167226838203377,0.001576300271503043,0.0001,2.944304543902505e-06,0.003735715329281818,0.00017038395164528633,5862,0.2249844841601242
616,0.20702256528040722,0.21685948355974105,0.0016161938778825335,0.0001,3.1195975518704656e-06,0.0038604249088700004,0.00016463200434986837,6046,0.20702256528040722
617,0.22196410477046097,0.21723401417557237,0.0018067013523057206,0.0001,3.370546393981004e-06,0.0037311605370522333,0.00016850895377310083,5870,0.22196410477046097
618,0.21505158701645172,0.217393278061744,0.0014073339392022773,0.0001,2.5120111816075213e-06,0.0035698864521542216,0.00016351927359746106,5991,0.21505158701645172
619,0.21704373572089666,0.21765982421387847,0.0017580085143825348,0.0001,3.3103989552082136e-06,0.0037660784098886174,0.00018209626216685493,5977,0.21704373572089666
620,0.2110160285643164,0.21790705583105957,0.0018797607886976927,0.0001,4.103078279845031e-06,0.004365532364027727,0.00016214655416748946,5994,0.2110160285643164
621,0.22881284036592217,0.21815972158621033,0.0018121478071785402,0.0001,3.5286664405065312e-06,0.003894457644711177,0.00018497295466355867,5838,0.22881284036592217
622,0.22098229775677114,0.2184375065686892,0.001773012268372762,0.0001,3.4628892884445873e-06,0.003906221463005175,0.0001776238333724433,5889,0.22098229775677114
623,0.21996548275628924,0.21868230096255598,0.0016401662959898361,0.0001,3.0282038259849167e-06,0.0036925570698395586,0.00016780711279373934,5940,0.21996548275628924
624,0.2168672247278947,0.21891920081618857,0.0017171063583738832,0.0001,3.2652256928353444e-06,0.0038031723275750323,0.00017021165856371382,5999,0.2168672247278947
625,0.21560871692578729,0.21909484112623892,0.0016590276156465693,0.0001,3.0576582834983403e-06,0.0036860848543581177,0.0001884956854601648,5926,0.21560871692578729
626,0.21481417258559282,0.21938253182766274,0.0016881860838636033,0.0001,3.074623403885249e-06,0.0036425171766001395,0.00017785699646755569,5986,0.21481417258559282
627,0.2271874872360668,0.21969701878159184,0.0019078654481675407,0.0001,3.863327562762483e-06,0.00404989520248728,0.00018155786538566644,5804,0.2271874872360668
628,0.23166197266054087,0.21994697652199655,0.0018357478382110485,0.0001,3.701681207159782e-06,0.004032886358474049,0.00018381376017545788,5846,0.23166197266054087
629,0.21111087354930919,0.21998532831921808,0.0015475442383483052,0.0001,3.2646271635846785e-06,0.004219106740456113,0.00015390525009129354,6012,0.21111087354930919
630,0.2264322806173249,0.22013798566830953,0.0018252156898333472,0.0001,3.748143222142224e-06,0.0041070688171483466,0.00018640010614082828,5932,0.2264322806173249
631,0.21119659207144992,0.22037165090477046,0.0016785111501632444,0.0001,3.1562663282565396e-06,0.003760792804920688,0.0001673954071630055,5994,0.21119659207144992
632,0.22133494429553513,0.22061269526842037,0.001680399472569705,0.0001,3.4448617407500015e-06,0.004100050966431262,0.0001703425353623551,5910,0.22133494429553513
633,0.2159857267259793,0.22095069519115562,0.00180587024799779,0.0001,3.393358845758313e-06,0.003758142479528203,0.00017762854566823224,5988,0.2159857267259793
634,0.21338257509014513,0.22113656254622152,0.001634597666469831,0.0001,3.079324638171355e-06,0.0037676851023795196,0.00016934584823047837,5999,0.21338257509014513
635,0.2213018765534237,0.22134592558284236,0.001635063030532065,0.0001,3.0471108769305602e-06,0.003727209067822911,0.0001863896849259602,5913,0.2213018765534237
636,0.2377278583923595,0.22168972453209454,0.0019600587203490016,0.0001,4.0116680648307075e-06,0.004093416205527152,0.00018355100967438798,5770,0.2377278583923595
637,0.22061288802719412,0.22189892081513696,0.00180913930375659,0.0001,3.661252279567015e-06,0.004047507311310525,0.00015930141202882223,5937,0.22061288802719412
638,0.20728158945962527,0.22215005169021917,0.0018076608801200372,0.0001,3.570458457272302e-06,0.003950363142267267,0.00016778975967188814,6060,0.20728158945962527
639,0.2263947527793228,0.22240970187248624,0.0017070661024087747,0.0001,3.229778989809212e-06,0.003784011627026975,0.00017383747380487344,5872,0.2263947527793228
640,0.20799285541317641,0.2225977392318941,0.0016239550957940483,0.0001,3.0457806129694556e-06,0.0037510650643701356,0.00016909806663086666,6013,0.20799285541317641
641,0.21321227506322143,0.2227682637238942,0.0016699861667062808,0.0001,3.2208854252308473e-06,0.0038573797669035903,0.00016411993292999701,5937,0.21321227506322143
642,0.21718349741645893,0.2229448665336021,0.001622195091580959,0.0001,3.0616536638329455e-06,0.003774704632904688,0.0001715441025950037,5951,0.21718349741645893
643,0.22199264187375672,0.22323505086948442,0.0019427901538249127,0.0001,3.9538714857248274e-06,0.004070302166130039,0.00018391599166229757,5842,0.22199264187375672
644,0.20662238726716867,0.2233721855482242,0.0015750996004447438,0.0001,3.196112247411259e-06,0.0040582985945889485,0.0001563258682345331,6048,0.20662238726716867
645,0.2294052280638385,0.22352143712592168,0.0015345864649435738,0.0001,2.9208139786925114e-06,0.0038066463446879274,0.00018504999229548654,5874,0.2294052280638385
646,0.2345049937879601,0.22380649374577258,0.0017497389349659831,0.0001,3.327618069383747e-06,0.003803559494375016,0.00020014240760966206,5793,0.2345049937879601
647,0.24458961705433618,0.2240137361612278,0.0016855028298846503,0.0001,3.191484994667131e-06,0.0037869826595135943,0.0001730230491717338,5659,0.24458961705433618
648,0.22185976392357748,0.22429703465615686,0.0016950537729066278,0.0001,3.022200699722389e-06,0.0035659053984346575,0.00017948591450070054,5877,0.22185976392357748
649,0.20085968840001897,0.224490718369732,0.0016565788975580363,0.0001,3.0822473360335773e-06,0.003721220088674459,0.00015171644552476496,6132,0.20085968840001897
650,0.2367981716874909,0.22472352012034433,0.001762559998780763,0.0001,3.3885466986068957e-06,0.003845028482378921,0.00019600989053232616,5773,0.2367981716874909
651,0.2186995099832552,0.22505208615996125,0.001804375891999052,0.0001,3.3760785318515564e-06,0.003742101129616877,0.00017090771658996462,5930,0.2186995099832552
652,0.23314567040602596,0.22537368229111307,0.0017907388960362134,0.0001,3.3185661915173086e-06,0.003706365231539817,0.00017816453909308408,5826,0.23314567040602596
653,0.2166813375991359,0.2255926253469694,0.0015181609299898767,0.0001,2.775651483460796e-06,0.0036565971744237993,0.00018005145098217267,5948,0.2166813375991359
654,0.2203577699835475,0.2258307143458834,0.001623125683600199,0.0001,2.8294886953907926e-06,0.003486469007273425,0.0001871183841194553,5954,0.2203577699835475
655,0.22353399813764574,0.22605201539455574,0.001663649054799855,0.0001,3.0441102753855037e-06,0.003659558206224839,0.00018433420101970295,5847,0.22353399813764574
656,0.23014925357787308,0.22634974358782692,0.001755494637161449,0.0001,3.311575507333874e-06,0.0037728118756187538,0.00018686815281428843,5839,0.23014925357787308
657,0.23325055226008232,0.22659181659627953,0.0017686028370811487,0.0001,3.3956106791981795e-06,0.0038398792628900193,0.00018135173367375587,5840,0.23325055226008232
658,0.22130930637418725,0.22667836859558482,0.0014541737949736004,0.0001,2.7829065369600353e-06,0.00382747446911675,0.00016841413890411914,5889,0.22130930637418725
659,0.21847473621663477,0.22693645871894458,0.0018874134994028662,0.0001,3.855749939953039e-06,0.004085750092571562,0.00017918424158841682,5911,0.21847473621663477
660,0.22993898033197058,0.22708839183545998,0.001720307289822568,0.0001,3.324841875323564e-06,0.003865404622759561,0.00018658271647709626,5787,0.22993898033197058
661,0.22633935913791264,0.22723259575172425,0.0015899802200244866,0.0001,3.1518662506710585e-06,0.003964660957382876,0.00018108580558489243,5866,0.22633935913791264
662,0.21691427107428482,0.22727686086966317,0.0014246488766711599,0.0001,2.76844301707597e-06,0.0038864916996877497,0.00018246491828037347,5944,0.21691427107428482
663,0.22637953621349838,0.2275964600688898,0.0019707072613217003,0.0001,4.071330624206044e-06,0.0041318471841175555,0.00018384800139610157,5805,0.22637953621349838
664,0.21820455845700654,0.22779826772011144,0.0015783231526886495,0.0001,2.7298486745005184e-06,0.00345917585996285,0.00017990036899270595,5961,0.21820455845700654
665,0.21848776858232344,0.2280537900985655,0.001819755431738353,0.0001,3.713743065613575e-06,0.0040815848117194044,0.00017854037600914893,5937,0.21848776858232344
666,0.21204058350629162,0.22814506374287372,0.0016318323272922174,0.0001,3.0696446856143454e-06,0.0037622059990783034,0.00016143893403193637,6022,0.21204058350629162
667,0.23671705666378193,0.22840900133899558,0.0017075710911925413,0.0001,3.0690633747696636e-06,0.0035946537050194215,0.0001851930466292966,5726,0.23671705666378193
668,0.22179335330247815,0.2286787083454229,0.0017427843718106416,0.0001,3.2302436808836803e-06,0.003706991792137387,0.000161716360200327,5921,0.22179335330247815
669,0.23702895790946793,0.22892000616885413,0.0018661361939634772,0.0001,3.824232400930116e-06,0.004098556593351149,0.0001895967951972809,5766,0.23702895790946793
670,0.2180246579146961,0.22920910301993594,0.0017480075165150553,0.0001,3.259582090514014e-06,0.00372948292237614,0.00019075111566413486,5940,0.2180246579146961
671,0.22170202809856865,0.2292733252160589,0.0017290009247938175,0.0001,3.5847506700839634e-06,0.004146615098556343,0.00018709973169746833,5916,0.22170202809856865
672,0.2421685098499673,0.22960891182789342,0.0018822019160278293,0.0001,3.720722009375293e-06,0.003953584339375712,0.0001978281353297394,5724,0.2421685098499673
673,0.23772112204385795,0.22987641898631866,0.0017718215799983747,0.0001,3.3123014222871915e-06,0.0037388656506714747,0.00017289077318555462,5748,0.23772112204385795
674,0.21094112613394314,0.2301470352207628,0.0018511891713391254,0.0001,3.5841946038598515e-06,0.003872315870632598,0.00019013092131751376,5991,0.21094112613394314
675,0.22403015721357347,0.23031330500016287,0.0015336489202367038,0.0001,2.678538668323495e-06,0.0034930271628399647,0.00018862000478414798,5848,0.22403015721357347
676,0.2328708808540479,0.23039961239895215,0.0014608011857550616,0.0001,2.6226564111767257e-06,0.003590709586973839,0.0001932415754705681,5805,0.2328708808540479
677,0.2224343667344935,0.2305908374640129,0.0016682492311406423,0.0001,2.994330304727397e-06,0.003589787723360813,0.00017853340861823382,5902,0.2224343667344935
678,0.2420443430100109,0.23078889259102234,0.0017170324515713585,0.0001,3.2841166627791984e-06,0.003825340237190867,0.00018553226274984627,5712,0.2420443430100109
679,0.22593165054264225,0.23098611974021735,0.0018847566270020879,0.0001,3.840418813127082e-06,0.004075241076865918,0.00017312423605620096,5819,0.22593165054264225
680,0.23750774499214827,0.2312664090259484,0.0019128061847501093,0.0001,3.7918787362816825e-06,0.003964728644765499,0.00019009964840473002,5753,0.23750774499214827
681,0.2288425887425723,0.23154526358302743,0.001901197125272029,0.0001,3.900200518530368e-06,0.004102889139359829,0.00018916391654555322,5823,0.2288425887425723
682,0.22980282188120116,0.2317662963726178,0.0016586958165647572,0.0001,3.066735640971753e-06,0.003697767378859274,0.00018726136951829488,5808,0.22980282188120116
683,0.21631382167200408,0.23199043776578795,0.0018122937258880395,0.0001,3.5897369616795024e-06,0.003961539909785319,0.00018189383478629538,5956,0.21631382167200408
684,0.21577523070608298,0.23218500352236762,0.0017049287064526148,0.0001,3.2480779761654594e-06,0.003810221464243653,0.00016813478851550944,6055,0.21577523070608298
685,0.2320610719763745,0.23245473757765234,0.0017796470110903711,0.0001,3.3540911252901733e-06,0.003769389215263713,0.00017280629351069476,5757,0.2320610719763745
686,0.24068651385021989,0.23279931915252944,0.0020265229351041766,0.0001,4.131057888670484e-06,0.004076991004750825,0.00017544447964188285,5743,0.24068651385021989
687,0.2258162118084007,0.2330059944958193,0.0017208012718780623,0.0001,3.2194300702868495e-06,0.0037417802077438045,0.00019087586739061798,5875,0.2258162118084007
688,0.21936048006723347,0.2331009172599691,0.0015697497360020757,0.0001,3.1524533867090606e-06,0.004016504433041537,0.00017902208867427713,5936,0.21936048006723347
689,0.23377603749510462,0.23331785507072522,0.0016158331395283443,0.0001,2.8694226568534226e-06,0.0035516323890856663,0.00017675457034564465,5772,0.23377603749510462
690,0.22022187257671022,0.23345753316388654,0.0016942629585289793,0.0001,3.1529374253110094e-06,0.003721898551153481,0.00017164059416140408,5927,0.22022187257671022
691,0.23509147376356043,0.23366322853236418,0.0016786488670840745,0.0001,2.9983492120916955e-06,0.0035723363842016936,0.00018081883867314874,5767,0.23509147376356043
692,0.2340855602194764,0.23396406612385237,0.00183980300233796,0.0001,3.5248541439502686e-06,0.003831773444734031,0.00021000655121386846,5797,0.2340855602194764
693,0.2328099613150728,0.2342361992033199,0.001764329907128872,0.0001,3.199960228964665e-06,0.003627394418736598,0.00018532799667334243,5792,0.2328099613150728
694,0.22446811230210467,0.2345298169651566,0.0018802986058229732,0.0001,3.6893429777244486e-06,0.003924209661485855,0.0002069853613787444,5890,0.22446811230210467
695,0.23802763934441076,0.234859363620503,0.0017352256263504992,0.0001,3.11448944390069e-06,0.0035897227387668754,0.000189686072219461,5698,0.23802763934441076
696,0.2286379593885278,0.23512282797362852,0.0017532417571587897,0.0001,3.2474125649101973e-06,0.0037044663711099154,0.00018484158107710027,5864,0.2286379593885278
697,0.22554310565573482,0.23537308705888352,0.001715417537340173,0.0001,3.0718408718360483e-06,0.0035814497694818567,0.0001895816202883617,5820,0.22554310565573482
698,0.23241899330842306,0.23571409091619597,0.0018024847561939178,0.0001,3.292603529217283e-06,0.003653405131891227,0.00018295964486291595,5820,0.23241899330842306
699,0.24350255471795035,0.23590908474139974,0.001848293604487879,0.0001,3.7342410265565563e-06,0.004040744411482429,0.00018936515967253874,5685,0.24350255471795035
700,0.23348084281775322,0.235986814232563,0.0014566085881557477,0.0001,2.8409843951087356e-06,0.0039008206023359833,0.0001811803988761555,5801,0.23348084281775322
701,0.22640720513130957,0.23627611402005952,0.0016726131690117322,0.0001,2.956575492954215e-06,0.0035352770715073537,0.00019169507537261435,5890,0.22640720513130957
702,0.22807927157176158,0.23647684196839044,0.0018009235661945004,0.0001,3.546273929700899e-06,0.003938283663192289,0.00018610847165122878,5811,0.22807927157176158
703,0.2242399030890373,0.23679706356297522,0.0018586080137843344,0.0001,3.4513957299399357e-06,0.003713957654699343,0.00019489033540101653,5887,0.2242399030890373
704,0.24951732275707736,0.23708353568100918,0.0019542962149396944,0.0001,3.933253580075647e-06,0.004025237883599973,0.00019296793074579277,5641,0.24951732275707736
705,0.2368386697306498,0.23738492290678734,0.0017289175554427159,0.0001,3.0113811769575796e-06,0.0034835451435814343,0.00018829543105059414,5776,0.2368386697306498
706,0.23140222434758737,0.23755421536928673,0.0017105339561365926,0.0001,3.2196125930393763e-06,0.0037644532942347248,0.0001869322265114049,5769,0.23140222434758737
707,0.2466037326811262,0.23770437416308995,0.0016700512627989689,0.0001,3.1467632981541945e-06,0.003768463122359836,0.00019946668536486594,5652,0.2466037326811262
708,0.23577788015236767,0.2379012130501725,0.0016814613379876806,0.0001,3.0375942318215325e-06,0.0036130408272804287,0.0001975101481142892,5725,0.23577788015236767
709,0.2355919722921061,0.23823159609622757,0.001723239796583213,0.0001,2.9958932181041623e-06,0.003477047389509373,0.00018254558944505464,5772,0.2355919722921061
710,0.2350192532110118,0.23837119804641113,0.0017496315866942886,0.0001,3.380280121659113e-06,0.0038639907365249754,0.0001956007307735082,5761,0.2350192532110118
711,0.24786622143938786,0.23860489832994333,0.001954727495559806,0.0001,3.967396670114735e-06,0.004059283638386156,0.00020640312986288517,5649,0.24786622143938786
712,0.23821174545531715,0.23885534411151813,0.0018977088766586729,0.0001,3.7129922585887217e-06,0.003913131570661405,0.0001918361555299149,5736,0.23821174545531715
713,0.24659188493403378,0.23920351221027183,0.0020170116149368904,0.0001,4.087887916328631e-06,0.004053410387977895,0.00018936761927277796,5674,0.24659188493403378
714,0.257316679783652,0.23931847974252343,0.0016180254778099634,0.0001,2.9436284962757733e-06,0.003638544060826589,0.0001821258015598056,5451,0.257316679783652
715,0.24433801073388478,0.23960820788165094,0.0018689851122297822,0.0001,3.551655685305107e-06,0.0038006249082078816,0.00018382349077869728,5685,0.24433801073388478
716,0.2409406811832474,0.23973714039919636,0.00172066100788147,0.0001,3.306779064603124e-06,0.0038436148078633222,0.00018682764613008263,5713,0.2409406811832474
717,0.23308009866509655,0.2399831842901491,0.0017408300210789,0.0001,3.149058012479656e-06,0.0036178810962002937,0.000177938019531187,5763,0.23308009866509655
718,0.24992416295124242,0.24006295340080877,0.0017282956155764584,0.0001,3.38766893535812e-06,0.003920242468737839,0.00019913473016651217,5634,0.24992416295124242
719,0.23449714625476992,0.24008679357123555,0.0015261295969175317,0.0001,3.0573378304419104e-06,0.00400665557711102,0.00017658208872171907,5749,0.23449714625476992
720,0.25150572125099885,0.24036751726721478,0.0018629110563776763,0.0001,3.4899303667561955e-06,0.0037467493198973917,0.0002068167259407449,5572,0.25150572125099885
721,0.2442770172704936,0.24052681844100587,0.0017777686718496066,0.0001,3.44707946160935e-06,0.003877984257673949,0.0001741173573842661,5676,0.2442770172704936
722,0.23039873633854135,0.24072669850462294,0.001861821262374729,0.0001,3.7669412594124374e-06,0.004046512235667298,0.0001685354534546885,5801,0.23039873633854135
723,0.2288019526173909,0.24095138075887296,0.0015964572455844268,0.0001,2.7209417537499878e-06,0.003408724864102342,0.0001798698830059907,5855,0.2288019526173909
724,0.24370023354836734,0.24116108068601783,0.001834050436809535,0.0001,3.617700269498778e-06,0.003945039020619337,0.0001875763569037601,5702,0.24370023354836734
725,0.2379641683097956,0.24148801947284645,0.001858346787882756,0.0001,3.4508598449678684e-06,0.003713902988902828,0.00018584694446386298,5768,0.2379641683097956
726,0.25236144793207227,0.2416981802041304,0.0017360310655463438,0.0001,3.2319139037704663e-06,0.0037233364862089666,0.00018484230346931384,5592,0.25236144793207227
727,0.22818347007553247,0.24188266116288917,0.0017036919649810012,0.0001,3.114004658736389e-06,0.0036555958738364006,0.00017570495929840563,5823,0.22818347007553247
728,0.21790207032517578,0.24207788203195474,0.001739386345997949,0.0001,3.2039490105183283e-06,0.003683999265476706,0.00018395669438139468,5943,0.21790207032517578
729,0.23260542280419852,0.24224135617272455,0.0015483039247566885,0.0001,2.933379738352589e-06,0.0037891523640147854,0.0001957659782648226,5747,0.23260542280419852
730,0.26461465683392077,0.24250335130751943,0.0018044570966929293,0.0001,3.4541468248370855e-06,0.0038284610159671642,0.00021568452999134208,5448,0.26461465683392077
731,0.2427258722884667,0.24280513822654964,0.0017744394704200881,0.0001,3.223883007858293e-06,0.0036336917224852505,0.0002061896922115803,5664,0.2427258722884667
732,0.25965758415892704,0.24298318375180508,0.0016690608341535758,0.0001,3.0175165594687264e-06,0.0036158257359133203,0.0001940881158828223,5501,0.25965758415892704
733,0.24621289583308759,0.2432563952476548,0.0018123670599117492,0.0001,3.3688291730724506e-06,0.0037176014148441777,0.00018807303201844942,5658,0.24621289583308759
734,0.23187781413797637,0.2435756864295099,0.0018558210083243363,0.0001,3.5013763842714355e-06,0.0037733988014640577,0.00019486233430395867,5830,0.23187781413797637
735,0.2406220316623558,0.24385917504366317,0.001876023913102648,0.0001,3.4810787584265237e-06,0.003711124079084224,0.0001968711061347348,5693,0.2406220316623558
736,0.24813997885667177,0.24417241526432262,0.0018064302659854571,0.0001,3.317638260439792e-06,0.0036731429083202718,0.0001865628353564792,5651,0.24813997885667177
737,0.26077735819022285,0.24443210462304804,0.001938918490536777,0.0001,3.8836101847304135e-06,0.004005955076177814,0.00020382378289537142,5499,0.26077735819022285
738,0.24283137715548353,0.2446748505627251,0.0018956431056341456,0.0001,3.6542955463915046e-06,0.003855467873177573,0.00020091883241131177,5685,0.24283137715548353
739,0.2403375887465066,0.2449108967002631,0.0017691043413955766,0.0001,3.3278770460374735e-06,0.0037622168101314386,0.00019665796653649611,5701,0.2403375887465066
740,0.2484439896293562,0.2451519933529178,0.0018570747596895034,0.0001,3.5975517407237506e-06,0.003874428557012158,0.00019059840496924642,5693,0.2484439896293562
741,0.2475552354835039,0.24522248621425155,0.001436470813555652,0.0001,2.7055598706625944e-06,0.0037669541840054583,0.0001995322307954656,5606,0.2475552354835039
742,0.24862410562865697,0.24551930369563651,0.0018388216574127256,0.0001,3.315262457946898e-06,0.003605855352619206,0.00019480351485289378,5636,0.24862410562865697
743,0.23990084204285395,0.2457172954683749,0.0018047615048227073,0.0001,3.4966839318175682e-06,0.0038749540285225315,0.00020235876681986035,5736,0.23990084204285395
744,0.242919520661395,0.24589962394977058,0.0017433832754707042,0.0001,3.1427255623779293e-06,0.003605318011932184,0.00018718134231319764,5653,0.242919520661395
745,0.2304716087589443,0.24606094737311204,0.001687424095784283,0.0001,3.0145121417020446e-06,0.003572915841646739,0.00017887828709876015,5814,0.2304716087589443
746,0.2584021800352377,0.24630755988847988,0.001798870125430216,0.0001,3.321614574445479e-06,0.003693000987106932,0.00018542043906307864,5551,0.2584021800352377
747,0.24164589722903915,0.24640565506245776,0.0017875478296037767,0.0001,3.4834578384515807e-06,0.003897470916035533,0.00018837817000639677,5643,0.24164589722903915
748,0.24704464763714848,0.2466017225745961,0.0016504004127014295,0.0001,2.934313101166061e-06,0.0035558802319530214,0.00019945502442688857,5666,0.24704464763714848
749,0.2385418474215577,0.2467368477206039,0.0015659390863473727,0.0001,2.885430786529783e-06,0.0036852401369713394,0.00018550933253635855,5754,0.2385418474215577
750,0.2415667160114629,0.24691217929154338,0.0016921555433705444,0.0001,3.0313545316840573e-06,0.0035828320198579497,0.00018753431382882843,5676,0.2415667160114629
751,0.2512521659567749,0.24718774126630916,0.001786735771356052,0.0001,3.2804154498829366e-06,0.0036719648226365884,0.00018855475276653334,5634,0.2512521659567749
752,0.23909788943755814,0.24745660599393882,0.0017575512498513588,0.0001,3.087300663678055e-06,0.0035131842259952953,0.00019281639810908482,5680,0.23909788943755814
753,0.2524314703901029,0.24765212900118075,0.0016650197551268094,0.0001,2.913836986737686e-06,0.0035000629605331807,0.00021640473891894714,5629,0.2524314703901029
754,0.2624953580898367,0.24770699267643187,0.0013408605161630731,0.0001,2.286926103317156e-06,0.003411131994342392,0.0001695494829281475,5480,0.2624953580898367
755,0.27017177020955435,0.24789813591718984,0.0017061151071828084,0.0001,3.04278308246107e-06,0.003566914177889686,0.000188555836535279,5338,0.27017177020955435
756,0.24125630499042872,0.2480314041047228,0.0015622257098400038,0.0001,2.8013065894758943e-06,0.0035863019944317666,0.0001840280086223769,5652,0.24125630499042872
757,0.2583121252128304,0.24821012375642318,0.001676515480970309,0.0001,2.9928533391072238e-06,0.0035703259207306146,0.00019354452252531024,5522,0.2583121252128304
758,0.2679442179070768,0.24832389040412545,0.001726634836427917,0.0001,3.1504449545879804e-06,0.003649231311822318,0.00019792613420199957,5430,0.2679442179070768
759,0.25831928498483736,0.24847565672647312,0.0017193824152552527,0.0001,3.2426285413248792e-06,0.0037718526286585185,0.00020154799058521073,5472,0.25831928498483736
760,0.2584467323653644,0.24867635443228794,0.0018833980999508812,0.0001,3.735139416686126e-06,0.00396638333317161,0.00020906908438121495,5530,0.2584467323653644
761,0.2440230859150776,0.24891268815991632,0.0016287383377294586,0.0001,2.790970550589439e-06,0.0034271564510235442,0.00020627158716571048,5654,0.2440230859150776
762,0.25523212003503815,0.2491012851724897,0.0017873951716870556,0.0001,3.2938600343150065e-06,0.0036856539465820026,0.00019342261894614497,5552,0.25523212003503815
763,0.26175073644970825,0.24929208702579814,0.0017734811065725485,0.0001,3.2472210669373635e-06,0.0036619742436534695,0.00021756189396277784,5528,0.26175073644970825
764,0.2607929232080528,0.24935630601938813,0.0014849979904213426,0.0001,2.799299298308717e-06,0.0037701051669631743,0.00018878980377661715,5438,0.2607929232080528
765,0.2629085575787544,0.2494027795448008,0.0014072294248825149,0.0001,2.5482647990563693e-06,0.0036216764004478024,0.0001958917850892173,5514,0.2629085575787544
766,0.2409061755232062,0.2495781859244088,0.0018023865259826355,0.0001,3.585377921216015e-06,0.003978478389102822,0.00019232518010232753,5689,0.2409061755232062
767,0.2361385653339903,0.24963378799014366,0.0016415039740521483,0.0001,3.019387867112942e-06,0.00367880664907488,0.00021252972859540432,5767,0.2361385653339903
768,0.25375418698221164,0.24977067579117704,0.0014733820831278107,0.0001,2.687281331209659e-06,0.0036477725119405382,0.00019604263591001416,5538,0.25375418698221164
769,0.23880865377848828,0.24980338351350437,0.001471197183743589,0.0001,2.736822721000131e-06,0.00372053828166806,0.00022276724809089363,5684,0.23880865377848828
770,0.24841868224596236,0.2500563585479313,0.0018470744842869055,0.0001,3.3824016618237997e-06,0.003662442084060983,0.00019368212236865924,5646,0.24841868224596236
771,0.227216738562908,0.25032432818605244,0.0019373496703373417,0.0001,3.7284504520486042e-06,0.003849021690957199,0.0001927001066102466,5883,0.227216738562908
772,0.2472936559631509,0.25057737901232635,0.0017073610445972713,0.0001,2.937586707435675e-06,0.003441084376068316,0.00019644260764096574,5655,0.2472936559631509
773,0.25888356006149915,0.2507872073069453,0.0018056741097648712,0.0001,3.355423424971262e-06,0.0037165326864083957,0.00020003023252195844,5545,0.25888356006149915
774,0.24655594541702247,0.25082166914373943,0.001666533956252865,0.0001,3.2700491992147316e-06,0.003924371522038838,0.0002035965068027945,5627,0.24655594541702247
775,0.258414565880587,0.25096099542286077,0.0016212012190985556,0.0001,2.915346980247175e-06,0.0035965270022042155,0.00018691582385839078,5511,0.258414565880587
776,0.2532020750979207,0.25091807013473905,0.0014969848196299397,0.0001,2.9415772664395303e-06,0.0039300028001175045,0.00018836219646959528,5595,0.2532020750979207
777,0.22865952502425055,0.2511498826290833,0.0017914579523510836,0.0001,3.3139786220047808e-06,0.003699755964303335,0.0001845959197639239,5793,0.22865952502425055
778,0.2308341265464811,0.2511293673796986,0.0013236884294715895,0.0001,2.330594035972333e-06,0.0035213634630057093,0.00017544781262320355,5745,0.2308341265464811
779,0.24423316370769368,0.25130751096844967,0.0018328277184791607,0.0001,3.5307289250938383e-06,0.0038527668361798438,0.0001904518446266458,5704,0.24423316370769368
780,0.24467193571934667,0.251433424171585,0.0017454254118253526,0.0001,3.3135615228779555e-06,0.0037968526187694925,0.0001953826751102409,5674,0.24467193571934667
781,0.2379639358773702,0.2515821912958762,0.001767434670474094,0.0001,3.435730069733383e-06,0.003887815631467485,0.00016778965379186356,5781,0.2379639358773702
782,0.2524919199530369,0.25175426654842414,0.001730960173817751,0.0001,3.1652549848821134e-06,0.003657224507830157,0.00019294637353227078,5555,0.2524919199530369
783,0.2527068124515553,0.2520434088507163,0.0019139977364517147,0.0001,3.542852114338329e-06,0.0037020442050326383,0.00020409203503938224,5585,0.2527068124515553
784,0.2412247040935183,0.25214756246884473,0.0017468496808159494,0.0001,3.4654839605454917e-06,0.003967695673650375,0.00020740074222085007,5652,0.2412247040935183
785,0.23976609625038506,0.25229611489105347,0.0016379372222754447,0.0001,2.8812530183486797e-06,0.0035181482894026967,0.00018883274178639102,5729,0.23976609625038506
786,0.24933442796942884,0.25244080650418677,0.001472911768918488,0.0001,2.627870149535678e-06,0.0035682655336038748,0.00018233127039452812,5630,0.24933442796942884
787,0.24979066880517295,0.25262007925163066,0.0017963416235347483,0.0001,3.4019950661468347e-06,0.0037876927434911454,0.0001936220477596846,5597,0.24979066880517295
788,0.25294383697782286,0.2527184763597124,0.0016219857827675364,0.0001,2.9212637533883998e-06,0.0036020830569845706,0.00017433364682232035,5623,0.25294383697782286
789,0.25770349029188777,0.2529393229081641,0.0019001867741039644,0.0001,3.7243301453795254e-06,0.003919962180702724,0.00019632534181007413,5558,0.25770349029188777
790,0.2573846669123442,0.25310213335818943,0.0016810234993307237,0.0001,3.047136094274616e-06,0.003625334322200483,0.00019546234169453823,5532,0.2573846669123442
791,0.2637514089178541,0.2532670343157107,0.0017072377965480386,0.0001,3.047657208455466e-06,0.0035702785102552175,0.00019614905847433004,5412,0.2637514089178541
792,0.2702675769749738,0.2534978461826471,0.0017635115878051057,0.0001,3.1520490905171336e-06,0.003574741569393625,0.0002072141964943274,5408,0.2702675769749738
793,0.2423965645474241,0.25369383719927535,0.0018129445589176426,0.0001,3.4723671679276747e-06,0.0038306380091410346,0.00020842697480362145,5699,0.2423965645474241
794,0.2546789867500278,0.25384148117589356,0.0016991479872296412,0.0001,3.1152555087619053e-06,0.0036668442444982587,0.00019025740420128753,5557,0.2546789867500278
795,0.24825469703325787,0.2539420979672496,0.0014316677546835626,0.0001,2.522046123660218e-06,0.003523228228629986,0.0002041146540099467,5644,0.24825469703325787
796,0.24232191891964483,0.25402310512455606,0.0017128031036238197,0.0001,3.1930246653719277e-06,0.0037284199901510755,0.00018339981310254886,5701,0.24232191891964483
797,0.2600618373731523,0.2541737640555427,0.0015390648267798218,0.0001,2.45864517723739e-06,0.0031949858569396347,0.0001956732368788208,5509,0.2600618373731523
798,0.25149689812081266,0.25437452630774504,0.0017016120578358886,0.0001,3.046109967393712e-06,0.0035802637309326033,0.00021101300200636008,5603,0.25149689812081266
799,0.2520566557045733,0.254443384305362,0.0015633499344568013,0.0001,2.7880799417379703e-06,0.003566802134682292,0.00019687250872093317,5567,0.2520566557045733
800,0.2579338273959981,0.254550002875131,0.001693755972822625,0.0001,3.2229510920268763e-06,0.0038056852861228473,0.00021338689197953966,5514,0.2579338273959981
801,0.2572730041720195,0.2546096227144845,0.0014103619568050692,0.0001,2.4827530564042475e-06,0.003520731744677082,0.00020100125373322697,5511,0.2572730041720195
802,0.2502589285779455,0.2547838885411657,0.001723501481928608,0.0001,3.1282553634446336e-06,0.003630116244453818,0.00019615313343436562,5574,0.2502589285779455
803,0.24902045635843725,0.25498619666315797,0.0017453788580511216,0.0001,3.187050705094597e-06,0.003651987292493318,0.00018400244529805226,5549,0.24902045635843725
804,0.2605202766635264,0.2552437680438516,0.0018527803933449493,0.0001,3.407861705514057e-06,0.0036786461231507472,0.0001957855514571404,5501,0.2605202766635264
805,0.25058724540702043,0.25534661717377705,0.001652696082158578,0.0001,2.947243597252394e-06,0.0035665887141246378,0.00018740547529365922,5597,0.25058724540702043
806,0.24602799710029394,0.25552471925319764,0.0017423289858919638,0.0001,3.2285241157758182e-06,0.0037059868049236578,0.00019408360518993067,5680,0.24602799710029394
807,0.26482164506674893,0.2557363120442418,0.0019397159509155137,0.0001,3.7888289686970748e-06,0.003906581236194723,0.00021776492817446625,5447,0.26482164506674893
808,0.25932096561049345,0.25599033596687387,0.0018538392229632762,0.0001,3.3734520501698224e-06,0.0036394224573342614,0.00019670808864306704,5590,0.25932096561049345
809,0.27264203089404576,0.25615801477597816,0.0017747435917061887,0.0001,3.2862089778581628e-06,0.0037033056416886606,0.00020312882208625956,5405,0.27264203089404576
810,0.25974147950132587,0.2564039039446938,0.001862374566169877,0.0001,3.422811889873132e-06,0.0036757502513712044,0.00020002160460402086,5526,0.25974147950132587
811,0.255929205949288,0.25655061107234345,0.0017059826623051595,0.0001,3.153840456902738e-06,0.0036973886389222764,0.00020168450764724845,5548,0.255929205949288
812,0.2527695047716434,0.256623665665881,0.0015653960397484835,0.0001,3.095566575836346e-06,0.003954994770951023,0.00019914850361369443,5568,0.2527695047716434
813,0.25854760802385973,0.2567649909832391,0.0017683520196946198,0.0001,3.2477746004269802e-06,0.003673221806807272,0.00022024955353748703,5540,0.25854760802385973
814,0.2541926669006216,0.2569597288881764,0.001678278984830131,0.0001,2.885160549246323e-06,0.0034382371171004654,0.0002041546149740908,5551,0.2541926669006216
815,0.25173045269607164,0.25718412851552763,0.0017588977137457152,0.0001,3.17481926291666e-06,0.003610010108155323,0.00020537993138644982,5554,0.25173045269607164
816,0.25609484807420035,0.25747190065783204,0.0018418227897656397,0.0001,3.3148121990094676e-06,0.0035994909145751824,0.00021915834798966207,5520,0.25609484807420035
817,0.25566482550327874,0.25763825754246145,0.0017857214673098374,0.0001,3.196332115474693e-06,0.0035798775721612606,0.00020124937604999697,5555,0.25566482550327874
818,0.2700205871309972,0.25770975801611234,0.0018860537039392068,0.0001,3.987069709027263e-06,0.004227949289778842,0.00021340252903056376,5402,0.2700205871309972
819,0.24694536440280823,0.25790025071425005,0.0016384023611114914,0.0001,3.1692977123480853e-06,0.0038687660462086186,0.00018121411350282237,5671,0.24694536440280823
820,0.2525024660534058,0.25800618406324505,0.0014196549433050602,0.0001,2.5028653514176114e-06,0.0035260192812638803,0.00019075717058859287,5556,0.2525024660534058
821,0.25764655531899977,0.258162839492175,0.001666288187285468,0.0001,2.9451627631678183e-06,0.003534998070130654,0.00019636239469782518,5517,0.25764655531899977
822,0.24071819237286568,0.25838297905836727,0.0016832449512030716,0.0001,2.841752411498877e-06,0.0033765167802437567,0.00019550521924911607,5693,0.24071819237286568
823,0.23991857381635748,0.25863421090773786,0.001938475798255576,0.0001,3.784282511657961e-06,0.0039043897427694647,0.00019149467298047525,5769,0.23991857381635748
824,0.25770524581538734,0.2586597135010634,0.0012712016336317341,0.0001,2.07539557059928e-06,0.0032652500054928643,0.00017868836769352012,5549,0.25770524581538734
825,0.2568973094849152,0.25878308216342305,0.001698966328625678,0.0001,3.086870555238481e-06,0.003633821934229269,0.00020618466965645574,5517,0.2568973094849152
826,0.2624149091053911,0.2588776898586631,0.0014092114252359433,0.0001,2.443177264174691e-06,0.003467438910049472,0.00020444336202740012,5450,0.2624149091053911
827,0.24068958097696616,0.2588266879480558,0.001411441079708876,0.0001,2.7782719198869816e-06,0.003936787670173279,0.00018527543630120072,5664,0.24068958097696616
828,0.2607178944874988,0.2589694965038365,0.001590294999170363,0.0001,2.7860230696415896e-06,0.0035037814633071514,0.00019412768737150414,5474,0.2607178944874988
829,0.25904813520340164,0.25906784179419334,0.001631266218584968,0.0001,2.8094136988367026e-06,0.0034444576450234,0.00019778035007422842,5567,0.25904813520340164
830,0.2576606003518672,0.25918197736097665,0.0016124884168312176,0.0001,2.8124892988106945e-06,0.003488383878549229,0.00019446115557324642,5545,0.2576606003518672
831,0.26184673870573216,0.2592761182572589,0.001464516187804804,0.0001,2.5892993626495323e-06,0.0035360474458540347,0.00021732083268108097,5500,0.26184673870573216
832,0.24224015930950904,0.2594981652248326,0.0017027587203940976,0.0001,2.935479687868981e-06,0.0034479103265899866,0.00019542827758183343,5643,0.24224015930950904
833,0.2729302159107523,0.259663324444833,0.0016587147826022297,0.0001,2.8021300492185187e-06,0.0033786761637494703,0.00022399000383917635,5428,0.2729302159107523
834,0.2584544120078731,0.25972062613969055,0.001724257817861423,0.0001,3.326538945105283e-06,0.0038585168768219946,0.00019492275271059602,5475,0.2584544120078731
835,0.26376479548069476,0.25983192168004476,0.0015497591427968307,0.0001,2.719468178136429e-06,0.0035095365506005523,0.00021594322090150576,5395,0.26376479548069476
836,0.26220206952302005,0.2600169671088764,0.001676582696053162,0.0001,2.855829795351666e-06,0.003406727031210051,0.0001923974877679711,5489,0.26220206952302005
837,0.24171781489069893,0.2602297295585705,0.0016727505711121365,0.0001,2.8401610467948827e-06,0.003395797431898752,0.00019359364257839784,5748,0.24171781489069893
838,0.24247943752849957,0.2603638332875924,0.0017610886501432748,0.0001,3.297235066602429e-06,0.003744541839315335,0.0001956546555067495,5718,0.24247943752849957
839,0.2668521560690028,0.260323977292767,0.001473753677846573,0.0001,2.6851546225250173e-06,0.0036439666450210667,0.0002079270314492694,5435,0.2668521560690028
840,0.26419957042901177,0.2603115012705051,0.0012766924499720118,0.0001,2.1069076525424597e-06,0.003300571962477961,0.000194580302975267,5454,0.26419957042901177
841,0.25531516052531683,0.2603661887405444,0.0015448303340562543,0.0001,2.959341012223688e-06,0.0038312828884623975,0.00018760105391105397,5549,0.25531516052531683
842,0.26393047672814673,0.2606637096197821,0.001965089655841973,0.0001,3.720535020850194e-06,0.0037866313221786036,0.0002333428935897178,5485,0.26393047672814673
843,0.25228168077788327,0.260958950251496,0.0019669627833171534,0.0001,3.681548897814386e-06,0.0037433843985656863,0.00020671631054296706,5517,0.25228168077788327
844,0.2614770638704312,0.2609832106823946,0.0015946283498645569,0.0001,2.894586977107066e-06,0.0036304220696351274,0.0001868555371125629,5547,0.2614770638704312
845,0.2572136252866558,0.2610273122686383,0.001531318240155991,0.0001,2.5902532182212153e-06,0.003383037111812047,0.00021451395877811346,5591,0.2572136252866558
846,0.2663499112673515,0.26131015923916584,0.0017668471903608289,0.0001,2.9483140812939763e-06,0.0033373730307620607,0.00020144268054851115,5431,0.2663499112673515
847,0.2661569415145093,0.2615920385445476,0.0017371119828891671,0.0001,2.850129436551487e-06,0.003281457343712692,0.00018416683708469652,5453,0.2661569415145093
848,0.258662936748211,0.2617283168939748,0.0017988248293131885,0.0001,3.4065273523181994e-06,0.003787503148507072,0.00018007121403591163,5529,0.258662936748211
849,0.2588789286040523,0.2620248973528381,0.0018000724714396542,0.0001,3.014306386537463e-06,0.003349094477431449,0.0002050083938632803,5516,0.2588789286040523
850,0.27397538380228165,0.2620974083445699,0.0016924114331249508,0.0001,3.089678849188357e-06,0.003651214815399142,0.000208121255311057,5377,0.27397538380228165
851,0.25453135881196154,0.26222189205286384,0.0016689442065927701,0.0001,2.959964618876319e-06,0.0035471103314103337,0.00019139617385740537,5615,0.25453135881196154
852,0.26382946635662285,0.2624737648076099,0.0017908500924691876,0.0001,3.1736857028778203e-06,0.0035443342982460443,0.00020943807052671462,5466,0.26382946635662285
853,0.24515181356501345,0.2626581283657285,0.0016760489964833866,0.0001,2.9101672641820366e-06,0.0034726517784241678,0.00018222350162245144,5674,0.24515181356501345
854,0.2672604692454812,0.26267394937285077,0.0013889530287387406,0.0001,2.4552427502880256e-06,0.0035353862938295975,0.00020335689211911813,5435,0.2672604692454812
855,0.268655885771684,0.2628956743832547,0.0017408816124629435,0.0001,2.9562004572401487e-06,0.0033962107889206903,0.00021453285092359957,5455,0.268655885771684
856,0.25937921799282326,0.26314844962532574,0.0017120007350883842,0.0001,2.8698480976293543e-06,0.0033526248427471553,0.00018857595933975305,5515,0.25937921799282326
857,0.2717951814049262,0.2631474396675587,0.0014865535435174071,0.0001,2.895987187538566e-06,0.0038962433612532094,0.0002102589089089379,5409,0.2717951814049262
858,0.2528385000774712,0.2633745144728039,0.0016919348552425972,0.0001,2.8754486822491723e-06,0.003399006378217649,0.00019045554295985502,5591,0.2528385000774712
859,0.2551602965239605,0.2636228992794562,0.0018351184469684438,0.0001,3.282574434748254e-06,0.0035775068799193442,0.00020450557846041743,5571,0.2551602965239605
860,0.26223732942134426,0.26375036730043755,0.0018008070281856604,0.0001,3.5101108870043977e-06,0.0038983753751126644,0.00020553018166741155,5450,0.26223732942134426
861,0.2745214413407864,0.26389812029567283,0.0015962140271953969,0.0001,2.6500437152788114e-06,0.003320411511399922,0.00020808414861708168,5373,0.2745214413407864
862,0.26254300210042636,0.2639775647826958,0.001517153932003907,0.0001,2.676518709898018e-06,0.0035283416579394602,0.00020667864585474644,5528,0.26254300210042636
863,0.257119328946092,0.2641060102059633,0.0017041362456522767,0.0001,3.0842187373642146e-06,0.003619685626936121,0.00020049147524569644,5514,0.257119328946092
864,0.2666148383299006,0.2641851604416187,0.0015435118233052133,0.0001,2.7145040391499786e-06,0.0035173090327708027,0.0002032300121614572,5415,0.2666148383299006
865,0.2594524370519121,0.26433176907629485,0.0016429138355362805,0.0001,2.836744504793863e-06,0.003453308923980047,0.00020395182992876643,5465,0.2594524370519121
866,0.26983434794058453,0.26444423258830807,0.0018561910116689996,0.0001,3.5962520888329544e-06,0.003874872861925318,0.0002218480702049061,5408,0.26983434794058453
867,0.27581335615339464,0.2645174092416928,0.0014699736622788128,0.0001,2.60317910747938e-06,0.003541803740134808,0.00020330955082124472,5369,0.27581335615339464
868,0.2645419953948792,0.2646792383317251,0.0017872167058161433,0.0001,3.3808300230014637e-06,0.0037833464873053392,0.00021659129135146753,5488,0.2645419953948792
869,0.27239133170154717,0.2646597592867543,0.0016076089224605278,0.0001,3.1203871411750136e-06,0.0038820226705374356,0.00019633332802452763,5407,0.27239133170154717
870,0.2576259828873469,0.2648692131935321,0.0017519028551365135,0.0001,3.07773061580844e-06,0.003513585935184304,0.00020273159329340282,5518,0.2576259828873469
871,0.2589796747192617,0.26511461958484867,0.0018342063219399518,0.0001,3.2092672799917137e-06,0.003499352544589887,0.00021897383155993944,5472,0.2589796747192617
872,0.27079213725209017,0.26530128447717494,0.001730583997671982,0.0001,2.8960150729027016e-06,0.0033468644998433843,0.0001955347544688964,5404,0.27079213725209017
873,0.25973511238028557,0.26558549565976375,0.0018923621534776191,0.0001,3.3591503356219982e-06,0.003550219316581494,0.00019644723626540802,5475,0.25973511238028557
874,0.2678359453633286,0.26560658451584074,0.0017382010013634339,0.0001,3.2755513777261047e-06,0.0037688982748908585,0.00020313756381385887,5404,0.2678359453633286
875,0.2735142969969794,0.2657873369455554,0.001782242771007792,0.0001,3.197625207799326e-06,0.0035883160923033926,0.00020128851677851052,5408,0.2735142969969794
876,0.2575984646871708,0.26592151822694804,0.0017058636848829793,0.0001,2.9814261319944637e-06,0.003495503372766842,0.0002155570157941612,5523,0.2575984646871708
877,0.26851745970952245,0.2661008927185953,0.001668382553954374,0.0001,2.730020164234548e-06,0.003272654892924764,0.0001968071238949818,5446,0.26851745970952245
878,0.2663744615156794,0.2662487927308209,0.0017186900220969874,0.0001,3.03704556021241e-06,0.0035341399800609607,0.00019224701572877903,5453,0.2663744615156794
879,0.2706576757161281,0.26638420322679274,0.0017835825979395832,0.0001,3.2363487585384244e-06,0.003629042761772957,0.00020234839877231872,5394,0.2706576757161281
880,0.2596532261748753,0.26652282554960255,0.001738490195378871,0.0001,3.2028827111659735e-06,0.0036846715842052432,0.00019177829657867544,5517,0.2596532261748753
881,0.2601524170221608,0.2665735782398774,0.0017428028732887925,0.0001,3.265439726039994e-06,0.0037473426009194915,0.00021369903652631206,5471,0.2601524170221608
882,0.2808126243336958,0.2667275527537358,0.0017077579773796226,0.0001,2.980391994672914e-06,0.003490414958267114,0.00021116299549714724,5330,0.2808126243336958
883,0.26358070951770535,0.26673857638616116,0.00159204733020661,0.0001,3.2152943055277303e-06,0.004039194368813722,0.00020303347627356307,5399,0.26358070951770535
884,0.2629473790210217,0.26678172072720285,0.0015933351592254882,0.0001,2.7954995119507456e-06,0.0035089911821309743,0.00019401736141661899,5495,0.2629473790210217
885,0.26323873718838275,0.26695772112859567,0.0016582006135530585,0.0001,2.7546268641120505e-06,0.0033224289529234442,0.00020845815490921373,5423,0.26323873718838275
886,0.2582241756251476,0.26715429901176896,0.0017852802024530888,0.0001,3.114125992354696e-06,0.0034886691602535984,0.00021642635291633058,5554,0.2582241756251476
887,0.2587142774727143,0.26718163521855254,0.0014318032055143377,0.0001,2.610294466348011e-06,0.0036461637413506567,0.00021395982149626007,5524,0.2587142774727143
888,0.26309615689644494,0.26725002081087335,0.0014071326183895659,0.0001,2.423281033035477e-06,0.0034442823673704217,0.0001986334366056513,5492,0.26309615689644494
889,0.2710386352081032,0.26741708241677964,0.0016508304229643138,0.0001,2.786847070963349e-06,0.0033762972043599082,0.00020747929663852166,5413,0.2710386352081032
890,0.27964527168585623,0.2676444456714883,0.0017288092887399918,0.0001,2.818531608391857e-06,0.003260662268243697,0.00022320851836936468,5324,0.27964527168585623
891,0.25339931488107786,0.267694838673111,0.0016674310155430176,0.0001,3.013875046689167e-06,0.003614992186897357,0.0001943185789253959,5593,0.25339931488107786
892,0.2642064889097163,0.26780366060980443,0.0017592440200954436,0.0001,3.2530348721946832e-06,0.0036982190475408835,0.00021267742661039353,5502,0.2642064889097163
893,0.2757574964292424,0.26802981329120823,0.0017754418335535179,0.0001,3.1503022250041035e-06,0.003548752953172028,0.00020703698159408912,5387,0.2757574964292424
894,0.276141612253473,0.2681726858717471,0.0016729341153247656,0.0001,2.807426298551589e-06,0.003356290331859943,0.00020930220336296698,5292,0.276141612253473
895,0.26276052959511814,0.26830899829560606,0.001713634701530689,0.0001,2.9640475773154592e-06,0.0034593692280715962,0.0002188225282680539,5485,0.26276052959511814
896,0.2669913187054905,0.2684731231159464,0.0016758084806037564,0.0001,2.9142204203697387e-06,0.00347798743603423,0.00019421274366919537,5443,0.2669913187054905
897,0.2569758175385207,0.2686505754750953,0.001674412394064043,0.0001,2.835563876730129e-06,0.0033869360819144467,0.0002407801963501139,5533,0.2569758175385207
898,0.2802349757962582,0.26881703631907783,0.0017339315943195625,0.0001,3.026674841396959e-06,0.0034911121653385642,0.0001936652181353953,5348,0.2802349757962582
899,0.2777129564204423,0.2689118778477145,0.0015919922366342822,0.0001,2.6674286774885824e-06,0.0033510573935058114,0.00019934895819888123,5311,0.2777129564204423
900,0.28494695584981167,0.2690552757860163,0.0017913073453123464,0.0001,3.2989542832360706e-06,0.003683292308122411,0.00020304593501135304,5233,0.28494695584981167
901,0.2764526809852558,0.26918631843940727,0.0017703316010155678,0.0001,3.1680971253873865e-06,0.0035791002358766875,0.0002183867328726227,5297,0.2764526809852558
902,0.27078899013944113,0.26933625957878465,0.0016908389816235455,0.0001,2.856605087054701e-06,0.0033789203089128993,0.00022019217481474582,5375,0.27078899013944113
903,0.2548937456870971,0.26957688639230315,0.0017965467687379368,0.0001,3.094914063962557e-06,0.003445403279021469,0.0001876740547041649,5564,0.2548937456870971
904,0.26029447631567787,0.26965588611893254,0.0017553668498650943,0.0001,3.2701368521869153e-06,0.003725872859497416,0.00020585768792388348,5504,0.26029447631567787
905,0.26846657095053095,0.2697421280210472,0.0016562515487752495,0.0001,2.9402931110638313e-06,0.0035505393045375186,0.00021860504959439117,5428,0.26846657095053095
906,0.28582632740297154,0.26983892436201573,0.0014038276604344943,0.0001,2.342211641545533e-06,0.0033368934201233815,0.00020686882944006077,5272,0.28582632740297154
907,0.2657328312165115,0.2700958842140171,0.0018451196943598258,0.0001,3.3346414603567434e-06,0.00361455299680568,0.0001966497313638502,5429,0.2657328312165115
908,0.2727018124293679,0.27019584303401206,0.0015093180348817058,0.0001,2.615004021708875e-06,0.0034651464585644188,0.0002083677675534979,5357,0.2727018124293679
909,0.27554661449989404,0.27035785611351876,0.0018546939768138292,0.0001,3.367675686224753e-06,0.0036315162806643377,0.00020488612070274943,5318,0.27554661449989404
910,0.2510427721722672,0.2705864314255526,0.0018601028804706846,0.0001,3.478063134809341e-06,0.003739645985526612,0.0001934065864927997,5607,0.2510427721722672
911,0.2693619368799074,0.2707147351508655,0.0016832527579658568,0.0001,2.981438496073513e-06,0.003542472729617222,0.0002053974196364451,5417,0.2693619368799074
912,0.25772864493267283,0.2708604516180635,0.0016205719448420062,0.0001,2.6586602329682177e-06,0.00328113817029878,0.0001929189896205488,5569,0.25772864493267283
913,0.27815186036768846,0.2709847954243316,0.0015925507117187806,0.0001,2.761038483636352e-06,0.003467441838202397,0.000208325827688515,5303,0.27815186036768846
914,0.27687154578674344,0.2710876299367987,0.001635890675904647,0.0001,2.692576792589266e-06,0.003291878647208832,0.00021148761843593268,5339,0.27687154578674344
915,0.2642990454115812,0.2712414687929375,0.0016895196498466947,0.0001,2.8380163827252284e-06,0.0033595541584648006,0.0001914666797090037,5501,0.2642990454115812
916,0.27351526859065595,0.27140679924856337,0.0017664312281930857,0.0001,3.1655965043924166e-06,0.00358417180795718,0.000201861237597956,5385,0.27351526859065595
917,0.26599187932080653,0.2714947416818314,0.0016207634805054498,0.0001,2.8173654215174195e-06,0.0034765904530854787,0.00020670355707030092,5427,0.26599187932080653
918,0.26335514087589385,0.271622535252657,0.0017129955703382542,0.0001,2.9775139562819507e-06,0.003476382552108994,0.0002053468029976801,5424,0.26335514087589385
919,0.2744512474460783,0.2718768734077076,0.001857480977308296,0.0001,3.202458304210961e-06,0.0034481734600067793,0.0002167133439595572,5415,0.2744512474460783
920,0.2647840505306619,0.2720181024095437,0.0016589012185856326,0.0001,2.7822054437179445e-06,0.0033542750014856617,0.000191145490536402,5480,0.2647840505306619
921,0.2792251019175314,0.2721829329496403,0.0017429225405984974,0.0001,2.9599768194850465e-06,0.0033965672604918265,0.0002179297685384087,5321,0.2792251019175314
922,0.28546022741708355,0.27214334705733473,0.0013159087814011644,0.0001,2.2925550631928245e-06,0.0034843677549620694,0.00020575440748265905,5231,0.28546022741708355
923,0.2808287859069907,0.2723699434466165,0.0018146145498652464,0.0001,3.1631474393341126e-06,0.0034863022999226017,0.0002175844332675858,5352,0.2808287859069907
924,0.25377892067219404,0.2725174523733071,0.0017492182911029593,0.0001,3.130663597150901e-06,0.003579500183681339,0.00020636846293392797,5583,0.25377892067219404
925,0.2615136471396645,0.27259362418214894,0.0016589647067675893,0.0001,2.8840208977950833e-06,0.0034768924088981437,0.0001972342115522269,5482,0.2615136471396645
926,0.2714902036315912,0.2726068016103541,0.001559744671454925,0.0001,2.8241094050592295e-06,0.0036212457804711187,0.00021114580036024673,5410,0.2714902036315912
927,0.28278020470358145,0.27281523205771674,0.0018135334861770838,0.0001,3.1854581857704803e-06,0.0035129852412986366,0.000211174849028659,5292,0.28278020470358145
928,0.2784051688965594,0.2729527117150519,0.0017709904603107932,0.0001,3.1117012017806093e-06,0.0035140801393526793,0.00021428607508587402,5339,0.2784051688965594
929,0.2751778313493839,0.2730495404681753,0.0015588281120200974,0.0001,2.88204371443623e-06,0.0036977055933400723,0.00022436507653017258,5362,0.2751778313493839
930,0.27081783072772536,0.27323445540416624,0.0016009112804998868,0.0001,2.5025920285295488e-06,0.0031264593597567893,0.00021235253385245233,5386,0.27081783072772536
931,0.2763817505113151,0.2733286527967899,0.0017535720714678589,0.0001,3.2172133873746806e-06,0.003669325532405012,0.00021556626471722719,5299,0.2763817505113151
932,0.2760089617217104,0.2735611690556025,0.0018074572016044221,0.0001,3.100358154792393e-06,0.0034306296735992464,0.00020328762095706349,5374,0.2760089617217104
933,0.2731645217702587,0.27372501679664063,0.0016952816103642076,0.0001,2.795068626963295e-06,0.0032974682316795887,0.00022246482364917335,5368,0.2731645217702587
934,0.27226937355342473,0.2738622782247526,0.0018061068232809454,0.0001,3.400458859664134e-06,0.003765512444592744,0.0002082655615592274,5332,0.27226937355342473
935,0.2738730532222818,0.27392128946878,0.0017081763518336896,0.0001,3.110664876926055e-06,0.003642088679645782,0.00021888809864014372,5335,0.2738730532222818
936,0.285533275358079,0.2741222839606557,0.0019945831884001244,0.0001,3.6947227418058678e-06,0.0037047567264110372,0.00022760889788053915,5230,0.285533275358079
937,0.29216252992425856,0.27421894774693883,0.001623422465125408,0.0001,2.699637428279869e-06,0.003325859394302918,0.0002099419361401785,5152,0.29216252992425856
938,0.24904869683561262,0.2743886032437299,0.0018825713814762805,0.0001,3.532549305607246e-06,0.003752898126855706,0.0002094230848895441,5567,0.24904869683561262
939,0.2653651455927668,0.2746441536894005,0.0017837528653098208,0.0001,3.0207784509535024e-06,0.0033869921217240173,0.00020656672226215364,5494,0.2653651455927668
940,0.25722442664150236,0.27479688764053756,0.0015391942815998736,0.0001,2.4498706855983097e-06,0.0031833157319839547,0.00019428705176381583,5531,0.25722442664150236
941,0.25046461138708886,0.2748923925988232,0.0017376210952613376,0.0001,3.193753265369061e-06,0.0036760065518066484,0.00021067860498198826,5590,0.25046461138708886
942,0.27046666301851596,0.2749935031399433,0.0016543037245883203,0.0001,2.8289381579718585e-06,0.003420095253277447,0.00020365658201818736,5434,0.27046666301851596
943,0.27709807998545677,0.2751353035489681,0.0017796934760723902,0.0001,3.1978965139530174e-06,0.003593761012160884,0.000218590407453939,5317,0.27709807998545677
944,0.2772558797539519,0.2750858607244652,0.001449364240262177,0.0001,2.4710158243840227e-06,0.0034097927294481035,0.00020979243762354592,5352,0.2772558797539519
945,0.28662242105506786,0.27515356998768437,0.0015383000353615076,0.0001,2.5068544560412645e-06,0.003259252939498429,0.00022684043083464562,5256,0.28662242105506786
946,0.29319394598069537,0.27537223533684624,0.0018396076210443388,0.0001,3.310253652088782e-06,0.0035988692525741584,0.00021842073095535718,5204,0.29319394598069537
947,0.26139136471435465,0.2755409321888161,0.0016183161224362088,0.0001,2.633443418460721e-06,0.0032545475904872554,0.00020628292975854366,5452,0.26139136471435465
948,0.2692527291681792,0.27571309254683113,0.001687500304900959,0.0001,2.7788419612358894e-06,0.003293441729361919,0.00019751273300477044,5405,0.2692527291681792
949,0.2673047972183369,0.2757904264452831,0.0017486925307062184,0.0001,3.1876592618108565e-06,0.003645762998168128,0.00020961497217007928,5463,0.2673047972183369
950,0.281145993040468,0.27584223704194777,0.001490000797729274,0.0001,2.684555021321972e-06,0.0036034276295867367,0.00021842279829805607,5293,0.281145993040468
951,0.2734945461168454,0.27590790546092264,0.0016297414184325324,0.0001,3.163448490503762e-06,0.00388214775021958,0.00021735064484397569,5320,0.2734945461168454
952,0.28162160035509026,0.27600461145790434,0.001630600438020341,0.0001,2.7405698190257646e-06,0.0033614241173061396,0.00021963496161667888,5269,0.28162160035509026
953,0.26653342569634686,0.2761687801615537,0.001654052602519507,0.0001,2.734116652470529e-06,0.00330596094502174,0.00021154718532122776,5459,0.26653342569634686
954,0.2801593270664436,0.2762934494574365,0.0017737919740069695,0.0001,3.2306585835812125e-06,0.003642657798572854,0.00022584193576902564,5317,0.2801593270664436
955,0.2956453413333378,0.27643922481659483,0.0017598186835988709,0.0001,2.9924125856479605e-06,0.0034008192020423445,0.00020812034903652454,5135,0.2956453413333378
956,0.28624329944732574,0.276550818819854,0.0015327158348281572,0.0001,2.4538160498691314e-06,0.0032019190956479476,0.0001889322319032363,5260,0.28624329944732574
957,0.29705574260705275,0.27673329024870974,0.001803666322168594,0.0001,3.157103300024697e-06,0.003500762043645446,0.00021433501705789976,5135,0.29705574260705275
958,0.27859289155202577,0.2768119720887835,0.0014366993525672912,0.0001,2.455498578177782e-06,0.003418249717715764,0.00019488553779121898,5248,0.27859289155202577
959,0.2888587757504439,0.27690100950428015,0.0016160791231683575,0.0001,2.6439081729073025e-06,0.003272003375334575,0.00021660866383387909,5174,0.2888587757504439
960,0.2808520607461412,0.27705690340340416,0.0017653466602710753,0.0001,3.047765445753212e-06,0.0034528804051270215,0.0002114875650080404,5303,0.2808520607461412
961,0.2775436712557687,0.27722834507743066,0.0016187114070016664,0.0001,2.5346114552022753e-06,0.003131640938883759,0.0001942521164062703,5346,0.2775436712557687
962,0.2792425683244355,0.27722773458361144,0.0013290548703937513,0.0001,2.202826820004071e-06,0.003314877164328742,0.0002099423651385708,5319,0.2792425683244355
963,0.2699623480680479,0.27734503761709256,0.0016597972241074184,0.0001,2.8624954045852413e-06,0.0034492109795214196,0.000219159917051652,5381,0.2699623480680479
964,0.2652849296721458,0.2774791929655591,0.0016661512307622657,0.0001,2.769596483291511e-06,0.0033245439335352744,0.00022258219304185277,5419,0.2652849296721458
965,0.2846074639855981,0.2776409617878431,0.0017041066496067687,0.0001,2.8904935281801215e-06,0.0033923857158202125,0.000204385630599631,5237,0.2846074639855981
966,0.28758668201753856,0.27770856083285544,0.00157202842736287,0.0001,2.5844653076865664e-06,0.00328806434120545,0.0002142795924302274,5271,0.28758668201753856
967,0.2858388715842191,0.2778277788006535,0.001572434682178241,0.0001,2.5332574058255945e-06,0.0032220828432966866,0.00021284467544765583,5201,0.2858388715842191
968,0.26849153333973036,0.27800333886410483,0.001725486783492417,0.0001,2.8488918186586233e-06,0.0033021311387762867,0.00020695284633449684,5424,0.26849153333973036
969,0.284871163445541,0.27826467761888574,0.0018838625528041584,0.0001,3.2991640980891368e-06,0.0035025528727435887,0.00023259833991893608,5274,0.284871163445541
970,0.2619664470673474,0.2784130452997891,0.001643573569182146,0.0001,2.600361536704475e-06,0.003164277627071398,0.00020299544623684116,5462,0.2619664470673474
971,0.25853755384205024,0.2785829807780313,0.001777282345054334,0.0001,3.120739696725132e-06,0.003511810833443829,0.0001971434129102602,5526,0.25853755384205024
972,0.2756486443556497,0.27868916977515135,0.0017084712404490418,0.0001,3.0119443348129018e-06,0.0035258941017014306,0.00020787203498424933,5306,0.2756486443556497
973,0.2761341592710452,0.27890833587398717,0.001896398690503008,0.0001,3.36932185887748e-06,0.0035533897758427456,0.00021453096157283703,5352,0.2761341592710452
974,0.28507190644866265,0.2789054901451074,0.0013108403025385341,0.0001,2.230213790000008e-06,0.003402723864502857,0.0002134770459522916,5229,0.28507190644866265
975,0.2820632456447433,0.27898662733052854,0.0015145510262120716,0.0001,2.4608700482547674e-06,0.0032496363683559245,0.00022038069437714213,5312,0.2820632456447433
976,0.28446186496956327,0.278922190991514,0.00128636123628271,0.0001,2.128696241042716e-06,0.003309639906740602,0.00022193183465770135,5268,0.28446186496956327
977,0.276245775748613,0.27894788239674567,0.001361658237160224,0.0001,2.2806550024226784e-06,0.0033498200064930356,0.00021988988159855655,5339,0.276245775748613
978,0.2830313188566676,0.2789648907557387,0.001530694154791086,0.0001,2.942510762840104e-06,0.0038446749843919115,0.00021823752585989502,5270,0.2830313188566676
979,0.28793649198968835,0.27911276961651454,0.0017422884755960428,0.0001,3.0677665681931637e-06,0.0035215368880215665,0.00021827276256313862,5177,0.28793649198968835
980,0.27903330473846744,0.2792054386964495,0.00170302988695306,0.0001,3.0050631977588916e-06,0.003529078638937261,0.00022591651576631087,5362,0.27903330473846744
981,0.28241018487535213,0.27932780606035856,0.0017267911800085544,0.0001,2.8994756999501304e-06,0.003358223893563976,0.00020513409368016952,5263,0.28241018487535213
982,0.268530685219637,0.27943277685388873,0.001716928764134084,0.0001,3.0186957274782723e-06,0.003516390185239539,0.00021170929228945097,5397,0.268530685219637
983,0.2776670854582896,0.2794999360205923,0.0015312106858103847,0.0001,2.5752396156601586e-06,0.0033636646341678672,0.0002094656628422056,5365,0.2776670854582896
984,0.27429905494553714,0.27959875915722904,0.001660163843631358,0.0001,2.8304799759847467e-06,0.0034098802800011574,0.00021244117374233135,5359,0.27429905494553714
985,0.2778344138673008,0.27979279623420156,0.0018161041604950337,0.0001,3.144126020186623e-06,0.003462495256141692,0.00021797507543889564,5327,0.2778344138673008
986,0.2719879036368744,0.2798999609254591,0.0016926768853593671,0.0001,2.9148304684324235e-06,0.0034440482925524023,0.00021297149860556306,5395,0.2719879036368744
987,0.27650342491806923,0.27999430950114373,0.001592486789322241,0.0001,2.7618611961556114e-06,0.003468614263771762,0.0002197379014430928,5278,0.27650342491806923
988,0.2849753629260752,0.28019762072119264,0.0018863032877758147,0.0001,3.48594371672359e-06,0.003696058570553571,0.00022533612300430612,5256,0.2849753629260752
989,0.2760965666048719,0.2802064439080479,0.0013866309814448018,0.0001,2.411089334513887e-06,0.003477622189000349,0.0002228665636720528,5348,0.2760965666048719
990,0.2679716915360029,0.2803195285609656,0.0016780804416265855,0.0001,2.777422579285155e-06,0.003310237710169558,0.0001891198305510075,5426,0.2679716915360029
991,0.2646509037895663,0.2804445997044432,0.0016409431887368367,0.0001,2.691915595229275e-06,0.003280936980275904,0.00021104760985316134,5428,0.2646509037895663
992,0.27873704977441804,0.28068684059870375,0.0017945039725604144,0.0001,2.9867820321733055e-06,0.0033288107218974144,0.00021227962594109315,5326,0.27873704977441804
993,0.2759365266316177,0.28096855727823244,0.0018739363847530995,0.0001,3.057615870144914e-06,0.0032633080770751673,0.0001933416061585118,5311,0.2759365266316177
994,0.28207974615921866,0.2811680835274789,0.0017328430750004325,0.0001,2.863456671686579e-06,0.0033049232362669227,0.00018536918919172024,5271,0.28207974615921866
995,0.2832433399134736,0.28133797109715836,0.0016097546951044594,0.0001,2.5252524797223326e-06,0.003137437632456745,0.00021384703394732173,5251,0.2832433399134736
996,0.2805040668912536,0.2815079764539511,0.0018626303154497669,0.0001,3.3081442728122104e-06,0.0035521211540180445,0.00021958795770739425,5259,0.2805040668912536
997,0.28542863485503206,0.2817242514990907,0.001888035327222599,0.0001,3.43989160918014e-06,0.003643884793448653,0.00022294412468016418,5219,0.28542863485503206
998,0.2831097332306778,0.2818348760508244,0.0016802126085286968,0.0001,2.85528771633292e-06,0.0033987219258319883,0.00021156868988784816,5219,0.2831097332306778
999,0.27646019442993736,0.28203166701701016,0.0018127626297602451,0.0001,3.0546110418014487e-06,0.0033701169603275074,0.00022530480993564368,5320,0.27646019442993736
