iteration,performance_mc,performance_true,alpha,beta,bound,policy_advantage,model_advantage,total_samples,avg_return
0,0.049603500431651,0.04593556246205607,0.0022047392826846043,0.0001,6.3356319951367925e-06,0.005747284538262683,8.87339731336541e-20,15085,0.049603500431651
1,0.050588801095948904,0.046596963353727844,0.002194493458951572,0.0,6.2422884714459854e-06,0.005689047234096804,0.0,15028,0.050588801095948904
2,0.04570913634151669,0.047190999264807534,0.0021205130333954284,0.0,5.822064072268425e-06,0.005491184426200826,0.0,15155,0.04570913634151669
3,0.041946964162244534,0.047824801508637424,0.002006653810252164,0.0,5.201728090690051e-06,0.00518447981820679,0.0,15244,0.041946964162244534
4,0.04900197854371976,0.048451468680420384,0.002054971826192021,0.0,5.431861044938945e-06,0.005286555246846852,0.0,15090,0.04900197854371976
5,0.04575298275556815,0.049120223303872376,0.002117244390226503,0.0,5.811322286502846e-06,0.005489514874455423,0.0,15196,0.04575298275556815
6,0.050665824581061225,0.049674131586917886,0.002115329977428384,0.0,5.787518768278405e-06,0.005471977261263339,0.0,15058,0.050665824581061225
7,0.051055517936689304,0.050341011997024857,0.0021338533707046135,0.0,5.884967802279562e-06,0.005515812738657206,0.0,15122,0.051055517936689304
8,0.04555966712550183,0.05093985824040875,0.002001331903940956,0.0,5.159197357792677e-06,0.00515576386668634,0.0,15122,0.04555966712550183
9,0.05186095553698997,0.05156402261704214,0.0021279501493110297,0.0,5.855281813444019e-06,0.005503213329823347,-0.00013890286134119834,15035,0.05186095553698997
10,0.04639285780032376,0.052218353884296506,0.0020424800192784566,0.0,5.333113384205972e-06,0.0052221939346951286,-0.00015662198862094598,15168,0.04639285780032376
11,0.06336420498548184,0.05298255088340656,0.0024385412904636417,0.0,7.677156331487484e-06,0.0062965153483440246,-0.00021837725601733733,14848,0.06336420498548184
12,0.04942909188730338,0.05361154168163572,0.0018936138323163508,0.0,4.620009083646585e-06,0.004879568373236045,-0.00018459619686890934,15037,0.04942909188730338
13,0.054829971303009664,0.05422693229732009,0.001992867373920749,0.0,5.09741690600723e-06,0.00511566095437512,-0.00023220895331930368,14979,0.054829971303009664
14,0.049511779275494064,0.05486953956093396,0.0020294694145327028,0.0,5.297958595887272e-06,0.005221028272660279,-0.00017370854426451108,15139,0.049511779275494064
15,0.046580848323090354,0.05556273633365587,0.0020905865868099255,0.0,5.6116672190854535e-06,0.0053685097326185635,-0.00020388770311647214,15149,0.046580848323090354
16,0.06051368626313414,0.05632738920584983,0.0023487579885744653,0.0,7.077939225131672e-06,0.006026963407522028,-0.00020157037357167661,14823,0.06051368626313414
17,0.058778717044805855,0.05701995601705858,0.002206656221450455,0.0,6.246968618645826e-06,0.005661931893079055,-0.00018173837458396695,14865,0.058778717044805855
18,0.059448895448003185,0.05776241629271014,0.0024106560720255406,0.0,7.444981489183185e-06,0.006176726390444889,-0.0001305455052947003,14882,0.059448895448003185
19,0.060003049614910556,0.05848945280141969,0.0022957620407553832,0.0001,6.759272743873615e-06,0.005888478530335476,1.3209193815169155e-05,14887,0.060003049614910556
20,0.05732252617291332,0.059158211604104685,0.0021471620187617254,0.0001,5.89429672894391e-06,0.005490313891024552,6.067187721778668e-06,14995,0.05732252617291332
21,0.06133160569792443,0.059815622687883596,0.0022789785631838456,0.0001,6.648553212407117e-06,0.005834678149072856,1.0017274082953425e-05,14888,0.06133160569792443
22,0.060897550523540275,0.06057725876023268,0.002326809629465327,0.0001,6.904299196056267e-06,0.005934563024515926,1.5723655457906408e-05,14858,0.060897550523540275
23,0.06251390720394989,0.06139484537057535,0.0024960748211446076,0.0001,7.939430099908413e-06,0.006361532140505054,9.631115214619176e-06,14872,0.06251390720394989
24,0.0760276203881754,0.062087144241841155,0.0022391056089143477,0.0001,7.882391110865845e-06,0.007040660413233212,1.8141565822930876e-05,14605,0.0760276203881754
25,0.06049391939530588,0.06293231432318248,0.0024541527443937387,0.0001,7.624688942576287e-06,0.0062137036580091525,1.2358526381027409e-05,14902,0.06049391939530588
26,0.06694722367309461,0.06379263645541249,0.002523830251577108,0.0001,8.062547306573317e-06,0.006389135958359432,1.6729800415434807e-05,14797,0.06694722367309461
27,0.060522268709985394,0.06459495895410028,0.0023293813303164245,0.0001,6.895848665404017e-06,0.005920755503322663,9.576859804964718e-06,14924,0.060522268709985394
28,0.07181591319465427,0.06545952517395764,0.0025905108910200376,0.0001,8.500223571919157e-06,0.0065625847020254115,1.5388352754289977e-05,14671,0.07181591319465427
29,0.06370284059065254,0.06606946944933913,0.0018989191738207384,0.0,5.57117889048936e-06,0.005867736728656878,-9.526624034760357e-05,14766,0.06370284059065254
30,0.07816190985114219,0.06690644520801736,0.0026493895201649795,0.0,8.8540915533403e-06,0.006683873009952081,-0.00014409554726692146,14464,0.07816190985114219
31,0.06693731263608635,0.06774434516862915,0.002479778644587823,0.0,7.794278826501405e-06,0.006286269819697499,-9.252545197207473e-05,14769,0.06693731263608635
32,0.06964549580740664,0.06864161200378442,0.0025302240175304326,0.0,8.035950111192179e-06,0.006351967300536086,-9.484612663988275e-05,14766,0.06964549580740664
33,0.06702778248362377,0.06942093977457911,0.002364848008620677,0.0,7.088633214904082e-06,0.005995001107101681,-0.00011489779835120041,14749,0.06702778248362377
34,0.06715810449832854,0.0702072293005489,0.0022395703660439735,0.0,6.33975644444448e-06,0.005661582721906758,-0.00013144427052731074,14758,0.06715810449832854
35,0.07404972811484031,0.07111577418122927,0.0025293308217128802,0.0,8.045668529577425e-06,0.006361894980688087,-0.0001137054841904179,14643,0.07404972811484031
36,0.06367851144397821,0.07182432894791844,0.0022515536755119995,0.0,6.40368193884215e-06,0.005688233870228267,-0.0001058858398486253,14791,0.06367851144397821
37,0.07411704921045922,0.0727832054137823,0.0026758686182013166,0.0,8.983274903580362e-06,0.006714286973938803,-0.00012376010777995433,14714,0.07411704921045922
38,0.07712127476019412,0.07369288586805475,0.002584105238422835,0.0,8.382100369776428e-06,0.006487429571476974,-0.00012240903898738388,14646,0.07712127476019412
39,0.07706111708067247,0.0745675869082078,0.002563160279718023,0.0,8.228111737718133e-06,0.006420286552367545,-0.00022767686201494085,14582,0.07706111708067247
40,0.07203735714689394,0.07539236512363053,0.0023363519359675443,0.0,6.828575562857713e-06,0.005845502518463531,-0.00026169333741693306,14703,0.07203735714689394
41,0.0687654776017062,0.07626945680170763,0.0024874285896659804,0.0,7.733327352664168e-06,0.006217929137577874,-0.000224149402414864,14737,0.0687654776017062
42,0.08125996867018837,0.07727505592769363,0.0028502642354847393,0.0,1.015904794048214e-05,0.007128495536663397,-0.0002869537561698301,14541,0.08125996867018837
43,0.07820081966004164,0.07824099100016749,0.002713202477312633,0.0,9.153561615060626e-06,0.006747422421733174,-0.00029871613174230774,14553,0.07820081966004164
44,0.08552045879027106,0.07919543107181304,0.002792224625721441,0.0,9.704506645406625e-06,0.006951093086143972,-0.0002867405067771264,14343,0.08552045879027106
45,0.07628113652827594,0.07994137045648383,0.0022825795083204338,0.0,6.534489883649629e-06,0.005725531014214557,-0.00023773052533539445,14599,0.07628113652827594
46,0.0759902911975341,0.08091573482384846,0.002602003907745822,0.0,8.426645786819572e-06,0.006477043144888874,-0.00027239689040182025,14652,0.0759902911975341
47,0.07906037437583452,0.08181979469352924,0.0026987774384535316,0.0,9.090986183142323e-06,0.006737114408627701,-0.00024984356642072144,14588,0.07906037437583452
48,0.07411357067561083,0.08278912617794451,0.0025414403846127044,0.0,7.929776802068551e-06,0.006240379943657018,-0.0002428570421225876,14619,0.07411357067561083
49,0.08521199205467633,0.08365943566077211,0.0026188251864539677,0.0,8.521533505431913e-06,0.006507905567359031,-0.0002945685712625085,14458,0.08521199205467633
50,0.08405602752664643,0.08467162248666585,0.0026239203941729227,0.0,8.443764859843206e-06,0.0064359916395289405,-0.00028180983189471154,14548,0.08405602752664643
51,0.07743239630715446,0.08550095361678195,0.002567252226454085,0.0,8.17303206886324e-06,0.006367143815979401,-0.0002992245276200079,14550,0.07743239630715446
52,0.0915352018356595,0.0865014508211513,0.0029445802579199216,0.0,1.0810839879783767e-05,0.0073428733013517124,-0.0003144126779872303,14266,0.0915352018356595
53,0.08880082856921148,0.08756254789645371,0.0028827560259655095,0.0,1.0277281359018083e-05,0.0071301776955446355,-0.0003291067521521311,14429,0.08880082856921148
54,0.08800853213308743,0.08857476475190694,0.0028497980196687716,0.0,9.994562624017538e-06,0.007014225257395044,-0.0003296196229781767,14346,0.08800853213308743
55,0.09396606532537868,0.08976301720160126,0.0030951694715665007,0.0,1.1658623668148711e-05,0.007533431545671164,-0.00037048973708383624,14306,0.09396606532537868
56,0.08960689894991054,0.09074632754501172,0.002677563700085041,0.0,8.786118689386712e-06,0.0065627709914857744,-0.00033339467024447785,14388,0.08960689894991054
57,0.0875793464287034,0.09156195515767634,0.00229588997150019,0.0,7.754600788226835e-06,0.0067552024569886415,-0.00027304931305270435,14286,0.0875793464287034
58,0.08838898013528076,0.09268640630677827,0.0028914883772764755,0.0,1.0151687185406512e-05,0.007021772776391721,-0.0003562131060650418,14402,0.08838898013528076
59,0.09833191981558687,0.09388492470243104,0.003156083793909763,0.0001,1.2152907524007525e-05,0.007701257835713213,6.874468706600193e-06,14145,0.09833191981558687
60,0.08778340229103435,0.09481386429969038,0.0026742520754808683,0.0,8.779198820926453e-06,0.006565722731540054,-1.3577899088812334e-05,14316,0.08778340229103435
61,0.09643036602740321,0.09589890723850275,0.0029585960582027135,0.0,1.0634493102125787e-05,0.007188878030606195,-1.2498845496883748e-05,14250,0.09643036602740321
62,0.09222777727340697,0.09687409269023801,0.002762896730940759,0.0001,9.337645591380984e-06,0.00675931567532858,1.2269704067058626e-05,14274,0.09222777727340697
63,0.10704386145892889,0.0980241427678372,0.003027979623544269,0.0,1.1162440471702727e-05,0.007372863664542775,-1.6597947783215202e-05,13945,0.10704386145892889
64,0.10575184172357262,0.09917798083946414,0.0030899431981069817,0.0001,1.1641107296191025e-05,0.00753483578812893,2.3974818646287923e-05,14052,0.10575184172357262
65,0.10038167485186328,0.10032839527423382,0.002977056943006771,0.0001,1.0630862162541368e-05,0.007141860143128066,3.299781870008438e-06,14093,0.10038167485186328
66,0.09846848228257286,0.10141538106779124,0.002925651459398669,0.0001,1.0427264114005596e-05,0.007128165647010317,1.5061340909545609e-06,14162,0.09846848228257286
67,0.09404510843555564,0.10239449897737388,0.0026933135512054573,0.0,8.842835932978387e-06,0.006566510556500607,-1.986593011813853e-08,14263,0.09404510843555564
68,0.09784219619787596,0.10329648134770134,0.0024200727134009417,0.0,8.410520311136552e-06,0.006950634387606642,-9.647251848521595e-06,14234,0.09784219619787596
69,0.0996312116840801,0.10429353056766837,0.0028540739691082203,0.0001,9.975494603278745e-06,0.006990354637792148,6.010435502745105e-05,14170,0.0996312116840801
70,0.0990449316011916,0.10541043939594283,0.0028469307729506,0.0001,9.649746210871598e-06,0.0067790522358718705,6.051215135937873e-05,14127,0.0990449316011916
71,0.11252251762775783,0.10666826163072426,0.003322217459754134,0.0001,1.3265439615660746e-05,0.00798589482859588,5.432210243816016e-05,13928,0.11252251762775783
72,0.11505130564009845,0.10767513578901068,0.0025887823249787943,0.0001,9.527983776961477e-06,0.007360977155187835,6.0884109682180915e-05,13895,0.11505130564009845
73,0.0994882890821869,0.1087987467847644,0.002922445082231745,0.0001,1.0104358102408939e-05,0.006915002895241869,6.741265906533876e-05,14214,0.0994882890821869
74,0.11653965047870024,0.10992955418626094,0.0031640806578302036,0.0001,1.2156228042751502e-05,0.007683892642033813,7.016556627083121e-05,13912,0.11653965047870024
75,0.10657307628909549,0.11105630009481393,0.0030643918713536833,0.0001,1.1306989551217895e-05,0.007379597666288729,5.604589907207553e-05,14042,0.10657307628909549
76,0.1053387014422615,0.11201064369489194,0.002934115373037393,0.0001,1.0512150773151541e-05,0.0071654651822838,5.4968169505592254e-05,14104,0.1053387014422615
77,0.11123367016503821,0.11297520113967177,0.0025693702368162815,0.0001,9.356988266209764e-06,0.007283487706157952,6.442772463641427e-05,13908,0.11123367016503821
78,0.1075993557250102,0.11406846050401698,0.0029897090274937396,0.0001,1.0710992668770516e-05,0.007165240878139566,8.364994812593185e-05,13979,0.1075993557250102
79,0.11183708277838089,0.11523421171458273,0.002964260678303395,0.0001,1.0459389455556672e-05,0.007056997066494935,8.550196997881192e-05,13918,0.11183708277838089
80,0.11996766894671154,0.11638386177193885,0.003206898403086628,0.0001,1.234739665459384e-05,0.007700522500313396,9.193890558637134e-05,13765,0.11996766894671154
81,0.11830917129291552,0.11746224313659723,0.002979672183626407,0.0001,1.0641177455370162e-05,0.007142515551774104,8.557921543638435e-05,13816,0.11830917129291552
82,0.1326602801451982,0.11878607935733826,0.0034045021629796383,0.0001,1.3679115432476792e-05,0.008035897630627297,0.00011614553119779795,13526,0.1326602801451982
83,0.1255561164572228,0.11999178705692891,0.0033446432794287263,0.0001,1.3323552751264637e-05,0.007967099411295267,0.00010516438188007557,13695,0.1255561164572228
84,0.10941067216245438,0.12108691442182316,0.003093057151199748,0.0001,1.1484186153358552e-05,0.007425783354118768,0.00011400127027112037,13988,0.10941067216245438
85,0.13367414646010906,0.12230832700057762,0.0032940897555406,0.0001,1.2881193483892483e-05,0.007820790834388497,9.703659241141178e-05,13552,0.13367414646010906
86,0.12132158358555288,0.12359899343185851,0.00344415297885042,0.0001,1.4085830601859718e-05,0.008179561528397177,0.0001023652855916486,13783,0.12132158358555288
87,0.12458054749717529,0.12449111483195328,0.002469521550226619,0.0001,8.454391968331416e-06,0.0068469878042210965,0.00011296692473817082,13710,0.12458054749717529
88,0.11545335215031455,0.12552679288556914,0.00264583212923688,0.0001,9.623291024741053e-06,0.0072743020378368715,8.105886570193726e-05,13920,0.11545335215031455
89,0.12294440901785561,0.12669654144749554,0.0032012939911779817,0.0001,1.2122194158623795e-05,0.007573308913226795,0.00010196187281000582,13731,0.12294440901785561
90,0.11706745245837423,0.1277740906476454,0.0029895038535984026,0.0001,1.0624852952248664e-05,0.007108104536784425,6.33931790797685e-05,13911,0.11706745245837423
91,0.11941782992759256,0.12880850001969296,0.0029856742771195727,0.0001,1.0654412691206516e-05,0.007137022797734888,9.502159859053392e-05,13887,0.11941782992759256
92,0.1292733886996969,0.12993149415321573,0.003260377856573363,0.0001,1.2695408448679228e-05,0.0077876914929253145,9.186981565601735e-05,13643,0.1292733886996969
93,0.13227331692596128,0.13119643467200326,0.0032266220466186067,0.0001,1.2247747142712175e-05,0.0075916837892726925,8.450701808751817e-05,13554,0.13227331692596128
94,0.12947628670366368,0.13226109776241463,0.003176178602952604,0.0001,1.2024519031416867e-05,0.007571689463708851,9.63677743048683e-05,13681,0.12947628670366368
95,0.12912297626278452,0.1333262296169423,0.003088353026698736,0.0001,1.1418739913127277e-05,0.007394711559470403,0.00010768995671589417,13537,0.12912297626278452
96,0.14274818624941182,0.1345787885752296,0.0034831725892604808,0.0001,1.4300081620699362e-05,0.0082109520870658,0.00011367140838562077,13357,0.14274818624941182
97,0.13395256350352522,0.13558209111659714,0.0028557734797883673,0.0001,1.119682520660006e-05,0.007841535952235135,9.336132955711862e-05,13538,0.13395256350352522
98,0.13089632631719375,0.13674181339731073,0.0032300119666001732,0.0001,1.2250540378619221e-05,0.007585445815864159,0.00012157936280835544,13567,0.13089632631719375
99,0.13296069473671418,0.13790053720952614,0.0031198993093713213,0.0001,1.1419117721830046e-05,0.007320183499211111,0.0001429410512667492,13534,0.13296069473671418
100,0.13958774445399272,0.13908427169836782,0.00321443537613397,0.0001,1.2018726083313351e-05,0.00747797026659679,0.00015517679925876595,13440,0.13958774445399272
101,0.1483341449179143,0.14043387828821163,0.003594814955188121,0.0001,1.4919883734536453e-05,0.008300779829016638,0.00016441321415257133,13221,0.1483341449179143
102,0.1361688649711928,0.14171954257869213,0.003294252287671105,0.0001,1.2610082366513774e-05,0.0076558085206209665,0.00015012979418433715,13488,0.1361688649711928
103,0.13697231603168478,0.1428634233349511,0.003168357208982299,0.0001,1.1697327011280879e-05,0.007383843575540619,0.00015101649519558776,13476,0.13697231603168478
104,0.14216539565442238,0.14423017292741264,0.0035182607907619365,0.0001,1.412826820638312e-05,0.008031393376795933,0.00014752335083270603,13409,0.14216539565442238
105,0.13577043913531092,0.14552501651631816,0.0033052962389823015,0.0001,1.247036526366819e-05,0.007545686898858909,0.00016406746343641446,13450,0.13577043913531092
106,0.14483556097354072,0.14661131662192006,0.0028930080602293244,0.0001,1.1235636028939265e-05,0.007767441911688716,0.00016478005444950575,13331,0.14483556097354072
107,0.14249828112076973,0.1479580813205888,0.003542668164606778,0.0001,1.4135539870056154e-05,0.007980165916344093,0.00015209605359441997,13427,0.14249828112076973
108,0.1563675921764487,0.14928068924123977,0.003556633637861969,0.0001,1.434942211924144e-05,0.00806910330402624,0.00018417871992359801,13068,0.1563675921764487
109,0.13971791863889454,0.15048142063368847,0.0030844327221400147,0.0001,1.2506902392249592e-05,0.008109693755013827,0.00014165192727147682,13454,0.13971791863889454
110,0.15061142728292187,0.15167952516191585,0.003262355189141895,0.0001,1.2215178757562855e-05,0.00748856457949071,0.0001357447484783491,13116,0.15061142728292187
111,0.16025994631183355,0.1529811740906371,0.0035575135017367593,0.0001,1.4484454142052949e-05,0.008143021318109806,0.00014725052730145375,13050,0.16025994631183355
112,0.15357846789119775,0.15413984050472979,0.003352520161400366,0.0001,1.2966942136593586e-05,0.007735638571776536,0.00016175923532574517,13154,0.15357846789119775
113,0.14343806212194893,0.15530583098670556,0.0030691523081980442,0.0001,1.2217075035032299e-05,0.007961204794170132,0.0001372114394943055,13329,0.14343806212194893
114,0.15040143887550425,0.15664482353371367,0.003494650110852292,0.0001,1.3724179378750792e-05,0.007854393969875098,0.00016146087307390813,13134,0.15040143887550425
115,0.15152900983732948,0.15782538246032957,0.003116075016962093,0.0001,1.2550991788155849e-05,0.008055641613141902,0.00015233908206971697,13175,0.15152900983732948
116,0.15503693533807722,0.15900125751646965,0.0030766393748287643,0.0001,1.2164249997815414e-05,0.007907491594456003,0.00014616117219378046,13120,0.15503693533807722
117,0.14613091954841556,0.16023705228554855,0.0033432348337602124,0.0001,1.2639655921090758e-05,0.007561332990105661,0.00013540075297166986,13290,0.14613091954841556
118,0.15212287245624678,0.16148896749820124,0.003400776317789853,0.0001,1.2903366890809224e-05,0.00758848314916228,0.00014061898016983344,13222,0.15212287245624678
119,0.16298780187066297,0.16277193436211407,0.0036115890894517565,0.0001,1.482753414480087e-05,0.00821108591124452,0.00019371141374842623,13014,0.16298780187066297
120,0.16702678121257397,0.1642331898982402,0.0038334046382541,0.0001,1.6215911396820352e-05,0.008460318138606825,0.00018824795399677145,12844,0.16702678121257397
121,0.16811229326187177,0.16550443041535612,0.003450715142198105,0.0001,1.3376707447282535e-05,0.007753005910978541,0.0001992101261627285,12860,0.16811229326187177
122,0.16935375571917632,0.16682490186308296,0.0033804258719108645,0.0001,1.2626548620654376e-05,0.00747038929359331,0.00020454953191111313,12842,0.16935375571917632
123,0.14679411945453158,0.16790969836569664,0.003177130301253449,0.0001,1.2943014346301573e-05,0.008147613172299083,0.00018104129746166002,13253,0.14679411945453158
124,0.17601560142810596,0.16920182379727816,0.003599558600716813,0.0001,1.439744815308692e-05,0.007999563141002801,0.000209918698002353,12720,0.17601560142810596
125,0.18213984345506506,0.1705875244749131,0.003692266415722786,0.0001,1.4970128084880549e-05,0.008108910029424321,0.00020939209593043347,12583,0.18213984345506506
126,0.18158568933801622,0.17193208372551505,0.0037938623895227373,0.0001,1.624895675340335e-05,0.0085659178352262,0.00020786052514984793,12652,0.18158568933801622
127,0.1834341814747391,0.1732999056072821,0.0036034242044987613,0.0001,1.4187431364524355e-05,0.007874416421364876,0.00020409891456069426,12607,0.1834341814747391
128,0.17848869804493933,0.1746300740097218,0.003627363012812315,0.0001,1.4359489584989544e-05,0.007917315986445232,0.0002193826049657503,12678,0.17848869804493933
129,0.18235986622399175,0.1759399526039374,0.003609234807644703,0.0001,1.4165305448328913e-05,0.00784947846470141,0.0002241227005563918,12637,0.18235986622399175
130,0.17998078951348465,0.1770890799539093,0.0030711597873648504,0.0001,1.1752421174368682e-05,0.007653409127535249,0.00022046648176015472,12674,0.17998078951348465
131,0.17226794767394255,0.1782788037978458,0.0031691761233166808,0.0001,1.2563557776896046e-05,0.00792859550118517,0.00020723397538035786,12746,0.17226794767394255
132,0.1775034798001457,0.17943101490393135,0.0035041279061042503,0.0001,1.3797140925876026e-05,0.007874792984491903,0.00022107320117127258,12675,0.1775034798001457
133,0.18197498306548082,0.18074903039461776,0.003651642514836372,0.0001,1.472062307740276e-05,0.008062466694148665,0.00023847719611321612,12600,0.18197498306548082
134,0.18628761697828733,0.18196707708944176,0.0034181988957857757,0.0001,1.4579379479127313e-05,0.008530445374083945,0.00022860267128935028,12538,0.18628761697828733
135,0.20332449156024762,0.18327322878593508,0.0036718111219480208,0.0001,1.5010211383911038e-05,0.00817591694419598,0.00024814796472647524,12222,0.20332449156024762
136,0.1932401822021339,0.184618951759002,0.0037272745718991466,0.0001,1.5033605722301283e-05,0.008066808834338845,0.0002384337960984109,12400,0.1932401822021339
137,0.18094315892256352,0.18583511231300426,0.0036485890778392926,0.0001,1.4934808515563732e-05,0.008186621292199985,0.00024130157967594442,12685,0.18094315892256352
138,0.1835459531717621,0.18699274515634193,0.0035377627166882863,0.0001,1.3969785966023587e-05,0.007897525687703983,0.0002267683387306313,12534,0.1835459531717621
139,0.1875856368682201,0.18831046414796898,0.0036622758457453258,0.0001,1.472276659930451e-05,0.008040228109200888,0.0001630042013724841,12531,0.1875856368682201
140,0.18889577483722253,0.18962501515913732,0.003671345596178588,0.0001,1.4335321458741535e-05,0.007809301022307904,0.00020151018678026138,12509,0.18889577483722253
141,0.20394903206485238,0.1909245350928516,0.0038469804606807573,0.0001,1.613657339456101e-05,0.00838921515692102,0.00018549174685619476,12158,0.20394903206485238
142,0.18556627391636965,0.1920484134462918,0.003554032228633966,0.0001,1.415745332690043e-05,0.007966980835366266,0.00019131408092212576,12551,0.18556627391636965
143,0.19481312161803022,0.193080869676168,0.0030523797788986973,0.0001,1.1715427113481305e-05,0.007676257846071987,0.00014915212858070858,12353,0.19481312161803022
144,0.19352419748094535,0.19430255940448465,0.0036179425001114517,0.0001,1.4296447460400863e-05,0.007903081632701712,0.00018577817259845164,12360,0.19352419748094535
145,0.19049834881127897,0.19535853896957323,0.003245181226781681,0.0001,1.3133306959374038e-05,0.008094036074773324,0.00016729144692925098,12470,0.19049834881127897
146,0.20048660170096677,0.1965627592305224,0.003573604751115323,0.0001,1.3763076433860563e-05,0.007702629357410107,0.00018917425783370628,12189,0.20048660170096677
147,0.20525077253396773,0.1978106413674595,0.003820500787733914,0.0001,1.601090154357732e-05,0.008381572172413556,0.00019389805736172037,12123,0.20525077253396773
148,0.20534930545364177,0.1991156500926959,0.003723323063689703,0.0001,1.4790037797341495e-05,0.007944536396304543,0.00018924536745597612,12151,0.20534930545364177
149,0.2099625233712271,0.20031537960009804,0.0035911382169476463,0.0001,1.398356138805225e-05,0.0077878157527102,0.00027481359514849803,12101,0.2099625233712271
150,0.1987008759448452,0.20135096699373572,0.0030852838831483182,0.0001,1.1789081277196079e-05,0.007642137141147699,0.0003063734653352551,12273,0.1987008759448452
151,0.20908333608321683,0.20253640131489725,0.0037264979024238267,0.0001,1.5043558517154551e-05,0.008073831737497969,0.00030488344113269156,12078,0.20908333608321683
152,0.2172010603543152,0.20356146304561124,0.0031160455022197727,0.0001,1.1809282537698524e-05,0.007579659879347694,0.00030950063766403506,11980,0.2172010603543152
153,0.20028236723358997,0.20470238252789283,0.003406721222714006,0.0001,1.3415029146917238e-05,0.007875624842721937,0.000294319047808789,12285,0.20028236723358997
154,0.1982257055736991,0.20591102401743056,0.003770797474425381,0.0001,1.5349769566732254e-05,0.008141391666266222,0.0002960291234613601,12251,0.1982257055736991
155,0.21471648432761636,0.20710541003293564,0.003838892990942691,0.0001,1.6101679828549907e-05,0.008388709904933256,0.00030909160343822446,11978,0.21471648432761636
156,0.19956467499891678,0.20830856221303334,0.003532516350524784,0.0001,1.3440334691031053e-05,0.007609496097043901,0.00026176383068657213,12211,0.19956467499891678
157,0.20778445726928274,0.2094135326122085,0.003228387229221696,0.0001,1.2595700775019973e-05,0.00780309168677796,0.00030219606771808154,12117,0.20778445726928274
158,0.20080212068009168,0.21049478024888763,0.003587734064284386,0.0001,1.3942884795688135e-05,0.007772529705860012,0.0002978311892047416,12320,0.20080212068009168
159,0.20839548722013743,0.21170427721635166,0.0038303219136544306,0.0001,1.567559770812197e-05,0.008185002755116326,0.00014823931045199724,12116,0.20839548722013743
160,0.21191002845492596,0.21284247019218772,0.0036216904262542024,0.0001,1.4169642716516556e-05,0.007824877915461017,0.00015533363099725646,12052,0.21191002845492596
161,0.20908743065604224,0.2141999775512836,0.003981508019482221,0.0001,1.6475522116574145e-05,0.00827602106335414,0.00014711604734339286,12020,0.20908743065604224
162,0.21794601150875825,0.21529182266127395,0.0035860164516393475,0.0001,1.3885897421872481e-05,0.007744469446326461,0.00015597575120473916,11838,0.21794601150875825
163,0.21659458268681053,0.21645640754370865,0.0036315649340088988,0.0001,1.4038484058601918e-05,0.007731368880195006,0.000182457523846536,11891,0.21659458268681053
164,0.22572991268262055,0.21767136996145303,0.0038226743197841435,0.0001,1.5411297646790704e-05,0.00806309738029733,0.00015895425570721232,11755,0.22572991268262055
165,0.22760096574592065,0.2189125207724843,0.0037063083055562376,0.0001,1.4103459818169762e-05,0.007610516263326957,0.00016995969972036015,11735,0.22760096574592065
166,0.21210437277696487,0.2199874451107255,0.0035577660871905646,0.0001,1.3461681663530171e-05,0.00756749113551777,0.00016890010055349217,12046,0.21210437277696487
167,0.2130696118365395,0.2210796341776784,0.0035488646004623653,0.0001,1.3339084796044598e-05,0.007517381640486769,0.00016082567762412957,12010,0.2130696118365395
168,0.2138772671018892,0.22193915080304175,0.0032424212762961406,0.0001,1.2457262240167013e-05,0.007683925794119573,0.00016818852362377292,11977,0.2138772671018892
169,0.22910805961321506,0.22295832827924772,0.0032577178175029545,0.0,1.2510278311623693e-05,0.0076803940749004705,-0.00019866054524640795,11704,0.22910805961321506
170,0.22498103209345288,0.22409404389423143,0.003539857813657731,0.0,1.3885736748310143e-05,0.007845364124364094,-0.0002011692780520398,11706,0.22498103209345288
171,0.2318598442594721,0.22510760053368137,0.003276887749374556,0.0,1.2625299778825338e-05,0.007705665097155107,-0.00020091474677194976,11635,0.2318598442594721
172,0.21187330272790408,0.22609556209310153,0.003365911977738895,0.0,1.2260199816075522e-05,0.007284920043756762,-0.00020029887970628325,12022,0.21187330272790408
173,0.2105778512392476,0.226975072373514,0.003106371758736039,0.0,1.1446902834331584e-05,0.007369950362276825,-0.00020710600825868625,12103,0.2105778512392476
174,0.22330832299878295,0.22786479825280884,0.003314728552633584,0.0,1.3392136169128358e-05,0.00808038182100201,-0.0002062133527165185,11795,0.22330832299878295
175,0.2252321095593042,0.22886598580458378,0.0036939298673250294,0.0,1.4590351580043183e-05,0.007899636486931374,-0.0001981724186386972,11730,0.2252321095593042
176,0.2263115868710629,0.2298500832633314,0.0033211887440824993,0.0,1.1837424580340653e-05,0.007128426290997091,-0.00020254498066998562,11738,0.2263115868710629
177,0.22975414040447475,0.23095082066389327,0.0036100654777520102,0.0,1.4561902992527933e-05,0.008067389958586368,-0.00020453267745352286,11653,0.22975414040447475
178,0.23341811199673101,0.2321166685203696,0.003910692201184912,0.0,1.5951269989255257e-05,0.008157773186251854,-0.00022008079596100237,11660,0.23341811199673101
179,0.22786251788999423,0.23324364730757968,0.0036191261619603417,0.0001,1.3532804000701004e-05,0.00747849253940946,0.00022711380062539113,11810,0.22786251788999423
180,0.23197788039138229,0.23416590153230196,0.003457401441272185,0.0001,1.2948827486770152e-05,0.007490496956584541,0.00023425488014275974,11599,0.23197788039138229
181,0.23596844847484613,0.23533988548213913,0.0037845334794032967,0.0001,1.4708467448306947e-05,0.007772935569657592,0.0002721068240212188,11549,0.23596844847484613
182,0.233950580453251,0.23641273992188355,0.003359899623827998,0.0001,1.2763293639198182e-05,0.007597425559193769,0.0002463820440914235,11440,0.233950580453251
183,0.25219537555027355,0.2374515177303515,0.003605962780271836,0.0001,1.3534046685152991e-05,0.007506481630480238,0.00024844410685277116,11255,0.25219537555027355
184,0.23599776530114058,0.23845939770866265,0.0035786291755447544,0.0001,1.343436096683754e-05,0.0075081045326762606,0.00022927651666036704,11592,0.23599776530114058
185,0.22601098238734618,0.23943507491757354,0.0034691394154931,0.0001,1.2578613268834208e-05,0.007251719670105156,0.00023784126494030822,11717,0.22601098238734618
186,0.24611288623415384,0.24027647309404204,0.0032620960112681825,0.0001,1.2164745709279515e-05,0.007458238915874405,0.00023777634029115382,11389,0.24611288623415384
187,0.2385888694523238,0.24139941563078354,0.0037849412721282115,0.0001,1.4724568676234212e-05,0.00778060615347663,0.00023030510652145362,11555,0.2385888694523238
188,0.23536399492032087,0.2423459391687583,0.003509866076407246,0.0001,1.3071368211171162e-05,0.007448357245898806,0.00024360474434734124,11536,0.23536399492032087
189,0.24223112383648016,0.2431165195374212,0.00332818342135317,0.0001,1.250603643017871e-05,0.007515232694172856,0.0002563949955554026,11412,0.24223112383648016
190,0.2561485324735307,0.2440911691879757,0.00344555130977168,0.0001,1.3383282834594807e-05,0.007768442046786211,0.00025904953431316844,11175,0.2561485324735307
191,0.24967986247445972,0.24506547216122676,0.0036157555094397916,0.0001,1.3407415033801526e-05,0.007416107089540913,0.0002615098383431516,11264,0.24967986247445972
192,0.2573562262311586,0.24607132714920826,0.0036951638146489035,0.0001,1.4054877103118986e-05,0.007607174029687455,0.0002836097638976069,11050,0.2573562262311586
193,0.2473512803708718,0.24716071092523187,0.003834709770148505,0.0001,1.4957750902370244e-05,0.0078012427531333,0.0002535303415096091,11329,0.2473512803708718
194,0.23839026034197403,0.2480336171066715,0.0036063338351355004,0.0001,1.3698997725030634e-05,0.007597187809716966,0.0002716637990341847,11443,0.23839026034197403
195,0.2524981675840222,0.2489843714755322,0.003606622936440943,0.0001,1.3495720561475491e-05,0.007483854452937753,0.0002556444032034219,11265,0.2524981675840222
196,0.2588864951486642,0.2500117016412144,0.0036141500770560876,0.0001,1.3290052992572071e-05,0.0073544555202298125,0.00029155583137709226,11102,0.2588864951486642
197,0.25626310319435297,0.2509961271925937,0.0036420169363806623,0.0001,1.3513796608170957e-05,0.007421050941954489,0.0002657507493189329,11147,0.25626310319435297
198,0.26024979639062173,0.25193338571485413,0.003545553642107929,0.0001,1.2956399279973067e-05,0.007308533779379025,0.00023523336040557507,11089,0.26024979639062173
199,0.2503944289243091,0.2529737038775874,0.003599432106866428,0.0001,1.3218627276538517e-05,0.007344840454871816,0.0003110835037787795,11325,0.2503944289243091
200,0.260560656467191,0.2537111533689246,0.0033103126922939177,0.0001,1.2387572106588756e-05,0.007484230801172231,0.00032732369108931606,11063,0.260560656467191
201,0.24560382932119434,0.25465869037760697,0.0032517922847305003,0.0001,1.1620178916565823e-05,0.007146937995474623,0.00030738212171299226,11352,0.24560382932119434
202,0.2625813038151168,0.2555363663026677,0.003420516189162594,0.0001,1.3295914790389937e-05,0.007774215384517754,0.00031892515067692576,10991,0.2625813038151168
203,0.2532371833849718,0.2563596894532246,0.0032948633939175044,0.0001,1.1330569816870673e-05,0.006877717502818183,0.0003095031147154881,11174,0.2532371833849718
204,0.2592068386844564,0.25725916613456273,0.0032630192279661237,0.0001,1.1610662667841543e-05,0.007116515016724924,0.0003161176070292651,11063,0.2592068386844564
205,0.24947980689454052,0.2582720478103988,0.0037446783752914043,0.0001,1.4193646884419933e-05,0.007580702779749625,0.00031909541677646835,11312,0.24947980689454052
206,0.2599853868974843,0.25911486006469964,0.0032703988845097886,0.0001,1.209817907876246e-05,0.0073985954044109795,0.00031684926629991123,11160,0.2599853868974843
207,0.253201455958645,0.2600191424735018,0.0034927732646529977,0.0001,1.25508193028585e-05,0.007186735783781491,0.0003003703340868607,11192,0.253201455958645
208,0.2575326930697143,0.2607581114418198,0.0030927217101885773,0.0001,1.0944928497975634e-05,0.007077861847006126,0.00031450488057344745,11116,0.2575326930697143
209,0.26416893291750176,0.2618384075442892,0.0038044023534778855,0.0001,1.412917201725296e-05,0.007427801112748465,0.0002243798720600078,11002,0.26416893291750176
210,0.270367816819747,0.2625644844869287,0.003216599522639043,0.0001,1.0733413974051318e-05,0.006673764575606941,0.0002146464670273963,10859,0.270367816819747
211,0.25782912998585533,0.26345814283037583,0.003474010822172254,0.0001,1.204988071626009e-05,0.006937157846114857,0.00019731768482259655,11141,0.25782912998585533
212,0.24302677720987248,0.2643579181495891,0.0035171421686300895,0.0001,1.2524360658329335e-05,0.007121896163331671,0.000193218455051088,11399,0.24302677720987248
213,0.2704484238768141,0.26531465657021824,0.003653136727396588,0.0001,1.345794981679394e-05,0.007367887282108251,0.00022770609188045517,10980,0.2704484238768141
214,0.2657431703737235,0.26608867647941037,0.0034184271586592398,0.0001,1.2154101285487309e-05,0.0071109318533815625,0.0002104849045249434,11000,0.2657431703737235
215,0.25880519496963444,0.26684770165327154,0.0033969454978560977,0.0001,1.193504727153325e-05,0.007026928915442284,0.0002094376631267402,11079,0.25880519496963444
216,0.2748726979094246,0.2676911016268195,0.0033831371684925043,0.0001,1.2607202743504861e-05,0.00745296576261643,0.00021755189867118225,10773,0.2748726979094246
217,0.25735610557184285,0.26870563900718597,0.0036540508570473184,0.0001,1.273285873016469e-05,0.006969174337356414,0.0002161826528114264,11174,0.25735610557184285
218,0.2726118720864472,0.26954705803539014,0.003249399452663635,0.0001,1.1268040958148636e-05,0.006935460611905914,0.0002018272601455312,10888,0.2726118720864472
219,0.26575270657788036,0.27041992789395836,0.003707337062782956,0.0001,1.393581623242573e-05,0.007517965589006707,0.0001834658530312556,10975,0.26575270657788036
220,0.2678510212471955,0.27120983826307643,0.0034587504696805345,0.0001,1.2208965409863858e-05,0.007059754970407871,0.0001929844626739583,10952,0.2678510212471955
221,0.2628517019226342,0.27198187000310914,0.003468689100392874,0.0001,1.2048397467784638e-05,0.006946945730258731,0.00018610035355725668,11053,0.2628517019226342
222,0.2660283893247045,0.2729181960215268,0.0035359004519161033,0.0001,1.2155694196576469e-05,0.006875586211704181,0.00017165187028995397,10935,0.2660283893247045
223,0.287799164842372,0.27382125544699454,0.0033397710573367756,0.0001,1.0876664421059819e-05,0.0065134191741473245,0.00019773815450253748,10494,0.287799164842372
224,0.27186920452360197,0.27465478910450436,0.003453852324944603,0.0001,1.1813128647695868e-05,0.006840552250817697,0.00017715706753220238,10772,0.27186920452360197
225,0.2771293041134712,0.2755481498393274,0.003544586712240651,0.0001,1.2030237242557619e-05,0.006787949185169125,0.0002044124037770238,10689,0.2771293041134712
226,0.27853376808945807,0.2762592462401624,0.0033400092894494042,0.0001,1.1402667987178975e-05,0.006827925912181332,0.00018145592356710047,10721,0.27853376808945807
227,0.27315023192337184,0.2768047765766948,0.0029857678125220625,0.0001,9.440638212737042e-06,0.006323759116930519,0.00019563129865309502,10829,0.27315023192337184
228,0.2808516086775784,0.2776337746286317,0.003383150815454673,0.0001,1.1341504670268343e-05,0.006704699428981335,0.00018752630629052558,10657,0.2808516086775784
229,0.27651355636049024,0.2784743618032121,0.003523301827489511,0.0001,1.304650718097892e-05,0.007405841349831253,0.00021609017299387994,10758,0.27651355636049024
230,0.2803428727500848,0.27922941242046917,0.003521054692276939,0.0001,1.2559982511827327e-05,0.007134216085524782,0.0002104661340153189,10703,0.2803428727500848
231,0.2726973284225123,0.2801445731290181,0.003737632207636666,0.0001,1.3444208002144565e-05,0.007193970543530523,0.000172215303379178,10784,0.2726973284225123
232,0.2808578330882393,0.28097630969827836,0.0034060165577984303,0.0001,1.0938886413942124e-05,0.006423272599128388,0.00017481364929702476,10660,0.2808578330882393
233,0.26776825398100623,0.28174985325944285,0.0034974393885422966,0.0001,1.210657837634229e-05,0.006923109756242674,0.0001911469429163305,10858,0.26776825398100623
234,0.2794595809648486,0.28262242201723675,0.003419525224417622,0.0001,1.0822637499304738e-05,0.006329906515690602,0.00021301097862563807,10710,0.2794595809648486
235,0.2895158605692147,0.2833840253502759,0.003373548731171378,0.0001,1.1187679429837254e-05,0.006632588008267851,0.00020565984521228305,10404,0.2895158605692147
236,0.28609275776292875,0.2841176671205039,0.003001810239923742,0.0001,9.54585938268828e-06,0.006360068505150266,0.00017270023185078577,10623,0.28609275776292875
237,0.27610163278097066,0.28483353675618006,0.003176481616867457,0.0001,9.890128107996816e-06,0.006227096077294562,0.00018166030467269454,10805,0.27610163278097066
238,0.28101279882136854,0.2855736713075393,0.0034300091543889785,0.0001,1.1510258907957038e-05,0.0067115033166769925,0.00020110109166069056,10676,0.28101279882136854
239,0.28084878234341654,0.2861423181242535,0.0028696096418997052,0.0001,9.608215838873887e-06,0.006696531610838306,0.00036155075250475326,10654,0.28084878234341654
240,0.2903754772423473,0.2869849432583207,0.003496053562663901,0.0001,1.1448485395314108e-05,0.00654937642693933,0.0003870252223487613,10497,0.2903754772423473
241,0.29195338056006603,0.2878349472247456,0.0035455906726206566,0.0001,1.196679122121528e-05,0.006750238437631184,0.00035099444190334555,10384,0.29195338056006603
242,0.28463081441875204,0.2884709238130553,0.0034194691250562744,0.0001,1.162767661919967e-05,0.006800866563758381,0.00040177961593360084,10631,0.28463081441875204
243,0.2838998257906582,0.2890733369644458,0.0030195186669138233,0.0001,9.8431707700744e-06,0.006519695259996432,0.0003494295912968573,10596,0.2838998257906582
244,0.2871248425422653,0.2898297735187978,0.003235913445266376,0.0001,9.977735879825635e-06,0.006166874391786632,0.0003830845733277013,10532,0.2871248425422653
245,0.28659924490055244,0.29058433838389874,0.0030946100369194404,0.0001,9.881037345703999e-06,0.006385966068629554,0.000353074464933856,10572,0.28659924490055244
246,0.2896734461272069,0.29134742523356105,0.003274912877425402,0.0001,1.097678820822639e-05,0.006703560442106098,0.0003808145526088789,10463,0.2896734461272069
247,0.28156612518557206,0.29209121382675163,0.003359153618292277,0.0001,1.1276165763419753e-05,0.006713694605697919,0.00038645060031189404,10671,0.28156612518557206
248,0.28599854187796847,0.2927533120231426,0.0032971320157987637,0.0001,1.0623943810161392e-05,0.006444354523419125,0.000382527887783782,10458,0.28599854187796847
249,0.29726416707278114,0.2934389516074628,0.0031252734830363874,0.0001,1.0164057235383343e-05,0.006504427398467774,0.0002760551082938553,10174,0.29726416707278114
250,0.2958545121173013,0.29407930768046253,0.0030811927944510357,0.0001,9.96556234366414e-06,0.006468639263087507,0.0003097778584155387,10294,0.2958545121173013
251,0.2923407577361813,0.2947012990964054,0.0030015114496671465,0.0001,9.486422486625978e-06,0.006321096984439608,0.0002615757876034379,10394,0.2923407577361813
252,0.2959036745127009,0.29539036853228695,0.003260800881905921,0.0001,1.0220654356881923e-05,0.006268800044551021,0.0003018481177718079,10354,0.2959036745127009
253,0.2910843134604681,0.2960247307695253,0.0029766239986615374,0.0001,9.114096186378972e-06,0.006123780625619628,0.00024927497339397487,10375,0.2910843134604681
254,0.29665263081979487,0.2966828203944163,0.003099532939647565,0.0001,1.006048202135924e-05,0.006491611618428662,0.00031365099206505056,10329,0.29665263081979487
255,0.2891362781635127,0.29741497362613567,0.003504133478403654,0.0001,1.1751517524822846e-05,0.0067072316721087785,0.00029982734961918155,10478,0.2891362781635127
256,0.30328822088495433,0.2980978365820912,0.003000343663581414,0.0001,8.928591260953961e-06,0.005951712378372141,0.000282068860158954,10205,0.30328822088495433
257,0.29380439372180733,0.2986745577074348,0.0030268475908615264,0.0001,9.332829600529916e-06,0.006166699392930799,0.0003345800777866281,10357,0.29380439372180733
258,0.29500011102834256,0.2992180665513955,0.003005882420744431,0.0001,9.71065154453101e-06,0.006461098729288345,0.0002957890830172496,10418,0.29500011102834256
259,0.28558016343525905,0.2997519118920874,0.003122142838208035,0.0001,9.69322090857478e-06,0.006209338528623015,0.0003451739602395318,10471,0.28558016343525905
260,0.28345606800741324,0.30047612415238956,0.003155584860432686,0.0001,9.073993499410238e-06,0.005751069231689769,0.00030548804574016196,10592,0.28345606800741324
261,0.2979430285333829,0.3010405411442111,0.0031384192039481933,0.0001,9.764741797748618e-06,0.006222713514793931,0.00035925885203464254,10331,0.2979430285333829
262,0.29836652546509057,0.3015601949050034,0.002956614439351906,0.0001,9.46774696587333e-06,0.00640445155097644,0.0003161986010665671,10321,0.29836652546509057
263,0.3027716803474242,0.30224670811880966,0.0033785041779012355,0.0001,1.1021122276313091e-05,0.0065242614458801895,0.0003640024717782924,10134,0.3027716803474242
264,0.30148483423661165,0.3027787229363579,0.0030396667524335143,0.0001,9.260211073922713e-06,0.006092912038143075,0.0003653839636821689,10198,0.30148483423661165
265,0.29446950704608077,0.30342727628511545,0.0032379656185191827,0.0001,1.0106473571536925e-05,0.006242483560501125,0.00036141442636891284,10399,0.29446950704608077
266,0.307069396790996,0.3039539339272517,0.002984003354744598,0.0001,9.181063614747785e-06,0.006153520973862037,0.00037225026137460574,10102,0.307069396790996
267,0.30892221061132985,0.30469530217333585,0.003250518037310898,0.0001,9.791541913266768e-06,0.006024603955969527,0.0003649007720710268,10115,0.30892221061132985
268,0.29721633330241437,0.30530418459703346,0.003303649127894076,0.0001,1.047282781260023e-05,0.006340157448425024,0.00036353894149424574,10263,0.29721633330241437
269,0.3024498772779499,0.3059410724503445,0.003449470565036851,0.0001,1.1247028145880996e-05,0.006521017027875893,0.00028905416800122563,10239,0.3024498772779499
270,0.30973177823571607,0.3064795995184172,0.003087294598345827,0.0001,9.438259400513204e-06,0.006114259005648649,0.0002609439987210103,10055,0.30973177823571607
271,0.29824037460143205,0.307030431029664,0.0031304072994633573,0.0001,9.521037688507201e-06,0.006082938594054125,0.00027997129330504156,10347,0.29824037460143205
272,0.30920104840433715,0.30769045229631176,0.0036147570615367016,0.0001,1.2396175973740389e-05,0.006858649564942292,0.00027740696198849625,10130,0.30920104840433715
273,0.3065421927337193,0.3082916260791896,0.003105121408848551,0.0001,9.070157335842391e-06,0.005842062928680014,0.0002648856869941125,10137,0.3065421927337193
274,0.29429706100588815,0.30887837238000604,0.00281539423555143,0.0001,7.758791819803194e-06,0.005511691202481656,0.00029042273163418496,10384,0.29429706100588815
275,0.3203971037398331,0.3095407364893186,0.003102417258269283,0.0001,9.33634855065525e-06,0.006018757487098066,0.00026201760181798897,9947,0.3203971037398331
276,0.31690745716598245,0.310131520043335,0.0031533112717369235,0.0001,9.7262634981832e-06,0.006168920642474809,0.0002788479476295244,9896,0.31690745716598245
277,0.3054367655253417,0.3106707221053999,0.0032800335002572713,0.0001,1.036366733272203e-05,0.006319244807657696,0.00028979011318172555,10169,0.3054367655253417
278,0.30776089046761657,0.31123165204186937,0.0031340631436969353,0.0001,9.95143910837545e-06,0.006350503261805216,0.00027300698429224494,10135,0.30776089046761657
279,0.315641232873805,0.3119595417890054,0.0034883670537253077,0.0001,1.0854143291585365e-05,0.00622305114365415,0.0003473149546057926,9990,0.315641232873805
280,0.31128755048584794,0.3125835500102876,0.0032372550692595973,0.0001,9.78615213367064e-06,0.006045956790120255,0.00034361105993176746,9894,0.31128755048584794
281,0.3174310175527977,0.3129729564869639,0.0025334261205920534,0.0001,7.338734959503779e-06,0.005793525929059845,0.0003226552725035854,9923,0.3174310175527977
282,0.3243514942185718,0.31360858790191337,0.003447513998314203,0.0001,1.1128154300389171e-05,0.006455755832075355,0.00033424475382088644,9784,0.3243514942185718
283,0.30906094867354716,0.31414364578033527,0.0029155873130169373,0.0001,8.838441966367139e-06,0.006062889577620955,0.00031991015535127375,10077,0.30906094867354716
284,0.313051869323116,0.3146975104360607,0.002972826292355695,0.0001,8.548550653979842e-06,0.005751126916471056,0.00031229830456478796,9941,0.313051869323116
285,0.31463597301437507,0.31535724688884736,0.003181986884929765,0.0001,9.122178029324984e-06,0.005733636472562856,0.00028788865776185223,9963,0.31463597301437507
286,0.32126031979676317,0.31586027032462993,0.0030847638145743103,0.0001,9.095625049976988e-06,0.005897128984075665,0.00032854129762344776,9852,0.32126031979676317
287,0.3246754426330406,0.3164746281315679,0.003132702894150397,0.0001,9.145636690148733e-06,0.0058388152334689055,0.00031255503192388466,9833,0.3246754426330406
288,0.31686023983585404,0.3169825761765518,0.0030634876168363356,0.0001,8.877860346051918e-06,0.005795917239724368,0.00029940354832117157,9863,0.31686023983585404
289,0.31914856175904427,0.3175311489917575,0.003217224294724833,0.0001,9.918391762852152e-06,0.006165806828647281,0.00032228493001889056,9894,0.31914856175904427
290,0.3152537752061389,0.31811199700303566,0.003068052598967746,0.0001,8.638289723030388e-06,0.005631122312529298,0.00031979728162041706,9900,0.3152537752061389
291,0.3304240599601838,0.3186314336828747,0.002965835297023106,0.0001,8.966837036736496e-06,0.006046753200177208,0.00030422983131791565,9659,0.3304240599601838
292,0.32102098228709414,0.31914586021776503,0.0029826722398418647,0.0001,8.380859323293725e-06,0.00561969847799171,0.0003104765113066038,9808,0.32102098228709414
293,0.3150659586027281,0.3193886921906289,0.0023313693130715143,0.0001,6.373583703718643e-06,0.00546767401285009,0.0002934517328499598,9998,0.3150659586027281
294,0.3260336534876992,0.3198698446288399,0.0029704809326579736,0.0001,8.38125375771646e-06,0.005643028147780061,0.00032706360910405744,9746,0.3260336534876992
295,0.3269841416892114,0.3203633627705965,0.002883051818070442,0.0001,8.129228728654047e-06,0.005639321969658351,0.00029429674902454035,9782,0.3269841416892114
296,0.31787360912248347,0.3209031097783096,0.002985004319348998,0.0001,8.798087385693973e-06,0.005894857390097683,0.0003221519516343246,9941,0.31787360912248347
297,0.32628837564493185,0.3213616707885931,0.002681947031163143,0.0001,7.335448985680911e-06,0.005470241507715069,0.00028136098609290316,9712,0.32628837564493185
298,0.32700111526979225,0.32187000352678663,0.0028298968780494102,0.0001,7.816065368605088e-06,0.005523922393944291,0.0003096054875060689,9741,0.32700111526979225
299,0.32620972372285234,0.3223781092335949,0.0032074759817404923,0.0001,9.705104079993087e-06,0.0060515521458257325,0.00030046773444059065,9743,0.32620972372285234
300,0.3196300615165981,0.3228417462643616,0.0027263742132432956,0.0001,7.3801828365969804e-06,0.005413917723214901,0.0002850814413914955,9846,0.3196300615165981
301,0.32517545248490265,0.3233774616945735,0.0029503274071677158,0.0001,8.291055451897635e-06,0.005620430757450722,0.0002942569904723301,9782,0.32517545248490265
302,0.3266637837472919,0.32394859488268934,0.0031774587723003745,0.0001,9.199189115270342e-06,0.005790280708259472,0.00029720302232448905,9741,0.3266637837472919
303,0.32943988542732244,0.3244768155370336,0.003108027718187116,0.0001,8.871362800790456e-06,0.005708676759141029,0.0002860184441301612,9695,0.32943988542732244
304,0.3296075776118541,0.3249570785271576,0.0030018259460879207,0.0001,8.467551357405368e-06,0.005641600485491546,0.0002801648606352147,9623,0.3296075776118541
305,0.3286358799334467,0.3253594065939246,0.003049090421104643,0.0001,9.145244153589881e-06,0.005998670351190626,0.0002847224333708641,9731,0.3286358799334467
306,0.3188406127811283,0.3259603418336971,0.0032655048930546695,0.0001,9.49720004274582e-06,0.005816680944466018,0.00028511557324120793,9898,0.3188406127811283
307,0.34107833733757065,0.3264406617027802,0.003021615967145336,0.0001,8.986327533639028e-06,0.005948027566275297,0.00028338863145501304,9439,0.34107833733757065
308,0.31825837989093775,0.3267684467445262,0.0026515972385298117,0.0001,7.510505814719655e-06,0.005664891866370991,0.0002811507505500038,9949,0.31825837989093775
309,0.3291160028389337,0.32720630611652346,0.0027680318051899475,0.0001,7.291060859806543e-06,0.0052680470261476766,0.00012675717188427436,9633,0.3291160028389337
310,0.322733840762331,0.32773209455356134,0.0029491732429507865,0.0001,8.35672475079249e-06,0.005667164362600275,0.00015493816796971176,9734,0.322733840762331
311,0.32868131211048657,0.3281999085700993,0.0029308755350401085,0.0001,7.958265343575441e-06,0.005430640263245799,0.0001510348184141764,9687,0.32868131211048657
312,0.33716555009862925,0.3287171907647424,0.0028335868404737053,0.0001,7.484230768771031e-06,0.005282513782086774,0.00014933382311099148,9549,0.33716555009862925
313,0.33289982463304024,0.329088275412796,0.002754593392699546,0.0001,7.307525203349093e-06,0.005305701540355179,0.0001262392969262958,9710,0.33289982463304024
314,0.32413401159730987,0.32964738072161154,0.003055879120085289,0.0001,8.403575471212088e-06,0.005499939716841644,0.00015590078040212288,9859,0.32413401159730987
315,0.3421228805973267,0.3302128840945809,0.003007962616970958,0.0001,7.880194654057678e-06,0.005239556242885156,0.0001445450312102189,9395,0.3421228805973267
316,0.3245294015956238,0.3305827229592706,0.0028267033290579084,0.0001,8.013195997308957e-06,0.005669640612748432,0.00016267753682602657,9791,0.3245294015956238
317,0.33287559573743386,0.33108587945359313,0.0030010120484408463,0.0001,8.405969065371903e-06,0.005602089514928247,0.00014887970862463248,9573,0.33287559573743386
318,0.33798948369991966,0.3316273854993015,0.0030913616777534904,0.0001,8.440823725433346e-06,0.00546090985482316,0.00015105436175494156,9497,0.33798948369991966
319,0.327702329199912,0.3320623479118081,0.003013230464953095,0.0001,8.711157654284413e-06,0.005781939188259213,0.00026944563565658053,9733,0.327702329199912
320,0.3389286861416594,0.3324197805298845,0.0027196202947817644,0.0001,7.341113925399455e-06,0.005398631521823191,0.0002776608964778181,9434,0.3389286861416594
321,0.317101824040658,0.3327970024428738,0.0027103646684042593,0.0001,7.676729959566793e-06,0.005664721097538882,0.00028042909035487154,9910,0.317101824040658
322,0.33293529305992214,0.333243892175452,0.002969487851405992,0.0001,8.209968285584575e-06,0.0055295516913445655,0.0002605814122516524,9534,0.33293529305992214
323,0.32370537776782626,0.33367328920589023,0.002795018122421816,0.0001,7.819160800543629e-06,0.00559506984074115,0.0002703981115258236,9743,0.32370537776782626
324,0.33804425537385396,0.33403964500673544,0.0026539278418148925,0.0001,6.784538466791589e-06,0.0051128281333768085,0.00025928865678208416,9464,0.33804425537385396
325,0.3351073778453588,0.3344728917141221,0.0028686510499777574,0.0001,7.372856690971658e-06,0.005140295255520065,0.0002473749382134773,9488,0.3351073778453588
326,0.32849724287527965,0.3349048465356036,0.0028626337661556375,0.0001,7.495470802892598e-06,0.005236765451110158,0.000254248613598043,9686,0.32849724287527965
327,0.32806819265945947,0.33537651096360965,0.00292947555012415,0.0001,7.711433828528876e-06,0.0052647197060252445,0.00026897356799126046,9670,0.32806819265945947
328,0.3256714196133187,0.33565937038731486,0.002564436258537845,0.0001,6.585003800896091e-06,0.005135634608949601,0.0002517774195334266,9742,0.3256714196133187
329,0.3318584928607595,0.3360170340033728,0.0028772902503492698,0.0001,8.014179631021288e-06,0.005570643858434829,0.0001841679601945325,9631,0.3318584928607595
330,0.33508096049368963,0.3365252644193143,0.003090265633029119,0.0001,8.686905579668344e-06,0.0056221093014281265,0.00024172994205527788,9587,0.33508096049368963
331,0.34537496706077186,0.3370931863491971,0.0030335881015978697,0.0001,7.531417298963096e-06,0.00496535260999745,0.0001826188189523885,9311,0.34537496706077186
332,0.3399109241480101,0.3374547500846607,0.0028024745421140534,0.0001,7.477678199922184e-06,0.005336482517540646,0.0001441512590099077,9471,0.3399109241480101
333,0.3346292011530939,0.33785043662729886,0.0029926461874900524,0.0001,8.66657338540001e-06,0.005791913138030333,0.00023496377097347672,9611,0.3346292011530939
334,0.3241610704258122,0.3383454676836397,0.0031340062731714385,0.0001,8.614382053352534e-06,0.005497361078754486,0.00014783327153424826,9845,0.3241610704258122
335,0.3498429421609668,0.33892939426201896,0.00319191499873727,0.0001,8.45258167059931e-06,0.005296244839817584,0.0001798786810974502,9248,0.3498429421609668
336,0.3412948718248135,0.33927141365450353,0.0029280954783998964,0.0001,8.472517072977913e-06,0.005787049729408313,0.00020464793397181226,9463,0.3412948718248135
337,0.329893639395477,0.3396515770832236,0.002956584250676615,0.0001,8.182557214674626e-06,0.005535142259383981,0.0001880359808613471,9609,0.329893639395477
338,0.3514730391683045,0.340044986554324,0.002774386334019079,0.0001,7.211252900963751e-06,0.005198448977736466,0.00022651216838244148,9285,0.3514730391683045
339,0.33494349658086264,0.340492914756357,0.002913956968477238,0.0001,7.594934312198307e-06,0.005212797851415927,0.00022571990263157003,9571,0.33494349658086264
340,0.33702985433993904,0.3408398260379279,0.002782157581967635,0.0001,7.889012490461909e-06,0.0056711471281094975,0.00021582213877564599,9535,0.33702985433993904
341,0.3411777280318439,0.3411457851581364,0.0028899681716922985,0.0001,8.01080231635837e-06,0.005543868887433061,0.00026225401769485037,9458,0.3411777280318439
342,0.3425952178092809,0.3415812328630333,0.003025177283879418,0.0001,8.287710945761528e-06,0.005479157198439332,0.00021852461140480165,9458,0.3425952178092809
343,0.3370559438240336,0.3418716917933514,0.002640434255238778,0.0001,6.72991375114283e-06,0.0050975810041778424,0.00021525422096243014,9520,0.3370559438240336
344,0.3323338293455803,0.34233372764713454,0.0028503857397006033,0.0001,7.1945204464834205e-06,0.005048103031303485,0.000223513318994293,9610,0.3323338293455803
345,0.34876094708524286,0.34280837909597817,0.003045110286669792,0.0001,8.268243511811817e-06,0.005430505126863023,0.00022015385651274864,9288,0.34876094708524286
346,0.3381087281704269,0.343219836662109,0.002849354002006296,0.0001,7.309463420173161e-06,0.005130610949026622,0.0002380425869898684,9513,0.3381087281704269
347,0.3448510655889089,0.3436764924245168,0.0030356223635383296,0.0001,8.025509878462819e-06,0.0052875548519205565,0.00023739273445001064,9393,0.3448510655889089
348,0.3519170896751166,0.34417952559099135,0.002944347127416999,0.0001,7.545406708884069e-06,0.005125351313792585,0.0002246227060436792,9229,0.3519170896751166
349,0.34060766206208737,0.3444906059906142,0.0026204813242919657,0.0001,6.285113855487889e-06,0.004796915587395822,0.00026945292468125127,9401,0.34060766206208737
350,0.341231604427781,0.34474758843302844,0.002706877287244597,0.0001,7.309220823210895e-06,0.005400481845005354,0.0003106540490913544,9408,0.341231604427781
351,0.3445878365849132,0.34520953368763313,0.0029915057070305194,0.0001,7.856245612620542e-06,0.005252368794856117,0.0002899720672535697,9344,0.3445878365849132
352,0.33670745779817135,0.34549862351661087,0.0027385260872852518,0.0001,7.5279380723929305e-06,0.00549780271025682,0.00030212232234139684,9635,0.33670745779817135
353,0.3446694453260745,0.3456138230459295,0.002218802409292086,0.0001,5.626616425068914e-06,0.005071759793936854,0.00029500024931083843,9378,0.3446694453260745
354,0.3392293430744707,0.3461530658477997,0.003140465330965424,0.0001,8.458412052370334e-06,0.005386725316767052,0.0003006181676117008,9468,0.3392293430744707
355,0.34028069750282885,0.3465353274102314,0.0026534594038435484,0.0001,6.46571355445257e-06,0.004873421877181879,0.00028181153568690724,9407,0.34028069750282885
356,0.3432585960557427,0.34680646630908496,0.002759279534531692,0.0001,7.239262391822801e-06,0.005247212035768936,0.0002830395490755642,9349,0.3432585960557427
357,0.3455341725854656,0.3471818942124876,0.002673352291341893,0.0001,6.35101583062243e-06,0.004751349720118279,0.0002698934156765678,9360,0.3455341725854656
358,0.34354246919838904,0.3475762698195967,0.0030985658862807807,0.0001,8.95544295387664e-06,0.0057803792351344115,0.0003336158052134618,9382,0.34354246919838904
359,0.34787307251041555,0.34787351834134356,0.0026263049407241226,0.0001,7.113446341712995e-06,0.0054170757031372615,0.00043181574823870206,9315,0.34787307251041555
360,0.34720939955653984,0.3481047354245546,0.002475144699454702,0.0001,6.093175879452317e-06,0.004923490639391468,0.0004100175187967204,9277,0.34720939955653984
361,0.3534760456393217,0.3485586452328628,0.002985578137663892,0.0001,7.753136528620627e-06,0.005193725416737663,0.00041811595449317893,9149,0.3534760456393217
362,0.34560873229922795,0.34895128683367915,0.002983916722673434,0.0001,8.01643863615819e-06,0.005373098099719002,0.00040471651876945004,9360,0.34560873229922795
363,0.3572725815123171,0.34921177869252773,0.0026916413774670375,0.0001,6.758988920816665e-06,0.005022206135928252,0.0004044352866025015,9134,0.3572725815123171
364,0.34312545351300505,0.34960143313258696,0.0030223015237242417,0.0001,8.104011281202357e-06,0.005362807924747468,0.00039955741550380447,9351,0.34312545351300505
365,0.35466441307777363,0.34975801690250247,0.0021873726869251157,0.0001,5.260549009355376e-06,0.0048099247474378565,0.0003979285913917194,9155,0.35466441307777363
366,0.3398229798673572,0.350119854150866,0.0027173032295310508,0.0001,7.1188868989624304e-06,0.005239670583390137,0.0004265814581957071,9387,0.3398229798673572
367,0.35157974652380153,0.35035379526861476,0.0026570977352586554,0.0001,6.941912730293238e-06,0.005225184334152826,0.0004016213981124572,9270,0.35157974652380153
368,0.3545090544533104,0.350741298572239,0.0027996324709518754,0.0001,6.972566964648326e-06,0.004981058790390191,0.0004167225912867203,9187,0.3545090544533104
369,0.33950290545458306,0.3510012308871709,0.0026824667871316837,0.0001,6.931839860741295e-06,0.005168257735003232,0.00040495906272975686,9464,0.33950290545458306
370,0.3562411542532289,0.35146149025792217,0.0028215062810448993,0.0001,6.982556456311552e-06,0.004949523949828441,0.000383262025361801,9192,0.3562411542532289
371,0.36377842596143395,0.3517652427394565,0.0025975354341987635,0.0001,6.23416639486697e-06,0.004800062638444786,0.00037101465482453815,8916,0.36377842596143395
372,0.34907279787342704,0.35195713724598443,0.002360406877941621,0.0001,6.14271999807892e-06,0.005204797575776971,0.00038984629273001195,9287,0.34907279787342704
373,0.3557046548090761,0.3522200709781714,0.0026193589231680524,0.0001,6.9428951871641555e-06,0.005301217122827053,0.0003788289404896916,9191,0.3557046548090761
374,0.3646617440980469,0.3525845596227092,0.002917660464641987,0.0001,7.569037003920162e-06,0.005188428945483157,0.0004070629298608568,8991,0.3646617440980469
375,0.35222360838083433,0.3526785688948967,0.002358035458995377,0.0001,6.042201773871289e-06,0.005124776008623316,0.00037286982500772296,9253,0.35222360838083433
376,0.36009461907403506,0.3529551216274933,0.0025480068708199012,0.0001,5.908442580293115e-06,0.004637697525824871,0.00036378238257401695,9035,0.36009461907403506
377,0.3470724689456432,0.35338289235127157,0.0029774695932398543,0.0001,7.711158368608591e-06,0.005179672286908493,0.0003835694449045052,9336,0.3470724689456432
378,0.35805640888788315,0.3536711529595294,0.002703275604570077,0.0001,6.580362476383274e-06,0.0048684362521222106,0.0003958877016561906,9139,0.35805640888788315
379,0.352804945808325,0.3540772663434206,0.0029120287720429926,0.0001,7.220498324582097e-06,0.004959084466405466,0.0001579005795908335,9184,0.352804945808325
380,0.3520160969987948,0.35438825199658386,0.002807138882203184,0.0001,7.32028721168038e-06,0.00521547918992526,0.0001450480806599927,9225,0.3520160969987948
381,0.36629362796935705,0.3548726293187792,0.0030327721336886617,0.0001,7.882147241931523e-06,0.005197981842667965,0.0002049537034497693,8946,0.36629362796935705
382,0.36175652541822173,0.3552222906017148,0.0026039540106066504,0.0001,5.818736341754513e-06,0.004469154461294734,0.0001566449562141289,9013,0.36175652541822173
383,0.3580629713805962,0.35556059697811493,0.002822888825631079,0.0001,7.112364136843154e-06,0.005039067831694102,0.00014381756730752802,9066,0.3580629713805962
384,0.35955072445718284,0.35601574883394005,0.003017165573376827,0.0001,7.68251306331511e-06,0.005092536605285999,0.00015350156258462115,9064,0.35955072445718284
385,0.3486164566244862,0.3563338432362293,0.0025865702466825805,0.0001,6.014616239958042e-06,0.004650649830734054,0.0001859635686341554,9268,0.3486164566244862
386,0.35173295371932345,0.35664152736271476,0.0027635070552055985,0.0001,6.9643126329035364e-06,0.005040198916651876,0.00014277370184101573,9252,0.35173295371932345
387,0.3503710746431594,0.35694347202218196,0.003108309014294739,0.0001,8.90905357834865e-06,0.005732411763037063,0.00016093924948089148,9237,0.3503710746431594
388,0.3602516687333951,0.3572585337399817,0.002583543751419955,0.0001,5.943800976256502e-06,0.0046012775847048834,0.00013214160513362288,9095,0.3602516687333951
389,0.3651737569688088,0.3576679832629987,0.0028703214814130235,0.0001,6.928453685223349e-06,0.004827649954953867,0.0002690903741645813,8923,0.3651737569688088
390,0.3564841706249361,0.35789586207618984,0.002519833469126626,0.0001,6.193528300513042e-06,0.004915823506907952,0.0002600754225863085,9126,0.3564841706249361
391,0.36084818104717337,0.3581928427893494,0.002504763865056279,0.0001,5.564583534430138e-06,0.004443200105256317,0.00025760915265784964,9032,0.36084818104717337
392,0.3594944497783853,0.35834509144324633,0.002246567501910034,0.0001,5.590536102438465e-06,0.004976958046161876,0.00026445506947131176,9106,0.3594944497783853
393,0.35371610044784696,0.3587142409440596,0.002920661139679639,0.0001,7.576177215219504e-06,0.005187987823914772,0.00028965995359659513,9107,0.35371610044784696
394,0.3560372682764395,0.35906557888523627,0.002753157587754691,0.0001,6.610635072633752e-06,0.004802220622630604,0.0002854372369785963,9120,0.3560372682764395
395,0.3602832955838522,0.3592434013139527,0.002391574292483723,0.0001,5.475271674390915e-06,0.004578801245354314,0.0002613278507598269,9048,0.3602832955838522
396,0.3595553178320454,0.3593452170114235,0.002149018067298816,0.0001,5.018106617208118e-06,0.004670139068226234,0.00025863676068505723,9069,0.3595553178320454
397,0.3533354441108817,0.35961536658189586,0.002725774307773405,0.0001,7.060670439282707e-06,0.005180671355766307,0.0002836306266387177,9236,0.3533354441108817
398,0.35758100972591333,0.3599578054858919,0.0026304200877527483,0.0001,6.210446131680882e-06,0.004722018479555228,0.0002520435065643641,9140,0.35758100972591333
399,0.37223323096925853,0.36025483466533814,0.002632142809807014,0.0001,6.044945317735838e-06,0.004593174272469697,0.00027132173379385265,8815,0.37223323096925853
400,0.35542352208589967,0.3605722856975433,0.0027414253362385206,0.0001,6.7981211503411426e-06,0.004959552288714723,0.0002405400188333854,9141,0.35542352208589967
401,0.366613776433272,0.3609416281374826,0.0029291455420130575,0.0001,7.269897117708022e-06,0.004963834683825086,0.0002520445134937915,8880,0.366613776433272
402,0.3602338704999214,0.36133724910350074,0.002765669269732617,0.0001,6.260997618785508e-06,0.00452765461677261,0.0002585086347071901,9006,0.3602338704999214
403,0.37715229790182014,0.36159904231669165,0.0025987550847213986,0.0001,6.256497362203863e-06,0.004814995763923321,0.00021465575871927614,8706,0.37715229790182014
404,0.35668790761039965,0.3619613388946117,0.0029366112211601566,0.0001,7.363885187940816e-06,0.00501522648614793,0.00026294263427369444,9081,0.35668790761039965
405,0.36007078892409783,0.3622118422756715,0.002429622458563915,0.0001,5.8392900051414725e-06,0.004806746813324175,0.0002702573283803947,9002,0.36007078892409783
406,0.36563516601358304,0.36263165754117244,0.00311693998040519,0.0001,8.044486422872726e-06,0.00516178461789115,0.00024765398017952855,8945,0.36563516601358304
407,0.3582389617007329,0.3628704456345515,0.0024963153756128393,0.0001,5.460511512419061e-06,0.004374857091987841,0.00022728903832431173,9133,0.3582389617007329
408,0.3668137990144092,0.36328047204326375,0.003048143447101316,0.0001,7.733908927503272e-06,0.0050745045708777015,0.00026148098271263357,8900,0.3668137990144092
409,0.3701874429281385,0.36356223571282076,0.0024373364149265103,0.0001,5.4197435018751715e-06,0.004447267491417335,0.00018770872940866007,8826,0.3701874429281385
410,0.35817647364031024,0.36385716859093997,0.0025674016790069843,0.0001,6.1676492368899414e-06,0.004804584562923131,0.00021533904235767666,9076,0.35817647364031024
411,0.35412216404087926,0.36402761211402357,0.002475926841619012,0.0001,5.791764664917075e-06,0.004678461873396737,0.00020359921404597886,9182,0.35412216404087926
412,0.35734992369246293,0.36409799413248556,0.002258813945645201,0.0001,5.616303235602287e-06,0.0049727895884741045,0.00015168127051161742,9120,0.35734992369246293
413,0.36638491987541705,0.3643119022893972,0.0024568351399213563,0.0001,5.6962291451085735e-06,0.0046370462979383395,0.0001839164048796269,9016,0.36638491987541705
414,0.34585739898806755,0.3647270408377289,0.002893090180536698,0.0001,6.828349347141772e-06,0.00472045385455288,0.00016962431225964775,9264,0.34585739898806755
415,0.363296522230372,0.3650730100213695,0.0027621441230375127,0.0001,6.279404856381246e-06,0.004546761194688005,0.0002163800282838841,8963,0.363296522230372
416,0.3599927661542325,0.3652334886735643,0.0024334864923640635,0.0001,6.063009525025958e-06,0.004982981860841081,0.0002176072798170521,9016,0.3599927661542325
417,0.3615389246272369,0.36545196030960325,0.0024220936554879614,0.0001,5.495858501217195e-06,0.004538105691136031,0.0001725253390910239,9056,0.3615389246272369
418,0.3656919995585739,0.3656607739716045,0.002487630473300224,0.0001,5.7514624016230395e-06,0.004624048839531091,0.0001742661339317946,8902,0.3656919995585739
419,0.3675395939445103,0.36586708894857267,0.002355070072796307,0.0001,5.1241070104743296e-06,0.004351553756012185,0.0003444891807244026,8915,0.3675395939445103
420,0.36053816817805007,0.3660434830156847,0.0025434933371825366,0.0001,6.301873639268514e-06,0.00495529007066257,0.00035698050238545216,9046,0.36053816817805007
421,0.3596595857206289,0.3663230697793583,0.00257777836307277,0.0001,5.8895078593999545e-06,0.004569444715471604,0.0003262455426367616,9044,0.3596595857206289
422,0.3726206011651064,0.36656938954261475,0.0025061614377961477,0.0001,5.514853122622525e-06,0.00440103581473358,0.0003104627552713947,8798,0.3726206011651064
423,0.3630560624306582,0.3667941568148593,0.002626088582724585,0.0001,6.275953983222417e-06,0.004779697093622844,0.00033754236182472765,8990,0.3630560624306582
424,0.3583192474035434,0.367076072016271,0.0028036670237887406,0.0001,6.9185375603738e-06,0.004935348956684892,0.0003680776270638767,8938,0.3583192474035434
425,0.3686923210286611,0.36737880157174463,0.0025928326395622194,0.0001,5.699950981271478e-06,0.004396697954430158,0.0003543656223032694,8889,0.3686923210286611
426,0.3609736654127085,0.3675556748542934,0.0023554849912970285,0.0001,5.493146031514231e-06,0.004664131634725022,0.00033988320986433487,9074,0.3609736654127085
427,0.3700482585335132,0.3679259610007023,0.00300189976788449,0.0001,7.626709760391521e-06,0.005081255438296156,0.0003374420416075077,8868,0.3700482585335132
428,0.36837710373634397,0.3681591484662815,0.002621111618797687,0.0001,6.33928812459798e-06,0.00483709894621415,0.0003297213965826907,8889,0.36837710373634397
429,0.37015954117845373,0.36833128286324435,0.0020973019866371667,0.0001,4.678240916303518e-06,0.004461199146437326,0.0002948811804007592,8790,0.37015954117845373
430,0.36868250981442063,0.36855984022266775,0.002515962167792674,0.0001,5.817782274896991e-06,0.004624697739394945,0.00030407515081992497,8844,0.36868250981442063
431,0.3714775812098985,0.36878140908576434,0.002518299981979807,0.0001,5.863125336025686e-06,0.004656415342080322,0.0002953634352649435,8873,0.3714775812098985
432,0.37242080256660687,0.36921497344914783,0.002950468262612713,0.0001,6.7386823284396675e-06,0.004567873116162515,0.0002806019928987154,8724,0.37242080256660687
433,0.36459104833868605,0.3693381005327396,0.002419135004679023,0.0001,5.7556903543123935e-06,0.0047584697366454525,0.00028761898328787,8934,0.36459104833868605
434,0.377790488170507,0.36954568318534065,0.002464028544264859,0.0001,5.630512705357822e-06,0.004570168408530089,0.0002991050772558281,8686,0.377790488170507
435,0.3593493730473116,0.3696758980381555,0.0025196120511212124,0.0001,6.228070116562445e-06,0.004943673859466572,0.00031337949153839595,8981,0.3593493730473116
436,0.3628829790591268,0.3698849132478724,0.0025870490061133426,0.0001,6.285695396585155e-06,0.004859355490933262,0.00029924297516634293,9087,0.3628829790591268
437,0.3729738643557695,0.3700024856758972,0.002472395122887989,0.0001,5.941162210821632e-06,0.004805997355213836,0.0002966245911749005,8762,0.3729738643557695
438,0.3668713881832245,0.3702705966031399,0.0027209431560345177,0.0001,6.329729329596856e-06,0.004652599460270796,0.0003035604521926685,8901,0.3668713881832245
439,0.37156523256953183,0.3705711193588086,0.0027519016192957364,0.0001,6.360190081718463e-06,0.004622396409175526,0.00020605921524791305,8855,0.37156523256953183
440,0.3868916189603119,0.37079131702450374,0.0023951614037277464,0.0001,5.337285853133998e-06,0.004456723329648876,0.0001885981178746843,8545,0.3868916189603119
441,0.3792184266388341,0.3710381666639102,0.0025032352083232375,0.0001,5.312597033166196e-06,0.004244584780129211,0.00016871917667056084,8688,0.3792184266388341
442,0.3639373857485401,0.3713572088361665,0.0027788478554672605,0.0001,6.359139028909517e-06,0.00457681698290764,0.0002358803700477462,8925,0.3639373857485401
443,0.376097540973647,0.3714893754449863,0.0023589649075876273,0.0001,5.436470328905132e-06,0.0046091998328747375,0.0002030670200366602,8687,0.376097540973647
444,0.37895534896621186,0.37175572038091287,0.0026014901784355772,0.0001,5.768097708422863e-06,0.0044344566481442915,0.00019296686348463837,8699,0.37895534896621186
445,0.37383864916643605,0.3720657077766687,0.0025754619114756877,0.0001,5.684183734823713e-06,0.0044141081718166745,0.00019203019252012068,8798,0.37383864916643605
446,0.36893750183948226,0.37234556551193565,0.0026711771441850505,0.0001,6.332569693438992e-06,0.004741407515577554,0.00020928759858048894,8837,0.36893750183948226
447,0.36633645420962846,0.3725255806619542,0.002429216720117283,0.0001,5.425880575581476e-06,0.004467185270583443,0.00015037349409421645,8893,0.36633645420962846
448,0.376703365060824,0.37262889154803763,0.0019417897349609731,0.0001,3.922749569917915e-06,0.004040344326979106,0.0001865133082379264,8629,0.376703365060824
449,0.3853491228890853,0.37292578494393347,0.0026884317714326745,0.0001,6.165267885639181e-06,0.004586516162434495,0.0003378269890203453,8468,0.3853491228890853
450,0.3766551409357467,0.37325588988951636,0.0026952581190642227,0.0001,5.91000306474759e-06,0.004385482060471082,0.00039165495230780636,8720,0.3766551409357467
451,0.38279194473276934,0.3734408964337127,0.0025723079193496743,0.0001,5.82430188275276e-06,0.004528463982823058,0.00032597421191543375,8561,0.38279194473276934
452,0.37559234470273045,0.3736586559278488,0.0024857795131655257,0.0001,5.463640482446512e-06,0.004395917219133258,0.00036327440659508157,8756,0.37559234470273045
453,0.37149300161634274,0.3739381499576898,0.002399967533976345,0.0001,4.953236210792819e-06,0.004127752680542419,0.00032487257789870765,8836,0.37149300161634274
454,0.37198131687982094,0.37421069896813025,0.0028659340520829227,0.0001,6.977070664429846e-06,0.004868968048555761,0.0003573059911062406,8818,0.37198131687982094
455,0.3823837101419374,0.3744720140495022,0.002712549632894165,0.0001,6.157448828078407e-06,0.0045399713637746,0.0003696555638781887,8593,0.3823837101419374
456,0.3726746788872758,0.37473071359412,0.002509615987819923,0.0001,5.653831921260245e-06,0.004505734701006323,0.00034866805957537426,8797,0.3726746788872758
457,0.3757853490867601,0.37491338242379624,0.0024247161581798815,0.0001,5.544538864446066e-06,0.004573350860669882,0.0003652843277022402,8655,0.3757853490867601
458,0.37174430769512845,0.3751277201158286,0.0024796890278881386,0.0001,5.28773977846889e-06,0.004264841049824918,0.00034116455844452736,8832,0.37174430769512845
459,0.3846219047327991,0.3753603969673541,0.002717276205564688,0.0001,6.44216593170534e-06,0.004741634964095649,0.0002944536241228424,8533,0.3846219047327991
460,0.37142288162023807,0.37561760814824563,0.0025673349793528663,0.0001,5.612437774147294e-06,0.004372189698098523,0.0003198271227927488,8739,0.37142288162023807
461,0.3608589360026131,0.37574826417879015,0.002137014458924654,0.0001,4.757928677318781e-06,0.004452874576911353,0.00031253383023766327,8984,0.3608589360026131
462,0.3758592330653139,0.37614100507131876,0.0030465287509833187,0.0001,7.381235143425032e-06,0.0048456691183647056,0.0002880808493397789,8756,0.3758592330653139
463,0.3645295933481004,0.3764166947936509,0.0028116250521285353,0.0001,6.617468338093352e-06,0.004707219643731378,0.0002907159552299007,8947,0.3645295933481004
464,0.38060727704977243,0.3765851643769468,0.00230032952992648,0.0001,4.800616368738636e-06,0.0041738510124608675,0.0002857090481799013,8679,0.38060727704977243
465,0.3726898643196872,0.3767254259769912,0.0024813717098624215,0.0001,5.682279556588791e-06,0.004579950302491232,0.00028248456074803606,8775,0.3726898643196872
466,0.37551842694241466,0.3769878059475702,0.0024351771647983895,0.0001,5.0429992869932935e-06,0.0041417925232645715,0.000311846970643181,8675,0.37551842694241466
467,0.39487815639713614,0.3770608935437085,0.0019552932570517175,0.0001,4.015842484469333e-06,0.004107662592285115,0.0002636800264685987,8355,0.39487815639713614
468,0.3757306253735371,0.3773397509920987,0.0025364196262968658,0.0001,5.33721491595791e-06,0.00420846366320715,0.0002854188413398536,8774,0.3757306253735371
469,0.375314252748725,0.37769401135824066,0.002894272921976483,0.0001,6.590104457419552e-06,0.0045538929016543505,0.00026090623700769774,8694,0.375314252748725
470,0.3761475759463391,0.3778807210510844,0.0024555243769829806,0.0001,5.292169220592747e-06,0.004310418801132047,0.00028160710516638565,8649,0.3761475759463391
471,0.3855048427811843,0.37809666227633154,0.002592852297785684,0.0001,5.8717856888121394e-06,0.004529209545662658,0.0002801871271845314,8556,0.3855048427811843
472,0.3714918593726905,0.3783832505714429,0.0025622851691742255,0.0001,5.1269348713669295e-06,0.004001845643917331,0.00025101679203426506,8768,0.3714918593726905
473,0.37746690819020867,0.3786335045633747,0.002706813448427532,0.0001,6.151309835038461e-06,0.004545056356663175,0.00028522808161420655,8718,0.37746690819020867
474,0.38563741727396866,0.37882954896605264,0.0021670586309699424,0.0001,4.1216511960486394e-06,0.003803912951080471,0.00025420155884511386,8584,0.38563741727396866
475,0.371782749932525,0.37913069364521046,0.0026680721783236836,0.0001,5.854359678445531e-06,0.004388456748665436,0.00027623127589423285,8824,0.371782749932525
476,0.3774067308977414,0.379290607539581,0.0024759835097498376,0.0001,5.446625948926854e-06,0.004399565608962523,0.0002709305545865385,8732,0.3774067308977414
477,0.3716264875543628,0.37937849819046593,0.0023052726343501433,0.0001,4.9948930072080186e-06,0.004333451005126845,0.0002737871738014904,8811,0.3716264875543628
478,0.37800150754637724,0.3796158055606068,0.002513875203415404,0.0001,5.26698002610703e-06,0.004190327363069733,0.0002677767956746749,8742,0.37800150754637724
479,0.37475174241651205,0.379777816219799,0.0024976931048271717,0.0001,5.481289985326721e-06,0.004389082049138299,0.0004279253849496138,8761,0.37475174241651205
480,0.38239623178871607,0.38006809764219407,0.0024023420807284456,0.0001,4.540756879272301e-06,0.0037802750205294974,0.00038733729337484766,8569,0.38239623178871607
481,0.3704983676048448,0.38020856086051896,0.0025301296865666394,0.0001,5.9593946800247014e-06,0.004710742466416052,0.0004488343861268022,8876,0.3704983676048448
482,0.3764351244454642,0.38039411971174675,0.0022451367899511926,0.0001,4.711018135316035e-06,0.004196642410744558,0.00041962464086198897,8716,0.3764351244454642
483,0.38257449959136525,0.3806389502981625,0.0026402496063501397,0.0001,5.834264133793187e-06,0.0044194792187534325,0.0004049590145320079,8515,0.38257449959136525
484,0.3729754592102572,0.38078888144903633,0.0026035895929642596,0.0001,6.079317331106703e-06,0.004669950554061963,0.00041806356677097476,8793,0.3729754592102572
485,0.38186764547437324,0.38105004529947706,0.0027170409646573323,0.0001,6.166274720263228e-06,0.004538963379995198,0.0004164975566516639,8580,0.38186764547437324
486,0.37255006128581303,0.3812173297668838,0.00223155585508636,0.0001,4.359907705597727e-06,0.003907504887820969,0.00042226236300257154,8785,0.37255006128581303
487,0.3838164233347749,0.381346784635401,0.002247955904911155,0.0001,4.771148376984408e-06,0.004244877194041738,0.0004394742954374972,8593,0.3838164233347749
488,0.3823892608841535,0.3814512022931297,0.0019884802276794477,0.0001,4.128998994241007e-06,0.004152919336854097,0.0004040978902480687,8634,0.3823892608841535
489,0.3802362404589835,0.381665430232472,0.0025775853637460184,0.0001,5.595458334476855e-06,0.004341627953958387,0.00029183278007535013,8529,0.3802362404589835
490,0.385843177745253,0.3819598133540872,0.0027967651817918794,0.0001,6.297416809023274e-06,0.004503357557525467,0.00030353607591687747,8564,0.385843177745253
491,0.3843098610369977,0.38211405513615093,0.002452571800564971,0.0001,5.223763639552043e-06,0.004259825248213898,0.0002852859871302074,8607,0.3843098610369977
492,0.37265354058009,0.382240998136416,0.002351370710136054,0.0001,5.494822498975499e-06,0.004673718589152247,0.0003012478094021975,8733,0.37265354058009
493,0.38766663196555357,0.38246433244716305,0.002530453592056507,0.0001,5.434488265300143e-06,0.004295268075541759,0.00026143114129762097,8509,0.38766663196555357
494,0.3812433326456831,0.3826243220937757,0.002416605599372847,0.0001,5.254149831908931e-06,0.004348371809841439,0.00026479532542488,8564,0.3812433326456831
495,0.3818207040829148,0.38274277404262574,0.0021831242941402914,0.0001,4.950026353812093e-06,0.004534809462840412,0.0003190452201785795,8603,0.3818207040829148
496,0.3839524685193809,0.38288116701114894,0.0021975593138995474,0.0001,4.3519790531521866e-06,0.003960738648213906,0.00027437850819867724,8621,0.3839524685193809
497,0.38417739653748406,0.3830140532522125,0.001990643726561893,0.0001,3.938234044604236e-06,0.003956744235098353,0.0002939664200797341,8610,0.38417739653748406
498,0.3745636399506662,0.38317072393568374,0.002370344035154192,0.0001,5.1349803543277955e-06,0.0043326878108592886,0.00029223826392908963,8746,0.3745636399506662
499,0.3962126845855586,0.38334369605196666,0.002528819341784422,0.0001,5.415221405198245e-06,0.004282806063462864,0.0003057078342966068,8308,0.3962126845855586
500,0.3856211009728839,0.3835221957212722,0.002408217805761677,0.0001,5.105195397820086e-06,0.004239812018336442,0.00028685198670885055,8508,0.3856211009728839
501,0.3820171248156005,0.38356229724630686,0.0021177070270996263,0.0001,4.6292451688125e-06,0.004371941075487323,0.0003153550765228085,8637,0.3820171248156005
502,0.3909172903962109,0.38367941686211304,0.0024024964433423403,0.0001,5.280911572458078e-06,0.004396186797355922,0.0002893449061362359,8393,0.3909172903962109
503,0.3957391385284744,0.3838703924581248,0.002542502193957272,0.0001,5.432801991267696e-06,0.004273586865867616,0.00032641090396141816,8315,0.3957391385284744
504,0.3884446595088904,0.38404341539122416,0.0025026559735544965,0.0001,5.368436834284829e-06,0.004290191613240468,0.0003102513553951348,8511,0.3884446595088904
505,0.38480270271573247,0.3841761021991593,0.0021738135097718455,0.0001,4.3739549171197e-06,0.004024222774821904,0.0003078134620660428,8563,0.38480270271573247
506,0.39075302693221875,0.3841729482203643,0.001987132412517124,0.0001,4.078894736321446e-06,0.004105307437620287,0.000303386648241893,8428,0.39075302693221875
507,0.3949733056574427,0.3843577431194759,0.002332598460969364,0.0001,4.684026939886927e-06,0.0040161451002075806,0.00027697293371751916,8392,0.3949733056574427
508,0.39008886514576036,0.3845123281034427,0.002250216689412011,0.0001,4.528222061742946e-06,0.00402469867284309,0.0002785631001194837,8415,0.39008886514576036
509,0.384569501180969,0.384831861893695,0.00269487730311601,0.0,5.615636221226654e-06,0.004167637773143477,-0.002780373414566798,8569,0.384569501180969
510,0.39438295876668794,0.38500952005658723,0.002330982725171605,0.0,4.601908392978394e-06,0.003948470611372382,-0.0021571936221618324,8348,0.39438295876668794
511,0.3974820192610512,0.38513597846618747,0.0022815515879804162,0.0,4.552035032903728e-06,0.003990297705197276,-0.002496493188493358,8265,0.3974820192610512
512,0.3781419923824225,0.3850895768126238,0.002369054785257307,0.0,5.57177380303983e-06,0.0047037948110893275,-0.0026109757289476234,8652,0.3781419923824225
513,0.38657932426551833,0.3852353553936891,0.0023362858111607345,0.0,4.8898929473149865e-06,0.004186040016127604,-0.002598898487878014,8517,0.38657932426551833
514,0.38407532841831143,0.38540693182726005,0.002353614964671016,0.0,4.762901887931055e-06,0.004047307617791938,-0.002719206548611921,8493,0.38407532841831143
515,0.37484146357594517,0.3854381742851272,0.0018940717222757847,0.0,3.814716043068858e-06,0.004028058703590549,-0.0024361695117051537,8789,0.37484146357594517
516,0.3854966816046049,0.3854422539420759,0.002028673205323779,0.0,4.631761429630063e-06,0.00456629625459151,-0.0024486456820941,8547,0.3854966816046049
517,0.388586968900801,0.38559086087270456,0.0019946400037497993,0.0,3.947302017300083e-06,0.003957909206552962,-0.0026045103441137596,8463,0.388586968900801
518,0.39004414828032874,0.3857834249229316,0.0026799692248041028,0.0,5.9899089457535414e-06,0.004470132634594999,-0.0024352371771824803,8527,0.39004414828032874
519,0.3917796954818128,0.3860111440477456,0.0024856142438892744,0.0,5.0221105735473975e-06,0.00404094125699025,-0.00315024801825742,8489,0.3917796954818128
520,0.383118797732212,0.38620432250239467,0.0025072909158850992,0.0,5.243915619460721e-06,0.004182933528963522,-0.0029983731696269795,8614,0.383118797732212
521,0.37862235344613376,0.3863379568251968,0.002322978200704908,0.0,4.742774931577658e-06,0.0040833572438505545,-0.0032226513071185355,8690,0.37862235344613376
522,0.38299388074213764,0.38646621878096366,0.0023865062824651884,0.0,4.92342158827421e-06,0.00412604955155489,-0.0029790581995631465,8499,0.38299388074213764
523,0.38206326601674445,0.3865687147079727,0.00198856959359922,0.0,3.9273829386479036e-06,0.003949957749821085,-0.0032177199019551503,8612,0.38206326601674445
524,0.39239285981525635,0.3867560491590768,0.002441443167636096,0.0,4.96972688288989e-06,0.0040711387008871315,-0.0034074106800748892,8380,0.39239285981525635
525,0.38109637430232596,0.38706635182753757,0.0028211305783211395,0.0,6.320622993368461e-06,0.0044809148799697706,-0.003241475137276716,8609,0.38109637430232596
526,0.38907681546189654,0.38717507838618914,0.002237430518914784,0.0,5.029419824096241e-06,0.004495710397778653,-0.0035188012353187916,8496,0.38907681546189654
527,0.391359634755322,0.3873168889162212,0.00233078793654348,0.0,4.76951593935133e-06,0.004092621095700748,-0.0030266207777294917,8412,0.391359634755322
528,0.39832132142787546,0.38749673574930465,0.0023874885272700485,0.0,4.800110480754373e-06,0.00402105428020047,-0.003362835838747676,8303,0.39832132142787546
529,0.38823353986303,0.38765030404967754,0.002383710805760779,0.0,4.989052295272388e-06,0.004185954339104566,-0.0006719185052861859,8571,0.38823353986303
530,0.3817184824087082,0.3876955054629605,0.0018891794742581975,0.0,3.806224419280689e-06,0.004029500077831659,-0.0006567340147770365,8581,0.3817184824087082
531,0.38965067369144546,0.3878039974593115,0.0020377185181425085,0.0,4.147248170273293e-06,0.004070481897621205,-0.0006639143119167774,8506,0.38965067369144546
532,0.39522935417238436,0.38800107476799894,0.002295762237730053,0.0,4.6624167287587104e-06,0.004061759229360528,-0.0006631521269359409,8329,0.39522935417238436
533,0.3727076640769637,0.3881401210621236,0.0022470788769631727,0.0,4.333816016296037e-06,0.0038572887322522445,-0.0006423243822300356,8809,0.3727076640769637
534,0.38761731707750724,0.38839440588510377,0.002611371233698251,0.0,5.401519472107949e-06,0.004136921937719487,-0.0006658724952512162,8453,0.38761731707750724
535,0.3852021775196046,0.3884942068648184,0.0021134699022243657,0.0,4.019137504993844e-06,0.003803354380172454,-0.0006113810648548703,8633,0.3852021775196046
536,0.39442702939626295,0.38853852523414767,0.002111410231790235,0.0,4.368982317422412e-06,0.004138449507955651,-0.0006278845026407106,8374,0.39442702939626295
537,0.3917582579033895,0.3887598070203738,0.002493722810011205,0.0,4.994818566927861e-06,0.0040059132048484705,-0.0006374729152452955,8394,0.3917582579033895
538,0.38025849855872695,0.3888745381619075,0.002327854570586247,0.0,4.834609212866845e-06,0.0041537038214971445,-0.0006346512188911448,8657,0.38025849855872695
539,0.38884432777377304,0.38907865580019857,0.002281271442832339,0.0,4.248044422754322e-06,0.003724277911864897,-1.8013918560456056e-05,8625,0.38884432777377304
540,0.39132080501128685,0.3891394047418888,0.002010859933681312,0.0,4.2065734088092805e-06,0.004183855213732606,-2.0414553536177155e-05,8443,0.39132080501128685
541,0.3818294127189946,0.3894178017008504,0.002587545167911941,0.0,5.111862961778957e-06,0.003951129452865978,-1.141436374540911e-05,8573,0.3818294127189946
542,0.3770974766502394,0.38963662233112883,0.002516956861435206,0.0,5.187395551322519e-06,0.0041219582510958015,-1.9474362057764378e-05,8740,0.3770974766502394
543,0.3765492603252856,0.38974272972065793,0.0020548333366250844,0.0,4.277859673872332e-06,0.004163704761475603,-9.205856631521434e-06,8682,0.3765492603252856
544,0.3792291877338724,0.3899616245107332,0.002557777056030242,0.0,5.483765836919235e-06,0.0042879154177966,-5.863219115294261e-06,8653,0.3792291877338724
545,0.39930654712321545,0.39001029616799715,0.0017170086390500632,0.0,3.2394252518655894e-06,0.0037733359963264997,-1.7598753755658614e-05,8324,0.39930654712321545
546,0.37719784388070643,0.390011602134389,0.00210592029589748,0.0,4.674280814053416e-06,0.0044391811249070824,-2.014033151623458e-05,8673,0.37719784388070643
547,0.3896292741097508,0.3899866697209802,0.0017617888461715632,0.0,3.4594682842457914e-06,0.003927222370334962,-1.5561117029581225e-05,8432,0.3896292741097508
548,0.3900336024501558,0.39000501218203143,0.0019411510017509083,0.0,4.00261827690899e-06,0.004123963847530304,-1.4685493638959772e-05,8476,0.3900336024501558
549,0.3997468317222521,0.39016356931356244,0.002536470364818933,0.0,5.429120017379051e-06,0.004280846401898813,-0.0012617898996242299,8268,0.3997468317222521
550,0.3866386150697029,0.3903916671651686,0.002532335447422929,0.0,5.331936784762811e-06,0.004211082532678629,-0.001037657000142614,8599,0.3866386150697029
551,0.4009377060404221,0.3905340526283775,0.002503325416871609,0.0,5.520170305532594e-06,0.004410269850118901,-0.0010971087607356876,8255,0.4009377060404221
552,0.3964757129249604,0.39070364602058094,0.0024540309949276965,0.0,5.031921789823829e-06,0.004100943957288596,-0.0010989040375090574,8354,0.3964757129249604
553,0.40080406719215456,0.39084525766604195,0.0022424748443585366,0.0,4.205801255921872e-06,0.0037510353942230724,-0.0011026665141093252,8271,0.40080406719215456
554,0.38564863488705636,0.39096047552414737,0.002414908165436056,0.0,5.095774186343886e-06,0.004220263328666786,-0.0012624143995019017,8475,0.38564863488705636
555,0.40030669870276914,0.39105187024537014,0.002253652843522526,0.0,4.617066044191446e-06,0.004097406623617179,-0.001177084356223144,8163,0.40030669870276914
556,0.3995096418529712,0.3912277292582137,0.002499847811554182,0.0,5.243144371324809e-06,0.004194770855322662,-0.0010946035824105703,8243,0.3995096418529712
557,0.3955836291085331,0.3913746122674264,0.002363555955977896,0.0,4.995755333173695e-06,0.004227321397268764,-0.001137306446530218,8326,0.3955836291085331
558,0.3996073291840802,0.39154703523697465,0.0022613301651433298,0.0,4.259913306494326e-06,0.0037676172830996757,-0.0011045622978474285,8252,0.3996073291840802
559,0.39098580133079464,0.39170310770836225,0.002367812182928722,0.0001,4.7273628605197e-06,0.003993021823776981,0.0002732230197308003,8418,0.39098580133079464
560,0.40117856427654996,0.39188599490233406,0.0021323734947027717,0.0001,3.7171317576307645e-06,0.0034863796298958303,0.0002539312544879301,8177,0.40117856427654996
561,0.3918008476534559,0.39192147689533496,0.001994843614960773,0.0001,4.149708459931679e-06,0.004160434861971152,0.00023400988222284754,8326,0.3918008476534559
562,0.38865428848407313,0.392131919680639,0.0025083551616192864,0.0001,5.20055376860761e-06,0.0041465848602160104,0.0002499849824193648,8467,0.38865428848407313
563,0.3813700794745163,0.39227599797564006,0.00251013440412246,0.0001,5.290857546650944e-06,0.004215597011826641,0.00024321987872814508,8629,0.3813700794745163
564,0.3938288782976228,0.3922969211625614,0.0019350753719700707,0.0001,4.0642309573125276e-06,0.004200591890304299,0.00025243220412487187,8404,0.3938288782976228
565,0.388009103375071,0.3923860008006664,0.001996280531971717,0.0001,3.948153517786085e-06,0.003955509713744002,0.0002615481612595884,8468,0.388009103375071
566,0.4000532976098865,0.39264719410293347,0.002714712159153614,0.0001,5.73828723876294e-06,0.004227547454277442,0.00026557184559151866,8283,0.4000532976098865
567,0.3979310362962495,0.3927832562654776,0.0022162202805364193,0.0001,4.256679739290725e-06,0.003841386866345639,0.00023006032537742924,8324,0.3979310362962495
568,0.4031792475910483,0.39302447588902834,0.0024736410114252734,0.0001,4.667050612583106e-06,0.003773425966845549,0.00025072690125907225,8197,0.4031792475910483
569,0.3990506836595116,0.3932016895534328,0.0024136034062227744,0.0001,4.875964663897441e-06,0.0040404025378205765,0.00029545816045575043,8227,0.3990506836595116
570,0.398420924947112,0.3933442361407253,0.002564082342157446,0.0001,5.530804188191108e-06,0.004314061289886215,0.00029365165225433515,8258,0.398420924947112
571,0.3871744423846297,0.39345877538153484,0.002109679597321429,0.0001,4.011749698300834e-06,0.003803183861089032,0.00030562052175354243,8559,0.3871744423846297
572,0.38091665412046116,0.3936832320004239,0.0026247307332353037,0.0001,5.513602977251834e-06,0.004201271320853275,0.00033605163532280866,8648,0.38091665412046116
573,0.3970044433269899,0.3938279788332262,0.0024188461692873893,0.0001,4.917539667244733e-06,0.0040660210059521714,0.00031123342412981586,8388,0.3970044433269899
574,0.3894296641964483,0.3940167766364088,0.002481774797070837,0.0001,5.148491686272014e-06,0.004149040188778306,0.00030643215549978426,8399,0.3894296641964483
575,0.3973378874846203,0.39421447174594937,0.0024306978804809923,0.0001,4.723935271049112e-06,0.003886896276977316,0.0003152160095722426,8336,0.3973378874846203
576,0.3962881467885497,0.39441197963351804,0.0024871357647383457,0.0001,4.964249466238328e-06,0.00399194087964119,0.00031817809250647266,8286,0.3962881467885497
577,0.39175393219423216,0.39453722292215654,0.0022193808625768905,0.0001,4.345417236188322e-06,0.003915882406179641,0.00030451343649598694,8450,0.39175393219423216
578,0.40289312626374685,0.394784066655532,0.002459057672143944,0.0001,4.601872107882958e-06,0.0037427931520376168,0.0002989511571819979,8236,0.40289312626374685
579,0.40047740208634275,0.3948985675701534,0.0020615304305968427,0.0,4.1470774282317215e-06,0.004023299745355767,-0.0010763450403340452,8246,0.40047740208634275
580,0.3926523451435744,0.3950913301259198,0.002672900318284848,0.0,5.700282110830769e-06,0.004265241073029268,-0.0012165066275701413,8485,0.3926523451435744
581,0.39637188815896784,0.39512966512687964,0.0020440868832962964,0.0,4.39535078885344e-06,0.004300551825630321,-0.0011521771520420787,8346,0.39637188815896784
582,0.401805490017078,0.3952149477341414,0.0021623323295104063,0.0,4.313118415740267e-06,0.003989320565462608,-0.0012622674240655907,8217,0.401805490017078
583,0.3914799312896078,0.39539737469360037,0.002413002527773789,0.0,4.763646339560637e-06,0.003948314421332601,-0.001290729656836585,8413,0.3914799312896078
584,0.3960853019164522,0.3954698153397159,0.0021593382805740386,0.0,4.229257039615552e-06,0.003917178774315291,-0.0012038967763304043,8337,0.3960853019164522
585,0.3904480545426794,0.39554127951860635,0.002237571596182672,0.0,4.4763421079258665e-06,0.004001071622076869,-0.0011053533402453398,8377,0.3904480545426794
586,0.3940024408823256,0.3956389266667264,0.0020321863845384294,0.0,3.847716888396004e-06,0.0037867755808923364,-0.0012128830983624832,8372,0.3940024408823256
587,0.3921564205853687,0.3956393906513975,0.002370610227297819,0.0,5.150621092299513e-06,0.004345396837480564,-0.0012587635356941893,8380,0.3921564205853687
588,0.3892612744940007,0.3957978834641541,0.0021964719581467305,0.0,3.983467246166427e-06,0.0036271505596888846,-0.0012117498677835373,8475,0.3892612744940007
589,0.382453663066383,0.3959183700105736,0.002387766129037594,0.0001,5.072886272530038e-06,0.004249064605481024,0.00032640146329982486,8618,0.382453663066383
590,0.40437534660268337,0.3959570468672353,0.0020402003180085286,0.0001,4.166191191488369e-06,0.0040841001294961606,0.00037274612492215034,8236,0.40437534660268337
591,0.41010470321500153,0.3961252605997331,0.0022200410367788606,0.0001,4.088271336570222e-06,0.003683059248762397,0.0003369685309157194,8105,0.41010470321500153
592,0.40138792115772765,0.39631441756564606,0.002429386292889379,0.0001,4.7076130270894835e-06,0.0038755574120659967,0.00033676278185205163,8233,0.40138792115772765
593,0.39456663701832456,0.3964743112549104,0.0024016231475711813,0.0001,4.702041889540471e-06,0.003915719994867435,0.0003601485572143954,8351,0.39456663701832456
594,0.39536578761365926,0.39658367783506265,0.002274004003253696,0.0001,4.3740470623945105e-06,0.003847000318500782,0.00034929239085130744,8329,0.39536578761365926
595,0.4045591934837814,0.3966375317739764,0.0022014433822577697,0.0001,4.5651891216482984e-06,0.004147450857415467,0.0003322690925087924,8185,0.4045591934837814
596,0.39891750200754283,0.39673755589209736,0.0023581450657483745,0.0001,4.6551733353115746e-06,0.003948165363469037,0.00033103181004696345,8352,0.39891750200754283
597,0.39094741381388853,0.3969219840555566,0.002383938392281062,0.0001,4.597877758413736e-06,0.003857379681707524,0.0003120562992645249,8438,0.39094741381388853
598,0.3926904241326634,0.3970503047120888,0.0023528456899446905,0.0001,4.706028676693224e-06,0.004000286713918625,0.00032787036668550283,8455,0.3926904241326634
599,0.39650503807469173,0.39725174355492576,0.0025050093587596018,0.0001,4.911578206201634e-06,0.003921405075016316,0.00024165077884237557,8399,0.39650503807469173
600,0.39992669647959433,0.3973612144864044,0.002360060103768294,0.0001,4.701090736419499e-06,0.00398387374026051,0.00028613475863995257,8240,0.39992669647959433
601,0.3951870156038386,0.39747878188710645,0.002302589314127929,0.0001,4.468928326577899e-06,0.003881654708599599,0.0002812624423396157,8376,0.3951870156038386
602,0.38861739602579337,0.39762066176561206,0.0023803412887357244,0.0001,4.8462980963979195e-06,0.004071935498772064,0.0002764591424008549,8531,0.38861739602579337
603,0.38970512822422765,0.39756723233500735,0.0020803364096219053,0.0001,4.764354298659093e-06,0.004580369094751361,0.0002752513997732599,8445,0.38970512822422765
604,0.3927926733031657,0.39762593553535663,0.0018660667944887341,0.0001,3.5396405694103367e-06,0.0037936911796130307,0.00025228413664379136,8410,0.3927926733031657
605,0.39306574396263605,0.39779442612256555,0.002288590090146494,0.0001,4.253416307474408e-06,0.003717062593067633,0.00026388644235424635,8355,0.39306574396263605
606,0.39997308832574263,0.3978972620970612,0.0025088477216134025,0.0001,5.53739932586413e-06,0.004414296872751696,0.0003083114499525423,8335,0.39997308832574263
607,0.3902034851155961,0.398063067370572,0.0026224246090859166,0.0001,5.587924050225922e-06,0.004261647050493223,0.0002696846073427468,8458,0.3902034851155961
608,0.4039344672773256,0.3981513416206349,0.0020811705937041096,0.0001,3.634944268757283e-06,0.00349317281317889,0.00027043698021717434,8231,0.4039344672773256
609,0.404727180424183,0.3982750593509432,0.002433776214665005,0.0001,4.809158628756697e-06,0.00395201382919148,0.0001419362772221359,8137,0.404727180424183
610,0.398139399429858,0.3983018747936672,0.0020815437975367133,0.0001,3.935061243860052e-06,0.0037809065065234557,0.0001385034465744662,8236,0.398139399429858
611,0.39962066800809776,0.39834362578225235,0.002050048717983798,0.0001,4.236304367234005e-06,0.004132881653076389,0.0001565837081906437,8238,0.39962066800809776
612,0.4080384299802329,0.39845339741076524,0.001986176674254817,0.0001,3.740519740831654e-06,0.00376655288456153,0.00013961022035709414,8074,0.4080384299802329
613,0.3975294672328864,0.3986020864731725,0.0025058172426414053,0.0001,5.2789272208152e-06,0.00421333777338896,0.00015542783791298956,8306,0.3975294672328864
614,0.4055320236919281,0.39869767102487486,0.0023772040911758906,0.0001,4.8638964698172165e-06,0.0040921151767085145,0.0001651876706123832,8143,0.4055320236919281
615,0.4042379083820651,0.3988241837307437,0.002239899250535345,0.0001,4.279590985227557e-06,0.0038212352490449887,0.00016117041940919417,8176,0.4042379083820651
616,0.39629443721203716,0.3989743715049261,0.002276227566446286,0.0001,4.495521809362998e-06,0.003949975719151439,0.00017778355479482373,8392,0.39629443721203716
617,0.39910903455124214,0.3991037975203684,0.002156253903337316,0.0001,4.190267701022447e-06,0.0038866180782671372,0.00018435639148164568,8197,0.39910903455124214
618,0.39842688269496873,0.39912567007280886,0.0017202573403387,0.0001,3.423695796971042e-06,0.003980446084068973,0.00017601565938792565,8288,0.39842688269496873
619,0.39759768857384287,0.3993082881252966,0.002373348184649382,0.0001,4.619229565759899e-06,0.003892584826479899,0.00032199768725060286,8239,0.39759768857384287
620,0.3973067901283796,0.399279650497163,0.0018898808608968716,0.0001,3.827459507376901e-06,0.004050477029076343,0.0003068627294448946,8285,0.3973067901283796
621,0.38990710039831056,0.3993343831526711,0.001951689613130313,0.0001,3.613439061621212e-06,0.003702882914692178,0.00035472077706289807,8487,0.38990710039831056
622,0.4004614885176929,0.3993260529813265,0.002035460664056749,0.0001,4.354773880014503e-06,0.004278907430552136,0.00030090288756230753,8211,0.4004614885176929
623,0.39116194039997787,0.3993987144937181,0.0024524532720408307,0.0001,5.09099039719186e-06,0.004151753230311578,0.0003402812324219774,8496,0.39116194039997787
624,0.40541384898188276,0.39938510924958304,0.0016111914158119251,0.0001,3.0083949045979464e-06,0.003734373054714831,0.000356987022362314,8101,0.40541384898188276
625,0.40167464207044656,0.39942201411848993,0.002123837467161889,0.0001,3.955594405903928e-06,0.003724950206467389,0.000357557914479007,8296,0.40167464207044656
626,0.38956561981351656,0.39948997241394346,0.0021644178351055386,0.0001,3.978750791952905e-06,0.003676508969220259,0.00031458334118031106,8429,0.38956561981351656
627,0.40479466318905044,0.3995886457226209,0.0023024866887147825,0.0001,4.379085117021874e-06,0.0038037875645363416,0.0003406785695951443,8147,0.40479466318905044
628,0.3911824446797788,0.39974352246817796,0.0024514568374331388,0.0001,4.9128076142121365e-06,0.0040080718854150574,0.0003744928965651172,8471,0.3911824446797788
629,0.3985671356748681,0.39984697697691396,0.002513382652228618,0.0001,5.220251952599823e-06,0.004153965133777797,0.00035954495498094713,8288,0.3985671356748681
630,0.3978119737192569,0.3998262909577238,0.0019265017359966356,0.0001,3.817996798015123e-06,0.003963657781019296,0.00037230909542990343,8331,0.3978119737192569
631,0.399433324895747,0.39972039766107265,0.0021154653823140584,0.0001,4.805133983927728e-06,0.004542862316821751,0.0003510364628743478,8248,0.399433324895747
632,0.39852464672052107,0.399796620926397,0.0022508876559669175,0.0001,4.414949877982116e-06,0.003922852272327718,0.0004046148141587021,8275,0.39852464672052107
633,0.3972372277747478,0.39992300269060777,0.0023178777446554175,0.0001,4.621525876543053e-06,0.003987721860826705,0.00035704273069125567,8262,0.3972372277747478
634,0.39169301558525627,0.3999566588969067,0.0018534953039057744,0.0001,3.453691193602257e-06,0.0037266791950586247,0.0003568773629130066,8332,0.39169301558525627
635,0.4083023294085414,0.40013919734130693,0.0025035099125700192,0.0001,4.999238042113778e-06,0.003993783301606125,0.0003616203000566803,8091,0.4083023294085414
636,0.4020867947279019,0.4001765586494743,0.0020713504074088116,0.0001,4.1368277140322706e-06,0.003994329205947631,0.00036174226427352474,8226,0.4020867947279019
637,0.3971036771807255,0.40029584095496723,0.0022189351201978556,0.0001,4.156705824670758e-06,0.0037465771638245265,0.00033924970704030506,8272,0.3971036771807255
638,0.40645020691088884,0.40044155167451345,0.0022094972864755394,0.0001,4.121771032633798e-06,0.0037309582210065585,0.00032986015518404787,8122,0.40645020691088884
639,0.39577645610437945,0.40062331666588813,0.0024287433780048723,0.0001,4.635722252897754e-06,0.003817383338955999,0.00027875517558546663,8363,0.39577645610437945
640,0.40479945010483764,0.4007131257814982,0.002295018702415776,0.0001,4.526838173266407e-06,0.00394492486575502,0.0002945489728702421,8121,0.40479945010483764
641,0.3839751604298762,0.4007810610027794,0.0019614152238182554,0.0001,3.78620158219132e-06,0.0038606833843379492,0.00029251679002804693,8468,0.3839751604298762
642,0.39238583844241626,0.40092725303538757,0.0023530951004046593,0.0001,4.496291629598135e-06,0.0038215978851215268,0.0003167170475197861,8318,0.39238583844241626
643,0.40028194740782236,0.40103306013826523,0.0021612545815712265,0.0001,3.871682827969512e-06,0.0035828105221688508,0.00030294534668139366,8287,0.40028194740782236
644,0.38438777308731226,0.40109912319888896,0.002059635663220456,0.0001,3.872280426588643e-06,0.003760160591251296,0.00028869005804962666,8547,0.38438777308731226
645,0.4036265622645275,0.40112471059666266,0.0020692069402735614,0.0001,4.2164640721923556e-06,0.004075439715696018,0.00027963620344190996,8189,0.4036265622645275
646,0.3921559141294637,0.4011301857725418,0.00211353991075101,0.0001,4.523316253198557e-06,0.004280322533953264,0.0003225919701826607,8378,0.3921559141294637
647,0.4017963626269705,0.401221984494637,0.002177846286467415,0.0001,4.088560034611314e-06,0.003754681916732681,0.0002802563508429205,8122,0.4017963626269705
648,0.3964124318215561,0.4013599954481365,0.0023507907322483533,0.0001,4.567050408945151e-06,0.0038855439969997783,0.00027844866191584667,8359,0.3964124318215561
649,0.4113548744529133,0.40138178694812476,0.002051910095782085,0.0001,3.704523396862775e-06,0.003610804785724101,0.0003810927756731746,8054,0.4113548744529133
650,0.40016716283399917,0.40149414587362403,0.0022954650516955467,0.0001,4.396859066381567e-06,0.0038309091773223235,0.0003746573541281261,8113,0.40016716283399917
651,0.4001992419900189,0.40155831631204386,0.0020443528740348386,0.0001,3.977678921374779e-06,0.0038913819349829086,0.00039230207662395336,8216,0.4001992419900189
652,0.40113801895540335,0.40154150192138294,0.0018825802051140573,0.0001,3.9370670658523585e-06,0.004182628772104642,0.000399870472876773,8172,0.40113801895540335
653,0.40739007292526686,0.401495678464594,0.0021913066091960674,0.0001,5.204206360798567e-06,0.004749865983115756,0.00039085851387497486,8162,0.40739007292526686
654,0.4064161898402343,0.4016661596976583,0.002481998652537369,0.0001,4.977040997329407e-06,0.004010510636048359,0.00039389439103684005,8241,0.4064161898402343
655,0.40011375837272345,0.40181263394760053,0.0023191446094635248,0.0001,4.643886897503659e-06,0.004004827364842852,0.0003926614356932109,8279,0.40011375837272345
656,0.4034799894206138,0.40196951712791024,0.002274977084976458,0.0001,4.2509189069296746e-06,0.003737109208705426,0.0003579463517590002,8209,0.4034799894206138
657,0.39673426374842113,0.40208848558306914,0.002217938105522933,0.0001,4.001049926305376e-06,0.003607900433598468,0.00036764481373626753,8364,0.39673426374842113
658,0.40680464806952565,0.4021490993934067,0.002077605726038091,0.0001,3.792316261634128e-06,0.0036506601941898964,0.00038957880825144376,8125,0.40680464806952565
659,0.41337326006485653,0.40225175239043603,0.002194191663525257,0.0001,3.89748525452401e-06,0.0035525476824227733,0.00025927715970477987,8000,0.41337326006485653
660,0.3916853205448147,0.402304125966495,0.002204964046162574,0.0001,4.2657894958260956e-06,0.0038692599121968414,0.00024755395935528854,8384,0.3916853205448147
661,0.4042092803384003,0.40243849692748684,0.002331459462281474,0.0001,4.461179141192371e-06,0.0038269412043105714,0.00027694710689909596,8209,0.4042092803384003
662,0.3926633702659231,0.4026473661750412,0.002504225463842037,0.0001,4.746072878110304e-06,0.0037904517357864225,0.0002717382858443104,8328,0.3926633702659231
663,0.395251335179323,0.4027791915994383,0.00216337263207137,0.0001,3.6508960566862557e-06,0.003375189278594713,0.00024902849628531394,8230,0.395251335179323
664,0.40577070582228014,0.4029573846422796,0.0023220749712156248,0.0001,4.250903413080981e-06,0.003661297301572997,0.00024390582344216273,8160,0.40577070582228014
665,0.39954227932230435,0.40295931928495665,0.0017800816152463486,0.0001,3.308253374440631e-06,0.0037169681952844568,0.00025135789294119176,8246,0.39954227932230435
666,0.3965815014549603,0.4030025767045927,0.001847015886783798,0.0001,3.3147390309226214e-06,0.0035892913045751486,0.0002461722207731602,8340,0.3965815014549603
667,0.39772913815003785,0.40307490355251585,0.0019655578410030673,0.0001,3.2653922717459634e-06,0.0033226112237730557,0.00026898934543376994,8306,0.39772913815003785
668,0.4041187716021917,0.40322837261102884,0.002352157674511572,0.0001,4.3818100490032726e-06,0.0037257791826503803,0.00027401123153197095,8108,0.4041187716021917
669,0.41060325912108553,0.403220196577589,0.0018153173203233086,0.0001,3.3709688315875797e-06,0.0037139168935899415,0.00023417388792175574,7990,0.41060325912108553
670,0.40500332611832557,0.403336731219707,0.0023629687366068823,0.0001,4.562993482971814e-06,0.0038620853609126196,0.0002447441464847368,8194,0.40500332611832557
671,0.40215687752310125,0.40348162883361016,0.002303365874380983,0.0001,4.3163703504886255e-06,0.003747880784808993,0.00027125439065452204,8189,0.40215687752310125
672,0.40678116826643973,0.4034909491223896,0.0020808425066498053,0.0001,3.9882265475923395e-06,0.003833280543671186,0.00022893632414690168,8101,0.40678116826643973
673,0.403797884586204,0.40347474466817246,0.0022221786121936794,0.0001,4.900692641902865e-06,0.0044107099357463654,0.00024954375628262677,8242,0.403797884586204
674,0.4017889720752506,0.4035521161204789,0.0022312334451554767,0.0001,4.308736680561607e-06,0.0038622015907092727,0.00023595058444389176,8221,0.4017889720752506
675,0.4062109991790482,0.40362025441926924,0.0018721383222549046,0.0001,3.308393715878448e-06,0.0035343475175420155,0.0002519273567855552,8158,0.4062109991790482
676,0.4127442637173264,0.4038593750935257,0.002503228333505761,0.0001,4.598009109124504e-06,0.0036736633630900235,0.00021778224239174448,8066,0.4127442637173264
677,0.3995163815179056,0.40390487522155566,0.0020681459467284335,0.0001,3.982740826320098e-06,0.0038515084804535502,0.000256909973257182,8288,0.3995163815179056
678,0.40102499675987036,0.4039460173314202,0.002086107028449958,0.0001,3.83736171061303e-06,0.0036789691595682976,0.0002592703900767073,8289,0.40102499675987036
679,0.4032451797259878,0.40399763442911374,0.0019885422243926753,0.0,3.791288062690715e-06,0.0038131330742535463,-0.00014353528515299613,8233,0.4032451797259878
680,0.3988266988690527,0.4039859542669659,0.0020918811998184832,0.0,4.027017843457223e-06,0.0038501400976371464,-0.0001486407196079638,8265,0.3988266988690527
681,0.4103108728942839,0.40405402207276486,0.002319305512216043,0.0,4.511570151634092e-06,0.0038904492123794346,-0.00014779525627597808,8095,0.4103108728942839
682,0.4064433163232464,0.40410473099846766,0.0020111433380725716,0.0,3.731255380327398e-06,0.003710581249671977,-0.00013682216749810516,8067,0.4064433163232464
683,0.4014667718507813,0.4042548967018498,0.0024745615556999684,0.0,4.889256603014431e-06,0.003951614452065168,-0.00013479264043149408,8160,0.4014667718507813
684,0.4075655333677266,0.4043300341468704,0.002230330978576915,0.0,4.26207055755753e-06,0.003821917552593011,-0.00014026859034785023,8078,0.4075655333677266
685,0.397534862661952,0.40445486984134776,0.002339043137105905,0.0,4.408472748876771e-06,0.0037694668208055103,-0.00014887351288776023,8202,0.397534862661952
686,0.3987324714641162,0.4044228781208422,0.0019514663304846388,0.0,4.254221793285945e-06,0.004360025819384161,-0.00015312924829182404,8322,0.3987324714641162
687,0.3994721060572675,0.40452496927256976,0.002091962196853291,0.0,3.7320281570727703e-06,0.003567969022276263,-0.00014311737532059283,8170,0.3994721060572675
688,0.4059883019192244,0.4046139314924769,0.0025045781638026103,0.0,5.191105510081619e-06,0.004145293275415411,-0.00014873369199901653,8085,0.4059883019192244
689,0.39252908755119964,0.4046949855944904,0.0024348743349117616,0.0001,5.154320231124084e-06,0.004233746405077512,0.0003012616512178425,8352,0.39252908755119964
690,0.41686867628884605,0.4047502487139879,0.0021552163049081445,0.0001,4.074151429867438e-06,0.0037807355304330594,0.0002884768253368043,8021,0.41686867628884605
691,0.41359642774126204,0.4048331114711696,0.001900335331223576,0.0001,3.4146864746432944e-06,0.003593772550073746,0.0002820027443442671,7945,0.41359642774126204
692,0.4102525105766369,0.40484041556987727,0.0018208855612738355,0.0001,3.346151702617789e-06,0.0036753014838306745,0.0002624477274272496,8064,0.4102525105766369
693,0.407603258094253,0.4049732182390735,0.002059612176595439,0.0001,3.845745746174404e-06,0.0037344367933689966,0.0002577018493297831,8196,0.407603258094253
694,0.4034063488877337,0.40506791856856406,0.0020172592457866328,0.0001,3.727680547923503e-06,0.0036957872972542887,0.00027879328149067365,8189,0.4034063488877337
695,0.39899008340152253,0.40506302009712136,0.0017640190535053988,0.0001,3.2715733747717744e-06,0.003709226800323516,0.00030101298882169,8213,0.39899008340152253
696,0.4021212086309641,0.40510341473016753,0.0018350381348242542,0.0001,3.4021313491163265e-06,0.003707968008460114,0.0002436124645777973,8107,0.4021212086309641
697,0.3974727253898413,0.4052114743380074,0.0023880813144358448,0.0001,4.755382533379997e-06,0.003982596827531727,0.00028253211439043137,8286,0.3974727253898413
698,0.40508648783127843,0.40533309372966886,0.0021911081050081595,0.0001,3.902502604084172e-06,0.003562126939482651,0.00029197208378304364,8138,0.40508648783127843
699,0.4071628777451025,0.40542900656326775,0.0021990905492658033,0.0001,4.056673891471064e-06,0.0036894105091083585,0.0002460010133417301,8196,0.4071628777451025
700,0.40285140821365084,0.405434860126744,0.001981951677134384,0.0001,3.918403973724601e-06,0.003954086286694987,0.00022088767440462797,8120,0.40285140821365084
701,0.40368333450327043,0.4054189845420234,0.0020437163672973355,0.0001,4.02591750187678e-06,0.003939800616462997,0.0002156733637480718,8103,0.40368333450327043
702,0.40805255298698906,0.4055231235218004,0.002204674317654296,0.0001,4.038527848455837e-06,0.003663604928960848,0.0002060245354562067,8083,0.40805255298698906
703,0.4090832925386506,0.4054706153082789,0.0015025561922691313,0.0001,2.7159041047712144e-06,0.0036150449730198886,0.00021984972058316268,8100,0.4090832925386506
704,0.4073031129591998,0.4056013428595212,0.0021905602382435423,0.0001,3.8829373034543485e-06,0.003545154555135909,0.00021089596160240613,8119,0.4073031129591998
705,0.41120018603262376,0.40555448655929616,0.0016136115006834728,0.0001,2.9914342056536733e-06,0.003707750229081287,0.00023147133131108018,8024,0.41120018603262376
706,0.4010098685215562,0.405560362303533,0.001936258937200658,0.0001,3.911455735944333e-06,0.004040219684252884,0.0002050818437443776,8196,0.4010098685215562
707,0.40977251873211906,0.4056419191227778,0.0022418525790692304,0.0001,4.2563017651814274e-06,0.0037971290395451022,0.00023672349084445098,8060,0.40977251873211906
708,0.4003903983933579,0.4057073910789549,0.001962679472826861,0.0001,3.365850714076066e-06,0.003429852668941615,0.00020756286165126466,8204,0.4003903983933579
709,0.41966724115210796,0.40568727466373633,0.001868988350102441,0.0001,3.6177327775920734e-06,0.003871327263643759,0.0003524622525256126,7836,0.41966724115210796
710,0.4079715029127703,0.40570662193381846,0.0019441282297072056,0.0001,3.7987526418379824e-06,0.0039079239566518625,0.00033493146437363835,8056,0.4079715029127703
711,0.41625970140067836,0.4057366308925767,0.0021852244366244817,0.0001,4.187568821268764e-06,0.0038326212640540525,0.00035984700634207877,7941,0.41625970140067836
712,0.3993454541096356,0.40585031732778676,0.002280190646444837,0.0001,4.355415743962036e-06,0.0038202206914170005,0.00035646003811239026,8272,0.3993454541096356
713,0.40106334306911207,0.40588232214240827,0.0023986076200977935,0.0001,4.95722994175099e-06,0.0041334229910842,0.00038963855876303344,8317,0.40106334306911207
714,0.41097848021639755,0.4058642001769224,0.0018380637502706354,0.0001,3.537188248936583e-06,0.003848819986157465,0.0003338189234750359,8062,0.41097848021639755
715,0.4126029884141499,0.40590593458991553,0.001975980984987263,0.0001,3.4616972819731926e-06,0.0035037759050049826,0.0003519313683354393,8009,0.4126029884141499
716,0.4078736833987206,0.40609812058446904,0.0024144656929678708,0.0001,4.3935378806675955e-06,0.0036393458755398923,0.00035763171024278913,8130,0.4078736833987206
717,0.4077049638489587,0.40625384840274714,0.002230572617860134,0.0001,3.816235254766491e-06,0.003421753879887165,0.00037911317119081655,8161,0.4077049638489587
718,0.414148063310377,0.4063568034648201,0.0021700699626976796,0.0001,3.816789003389735e-06,0.0035176644707297536,0.0003654266890779099,8016,0.414148063310377
719,0.4036138238655088,0.40644830008029453,0.00210630401551988,0.0001,3.706284605271297e-06,0.0035192304415338715,0.00033008296851908426,8201,0.4036138238655088
720,0.4047528419087313,0.4065041924440991,0.0019479153829372027,0.0001,3.3103316468418268e-06,0.003398845428131768,0.0003545683055857551,8221,0.4047528419087313
721,0.3909640352251348,0.4064996105127292,0.0021760007396078376,0.0001,4.616911759557327e-06,0.0042434836307908555,0.00037439302847975853,8400,0.3909640352251348
722,0.4019586505347157,0.40653813859328103,0.001998938781530074,0.0001,3.7485608857149567e-06,0.0037505509626919605,0.0003371074949955157,8177,0.4019586505347157
723,0.40820053169069526,0.40650003911642096,0.0020218114991220133,0.0001,3.831171901001086e-06,0.0037898408458600626,0.00032893298349562943,8104,0.40820053169069526
724,0.413863417964677,0.4066803250412361,0.0025222780225002306,0.0001,4.799688906232015e-06,0.0038058365203327425,0.0003685618520785278,8050,0.413863417964677
725,0.4118562363763503,0.40679807021369374,0.0021192720566911272,0.0001,3.6750794718198503e-06,0.0034682469956762835,0.0003630338532764264,8005,0.4118562363763503
726,0.40114882809840235,0.4069737158300183,0.002476094210943189,0.0001,4.794753784765098e-06,0.0038728363109727477,0.00033631441712648845,8223,0.40114882809840235
727,0.4019202196700167,0.4069897998350781,0.0018211768486472914,0.0001,3.3509196020826443e-06,0.0036799497034805755,0.0003405805854761596,8252,0.4019202196700167
728,0.40814129060921467,0.40709788160829324,0.0022175584496291274,0.0001,3.981721406113621e-06,0.003591085869037218,0.00036129007720142923,8080,0.40814129060921467
729,0.40875726335587353,0.4071288241014882,0.0019513948340773026,0.0001,3.7190824419474515e-06,0.0038117170108282897,0.000259266758335002,8107,0.40875726335587353
730,0.40647757014642927,0.4072295267491975,0.002176313933240737,0.0001,3.986993391229853e-06,0.0036639873782297982,0.00021897465088585623,8069,0.40647757014642927
731,0.40665593210266304,0.40726425685668616,0.001947906393496178,0.0001,3.506491738127027e-06,0.003600267189259992,0.0002341285726783446,8151,0.40665593210266304
732,0.4018725780406088,0.4072943756620909,0.0019913895294830365,0.0001,3.7012783399278898e-06,0.0037172821139505926,0.0002677429545567727,8149,0.4018725780406088
733,0.39744329273210943,0.40741268179924073,0.0022646255497922227,0.0001,4.13277766126061e-06,0.0036498551927401754,0.00027474104236467986,8335,0.39744329273210943
734,0.4041527038553035,0.4075711119829747,0.0021833552104488945,0.0001,3.7324819934095405e-06,0.003419033215985179,0.00021502635734858925,8206,0.4041527038553035
735,0.4044943168744659,0.4076768287966253,0.0021609240529076473,0.0001,3.606197989445102e-06,0.0033376443606083755,0.00023844098768482968,8173,0.4044943168744659
736,0.4146902186089333,0.40777547506602474,0.0022774688256614168,0.0001,4.091299730981144e-06,0.0035928480643795065,0.00022824915664345502,7991,0.4146902186089333
737,0.4150056530302107,0.4077593311776002,0.002415303556176439,0.0001,5.298314645558226e-06,0.004387286750776581,0.0002525455580463906,7965,0.4150056530302107
738,0.41380615849250346,0.4078544084378297,0.0019932249617883122,0.0001,3.6278770248156823e-06,0.0036402082999811196,0.00024173057664519343,8013,0.41380615849250346
739,0.41931883375813805,0.4077601163285467,0.0017221002110986148,0.0001,3.1092261618906727e-06,0.0036109700723015886,0.0002657529994256175,7885,0.41931883375813805
740,0.3986531679573016,0.40773695836902035,0.001993018191870122,0.0001,4.164873778626677e-06,0.004179463886095916,0.0002441067820121486,8231,0.3986531679573016
741,0.4093300038280883,0.4077198612491453,0.0019069871444241208,0.0001,3.797757718327363e-06,0.003982992470013975,0.00024404333103413396,8067,0.4093300038280883
742,0.40579177880972883,0.4078491701701921,0.002328372000705181,0.0001,4.4356952914291235e-06,0.0038101259507378623,0.0002854686255394744,8160,0.40579177880972883
743,0.4117774206411211,0.40789563257420763,0.002047037880201503,0.0001,4.0086665664037e-06,0.0039165533820107925,0.0003027964521521919,8016,0.4117774206411211
744,0.40145853316457647,0.4080311416235819,0.0023259956849614578,0.0001,4.285256283477043e-06,0.003684664001040956,0.00025443595366827636,8230,0.40145853316457647
745,0.39648918502424935,0.40807702937966395,0.0022454833165075614,0.0001,4.438319158146665e-06,0.003953108113089576,0.0002839929880395396,8306,0.39648918502424935
746,0.40338525967345573,0.40819745011875574,0.0022030445572221863,0.0001,3.942311239519293e-06,0.00357896641408846,0.0002545852839181544,8249,0.40338525967345573
747,0.4082550381854059,0.4082745840990598,0.0022600568236526954,0.0001,4.375287220561612e-06,0.0038718382429785885,0.00029092250610192777,8036,0.4082550381854059
748,0.41677252995656944,0.40832966532703285,0.0022614442818894532,0.0001,4.476707009038788e-06,0.00395915746842851,0.0002738837283847765,7917,0.41677252995656944
749,0.40574845399385756,0.4082155367444083,0.0015263332323579677,0.0001,2.85651693725752e-06,0.0037429794185174204,0.0003095405339770805,8147,0.40574845399385756
750,0.4020442996473753,0.4082885965222761,0.0018752144059880974,0.0001,3.321626791423567e-06,0.003542663474445013,0.0002889720174442794,8277,0.4020442996473753
751,0.4222911423029928,0.4082852850650507,0.0019146461746617507,0.0001,3.840246726263256e-06,0.00401144271676378,0.00030127765369642546,7888,0.4222911423029928
752,0.41463053942703954,0.4083849966386861,0.0020972867687588533,0.0001,3.6644552522663577e-06,0.003494472293300104,0.00029116255418017183,8002,0.41463053942703954
753,0.40758804696505535,0.40853956988199264,0.0023756224172267544,0.0001,4.328577600422016e-06,0.0036441629520191977,0.00028674135221912455,8137,0.40758804696505535
754,0.39568425693401454,0.40856172993976597,0.002024450776896877,0.0001,4.16008100982783e-06,0.004109836660197285,0.00029530909541880594,8368,0.39568425693401454
755,0.4170308429746351,0.40861853068134,0.001868987398818259,0.0001,3.368896567494241e-06,0.0036050500603956545,0.00028045681104115177,7939,0.4170308429746351
756,0.4115558154401331,0.4087845769388818,0.0022375670594769977,0.0001,3.827138416117952e-06,0.0034208033228845403,0.00028392578508445326,7994,0.4115558154401331
757,0.40633289222386904,0.4089496002853743,0.002538910894351811,0.0001,4.886457284121614e-06,0.0038492546508759116,0.0003232705294719679,8150,0.40633289222386904
758,0.40677625639446413,0.4090011068379571,0.0022598208578614018,0.0001,4.435024836070242e-06,0.003925111869502221,0.00030806125215644746,8139,0.40677625639446413
759,0.415800523630646,0.4090994647270606,0.0024039911058460024,0.0001,4.704613477554412e-06,0.0039140023988556176,0.00023957009915547545,7955,0.415800523630646
760,0.41191528783689546,0.4091650548879515,0.0020404992350921618,0.0001,3.6344686443686735e-06,0.003562332768239943,0.00022907320464714143,7982,0.41191528783689546
761,0.41094113895829465,0.40910733660020193,0.0020573154408677807,0.0001,4.102937475654482e-06,0.00398863236444077,0.0002267234874824639,8053,0.41094113895829465
762,0.40078272922458635,0.409222641179416,0.0024517421627977447,0.0001,4.834803108464334e-06,0.003943973539980417,0.0002529946822602473,8269,0.40078272922458635
763,0.40559547767449444,0.409178298635621,0.0019182674610371843,0.0001,3.7138782363637955e-06,0.003872117222231091,0.00021855608118769522,8186,0.40559547767449444
764,0.4072937694169586,0.40913397326206236,0.00208710518212654,0.0001,4.1081379511725015e-06,0.003936685114246846,0.00024122712898242584,8166,0.4072937694169586
765,0.4102206943261949,0.4092098985231005,0.0021442580215469196,0.0001,3.843355423867021e-06,0.003584788197359131,0.0002438393526805088,8010,0.4102206943261949
766,0.4117478060881671,0.4093336372100824,0.002234232184158751,0.0001,4.027527393626472e-06,0.003605289926608899,0.00023037522951382448,8041,0.4117478060881671
767,0.3987570961504602,0.4092908552599325,0.0018234875369396105,0.0001,3.827479981434097e-06,0.004197977670697788,0.00024442038284166236,8286,0.3987570961504602
768,0.4167840178560226,0.4094043868955374,0.0022442765173236877,0.0001,3.911720492029008e-06,0.0034859523430684517,0.00023245326181387652,7920,0.4167840178560226
769,0.4154924596534565,0.40958643872333184,0.0023138805083213077,0.0001,3.9446518258700525e-06,0.003409555343661068,0.0002104203613559393,7944,0.4154924596534565
770,0.3977883203017334,0.40962817523384776,0.0018976244329766531,0.0001,3.439638843721399e-06,0.003625205055276307,0.000249969707644081,8334,0.3977883203017334
771,0.4013040286856423,0.4096541400012835,0.0018988378812562238,0.0001,3.1277032818633935e-06,0.0032943341953913237,0.0002553595914510237,8167,0.4013040286856423
772,0.41042825708385045,0.4097258981013797,0.0021300927932275783,0.0001,4.299206451665165e-06,0.004036637713938164,0.00022954783502100138,8083,0.41042825708385045
773,0.4091206786656627,0.4098605594206469,0.0025850486482769776,0.0001,5.124194217432851e-06,0.003964485713526746,0.00023637628258753858,8112,0.4091206786656627
774,0.4021868648431326,0.4100622958626289,0.0024289543552299,0.0001,4.446103263762265e-06,0.003660919567458435,0.00026684459457678827,8259,0.4021868648431326
775,0.39708027613242,0.41014119332291477,0.002207953720471301,0.0001,4.158762869720049e-06,0.0037670743106267062,0.0002519250806723786,8325,0.39708027613242
776,0.4051699551541319,0.41011541512453037,0.0018132594831002642,0.0001,3.4306872299856797e-06,0.003784000317615854,0.0002463087165112306,8064,0.4051699551541319
777,0.4170988318440615,0.41028577496608165,0.002397479551752838,0.0001,4.235853884470958e-06,0.0035335891656502784,0.00024293320532471957,7952,0.4170988318440615
778,0.4127595573319862,0.41035909621629413,0.0022580967291500244,0.0001,4.233038280145036e-06,0.0037492089913600847,0.00025657224017812044,8097,0.4127595573319862
779,0.4036448569312956,0.41047332433226635,0.0022778143864221083,0.0001,4.140359962719535e-06,0.0036353795879066615,0.00015078694751411253,8175,0.4036448569312956
780,0.41289404057171,0.4104558984363939,0.0022626285570334437,0.0001,4.5983945438461835e-06,0.004064648198266521,0.00013553652028956096,8036,0.41289404057171
781,0.40534419339871586,0.41067715199505805,0.0027322276751380317,0.0001,5.296373658605071e-06,0.003876963627006303,0.00013276480040071725,8154,0.40534419339871586
782,0.4165842402261274,0.4108403966681784,0.0023618061127541824,0.0001,4.2023205409237775e-06,0.0035585652168740553,0.0001506810147332006,8031,0.4165842402261274
783,0.4127032175206006,0.4107537658496598,0.001688953926567285,0.0001,3.127676016991191e-06,0.003703684236488366,0.00011283675817086028,8007,0.4127032175206006
784,0.4096164611045319,0.4108100884335962,0.002017605453572517,0.0001,3.4457413334464255e-06,0.0034156740876618357,0.00014884483246257072,8087,0.4096164611045319
785,0.4001145220082835,0.41079884078583295,0.0018719116199758688,0.0001,3.2846860395415695e-06,0.00350944564314838,0.00014012474755302698,8207,0.4001145220082835
786,0.4130592579861829,0.41085802693625084,0.002038840297739663,0.0001,3.6097124603955756e-06,0.003540946747420525,0.00015686554612654282,8024,0.4130592579861829
787,0.41088883150846567,0.4107914380239178,0.001986423762330844,0.0001,3.869589345311978e-06,0.003896036101351761,0.00016479291864695213,8037,0.41088883150846567
788,0.41533122790374427,0.41076030925050233,0.0021361024380127805,0.0001,3.8677382702650116e-06,0.003621304111111051,0.0001363622024912381,7956,0.41533122790374427
789,0.41465966189819836,0.4108731415435551,0.0021727848535782876,0.0001,3.85822756949867e-06,0.0035514124310510376,0.00026845392414932406,7941,0.41465966189819836
790,0.39614315391152766,0.4109305148922885,0.0020111252671583405,0.0001,3.6624354303217534e-06,0.0036421753434550245,0.0002280213908809596,8371,0.39614315391152766
791,0.4179750333353254,0.4108781565169952,0.0018101339878803045,0.0001,3.53185253822908e-06,0.0039023106155417096,0.00028026183002634645,7945,0.4179750333353254
792,0.40615510090316975,0.4110304741341789,0.002285372738647946,0.0001,3.926531636513428e-06,0.003436228646742685,0.000249689364552906,8178,0.40615510090316975
793,0.4116626231779426,0.4111084072297883,0.0021695722221829476,0.0001,3.909399706675376e-06,0.0036038438054317233,0.00023287436758833295,8068,0.4116626231779426
794,0.4207822010542094,0.4111880706871709,0.002061107661830427,0.0001,3.905713303203257e-06,0.003789916825339123,0.00025746402232403596,7848,0.4207822010542094
795,0.420007558675861,0.41124654933449656,0.002162095669052302,0.0001,4.110393201781683e-06,0.0038022306418877064,0.00023004494058741397,7883,0.420007558675861
796,0.4042143970365335,0.411224346096139,0.002075177852788269,0.0001,3.8602376338959215e-06,0.003720392089486879,0.00027786698375231267,8167,0.4042143970365335
797,0.40230562819007587,0.411417116062644,0.0024075198727500978,0.0001,4.23238749519463e-06,0.003515973050191271,0.00025563026439571834,8247,0.40230562819007587
798,0.41720561219129026,0.4113707162145679,0.0017103310375629806,0.0001,3.0492392854649343e-06,0.0035656714618355284,0.0002490701400935257,7844,0.41720561219129026
799,0.41980887312525106,0.41147269157580924,0.002146770352914402,0.0001,3.6921610279422417e-06,0.003439735436004933,0.00028224026315093394,7788,0.41980887312525106
800,0.40490587241256626,0.41162996113368744,0.002179848700269695,0.0001,3.606599877592592e-06,0.0033090368860429404,0.0002857578707610563,8170,0.40490587241256626
801,0.41611808004714546,0.41165542373879027,0.0019212406030282043,0.0001,3.603349123116402e-06,0.003751064929022327,0.000264811497438229,7889,0.41611808004714546
802,0.4172081958996616,0.4118108604913281,0.0024397926051150424,0.0001,4.594435955615501e-06,0.0037662512346198886,0.0002977400314510243,7932,0.4172081958996616
803,0.40176807467017284,0.41182783409528256,0.0017873607889345787,0.0001,3.307073028654475e-06,0.003700509767393718,0.0002907121190148908,8156,0.40176807467017284
804,0.4158708610099371,0.4119748038030976,0.002219033863624854,0.0001,3.7976998335142695e-06,0.003422840809928533,0.00029920983096036355,7970,0.4158708610099371
805,0.40499956947706967,0.4120426554955987,0.0021198006088114234,0.0001,3.918154135233153e-06,0.0036967195112091867,0.00030876162551386304,8156,0.40499956947706967
806,0.4137276448146042,0.4120931475369698,0.002449105671863662,0.0001,5.0783296030903836e-06,0.004147089005943951,0.00030616679024435386,7926,0.4137276448146042
807,0.40539506115792845,0.41224310298023925,0.0024170493142617023,0.0001,4.510312491966026e-06,0.0037320814807981846,0.0003020845284220639,8156,0.40539506115792845
808,0.40451223467446107,0.41239812919749075,0.002362665283815929,0.0001,4.216070304092001e-06,0.00356891035981419,0.00029596762494455705,8168,0.40451223467446107
809,0.4206732070476553,0.4124549972745648,0.0019590583245769695,0.0001,3.2326146685892864e-06,0.003300171953060481,0.00022618649808998353,7868,0.4206732070476553
810,0.4169591960732064,0.41259016089144807,0.0022177928367264005,0.0001,3.639635930060518e-06,0.003282214524087691,0.0001958648679470636,7951,0.4169591960732064
811,0.41103271010176434,0.412672035637208,0.002020972022187048,0.0001,3.7897262251137964e-06,0.0037503994944102633,0.00022865791312356423,8047,0.41103271010176434
812,0.40992784781554364,0.41269864100646436,0.0022794734839747155,0.0001,4.22841390066938e-06,0.003709991741861632,0.00020755036843373296,8004,0.40992784781554364
813,0.4187785375279006,0.41277834461989227,0.0020866314806758006,0.0001,3.681474374503571e-06,0.003528629188812244,0.00019501716795625995,7924,0.4187785375279006
814,0.4050453967479019,0.4128432532815838,0.002016733254569621,0.0001,3.628070267540114e-06,0.0035979674151942905,0.0001933136171563346,8116,0.4050453967479019
815,0.416072343586369,0.41288020416317595,0.0017710921097674759,0.0001,3.1980709099418208e-06,0.003611411165240514,0.00019521466235652055,7962,0.416072343586369
816,0.42836925951525273,0.4129550971019891,0.0019230195194121164,0.0001,3.130810757655967e-06,0.0032561403834455954,0.00020632378128952424,7793,0.42836925951525273
817,0.41476323005728627,0.4129823412956807,0.0020817732301360897,0.0001,3.9171502959173775e-06,0.0037632824163670356,0.0002119668208046389,7973,0.41476323005728627
818,0.4011434661660529,0.4129166156601295,0.0017702776505839355,0.0001,3.2325957430942694e-06,0.0036520776749658225,0.00022485415032630896,8151,0.4011434661660529
819,0.40699754360628965,0.4130343110513581,0.0022051753420556813,0.0001,3.823744367492193e-06,0.0034679730854669084,0.00019531903578830833,8074,0.40699754360628965
820,0.41017488274744174,0.41306917481810745,0.0019180232048842968,0.0001,3.5203227645829924e-06,0.0036707822466572853,0.0001751323054168732,8022,0.41017488274744174
821,0.41606096579165047,0.4130136742345974,0.0018634866305377315,0.0001,3.507714446690004e-06,0.003764678950959589,0.00018762593212057557,7986,0.41606096579165047
822,0.4010308568941069,0.4129300570235871,0.0016075503698141642,0.0001,3.0783485006288982e-06,0.003829862576542172,0.00018362197896788717,8265,0.4010308568941069
823,0.4215726508077846,0.4128689178640601,0.001634373153407405,0.0001,2.7436249272274624e-06,0.0033574033218882054,0.00014911130215430492,7874,0.4215726508077846
824,0.42697760664981044,0.4129409981737771,0.0019976808406171167,0.0001,3.1877804023473585e-06,0.0031914811791082702,0.00014914192407243095,7774,0.42697760664981044
825,0.41737247487984286,0.413060843498708,0.002172199662338206,0.0001,3.4500982167534554e-06,0.003176594008894826,0.00017447877878067517,7894,0.41737247487984286
826,0.4273950428331591,0.4131006800384284,0.002037621526449746,0.0001,3.962578780031636e-06,0.0038894158984822303,0.00018833621790713385,7680,0.4273950428331591
827,0.41919561429268615,0.4130329548025945,0.0021237907166410624,0.0001,4.668745720577412e-06,0.0043966156212994385,0.00014967156650263374,7864,0.41919561429268615
828,0.4081565098075498,0.41315740411766255,0.0021790349608721642,0.0001,3.7007868004676013e-06,0.003396720903446499,0.00018825677342392447,8170,0.4081565098075498
829,0.41276791421726805,0.41324014531982634,0.0018293856874732975,0.0001,3.0539618280253825e-06,0.0033387839961112175,0.0002414023714128983,8049,0.41276791421726805
830,0.4148710041036277,0.4132625241356881,0.0019514799350738425,0.0001,3.3989295124313885e-06,0.0034834378272024357,0.00026039743954707034,8069,0.4148710041036277
831,0.40990653659005816,0.4132811756115725,0.0019576294125153632,0.0001,3.39465505522816e-06,0.003468128373558056,0.00028565895942883054,8034,0.40990653659005816
832,0.4123170301542751,0.41331919716970245,0.0022134005055728712,0.0001,4.075136275491001e-06,0.0036822403042112584,0.0002602609310997497,7950,0.4123170301542751
833,0.41636868852045195,0.4132237566511421,0.0016819749886567198,0.0001,3.1171049982979065e-06,0.003706481986140981,0.00028320564040323687,7983,0.41636868852045195
834,0.41623270910872967,0.4133198359441086,0.0020464007360147508,0.0001,3.3852913078490967e-06,0.0033085321445317298,0.0002772122861418869,7923,0.41623270910872967
835,0.41683621095871276,0.4133012127508399,0.0019582584932136583,0.0001,3.880519166301895e-06,0.003963234863783129,0.00023793991145296123,7902,0.41683621095871276
836,0.4127303080078437,0.41325025901763135,0.0017863765087270777,0.0001,3.453739715729017e-06,0.003866754515474519,0.00026200484039261117,8093,0.4127303080078437
837,0.41426690856850545,0.41332986020976453,0.0020458893017026624,0.0001,3.62214294696924e-06,0.00354089827240874,0.00025940967196975067,7982,0.41426690856850545
838,0.4123109060102407,0.413485177522776,0.002483315734015485,0.0001,4.737218141786292e-06,0.00381523628018599,0.00025181457090359106,8019,0.4123109060102407
839,0.403820567844172,0.41357531196707126,0.002422250442878208,0.0001,4.680354074721155e-06,0.0038644675148947713,0.00028234362795269473,8186,0.403820567844172
840,0.40054128321842514,0.41366391757422066,0.002217438036733925,0.0001,4.061545564974312e-06,0.0036632776183063787,0.000274004748279481,8114,0.40054128321842514
841,0.4069974191912521,0.4136564211979169,0.002109924178768732,0.0001,4.001132601120773e-06,0.003792679036889066,0.00026762248402844533,8159,0.4069974191912521
842,0.40262807234667736,0.4135936682839406,0.0018229981795610049,0.0001,3.4591276643345713e-06,0.0037949875135558954,0.0002789275336380313,8150,0.40262807234667736
843,0.42004084522829066,0.41370666211146334,0.002102346572946489,0.0001,3.495751331064737e-06,0.003325570936827374,0.0002779302936298143,7913,0.42004084522829066
844,0.40945381645528545,0.41381118788269317,0.0021355508027134473,0.0001,3.5663218574179985e-06,0.0033399550625408687,0.0002892811554126403,8071,0.40945381645528545
845,0.4154334372852875,0.41383575348679164,0.0022710502329737806,0.0001,4.6996434756354874e-06,0.004138740224589074,0.00029060577829961805,7978,0.4154334372852875
846,0.40450657574733984,0.4140513771075081,0.0026795440486016967,0.0001,5.015399954595855e-06,0.0037434726682049587,0.0003149204239673719,8180,0.40450657574733984
847,0.4132312896747963,0.4141300662526093,0.0020550110189551086,0.0001,3.3909659777900996e-06,0.003300192501657991,0.0002578631330795231,8021,0.4132312896747963
848,0.4132902583659751,0.4141553431274475,0.0019766887245147957,0.0001,3.7741571745374476e-06,0.0038186661640050223,0.0002720296071771959,7956,0.4132902583659751
849,0.41912022429959805,0.4141409853407163,0.0017339291939181152,0.0001,2.862503341477555e-06,0.0033017534412800673,0.00023536306335029576,7865,0.41912022429959805
850,0.4172715023922032,0.4141903910318624,0.0019580787968841093,0.0001,3.4640530231747246e-06,0.0035382161623802593,0.000249316482780625,7905,0.4172715023922032
851,0.41758416410904076,0.41426498714768467,0.002202775432686001,0.0001,4.1271540976507465e-06,0.0037472309127927895,0.00026628088616277075,7931,0.41758416410904076
852,0.4163894037828383,0.414197083554817,0.0017178614032792644,0.0001,3.0462787694712907e-06,0.003546594345336801,0.0002614386712537416,7917,0.4163894037828383
853,0.4166171653992883,0.41424674448741405,0.002173419792807011,0.0001,3.922904813029064e-06,0.0036098914954322404,0.00028141533078881895,7942,0.4166171653992883
854,0.41748478733292266,0.4143166520537227,0.0020636329370678037,0.0001,3.3782859483419495e-06,0.0032741151661807876,0.0002753270213807007,7954,0.41748478733292266
855,0.4088806062861476,0.4143978375867934,0.002209000354377634,0.0001,3.837616974962182e-06,0.0034745281659707083,0.00024117234284664837,8033,0.4088806062861476
856,0.41174511476436193,0.4144014874237661,0.002117057878461592,0.0001,4.176997975050899e-06,0.003946040415377032,0.000253347409135312,8039,0.41174511476436193
857,0.40821372550026314,0.4144538369775756,0.0021372895190300356,0.0001,3.8933066372790295e-06,0.003643218761532996,0.00028510784799091083,8068,0.40821372550026314
858,0.40098716305597326,0.41451967305204196,0.0021771830085112152,0.0001,4.288199041628278e-06,0.003939217810229561,0.0002548288110231431,8185,0.40098716305597326
859,0.41186549487176527,0.414612307750311,0.002067740326009759,0.0001,3.4242287709233385e-06,0.0033120491271080212,0.00031419962554531626,8051,0.41186549487176527
860,0.409660228126346,0.4146553721257229,0.002162804254588185,0.0001,3.8531349701041385e-06,0.003563091724024563,0.00032084435705485295,8014,0.409660228126346
861,0.41325925446821754,0.4146311103288798,0.0018943427410624304,0.0001,3.475093519678077e-06,0.003668917397417842,0.00032136646788370353,7939,0.41325925446821754
862,0.4175753329709757,0.4145051393219502,0.0014822560805417353,0.0001,2.7508773370880296e-06,0.003711743703669123,0.0002871552203975013,7974,0.4175753329709757
863,0.4064846126708195,0.41450118181767404,0.0020044346823840957,0.0001,3.6894172952439573e-06,0.0036812546975646286,0.00031076731720792804,8137,0.4064846126708195
864,0.40845293331231747,0.41448097825037544,0.001713473100307619,0.0001,3.1345975176939083e-06,0.0036587647826290997,0.0003217407195975526,8057,0.40845293331231747
865,0.41867590621930595,0.4143320711148373,0.001784255281330394,0.0001,3.6794986279073284e-06,0.0041244082799225725,0.0003348200623707181,7944,0.41867590621930595
866,0.4179502051999239,0.4143096918925488,0.0019678465261692892,0.0001,3.6853066779394973e-06,0.003745522457092732,0.0003604150902265435,7906,0.4179502051999239
867,0.42217928876547806,0.4143174755508395,0.0017116516542077125,0.0001,2.8603779386479895e-06,0.0033422430686949533,0.000317771968396598,7811,0.42217928876547806
868,0.41488742278534496,0.41424246857214564,0.0014033363377412872,0.0001,2.356150902339652e-06,0.003357927588666233,0.0003734821576336279,7968,0.41488742278534496
869,0.41580746872507474,0.4142279255668367,0.0020360537369449906,0.0001,3.7393924508939476e-06,0.0036731765798134015,0.00018860835008236367,7979,0.41580746872507474
870,0.4047335030229622,0.4142115308402976,0.0018766516102353239,0.0001,3.5987154108805697e-06,0.003835251456640166,0.00018420312880332415,8101,0.4047335030229622
871,0.41030079243982237,0.41425210410939894,0.0019109457755171644,0.0001,3.189328712327921e-06,0.003337958358828664,0.00017853073278345643,8046,0.41030079243982237
872,0.41277220444671625,0.4142344664155182,0.0017699407568632344,0.0001,3.253555500788446e-06,0.0036764569527790716,0.00020142725474152183,7959,0.41277220444671625
873,0.430004165702539,0.41422377895052764,0.002247258723884657,0.0001,4.2524097746919076e-06,0.0037845306635108807,0.00019019540453645947,7698,0.430004165702539
874,0.4129452930673155,0.4143635871817296,0.002410069547344068,0.0001,4.300880017923143e-06,0.0035690920394083852,0.0002233471421495772,7964,0.4129452930673155
875,0.41939921006690156,0.41435552205056086,0.00186977191944112,0.0001,3.1560127219654416e-06,0.003375826419415671,0.00019730505362070992,7843,0.41939921006690156
876,0.40791321667085306,0.41445013693064925,0.0024568714732609645,0.0001,4.786661602323201e-06,0.0038965502708775777,0.00020277347010705507,8114,0.40791321667085306
877,0.41707458558133975,0.41448857817740237,0.0021993789173263057,0.0001,4.038860697382862e-06,0.0036727283921523975,0.0001800148100717745,7905,0.41707458558133975
878,0.4097508207442989,0.4146024987963654,0.002195629503043135,0.0001,3.844959891120087e-06,0.0035023758660475144,0.00020680182812156825,8107,0.4097508207442989
879,0.41691468540509524,0.4146451520365488,0.0019241580571752754,0.0001,3.247939815170471e-06,0.0033759594780259873,0.0002988546288432969,7920,0.41691468540509524
880,0.41358682339783903,0.41477164176824827,0.0022004083945605427,0.0001,3.6374045821975556e-06,0.003306117710866127,0.0003143076632289182,8019,0.41358682339783903
881,0.4159204140658256,0.4147578586743639,0.0017934288021815242,0.0001,3.038625144158898e-06,0.0033886208813672654,0.0003060824597054698,7987,0.4159204140658256
882,0.4123172061660098,0.4147199652452719,0.0016753664652593063,0.0001,2.847166030501723e-06,0.0033988576106076585,0.0003250787869028559,7995,0.4123172061660098
883,0.41766724958772317,0.41455616652639393,0.001759757558321003,0.0001,3.607842038663371e-06,0.004100385330472044,0.0002904259557190838,7914,0.41766724958772317
884,0.41503883934344793,0.41453797837050366,0.0019850086011665093,0.0001,3.6113720527206375e-06,0.0036386462513042814,0.00030048925195200253,7855,0.41503883934344793
885,0.4068159666745188,0.4146061568506073,0.002130885217558355,0.0001,3.6995768524808886e-06,0.0034723379954927813,0.0003185866847714677,8078,0.4068159666745188
886,0.40778731772497273,0.4146569618495807,0.002089128103358358,0.0001,3.6394842643725295e-06,0.0034842135898913145,0.0003107886447324656,8134,0.40778731772497273
887,0.430119724773968,0.4146457874523047,0.001979525713028233,0.0001,3.7555969682417827e-06,0.003794441207329969,0.00028854551256503,7665,0.430119724773968
888,0.4183537290336158,0.41482464634163246,0.002456062298545577,0.0001,4.2961908085988304e-06,0.0034984379762214783,0.00029756348738773687,7900,0.4183537290336158
889,0.4190795005213931,0.41482172175527965,0.00220780605435252,0.0001,4.891763033549896e-06,0.004431334014965816,0.00032172837382392263,7843,0.4190795005213931
890,0.41061746242503594,0.4150032610019918,0.0025541952723992286,0.0001,4.719800287964844e-06,0.0036957239244526517,0.00033884782751997234,8085,0.41061746242503594
891,0.40768954314132566,0.4150290706988813,0.0019907086103909707,0.0001,3.7806533865896384e-06,0.003798299125101113,0.0003369394395694895,8015,0.40768954314132566
892,0.4029615833332125,0.41515841467882386,0.0023476042866166637,0.0001,4.2418134491966435e-06,0.0036137380336018115,0.00033657207024943777,8264,0.4029615833332125
893,0.4216499596973615,0.41511465935984404,0.0017953770924765133,0.0001,3.3644636001668695e-06,0.0037479186007948724,0.0003128045772287212,7834,0.4216499596973615
894,0.42210537654965535,0.4151586423327028,0.001898476759323247,0.0001,3.287892454777523e-06,0.0034637163069086638,0.0003399498754204516,7859,0.42210537654965535
895,0.40545412179614254,0.41521159368019606,0.002140839120430921,0.0001,4.065120435780662e-06,0.0037976888566595398,0.00035835616296826057,8099,0.40545412179614254
896,0.41669380532079725,0.41520824071086837,0.0023733909003198625,0.0001,4.7989813123205555e-06,0.004043987285595303,0.00034589191804561736,7927,0.41669380532079725
897,0.4195546511504936,0.41534279322616763,0.002215262682553654,0.0001,3.6557781056945017e-06,0.003300536892970442,0.0003548520530861298,7877,0.4195546511504936
898,0.4229326732210579,0.415453410376118,0.0022319321661152637,0.0001,3.8481263771680885e-06,0.0034482467125027845,0.0003530175952444763,7833,0.4229326732210579
899,0.41693642255641894,0.41545437475778557,0.002206351960392001,0.0001,4.315247923313886e-06,0.003911658702492053,0.0001362494181245733,7996,0.41693642255641894
900,0.4092647088065052,0.41533644800727704,0.0018101862770451619,0.0001,3.2870894921983046e-06,0.0036317693199662865,0.00015112244458840486,8070,0.4092647088065052
901,0.4146683729378955,0.4152730853034987,0.0019203728929740528,0.0001,3.432414228458755e-06,0.0035747372200646155,0.000149928271549604,7952,0.4146683729378955
902,0.40803616617059135,0.4153702008041675,0.0021718023660209657,0.0001,3.834520993288548e-06,0.003531187785115002,0.00015865602188157491,8049,0.40803616617059135
903,0.4198259606328336,0.41545129522171526,0.002289042664954228,0.0001,4.0920559185158004e-06,0.0035753426366105985,0.00012493478804058447,7914,0.4198259606328336
904,0.4164325932300934,0.41560020849750445,0.0023868297552232833,0.0001,4.294017593915466e-06,0.003598092896670604,0.00015192616093422426,7918,0.4164325932300934
905,0.41243565739178917,0.4157002480547038,0.0024232216371667514,0.0001,4.651162999776595e-06,0.0038388259071628038,0.00015225912159455717,8022,0.41243565739178917
906,0.40863068876858777,0.4156312838919748,0.001909444142860208,0.0001,3.479381808424262e-06,0.0036443923446877074,0.00014619624039055815,8033,0.40863068876858777
907,0.4142185085520396,0.41557713506320293,0.002029062839522368,0.0001,3.8064323772403665e-06,0.003751911772369142,0.00014205065487728417,7953,0.4142185085520396
908,0.4245373933197806,0.4156195874784021,0.001883114218499809,0.0001,2.9272136514340093e-06,0.0031089071737411523,0.0001496701706240002,7788,0.4245373933197806
909,0.41673665286400885,0.41561496228739214,0.001971144757542396,0.0001,3.905033880694191e-06,0.003962198986910478,0.00029505120003065865,7961,0.41673665286400885
910,0.41145248884292823,0.41569599262197215,0.002198891632911186,0.0001,3.826835598697749e-06,0.0034806950387375603,0.0002371955992161543,8001,0.41145248884292823
911,0.41326161682492246,0.41578050879270023,0.0022214818093969487,0.0001,3.923244967054937e-06,0.003532097314917878,0.0002173625061627101,7959,0.41326161682492246
912,0.42848255589867273,0.4157859189166018,0.0021631888402165256,0.0001,4.054293067429459e-06,0.003748441182808287,0.00022386204779692142,7734,0.42848255589867273
913,0.4210946637764498,0.41584657916899814,0.0020295523342014165,0.0001,3.398668756722191e-06,0.0033491807030041347,0.00025095325058157377,7899,0.4210946637764498
914,0.41691789643446253,0.4159009710715539,0.0021522351226214128,0.0001,3.7588961110317397e-06,0.003493016233703519,0.0002506490581182332,7894,0.41691789643446253
915,0.4202513287995555,0.415848768394046,0.002024575707096155,0.0001,4.242738980068779e-06,0.004191237665450535,0.0002448154787411496,7846,0.4202513287995555
916,0.4172085798645312,0.41588241304630424,0.002076329405331139,0.0001,4.120870181319167e-06,0.003969379974813735,0.0002670755770009862,7934,0.4172085798645312
917,0.41606202617884513,0.41584132918233035,0.0021245547726039347,0.0001,4.145841803829674e-06,0.0039027864635830254,0.0002581863280605172,7942,0.41606202617884513
918,0.42425100312813446,0.41570153295140755,0.0016572506718046612,0.0001,3.177882495768462e-06,0.0038351259104428795,0.00024338347222622932,7843,0.42425100312813446
919,0.42316895097914203,0.415673574658342,0.001604859102707311,0.0001,2.79295686353135e-06,0.0034806256310224142,0.0002937529565122888,7726,0.42316895097914203
920,0.41005687654551426,0.41556206220338404,0.0017922886143657939,0.0001,3.4443200263650473e-06,0.0038434881511355567,0.00027452848127780874,7981,0.41005687654551426
921,0.41784150635969286,0.41553115592565126,0.0019609113209880795,0.0001,3.8462040349407975e-06,0.003922874016559546,0.00029411109265380423,7897,0.41784150635969286
922,0.41032205402009464,0.41549334772878366,0.0017682480364676015,0.0001,3.033186723495963e-06,0.003430725397049282,0.0002888160901561667,8053,0.41032205402009464
923,0.4128562823991033,0.4154653361944992,0.0018580431645198845,0.0001,3.512748886794407e-06,0.00378112732133658,0.00029864524044624733,7965,0.4128562823991033
924,0.41666703010604905,0.4155003521875173,0.002150029123027003,0.0001,3.8964197698890455e-06,0.0036245274337524487,0.00030787367637066804,7962,0.41666703010604905
925,0.415767968799744,0.4154353664484799,0.0016584349714911285,0.0001,2.9478012289492908e-06,0.0035549192818803985,0.00026091138969594376,7936,0.415767968799744
926,0.41301824759957073,0.41551338047848685,0.0020914725549083407,0.0001,3.5270074029754027e-06,0.003372750356869947,0.00028602815929273473,7972,0.41301824759957073
927,0.4044622910111889,0.41548617514587116,0.0016999448405961325,0.0001,3.0993259504928855e-06,0.0036463841372712086,0.00028376059963792014,8196,0.4044622910111889
928,0.4190336114716847,0.4155910043023568,0.002255262826807438,0.0001,3.999184811576226e-06,0.003546535476077963,0.00027029237618067254,7883,0.4190336114716847
929,0.41407091716055483,0.41562976395126394,0.0021487579300557657,0.0001,3.861660551417198e-06,0.003594318836386543,0.0002721463858480162,7966,0.41407091716055483
930,0.42749511511275795,0.41572754131475886,0.002037450026435577,0.0001,3.334491778516755e-06,0.0032732010456720667,0.0002400887879953849,7728,0.42749511511275795
931,0.4283506985748911,0.4156382975640458,0.0016997884719996128,0.0001,2.867720903120126e-06,0.0033742091446785374,0.00025469646544811826,7733,0.4283506985748911
932,0.4175108435818754,0.41570910793178006,0.002135494193717544,0.0001,3.63336476080408e-06,0.0034028327227422603,0.0002500214671709638,7900,0.4175108435818754
933,0.41263949451975557,0.4155485453591914,0.0016252555804888535,0.0001,3.4494545860283476e-06,0.004244814941648502,0.0002653016773255759,7933,0.41263949451975557
934,0.41749416046465737,0.41570654059848355,0.002505196442328136,0.0001,4.369804180814888e-06,0.0034885920377197483,0.0002695246987764901,7982,0.41749416046465737
935,0.4255692385640372,0.41576313769609,0.0021561338189592517,0.0001,3.7807570729379814e-06,0.003506978128809206,0.0002513883902459933,7776,0.4255692385640372
936,0.41967074054685205,0.4158249489967455,0.0019732590527641596,0.0001,3.6075568569003314e-06,0.003656445261808715,0.00026636350923153984,7904,0.41967074054685205
937,0.4190054844036042,0.4159352032644511,0.0022886359744370855,0.0001,4.032669323226833e-06,0.003524081040645804,0.00026597624744641065,7915,0.4190054844036042
938,0.4114255881183516,0.41586259836594347,0.0018702536563175315,0.0001,3.7195524571300244e-06,0.003977591429446744,0.00024957509905239897,8120,0.4114255881183516
939,0.40608841890736463,0.4160404792938972,0.0023682090326881617,0.0001,3.923370986539613e-06,0.003313365444000678,0.0004174790757450611,8134,0.40608841890736463
940,0.42230514462249064,0.41598772232425607,0.0016972227422735729,0.0001,2.8279947690904083e-06,0.003332496906448556,0.0003956873785586185,7842,0.42230514462249064
941,0.4050647997469449,0.4159320499618916,0.0017733348299002652,0.0001,3.221524087808333e-06,0.003633294777151042,0.0004024915986517377,8072,0.4050647997469449
942,0.4086631925654358,0.4160595815524718,0.0023766571237587805,0.0001,4.415732876503067e-06,0.003715919164241415,0.00041637443477504714,8046,0.4086631925654358
943,0.4204589603738671,0.4161234624029435,0.0021470858947250527,0.0001,3.560025315303852e-06,0.003316146153304905,0.0004092730247897731,7830,0.4204589603738671
944,0.4097502708256324,0.41614106016867664,0.0018390390406372837,0.0001,3.238981859959374e-06,0.0035224721046019413,0.00041302293961339895,8095,0.4097502708256324
945,0.4264055181791232,0.4160797515149779,0.0020403641445606983,0.0001,3.7438892363948785e-06,0.0036698245716339597,0.00041077134557640195,7703,0.4264055181791232
946,0.41821175683810974,0.4160893313618984,0.0019987249241742765,0.0001,3.559622264736998e-06,0.003561893106634037,0.00044085747188139996,7918,0.41821175683810974
947,0.41586247971844637,0.4161579067463066,0.00208501071143769,0.0001,3.5088607983241433e-06,0.00336579642404298,0.00040061146484211417,7982,0.41586247971844637
948,0.4096557196906736,0.4162368988701992,0.0023119120077633717,0.0001,4.2762083424675366e-06,0.0036992829555001078,0.000439727206086119,8053,0.4096557196906736
949,0.42505544340220863,0.4163113355882473,0.0020830062523361182,0.0001,3.454888305085016e-06,0.0033172135716926575,0.0002571184362366286,7832,0.42505544340220863
950,0.41750249595572086,0.4161453348352682,0.00171615072295585,0.0001,3.355522633506274e-06,0.003910522063850914,0.00025674478870202203,7854,0.41750249595572086
951,0.4121780288364236,0.4161608268089324,0.0017286135419109932,0.0001,2.904077784531146e-06,0.0033600081384537453,0.0002323185010035114,8063,0.4121780288364236
952,0.4163158810396712,0.4161480503840607,0.0017144886722757727,0.0001,2.959724245661138e-06,0.0034526028588249204,0.00025304579877324256,7970,0.4163158810396712
953,0.41743277826097247,0.4161689208574671,0.0018381451962768709,0.0001,3.2542542564830485e-06,0.0035408021771887017,0.00023842349592997778,8002,0.41743277826097247
954,0.4178000803075504,0.41623513176149235,0.0021239791157331056,0.0001,3.6473051574150014e-06,0.0034344077400743265,0.00025768288789164564,7907,0.4178000803075504
955,0.41989926054224347,0.4162656097970171,0.0021405530164548604,0.0001,3.936186815852975e-06,0.0036777288724873583,0.00024218802720477753,7829,0.41989926054224347
956,0.4055498567143211,0.4164474503698948,0.002441346952957063,0.0001,4.2403424629088265e-06,0.003473772916850465,0.000243427479673142,8104,0.4055498567143211
957,0.42362636182405233,0.4164886403480826,0.0020614912695911076,0.0001,3.5104647091221086e-06,0.003405752680988459,0.00024612119809996414,7813,0.42362636182405233
958,0.4250730247484743,0.41664774546808125,0.0024695445952794353,0.0001,4.467307221943399e-06,0.0036179198630247136,0.00024024592618975322,7762,0.4250730247484743
959,0.4068676408957072,0.4167194446570449,0.002144549603170381,0.0001,3.7466496748067733e-06,0.0034941133273559515,0.0003907029440062202,8053,0.4068676408957072
960,0.4164324213924243,0.4168316156922107,0.002283484848558449,0.0001,4.042135389857375e-06,0.003540321620622228,0.0004344630632457729,7984,0.4164324213924243
961,0.41717283100735636,0.4169823127834129,0.002297577823878792,0.0001,3.9986547986603825e-06,0.003480756784037735,0.00041863758005883096,7933,0.41717283100735636
962,0.4123078006831456,0.4170515929188647,0.0022748231798227856,0.0001,4.0666203196188404e-06,0.0035753287162614894,0.00043356836885838915,8012,0.4123078006831456
963,0.4244074893810672,0.4171483378443375,0.0022148766678552097,0.0001,3.7357642052141214e-06,0.003373338352813724,0.0004242568834549149,7793,0.4244074893810672
964,0.4227978440836666,0.41704973474848817,0.0016188839602678299,0.0001,2.846476444125905e-06,0.0035165910763054085,0.00041330620735456245,7791,0.4227978440836666
965,0.40863921304632744,0.41709245375270926,0.0019659032060648078,0.0001,3.461596146290321e-06,0.003521634366952862,0.00040671516857258453,8081,0.40863921304632744
966,0.4179571795401234,0.4170072584580135,0.0014711727806043377,0.0001,2.5230536314948338e-06,0.0034299895495053926,0.00038892987347445687,7892,0.4179571795401234
967,0.42461426219050546,0.4170172557694769,0.0020407802185232315,0.0001,3.7885766908064194e-06,0.0037128708485306113,0.0004240139597113918,7723,0.42461426219050546
968,0.41033007291669477,0.4170276544286486,0.002135013672672349,0.0001,3.8765681229492635e-06,0.0036314222925767493,0.00042805367951407534,8044,0.41033007291669477
969,0.4219530299602682,0.41701080754355685,0.002130584624868261,0.0001,3.7997887513323207e-06,0.0035668977490788665,0.00027128086492352364,7760,0.4219530299602682
970,0.4160512885120814,0.41696535014600755,0.0014123341127996372,0.0001,2.111215910323985e-06,0.002989683377595363,0.00026469764660247034,7971,0.4160512885120814
971,0.4041803970312797,0.41707225127868686,0.0020351297031957257,0.0001,3.384038997458432e-06,0.0033256248897989543,0.0002773627793399153,8070,0.4041803970312797
972,0.4138865665331248,0.41700243788734503,0.0019981025840587504,0.0001,3.808215590077948e-06,0.003811831905389273,0.00025794338132107786,8030,0.4138865665331248
973,0.41105354986192133,0.4170999424371458,0.0022553303495857174,0.0001,4.114601128299106e-06,0.003648779105956624,0.00028143354557743993,8087,0.41105354986192133
974,0.40981051509985633,0.4170950836438972,0.0019346445438809701,0.0001,3.42905865669381e-06,0.003544897865129259,0.00024123143263109068,8073,0.40981051509985633
975,0.4130961945937942,0.41707871030182997,0.0019170093218885795,0.0001,3.3523203378112484e-06,0.003497448133959666,0.0002661115898426768,7996,0.4130961945937942
976,0.41605218237445984,0.4172024806097531,0.0022495355282807893,0.0001,3.9094864706825974e-06,0.00347581660439071,0.0002626226921127788,7954,0.41605218237445984
977,0.42105177036914854,0.4172331900120278,0.0017683799906813688,0.0001,2.9319966133090624e-06,0.0033160255474043725,0.00025589232355123335,7869,0.42105177036914854
978,0.4131142906434052,0.41731177028778577,0.002111805709002458,0.0001,3.5725378540408596e-06,0.00338339634068742,0.0002648709621050969,7977,0.4131142906434052
979,0.415383131347623,0.41731824586473343,0.0019963615487899765,0.0001,3.5399539524626623e-06,0.0035464056644531946,0.0003117795729881107,7981,0.415383131347623
980,0.41932292550951067,0.41728497136692966,0.0018269732430814896,0.0001,2.9466445273270637e-06,0.003225711748637397,0.0003029297457387397,7910,0.41932292550951067
981,0.41467593956705123,0.4173767740731467,0.0022363760827145444,0.0001,4.0190564362599325e-06,0.0035942581100952805,0.0003185595295539,7942,0.41467593956705123
982,0.40238673044956264,0.41743782638067156,0.002028553312802601,0.0001,3.29791353800999e-06,0.0032514930883957606,0.00031582823829019615,8235,0.40238673044956264
983,0.41697842421207354,0.4175788843078694,0.0025001370120656895,0.0001,4.777364603307027e-06,0.0038216822360145957,0.00033148511541607005,7954,0.41697842421207354
984,0.42613809921817347,0.41762381392369585,0.0017991076254609871,0.0001,2.9583828194704205e-06,0.003288722450623142,0.00030377052693217294,7773,0.42613809921817347
985,0.4064559153656212,0.41741112865082874,0.001656929656193258,0.0001,3.0950801867716726e-06,0.003735922252586774,0.00031905319329391405,8127,0.4064559153656212
986,0.41981326005474817,0.4174317895227478,0.001609251632482323,0.0001,2.5495376088955755e-06,0.003168600307663297,0.00032542869985670975,7867,0.41981326005474817
987,0.4246317856800684,0.4173517442226451,0.001552389304030822,0.0001,2.8229339080507282e-06,0.0036368891498039847,0.00031485016650823925,7815,0.4246317856800684
988,0.4181797442155608,0.41748973205094314,0.0023301613859085506,0.0001,3.992837714717544e-06,0.0034270911352869233,0.00032345904276389156,7867,0.4181797442155608
989,0.40659337016562414,0.4174530697933149,0.001641095942009212,0.0001,3.1070314930875454e-06,0.003786532418432004,0.0002967996351661289,8084,0.40659337016562414
990,0.42579084359608943,0.4174530320729405,0.001891079298068511,0.0001,3.2589328829090526e-06,0.0034466379979280867,0.000243224221162359,7726,0.42579084359608943
991,0.41557206131067936,0.4174135323966254,0.0018651493966928372,0.0001,3.042488144297357e-06,0.003262460529641326,0.000295366199860853,7912,0.41557206131067936
992,0.4073121806202006,0.41751515845897164,0.0024182282908780136,0.0001,4.613099166467394e-06,0.0038152718532562233,0.0002875604280372687,8113,0.4073121806202006
993,0.420864064009677,0.41767232511016017,0.0022424759808684592,0.0001,3.5186432114205445e-06,0.0031381769449836928,0.00028077393237543196,7915,0.420864064009677
994,0.41446737041840487,0.41760303853611735,0.0017513394368886546,0.0001,3.1857431846815297e-06,0.003638064806376047,0.0002679311886657839,7972,0.41446737041840487
995,0.42278084124357407,0.4175584112789482,0.001682268312328034,0.0001,3.0720449178226335e-06,0.0036522650938735626,0.00027270168964818874,7774,0.42278084124357407
996,0.419439099976911,0.4175570807199763,0.0019204825097558235,0.0001,3.2722630639664556e-06,0.0034077509660658165,0.00026443845213339467,7895,0.419439099976911
997,0.4160410337253875,0.4175764414665337,0.00206062815226644,0.0001,3.5527409493184836e-06,0.003448211600342255,0.0003027838196953013,7911,0.4160410337253875
998,0.41199701228453534,0.4174844486174319,0.0018296641887045554,0.0001,3.6242931009131038e-06,0.003961703052710659,0.0003072591279345783,7951,0.41199701228453534
999,0.4316341353237553,0.41754169588600965,0.0020803520491042143,0.0001,3.4905638748693753e-06,0.0033557434438775766,0.00027012905784892414,7703,0.4316341353237553
