iteration,performance_mc,performance_true,alpha,beta,bound,policy_advantage,model_advantage,total_samples,avg_return
0,0.045568480372865136,0.04578198199807605,0.0016525123301629958,0.0001,3.572893370020294e-06,0.004324195716794297,8.823159484003097e-20,60718,0.045568480372865136
1,0.043448269947865915,0.04630691687469927,0.0016194767880269708,0.0,3.4263924497987537e-06,0.004231480778397782,0.0,60824,0.043448269947865915
2,0.04406477816771726,0.04682953424420486,0.0016117723829970135,0.0,3.3898289180656127e-06,0.004206337016101973,0.0,60716,0.04406477816771726
3,0.04778074949814182,0.04739745988984092,0.0017460469046812433,0.0,3.979809370552477e-06,0.0045586511563720285,0.0,60531,0.04778074949814182
4,0.04402810879571248,0.04796377593946923,0.0017241814592723484,0.0,3.876040195659678e-06,0.004496093116899044,0.0,60693,0.04402810879571248
5,0.04736631869863643,0.048557742727680236,0.0018029015839188995,0.0,4.226702379809441e-06,0.004688777709787148,0.0,60530,0.04736631869863643
6,0.047087270539104824,0.04914055710916124,0.0017798837518801032,0.0,4.116019996125421e-06,0.004625043620716962,0.0,60529,0.047087270539104824
7,0.0472214837670363,0.04970758203937138,0.0017176602358122983,0.0,3.837138278842733e-06,0.004467866460246852,0.0,60439,0.0472214837670363
8,0.050792726388015505,0.0503213817564597,0.0018215101964748515,0.0,4.312627701817043e-06,0.004735222136184825,0.0,60240,0.050792726388015505
9,0.05212628030575875,0.05094526653467683,0.001856877045358415,0.0,4.476051101438736e-06,0.004821052759123064,-0.00014571991742522844,60196,0.05212628030575875
10,0.05284247454512123,0.0515553244915708,0.001841990946326309,0.0,4.395559109502953e-06,0.0047726174965946645,-0.00017315771619438002,60079,0.05284247454512123
11,0.054589257636444746,0.05220071304160695,0.001909609054636848,0.0,4.724418801064493e-06,0.004948048177288246,-0.00013481886828302988,59987,0.054589257636444746
12,0.055252180093185284,0.05284255726495336,0.0018857379864543444,0.0,4.603555188293427e-06,0.0048824971670101995,-0.0001564512754636391,59936,0.055252180093185284
13,0.052881049009950956,0.05349388678522121,0.001909275374218951,0.0,4.715151822812854e-06,0.004939205613272768,-0.00016551129077393113,60148,0.052881049009950956
14,0.05075832565187822,0.05412528678199494,0.0018536865338900036,0.0,4.438180022696996e-06,0.004788490331624056,-0.0001640826457105941,60309,0.05075832565187822
15,0.05421645980048821,0.05475542569044288,0.0018463663839695965,0.0,4.406354406038241e-06,0.004773001116457501,-0.00016181950440819553,60048,0.05421645980048821
16,0.05296303677280458,0.05542832600653717,0.0019551210085027196,0.0,4.931250388560734e-06,0.005044445195069751,-0.00016606283651093075,60016,0.05296303677280458
17,0.058493277454051,0.056123628630275174,0.0020065547774730783,0.0,5.185412898992234e-06,0.005168473801171179,-0.00016820674517314003,59750,0.058493277454051
18,0.05825582594999325,0.05683669435751926,0.0020411698268278725,0.0,5.3554850659466366e-06,0.005247466423966743,-0.0001858713673574352,59766,0.05825582594999325
19,0.06015492460151367,0.05751057157514683,0.0019909802676115686,0.0,5.097868478579533e-06,0.005120963338019487,-0.00013431093751093947,59514,0.06015492460151367
20,0.05569462293116457,0.05815332422147044,0.0018451412197888829,0.0,4.370912254215471e-06,0.004737753628110462,-0.0001176787874950841,59978,0.05569462293116457
21,0.05679485209789739,0.05885395639490495,0.00200523370889874,0.0,5.173107931393693e-06,0.005159605993492625,-0.00014081242225460442,59921,0.05679485209789739
22,0.05808802818455559,0.05955114255517122,0.0019394726573756843,0.0,4.80409623171769e-06,0.0049540231603142585,-0.00015598740921933925,59764,0.05808802818455559
23,0.06158013112820627,0.06028444727338623,0.0020818714062798287,0.0,5.541447357568331e-06,0.005323525113849895,-0.0001695360397026262,59515,0.06158013112820627
24,0.05701281432433949,0.06099520059327915,0.0019770457131729796,0.0,4.997432536988224e-06,0.0050554547157817585,-0.00012389085645007222,59806,0.05701281432433949
25,0.06257009077627929,0.06175385555808034,0.0021226222859907252,0.0,5.751699165626464e-06,0.005419427849775806,-0.0001543651381581892,59425,0.06257009077627929
26,0.061333890882655506,0.06247846369549691,0.0020350190659947478,0.0,5.287560454195866e-06,0.005196570924126677,-0.00016728418068820048,59576,0.061333890882655506
27,0.059179822499072936,0.06321119989890342,0.0020285649783199655,0.0,5.242446281411558e-06,0.005168625444528075,-0.00013094607723002194,59751,0.059179822499072936
28,0.06180862292861918,0.06392886795426188,0.002011873632468899,0.0,5.1655736960976074e-06,0.00513508762452302,-0.00015884890721672628,59383,0.06180862292861918
29,0.06423157941205208,0.06469098036353378,0.0020826354149644454,0.0001,5.523946687169584e-06,0.005304765920600547,1.0872552207014119e-05,59371,0.06423157941205208
30,0.06617810899729458,0.06543953323888199,0.0020942854946528915,0.0001,5.58134044717844e-06,0.005330066470334309,9.985825167057066e-06,59101,0.06617810899729458
31,0.07047380915567163,0.06607654154410489,0.001764869269837168,0.0001,4.885804434703271e-06,0.005536732400756288,1.056240786334697e-05,58877,0.07047380915567163
32,0.06796175040123477,0.06683168876595327,0.002090491165119052,0.0001,5.5590492288990915e-06,0.005318414468001359,5.0245360357429075e-06,58881,0.06796175040123477
33,0.06869821482767982,0.0675929118117882,0.0021039627230253527,0.0001,5.620327078652461e-06,0.005342610890530246,4.9199539668107905e-06,59136,0.06869821482767982
34,0.06905304519198611,0.06838230858614266,0.0021228610071111313,0.0001,5.704315735570197e-06,0.005374177316802143,1.4264908257860471e-05,58900,0.06905304519198611
35,0.07045151323156497,0.06920761440356865,0.002219655014162377,0.0001,6.235565620559983e-06,0.005618499794584588,1.691041684182972e-05,58860,0.07045151323156497
36,0.06886380284581683,0.0700047061903216,0.0021290997939826346,0.0001,5.7023622827276996e-06,0.005356594649855299,1.0257177323382337e-05,59014,0.06886380284581683
37,0.0669249418718145,0.07077503003558093,0.002061910557053397,0.0001,5.364913530899997e-06,0.005203827598193012,1.0107315817026529e-05,59075,0.0669249418718145
38,0.06876571756993406,0.07155592035533292,0.0021002949914514352,0.0001,5.549207491045372e-06,0.0052842172300858765,1.5531056892474375e-05,58822,0.06876571756993406
39,0.07237015625377394,0.0723478478114356,0.0021872207512123472,0.0,6.031574289130227e-06,0.005515286269835366,-0.0002584145422335646,58657,0.07237015625377394
40,0.07273214428968611,0.0731835643511653,0.002192064252860273,0.0,6.0466062883483565e-06,0.005516814829180813,-0.00023339258156303868,58685,0.07273214428968611
41,0.07269404171023017,0.07403443541441439,0.0022815845648938623,0.0,6.528072424048506e-06,0.005722402337826289,-0.00022896752446661787,58835,0.07269404171023017
42,0.07353469303387009,0.07488556812216339,0.0022433228722633365,0.0,6.290830893109902e-06,0.005608493517264369,-0.00026309718105399775,58735,0.07353469303387009
43,0.06864757712639072,0.07569770153383347,0.002158592632273371,0.0,5.836631406224366e-06,0.005407811848294307,-0.0002352706645028035,59043,0.06864757712639072
44,0.07437635471270652,0.07656153475771044,0.002245315720955071,0.0,6.269977167881937e-06,0.005584940335441939,-0.00025832002669170064,58567,0.07437635471270652
45,0.08107929903339255,0.07749903805767716,0.0024677255544364157,0.0,7.605668502021746e-06,0.00616411212207003,-0.0002684665218497093,58095,0.08107929903339255
46,0.08139759832499772,0.07844235663863888,0.0024566731164637526,0.0,7.515031996564246e-06,0.006118056119229836,-0.0002673819523510897,58018,0.08139759832499772
47,0.0779773881290178,0.07931847656998273,0.0022681240489963008,0.0,6.397414006209042e-06,0.00564115001473579,-0.00029067705038570096,58324,0.0779773881290178
48,0.08160844798030222,0.08004530312335675,0.001896931164818008,0.0,5.383307312836103e-06,0.005675806705777412,-0.0002542535704093729,58110,0.08160844798030222
49,0.07784800462611706,0.08088320927770931,0.002201383647854646,0.0,6.034225502299272e-06,0.005482211615571792,-5.3079483337370274e-06,58280,0.07784800462611706
50,0.07964977349454146,0.0817988325360428,0.0023424356782498702,0.0,6.790804054497483e-06,0.0057980708862590165,-8.138273720547688e-06,58183,0.07964977349454146
51,0.08234876639833374,0.08272821674726197,0.0023868635408842973,0.0,7.020118204568149e-06,0.005882295392527803,-1.014885692838342e-05,58066,0.08234876639833374
52,0.0857660350069095,0.08349149107802196,0.0019711547272989495,0.0,5.84413880809036e-06,0.005929660139971369,-1.0549310873804404e-05,57703,0.0857660350069095
53,0.08485601499666796,0.08426441211146084,0.0019946350607426134,0.0,5.993236306301904e-06,0.0060093562218550296,-5.456369093152746e-06,57676,0.08485601499666796
54,0.08419587082631193,0.08518285542130641,0.0023626550929581906,0.0,6.904992809100238e-06,0.005845112839093884,-1.2864838369245655e-05,57773,0.08419587082631193
55,0.08492460020226228,0.08608927677507171,0.002358202152176361,0.0,6.851622214607046e-06,0.005810886236605079,-1.580127775086768e-05,57849,0.08492460020226228
56,0.08596339621359082,0.08703247076555898,0.0023900662226537233,0.0,6.950932963431507e-06,0.0058165191387155694,-2.207106631938584e-07,57712,0.08596339621359082
57,0.08857911655676307,0.0879786610336576,0.0024326532240507423,0.0,7.2978229483976376e-06,0.005999887592893851,-7.5199948888082525e-06,57566,0.08857911655676307
58,0.08300983161433916,0.08891158842303323,0.0023481985775143676,0.0,6.771938303746597e-06,0.005767773107941218,-2.795183277727494e-06,58039,0.08300983161433916
59,0.0882316709034954,0.08987096148668589,0.0024571951122745934,0.0001,7.4114666010139874e-06,0.00603246080377662,7.567687610527016e-05,57522,0.0882316709034954
60,0.0886035153705099,0.09078861323936543,0.0023707788133542442,0.0001,6.9152770104213615e-06,0.0058337597514104955,7.252112567956241e-05,57394,0.0886035153705099
61,0.08980303745979687,0.09174657555738928,0.0024460048872766912,0.0001,7.347344257096525e-06,0.006007628435507206,7.284832949489597e-05,57342,0.08980303745979687
62,0.09286129510512528,0.09266414990631447,0.0023415086259837114,0.0001,6.696922902385926e-06,0.005720177861460941,7.472412124713597e-05,57322,0.09286129510512528
63,0.09222892586974829,0.09363892035690904,0.0024597629178768126,0.0001,7.3225046558707256e-06,0.005953829617198452,8.033972458110118e-05,57273,0.09222892586974829
64,0.0974552271552854,0.0944341557892264,0.0020536835669616106,0.0001,6.274252021788967e-06,0.0061102422230233,9.231703373339503e-05,56822,0.0974552271552854
65,0.09563487446819488,0.09544652532724572,0.0025090792297534636,0.0001,7.629080359278511e-06,0.0060811793177436855,7.932428904754919e-05,57009,0.09563487446819488
66,0.09563780999743876,0.09623756266955805,0.0020196139824189695,0.0001,6.011202640908844e-06,0.005952823354598678,8.521029317145156e-05,57056,0.09563780999743876
67,0.09809086118539223,0.0970583183215171,0.0020715111172620684,0.0001,6.281363291912532e-06,0.006064522888213755,8.898648393357672e-05,56851,0.09809086118539223
68,0.09627842657937413,0.0978508751822193,0.002027255214520357,0.0001,6.060847964419861e-06,0.00597936354634445,8.716862251535929e-05,57032,0.09627842657937413
69,0.0982874978532538,0.0988377882572674,0.0024936972972402984,0.0,7.543849404086848e-06,0.006050332903223984,-7.826478423772013e-05,56794,0.0982874978532538
70,0.10450954043713659,0.09972545588634535,0.002192424140898964,0.0,7.032333026205787e-06,0.006415120956770989,-8.984833941081938e-05,56270,0.10450954043713659
71,0.09725495240682884,0.10073408699689976,0.0024863825555215217,0.0,7.445198079437076e-06,0.0059887792109090295,-7.992126613720924e-05,56966,0.09725495240682884
72,0.1002288339036877,0.10162776250640743,0.0022262541695574714,0.0,7.2580967169940825e-06,0.006520456483580063,-7.88707678543565e-05,56759,0.1002288339036877
73,0.10329901499381289,0.10269773995348136,0.0026557903343878008,0.0,8.465766323733624e-06,0.0063753273096274835,-8.784235724858483e-05,56503,0.10329901499381289
74,0.10140809458316503,0.10376158465355707,0.0026518233022569692,0.0,8.343892711105316e-06,0.006292947726949848,-7.913076532084238e-05,56706,0.10140809458316503
75,0.10770073421558259,0.10480881978540302,0.002648892444937553,0.0,8.486386641982528e-06,0.0064074980909106655,-8.800311805517647e-05,56049,0.10770073421558259
76,0.10578025489813975,0.10582707539242797,0.0025769268916878926,0.0,8.019692130921175e-06,0.00622422945469614,-9.13470186093115e-05,56340,0.10578025489813975
77,0.10611965288597822,0.10688712212112197,0.002627431874123769,0.0,8.27435820754495e-06,0.006298437869339155,-9.380534806243537e-05,56266,0.10611965288597822
78,0.10936825617262996,0.10788507079162671,0.0025447781779164647,0.0,7.758524056737763e-06,0.006097603417119875,-9.73681796236357e-05,56070,0.10936825617262996
79,0.10872007707038042,0.10880604054888118,0.0023204395691588664,0.0001,7.560399746867815e-06,0.0065163513390769975,4.350712703190284e-05,56180,0.10872007707038042
80,0.10745862848227644,0.10988820927267237,0.002641862720575769,0.0001,8.22791263659609e-06,0.006228872206352111,4.6798438322119846e-05,56052,0.10745862848227644
81,0.11158138957068568,0.1109429229783486,0.0026231026985270114,0.0001,8.254969720404242e-06,0.006294049962313541,4.887664666081484e-05,55820,0.11158138957068568
82,0.10770034282326134,0.11182030755900402,0.0021540396486380725,0.0001,6.624751841074093e-06,0.006151002694182256,4.5148692064404016e-05,56072,0.10770034282326134
83,0.1128405064475031,0.11288328238240782,0.002666916205714757,0.0001,8.49470500102683e-06,0.006370432623885288,5.217317649912219e-05,55782,0.1128405064475031
84,0.11337754206772539,0.11378141064243372,0.002251000649283292,0.0001,7.209028675100696e-06,0.0064051768953474215,4.867654542852542e-05,55611,0.11337754206772539
85,0.11759685125524347,0.11490646307997357,0.0027388555168885347,0.0001,8.802047548449918e-06,0.006427536972413534,6.406754672533241e-05,55186,0.11759685125524347
86,0.11841378342289198,0.11582173729876438,0.0022841895021605174,0.0001,7.409960677601407e-06,0.0064880437201840216,5.1331805133271496e-05,55342,0.11841378342289198
87,0.10971747315084152,0.11687334272596647,0.0025939742400915688,0.0001,7.949118862930362e-06,0.0061289111819782405,5.6037781681553266e-05,55920,0.10971747315084152
88,0.11619718656500949,0.1179564631609897,0.002649441832341347,0.0001,8.264084849747983e-06,0.006238359150874359,5.670721105007735e-05,55607,0.11619718656500949
89,0.11802964267057534,0.11908721271139702,0.0028206998055984402,0.0001,9.471935161576912e-06,0.006716017878100531,8.584930856127446e-05,55254,0.11802964267057534
90,0.11905746683030627,0.12020961017256543,0.0027693644279729855,0.0001,9.082532428893502e-06,0.006559290165752139,8.261641013190407e-05,55289,0.11905746683030627
91,0.11668260078375206,0.12135896056117829,0.0027935711979181262,0.0001,9.107292302323623e-06,0.006520179123489471,7.885121900561624e-05,55390,0.11668260078375206
92,0.12019858468140623,0.12227857770353628,0.002247823168388588,0.0001,7.073398777574212e-06,0.006293554472654507,9.917778841395068e-05,55113,0.12019858468140623
93,0.1246249476336693,0.12340991545575355,0.002791458649491363,0.0001,9.141631662039754e-06,0.0065497166964701165,8.853884315091565e-05,55010,0.1246249476336693
94,0.12076974974047258,0.12447217436022989,0.0026035739946303803,0.0001,7.970856596676274e-06,0.006123011378294142,8.454389820502928e-05,55297,0.12076974974047258
95,0.12258588425186878,0.12559176923325252,0.0027581944288000673,0.0001,8.763567339886592e-06,0.006354568226503974,8.752015204984726e-05,55144,0.12258588425186878
96,0.12434294632337327,0.1266690721530198,0.0027545717436497537,0.0001,8.964816110556451e-06,0.006509045285332264,9.079426007402492e-05,54825,0.12434294632337327
97,0.12813223739422733,0.12777578893654828,0.0027330425032556006,0.0001,8.796989883742763e-06,0.006437506824913104,9.4030711951319e-05,54650,0.12813223739422733
98,0.12510814824879898,0.12893514982234694,0.0027981837918306654,0.0001,8.925035424996787e-06,0.006379163120773942,0.00010674072516368725,54749,0.12510814824879898
99,0.1283260728005883,0.1298606812494959,0.002306555521574313,0.0001,7.400527666763e-06,0.006416951681884385,0.00010022975164213611,54491,0.1283260728005883
100,0.13055027705347583,0.1308265781138544,0.0023742843754371297,0.0001,7.816679410530214e-06,0.0065844508698256355,8.394612472306998e-05,54430,0.13055027705347583
101,0.12903010629685896,0.13197455909467998,0.002824920811847811,0.0001,9.270115775828272e-06,0.006563097795130469,0.00010048314095692745,54584,0.12903010629685896
102,0.1304200806710087,0.13312143493379464,0.002830057301123981,0.0001,9.289478421378875e-06,0.006564869494119064,0.00010097819340953495,54417,0.1304200806710087
103,0.13144910541752183,0.13428613233992936,0.002836669778161087,0.0001,9.278973786903982e-06,0.0065421600063150205,9.787515243678103e-05,54334,0.13144910541752183
104,0.13970155332727313,0.13547275265557596,0.0029270099130785533,0.0001,9.891732459134078e-06,0.006758933350335127,0.00010383674744828314,53822,0.13970155332727313
105,0.13532197948374086,0.13660711095595274,0.002777045851897417,0.0001,8.87130961246285e-06,0.006389026386727844,9.050021012071012e-05,54011,0.13532197948374086
106,0.13927817318625335,0.13781335176311443,0.0029726247695731367,0.0001,1.008554155028485e-05,0.006785613612264365,9.842139229573664e-05,53718,0.13927817318625335
107,0.13346675406789604,0.1390128749106223,0.002919391059466527,0.0001,9.637491089686267e-06,0.006602398166861116,0.0001021002124844518,54185,0.13346675406789604
108,0.13486018392873594,0.13994869964334244,0.0023668459666599845,0.0001,7.664208134916415e-06,0.006476304958477627,0.00010422804371367975,54026,0.13486018392873594
109,0.14424368183574038,0.14108400940476212,0.0028679468117400256,0.0001,9.442952123216078e-06,0.006585165446277507,0.00013023847181847364,53423,0.14424368183574038
110,0.14000153505728252,0.14225842514196863,0.0029319327859955923,0.0001,9.83243991957542e-06,0.006707138694679614,0.0001326460412480052,53769,0.14000153505728252
111,0.14256214742022402,0.1432411487615784,0.0024513395492721003,0.0001,8.133314154039928e-06,0.006635811963671074,0.00013149051119398705,53510,0.14256214742022402
112,0.14982013081563236,0.14447865952758704,0.003026584079885939,0.0001,1.0263382715750899e-05,0.0067821560180397755,0.00013723714190491774,52873,0.14982013081563236
113,0.1438345038672949,0.14566256113434328,0.0029316150283882954,0.0001,9.837089033077844e-06,0.006711037389166303,0.00013206442745110092,53533,0.1438345038672949
114,0.15013739615177762,0.14686393123282743,0.0029369802529438296,0.0001,9.811815708769995e-06,0.006681567367662957,0.00013292731187400586,52851,0.15013739615177762
115,0.1439950319070456,0.14803946357160166,0.0028947985328271046,0.0001,9.461869905464175e-06,0.0065371526192004575,0.00013361679856636741,53521,0.1439950319070456
116,0.14403341526390426,0.14901927408605972,0.0024613903895428736,0.0001,8.117972961751704e-06,0.006596249823872401,0.0001373977464250665,53337,0.14403341526390426
117,0.1472648122761539,0.15022742169899544,0.002957027331536585,0.0001,9.750861584372062e-06,0.006595043258734536,0.00013628096160357776,53204,0.1472648122761539
118,0.14929025165971233,0.1514005515526013,0.0029021553658662145,0.0001,9.510904576287404e-06,0.0065543731311908295,0.00014256531317864777,52912,0.14929025165971233
119,0.1551573488876556,0.15261838320853832,0.0030196169116851173,0.0001,1.0282892832123813e-05,0.0068107267463841156,0.00016060145288511,52522,0.1551573488876556
120,0.15581007135724095,0.15381508031806101,0.0030134571443231318,0.0001,1.0211021131910623e-05,0.0067769479656590035,0.00015673878021642076,52367,0.15581007135724095
121,0.1555980359634608,0.1548577990512663,0.002580107470571798,0.0001,8.70645557517252e-06,0.00674890924077904,0.00016624655072570936,52476,0.1555980359634608
122,0.16220978035932232,0.1560600044297897,0.0030099580417298475,0.0001,1.0091975739218934e-05,0.006705725195703389,0.0001682202818405306,52030,0.16220978035932232
123,0.1532473278746461,0.15722801248909732,0.002902095997556842,0.0001,9.435453351350276e-06,0.006502509468531438,0.00015552679235635058,52705,0.1532473278746461
124,0.15523083857704062,0.15835057185262882,0.0028372834692127432,0.0001,9.109805282367324e-06,0.006421498155695389,0.0001631366619501049,52559,0.15523083857704062
125,0.1586493030286224,0.1595354128334251,0.0030021620143340253,0.0001,1.0043250709967862e-05,0.006690678692232918,0.00018061915603038284,52208,0.1586493030286224
126,0.15593985854534728,0.16070402066463604,0.002973782463497272,0.0001,9.897482347897355e-06,0.006656493855476955,0.0001656688578756074,52413,0.15593985854534728
127,0.16628872965208263,0.1619378479395599,0.003137735961585337,0.0001,1.1075298576038754e-05,0.007059420366551794,0.00017562836711298462,51641,0.16628872965208263
128,0.15907731426947688,0.16316902940768024,0.0030993508488714777,0.0001,1.0643477721524087e-05,0.006868198045664655,0.00016659605798593835,52353,0.15907731426947688
129,0.16099973039151655,0.16434746073354106,0.0029785587529751884,0.0001,9.908905724608361e-06,0.006653490192000188,0.00013239478120852195,52168,0.16099973039151655
130,0.1616368001765847,0.16554012062115575,0.003007892096228911,0.0001,9.883989733546701e-06,0.0065720374384031725,0.00013093178838651453,52159,0.1616368001765847
131,0.17037427814800948,0.16672682286982266,0.003049986893719276,0.0001,1.0308793739012646e-05,0.0067598937951118135,0.00013371473565091134,51386,0.17037427814800948
132,0.1645951077033536,0.16791283151800032,0.003014394854668599,0.0001,9.93542123570337e-06,0.006591983940203257,0.00013237998069026116,51859,0.1645951077033536
133,0.1666271999523174,0.16898444287435455,0.0027431758330577834,0.0001,9.42116716052503e-06,0.006868802974268971,0.00013234438593143265,51585,0.1666271999523174
134,0.17001906376499198,0.17013964513942512,0.0029915721079547494,0.0001,1.0001567759917662e-05,0.006686496195978672,0.00013812005934352528,51463,0.17001906376499198
135,0.16733234157654986,0.17132309277563199,0.003037975028634099,0.0001,1.023433708899624e-05,0.0067376044849175,0.0001320435108101225,51566,0.16733234157654986
136,0.16588993414585662,0.172491480060238,0.0030280056733385115,0.0001,1.0125645202113545e-05,0.006687996189220852,0.0001338538823259398,51816,0.16588993414585662
137,0.1745472578248241,0.17352028073236753,0.002633739201701598,0.0001,8.829997534275126e-06,0.006705293772876425,0.000158505790724278,51193,0.1745472578248241
138,0.1734063355621544,0.17473616166546338,0.003082176725206173,0.0001,1.0308522629620559e-05,0.006689118469630257,0.00015225309903286842,51218,0.1734063355621544
139,0.1731724470022029,0.17591239456356644,0.0030378473547490077,0.0001,1.0125343626682283e-05,0.006666130614399389,0.0001597967519558016,51176,0.1731724470022029
140,0.17642607981882946,0.17704731626373627,0.002985615316953906,0.0001,9.721596327172204e-06,0.0065122899604432155,0.00017035126405190424,50903,0.17642607981882946
141,0.17465841090054046,0.1782333597104953,0.003092449389992422,0.0001,1.0369665520369412e-05,0.006706441537201564,0.0001643222729010237,51241,0.17465841090054046
142,0.17234993675442498,0.17938489061328597,0.003018266968077725,0.0001,9.971048885665813e-06,0.006607135148164959,0.00015241491617471397,51209,0.17234993675442498
143,0.1737281701147535,0.18059798796053683,0.0031857417860122797,0.0001,1.0848210096054708e-05,0.0068104766956859015,0.00016584592557873,51100,0.1737281701147535
144,0.1811839284239242,0.18174818275401572,0.0030619503226390395,0.0001,1.0282367467525749e-05,0.006716220959890403,0.00017742456597851812,50587,0.1811839284239242
145,0.18522454667332683,0.18290926837541155,0.0030859848516650392,0.0001,1.04533848710067e-05,0.0067747480130154174,0.00017338805141337214,50271,0.18522454667332683
146,0.18877201873106975,0.1840896846249298,0.0031210720041869038,0.0001,1.051398042609678e-05,0.006737416126249137,0.00017491708044408062,49961,0.18877201873106975
147,0.184481105230112,0.18511969121267963,0.002717096013209613,0.0001,9.12528906405129e-06,0.006716942662082739,0.00015856544046121692,50301,0.184481105230112
148,0.17932457751295947,0.18627945580456245,0.00306954950632291,0.0001,1.0123886428235731e-05,0.006596333701334167,0.00016507408841248824,50816,0.17932457751295947
149,0.19173967671607522,0.1874983474276409,0.003245006367260854,0.0001,1.1292526059857823e-05,0.006959940771635506,7.545646685548614e-05,49745,0.19173967671607522
150,0.1880772083079555,0.18865310552277592,0.003094888551624765,0.0001,1.0208059277319862e-05,0.006596721728128658,8.329598804630734e-05,50028,0.1880772083079555
151,0.19141852299378245,0.18983200080058485,0.0031363719507445883,0.0001,1.0596930462945834e-05,0.006757444990177315,8.123319625891495e-05,49939,0.19141852299378245
152,0.19247801500917014,0.19100980024654612,0.0031020733285137547,0.0001,1.0248151799480918e-05,0.006607291778232041,7.95176606460266e-05,49629,0.19247801500917014
153,0.19446764866576455,0.1921257464460377,0.003070476575898771,0.0001,1.0379089334263553e-05,0.006760572228905832,8.881630170845048e-05,49508,0.19446764866576455
154,0.18957123731529446,0.19316595845479745,0.0027714982386381737,0.0001,9.303110909610913e-06,0.006713416432970324,7.480966691200931e-05,49952,0.18957123731529446
155,0.1868327245934434,0.19432088905291528,0.0030987983701320615,0.0001,1.0155330025449172e-05,0.006554366443026354,7.988835340170199e-05,50172,0.1868327245934434
156,0.19483762076828404,0.19526493500824654,0.002602970090213097,0.0001,8.469988106448003e-06,0.006507941169431255,8.808146877137065e-05,49569,0.19483762076828404
157,0.1910137811362741,0.1964455814698389,0.003158498299929493,0.0001,1.0473450359329839e-05,0.006631917680350586,7.931105680017604e-05,49705,0.1910137811362741
158,0.19429156982769635,0.1975998132871487,0.0031278195827869185,0.0001,1.0364030448254028e-05,0.006627000166690926,8.463794545128606e-05,49369,0.19429156982769635
159,0.19634867907979245,0.19874216377051607,0.0030799564903469905,0.0001,1.003346260394604e-05,0.006515327495951516,0.0001663806274371458,49356,0.19634867907979245
160,0.1933009134946373,0.19970894613689077,0.002631130244662892,0.0001,8.514247835595576e-06,0.006471931864920998,0.00015266297872413228,49633,0.1933009134946373
161,0.19767931594958127,0.20085876992417198,0.0031365810381203075,0.0001,1.0408317280370662e-05,0.006636727796204601,0.0001647277731499266,49388,0.19767931594958127
162,0.20514609813324916,0.20197591975426837,0.0030843141282307215,0.0001,1.0163988965403554e-05,0.006590761214866267,0.0001806821583602672,48794,0.20514609813324916
163,0.20260501364317918,0.20313146907516577,0.003144912867545422,0.0001,1.031898149330034e-05,0.006562332203088486,0.00017668357909879492,49029,0.20260501364317918
164,0.20630210529837234,0.2041541812587344,0.002831701605768332,0.0001,9.26260910167132e-06,0.0065420799160496815,0.0001763329922492098,48738,0.20630210529837234
165,0.20635332487324987,0.20533125987767026,0.0032664787019504697,0.0001,1.114740708816488e-05,0.006825335846524009,0.00017898833540167932,48572,0.20635332487324987
166,0.20554619568156307,0.20629270373659203,0.002658180026991236,0.0001,8.55831552527632e-06,0.006439229426430821,0.00018306444569576315,48714,0.20554619568156307
167,0.20050170751075025,0.2073532866945026,0.0029979982720793447,0.0001,9.499665938717892e-06,0.00633733916873083,0.00017410692624765666,49109,0.20050170751075025
168,0.21148821198868456,0.2084152848862204,0.0030743782879610634,0.0001,1.0116237844912545e-05,0.006580997455340253,0.00018090223991237608,48133,0.21148821198868456
169,0.20947894668546418,0.2094250574813214,0.002832947214376335,0.0001,9.50174454506103e-06,0.006708027948309521,0.00016499250005903572,48342,0.20947894668546418
170,0.20213258363762795,0.21048694211123686,0.003022091041501474,0.0001,9.57083791374835e-06,0.006333917663177508,0.00016113859381903335,48877,0.20213258363762795
171,0.2106641782431853,0.2115679489853033,0.003071333238610881,0.0001,9.938220312777091e-06,0.006471600142791409,0.0001644404055996453,48322,0.2106641782431853
172,0.20900942873544548,0.21257210873429383,0.002855454239082081,0.0001,9.140287779577475e-06,0.006401985123400702,0.00015912913825986486,48392,0.20900942873544548
173,0.21348745303284006,0.21361421923868534,0.0029651733872055894,0.0001,9.93530870907065e-06,0.00670133406156986,0.00016775658437264074,48098,0.21348745303284006
174,0.20937400862243108,0.2146940265842071,0.0030982204844556727,0.0001,1.0083414260034867e-05,0.0065091650582165895,0.00016810700510271615,48320,0.20937400862243108
175,0.2148759814920391,0.21576054127679944,0.0031396680848626785,0.0001,1.0404779007982586e-05,0.0066279483861031545,0.00016985839677056687,47807,0.2148759814920391
176,0.2208448004189122,0.21687292927630275,0.0032241320891647418,0.0001,1.0849936915794947e-05,0.006730454345997828,0.00016708290373816502,47415,0.2208448004189122
177,0.21287782691417778,0.2179228115029075,0.003036145928853795,0.0001,9.502157805617135e-06,0.006259355135281251,0.00016838298464678272,48189,0.21287782691417778
178,0.2203692419809033,0.2190856295437809,0.003330687083606759,0.0001,1.1107464464880799e-05,0.006669773644933744,0.00018115312580581334,47433,0.2203692419809033
179,0.2158678149831196,0.2201687677633246,0.003125270471675038,0.0001,1.0035786523088312e-05,0.006422347514587737,0.00023275824132642397,47860,0.2158678149831196
180,0.22395685417189098,0.22126251845794243,0.003119438685713896,0.0001,9.841303033197132e-06,0.006309662746870058,0.00025172918639310225,47225,0.22395685417189098
181,0.21455995864406663,0.22227694988436897,0.0029468796197761834,0.0001,8.977936660067739e-06,0.006093181818366652,0.00022940161984460366,48047,0.21455995864406663
182,0.22401365191320027,0.22333936534320092,0.003145122797589966,0.0001,1.0241100750991252e-05,0.006512369411355745,0.00023812775300964653,47141,0.22401365191320027
183,0.22366145147872443,0.2243655549645655,0.0030650389286922164,0.0001,9.624936109096527e-06,0.006280465816597816,0.0002403487761216398,47262,0.22366145147872443
184,0.22642763366960633,0.22534882377955326,0.002915692808035833,0.0001,9.99000275387207e-06,0.006852575639202453,0.00024499159869736237,46994,0.22642763366960633
185,0.2311260390952978,0.2264757617681899,0.003354535136356587,0.0001,1.1467598198275318e-05,0.006837071446346783,0.000242503398847091,46633,0.2311260390952978
186,0.22542880369060214,0.22750519064652636,0.003097598058361984,0.0001,9.839003901466427e-06,0.006352666624971549,0.00024769435530495713,47115,0.22542880369060214
187,0.22441894611986926,0.228561813081879,0.003171754742214825,0.0001,1.0137685666688672e-05,0.006392477660242773,0.0002305812356319774,46987,0.22441894611986926
188,0.22083795039483325,0.22963580153045404,0.0031647311052611744,0.0001,9.868560768798563e-06,0.006236587211085755,0.00024293492916422073,47476,0.22083795039483325
189,0.23135015065912018,0.23055839007630743,0.0027438534156340308,0.0001,8.65973430681565e-06,0.006312096890798823,0.00015249369566878784,46596,0.23135015065912018
190,0.22893398814620305,0.231618135001051,0.0031760032970632127,0.0001,1.0133380528610395e-05,0.006381215370891164,0.00013897044040252392,46788,0.22893398814620305
191,0.23638311726156008,0.23260758157613765,0.0030850332472474673,0.0001,9.854351136490988e-06,0.006388489424082058,0.0001243492488706874,46152,0.23638311726156008
192,0.23611257973765903,0.2335256926923615,0.0027822981187072956,0.0001,9.008728351440569e-06,0.006475746283885768,0.0001582186711485181,46257,0.23611257973765903
193,0.23522978550894164,0.23446219436698518,0.002901805348460936,0.0001,9.185630774199714e-06,0.006330976527472185,0.00014292588369453824,46372,0.23522978550894164
194,0.23289544690017971,0.23542240155966324,0.0029400901574125576,0.0001,9.32468624465919e-06,0.006343129458904368,0.0001432336337913023,46364,0.23289544690017971
195,0.2335313561032304,0.23636502797336145,0.0029317652646098278,0.0001,8.806396809175564e-06,0.006007572922348242,0.00013742176835715883,46523,0.2335313561032304
196,0.23588499624452014,0.2374046417844706,0.0031631333986359704,0.0001,9.959838549947725e-06,0.00629745084683604,0.00014446474851996074,46070,0.23588499624452014
197,0.23612889598401582,0.23834948202311101,0.00284173762123896,0.0001,9.223794698208845e-06,0.006491658222962464,0.00012673028533564197,46276,0.23612889598401582
198,0.2348084306850571,0.23924234186006182,0.0027548778449810714,0.0001,8.601936125011096e-06,0.006244876621794603,0.00013409382054059376,46445,0.2348084306850571
199,0.24532606833627502,0.24012466581941994,0.002692828192977299,0.0001,8.186463928848343e-06,0.006080197726834596,0.00032542463084830696,45481,0.24532606833627502
200,0.24455462235212877,0.24111851628184292,0.0031460438167053434,0.0001,9.856214741341876e-06,0.006265783514524397,0.0003246064233242477,45641,0.24455462235212877
201,0.24547483482657717,0.24211418443619503,0.0031344313246662405,0.0001,9.787120283258432e-06,0.006244909694616187,0.0003278247994674809,45464,0.24547483482657717
202,0.244284090380485,0.24312343790874386,0.0032192745532283002,0.0001,1.0397154075799506e-05,0.0064593149194890525,0.0003207289580801609,45569,0.244284090380485
203,0.24327640113056292,0.2441259049598097,0.0031276243341802003,0.0001,9.59126998714508e-06,0.006133262158327017,0.0003233432791196598,45772,0.24327640113056292
204,0.2396577439232097,0.24499844931448223,0.0027130525918889654,0.0001,8.199492740167278e-06,0.006044477548780853,0.00032441705262621363,45990,0.2396577439232097
205,0.2485101429799854,0.2460092754610902,0.0031791632673915534,0.0001,9.926036335405875e-06,0.006244433204935719,0.00034042345964908395,45237,0.2485101429799854
206,0.2464930818739134,0.24699987072689517,0.0031716911469370068,0.0001,9.847099736084426e-06,0.006209368617492314,0.0003313477873636952,45342,0.2464930818739134
207,0.24798516889850647,0.24800554928564772,0.003146941010554541,0.0001,9.432672150616324e-06,0.005994819806904569,0.0003351826271992845,45354,0.24798516889850647
208,0.2511112098652964,0.24895452411026858,0.002993589308740001,0.0001,9.209668654815817e-06,0.0061529272755802,0.0003360090544227314,44899,0.2511112098652964
209,0.24604808529633404,0.24987270047862467,0.0029583598238907397,0.0001,9.200028070770363e-06,0.006219681592802852,0.0001784399451614917,45426,0.24604808529633404
210,0.24939586342570713,0.2508113684502927,0.003056052022793246,0.0001,9.211917165003332e-06,0.006028638973615115,0.00016986190754818847,45181,0.24939586342570713
211,0.25723605514017556,0.2517578792473715,0.0030825830582069604,0.0001,9.348914495518209e-06,0.00606563672023564,0.0001876525914478165,44534,0.25723605514017556
212,0.25871949294764385,0.2527224555420523,0.003160531141041632,0.0001,9.893548784555222e-06,0.0062606874243894065,0.00017429363247390428,44355,0.25871949294764385
213,0.24920935942761174,0.2536388698174317,0.0029645018705629095,0.0001,8.982452342085289e-06,0.006060007876048106,0.0001705725597098486,45240,0.24920935942761174
214,0.25602453986472284,0.25459341295470295,0.003124986011031661,0.0001,9.475854033180892e-06,0.006064573729117334,0.00018304821374202874,44540,0.25602453986472284
215,0.24724807292159345,0.25553213488127496,0.0030569607250959634,0.0001,8.901115256718964e-06,0.005823506454398128,0.0001648772216304782,45404,0.24724807292159345
216,0.2520503783028316,0.256392987916341,0.002937101733999393,0.0001,8.567587282645184e-06,0.005834041894748311,0.00017272891301349044,45122,0.2520503783028316
217,0.2521794257148066,0.25733596072572185,0.0030819928294620784,0.0001,9.536960630399083e-06,0.0061888272673649505,0.0001785635279582289,44894,0.2521794257148066
218,0.26116806054746666,0.258213470879576,0.003059925001012271,0.0001,9.378259263287296e-06,0.0061297314543231115,0.00016931691891064005,44332,0.26116806054746666
219,0.2563633443662581,0.2591366179031294,0.0031193228643668558,0.0001,9.488278243696624e-06,0.006083549960207475,0.00027115204808119276,44778,0.2563633443662581
220,0.26011933681491994,0.2600444030575251,0.003028672184187457,0.0001,8.868665397923034e-06,0.005856470993609598,0.00027106054985966095,44280,0.26011933681491994
221,0.25736929808450615,0.2609539082268229,0.003079901443801741,0.0001,9.119060220389587e-06,0.005921657161297528,0.00027791676515926463,44467,0.25736929808450615
222,0.2623914252546561,0.2618820148414798,0.0030729783534663435,0.0001,9.335864354134438e-06,0.006076101605859675,0.0002627866162506347,44280,0.2623914252546561
223,0.26789542576991465,0.26280603529437285,0.00311993064768464,0.0001,9.202368814444057e-06,0.005899085494912082,0.0002870790479937772,43540,0.26789542576991465
224,0.26334817542270267,0.2635722271115718,0.0026268404165382428,0.0001,7.580479970331345e-06,0.005771557284261075,0.00027962703679040315,44112,0.26334817542270267
225,0.26359097760113104,0.264528989788298,0.0031897152185903998,0.0001,9.472985622012403e-06,0.005939706194961635,0.0002925375426895567,44084,0.26359097760113104
226,0.2688007917876029,0.2653565594071836,0.0028740811545266273,0.0001,8.321308539292023e-06,0.005790587037659746,0.00028889490763318334,43621,0.2688007917876029
227,0.26385113588113074,0.2662848045643774,0.0031597081250811726,0.0001,9.459803771775649e-06,0.005987770640386366,0.0002840915104402212,43887,0.26385113588113074
228,0.26883543787668274,0.2670628883713717,0.0026944538960064074,0.0001,7.850271625856731e-06,0.005826985303027107,0.00028330035923695334,43706,0.26883543787668274
229,0.27069126025636875,0.2678233061933409,0.0026754273814779315,0.0001,7.829916295507042e-06,0.005853207864817265,0.0003183977436652966,43445,0.27069126025636875
230,0.26986652036306735,0.2686999633314592,0.003091644689441871,0.0001,9.22990676947182e-06,0.005970871621174606,0.0003092183818943837,43612,0.26986652036306735
231,0.2716009229180173,0.26945798102141993,0.0026812189582793113,0.0001,7.729159526152958e-06,0.005765407187119991,0.0003130306058165385,43479,0.2716009229180173
232,0.2693141089307207,0.2702833292060816,0.003034456913464107,0.0001,8.928862326224736e-06,0.0058849821110372146,0.0003176725078682742,43505,0.2693141089307207
233,0.27096614095785554,0.27115221111061694,0.0030188575399735565,0.0001,8.896809795400559e-06,0.005894156764667,0.0003154524355539452,43354,0.27096614095785554
234,0.2729841392314455,0.27200520986600996,0.0030281802856058624,0.0001,8.696152063519077e-06,0.005743483705283549,0.00033031454789733407,43268,0.2729841392314455
235,0.2734957291931945,0.2728768987332222,0.003032204302596183,0.0001,8.739823163054566e-06,0.00576466642143572,0.00032592232252344364,43324,0.2734957291931945
236,0.2652107880377273,0.2736312585178776,0.0026867082571787023,0.0001,7.706861634378826e-06,0.005737029030812419,0.0003036659148462434,43756,0.2652107880377273
237,0.27586292220419323,0.2745461558600705,0.003217213758120502,0.0001,9.534430122446261e-06,0.005927134992743706,0.0003299455223786963,43216,0.27586292220419323
238,0.2761394847716684,0.2753648033222006,0.0030077759963165114,0.0001,8.555016306031393e-06,0.005688599361460652,0.000324929997961238,43071,0.2761394847716684
239,0.279451781044525,0.27615956807424435,0.0028716967309520025,0.0001,7.933616850167149e-06,0.005525386274014428,0.0004327266086899598,42777,0.279451781044525
240,0.2776511892772926,0.27695952947388625,0.002864880432347963,0.0001,8.007363048369912e-06,0.005590015525923596,0.0004251091525098839,43023,0.2776511892772926
241,0.26988554373224116,0.2778137627461641,0.003037517490731504,0.0001,8.85058010557883e-06,0.005827508900004658,0.00043107379033216345,43444,0.26988554373224116
242,0.2725150094833643,0.2786708357840342,0.0030839274863534577,0.0001,8.809466303361533e-06,0.00571314749931306,0.00042600131645517767,43271,0.2725150094833643
243,0.2802208440383849,0.2795123504983824,0.0030506250638579952,0.0001,8.713225561293316e-06,0.005712419834559458,0.00043298180244155795,42653,0.2802208440383849
244,0.28303509097752977,0.28017223092484866,0.002582439700838543,0.0001,7.0811672535260724e-06,0.005484091071885821,0.0004306656454197836,42677,0.28303509097752977
245,0.27918903450629073,0.2809196551808875,0.002953754760745879,0.0001,8.423981127186728e-06,0.005703913702747285,0.0004242760486148029,42681,0.27918903450629073
246,0.2806744676519598,0.28168731086736676,0.0027971873671164315,0.0001,8.091414011996431e-06,0.005785392932285204,0.00043501345603037497,42745,0.2806744676519598
247,0.2833309181086364,0.2825060355947807,0.00303872630784428,0.0001,8.680088233059156e-06,0.005712977974128212,0.00042246450691046705,42466,0.2833309181086364
248,0.2763706550325379,0.28326025786069836,0.002902267521501767,0.0001,8.01570648442507e-06,0.005523754392067464,0.0004284956580875249,42916,0.2763706550325379
249,0.290950080701463,0.283984311426263,0.002711297105998209,0.0001,7.65882752952067e-06,0.005649567148194146,0.00022666739115215445,41806,0.290950080701463
250,0.28284024534935603,0.2847203418226403,0.0029415643202847677,0.0001,8.353227222121335e-06,0.0056794455688207925,0.0002179425703293433,42339,0.28284024534935603
251,0.2880280007088122,0.28550190232851136,0.003035474112641215,0.0001,8.673220040655245e-06,0.005714573551812329,0.00022254075409339316,42116,0.2880280007088122
252,0.2809825246442518,0.2861744532926545,0.002699894155278264,0.0001,7.781126175072047e-06,0.0057640231265066654,0.00023298990763592433,42539,0.2809825246442518
253,0.2855184756333201,0.28690400998301757,0.002725419048724532,0.0001,7.548835570530419e-06,0.005539577903855333,0.0002319580203965096,42139,0.2855184756333201
254,0.28777493264284437,0.28762179958494444,0.0027120151502550457,0.0001,7.447103062776228e-06,0.005491933230591193,0.00022741087784310934,42053,0.28777493264284437
255,0.2945634587715476,0.2883970809675729,0.0029812508752484618,0.0001,8.230240274925304e-06,0.005521333573941096,0.0002289835853394004,41458,0.2945634587715476
256,0.28321352525923404,0.28916242742981757,0.003006693013832276,0.0001,8.445543624521974e-06,0.005617829013915483,0.00022192310959644055,42453,0.28321352525923404
257,0.2942508475105542,0.28984500018812465,0.0026983325493908613,0.0001,7.515464288397622e-06,0.0055704507512198305,0.0002236439765247205,41671,0.2942508475105542
258,0.2930480393605972,0.2905357505930672,0.002767299650084422,0.0001,7.344376918426606e-06,0.005307973726808047,0.00023082099678803608,41798,0.2930480393605972
259,0.29015279577639475,0.2913022428495915,0.002979928200756934,0.0001,8.178081392161921e-06,0.005488777474628148,0.0002823754411562838,41858,0.29015279577639475
260,0.28716756811773136,0.2919954553034169,0.0027590585597180306,0.0001,7.17843750890731e-06,0.0052035412467946515,0.00028498332158620183,41980,0.28716756811773136
261,0.29039262752162576,0.29276595312586445,0.0030386528396511114,0.0001,8.451827936676282e-06,0.005562878277103018,0.0002621672082814308,41690,0.29039262752162576
262,0.2954449707967814,0.29355378808553834,0.0030213022876854835,0.0001,8.359912078776155e-06,0.005533979246532393,0.00028390075501269854,41348,0.2954449707967814
263,0.2939144765764074,0.29431152386009823,0.00301225956729533,0.0001,8.315400949032321e-06,0.005521038783851297,0.0002653162849503074,41746,0.2939144765764074
264,0.2886967323187017,0.2950230015694722,0.002942792345340971,0.0001,8.120815508385749e-06,0.005519122354142741,0.00027851557548511465,42049,0.2886967323187017
265,0.2910899139053018,0.29573086449348707,0.002876533566645739,0.0001,7.570698481481175e-06,0.005263765088136409,0.000279266413970355,41851,0.2910899139053018
266,0.2983428979212944,0.2964891852949103,0.0029684289010143425,0.0001,8.020488521941912e-06,0.005403860957694644,0.0002897938189899062,41216,0.2983428979212944
267,0.2905065275114738,0.2971251259064897,0.0026455142253679355,0.0001,7.15353373936825e-06,0.005408047834914473,0.00027176931725771293,41891,0.2905065275114738
268,0.297793310382649,0.29788892791956034,0.003019399600039747,0.0001,8.124638976067057e-06,0.005381625523140497,0.00029209161306824663,41286,0.297793310382649
269,0.29908277787176374,0.29861346392330324,0.0029815613551720252,0.0001,8.06872251568602e-06,0.005412414204852398,0.00023120057587675295,41176,0.29908277787176374
270,0.2963846007624945,0.2993221380844225,0.002937543357021613,0.0001,7.759104675508675e-06,0.005282716700648572,0.00023574452071322536,41406,0.2963846007624945
271,0.30087370012278714,0.30004153229215724,0.0029195038027456954,0.0001,7.636126930451528e-06,0.005231112850937207,0.00023950957727916707,41065,0.30087370012278714
272,0.2973179765003726,0.30075596881011335,0.0028895076406616435,0.0001,7.439561699015362e-06,0.005149362884059957,0.00023285213397257178,41215,0.2973179765003726
273,0.2997987969622058,0.30147905749500814,0.0030065311094733716,0.0001,8.16084032045647e-06,0.005428741644975649,0.00024707800657195833,41140,0.2997987969622058
274,0.2985103452585412,0.3021120216854013,0.0027128773213380025,0.0001,7.265127158902108e-06,0.005356030736634206,0.00023703608920381923,41117,0.2985103452585412
275,0.30192805410906537,0.30279807253407964,0.0027957840180789645,0.0001,7.043491957790731e-06,0.0050386524225361625,0.00022857476078484625,40904,0.30192805410906537
276,0.29974113776850897,0.3034747935023202,0.0028290593712376375,0.0001,7.257604555768437e-06,0.005130754504168239,0.0002348985110137965,40973,0.29974113776850897
277,0.30263988912039363,0.30418109581220176,0.0029124890667751677,0.0001,7.562165384583645e-06,0.005192922762080474,0.00024617179700295083,40742,0.30263988912039363
278,0.3032098134166836,0.30484661753504083,0.002924143918266283,0.0001,7.886678187058546e-06,0.005394179224758907,0.00023666440088128713,40727,0.3032098134166836
279,0.3016053597082491,0.30550750765534984,0.0029413939194592167,0.0001,7.855017369082125e-06,0.00534101693562098,0.0002939374314360828,40929,0.3016053597082491
280,0.30472787674849444,0.306192826902893,0.0028861178981114837,0.0001,7.3435092418680555e-06,0.005088849105348913,0.0002925477131666573,40731,0.30472787674849444
281,0.3051362186532468,0.30685620387639356,0.002881723524045778,0.0001,7.454522410085176e-06,0.005173655520998381,0.0003053215937057407,40509,0.3051362186532468
282,0.31006258911436063,0.3075156027297975,0.0028121620006535033,0.0001,7.051810433817556e-06,0.005015223470183313,0.0003053667756148865,40280,0.31006258911436063
283,0.3043674927124606,0.3081834168452391,0.0029140608762283303,0.0001,7.647261763929537e-06,0.005248525743791178,0.00031306032574168887,40776,0.3043674927124606
284,0.30959606263115463,0.3088695461834762,0.003009342948779957,0.0001,8.040235837481423e-06,0.005343515826762837,0.00031148472423337065,40321,0.30959606263115463
285,0.3182110036592595,0.3095066123286424,0.002872052448228523,0.0001,7.5170819739394e-06,0.005234641156066578,0.0003150546425610671,39662,0.3182110036592595
286,0.3102748500414281,0.31016367679572,0.0028387770712551713,0.0001,7.0347400583682535e-06,0.004956176467395398,0.000312390129383521,40127,0.3102748500414281
287,0.3091680423238843,0.3107504350349576,0.002606436468500219,0.0001,6.690345896824956e-06,0.00513371108613645,0.0003117980567922303,40429,0.3091680423238843
288,0.30806603647666164,0.31138570428726,0.0028260702072486214,0.0001,7.147943970500054e-06,0.005058574944221985,0.0003040822241466909,40473,0.30806603647666164
289,0.30575072269540243,0.3120078612597028,0.0028407708752546624,0.0001,7.29810953087292e-06,0.005138119089043868,0.0002476284970868534,40433,0.30575072269540243
290,0.30919003649863086,0.31268769317803535,0.003016723137218965,0.0001,8.096506883848676e-06,0.005367749386052461,0.00026100221110626624,40277,0.30919003649863086
291,0.3105338137606252,0.3133473878222982,0.002908030271704435,0.0001,7.368790430791653e-06,0.0050678911443880585,0.00025053315048690646,40252,0.3105338137606252
292,0.31499617367611776,0.3139848069904933,0.0028499756157468283,0.0001,7.182991994575302e-06,0.0050407392644957905,0.0002505543468485244,39869,0.31499617367611776
293,0.3159712045630545,0.31456010277978397,0.002759096618080821,0.0001,6.974225782493335e-06,0.005055441507042608,0.0002615553713187798,39605,0.3159712045630545
294,0.3134277156125528,0.31513014624903435,0.0025723569404759467,0.0001,6.425679735370036e-06,0.0049959472064410575,0.00024780934526926255,40083,0.3134277156125528
295,0.31167292587840645,0.3157252778173182,0.0028092548197872175,0.0001,7.035588830590535e-06,0.005008864828519498,0.00025626165678204203,40221,0.31167292587840645
296,0.31506757826004483,0.3163268293864863,0.002769660177351868,0.0001,6.788211750048302e-06,0.00490183727632511,0.0002645874761490612,39895,0.31506757826004483
297,0.3194734091849742,0.31689206859718966,0.0025634023265365268,0.0001,6.332233685548446e-06,0.004940491486643904,0.0002621776992540897,39468,0.3194734091849742
298,0.3136235940683455,0.31750136647701765,0.002794318626838779,0.0001,6.84616415271713e-06,0.004900059776262677,0.00025921383015058564,40013,0.3136235940683455
299,0.3153043357924761,0.31814994396004037,0.0029577087900116514,0.0001,7.54385827532112e-06,0.005101150120523801,0.0001944657326248785,39659,0.3153043357924761
300,0.3151935513941373,0.31882880111755185,0.0029939238419999597,0.0001,7.5297619091923266e-06,0.00503002902315805,0.00024368610851460763,39754,0.3151935513941373
301,0.3239949192862551,0.3194781868826094,0.002949833161075475,0.0001,7.484225789270036e-06,0.005074338364642545,0.0002084670949299818,39168,0.3239949192862551
302,0.31252970041552064,0.320069831695563,0.0027169368065707213,0.0001,6.3234030371665455e-06,0.004654803175306719,0.0002067554393867584,40043,0.31252970041552064
303,0.3174895754801388,0.32069591306756745,0.0028765468671265704,0.0001,6.937161728123848e-06,0.004823256528445506,0.00021270374522704903,39723,0.3174895754801388
304,0.319391620684196,0.3213056789599875,0.0028546643207306003,0.0001,6.9680197227295954e-06,0.004881848749870707,0.00025137142426339586,39429,0.319391620684196
305,0.316554544874458,0.3218573754745957,0.002615447471300039,0.0001,6.621579409507743e-06,0.005063439034557561,0.00023425274982621236,39784,0.316554544874458
306,0.3232625244026142,0.32248242304108204,0.0028628476704214063,0.0001,6.7913723284346705e-06,0.0047444873847828535,0.00022553216094302661,39204,0.3232625244026142
307,0.32023125176924294,0.3230319796679043,0.0026658484678501156,0.0001,6.266926358419315e-06,0.004701637346606804,0.00021786200886340516,39395,0.32023125176924294
308,0.3248259002239845,0.3235993395558365,0.002768671322318957,0.0001,6.6083047200401876e-06,0.004773628900454147,0.000230201054987034,39135,0.3248259002239845
309,0.3275751599864011,0.32420621044221687,0.002854163773651542,0.0001,6.959214586070831e-06,0.004876534871835608,0.00022731373631929502,38817,0.3275751599864011
310,0.32225879681115993,0.3248009224550289,0.0027567483469942405,0.0001,6.983367897047797e-06,0.005066380400417729,0.0002508836568988945,39144,0.32225879681115993
311,0.3348474604615883,0.3253929764518167,0.002876044339240212,0.0001,7.07418059164164e-06,0.004919382149379856,0.0002238070051391658,38234,0.3348474604615883
312,0.32217015836949237,0.32591045773506705,0.002504130675786419,0.0001,5.900983525016585e-06,0.004712999670565028,0.00025238182385528963,39437,0.32217015836949237
313,0.3203246779938533,0.3265341712928235,0.002954232466425149,0.0001,7.223672545449584e-06,0.004890388706743033,0.00023322424715457998,39447,0.3203246779938533
314,0.3283955911881039,0.3270829339650687,0.0027515859424382325,0.0001,6.6131368130661955e-06,0.0048067819442384335,0.00023281972162187239,38825,0.3283955911881039
315,0.32478857826738283,0.32765945618588665,0.002775502086866404,0.0001,6.5637130130954725e-06,0.0047297482096336895,0.0002392108773359843,38998,0.32478857826738283
316,0.33073166497806544,0.32819700570431765,0.00269402126381832,0.0001,6.667420623655019e-06,0.004949790644343376,0.0002317754805881245,38465,0.33073166497806544
317,0.32823420186846347,0.3287889650498348,0.00282481619559507,0.0001,6.620253546826726e-06,0.004687210132220385,0.00023834508962994157,38811,0.32823420186846347
318,0.3324304346524025,0.3293986604744428,0.0028993896487257346,0.0001,6.768827615592857e-06,0.00466913967121854,0.00022280650362713021,38472,0.3324304346524025
319,0.333619337634966,0.3299442314592558,0.0026377436132749284,0.0001,6.287504192275581e-06,0.004767335354833246,0.00027897332299930673,38282,0.333619337634966
320,0.3270826496977076,0.3305069430924352,0.0028250820950105086,0.0001,6.8292473649136665e-06,0.004834724893110239,0.0002661310768609791,38971,0.3270826496977076
321,0.33427394065363353,0.3310646022349535,0.0028042321346230994,0.0001,6.739426446526568e-06,0.0048066109530068395,0.0002739294953632295,38201,0.33427394065363353
322,0.33063552209460345,0.331631168526515,0.0028879183955662713,0.0001,7.056168718957789e-06,0.00488668151412512,0.000262989633796847,38630,0.33063552209460345
323,0.32914018108480947,0.3321796872390199,0.00273397907221096,0.0001,6.216745396552069e-06,0.004547763704368524,0.00026381264817874016,38741,0.32914018108480947
324,0.3342529313563868,0.3327185830541278,0.0026803048524270483,0.0001,6.350055764833768e-06,0.004738308598802645,0.0002662791468571881,38379,0.3342529313563868
325,0.33157725575909075,0.33329885710420604,0.002853601057831153,0.0001,6.6520156852736e-06,0.004662190369616267,0.00026590989599384486,38462,0.33157725575909075
326,0.3368385212832044,0.33380927499590185,0.0026551254979292416,0.0001,6.168982211885022e-06,0.004646847929934967,0.00027411400464000263,37998,0.3368385212832044
327,0.3353244888980868,0.3343222399368,0.002650319617496508,0.0001,6.026904966073658e-06,0.004548058978461378,0.0002516342824977271,38132,0.3353244888980868
328,0.33483943443500097,0.3348558001265271,0.002742370041780129,0.0001,6.2919207952457065e-06,0.004588673810892049,0.00026679347246030176,38292,0.33483943443500097
329,0.3339824162967281,0.33536776598095164,0.0026052399794066153,0.0001,5.730797103203816e-06,0.004399438937298279,0.00039236703588732124,38393,0.3339824162967281
330,0.335359783071866,0.3358438939875874,0.0024112191057811113,0.0001,5.213455956093195e-06,0.004324331989236044,0.00039633930250890703,38183,0.335359783071866
331,0.33304856834053864,0.3363320372401115,0.002533322273232526,0.0001,5.774749275788031e-06,0.004559032490105915,0.00042304680105009307,38343,0.33304856834053864
332,0.3317896618444749,0.3368390428707899,0.0026775058661210956,0.0001,6.152310425675789e-06,0.0045955532748009585,0.0004075363648152006,38478,0.3317896618444749
333,0.3344830592231607,0.3373322197608573,0.002542426812270525,0.0001,5.796688337649809e-06,0.004559964762543589,0.00042027103442886254,38284,0.3344830592231607
334,0.3359136294186129,0.33784463945090115,0.0028111713221822417,0.0001,6.6837260044134986e-06,0.0047551182325131945,0.00041267514535029955,38318,0.3359136294186129
335,0.33938755673912246,0.3383772362474461,0.0028139418474016457,0.0001,6.608957567444797e-06,0.004697295058565204,0.00041814307865557955,37947,0.33938755673912246
336,0.33998947104973093,0.33886866409972516,0.002637657671858791,0.0001,5.8363252478842144e-06,0.00442538492401956,0.00041571797644440473,37826,0.33998947104973093
337,0.33480216672787105,0.33938528078634955,0.0027064492983863504,0.0001,6.097394540713967e-06,0.004505825802352462,0.00041224711993078614,38330,0.33480216672787105
338,0.3354651873453321,0.3399175401527391,0.0027426137315429027,0.0001,6.00915545129586e-06,0.004382064730577506,0.0004315601524682021,38055,0.3354651873453321
339,0.3359833311283162,0.3404300458252617,0.0028005486909338253,0.0001,6.597602277168883e-06,0.004711649755297739,0.0004089850744929934,37999,0.3359833311283162
340,0.339204672712774,0.34091396933302387,0.0026312195153612053,0.0001,5.905391852389608e-06,0.004488710894635435,0.0003892469389119994,38026,0.339204672712774
341,0.34470576975474343,0.34143388991470625,0.002769183697690021,0.0001,6.1652868133908985e-06,0.004452782831658164,0.00040763486577976405,37575,0.34470576975474343
342,0.33724384580465805,0.3418913195859306,0.002535718456917757,0.0001,5.698684145247127e-06,0.004494729396870069,0.0004067609432223899,37998,0.33724384580465805
343,0.3445767897952674,0.34241122502918375,0.0027073286391134216,0.0001,5.760744388608366e-06,0.004255666863181308,0.00039917385286934753,37517,0.3445767897952674
344,0.3413561978238114,0.3428961500514357,0.0026306455871385873,0.0001,5.665562612708589e-06,0.00430735530503077,0.00042232429132786647,37664,0.3413561978238114
345,0.3429324399742798,0.3433673682980881,0.002525639493144531,0.0001,5.584455527390145e-06,0.004422211121221625,0.00040773938884046607,37578,0.3429324399742798
346,0.3474272337339269,0.34384882643428916,0.0025629138393888236,0.0001,5.729078952638978e-06,0.004470754236517906,0.0004033131714948385,37355,0.3474272337339269
347,0.343023381639614,0.34432702176820096,0.0026887685850403163,0.0001,5.969180785143315e-06,0.004440085188702703,0.00039395229289340325,37552,0.343023381639614
348,0.343660469553272,0.34481295798294886,0.0027473395633336975,0.0001,6.265647937665381e-06,0.004561247558392432,0.00040327789679079577,37508,0.343660469553272
349,0.3425806461033838,0.3452847650559965,0.0027257948708965425,0.0001,6.081472812193436e-06,0.004462164689739236,0.00023526018375680225,37715,0.3425806461033838
350,0.3420730484749629,0.3457421862407782,0.0024403923967172814,0.0001,5.237730667147247e-06,0.004292531540577517,0.00023549594474906268,37634,0.3420730484749629
351,0.34788406315834886,0.346208174689425,0.002634067105599187,0.0001,6.031208103818304e-06,0.00457938834663542,0.00022940210982942135,37102,0.34788406315834886
352,0.3467986644436323,0.34669426872180326,0.0027107888402462758,0.0001,5.8776083633492954e-06,0.004336456072185477,0.00024413165350507216,37313,0.3467986644436323
353,0.34946306969013863,0.34712957196645855,0.002522260499503971,0.0001,5.351506455826759e-06,0.004243420897150939,0.00023458544216731583,37093,0.34946306969013863
354,0.34779267014972814,0.3475728544852631,0.0025639834232668774,0.0001,5.470365504014979e-06,0.0042670833628440236,0.00024150258720949698,37207,0.34779267014972814
355,0.3467457824215826,0.3480220487871376,0.0025590266151211145,0.0001,5.498656024235335e-06,0.004297459035200454,0.00022966645994875148,37324,0.3467457824215826
356,0.3430410389912322,0.3485006319149022,0.0026673872998069083,0.0001,5.686926379868136e-06,0.004264042481029891,0.0002370705090227034,37409,0.3430410389912322
357,0.34606645289501436,0.3489678752713564,0.00257108417921021,0.0001,5.621328393743293e-06,0.004372729947309669,0.00023613556655323472,37298,0.34606645289501436
358,0.3494262159831552,0.34938443299702626,0.0024325711754880574,0.0001,5.27678308604166e-06,0.0043384408556785235,0.00023441331195326288,37075,0.3494262159831552
359,0.35128129374792716,0.3498072300049269,0.0024265277551090564,0.0001,5.170247034470542e-06,0.004261436551537136,0.0004408468908988957,36914,0.35128129374792716
360,0.351254295807518,0.3502553466037773,0.002588793474997469,0.0001,5.841442008421873e-06,0.00451286830319872,0.00045162538394268395,36881,0.351254295807518
361,0.3534008686623854,0.3506794037901644,0.002597869931582404,0.0001,5.775404868636002e-06,0.004446261761163778,0.0004446720182703461,36731,0.3534008686623854
362,0.3527685851753234,0.3511221004138956,0.0027537967942159024,0.0001,6.370889196021408e-06,0.004626985701634104,0.0004343888710583177,36921,0.3527685851753234
363,0.34726299756924395,0.35156984711437606,0.0026181873915130465,0.0001,5.5354977624316335e-06,0.004228496233978637,0.0004355745165395443,37131,0.34726299756924395
364,0.34525800754740643,0.3519951200891358,0.0024363535478188936,0.0001,5.014411625730549e-06,0.004116325095936606,0.0004366986665653552,37361,0.34525800754740643
365,0.3519269990983801,0.3524367874447403,0.002550912300966389,0.0001,5.184771461560555e-06,0.004065033093922008,0.00043709912422838597,36791,0.3519269990983801
366,0.3532455873920899,0.352877897824145,0.0026705791271292977,0.0001,5.891615610731626e-06,0.004412238192743412,0.00045027183471743756,36786,0.3532455873920899
367,0.34966931642936927,0.3533246017164446,0.002641857847286366,0.0001,5.679257230839506e-06,0.004299441952694814,0.0004606129467463943,36925,0.34966931642936927
368,0.35339943201019086,0.3536908947054431,0.002382485712634039,0.0001,4.934372523489886e-06,0.004142205342364484,0.0004290073644606551,36726,0.35339943201019086
369,0.35299473993734887,0.3541329586013694,0.002614634043549323,0.0001,5.424958177489724e-06,0.0041496883212959555,0.00037332259083072916,36793,0.35299473993734887
370,0.3473879076872102,0.3545870488852667,0.0027230378871469724,0.0001,5.8829051348181705e-06,0.004320839722859608,0.00038445089003522536,37223,0.3473879076872102
371,0.34866452655523084,0.35502484260765255,0.0026354765713744142,0.0001,5.55847524180316e-06,0.0042181936293248,0.00038434395464598725,37239,0.34866452655523084
372,0.3497839220980072,0.35533802418486293,0.0021547172177386847,0.0001,4.291925026852194e-06,0.003983747836160559,0.00039183791985820113,37005,0.3497839220980072
373,0.35155805277334323,0.3557915754324849,0.002732972018209075,0.0001,5.901267811706376e-06,0.004318571703177185,0.0003999130851703556,36799,0.35155805277334323
374,0.3600896303371902,0.3562219865328651,0.002625902821627277,0.0001,5.4730463880329336e-06,0.004168506422215028,0.0003677258142024492,36343,0.3600896303371902
375,0.3559321531261881,0.35661760459823466,0.0025695322723050945,0.0001,5.537234584034368e-06,0.004309916356152231,0.00039559294249165623,36635,0.3559321531261881
376,0.35832480757589125,0.357016119992677,0.002593690353082486,0.0001,5.594406741192531e-06,0.004313858618122111,0.0003935797811985443,36258,0.35832480757589125
377,0.3513886901272052,0.3574507927166538,0.0026400173179991363,0.0001,5.484613655994383e-06,0.004154983089392126,0.00039181032966213714,36771,0.3513886901272052
378,0.3507605826127144,0.3578062106210613,0.0023915640416501006,0.0001,4.830521777233572e-06,0.004039634057970424,0.00038242912828882704,36789,0.3507605826127144
379,0.3536289709418541,0.3582233303988418,0.002536177336477726,0.0001,5.171468400300116e-06,0.004078159934574855,0.00027163224784101686,36848,0.3536289709418541
380,0.35959278304315423,0.3586103363029983,0.002394152427992495,0.0001,4.9099152638882786e-06,0.004101589528286852,0.0002735127244349339,36162,0.35959278304315423
381,0.3597150723105943,0.3590814226656718,0.0027910913200829223,0.0001,5.855876573250816e-06,0.00419611965478567,0.0002846561267099457,36302,0.3597150723105943
382,0.35855748576984414,0.3595341963623926,0.0027065425616125344,0.0001,5.506045544965136e-06,0.004068693116493747,0.0002642292324335827,36285,0.35855748576984414
383,0.3558020978516847,0.3599826412821171,0.0027939640181163516,0.0001,6.004186129525472e-06,0.004297969544771306,0.0002729062162721541,36497,0.3558020978516847
384,0.35628414386403584,0.3603912048463743,0.0025555977953575985,0.0001,5.23549532744059e-06,0.004097276446983316,0.0002763321792403133,36448,0.35628414386403584
385,0.3593826907959241,0.36078868953998977,0.0026024551226855545,0.0001,5.500147172275029e-06,0.004226891080142243,0.0002882194882869627,36195,0.3593826907959241
386,0.3617620618483305,0.3611798020008362,0.002516056855850658,0.0001,4.998498682716445e-06,0.003973279595088079,0.0002785892083849205,35839,0.3617620618483305
387,0.3583404077321625,0.3615309699550515,0.002368739954303867,0.0001,4.565464068476345e-06,0.0038547617353953557,0.00028135972807197664,36340,0.3583404077321625
388,0.363036987213404,0.36191947432940763,0.0025982322994072514,0.0001,5.490007318686233e-06,0.004225955716075654,0.00028353838504030764,35924,0.363036987213404
389,0.3604585187279683,0.362258286247998,0.002327277414339528,0.0001,4.3311028935295795e-06,0.0037220340530471135,0.00019422171705459561,36220,0.3604585187279683
390,0.3650392469766791,0.36262908125836485,0.0024663574248382967,0.0001,4.917592142570728e-06,0.00398773680817422,0.0001874960934143796,36008,0.3650392469766791
391,0.36620128063846114,0.36301477543209915,0.0025332979456363217,0.0001,5.058055395985253e-06,0.003993257409534396,0.00021828121285633062,35666,0.36620128063846114
392,0.36312312900445626,0.36334669736425407,0.0023618945190961235,0.0001,4.780161311791723e-06,0.004047734793525876,0.00020685607385299788,35915,0.36312312900445626
393,0.37206451278398783,0.3637365628499928,0.002573824814126515,0.0001,5.149806910123463e-06,0.004001676323779763,0.00021750396879325907,35301,0.37206451278398783
394,0.36235636704186036,0.3641059436661144,0.002476445307406404,0.0001,4.938496971399944e-06,0.003988375561237056,0.0001770857877025771,35878,0.36235636704186036
395,0.3582920216733524,0.3645298035918031,0.002687232175568949,0.0001,5.487775203748179e-06,0.004084332759662861,0.00020366244321878263,36198,0.3582920216733524
396,0.3673054553406135,0.3648549492438845,0.00224646528581503,0.0001,4.4650058137098494e-06,0.003975138936624984,0.0001974756554997131,35546,0.3673054553406135
397,0.36272037242626787,0.3651568099473381,0.0023364373637235207,0.0001,4.497887316949928e-06,0.003850210056375541,0.00019110099547900344,35991,0.36272037242626787
398,0.36975549394816654,0.36549740566442673,0.002253137342795616,0.0001,4.340490420747527e-06,0.0038528414032337624,0.00020531566727390542,35471,0.36975549394816654
399,0.3725570055432557,0.36585111638446866,0.0025230718463268628,0.0001,5.275270876624158e-06,0.004181625572259465,0.00040415622469104737,35346,0.3725570055432557
400,0.3646519418886208,0.36622794230373334,0.002504079186155746,0.0001,5.048531050880777e-06,0.0040322455286498065,0.0004160084402439909,35723,0.3646519418886208
401,0.3694416487474007,0.3665637913468141,0.0023020409251771744,0.0001,4.270775660369065e-06,0.003710425486932096,0.0004090717635434802,35524,0.3694416487474007
402,0.36269518744463064,0.3669169842050162,0.0024431593104490496,0.0001,4.803124942663282e-06,0.003931896640649662,0.00040784696071710755,35853,0.36269518744463064
403,0.36987559497339295,0.3672848036991781,0.002417185592678212,0.0001,4.5826273071760135e-06,0.003791704965524405,0.00039873285497250995,35424,0.36987559497339295
404,0.3657388874898319,0.36763287745529083,0.002371449672806774,0.0001,4.642033112938148e-06,0.003914932849866454,0.0004160945144475634,35529,0.3657388874898319
405,0.36295239463509105,0.3680272405170457,0.00264466035622153,0.0001,5.258897047184264e-06,0.003976992383776447,0.0003997585251887325,35842,0.36295239463509105
406,0.3701947680247755,0.3683946296472179,0.0025843918931698117,0.0001,5.159634474436709e-06,0.003992919563068515,0.0004005024662359232,35242,0.3701947680247755
407,0.3693847444463252,0.3687572999515393,0.002457326679014791,0.0001,4.6751757851585225e-06,0.003805090975557981,0.00040533470776395924,35403,0.3693847444463252
408,0.3687332149362107,0.3690914592037672,0.0023805264459846303,0.0001,4.526599950262073e-06,0.0038030242914522928,0.0003988712213485833,35468,0.3687332149362107
409,0.3712259210662496,0.36945575270409003,0.002488339101940063,0.0001,4.751654324989687e-06,0.0038191372882297302,0.00027734415253494085,35261,0.3712259210662496
410,0.37135439659614183,0.36978522978077827,0.0023118683270065494,0.0001,4.39640918837394e-06,0.003803338742969409,0.0002731025920275122,35305,0.37135439659614183
411,0.3692482813366869,0.370144267311073,0.0025881941212618493,0.0001,5.19513666846639e-06,0.004014487650511739,0.00029049900839374365,35262,0.3692482813366869
412,0.3697244476398416,0.37043808924153176,0.002354218202083579,0.0001,4.651535265591555e-06,0.003951660267918035,0.00027720608001103556,35332,0.3697244476398416
413,0.3688256904975692,0.37076752927366163,0.002302817053195368,0.0001,4.4495278980150235e-06,0.0038644215282676486,0.0002552437095179141,35597,0.3688256904975692
414,0.37265993014995136,0.3711441883136982,0.0025190222688531902,0.0001,4.82010748900845e-06,0.003826966953494104,0.0002730551707649698,35229,0.37265993014995136
415,0.3705119228991577,0.37150337274273626,0.0024949696018108846,0.0001,4.822598051428314e-06,0.0038658571614884627,0.0003142359934174139,35339,0.3705119228991577
416,0.3726013576445959,0.3718832485037456,0.0025654482866867864,0.0001,4.95524482525615e-06,0.0038630635050965908,0.00029146811011074975,35215,0.3726013576445959
417,0.3705243765737476,0.3722295432037569,0.0025009915931983964,0.0001,4.843924174082695e-06,0.003873602923941089,0.00028452696111480624,35352,0.3705243765737476
418,0.3761953058951121,0.37253445362173854,0.0023189239077504712,0.0001,4.325212988747276e-06,0.0037303621514196677,0.00027246157305082727,35039,0.3761953058951121
419,0.36748083463617276,0.3728129308534981,0.0022120951559147896,0.0001,4.074284039106203e-06,0.0036836426572448445,0.0003765616679332388,35586,0.36748083463617276
420,0.37222870166038247,0.3731108559601297,0.0023198492831253636,0.0001,4.409351660315877e-06,0.003801412179997728,0.000381809337643736,35274,0.37222870166038247
421,0.37740816707097563,0.3734315057890115,0.002357013279432615,0.0001,4.549317558662414e-06,0.0038602392259389686,0.00041426882271477654,34884,0.37740816707097563
422,0.3697435242157314,0.37377946170098225,0.0024096080527765333,0.0001,4.376051776116563e-06,0.0036321689505263255,0.00037956134793640977,35301,0.3697435242157314
423,0.368854628963036,0.3740957198860265,0.0023378260320851886,0.0001,4.20674454411548e-06,0.0035988516565223965,0.00037030650375299357,35271,0.368854628963036
424,0.3730471192461178,0.3744263387698052,0.0023446968108165917,0.0001,4.3447413472813075e-06,0.0037060154875786745,0.0004033074945668787,35090,0.3730471192461178
425,0.3750340203616572,0.3746405617637873,0.002092430087336759,0.0001,3.983942515294189e-06,0.0038079575890298378,0.00040741719037681585,34943,0.3750340203616572
426,0.3769225336575832,0.3749344474561026,0.002313144236510097,0.0001,4.480910012914209e-06,0.003874302295713887,0.00038905973068847216,34794,0.3769225336575832
427,0.37249814807223114,0.37524926001935555,0.0023577078952784166,0.0001,4.346636101807239e-06,0.003687171010888907,0.0003855797280105246,35152,0.37249814807223114
428,0.373261781233298,0.3755513785518142,0.0023382508506623136,0.0001,4.3224329384517e-06,0.0036971507460180023,0.0003857966965267997,35110,0.373261781233298
429,0.37139947776703086,0.37589862524596795,0.002515731674841199,0.0001,4.751386656865635e-06,0.003777339773062688,0.00043061522648648004,35312,0.37139947776703086
430,0.3797296854116412,0.3762316210764084,0.0024619370700761133,0.0001,4.7923393756844814e-06,0.0038931453073545227,0.00041505736904316265,34699,0.3797296854116412
431,0.38105697532940647,0.3765766386967304,0.002472878920436028,0.0001,4.535184707388517e-06,0.0036679391537607943,0.00043073992805724084,34386,0.38105697532940647
432,0.37605060465829393,0.3769135897913263,0.002379495411792675,0.0001,4.3590816853866145e-06,0.003663870637264687,0.0004111055060749397,35082,0.37605060465829393
433,0.3778823873691331,0.37725252855348146,0.0024776675644313456,0.0001,4.6842339757781904e-06,0.0037811642231780017,0.00042033932244182285,34803,0.3778823873691331
434,0.379434805386775,0.37761474022328395,0.0025794634151846034,0.0001,4.69409843859776e-06,0.0036395929563992823,0.0004102032124463793,34744,0.379434805386775
435,0.3803238024444298,0.3779166798541235,0.002444069364784068,0.0001,4.946213873136554e-06,0.004047523318613791,0.00043083449527031267,34674,0.3803238024444298
436,0.38323231531758634,0.37822550609058897,0.002397349591002612,0.0001,4.389268269953354e-06,0.0036617673838029506,0.0004177352676914726,34256,0.38323231531758634
437,0.3765804970559333,0.37857418300857465,0.002511088189612336,0.0001,4.6614208932431495e-06,0.00371266999902762,0.000419983769917597,34800,0.3765804970559333
438,0.3766846415633869,0.37889770291763175,0.002437682220162602,0.0001,4.623615237014186e-06,0.003793451992036743,0.000427083544077732,34909,0.3766846415633869
439,0.38420662824601504,0.3791964579436158,0.0023752078365092996,0.0001,4.541091979016843e-06,0.0038237428398607953,0.0003524895142616256,34265,0.38420662824601504
440,0.3838960636368283,0.3794859184730026,0.0023180721405562724,0.0001,4.190468845761203e-06,0.003615477510338058,0.00035148944582707455,34372,0.3838960636368283
441,0.37915650555037583,0.37981108668110397,0.002457749023881777,0.0001,4.469734265497304e-06,0.0036372585012262888,0.0003448624046906036,34591,0.37915650555037583
442,0.38525201885561344,0.3801369555501824,0.0025507746867624585,0.0001,4.793178557113381e-06,0.0037582139904305447,0.00036032587311333255,34336,0.38525201885561344
443,0.3859446134610426,0.38041893812113015,0.002224304640525991,0.0001,4.0242365109241824e-06,0.0036184220790660693,0.0003445729196405301,34032,0.3859446134610426
444,0.37525324716151537,0.3807586617228006,0.0024915505745197516,0.0001,4.509611018642892e-06,0.0036199233238619886,0.0003755164799463339,35101,0.37525324716151537
445,0.3804098293231606,0.38107758502181643,0.0023445209729531895,0.0001,4.303541664887561e-06,0.003671147935577443,0.00034732932885107014,34429,0.3804098293231606
446,0.3803825144645014,0.3813760418940492,0.0023097957530434318,0.0001,4.078210575305507e-06,0.0035312304734580768,0.00034146678268523033,34460,0.3803825144645014
447,0.3870441288615369,0.3816557455731824,0.002317433975512695,0.0001,4.141673510637256e-06,0.0035743616037397377,0.0003560733876224411,34113,0.3870441288615369
448,0.38173669298312907,0.38195876304169546,0.0022784454981345527,0.0001,3.835234565723185e-06,0.0033665361483197487,0.00034829435654236635,34419,0.38173669298312907
449,0.37913634463754775,0.382283795803171,0.002442294164515064,0.0001,4.547429807238936e-06,0.003723900153642518,0.00034770067332258984,34709,0.37913634463754775
450,0.37607175552800864,0.3825748783508201,0.0022925349096038048,0.0001,4.025919016145272e-06,0.0035121986577216664,0.00034271293226845526,34836,0.37607175552800864
451,0.38250890509124147,0.38290867383152727,0.002512832850726429,0.0001,4.626431312924353e-06,0.00368224357747226,0.0003632274921136089,34447,0.38250890509124147
452,0.3822560943270692,0.38324180731909596,0.002534431370609379,0.0001,4.616257412848951e-06,0.003642834812085693,0.0003590914869784635,34576,0.3822560943270692
453,0.38073828747140404,0.3835386230870258,0.0023567100556819106,0.0001,4.211800997338984e-06,0.003574305619127428,0.0003388994878549237,34495,0.38073828747140404
454,0.3826440224675083,0.38380926998141907,0.0021238863268107813,0.0001,3.578119529269683e-06,0.0033694077541735223,0.0003651153556051999,34163,0.3826440224675083
455,0.38427663688427893,0.384110064819365,0.0023618268140228865,0.0001,4.092502883126977e-06,0.003465540198653464,0.00034352979990565763,34120,0.38427663688427893
456,0.3853270025529434,0.3843859227001478,0.002164313621904391,0.0001,3.6800715220511802e-06,0.003400682308521503,0.0003518264924612999,34046,0.3853270025529434
457,0.3858232874388915,0.38469534493231283,0.00237731447230966,0.0001,4.054367505426711e-06,0.0034108802622883324,0.00035548398956941797,34136,0.3858232874388915
458,0.38860533624445004,0.3849721984177357,0.0022737458308283495,0.0001,3.977436169979947e-06,0.0034985758883444985,0.0003464225913400776,33888,0.38860533624445004
459,0.3804823914833614,0.3852504263218035,0.002299005958533264,0.0001,3.934344854623774e-06,0.003422648679983269,0.0003723199474957676,34538,0.3804823914833614
460,0.3847674405196305,0.38555023073050215,0.002405588320814226,0.0001,4.161381754949367e-06,0.0034597621870236326,0.0003828142985250083,34147,0.3847674405196305
461,0.38700589036272737,0.3858770640547475,0.0025387349830237327,0.0001,4.530142853781961e-06,0.0035688190252819406,0.00038406969310799234,33992,0.38700589036272737
462,0.3843803117259089,0.38615685831678803,0.002416096481477543,0.0001,4.490133299558784e-06,0.003716849334437904,0.00038441203969206885,34161,0.3843803117259089
463,0.383455974116945,0.3864515264624595,0.0025144001661732713,0.0001,4.668125697079996e-06,0.003713112781236039,0.00038502957576701794,34250,0.383455974116945
464,0.3847403322173094,0.3867133953379521,0.0022517011627068103,0.0001,3.875006656799773e-06,0.0034418480755603995,0.00037474559675880503,34021,0.3847403322173094
465,0.385073439984343,0.3870045172106094,0.002367675816472518,0.0001,4.131130350654996e-06,0.0034896080974546255,0.0003870875621316417,34149,0.385073439984343
466,0.3877330864322437,0.3873113733017548,0.002476683542041682,0.0001,4.369938694208895e-06,0.003528863191464894,0.00038251546458548016,33870,0.3877330864322437
467,0.39118387325642445,0.38760390495297936,0.002431694381034156,0.0001,4.350028151955766e-06,0.0035777753864823895,0.00038596790986414103,33625,0.39118387325642445
468,0.3883930697658448,0.38788164517280804,0.0023082058522765764,0.0001,3.995834306689655e-06,0.003462285915919133,0.00038715090547255593,33892,0.3883930697658448
469,0.38547530007194014,0.3882302294636383,0.0027076526204615706,0.0001,5.0687288754560486e-06,0.0037440023414761292,0.00047406412877107725,34043,0.38547530007194014
470,0.38924257575688526,0.38848849459898316,0.002394736516593775,0.0001,4.30686461103843e-06,0.003596942361879901,0.0004859463883200544,33849,0.38924257575688526
471,0.3905045336201886,0.3887812787320395,0.002430220396228503,0.0001,4.278239467756274e-06,0.0035208654115451757,0.000474311311296744,33778,0.3905045336201886
472,0.3900887829286701,0.38906225894869867,0.0023394941136247417,0.0001,4.052844509634001e-06,0.0034647187065195446,0.0004851520577987264,33785,0.3900887829286701
473,0.3867223672838197,0.38938759782409976,0.0025639078227861728,0.0001,4.572826872104933e-06,0.003567075876492072,0.00046732582167810223,33925,0.3867223672838197
474,0.3881958485503333,0.3896659519055964,0.002396924578505665,0.0001,4.32505331986073e-06,0.003608835554231027,0.00048611565727580823,33838,0.3881958485503333
475,0.38935625287562814,0.38995361990132127,0.0024247593545278262,0.0001,4.1955438140726956e-06,0.003460585732962102,0.0005038385880521291,33859,0.38935625287562814
476,0.39625574311934775,0.39017509529522676,0.002121204478626434,0.0001,3.560119849603144e-06,0.003356696523579346,0.0004408253920194266,33300,0.39625574311934775
477,0.3914410472739804,0.39047581853174673,0.00243868944686331,0.0001,3.998968788799059e-06,0.0032796047843997606,0.00048766565042754307,33642,0.3914410472739804
478,0.3906901677313979,0.39075671914741406,0.0023198753899733504,0.0001,3.815045742701393e-06,0.0032890091935026036,0.00048293409121358114,33673,0.3906901677313979
479,0.39546377519266906,0.39100217122594505,0.002168076701228484,0.0001,3.5345726185901084e-06,0.003260560492705202,0.0004764646570426059,33348,0.39546377519266906
480,0.3919557450658375,0.3912958805227113,0.002491514947082389,0.0001,4.442822636486393e-06,0.003566362418727628,0.0005059165256302403,33458,0.3919557450658375
481,0.38749868441859475,0.39155377314840556,0.0022462223038101203,0.0001,3.8903039966658115e-06,0.003463863741417705,0.0004977331574431028,34002,0.38749868441859475
482,0.389504633402471,0.39181530878934606,0.0022542485188724796,0.0001,3.854287647547433e-06,0.0034195765154369524,0.0004919774467877184,33794,0.389504633402471
483,0.3963505070380662,0.39209719057273795,0.0024038826577238897,0.0001,4.062055208215181e-06,0.003379578612261654,0.0005001049901632493,33324,0.3963505070380662
484,0.3892730169697679,0.39235519024158294,0.002299343559868469,0.0001,3.940798130988088e-06,0.0034277592959735988,0.0005027056130542983,33814,0.3892730169697679
485,0.38938817161535677,0.3926072802061653,0.0021919570322645587,0.0001,3.6167571239019345e-06,0.0033000255668017217,0.0005021015195001798,33821,0.38938817161535677
486,0.3910518990252357,0.3928918823244142,0.0024257079049051504,0.0001,4.067207602187602e-06,0.0033534190938349084,0.0004966827041132415,33664,0.3910518990252357
487,0.3950054795037714,0.39315138597304733,0.0023543206110052126,0.0001,4.087409335716082e-06,0.0034722622879905054,0.0004944628564760457,33365,0.3950054795037714
488,0.3929115102264622,0.3934111017655805,0.002352362757162143,0.0001,4.125322901603562e-06,0.0035073866809388642,0.0005026313786237935,33484,0.3929115102264622
489,0.3950603163290163,0.3936466109581293,0.0022625605420614468,0.0001,4.014795273483247e-06,0.0035488953323877183,0.0004346220393121764,33261,0.3950603163290163
490,0.3978170350620829,0.39387325569691234,0.002250458759992024,0.0001,3.7810274438310876e-06,0.0033602281552979783,0.00040576801583624934,33186,0.3978170350620829
491,0.3898370600462113,0.39406630666603326,0.0021804440619558013,0.0001,3.7409274654571945e-06,0.0034313445877640902,0.00040566709065565916,33821,0.3898370600462113
492,0.39317217705190555,0.3943198079413718,0.0023159542853448886,0.0001,3.924117334582441e-06,0.0033887692511150465,0.00040814677172970723,33422,0.39317217705190555
493,0.3889621034251612,0.39454404118183783,0.0022093995155454834,0.0001,3.6802816805568536e-06,0.0033314768602619345,0.00040824020174531987,33999,0.3889621034251612
494,0.3909821209781804,0.39483263785047806,0.0023936784889396854,0.0001,4.064318881144555e-06,0.003395877015166646,0.00040100885590435873,33682,0.3909821209781804
495,0.39529548551779925,0.39511121913627933,0.002332655770082688,0.0001,3.6553504598651922e-06,0.00313406762090372,0.0004072718605920907,33361,0.39529548551779925
496,0.3932873088233316,0.3953994322223495,0.002397803705473598,0.0001,4.121385234626567e-06,0.003437633552086399,0.0004075606580440905,33416,0.3932873088233316
497,0.3976297706374563,0.3956078922812084,0.0021039098154753914,0.0001,3.327111315902399e-06,0.0031627889098949985,0.00040821212378256127,33208,0.3976297706374563
498,0.3972541379402187,0.3958385571895493,0.0021975577069922713,0.0001,3.73735465923934e-06,0.003401371119718663,0.00040209557299441395,33169,0.3972541379402187
499,0.39192950810697114,0.39608097356504945,0.0022236850278977032,0.0001,3.4776184273857346e-06,0.003127797672562929,0.0003701878493348542,33635,0.39192950810697114
500,0.40275995516039104,0.3963396376243302,0.0024101406085413188,0.0001,4.076723027903445e-06,0.003382975261655615,0.0003796731350305907,32695,0.40275995516039104
501,0.4002736040228424,0.39655632492244663,0.0021307856144560287,0.0001,3.4170401929973023e-06,0.003207305483775423,0.0003685325971096101,33004,0.4002736040228424
502,0.3990186345110485,0.3968074492444331,0.0022836687496195864,0.0001,3.5972511213463186e-06,0.003150414106201303,0.00035669862662271625,33081,0.3990186345110485
503,0.39613590510591246,0.39708373204633396,0.0024229664253611833,0.0001,3.997187802679908e-06,0.0032994165836070645,0.00036915636118646386,33242,0.39613590510591246
504,0.39832174309793145,0.3972782803007918,0.0020492965216209755,0.0001,3.1681728539207474e-06,0.0030919613833285103,0.0003688512251663434,33060,0.39832174309793145
505,0.39672942687683443,0.3974923998610246,0.0021184226739880616,0.0001,3.491591292591324e-06,0.003296406647704717,0.0003714333798803358,33343,0.39672942687683443
506,0.40058456322017383,0.39772416916691977,0.002300674175257193,0.0001,3.822622446779209e-06,0.0033230454689238023,0.00035826493492591,32910,0.40058456322017383
507,0.400453638601466,0.3979176413044445,0.002015328194604251,0.0001,3.1201263028771826e-06,0.0030963952285596643,0.0003850601763919793,32973,0.400453638601466
508,0.39850092148045935,0.3981878193650149,0.0023765944610272148,0.0001,3.839715897460543e-06,0.003231275642880137,0.0003479970691499391,33092,0.39850092148045935
509,0.3904559008295479,0.3984575777701739,0.0023775052405884756,0.0001,3.9904179841717825e-06,0.003356811094291496,0.00034619264763095163,33710,0.3904559008295479
510,0.40169225112907925,0.39872875602156144,0.002408765217138485,0.0001,3.93085319588407e-06,0.0032637910643310963,0.00032951623300989867,32788,0.40169225112907925
511,0.3993345106945664,0.3989318893379593,0.0020666009081391104,0.0001,3.2329917162958866e-06,0.003128801215138402,0.00035169279823836936,33181,0.3993345106945664
512,0.40035024716280565,0.3991631073238072,0.0021443747243802616,0.0001,3.312883075835384e-06,0.003089835967725117,0.0003197948553207269,33027,0.40035024716280565
513,0.40189332544285783,0.3994313482827264,0.002420480346099048,0.0001,3.917079270379524e-06,0.0032366131596089677,0.0003094238439577149,32691,0.40189332544285783
514,0.4006671586048534,0.3996460223974344,0.0021030993764513816,0.0001,3.3301291101896253e-06,0.003166877559355892,0.00031297595065926323,32849,0.4006671586048534
515,0.4012894421081612,0.39984852570254464,0.002091490612474724,0.0001,3.5068166318870115e-06,0.0033534136954481717,0.00033778802422630824,32911,0.4012894421081612
516,0.40072615367434405,0.39998631174585525,0.0020108734766464487,0.0001,3.304312590736187e-06,0.0032864450489911647,0.0003265743316726319,33005,0.40072615367434405
517,0.3963984168971616,0.4001545539603865,0.0018932656168919924,0.0001,2.9262840135972973e-06,0.003091255645788487,0.00032361067703213305,33156,0.3963984168971616
518,0.4025785859399521,0.4003671543996738,0.0022082247324527906,0.0001,3.766971218419042e-06,0.00341176435809128,0.0003381465931456825,32852,0.4025785859399521
519,0.39896363488450615,0.4006057901407519,0.0023186563509010306,0.0001,3.781474602435517e-06,0.003261780988774844,0.0003634568632832865,32971,0.39896363488450615
520,0.40066985505395614,0.40081573874930815,0.00224970615297561,0.0001,3.635249707466952e-06,0.0032317551362507765,0.00036611403528419544,32748,0.40066985505395614
521,0.408819684375451,0.4010616683773408,0.0023095215381561014,0.0001,3.6695789731059484e-06,0.003177782854569698,0.0003414107041664798,32232,0.408819684375451
522,0.4022937884265918,0.40130292896517833,0.0022763110939932824,0.0001,3.5177662819649564e-06,0.003090760565414472,0.00034810119768920644,32724,0.4022937884265918
523,0.39835224560979676,0.40151548067582943,0.0021789615372721006,0.0001,3.4981071860325443e-06,0.003210802142392946,0.0003568799269503257,33043,0.39835224560979676
524,0.39758771606496895,0.4016813138530235,0.0019064806617816233,0.0001,2.814915522221569e-06,0.0029529966693614454,0.00034045602471406944,33135,0.39758771606496895
525,0.4066565621718353,0.4019225442115958,0.0022368207143833208,0.0001,3.3762670780769334e-06,0.003018808844505673,0.0003525377278098632,32346,0.4066565621718353
526,0.40452842977237136,0.402141915938775,0.0022038351034745526,0.0001,3.354902601033338e-06,0.0030446040139246525,0.00036188949287166276,32601,0.40452842977237136
527,0.40465570553881347,0.4023680646057016,0.002336438080161006,0.0001,3.818361379174114e-06,0.003268532054494666,0.0003612078876634901,32644,0.40465570553881347
528,0.40343213179513887,0.4026178871629068,0.0023803216342050595,0.0001,3.8011483963727196e-06,0.003193810736961322,0.0003615128542127741,32911,0.40343213179513887
529,0.4022429304484063,0.40281521806870035,0.002011033986293776,0.0001,3.0363980251326972e-06,0.003019738150451261,0.00044102048006087915,32780,0.4022429304484063
530,0.404204002671527,0.4029965130902724,0.0019914604497319657,0.0001,2.9982260184274256e-06,0.003011082664313983,0.00042457849800138004,32598,0.404204002671527
531,0.4029169314557658,0.40323073288033473,0.0023145690308916896,0.0001,3.611786380955878e-06,0.003120914807681873,0.0004263580314025514,32755,0.4029169314557658
532,0.40650586270805344,0.4034704168440024,0.0022343032880012817,0.0001,3.2764591640605794e-06,0.002932868766434631,0.00042936621808284425,32409,0.40650586270805344
533,0.40959660827366573,0.40366755747036576,0.0020966927205141642,0.0001,3.2355386247270957e-06,0.003086325996241982,0.0004391504182245108,32117,0.40959660827366573
534,0.4010170211739953,0.40385460660752737,0.0021296946163765276,0.0001,3.3966606992369467e-06,0.0031898101005824403,0.0004343557897312857,32888,0.4010170211739953
535,0.40654101557806305,0.4040883467459,0.002313059875760129,0.0001,3.615259630524719e-06,0.0031259542119173667,0.0004481784612420054,32480,0.40654101557806305
536,0.4009858593997673,0.40426781383988364,0.002175793126185127,0.0001,3.3846202297033827e-06,0.0031111599618275495,0.00044706004336514415,32831,0.4009858593997673
537,0.39836971430911683,0.4044823244275195,0.002134762563840532,0.0001,3.2243537238042514e-06,0.003020807820428981,0.00043749589919823116,33067,0.39836971430911683
538,0.4027501682806691,0.40465481388675173,0.001948904416284544,0.0001,2.876141548815092e-06,0.00295154705872981,0.0004273665424050843,32783,0.4027501682806691
539,0.40419595643959194,0.4048919299594282,0.002278581955771377,0.0001,3.4609098316893276e-06,0.00303777515917148,0.00039909379944124497,32696,0.40419595643959194
540,0.40670334706227274,0.40512169421448263,0.002323785148346206,0.0001,3.7593670247778445e-06,0.0032355547391748458,0.0003780653395491166,32475,0.40670334706227274
541,0.40285541302741784,0.4053261201066508,0.0022229817293926003,0.0001,3.4451348426884098e-06,0.003099561995617253,0.00037214061798933524,32757,0.40285541302741784
542,0.4002935332036239,0.40552631264963546,0.002061815365594814,0.0001,3.0271582961875385e-06,0.002936400947147111,0.0003765787828610089,32994,0.4002935332036239
543,0.40334998664969174,0.40571540601106504,0.0022867172031953964,0.0001,3.726707632439617e-06,0.003259439013474877,0.0003952632001161386,32842,0.40334998664969174
544,0.41302514341754865,0.4059110685051507,0.0021703500591490773,0.0001,3.2218325089196436e-06,0.002968951939654212,0.00038095779516403213,32010,0.41302514341754865
545,0.40724887752520955,0.40606788561447166,0.0019252898943957252,0.0001,2.905702519777271e-06,0.0030184571458411556,0.0003904884587940935,32394,0.40724887752520955
546,0.403410434957715,0.4062351294214841,0.0021140146200885825,0.0001,3.1852658266890348e-06,0.0030134756840570617,0.0003921305259175116,32722,0.403410434957715
547,0.4053845642432421,0.4064070372403832,0.00198947599220741,0.0001,2.945518285908755e-06,0.0029610996035600045,0.0003870776364571197,32512,0.4053845642432421
548,0.4068184099224281,0.40665915425279875,0.002385124712306549,0.0001,3.661708191997113e-06,0.003070454281156675,0.00038710642736865394,32241,0.4068184099224281
549,0.41527654883273646,0.4067875366520446,0.0018558183942945288,0.0001,2.7069372266943925e-06,0.0029172436645918775,0.0004386675808874412,31995,0.41527654883273646
550,0.4103584570286227,0.4069909825800456,0.0022276941343956913,0.0001,3.4804623738754066e-06,0.003124721944666389,0.00043711817946966684,32079,0.4103584570286227
551,0.4107892380841687,0.40722999353570744,0.002384990700586389,0.0001,3.74562396876282e-06,0.003140996707317892,0.00044430596111511976,32086,0.4107892380841687
552,0.4105142098734956,0.4074327396587737,0.002150042469941088,0.0001,3.1310439085200293e-06,0.0029125414518958977,0.00045070388991280604,32160,0.4105142098734956
553,0.4050919137814445,0.40768854239579777,0.0023892831881734793,0.0001,3.558935402908895e-06,0.002979082111760534,0.0004236169483327675,32454,0.4050919137814445
554,0.40807741880115356,0.4078641994113498,0.002123236053376384,0.0001,3.158788190909816e-06,0.0029754470171949937,0.0004336402943310745,32261,0.40807741880115356
555,0.40776997877680693,0.40809190122583905,0.0023260038919496666,0.0001,3.778954041085855e-06,0.0032493101616595478,0.00045365444849973345,32380,0.40776997877680693
556,0.409165216303253,0.4083182161530001,0.0022906593846369265,0.0001,3.4586799532335e-06,0.0030198116546094056,0.00044797424209408145,32230,0.409165216303253
557,0.4084400039568121,0.4085343518971759,0.0023310959810646657,0.0001,3.656529046078936e-06,0.0031371758827441446,0.0004347672861812961,32258,0.4084400039568121
558,0.4153959126765224,0.40874117853089986,0.002205189038991981,0.0001,3.375165214418353e-06,0.0030611119089918766,0.0004712645831210678,31855,0.4153959126765224
559,0.41228735182132475,0.408939918525129,0.0021028828039782797,0.0001,3.1900028228301844e-06,0.0030339330530405858,0.0003428129836330413,32059,0.41228735182132475
560,0.40775243883068124,0.4091302158934311,0.0020742711697754107,0.0001,3.0625468852614647e-06,0.0029528896027543575,0.0003670560461703083,32319,0.40775243883068124
561,0.4112762340666708,0.40935402664686493,0.0022502979358565967,0.0001,3.2638344856858833e-06,0.002900802097072959,0.0003557691460638062,32059,0.4112762340666708
562,0.40806826353453385,0.4095788362850029,0.0021901587619376295,0.0001,3.1834793030607264e-06,0.002907076289067107,0.00032913816983685175,32154,0.40806826353453385
563,0.4038266664658082,0.40976729509870724,0.00203919308965645,0.0001,2.9496514114976136e-06,0.0028929594028729777,0.0003506024179472491,32660,0.4038266664658082
564,0.41051322372847965,0.40991354134868885,0.0018976099619830524,0.0001,2.749668231724355e-06,0.002898033090900175,0.0003455737468877141,32161,0.41051322372847965
565,0.4069216766918891,0.4100820470268781,0.00190713122162578,0.0001,2.7642056411053258e-06,0.002898810118318877,0.00034633588342777275,32327,0.4069216766918891
566,0.4103050256303511,0.41026059056490316,0.0020055029526891846,0.0001,2.8285133047490085e-06,0.002820752072148532,0.00034661881840141763,32125,0.4103050256303511
567,0.4086971697831375,0.41043494326632374,0.001986938765990133,0.0001,2.7787563427640028e-06,0.0027970226262904376,0.0003270522779274246,32075,0.4086971697831375
568,0.4120105117336203,0.41061710714207933,0.002101567005998176,0.0001,3.0454977497168496e-06,0.0028983113467470315,0.00033828722891336715,31987,0.4120105117336203
569,0.40790263116086045,0.41079934283596686,0.0019807515293492443,0.0001,2.879490327313103e-06,0.0029074725271161393,0.0005018598998095836,32288,0.40790263116086045
570,0.4136789865578967,0.4109605923696038,0.0018117177747244504,0.0001,2.5540870707291752e-06,0.002819519801993038,0.0005048712914559137,31847,0.4136789865578967
571,0.41287764810633654,0.41115014824492024,0.00219064139438624,0.0001,3.3837570230267935e-06,0.0030892842906173903,0.0005033789731558411,31968,0.41287764810633654
572,0.4176564980764653,0.41133340229555465,0.00200595451327214,0.0001,2.8403197331654476e-06,0.0028318884744123938,0.0005013417402723595,31595,0.4176564980764653
573,0.414641729111,0.41154282228466466,0.0021875991322554402,0.0001,3.0643990560567815e-06,0.0028016093176059637,0.0004996474573171658,31914,0.414641729111
574,0.40970681756898436,0.4117930432643343,0.002463347085670279,0.0001,3.729685318611342e-06,0.003028144381526724,0.000512981682251365,32191,0.40970681756898436
575,0.4082199149504071,0.412000891295409,0.002227426893159565,0.0001,3.273239516316609e-06,0.0029390320520675554,0.0005102650658540456,32304,0.4082199149504071
576,0.41341752586518216,0.4121502594127322,0.0019556209396728104,0.0001,2.9931855441887e-06,0.003061110139973733,0.0005150519435851235,31916,0.41341752586518216
577,0.4107373553702698,0.4123404629860151,0.002060374470667323,0.0001,2.874902066873096e-06,0.0027906597638457055,0.0005046056014233384,32153,0.4107373553702698
578,0.415877105644058,0.4125255550820135,0.002075181934282088,0.0001,2.982741749804921e-06,0.002874679757499724,0.0005200350241934258,31780,0.415877105644058
579,0.4095567565241205,0.41271574077044326,0.002122908519975545,0.0,2.970268215068691e-06,0.0027983007153816572,-0.0007907003457609032,32091,0.4095567565241205
580,0.4063534648227321,0.41294084093618777,0.00232217456599481,0.0,3.4235546676828052e-06,0.00294857649189364,-0.0007942392756489668,32311,0.4063534648227321
581,0.41560349744579234,0.4131031137898476,0.0019415265948845388,0.0,2.6881020821184464e-06,0.0027690602737051933,-0.0007910360949352914,31715,0.41560349744579234
582,0.41090476284478644,0.41327265702304716,0.002038043628490972,0.0,2.9615224619970653e-06,0.0029062404951456936,-0.0007789834883229074,32073,0.41090476284478644
583,0.4104667852184232,0.4134581592583563,0.0021821186193543562,0.0,3.1373063527648087e-06,0.0028754682031841812,-0.0007917179814758678,32078,0.4104667852184232
584,0.412406791341431,0.4136389411041766,0.002072675363399074,0.0,2.9056733537935464e-06,0.0028037901208305006,-0.0008114229717300166,31895,0.412406791341431
585,0.40784094493931966,0.4138520963222727,0.002292334429308281,0.0,3.361610522986384e-06,0.0029329145695384073,-0.0007919557112781048,32244,0.40784094493931966
586,0.4166453845078446,0.41403962269702277,0.0021267542897358107,0.0,2.9249569876856608e-06,0.002750629916960463,-0.0007887262103772666,31646,0.4166453845078446
587,0.41466060697256135,0.4142237538571176,0.002030547144273488,0.0,2.887451616182478e-06,0.0028440133727755264,-0.0007880134175962991,31924,0.41466060697256135
588,0.41105749104690925,0.4143993490957443,0.002089096574436674,0.0,2.992370847057453e-06,0.0028647510925763186,-0.0007837388237834258,31909,0.41105749104690925
589,0.4161568321566812,0.41457011309976044,0.002078843266155845,0.0001,3.0073774547782886e-06,0.00289331812911463,0.000245993046111075,31625,0.4161568321566812
590,0.41331532346375244,0.41477861254717,0.0022385028086894456,0.0001,3.1596578301083136e-06,0.002823009931319379,0.00021516447079404134,31912,0.41331532346375244
591,0.41967063917425573,0.41490486888080313,0.001943915093102212,0.0001,2.770782745180045e-06,0.002850724041406839,0.00024123596598835942,31386,0.41967063917425573
592,0.4146763129457057,0.4150697602389014,0.0020367970578447797,0.0001,2.9022067471410055e-06,0.00284977507794709,0.0002451833128235425,31807,0.4146763129457057
593,0.41169893464717827,0.4152368386206531,0.0020272069215242637,0.0001,3.0008853721739008e-06,0.00296061081906481,0.00024783176790728323,31974,0.41169893464717827
594,0.41064378017288294,0.4154132540467721,0.002090776144230204,0.0001,2.852613310158336e-06,0.002728760147785816,0.00023793621607981908,31948,0.41064378017288294
595,0.4169653925839185,0.41556895052625775,0.0019154784915128029,0.0001,2.786827575210895e-06,0.00290979782603554,0.0002498177866652402,31517,0.4169653925839185
596,0.4177546322149641,0.4157481576062451,0.0021602939328250366,0.0001,3.008019706439733e-06,0.0027848244729420848,0.00022547969281357558,31621,0.4177546322149641
597,0.41590931851530905,0.41591469091036604,0.0020582627463987583,0.0001,3.0194376493679557e-06,0.0029339671571580617,0.00022805464479409563,31753,0.41590931851530905
598,0.42247373527103466,0.41605741714322186,0.0019388743485497255,0.0001,2.687377201392496e-06,0.0027721004235294047,0.00022579307282778513,31274,0.42247373527103466
599,0.4156605150387823,0.41618862181506844,0.0020049002197918588,0.0001,2.833788997774472e-06,0.0028268628730747157,0.00037687139317098305,31752,0.4156605150387823
600,0.41246036726405055,0.41637294530819857,0.0021204266908725943,0.0001,3.0188709363874596e-06,0.0028474183515820014,0.0003792373725473849,31892,0.41246036726405055
601,0.41993442595986374,0.41650514493188084,0.001983074110228392,0.0001,2.8888272049083943e-06,0.0029134838582262432,0.0003899573228236268,31484,0.41993442595986374
602,0.41962604372568857,0.4166788045035876,0.002140095134010045,0.0001,3.1971438923199254e-06,0.002987852120694479,0.0003740236529605745,31380,0.41962604372568857
603,0.4150758169335208,0.4168156424405765,0.0018159095912130272,0.0001,2.422688763117823e-06,0.002668292270541363,0.00036933021698459995,31815,0.4150758169335208
604,0.4143288244026405,0.41697053266324685,0.0020132613747721796,0.0001,2.7618399268765636e-06,0.0027436476569656473,0.00037323310705534587,31803,0.4143288244026405
605,0.41901528411672034,0.4171587076714556,0.002145572282069493,0.0001,2.8915428662968275e-06,0.0026953581479975267,0.0003703982119184916,31442,0.41901528411672034
606,0.4140853339158409,0.4172988884733512,0.0018421354886341101,0.0001,2.5221504870912448e-06,0.0027382898843790753,0.0003846725344801717,31862,0.4140853339158409
607,0.4182740882390966,0.4175094008574035,0.0023152697494500667,0.0001,3.3554764497360288e-06,0.00289856199307492,0.0003847910709478389,31351,0.4182740882390966
608,0.41546098875385273,0.4176221329718882,0.0017954685703780564,0.0001,2.4716737125424025e-06,0.0027532352872341992,0.00039513116207674396,31562,0.41546098875385273
609,0.4202117985628393,0.4177713928130251,0.00198089962996613,0.0001,2.7386142811753345e-06,0.002765020740825885,0.00023543569745149867,31362,0.4202117985628393
610,0.4212533439947758,0.41792914872714393,0.0020646671128959075,0.0001,2.961965488793226e-06,0.002869194235034591,0.0002410399179232213,31249,0.4212533439947758
611,0.4136047355173212,0.41805699691706644,0.0019826108491767924,0.0001,2.9093106601393445e-06,0.0029348277412557587,0.0002452232224491688,31794,0.4136047355173212
612,0.41546631404034035,0.4182394098336169,0.0022176210952035867,0.0001,3.2665035101337696e-06,0.002945952775430188,0.00026113032483279883,31632,0.41546631404034035
613,0.41750348714596114,0.4184026837416706,0.0019927176960176335,0.0001,2.675563905653612e-06,0.0026853416427230206,0.00023661478735557983,31438,0.41750348714596114
614,0.41803798581570784,0.4185316955929814,0.002054877370512066,0.0001,2.9668724851557655e-06,0.0028876394550166606,0.00025202343478306413,31555,0.41803798581570784
615,0.4167299299294972,0.4187112517952044,0.0020991400002121274,0.0001,2.758813331105748e-06,0.002628517708039442,0.0002604586765554863,31680,0.4167299299294972
616,0.41675459688571515,0.41886466524890265,0.001986835681099588,0.0001,2.721950850535638e-06,0.0027399858744525957,0.00024395663026697932,31561,0.41675459688571515
617,0.42215665456673995,0.4189754984454207,0.0018240074692804393,0.0001,2.5042286589102767e-06,0.002745853513306259,0.0002410962688657177,31140,0.42215665456673995
618,0.41410952222638653,0.4191061930717269,0.0020186264805162947,0.0001,2.711509768787466e-06,0.0026864898434245795,0.00024153045182623756,31838,0.41410952222638653
619,0.4192219867391888,0.41928823750092387,0.002201082160358934,0.0001,3.1208499884423103e-06,0.002835741477213543,0.0004461635659377634,31552,0.4192219867391888
620,0.417989208784696,0.41946605292187217,0.0021476110336757248,0.0001,2.9326439292018633e-06,0.0027310754910608945,0.0004579181932870531,31508,0.417989208784696
621,0.41734132175836886,0.4196247992754033,0.0021816788088294637,0.0001,3.1590016146746582e-06,0.0028959364704739072,0.0004603985544969503,31658,0.41734132175836886
622,0.4184875810986221,0.41976466793064665,0.0019584510788688875,0.0001,2.699228715734475e-06,0.00275649337873012,0.00044215362640139216,31529,0.4184875810986221
623,0.424467809473983,0.41989120164467353,0.001968328841530252,0.0001,2.7889999652859982e-06,0.0028338760337604215,0.0004173516435025127,31195,0.424467809473983
624,0.41846406032951916,0.4200471413862483,0.0020317559161611696,0.0001,2.6609520833406054e-06,0.002619361963880236,0.00044696990677815037,31515,0.41846406032951916
625,0.4213518754446383,0.4201611823157335,0.001921611145617712,0.0001,2.7465275079082987e-06,0.002858567420543778,0.0004593308393556524,31269,0.4213518754446383
626,0.42051033634109036,0.420234465479149,0.0016855650459606725,0.0001,2.3971255665896142e-06,0.0028442990940446256,0.0004415852984266207,31142,0.42051033634109036
627,0.4222668925335483,0.4204148350054271,0.002245809420792404,0.0001,3.2093497475192507e-06,0.002858078444062163,0.0004725180745662688,31228,0.4222668925335483
628,0.42008652189381934,0.42054298029853954,0.0017841619554287303,0.0001,2.353574105693655e-06,0.0026382964825949293,0.00043955210451348777,31284,0.42008652189381934
629,0.4285329354458811,0.4206953269505994,0.001957316270685948,0.0001,2.489588216311893e-06,0.0025438793449966152,0.00033576419574296205,30603,0.4285329354458811
630,0.4253512065560805,0.4208722889441832,0.002146460275724788,0.0001,2.8697761466658e-06,0.002673961572102025,0.0003757516515426047,30913,0.4253512065560805
631,0.42259491671549476,0.4210665691026428,0.002231780776954336,0.0001,3.0567420789726393e-06,0.002739285247491118,0.000365054372897606,31237,0.42259491671549476
632,0.42167261238347375,0.42122981013332894,0.0021129034453887183,0.0001,2.992217726333516e-06,0.0028323279351584636,0.0003588381684703063,31224,0.42167261238347375
633,0.42448860086325996,0.42137135639703227,0.002105138093768004,0.0001,2.9601776430645727e-06,0.0028123358290154986,0.0003485911432451632,30925,0.42448860086325996
634,0.4205691788863985,0.4215258340477482,0.0020240526494309284,0.0001,2.6077294875537867e-06,0.002576740766389611,0.0003499704614203453,31224,0.4205691788863985
635,0.41600426042041216,0.42164525723601143,0.001806012066811356,0.0001,2.309157458158553e-06,0.002557189401547617,0.00038053215819247745,31828,0.41600426042041216
636,0.42197062805418256,0.4217917783865047,0.0019736870843159613,0.0001,2.577095689562307e-06,0.002611453163007828,0.0003796363725046177,31167,0.42197062805418256
637,0.42178594646962936,0.4219700377072241,0.002106638400125768,0.0001,2.7775965786372533e-06,0.002636994159483116,0.0003717675417399249,31192,0.42178594646962936
638,0.41978219149657514,0.4221105636451622,0.0019410617876084119,0.0001,2.526263001935486e-06,0.0026029702074019004,0.0003702793637662589,31260,0.41978219149657514
639,0.4204012727359127,0.4222756208529953,0.0021130684149017623,0.0001,2.7358197417545277e-06,0.0025894284562307628,0.00046381965491927406,31352,0.4204012727359127
640,0.42496939283173074,0.4224030190264407,0.0018402581192435796,0.0001,2.3695331330013702e-06,0.002575218235119477,0.00046112907997216464,30921,0.42496939283173074
641,0.42502530842142316,0.422580060732367,0.002160590768928792,0.0001,2.9190908260489595e-06,0.002702122834206337,0.0004603901215827994,30986,0.42502530842142316
642,0.41897953693808687,0.4227145062712921,0.0018829417075458194,0.0001,2.3630042718898234e-06,0.002509906984820795,0.00046166773686444644,31528,0.41897953693808687
643,0.42047097316630627,0.42282491353615953,0.0017857169228764488,0.0001,2.3277298308469967e-06,0.0026070535604237523,0.00047099852872998767,31313,0.42047097316630627
644,0.42613061133993746,0.42296550935072447,0.0019751180458673083,0.0001,2.6426832420217346e-06,0.0026759749854457808,0.00045569246185079063,30897,0.42613061133993746
645,0.4268177177226368,0.4231205719755735,0.0019506833054443598,0.0001,2.3817341813618057e-06,0.002441948597924002,0.0004353959295696644,30749,0.4268177177226368
646,0.42472078941195984,0.42324055022695906,0.0019120021347900304,0.0001,2.485995644661652e-06,0.0026004109508325998,0.0004567621982433378,31069,0.42472078941195984
647,0.4257517609736686,0.4233920142276844,0.002054718075522188,0.0001,2.7821363177713352e-06,0.0027080467640936876,0.0004776670556751184,30831,0.4257517609736686
648,0.42349130391260237,0.42349221632148504,0.0019035463527913668,0.0001,2.6429051407823143e-06,0.0027768224681334907,0.0004638619878687269,31087,0.42349130391260237
649,0.4323684022115565,0.42361123381667964,0.001788015716041836,0.0001,2.3214721938113347e-06,0.0025967022246878467,0.00030071686871795047,30593,0.4323684022115565
650,0.42546892199965114,0.4237441938408076,0.0019473955949873675,0.0001,2.6294479159261713e-06,0.002700476392875098,0.0003014576069482817,31090,0.42546892199965114
651,0.4175931871376709,0.4238165627151408,0.0017385107585148505,0.0001,2.34354002095979e-06,0.0026960316575340548,0.0003096177019815936,31486,0.4175931871376709
652,0.42046946054144296,0.42391766749304716,0.0018845978320518083,0.0001,2.522978084951942e-06,0.002677471067877769,0.0003012831259523674,31315,0.42046946054144296
653,0.42372753960440246,0.42402589778413224,0.0018317411339935183,0.0001,2.3276055582497193e-06,0.0025414132106922004,0.0002891477188116552,31015,0.42372753960440246
654,0.4208777158539321,0.4241484350380942,0.001863745512445744,0.0001,2.4126410263426307e-06,0.002589024102519861,0.0003098353215692941,31162,0.4208777158539321
655,0.42253092467709397,0.4242692331189091,0.0019541697271918896,0.0001,2.52553928187782e-06,0.002584769630534579,0.0003152226700810848,31170,0.42253092467709397
656,0.4255248159116856,0.42438908843751044,0.0018533159675290297,0.0001,2.3805165890176465e-06,0.002568926864847031,0.0003072598369814254,30940,0.4255248159116856
657,0.42416262816742323,0.4245241576246431,0.0019557281950445993,0.0001,2.472522443276634e-06,0.0025284929158780676,0.0002990633653410147,31010,0.42416262816742323
658,0.42997018489614813,0.4246279558218643,0.0018651855456895503,0.0001,2.5631042291635507e-06,0.002748363813012483,0.00028013106249927516,30530,0.42997018489614813
659,0.42803956531646775,0.4247391031634537,0.001797877248484218,0.0,2.3505240688224036e-06,0.0026147770330862356,-0.0028971309524988605,30722,0.42803956531646775
660,0.4272025980766556,0.4248667031068099,0.002034426619913613,0.0,2.745216859981864e-06,0.0026987622292303985,-0.003000846876341599,30713,0.4272025980766556
661,0.42671137471320725,0.4250429084236308,0.0021454445465595084,0.0,2.7480233365455067e-06,0.0025617286086021753,-0.002907175581346286,30731,0.42671137471320725
662,0.42972255886495403,0.42518940710286474,0.0020591197103165403,0.0,2.7731798215454273e-06,0.0026935586189101336,-0.0030783840940575304,30726,0.42972255886495403
663,0.425893898674752,0.4253602509909923,0.002248760649720674,0.0,3.0679917437669624e-06,0.002728606749809543,-0.0028777846477792486,31034,0.425893898674752
664,0.4237653038790581,0.4254984161482022,0.0020029721821939097,0.0,2.6340508123212404e-06,0.0026301421814416744,-0.0028920351362309634,31102,0.4237653038790581
665,0.42690986586965585,0.4256684933675897,0.002229151133315555,0.0,2.9782342087957736e-06,0.002672079218214389,-0.003149095038962234,30832,0.42690986586965585
666,0.42337875936428915,0.4257582284977458,0.0017124349504955133,0.0,2.2529736845538453e-06,0.0026313100931535183,-0.0030138337015577182,31004,0.42337875936428915
667,0.4196483758281603,0.42590202080825923,0.002038984130564674,0.0,2.6042122607645044e-06,0.002554421313758137,-0.0031282614202617705,31225,0.4196483758281603
668,0.4273476177642008,0.42604918663862296,0.0020680212493907426,0.0,2.6696138583386255e-06,0.0025818050555574488,-0.0028522712868438364,30775,0.4273476177642008
669,0.42634294667246614,0.42618779968818166,0.0019544877471010967,0.0,2.4954271255596875e-06,0.0025535357070014014,-0.0037929154382303413,30821,0.42634294667246614
670,0.4293910147016954,0.42631535848910396,0.001938150661899133,0.0,2.476218726163746e-06,0.0025552386353054485,-0.0037503257994799936,30753,0.4293910147016954
671,0.4258724154580833,0.42645012685664696,0.0019119570511400617,0.0,2.493864259672234e-06,0.0026087032218482025,-0.0037435541414382843,30953,0.4258724154580833
672,0.4279170646409458,0.42662250478855257,0.0021656967661066247,0.0,2.7683333171735883e-06,0.0025565290215124174,-0.003987477994037443,30602,0.4279170646409458
673,0.4228884162936495,0.4267617931456549,0.0018929291778129592,0.0,2.4454035665753936e-06,0.002583724309644536,-0.0036321337908744346,31091,0.4228884162936495
674,0.43133167745532497,0.42689540485176103,0.0018462926544990084,0.0,2.2460726349396763e-06,0.0024330624177770427,-0.0035587247582665373,30492,0.43133167745532497
675,0.4266076941838823,0.42703100033251784,0.0019791765735550507,0.0,2.594067651076487e-06,0.0026213605049062922,-0.003870696843509834,30751,0.4266076941838823
676,0.4206698741333785,0.42716943168709776,0.0020666226531094807,0.0,2.725170145570695e-06,0.0026373175978404674,-0.003825959412560206,31353,0.4206698741333785
677,0.42336586969981815,0.4273077529941577,0.002044423563055234,0.0,2.602521052188739e-06,0.002545970511413468,-0.003730114603500918,31006,0.42336586969981815
678,0.4265711226526404,0.42744390914480457,0.0020545051617500754,0.0,2.696211467394406e-06,0.002624682106028597,-0.003691660357385388,30957,0.4265711226526404
679,0.42313580093359127,0.4275513530484665,0.0018484396898617455,0.0,2.307539265796912e-06,0.002496742824181085,-0.00016151090379459045,31014,0.42313580093359127
680,0.4303407637266275,0.4276833083875532,0.0018729886041153408,0.0,2.227050036611442e-06,0.002378071101680123,-0.0001647469113853716,30582,0.4303407637266275
681,0.4259177641764516,0.4278212313503106,0.0019401004796452438,0.0,2.5062254419705656e-06,0.0025836037548208233,-0.0001720185002063867,31053,0.4259177641764516
682,0.4289620012822305,0.4279748622261784,0.002097067280105066,0.0,2.7291006354132624e-06,0.0026027783288636603,-0.0001646881944774291,30785,0.4289620012822305
683,0.4310327396661376,0.42805980112136166,0.0017300932861291705,0.0,2.196845567410785e-06,0.0025395689180736647,-0.00016283181180209928,30615,0.4310327396661376
684,0.42557637466322945,0.42815035637938104,0.0017688581230393026,0.0,2.2129657717676167e-06,0.002502140497243765,-0.00016425963891317276,31001,0.42557637466322945
685,0.42339346060641075,0.42823576786251516,0.0017451418649100507,0.0,2.170916105453e-06,0.002487953729268761,-0.00016840582736412616,31049,0.42339346060641075
686,0.4321513101021303,0.428336888031647,0.001796639508850736,0.0,2.3445526870840654e-06,0.0026099311247850883,-0.00016611853787561084,30472,0.4321513101021303
687,0.432991519210294,0.4284106417681024,0.001619888775737896,0.0,2.041269336866436e-06,0.0025202586343455484,-0.00016727655276601645,30456,0.432991519210294
688,0.4235765591585222,0.42845146375694854,0.0014774575002072397,0.0,1.8385876395139866e-06,0.0024888535057774478,-0.00016923537273906374,31080,0.4235765591585222
689,0.431447403103496,0.42859957334967225,0.00204844068288581,0.0001,2.5300299681187818e-06,0.0024702008598604056,0.0004587778242825263,30440,0.431447403103496
690,0.42901548866194195,0.4288231696043715,0.0001,0.009334840213538193,2.1556462089536397e-06,0.0025663679002046347,0.0004618496213416348,30670,0.42901548866194195
691,0.4298941919833935,0.42893749588630614,0.001948209571889773,0.0001,2.471397109770745e-06,0.002537095747223413,0.00046220041607993614,30495,0.4298941919833935
692,0.4275062786029052,0.42907851018592297,0.0020643153170305096,0.0001,2.6602290918485027e-06,0.002577347626984822,0.0004626814055033236,30633,0.4275062786029052
693,0.4299296134912248,0.4292115457921646,0.0019039796133516168,0.0001,2.2535350826408775e-06,0.0023671840463395833,0.000459641127134341,30567,0.4299296134912248
694,0.43135311464460585,0.42935026606855575,0.0020154729380735927,0.0001,2.6174905888948205e-06,0.0025973959158158096,0.00046791958916920834,30429,0.43135311464460585
695,0.42742209077440463,0.42946855535362993,0.0018337792652090713,0.0001,2.286763925448876e-06,0.0024940449146022593,0.000453723493169893,30682,0.42742209077440463
696,0.433712092645145,0.42957624000293027,0.0018999805822126536,0.0001,2.4125360261601542e-06,0.002539537560274006,0.0004609687654337992,30457,0.433712092645145
697,0.4259627126276631,0.42970224928053236,0.001862464866130833,0.0001,2.2817930645033364e-06,0.002450293807951003,0.00044762525663068187,30797,0.4259627126276631
698,0.4336325075209247,0.4298374828547326,0.002085378462065234,0.0001,2.710339441907504e-06,0.002599374157939031,0.0004548027841836563,30368,0.4336325075209247
699,0.4342682999676863,0.4299641906721715,0.001889466285458517,0.0001,2.247776633012036e-06,0.002379271490908415,0.0004434426354692634,30304,0.4342682999676863
700,0.42733281524437283,0.43009591160479255,0.0018987904699799398,0.0001,2.354541320365708e-06,0.002480043330310778,0.0004662491921708243,30866,0.42733281524437283
701,0.4328506690429137,0.43021955000890444,0.0018883869486192592,0.0001,2.34879977850093e-06,0.002487625515753869,0.00044839947099725144,30449,0.4328506690429137
702,0.43101617739179693,0.430331437185033,0.001897305779158503,0.0001,2.3315231469512357e-06,0.0024577199653977944,0.0004510033230086224,30473,0.43101617739179693
703,0.4289622252631047,0.43043390018492433,0.0017872229623430082,0.0001,2.1994163346406663e-06,0.002461266871546102,0.0004389347078868468,30774,0.4289622252631047
704,0.4286689458877546,0.4305314134065095,0.0017173229200306993,0.0001,2.034350926659464e-06,0.002369211873819395,0.0004834693585489914,30693,0.4286689458877546
705,0.43059931639960114,0.4306062053233156,0.0017165035237837899,0.0001,2.0565379566725456e-06,0.0023961942730408125,0.000459346174718096,30531,0.43059931639960114
706,0.42873543694897964,0.43074287825324115,0.0021002918765156125,0.0001,2.65204804466247e-06,0.0025254090389210298,0.0004784747525567998,30749,0.42873543694897964
707,0.42997764481541145,0.4308610772585088,0.0019634555911612656,0.0001,2.43205198750922e-06,0.0024773180493181494,0.0004472443023494625,30498,0.42997764481541145
708,0.42980418164838985,0.43102393533795114,0.0022171599812108272,0.0001,2.8118414264888414e-06,0.0025364353049104273,0.0004773352850290399,30565,0.42980418164838985
709,0.4260117035668687,0.4311553749222,0.0019755513048547472,0.0001,2.344717769569686e-06,0.002373735132879357,0.0003671197525903524,30804,0.4260117035668687
710,0.42780493766554223,0.431259908757883,0.001822339147573181,0.0001,2.267750088944104e-06,0.002488834300644948,0.0003875347273873252,30785,0.42780493766554223
711,0.42962001446076725,0.43137994050742146,0.0018871751879741222,0.0001,2.272472335830475e-06,0.0024083321467043752,0.0003839415042713249,30389,0.42962001446076725
712,0.4295438572339477,0.43149645727634933,0.0018929226403689111,0.0001,2.2434797157694693e-06,0.0023703871124202283,0.00036963483364706585,30568,0.4295438572339477
713,0.4332216614346254,0.43160302971740117,0.0018421108794944745,0.0001,2.2152780589000555e-06,0.0024051517023861105,0.00036445274133321,30274,0.4332216614346254
714,0.4345491431570028,0.43172699318652075,0.0019047974467668218,0.0001,2.3225345478548463e-06,0.002438615771768369,0.0003756432695039673,30214,0.4345491431570028
715,0.4293040204584234,0.431817912265837,0.0018388843844056278,0.0001,2.2508812191041034e-06,0.0024480943317506526,0.0004032207388833068,30660,0.4293040204584234
716,0.4358621772960998,0.4319471121704772,0.0020726470103135746,0.0001,2.6069748636202316e-06,0.002515599473183634,0.00038811609074694846,30273,0.4358621772960998
717,0.4336995522806437,0.43203535201007753,0.001695138093623182,0.0001,1.9687636685904684e-06,0.002322835733556598,0.0003695751215895375,30399,0.4336995522806437
718,0.43667090081899873,0.4321584266562729,0.001886433697859983,0.0001,2.2462451676634697e-06,0.002381472691260409,0.00036200673110192965,30195,0.43667090081899873
719,0.43490355942294934,0.43227939307230817,0.0019037478892029553,0.0001,2.236906669464063e-06,0.002350003046254819,0.00031878371757332845,30267,0.43490355942294934
720,0.43067525020716885,0.4324105304676449,0.0019751276274536595,0.0001,2.392251289203175e-06,0.00242237641350526,0.0003264526121979467,30569,0.43067525020716885
721,0.4340271324791385,0.43255062069042627,0.002096522916572938,0.0001,2.6143521041044e-06,0.002493988578362813,0.0003405843158223786,30407,0.4340271324791385
722,0.4299608708727649,0.43269215472073314,0.002008543712429439,0.0001,2.4072778911184615e-06,0.0023970380890607885,0.00031650749263371756,30453,0.4299608708727649
723,0.4318462114803565,0.4328348092312932,0.00208103102168301,0.0001,2.5078325871734843e-06,0.0024101827998174704,0.00033717180534381,30378,0.4318462114803565
724,0.4321319113553139,0.4329674195300319,0.0020787551185001488,0.0001,2.5745952212607297e-06,0.002477054847247555,0.0003332966895653604,30442,0.4321319113553139
725,0.4340969583210028,0.43309611349467014,0.0020196089609656057,0.0001,2.457681839658778e-06,0.002433819503834764,0.0003158884638276112,30202,0.4340969583210028
726,0.43369618781320696,0.43319198741245557,0.0018291999402790192,0.0001,2.2712497979871018e-06,0.002483325904373968,0.00031959685742136276,30353,0.43369618781320696
727,0.43400776532560736,0.43331452379406277,0.001860246601073702,0.0001,2.0510606363177916e-06,0.0022051491830534244,0.00031909217123762585,30189,0.43400776532560736
728,0.43509515400377774,0.4334314526725626,0.002018790424495447,0.0001,2.6311730375274417e-06,0.0026066827002956938,0.00033209096709328143,30107,0.43509515400377774
729,0.4357041387641406,0.4335690880608349,0.0020592411676903623,0.0001,2.4557549370877536e-06,0.0023851066845580983,0.000337993589342532,30205,0.4357041387641406
730,0.433949665080148,0.43367103028000165,0.0017997243670986947,0.0001,2.285723570382266e-06,0.0025400818171585266,0.00033124306374876934,30097,0.433949665080148
731,0.4375450289123678,0.4338109931742167,0.0021485947050378777,0.0001,2.7928694582400004e-06,0.0025997173424019623,0.00033188947292916353,30142,0.4375450289123678
732,0.4359705776259513,0.43394377548257745,0.0019393364612467863,0.0001,2.2689326060052786e-06,0.0023399060981368815,0.00031869435600176735,30069,0.4359705776259513
733,0.43329104468947066,0.4340907007281377,0.0021262625672534004,0.0001,2.7105276867969203e-06,0.0025495700564378034,0.000346115186162184,30366,0.43329104468947066
734,0.43682572189368274,0.43421305444785835,0.0018777185386868104,0.0001,2.1870272002214216e-06,0.002329451571321149,0.0003406921414668399,30115,0.43682572189368274
735,0.4399827593061051,0.43434172913819125,0.0020042023053530914,0.0001,2.384530011485705e-06,0.0023795302551212353,0.000316320264488807,29892,0.4399827593061051
736,0.43499493023631797,0.4344819757672864,0.0020678736700928276,0.0001,2.4838856180987863e-06,0.002402357217486389,0.0003484112909418032,30256,0.43499493023631797
737,0.43023984482716504,0.4346002714763597,0.0018197439403716809,0.0001,1.977548761130258e-06,0.0021734362920602397,0.0003202169645747795,30476,0.43023984482716504
738,0.4316009190605446,0.43472064242631475,0.002060408592729986,0.0001,2.5777208541416145e-06,0.0025021453154844436,0.00034159410314128953,30409,0.4316009190605446
739,0.43224235698489827,0.434839975124955,0.0019114166197747983,0.0001,2.2746531093685043e-06,0.002380070452287374,0.0005256271404246859,30277,0.43224235698489827
740,0.4352562517677905,0.43505112099958126,0.0001,0.007758327940186181,2.0315016948623316e-06,0.0022049230349601755,0.0005236957526220735,30197,0.4352562517677905
741,0.43557335422850596,0.43517083779116716,0.0018584577732343151,0.0001,2.132987350410891e-06,0.0022954380574370607,0.0005122442575122745,29990,0.43557335422850596
742,0.4365971760291215,0.4352682553379991,0.0018846736518164187,0.0001,2.2623858033837436e-06,0.0024008249929140697,0.0005093555485381359,29985,0.4365971760291215
743,0.4401288873570136,0.43547786196002414,0.0001,0.007769308352589774,1.9955501657979656e-06,0.0022502652303046265,0.0005137008534698667,29793,0.4401288873570136
744,0.4345887201155769,0.4356848690262346,0.0001,0.00774127972978796,1.9556499059504824e-06,0.002170666274507327,0.0005052523547044201,30201,0.4345887201155769
745,0.43190010663025674,0.4357718379350296,0.0017923461517233656,0.0001,2.153547912306048e-06,0.002403049109944953,0.0005203722299026356,30407,0.43190010663025674
746,0.43467528498908226,0.43599145992986643,0.0001,0.008322172045784209,2.2282075847740938e-06,0.0024552693123909845,0.0005354870273086565,30238,0.43467528498908226
747,0.43856876477968465,0.4361178663102909,0.002091208057586214,0.0001,2.560106936087406e-06,0.002448447849844669,0.0005172876112699305,29874,0.43856876477968465
748,0.4355702501482277,0.43623150759211754,0.00197797943722906,0.0001,2.5268781956791257e-06,0.002555009569987254,0.0005244976480185196,29857,0.4355702501482277
749,0.4385136358401449,0.43628769210572005,0.0016253567301765719,0.0001,1.9096578120460472e-06,0.002349832226478171,0.00033791789396816975,29972,0.4385136358401449
750,0.43661083184705296,0.436406628730808,0.0018445038458254177,0.0001,2.002346456823056e-06,0.002171149126476344,0.00034320226680514956,30188,0.43661083184705296
751,0.4374624509186697,0.4365148532958243,0.0018007860842385323,0.0001,1.9685399527112743e-06,0.0021863118223102848,0.00032959955973805986,30006,0.4374624509186697
752,0.43196595636622237,0.43663011715274525,0.0018401577828968555,0.0001,1.98959956725229e-06,0.0021624227941151614,0.00036525113664023323,30375,0.43196595636622237
753,0.44336464961072153,0.43668914648693224,0.0016372344750301333,0.0001,1.935006583047249e-06,0.0023637501073407773,0.00034697844869130775,29541,0.44336464961072153
754,0.44015576194459693,0.4367680665635741,0.0017417953584055188,0.0001,2.102721463977951e-06,0.0024144299774720174,0.000354659373894611,29831,0.44015576194459693
755,0.4348445397088182,0.4368537565644869,0.0018598268175743374,0.0001,2.208265601382607e-06,0.0023747002468355815,0.0003569196468939781,30137,0.4348445397088182
756,0.43410773309245604,0.4369691458634662,0.0019403208846890455,0.0001,2.267133371176683e-06,0.002336864370286889,0.00037130578572335026,30194,0.43410773309245604
757,0.43771004766761457,0.43701936522915685,0.0015853000572373876,0.0001,1.9721380496564853e-06,0.0024880312602690727,0.00035494782633263826,29981,0.43771004766761457
758,0.43688546488808233,0.43714413653099227,0.001941150796947198,0.0001,2.2918594474667744e-06,0.0023613409644125823,0.00034490311936904636,29965,0.43688546488808233
759,0.4387794542654416,0.4371705665232294,0.0016118135906447286,0.0001,1.9717153023671383e-06,0.002446579820162018,0.00017518778633672408,29905,0.4387794542654416
760,0.43019453444331546,0.43727881564127846,0.0018449112899492834,0.0001,2.0493732592347576e-06,0.0022216496483048725,0.00020879817048877382,30399,0.43019453444331546
761,0.4381118734603061,0.4373833909787302,0.0018842044453267388,0.0001,2.104996600245752e-06,0.002234361144266089,0.00017511393725323654,29945,0.4381118734603061
762,0.4380245600505478,0.43748843917301916,0.0018433078634745507,0.0001,2.1537200216934116e-06,0.0023367990386953027,0.00019146125445527166,29880,0.4380245600505478
763,0.4369109416780005,0.4375708669542371,0.0017752247137790271,0.0001,2.0123515372949672e-06,0.002267151332082521,0.00018840272781045866,30059,0.4369109416780005
764,0.43439634355148427,0.43771353004167357,0.0020899940770349175,0.0001,2.4430550751496027e-06,0.002337858371939096,0.00017369214666343962,30120,0.43439634355148427
765,0.43867582974438735,0.4377899094728847,0.0018014978967780095,0.0001,2.249781638129709e-06,0.00249767889505001,0.00017608412387804215,29870,0.43867582974438735
766,0.4328427410075104,0.4379303482992929,0.0020868066143449582,0.0001,2.375973139090474e-06,0.0022771378265314573,0.00019685482926871467,30269,0.4328427410075104
767,0.4389799979616509,0.43799966832316883,0.0015139792125463869,0.0001,1.6238166091144678e-06,0.0021450976283661693,0.00018924740509773858,29824,0.4389799979616509
768,0.4306693871767082,0.43807038242451773,0.0016501261456488905,0.0001,1.8567215780704442e-06,0.002250399562441104,0.0001729425635514475,30212,0.4306693871767082
769,0.43605628179659106,0.43820824947201475,0.002020761208213875,0.0001,2.3067559209599584e-06,0.002283056416150101,0.00031828650479678465,30057,0.43605628179659106
770,0.43793436255393914,0.4383094025002166,0.0017427486130862492,0.0001,1.936038103803186e-06,0.0022218214253800364,0.00029534406905230495,29887,0.43793436255393914
771,0.4380084452799082,0.438360322285553,0.001729275855526446,0.0001,2.127056007443795e-06,0.002460054016999217,0.00033620963534769483,30009,0.4380084452799082
772,0.4354523705951683,0.4384646804675838,0.001868328998374991,0.0001,2.1952820923306654e-06,0.002349995203457257,0.00030773829512634204,30143,0.4354523705951683
773,0.43936954835874675,0.4385774645769695,0.002083857590547365,0.0001,2.568577066770888e-06,0.002465213629206017,0.00033923529120643555,29857,0.43936954835874675
774,0.4392903974737995,0.4386718859188396,0.0017410302384405993,0.0001,2.048353866629237e-06,0.0023530365198756115,0.0003112786826533658,29929,0.4392903974737995
775,0.43820870429524056,0.43879584341507705,0.0019322245766858741,0.0001,2.145052211090583e-06,0.0022202928551604984,0.0003294207766592952,29918,0.43820870429524056
776,0.43993269429674975,0.4388541197815084,0.0015274758799013776,0.0001,1.7024331861862355e-06,0.0022290802867488213,0.00033830303430596907,29871,0.43993269429674975
777,0.4425495686818116,0.4389552670607104,0.00197158707165351,0.0001,2.308370576505233e-06,0.002341636958056611,0.00032691273660666374,29621,0.4425495686818116
778,0.44135342337711037,0.4390428113021325,0.0017846364344134796,0.0001,1.914350779045494e-06,0.0021453678095221056,0.00031530875375283465,29749,0.44135342337711037
779,0.4359532857537467,0.4391468376799687,0.0019628278862702385,0.0001,2.325450978985699e-06,0.0023694904634807452,0.0004178551833689518,30196,0.4359532857537467
780,0.441381221273635,0.439245654248724,0.0019728051791058653,0.0001,2.313864329078696e-06,0.002345760598750464,0.0004155939765208779,29691,0.441381221273635
781,0.43458613384213846,0.43937382637674716,0.002028624879553844,0.0001,2.424864587105194e-06,0.0023906485733710373,0.0004195008483946147,30205,0.43458613384213846
782,0.43176979022604467,0.43948259584948535,0.0018979526952740645,0.0001,2.308533425259529e-06,0.002432656441867932,0.0004106848517267141,30369,0.43176979022604467
783,0.43767384394398656,0.43969969703467515,0.0001,0.010143208559295232,2.0763257182543397e-06,0.002145286907162579,0.00040940215438074496,29892,0.43767384394398656
784,0.43670487877370384,0.4399279814711533,0.0001,0.010825482686793057,2.328890691204537e-06,0.002297881598481076,0.0004302608499934606,30055,0.43670487877370384
785,0.4407382773631127,0.44014809002710537,0.0001,0.010540131126188502,2.145312672489188e-06,0.0023204542580500176,0.0004070751391619492,29727,0.4407382773631127
786,0.4428897759212911,0.4403631061654828,0.0001,0.010494802259016224,2.0885319666024747e-06,0.002241751278254135,0.00039801263807675636,29635,0.4428897759212911
787,0.4438402823542167,0.4405831196546201,0.0001,0.010793978189974605,2.1628184942623213e-06,0.002269440419003901,0.00040074538899312155,29445,0.4438402823542167
788,0.4416480512703972,0.4408036395507332,0.0001,0.010991917508524083,2.183968045701193e-06,0.0023286461088466042,0.0003973770807518443,29556,0.4416480512703972
789,0.442980799424654,0.44088128778765057,0.0018716249284565988,0.0001,2.2200640960183644e-06,0.0023723386692109296,0.0002848935227616316,29519,0.442980799424654
790,0.4456198895020934,0.44100881526076896,0.002010133344733575,0.0001,2.187864125903624e-06,0.002176834817088819,0.00026904443260878584,29431,0.4456198895020934
791,0.43941973268184287,0.44111163516979546,0.0019499022572675901,0.0001,2.303250800122407e-06,0.0023624269283630314,0.0003164020734197851,29801,0.43941973268184287
792,0.43869871169024643,0.44120404367893773,0.0017960033412242162,0.0001,2.081297881437176e-06,0.002317699342383733,0.0002910799011338398,29600,0.43869871169024643
793,0.4432421591117519,0.4413076120193089,0.001860713469618236,0.0001,2.0285923098919607e-06,0.0021804456656168225,0.0002661528967655332,29568,0.4432421591117519
794,0.43672276038011953,0.4413693822036639,0.0016075454776890408,0.0001,1.7981638066796277e-06,0.0022371545087043056,0.00029829964014290486,29992,0.43672276038011953
795,0.43988643348113504,0.44147638997443023,0.0018242382301159904,0.0001,2.0135988139178588e-06,0.0022076051040656334,0.00029465767297605057,29792,0.43988643348113504
796,0.443034598272219,0.44160179899349444,0.001984694267913723,0.0001,2.185243084711131e-06,0.0022020954260206756,0.0003034985499837171,29613,0.443034598272219
797,0.4399159146869773,0.44165458929456414,0.0017366288801867933,0.0001,2.039844264737936e-06,0.002349199979351407,0.0003046462740230858,29840,0.4399159146869773
798,0.4410654221783712,0.4417000728734327,0.001568095729656027,0.0001,1.7528620996324984e-06,0.0022356570029267303,0.00029663904061480396,29795,0.4410654221783712
799,0.43994480560598104,0.4417650071269663,0.0018032725154948797,0.0001,2.2158394367161697e-06,0.0024575757881032945,0.0002698967994466257,29650,0.43994480560598104
800,0.44072828103264505,0.4418470725043304,0.0017816407896550897,0.0001,2.1493341144349105e-06,0.002412758090087287,0.00029241586351623006,29611,0.44072828103264505
801,0.43963164073440764,0.44193007225707504,0.0015842153361140142,0.0001,1.729333969829144e-06,0.002183205692315916,0.00028070683234558843,29708,0.43963164073440764
802,0.44791474441431134,0.441968980981524,0.0014741170138605334,0.0001,1.6832738747979342e-06,0.0022837723993017955,0.00027002046333057816,29072,0.44791474441431134
803,0.44198144660514516,0.44207865543605085,0.001898425194811239,0.0001,2.0704459552615617e-06,0.002181224691834567,0.0002906331348279091,29613,0.44198144660514516
804,0.4359071826996818,0.44217801835553405,0.0019147329179736506,0.0001,2.187788264209239e-06,0.0022852150748257478,0.0002994526079155424,29991,0.4359071826996818
805,0.43942572115663436,0.44226022288280953,0.0018900871324116558,0.0001,2.2548962926391083e-06,0.0023860236430073723,0.000280060880734304,29849,0.43942572115663436
806,0.43971026786511225,0.4423607802243399,0.0018800115309008044,0.0001,2.1150592498181637e-06,0.002250049231139275,0.0002886386104241596,29863,0.43971026786511225
807,0.4462826602452985,0.442475064282454,0.0020189303633327297,0.0001,2.304225889333258e-06,0.002282620471891442,0.000286700937491446,29488,0.4462826602452985
808,0.44362641597585917,0.44256473714716194,0.0018006631282715547,0.0001,1.9485260418234896e-06,0.0021642316224843978,0.00028954032307319214,29410,0.44362641597585917
809,0.4413087421743902,0.44279413189388916,0.0001,0.022991241888180493,2.3107461616371647e-06,0.002239880819099981,0.0002010109913049186,29719,0.4413087421743902
810,0.4396082948770236,0.4430122466510169,0.0001,0.022354789359388214,2.0806272556655793e-06,0.002324263349408235,0.00018614599513475528,29761,0.4396082948770236
811,0.4444606264001354,0.44323561018373026,0.0001,0.023585374661446386,2.2188521261738385e-06,0.002343692755425367,0.00018815491871756145,29418,0.4444606264001354
812,0.440608051790045,0.44346153797993504,0.0001,0.02424011194031352,2.234453494605149e-06,0.0021470557767993147,0.00018435999801544225,29693,0.440608051790045
813,0.44210336063376365,0.44368522191710646,0.0001,0.024780895981515484,2.227132253203496e-06,0.002098833187485471,0.00017974590223571852,29702,0.44210336063376365
814,0.44377769268381556,0.44379055853670113,0.002062676891024375,0.0001,2.4640039972595394e-06,0.00238913230470707,0.00017533435895226957,29557,0.44377769268381556
815,0.4437268462483443,0.4440152146609432,0.0001,0.025402379493581394,2.2284044764379324e-06,0.0021485988786119105,0.00017544848324157973,29371,0.4437268462483443
816,0.44328572135126765,0.44424340574599963,0.0001,0.026383162838789637,2.273983747152676e-06,0.002087519025846301,0.00017238143592165298,29558,0.44328572135126765
817,0.442645960550223,0.4444711101923652,0.0001,0.027036853710080203,2.264441652532595e-06,0.00221114287313256,0.00016750777859099328,29360,0.442645960550223
818,0.44510166143923574,0.4446953953493142,0.0001,0.027658400098299084,2.2401268805312028e-06,0.002169763204782452,0.00016198528277627772,29305,0.44510166143923574
819,0.4472544516563125,0.4448100477271858,0.0018891477074159284,0.0001,2.0371163265533045e-06,0.0021566511909646017,0.0003539026541693559,29284,0.4472544516563125
820,0.449667398286418,0.4448761205978561,0.0016827940436438575,0.0001,1.7858365685940837e-06,0.0021224659967622674,0.00037145751225545795,29152,0.449667398286418
821,0.4449013260047643,0.4449805036364247,0.0018051812051565446,0.0001,1.9968060514909006e-06,0.002212305386059832,0.000379124153466115,29428,0.4449013260047643
822,0.43518823389349903,0.44506980518928174,0.0017980590547254244,0.0001,1.912304833471545e-06,0.0021270767814281456,0.00034746098351106383,29985,0.43518823389349903
823,0.4438294851144426,0.44515062110961934,0.0015884060609251808,0.0001,1.6802529824830525e-06,0.0021156466520964733,0.0003592652573742995,29447,0.4438294851144426
824,0.44421085092915635,0.4452787532527068,0.00199450111817246,0.0001,2.1056090413811897e-06,0.0021114142501063495,0.0003646740466616583,29471,0.44421085092915635
825,0.4458255047583904,0.44535719946596247,0.0016910777484436953,0.0001,1.8721136028704346e-06,0.0022141070741346423,0.0003762656731040616,29188,0.4458255047583904
826,0.4502768937544122,0.4454189227272148,0.00145353358693732,0.0001,1.5431206917110205e-06,0.002123268021570063,0.00035356086722807586,28970,0.4502768937544122
827,0.44577949074334283,0.4454911385755801,0.0016491135776449365,0.0001,1.825479336486743e-06,0.0022138915854342436,0.0003588229847828395,29324,0.44577949074334283
828,0.444070231780166,0.44554877714897423,0.0016306073625610166,0.0001,1.7941653800324643e-06,0.002200609933729926,0.00036570466657650255,29341,0.444070231780166
829,0.4492086366631842,0.44565552078585235,0.0018388898871461825,0.0001,1.948563658964873e-06,0.002119282587375469,0.0002309163425275571,29195,0.4492086366631842
830,0.4491616651326646,0.44575502584138726,0.0017584341791829394,0.0001,1.8595800980044964e-06,0.002115040892652069,0.00024000111360964225,29249,0.4491616651326646
831,0.44696378033877737,0.44580937708578416,0.001620544750827443,0.0001,1.824321169570108e-06,0.002251491257663348,0.00023421086588273527,29220,0.44696378033877737
832,0.44315024588473206,0.44588514763823384,0.0017082672804648237,0.0001,1.949317115516209e-06,0.002282215596830719,0.00023587414917357785,29545,0.44315024588473206
833,0.4450184936855881,0.44593149754281125,0.0015684328380544032,0.0001,1.8615690834774668e-06,0.002373795088078736,0.00023159577360220993,29418,0.4450184936855881
834,0.44611535978968686,0.44605521706711415,0.0019592097553702073,0.0001,2.0412618088786783e-06,0.00208376035621869,0.00023199965583841844,29268,0.44611535978968686
835,0.44528657628519963,0.4461239017579721,0.001611889359904909,0.0001,1.8063165683461186e-06,0.002241241382042101,0.0002249133834704553,29263,0.44528657628519963
836,0.44795206936519705,0.4461902147482041,0.0016388274798726156,0.0001,1.789186662046305e-06,0.002183496047046241,0.0002397767082290748,29240,0.44795206936519705
837,0.44344996257648306,0.4462740397228364,0.0018750626693833244,0.0001,2.2621961779266525e-06,0.0024129286075229156,0.00021736090637164854,29421,0.44344996257648306
838,0.4416541208210257,0.44630804571297605,0.0015486668885288453,0.0001,1.7475610802784882e-06,0.0022568585836281194,0.00022680702904262162,29834,0.4416541208210257
839,0.4474510788169108,0.44636486129977615,0.001582376511985797,0.0001,1.7769146863760748e-06,0.002245881018729408,0.00011535745932023786,29027,0.4474510788169108
840,0.44261678094512913,0.44644409284209424,0.001774002920045813,0.0001,1.931476511521795e-06,0.002177534760170423,0.000125282440515583,29603,0.44261678094512913
841,0.4483927341017555,0.4465275820767056,0.0018461774902239925,0.0001,2.0553376029056128e-06,0.0022265872201228526,0.00012171367527050468,29079,0.4483927341017555
842,0.44536378532062804,0.4466258635420489,0.0018460763867621758,0.0001,1.949772288552129e-06,0.002112341940489066,0.00012636874507231127,29479,0.44536378532062804
843,0.4465082259654412,0.44671275177794173,0.0018888673558952159,0.0001,2.1027167562249732e-06,0.002226431358096509,0.000117362410383648,29291,0.4465082259654412
844,0.4494239586901865,0.44678530613246176,0.0017373710829052245,0.0001,1.997553101660392e-06,0.0022995123164132464,0.00011623670134635393,29066,0.4494239586901865
845,0.44967083297959576,0.4468754325467354,0.001968186669047959,0.0001,2.2224957365133343e-06,0.0022584196625906293,0.00012169207475822783,28979,0.44967083297959576
846,0.44719600930020054,0.44689745497265554,0.0014732740569719648,0.0001,1.6768079046968056e-06,0.0022763014074152176,0.00011647091188689919,29126,0.44719600930020054
847,0.44385409127515874,0.44697820302557334,0.0017439264839560478,0.0001,1.8805865507396581e-06,0.002156726866689473,0.00011503364490540938,29449,0.44385409127515874
848,0.4436610978196117,0.4470174298572962,0.0015280702074953723,0.0001,1.6994494299864485e-06,0.0022243080476936723,0.00012811688126401405,29503,0.4436610978196117
849,0.4524145404863119,0.44709160636533296,0.0017125666813361281,0.0001,1.8126898999256564e-06,0.002116927673159463,9.425516390549765e-05,28807,0.4524145404863119
850,0.4510685443177408,0.4472006391567639,0.0018949274366670218,0.0001,1.9999307329683867e-06,0.0021108256646344783,9.62992146375075e-05,28867,0.4510685443177408
851,0.4459974648545623,0.4472585734094427,0.0016950646935276641,0.0001,1.7946658906766265e-06,0.0021175190510772522,0.00010946904789135689,29461,0.4459974648545623
852,0.4441355629103866,0.4473438139322993,0.001772899024095745,0.0001,1.979921343571719e-06,0.0022335410157739407,0.00011326122374200439,29499,0.4441355629103866
853,0.449825829996143,0.4474080637506528,0.0015834601070511363,0.0001,1.639969133258668e-06,0.002071374107823617,0.00011856176732139641,28848,0.449825829996143
854,0.44613548738996056,0.44750570516694455,0.0018360127244385074,0.0001,1.9322262396399295e-06,0.0021048070243966815,0.00010520125789598399,29389,0.44613548738996056
855,0.4487691764403896,0.4475822956548373,0.0018417559665130183,0.0001,2.0761275947149444e-06,0.002254508884416061,9.931535739614465e-05,29090,0.4487691764403896
856,0.44857563807072265,0.44765546108445264,0.001675029180772703,0.0001,1.7672610131134572e-06,0.002110125642465771,0.00010855591842086949,29155,0.44857563807072265
857,0.4532831362714591,0.4477462690577968,0.001773049768904742,0.0001,1.892672175026554e-06,0.00213493406470559,0.00010633279155559657,28884,0.4532831362714591
858,0.4475502487687897,0.44783961741528333,0.0017780590845623472,0.0001,1.8610879816929454e-06,0.002093392731266897,0.00011140603625237519,29167,0.4475502487687897
859,0.4482727396998497,0.44792352492562265,0.0017686559551563787,0.0001,1.8222182621721104e-06,0.0020605683732436205,0.00016256632312124385,29101,0.4482727396998497
860,0.44792085328496467,0.44799532519822116,0.0018038451903941983,0.0001,2.0101754264640146e-06,0.002228767121667161,0.00017062855581197417,29228,0.44792085328496467
861,0.4485273377693084,0.44807133938254984,0.0017102200161425646,0.0001,1.802553395414829e-06,0.0021079783634862653,0.00015912897803476968,29222,0.4485273377693084
862,0.4487256341462524,0.44816375139135933,0.001856750428698679,0.0001,1.968015427114916e-06,0.0021198491694914734,0.0001630532667238926,29141,0.4487256341462524
863,0.4470000744764173,0.4482650692220459,0.0017455721233978203,0.0001,1.7835551804356587e-06,0.002043519321291524,0.00016016529432079124,29149,0.4470000744764173
864,0.4441753285280291,0.44832284260613253,0.0015940881240038343,0.0001,1.6867211423416682e-06,0.00211622069939919,0.0001478184399957704,29560,0.4441753285280291
865,0.4432121449811152,0.4483776709759424,0.0016335913972838467,0.0001,1.8297132895114367e-06,0.00224011131859984,0.00016194210377137264,29474,0.4432121449811152
866,0.44653162393552037,0.44843306964986596,0.0017083733031248805,0.0001,1.9144245961347935e-06,0.002241225138127614,0.0001657411506602487,29279,0.44653162393552037
867,0.4490070563318878,0.44852803060158025,0.0018048905096992428,0.0001,1.95537781086669e-06,0.0021667550473103477,0.00016623314726251287,29058,0.4490070563318878
868,0.45037858483070703,0.44861355474452336,0.0018504023092549354,0.0001,2.10346713805753e-06,0.0022735241169305406,0.00016040928786985545,29069,0.45037858483070703
869,0.4473530166514353,0.4486774501209692,0.0016229306332923867,0.0001,1.7294416817679044e-06,0.0021312576721279116,0.0004069127912747236,29148,0.4473530166514353
870,0.45150915687005244,0.44878997056286246,0.002047748464483586,0.0001,2.2559413031820323e-06,0.0022033382930661356,0.00042748604720062615,28915,0.45150915687005244
871,0.4509395522270989,0.44896179512291323,0.0001,0.008188347640780207,1.6819389520264122e-06,0.0020820181956947527,0.0004108127856345269,29032,0.4509395522270989
872,0.44402507678734304,0.4490581072624916,0.0017912318532864436,0.0001,1.8956601256127686e-06,0.002116599391792555,0.00041485795526042987,29528,0.44402507678734304
873,0.4455511994826114,0.44922879122468584,0.0001,0.00818416906145049,1.6552393052189546e-06,0.002001543676524063,0.0004044978281339644,29285,0.4455511994826114
874,0.4483602066768314,0.44940160209865465,0.0001,0.008423164473665869,1.7256970808718365e-06,0.0020911600294220684,0.0004097502990157787,29027,0.4483602066768314
875,0.4446563544200256,0.4495739282302643,0.0001,0.008459760849943694,1.7048016346243342e-06,0.0021508610726128294,0.00040303778436849797,29336,0.4446563544200256
876,0.447465473220626,0.44974565815777967,0.0001,0.008518018362360132,1.7052849317843102e-06,0.002034057213792617,0.00040039475362478973,29213,0.447465473220626
877,0.4439074294053389,0.4498373984844336,0.0018851305813473824,0.0001,2.008560422723516e-06,0.002130950972412651,0.00041428913746603994,29351,0.4439074294053389
878,0.4501009317929477,0.4500076750571397,0.0001,0.008593448981045694,1.7058694908011368e-06,0.0021620448313991263,0.0003970162607734614,28898,0.4501009317929477
879,0.4514162936538971,0.4501039009465732,0.0018700418376360955,0.0001,1.9382572945867995e-06,0.002072956075717465,0.00018460623317208302,28859,0.4514162936538971
880,0.4522253307273342,0.4501864067391239,0.0018208505556429105,0.0001,2.0598180040605504e-06,0.0022624789252221355,0.00017069856960321203,28850,0.4522253307273342
881,0.4514576479279209,0.45026567906048587,0.0018268523017093432,0.0001,2.0826256215679532e-06,0.002280015324303217,0.0001759263618326115,28720,0.4514576479279209
882,0.4566314892634205,0.45035625034076604,0.001783547855708357,0.0001,1.879749087862499e-06,0.0021078762555725586,0.0001648167552489451,28539,0.4566314892634205
883,0.4519772773493317,0.4504389195920946,0.001745165068558276,0.0001,1.7504636256108578e-06,0.002006072270352006,0.00016553523986996484,28887,0.4519772773493317
884,0.45652613008188103,0.4505026821766555,0.0016650800614456944,0.0001,1.677680714237579e-06,0.002015135191494569,0.0001567048361141649,28457,0.45652613008188103
885,0.4554799395493887,0.45058340794792917,0.0017770198623634156,0.0001,1.7992172767074132e-06,0.002024982741964938,0.00018191817668876338,28535,0.4554799395493887
886,0.4503890406746202,0.450666679394489,0.0017877685586890784,0.0001,1.8086363594938257e-06,0.0020233450808868113,0.00016590473934957904,28827,0.4503890406746202
887,0.45148523828940135,0.4507425640599756,0.0017987641712167472,0.0001,1.9224949498931166e-06,0.0021375730967475005,0.00017772824513914053,28895,0.45148523828940135
888,0.45054390761951035,0.45085042836109,0.002070950710029881,0.0001,2.3105448260711244e-06,0.0022313856287171476,0.0001712757089119163,29014,0.45054390761951035
889,0.45668611272768067,0.4509231989828103,0.0015407054572571944,0.0001,1.4842038896601003e-06,0.0019266549393578704,0.00019814070601909214,28509,0.45668611272768067
890,0.45341696330773085,0.450977616340795,0.0016083364793985746,0.0001,1.6759536963765202e-06,0.002084083421403499,0.000194856694552856,28624,0.45341696330773085
891,0.4503311675239044,0.45108486489302024,0.0019775979125807672,0.0001,2.101852123147243e-06,0.002125661753358471,0.00020702181219195862,28911,0.4503311675239044
892,0.44468361225611597,0.45116220068682555,0.0017256368722508388,0.0001,1.8902989988575255e-06,0.0021908421513871677,0.0002068977857283742,29355,0.44468361225611597
893,0.4539561479590176,0.45123001365559723,0.0016273081230897542,0.0001,1.6719608540735787e-06,0.0020548792577757716,0.00020126986429984598,28660,0.4539561479590176
894,0.4500009880710769,0.45129896789064106,0.0016468965618958204,0.0001,1.6799721890000297e-06,0.0020401672185970613,0.00018570053323226185,28993,0.4500009880710769
895,0.4455786380112837,0.4513545142477464,0.0015910350090257502,0.0001,1.6101969808515537e-06,0.002024087429524931,0.0002125230261222205,29302,0.4455786380112837
896,0.454914936210289,0.4514336947733213,0.0018188929488731028,0.0001,1.8681118110215558e-06,0.0020541195810110176,0.0001949391390931943,28529,0.454914936210289
897,0.4476997854374599,0.4514979538066737,0.0018109788940689432,0.0001,1.9446265228469206e-06,0.002147597113600474,0.00019648991636128952,29140,0.4476997854374599
898,0.4568454954333324,0.45154136645336856,0.0015677146121220822,0.0001,1.6450460297143015e-06,0.0020986549681865146,0.00020097851571855435,28428,0.4568454954333324
899,0.4496136079417175,0.45158412800087233,0.0015753934089834374,0.0001,1.6506069189117545e-06,0.002095485368288865,0.00027429329586054445,28770,0.4496136079417175
900,0.45066621029813564,0.4516287006177452,0.0016580122588044461,0.0001,1.651291008879461e-06,0.0019918924002047707,0.0002735460699593193,28913,0.45066621029813564
901,0.44957564112089693,0.4516706160339342,0.0014529929889908688,0.0001,1.3802090279324172e-06,0.001899815124216117,0.0002481686885015631,28917,0.44957564112089693
902,0.4551538291746373,0.4517755399992487,0.0019430318233437994,0.0001,1.9813771284363857e-06,0.002039469559511998,0.00026454343354269394,28550,0.4551538291746373
903,0.44942141871387176,0.45182022056378535,0.001379342465888851,0.0001,1.3776120584841959e-06,0.0019974909676930153,0.0002609178325594818,28963,0.44942141871387176
904,0.45244671182103086,0.45187795829077093,0.001745917742159246,0.0001,1.8109577204277763e-06,0.0020745052034216605,0.0002698249083133178,28749,0.45244671182103086
905,0.452477149725006,0.4519693531935459,0.0018592174901421686,0.0001,1.9435140115205426e-06,0.0020906795701151975,0.0002777388974613685,28902,0.452477149725006
906,0.45476755640499295,0.45203577542872886,0.0017399854016856412,0.0001,1.8042126486074706e-06,0.0020738250411292047,0.0002613167170482872,28570,0.45476755640499295
907,0.4516690195471106,0.4521007015960472,0.0017526050203609323,0.0001,1.8520792023717475e-06,0.0021135158017410328,0.0002625183331296958,28851,0.4516690195471106
908,0.45382832960610253,0.45217255255571664,0.0016861194900356837,0.0001,1.734978030195581e-06,0.0020579538288343527,0.0002512477030424092,28752,0.45382832960610253
909,0.45432059947327674,0.45224747049955305,0.0016908030789698188,0.0001,1.742097062192708e-06,0.0020606741067140024,0.00020391956177935388,28490,0.45432059947327674
910,0.45201412447809214,0.4523269393127327,0.0017445040093588518,0.0001,1.976733027021459e-06,0.0022662407382462325,0.00020277144523101547,28833,0.45201412447809214
911,0.4510895529803449,0.4524032866497232,0.001742078606734491,0.0001,1.704748807121224e-06,0.0019571433809370507,0.00020325688768484752,28774,0.4510895529803449
912,0.4513335076932159,0.4524613145033748,0.001610686777352659,0.0001,1.6854080988278658e-06,0.0020927819393886373,0.00020680132489560125,28998,0.4513335076932159
913,0.4548779214041486,0.45255719547644613,0.0019935727660338907,0.0001,2.250335393879185e-06,0.0022575904248091326,0.0002078359071634923,28710,0.4548779214041486
914,0.45490481237718666,0.45263210233840095,0.001627228413798883,0.0001,1.6151709347620032e-06,0.0019851803484567596,0.00019825005151741137,28670,0.45490481237718666
915,0.4516413543613307,0.4526903567516393,0.0016625527346607262,0.0001,1.6901808532244091e-06,0.002033235780120167,0.00020129941374044793,28880,0.4516413543613307
916,0.4534445408512377,0.4527749793677256,0.001722891028798334,0.0001,1.6556736519736956e-06,0.0019219714123515743,0.00020170223216670768,28744,0.4534445408512377
917,0.4517307724459686,0.4527902555943667,0.001372925720039871,0.0001,1.4078236947415207e-06,0.0020508373820844962,0.00019089071909815053,28785,0.4517307724459686
918,0.4494338378477955,0.4528649391434111,0.0018350409318203854,0.0001,1.9080910979052e-06,0.002079616933680436,0.00019860926646439293,28910,0.4494338378477955
919,0.4490467377225059,0.4529280675254094,0.0015177617346685715,0.0001,1.4861068985952218e-06,0.001958287476419661,0.00032450594827285043,28958,0.4490467377225059
920,0.4533725070024898,0.4529322782003305,0.0012904905524404456,0.0001,1.3900519183624413e-06,0.002154300030687888,0.00029932023645620157,28614,0.4533725070024898
921,0.4555389311161194,0.45298252151571405,0.0014224550817817996,0.0001,1.3478473220117557e-06,0.0018951000130329756,0.0003212144813164942,28577,0.4555389311161194
922,0.45586830547189827,0.4530332619665278,0.001561776299131411,0.0001,1.5841165269477094e-06,0.0020286087422747073,0.00032285347426038076,28584,0.45586830547189827
923,0.45465785735192565,0.4530701524645513,0.0016188054690881863,0.0001,1.710345647959649e-06,0.0021130959594830422,0.0003202191927657985,28634,0.45465785735192565
924,0.4501011815850323,0.4531207987906771,0.0015768294139964162,0.0001,1.5652744406151372e-06,0.001985344041303754,0.00034351597205856273,28934,0.4501011815850323
925,0.4479157360259387,0.4531937111475025,0.0016953499138635366,0.0001,1.7894491748286621e-06,0.002111008659859111,0.00032804140268513865,29230,0.4479157360259387
926,0.4523164869223759,0.4532625307941818,0.0018495189358740205,0.0001,1.9421435692753738e-06,0.0021001607840879792,0.00031472497424173205,28603,0.4523164869223759
927,0.45870989547391583,0.4533151143977143,0.0015437512529528146,0.0001,1.5964669416034167e-06,0.00206829557359033,0.00031966120831922277,28340,0.45870989547391583
928,0.4547270464980656,0.4533281586987433,0.0013947620471168227,0.0001,1.4724887082742593e-06,0.00211145508485567,0.0003117309793604127,28483,0.4547270464980656
929,0.45577075440741865,0.45340429352382094,0.001730191142069227,0.0001,1.696021373798528e-06,0.00196050174175573,0.00011135626046175062,28629,0.45577075440741865
930,0.45559429022597187,0.4534950962922815,0.001827429438629462,0.0001,1.924766641736483e-06,0.002106529096061868,0.00011277961706030181,28622,0.45559429022597187
931,0.4497798098434326,0.4535666091667385,0.0017540081127539022,0.0001,1.880295992990591e-06,0.0021439991974021248,0.00012131534971030222,28917,0.4497798098434326
932,0.45237823647508,0.4536270951710111,0.0014495475097872775,0.0001,1.3863349637683064e-06,0.0019127830642429267,0.00011400770353022969,28901,0.45237823647508
933,0.45402252976650925,0.4537034831431719,0.0016942839370108769,0.0001,1.678304604174058e-06,0.0019811373613504114,0.00011989866364395997,28776,0.45402252976650925
934,0.4528809196784034,0.4537945426831099,0.0019302012588871724,0.0001,2.0023905004602543e-06,0.002074799704166291,0.00011171930388125172,28890,0.4528809196784034
935,0.45153814875472265,0.45389423589255357,0.0018856314166532011,0.0001,1.8359285685748412e-06,0.0019472825413923392,0.00011284841095475352,28823,0.45153814875472265
936,0.4575995504143709,0.45393705720794975,0.001806984443156093,0.0001,1.9742118584615695e-06,0.002185090044287704,0.00011242605257878773,28353,0.4575995504143709
937,0.4560202791331869,0.4539985306890997,0.0017866854107624992,0.0001,1.854212799990337e-06,0.0020755895680583405,0.00011268558935878742,28498,0.4560202791331869
938,0.45350530046694126,0.4540482245257881,0.0014998617208777467,0.0001,1.4690722242616066e-06,0.0019589435530121785,0.0001165136128617654,28525,0.45350530046694126
939,0.4560824900529102,0.4541357486041062,0.0018144629147953636,0.0001,1.7448254065973758e-06,0.0019232417398777845,0.0001435266418985767,28601,0.4560824900529102
940,0.4505054847136486,0.4542292753310478,0.0019382653982834967,0.0001,2.145769629008048e-06,0.0022141133313408104,0.00016172343268754355,28945,0.4505054847136486
941,0.45767557020124305,0.4542912916849267,0.0015869508876771442,0.0001,1.44484569285927e-06,0.0018209078857810447,0.0001450069980074636,28318,0.45767557020124305
942,0.4583124745990413,0.4543508434788491,0.0016037568874700044,0.0001,1.6372197591927036e-06,0.0020417306039140237,0.00014909039789811316,28448,0.4583124745990413
943,0.46018220212434957,0.4544294389663035,0.0017528932459829586,0.0001,1.776042778856348e-06,0.0020264129409208924,0.00016618788391125643,28159,0.46018220212434957
944,0.455147667075646,0.4545157415343648,0.0018947845802999607,0.0001,1.9437283623048403e-06,0.0020516615793834793,0.00014092836050867978,28594,0.455147667075646
945,0.44963949271210973,0.45456711188391397,0.001474279599818796,0.0001,1.4268098282822637e-06,0.0019356027560275993,0.00014642004978547498,28941,0.44963949271210973
946,0.45221821531652245,0.4546478826207795,0.001823945457156926,0.0001,1.8507434898102387e-06,0.0020293846864204855,0.00016184134095584892,28939,0.45221821531652245
947,0.45445773310587145,0.45470234882603694,0.00164550019268072,0.0001,1.6209676667619892e-06,0.0019701822873946138,0.0001405470821348935,28657,0.45445773310587145
948,0.4516783993459962,0.45474719106776906,0.001443416812340738,0.0001,1.4450350766638628e-06,0.0020022422689126096,0.00015827860250622574,28852,0.4516783993459962
949,0.45930726382443343,0.4548383056344021,0.001909709811873674,0.0001,1.9639904307107347e-06,0.0020568469811482032,0.00031677329373065976,28298,0.45930726382443343
950,0.449655309628414,0.4549802940932824,0.0001,0.008741693034857329,1.4287560866076838e-06,0.0020436297564347177,0.0003268831520188473,28963,0.449655309628414
951,0.4506921389290039,0.45502818826781505,0.001539884374151571,0.0001,1.5833450251776672e-06,0.002056446642040954,0.0003126309283709802,28995,0.4506921389290039
952,0.45315121313320617,0.4550519719946222,0.0015512840726391885,0.0001,1.5421736027080268e-06,0.001988254285476338,0.00033187119865784264,28792,0.45315121313320617
953,0.4563380578492991,0.4550936850900418,0.001553349251526117,0.0001,1.4628976617268842e-06,0.0018835399190357644,0.0003159986776425867,28362,0.4563380578492991
954,0.45532221535037687,0.45514614265583153,0.001619251405025232,0.0001,1.5586113147208333e-06,0.0019251010805163343,0.00031836100136256075,28594,0.45532221535037687
955,0.45426976119494034,0.45522340199294137,0.001806641132195513,0.0001,1.8717300626268008e-06,0.0020720551849189757,0.00030069508067756935,28468,0.45426976119494034
956,0.45588544206232495,0.45529900375364046,0.001961280704391336,0.0001,2.1216159885490316e-06,0.0021635005981537497,0.00033482747468043786,28600,0.45588544206232495
957,0.45262994127154543,0.45544648341197613,0.0001,0.009145872325523658,1.5286837579763009e-06,0.0019632995764523476,0.0003342893282492382,28798,0.45262994127154543
958,0.4582921185145774,0.4554952924331812,0.0015515237018723844,0.0001,1.546650690130536e-06,0.0019937184179191496,0.000299535497406758,28195,0.4582921185145774
959,0.4535560572868812,0.4556832196115051,0.0001,0.023473084182456954,1.855668832223805e-06,0.0019927499055652537,0.0001581103546342388,28755,0.4535560572868812
960,0.4584154788459687,0.4558759430354171,0.0001,0.02459026810224747,1.9403854917601728e-06,0.0021811090964328228,0.00015781735145724808,28207,0.4584154788459687
961,0.46045116355540877,0.4560751993317489,0.0001,0.02621671814685667,2.09735561486431e-06,0.001950582201162279,0.00016000138561323161,28197,0.46045116355540877
962,0.45438219108204253,0.45625575533126583,0.0001,0.02428300903248025,1.708929116137813e-06,0.0019546430604238524,0.00014075101762322774,28674,0.45438219108204253
963,0.4509268530796453,0.4564388371200464,0.0001,0.025556096965577247,1.8008937477824967e-06,0.002015523855943531,0.00014093652486983502,28858,0.4509268530796453
964,0.4575118768887849,0.4566323346004848,0.0001,0.02748001107911499,1.9698609415884474e-06,0.001953818532457117,0.00014336682295485362,28473,0.4575118768887849
965,0.46404204004230654,0.45682093041357713,0.0001,0.027626776396991817,1.8851397609909978e-06,0.0020544605504877003,0.0001364719309920114,27897,0.46404204004230654
966,0.4556906928733776,0.45685083505348645,0.0017321572784231075,0.0001,1.9368961827046657e-06,0.0022363975914103424,0.00013168812489843781,28438,0.4556906928733776
967,0.4542161218837707,0.45703957901549574,0.0001,0.02827977940661054,1.8728120875615318e-06,0.001881289805439204,0.00013244884697535882,28683,0.4542161218837707
968,0.4588255238699529,0.4571183656648571,0.0018816385501507803,0.0001,1.9499457328072165e-06,0.0020726039362352166,0.00013005846928540956,28167,0.4588255238699529
969,0.4579519619458058,0.45719328496109424,0.0017462313671020538,0.0001,1.6331258583137612e-06,0.001870457591222867,0.0002379328970091402,28247,0.4579519619458058
970,0.45463119828173626,0.4572428422945205,0.0014778370826154668,0.0001,1.3610799880736182e-06,0.0018419892207127287,0.00024457604117340847,28395,0.45463119828173626
971,0.45807441969236135,0.4572988107832415,0.0015465819042262295,0.0001,1.4616171491218008e-06,0.0018901257607214302,0.00023233865661029764,28184,0.45807441969236135
972,0.4553602697868989,0.4573726759093686,0.001735091983732303,0.0001,1.629726675229229e-06,0.001878547870094557,0.00023846701479584523,28412,0.4553602697868989
973,0.45676690716751656,0.4574210529016354,0.0016587226924980464,0.0001,1.6128038371779573e-06,0.0019446334754714967,0.00025482227175878467,28355,0.45676690716751656
974,0.4545608392136612,0.4574640581186461,0.0015000532460676048,0.0001,1.4440482600452845e-06,0.0019253293359163912,0.00021703935017051884,28564,0.4545608392136612
975,0.45901298314917005,0.4575294356251875,0.0018645123509485966,0.0001,1.9808051650363637e-06,0.002124743409748508,0.0002359626299358971,28281,0.45901298314917005
976,0.46069255766270867,0.45761535965882,0.001741634602750316,0.0001,1.6857304836741124e-06,0.001935802700534403,0.00024238471798072964,28075,0.46069255766270867
977,0.4590327342660319,0.45767113298224776,0.001688919107378802,0.0001,1.6424158085447888e-06,0.0019449312893307408,0.00021248691989827792,28291,0.4590327342660319
978,0.4605820682991324,0.45775611033861074,0.0017588845001003687,0.0001,1.6039588954187526e-06,0.0018238365228953062,0.000224429661431284,28158,0.4605820682991324
979,0.4561344689229178,0.4577656702657019,0.0012832546907605644,0.0001,1.2718516045548293e-06,0.001982227867487511,0.00016932791539885179,28602,0.4561344689229178
980,0.46478138631980753,0.4578190628961599,0.0015769664646001359,0.0001,1.5643335823469327e-06,0.0019839782486986406,0.00015283829419781016,27904,0.46478138631980753
981,0.45919751760692046,0.4578549801991,0.0015806662796283458,0.0001,1.4888915856657676e-06,0.0018838784692944083,0.0001400701286207194,28218,0.45919751760692046
982,0.462553490196034,0.45790666409085695,0.0016318722803070715,0.0001,1.801213609811731e-06,0.002207542381285862,0.00015880088199805864,27919,0.462553490196034
983,0.4539277606205277,0.457977400744321,0.001737573735601959,0.0001,1.655255899428328e-06,0.0019052496771941442,0.00017806060748826695,28693,0.4539277606205277
984,0.45575163569215915,0.4580167679973769,0.0014542234809124515,0.0001,1.508918863911449e-06,0.0020752228027079832,0.0001580460027559485,28474,0.45575163569215915
985,0.46000580543312525,0.458097452916601,0.0018695434797974036,0.0001,1.855343232169976e-06,0.001984808860793153,0.00016114260588301544,28218,0.46000580543312525
986,0.45530822532496584,0.45815396733113856,0.0016942475890504307,0.0001,1.6779632298748434e-06,0.001980776883755562,0.00017197492226431448,28392,0.45530822532496584
987,0.45800007095320394,0.4582033939306226,0.0014209514908120897,0.0001,1.3416921890523498e-06,0.0018884419316602535,0.00016679734160738086,28337,0.45800007095320394
988,0.45438152220337463,0.4582694703137963,0.0016034310774642722,0.0001,1.6136447823131192e-06,0.0020127398115109495,0.0001574007062310691,28711,0.45438152220337463
989,0.4574627523507373,0.4583156163929586,0.0016452775550385196,0.0001,1.7662488841503365e-06,0.0021470527920852654,0.0002911698441133175,28389,0.4574627523507373
990,0.45887136068707957,0.4583592884697067,0.0014861809925526726,0.0001,1.4156844880830218e-06,0.001905130660635667,0.000285900620789566,28351,0.45887136068707957
991,0.4612757915883224,0.45850392674447715,0.0001,0.010093948882734379,1.4871989706053808e-06,0.0018531708900064656,0.00029467138934084026,28016,0.4612757915883224
992,0.4590782179276708,0.4586527689753004,0.0001,0.010683936314966174,1.643074955070153e-06,0.0019658485071945573,0.00030757857528007084,28379,0.4590782179276708
993,0.4580042324112391,0.4587935859346731,0.0001,0.009857785200650603,1.3643233262013848e-06,0.0018946399750822541,0.00027680118777823255,28334,0.4580042324112391
994,0.46371420652043993,0.4589384657745934,0.0001,0.01038957418457389,1.4843223212954113e-06,0.0019435426653813957,0.00028573304255323295,27944,0.46371420652043993
995,0.45648938885741297,0.45907674111083274,0.0001,0.009923925493868781,1.3269315477283858e-06,0.0018540840441213934,0.0002674206993085938,28391,0.45648938885741297
996,0.46317558120688773,0.4591019598503884,0.0015527937630728068,0.0001,1.5502505054640535e-06,0.0019967242815250356,0.00027462396910897405,27943,0.46317558120688773
997,0.457453278595112,0.4591910826276019,0.0018962430359305248,0.0001,1.8528121793098052e-06,0.001954192731841035,0.0002807048088656462,28349,0.457453278595112
998,0.4575672253892556,0.4592839160154418,0.001889302740919979,0.0001,1.7978115452845108e-06,0.0019031481893781433,0.0002674574057761315,28394,0.4575672253892556
999,0.4597177899097872,0.4593541050694268,0.001711976273167295,0.0001,1.6119220360541579e-06,0.0018831125890220093,0.0002982740771862307,28213,0.4597177899097872
