iteration,performance_mc,performance_true,alpha,beta,bound,policy_advantage,model_advantage,total_samples,avg_return
0,0.026695623367509868,0.026226274076246565,0.0013130570084700915,0.0001,2.247027875766465e-06,0.0034225899732786003,5.307425821727136e-20,30946,0.026695623367509868
1,0.027273895068870437,0.026501737256656638,0.0013165037392074256,0.0001,2.263800542898325e-06,0.0034391099325873547,1.2776976477445309e-21,30988,0.027273895068870437
2,0.027364290250373062,0.02677897166208609,0.0013028291259035065,0.0001,2.2141778013713843e-06,0.0033990302447926336,4.854809732346057e-20,30841,0.027364290250373062
3,0.03086395045509662,0.027084681941388588,0.001362075968111853,0.0,2.409439706696342e-06,0.003537893279236654,-3.724255747206856e-21,30840,0.03086395045509662
4,0.02662894968905483,0.027376745302118116,0.0013150343673161893,0.0,2.249295351608934e-06,0.003420892118887277,-5.887618368306595e-21,31012,0.02662894968905483
5,0.02509263594802966,0.027643157786021284,0.0012130172061871074,0.0,1.9109665481089164e-06,0.0031507657737447634,-3.604797107146814e-21,31075,0.02509263594802966
6,0.024662138522728336,0.02790176448730977,0.0011825595063019666,0.0,1.81565085683074e-06,0.0030707137309454154,-5.608025638961329e-21,31058,0.024662138522728336
7,0.026291711315947843,0.02817636283749747,0.0012434399228422027,0.0,2.0076321804449264e-06,0.0032291583108510226,-2.624722793376406e-21,31052,0.026291711315947843
8,0.028440065328104013,0.028480345439380966,0.0013806048933463115,0.0,2.4803615448611846e-06,0.003593151895687233,-5.487365239892709e-21,30891,0.028440065328104013
9,0.03200385047550855,0.028783944008786526,0.001412252613898832,0.0,2.5905066480310992e-06,0.003668616538622562,-0.00011550042176044646,30878,0.03200385047550855
10,0.02943416485761232,0.029078297745446728,0.001350294118387496,0.0,2.3638860735112103e-06,0.003501290631901935,-7.55895012476966e-05,30925,0.02943416485761232
11,0.03113366520066127,0.029389039831775342,0.0013758502779319694,0.0,2.4527230318324488e-06,0.00356539235580069,-0.00010482241353849382,30843,0.03113366520066127
12,0.03356938313933843,0.029743332222754913,0.0015627414024980166,0.0,3.1626085240784547e-06,0.00404751357969153,-9.512922576914638e-05,30823,0.03356938313933843
13,0.03260996345546867,0.03007904946214819,0.0014518643042351377,0.0,2.7189403099020193e-06,0.0037454468740236633,-7.157651408225206e-05,30768,0.03260996345546867
14,0.02645287329738842,0.030381706803404275,0.001286546320932226,0.0,2.131492475301901e-06,0.0033135106612522587,-0.00010856283042318045,31019,0.02645287329738842
15,0.03231448715049202,0.03068937491409095,0.0013514792353561409,0.0,2.348633815602336e-06,0.0034756491319430823,-0.00012859402608743115,30837,0.03231448715049202
16,0.026291548902679825,0.030981050873285725,0.0012603037909456574,0.0,2.036438796184971e-06,0.0032316633669044943,-7.50761492196538e-05,30910,0.026291548902679825
17,0.030015543610421837,0.03132006827531151,0.001428247967877564,0.0,2.6120780208651377e-06,0.0036577374232106127,-0.00010060254741270427,30857,0.030015543610421837
18,0.026312063746885446,0.03158865412038178,0.0012266575032639873,0.0,1.9394686956490626e-06,0.003162200843329733,-0.00010553217865045369,31059,0.026312063746885446
19,0.03449388572098226,0.03194051086279913,0.0014570148036763908,0.0,2.727776588905228e-06,0.0037443361344337836,-4.708697329671517e-05,30787,0.03449388572098226
20,0.03371638073971666,0.03226571836795308,0.0013935780971046328,0.0,2.503093175138103e-06,0.003592325654857312,-8.259274244601072e-05,30876,0.03371638073971666
21,0.03162917943825776,0.03257668943259185,0.0013797607181589614,0.0,2.4509284457474704e-06,0.0035526862208655804,-8.898364818923117e-05,30814,0.03162917943825776
22,0.031198183470575947,0.03289733985244743,0.0013369696778307003,0.0,2.3005504421741327e-06,0.0034414399672951304,-6.4490093223566e-05,30801,0.031198183470575947
23,0.03208565545885983,0.03321250163699486,0.0012977632334062014,0.0,2.1625336558707705e-06,0.003332709080060515,-4.670140780555266e-05,30842,0.03208565545885983
24,0.03545843987998605,0.033552909202024875,0.0015125368633636832,0.0,2.9351550181602976e-06,0.0038811021261761494,-8.615501108659718e-05,30765,0.03545843987998605
25,0.03345090859789154,0.0338866233601499,0.0014427105878001168,0.0,2.681530448698667e-06,0.0037173504809270654,-5.0785357290611094e-05,30777,0.03345090859789154
26,0.036742242648638165,0.034198184883422744,0.0012788611176230726,0.0,2.5817415321985882e-06,0.004037563573747689,-6.10419617452477e-05,30601,0.036742242648638165
27,0.03722100386486288,0.034556418514484086,0.0014891267839142095,0.0,2.847699644050112e-06,0.0038246570739461907,-7.796722897191057e-05,30685,0.03722100386486288
28,0.03258612393996427,0.03489316140098602,0.0014300016106268284,0.0,2.629706871452885e-06,0.0036779075658525686,-6.609267709961102e-05,30804,0.03258612393996427
29,0.02976436883965257,0.03521698898306186,0.001384181781238484,0.0001,2.4560198446005255e-06,0.003548695522351153,1.3032857961156726e-05,30954,0.02976436883965257
30,0.034237662937050224,0.03560032436677503,0.0015442177227331965,0.0001,3.03665555181384e-06,0.003932937055584488,1.7334553142198875e-05,30873,0.034237662937050224
31,0.034155254816051105,0.03596164274087326,0.0014425794005097524,0.0001,2.6614953324133396e-06,0.0036899117393092806,1.2380485783499886e-05,30756,0.034155254816051105
32,0.03805790646252063,0.03636393531278865,0.001663721531822829,0.0001,3.549358063846258e-06,0.004266769403359782,1.6619169773553568e-05,30600,0.03805790646252063
33,0.03605939571453236,0.03672121901584738,0.0014139994449507323,0.0001,2.5479923073407204e-06,0.0036039509300224656,1.2534883341777678e-05,30773,0.03605939571453236
34,0.031253481026928515,0.03703661762230877,0.001302469372777779,0.0001,2.1671761702067323e-06,0.0033277959781653696,1.095094218367675e-05,30894,0.031253481026928515
35,0.041598300191716245,0.03746640224460765,0.0016455617817279424,0.0001,3.4520575026195556e-06,0.004195597565464459,1.3064717048301727e-05,30544,0.041598300191716245
36,0.037608850900562873,0.037857786157143455,0.0015188977625407794,0.0001,2.9302620230659052e-06,0.003858405872116403,1.4852430523558177e-05,30654,0.037608850900562873
37,0.03527497095128271,0.038221164228432525,0.0014811481198427324,0.0001,2.7620933717270257e-06,0.0037296652977830518,1.4240279735884073e-05,30761,0.03527497095128271
38,0.04064564391571188,0.03861726807079774,0.001551243794647222,0.0001,3.0678277606055557e-06,0.003955313499001915,1.541532631395277e-05,30493,0.04064564391571188
39,0.0394309094984835,0.03900572918870461,0.0015412362189537445,0.0,3.010881135037224e-06,0.003907098857410885,-0.0001386622913320195,30522,0.0394309094984835
40,0.03475420636081984,0.03939900426131651,0.0015492428171159233,0.0,3.0591016270142396e-06,0.003949157089150267,-0.00014288793474171729,30781,0.03475420636081984
41,0.037155175743133206,0.03980257865486622,0.0015843680287529855,0.0,3.19789435258675e-06,0.004036807477242176,-0.00013499836137527107,30686,0.037155175743133206
42,0.04234676666212295,0.040254701026588985,0.001704849486714905,0.0,3.6726674294714152e-06,0.004308494630277681,-0.0001378829961487177,30526,0.04234676666212295
43,0.043690865763468416,0.04068321601549975,0.0016840494713967137,0.0,3.6130137198925176e-06,0.004290864112080938,-0.00014097029411066285,30428,0.043690865763468416
44,0.04054726376083431,0.041120205554977945,0.0016983710190643343,0.0,3.6529462344028806e-06,0.004301705803264777,-0.00015813108684339548,30530,0.04054726376083431
45,0.04078802916740978,0.04153288081199373,0.0015889944297834719,0.0,3.197164566934637e-06,0.004024135650834604,-0.00016368853163843973,30612,0.04078802916740978
46,0.04371295775387631,0.041959137237836036,0.0017278453475984158,0.0,3.7882326282343065e-06,0.004384920946194269,-0.00017533420650041944,30520,0.04371295775387631
47,0.04384781222436313,0.04241241770886106,0.001698285885715141,0.0,3.6357285131362857e-06,0.0042816448558133016,-0.00017238246064172822,30452,0.04384781222436313
48,0.04080781656769008,0.04281798243295942,0.0015860255517714942,0.0,3.1948264144645914e-06,0.004028719979821465,-0.00012882961085245738,30567,0.04080781656769008
49,0.042497592296203514,0.043169319437322794,0.0012864086290392933,0.0001,2.5656242116636206e-06,0.003988816856086642,3.817852011933761e-05,30473,0.042497592296203514
50,0.038855553614350405,0.04359111706794833,0.0015622824262507826,0.0001,3.0766578346930964e-06,0.003938670477240869,3.242908106686952e-05,30606,0.038855553614350405
51,0.04348282711772775,0.044072882840958644,0.0017471164092520575,0.0001,3.816935094651482e-06,0.004369411304751601,3.548360624788808e-05,30503,0.04348282711772775
52,0.04430975084483886,0.04450311823923808,0.0016279618984597598,0.0001,3.34623867231319e-06,0.0041109545321412234,3.364083544264074e-05,30399,0.04430975084483886
53,0.04133595684382436,0.04497480854223271,0.001687694186380816,0.0001,3.5545396968691223e-06,0.004212303064800707,3.7334084279877035e-05,30579,0.04133595684382436
54,0.04727495126538599,0.04549848651012367,0.001907426483058638,0.0001,4.567803965036782e-06,0.0047894941226905045,4.041969653707148e-05,30262,0.04727495126538599
55,0.04486197573933465,0.0459734007685165,0.0016750993425260158,0.0001,3.505833832743764e-06,0.004185821991258187,3.956021589402985e-05,30328,0.04486197573933465
56,0.0426733400199211,0.046465839762520895,0.0017463153902654367,0.0001,3.7969296163343577e-06,0.004348503869919203,3.646624117849251e-05,30368,0.0426733400199211
57,0.044796194270887976,0.04692541788205666,0.0016747968847898734,0.0001,3.521469732920559e-06,0.00420524992003717,3.6314040381427984e-05,30429,0.044796194270887976
58,0.04651347030864614,0.04738792040859266,0.0017247481982994855,0.0001,3.736833629686355e-06,0.004333193254958241,3.790559858490793e-05,30286,0.04651347030864614
59,0.04349583192343625,0.047877519792679346,0.0017473078247058713,0.0001,3.809274109988985e-06,0.0043601637400441555,3.329668507506715e-05,30506,0.04349583192343625
60,0.04879345191875124,0.048250953765808735,0.0013603148150215804,0.0001,2.817442055728221e-06,0.004142338265548515,3.5910046224583494e-05,30295,0.04879345191875124
61,0.051856270223405845,0.04880631096045232,0.001910240516047818,0.0001,4.52916819157595e-06,0.004741987360781718,4.894757389938009e-05,30134,0.051856270223405845
62,0.046468663309527924,0.04927188470024225,0.0017196215135503437,0.0001,3.7184260928703823e-06,0.004324702922788273,4.004760140247977e-05,30282,0.046468663309527924
63,0.04859079296375754,0.04978625329870587,0.0018090708084517726,0.0001,4.08442820735689e-06,0.004515498440718746,4.2930565184869985e-05,30283,0.04859079296375754
64,0.04847863006440602,0.050260843201939395,0.0017004470678581894,0.0001,3.60962315446554e-06,0.0042454989898768995,4.4093928765364204e-05,30184,0.04847863006440602
65,0.050129214137661963,0.050774139300272164,0.0018068406881322902,0.0001,4.0628007437717945e-06,0.004497132226938573,5.797908750496277e-05,30118,0.050129214137661963
66,0.04879168279644933,0.05117812352537235,0.0014732144638365146,0.0001,3.2887973124817014e-06,0.004464790963180043,4.2581740455810664e-05,30197,0.04879168279644933
67,0.052042223921321046,0.051695686112196694,0.0018429436516358628,0.0001,4.219684236027104e-06,0.0045792873073265804,4.667032901310915e-05,30198,0.052042223921321046
68,0.05144696141298383,0.05222009440385801,0.001792475050252471,0.0001,3.969769375711841e-06,0.004429371973855588,4.029427706690536e-05,30223,0.05144696141298383
69,0.05534466460140125,0.052787871518221424,0.0019635365273175404,0.0001,4.791191767761282e-06,0.004880165661401478,5.296693841415902e-05,30046,0.05534466460140125
70,0.056579578837126485,0.05332159853143685,0.0018768021807000037,0.0001,4.381125235952644e-06,0.004668712857439867,5.982140742560863e-05,29912,0.056579578837126485
71,0.053216551936836436,0.053797479848997395,0.0016098610057152605,0.0001,3.878703258889065e-06,0.004818680923531977,6.323823194038078e-05,30141,0.053216551936836436
72,0.05859571882722464,0.05437402844731139,0.0020248992913993644,0.0001,5.096639873694959e-06,0.0050339687463397545,6.030756323955944e-05,29927,0.05859571882722464
73,0.05975468681403236,0.05495848443478584,0.0019807768804827493,0.0001,4.8592723709706326e-06,0.00490643082403743,6.446233032147844e-05,29955,0.05975468681403236
74,0.056969781197343125,0.05552438041726578,0.001913700046430729,0.0001,4.560504426407801e-06,0.004766164305543772,6.220218199270556e-05,29959,0.056969781197343125
75,0.06196006200571445,0.05615761359975711,0.002118490526836885,0.0001,5.52221412033658e-06,0.005213347947872857,6.712890680211571e-05,29708,0.06196006200571445
76,0.05589913962545154,0.056716877543777605,0.0018947285467239639,0.0001,4.415103169479755e-06,0.004660407082707003,6.391560134699737e-05,30011,0.05589913962545154
77,0.05385071969132824,0.057293339426414985,0.0019254031152343362,0.0001,4.561314790723242e-06,0.004738036159423264,6.17781311077156e-05,30078,0.05385071969132824
78,0.06132267571735322,0.05789410906030315,0.0019790257027226628,0.0001,4.788236296659337e-06,0.004838983435204379,6.8046088741985e-05,29797,0.06132267571735322
79,0.05521003475049269,0.05849912384716857,0.0020132788791773033,0.0,4.9676858410162364e-06,0.004934920732935128,-0.00024806839078233124,29990,0.05521003475049269
80,0.053324109792081825,0.05900426050603361,0.0016949379842289088,0.0,4.281991913637631e-06,0.005052682698105524,-0.0002527431451780406,30080,0.053324109792081825
81,0.058257152436349234,0.059596032472376076,0.0019469664489325323,0.0,4.654198765731795e-06,0.004780974801372219,-0.00026567602070135194,29973,0.058257152436349234
82,0.058827592294141355,0.060217395779432845,0.0019870641331178403,0.0,4.824150719578967e-06,0.004855556133469675,-0.00019732547717458618,29838,0.058827592294141355
83,0.05813439316621472,0.06079607708202013,0.0019525058873851573,0.0,4.683351314977296e-06,0.0047972724130930545,-0.00027872298043708635,29957,0.05813439316621472
84,0.05806765357017953,0.06137210252137913,0.0018558421555802315,0.0,4.185236132331496e-06,0.004510336312543753,-0.0002698398150863921,29963,0.05806765357017953
85,0.06247488225056748,0.062001734767898525,0.002043888371487615,0.0,5.066884766783133e-06,0.004958083658057385,-0.00027702945559720583,29730,0.06247488225056748
86,0.06283668529253462,0.0626247600821212,0.0020276087152153828,0.0,4.988728382921632e-06,0.004920799901367264,-0.00024042987021761518,29791,0.06283668529253462
87,0.06218699264104766,0.06323920344745743,0.0019559797353904244,0.0,4.634846839941431e-06,0.004739156297052628,-0.0003160563056177846,29830,0.06218699264104766
88,0.060677792563384285,0.06382684038889509,0.0019828416185136916,0.0,4.838448172184695e-06,0.0048803173455795445,-0.00025637973361282304,29843,0.060677792563384285
89,0.06283574605412517,0.06447811616447349,0.0020736781284762056,0.0001,5.2583084845717066e-06,0.00507147991037129,5.6387754638870985e-05,29718,0.06283574605412517
90,0.06880116662249156,0.06513895244136306,0.0021121106640695987,0.0001,5.421717378341107e-06,0.0051339330562297164,6.041956960711465e-05,29470,0.06880116662249156
91,0.072753984623208,0.0658592711684247,0.002293177131634747,0.0001,6.426438600691445e-06,0.005604834020048162,6.690193902044135e-05,29460,0.072753984623208
92,0.06660878270335319,0.06653933821940557,0.002118845928599878,0.0001,5.445161769401529e-06,0.00513974300434356,5.8603019067410636e-05,29572,0.06660878270335319
93,0.06617692992569323,0.06722103367350069,0.0021553326828790964,0.0001,5.646156230286954e-06,0.005239243366128342,6.081097103049477e-05,29635,0.06617692992569323
94,0.06939952872477732,0.06791641418586972,0.002192861967712157,0.0001,5.7896121655573345e-06,0.005280416415446082,6.878445857453846e-05,29503,0.06939952872477732
95,0.06864323162666171,0.06858799423383112,0.0021367774952515766,0.0001,5.497598145394378e-06,0.005145690796174461,6.354329046517262e-05,29502,0.06864323162666171
96,0.061214873695747685,0.06920521026062379,0.001955875999839397,0.0001,4.624936754696698e-06,0.004729273998020799,6.330831424383306e-05,29772,0.061214873695747685
97,0.07197973375143744,0.06992449798227898,0.00225506650677291,0.0001,6.16352689030871e-06,0.005466381476375136,6.035659714097766e-05,29404,0.07197973375143744
98,0.07451535483377075,0.07064382310700053,0.0022196593782297463,0.0001,5.908554619911132e-06,0.005323839033918263,8.514642179458374e-05,29306,0.07451535483377075
99,0.07147616028024972,0.07132017524840618,0.002116483320904471,0.0001,5.401011612640008e-06,0.005103760147121693,3.415351630804781e-05,29461,0.07147616028024972
100,0.07234008768539112,0.07200808445152211,0.0021347248679749855,0.0001,5.485436628014824e-06,0.005139244602718612,2.9102077735876035e-05,29399,0.07234008768539112
101,0.07348727778570804,0.07271599414112365,0.00222447704842599,0.0001,5.937820130915173e-06,0.005338621169516399,4.50818140910136e-05,29352,0.07348727778570804
102,0.0700564557995366,0.07338787831203283,0.00212867440602566,0.0001,5.489955893895402e-06,0.00515809827783425,3.195082933684792e-05,29516,0.0700564557995366
103,0.07165112828945881,0.07409857561056635,0.0022449293436794834,0.0001,6.087492407023103e-06,0.005423326506165742,3.475719843097374e-05,29411,0.07165112828945881
104,0.07133054066266462,0.07483278351880493,0.0022360566069319107,0.0001,5.976277832045197e-06,0.005345372575558575,4.3705076258449644e-05,29449,0.07133054066266462
105,0.06974596981503942,0.07545051356198484,0.0020436712959814923,0.0001,5.029698526179279e-06,0.00492221869149825,3.726603177476739e-05,29407,0.06974596981503942
106,0.07785315388200588,0.07619411344637908,0.0022339842489396827,0.0001,5.9503715252682805e-06,0.005327138298394457,3.727704976574013e-05,29205,0.07785315388200588
107,0.07864819059575737,0.07683756510370135,0.0019346547848226301,0.0001,5.334196900482201e-06,0.0055143656039609605,5.159807198925111e-05,29199,0.07864819059575737
108,0.08062376601436966,0.07754077047394389,0.002248758337808359,0.0001,6.0541216512270676e-06,0.005384412855253639,3.6943244958216575e-05,29098,0.08062376601436966
109,0.07678820118515,0.07825623641687013,0.0022201134678105886,0.0001,5.8594953179674914e-06,0.00527855481525992,0.00010471672815227291,29222,0.07678820118515
110,0.07719151178918499,0.07888653643600535,0.0018994530785193002,0.0001,5.1394642749140835e-06,0.0054115201191708324,0.0001086312111898032,29237,0.07719151178918499
111,0.08017548330788858,0.07966216445309968,0.002354636696379817,0.0001,6.552449484070173e-06,0.005565571533089895,0.00011191185806903081,29079,0.08017548330788858
112,0.07910331117378036,0.08036872463772592,0.0022398149186329667,0.0001,5.984154070187889e-06,0.005343436210202774,0.00011020320894731032,29121,0.07910331117378036
113,0.083317422961938,0.08112868427644779,0.002308787386958153,0.0001,6.312095746106528e-06,0.005467888279156589,0.0001152661178522682,29082,0.083317422961938
114,0.08031927625462684,0.08184697468212415,0.002246009873875015,0.0001,6.043853492813375e-06,0.005381858346317938,0.00010768257145503633,29125,0.08031927625462684
115,0.0802224881088143,0.08261795102126757,0.002299420603498839,0.0001,6.2213736812131406e-06,0.005411253314636381,0.0001110344638404503,29145,0.0802224881088143
116,0.07840664119266534,0.0833611380942219,0.0021741006908873495,0.0001,5.5419495495970594e-06,0.005098153524191317,0.00010146131145026182,29240,0.07840664119266534
117,0.08503212987028798,0.08402575029314999,0.0019977633590551997,0.0001,5.628896912160322e-06,0.005635198870423162,0.00011986734499624924,28988,0.08503212987028798
118,0.07662600037250547,0.0847657588900789,0.0022489575220015277,0.0001,5.961090704935187e-06,0.005301203465710579,0.00011288876850839202,29267,0.07662600037250547
119,0.08051109337763537,0.08550055508457949,0.0021938994307181465,0.0001,5.634497643907306e-06,0.005136514067158422,0.0001073166474263529,29151,0.08051109337763537
120,0.08638305120409069,0.08610830128731728,0.001900539031580277,0.0001,5.045802684933041e-06,0.005309864834228122,0.0001106310743055997,28975,0.08638305120409069
121,0.08822546643844247,0.08695524943341917,0.0025103309108936134,0.0001,7.395116343413695e-06,0.005891746232596263,0.0001088077904453653,28781,0.08822546643844247
122,0.08845041026487885,0.08777113336863829,0.00241630766957501,0.0001,6.76425199085341e-06,0.005598833357213268,0.0001193278718370372,28824,0.08845041026487885
123,0.08840893852019595,0.08861634036781452,0.0024764182624788388,0.0001,7.151374388922998e-06,0.005775578784308136,0.00011411176133888589,28800,0.08840893852019595
124,0.09102985197847994,0.08944088407999802,0.0025166623860164257,0.0001,7.439216492663012e-06,0.005911970182411633,0.0001233395902654166,28785,0.09102985197847994
125,0.08581363715296307,0.09019917544517979,0.002262727086044115,0.0001,5.98066159997464e-06,0.005286242107465575,0.00010080966857495671,28945,0.08581363715296307
126,0.08841700996567843,0.09099870471385205,0.002360664482622282,0.0001,6.499078894218926e-06,0.005506143665955945,0.000112031036840067,28938,0.08841700996567843
127,0.08655912481243969,0.09178568767662265,0.002339308364822735,0.0001,6.373241146125076e-06,0.005448825167269487,0.00011411928112830573,28871,0.08655912481243969
128,0.09718602661263354,0.09266051198784395,0.0026084528525736022,0.0001,8.006602920293102e-06,0.006138966945400967,0.0001364942401376189,28571,0.09718602661263354
129,0.09283252411017648,0.0935173083352788,0.002502338711649861,0.0001,7.195361074152479e-06,0.005750908972197755,0.00011739239010794174,28662,0.09283252411017648
130,0.09795468299349032,0.09437395847390256,0.0025888639025853414,0.0001,7.852192770060836e-06,0.006066130214276096,0.00011428020262220615,28432,0.09795468299349032
131,0.09326652827856664,0.09517964442565394,0.0024018983972167313,0.0001,6.721440196302507e-06,0.005596773122536048,0.00011677168310732213,28735,0.09326652827856664
132,0.09584811441196682,0.09600492866865418,0.0024591338522330568,0.0001,7.014253933054552e-06,0.005704654040433905,8.962116072705447e-05,28554,0.09584811441196682
133,0.09718642463055395,0.09685838395897592,0.0025659286474628757,0.0001,7.645722840228314e-06,0.005959419680502971,0.0001189400519705824,28392,0.09718642463055395
134,0.100346614457109,0.09767724810750676,0.002463282285307609,0.0001,7.0993594400843615e-06,0.005764146060261873,0.00012525956568780342,28322,0.100346614457109
135,0.09218703846128137,0.09831077032236064,0.001926041454923577,0.0001,5.106591801857073e-06,0.005302681091108391,0.0001190922577998046,28665,0.09218703846128137
136,0.0986391440868948,0.09902589489450196,0.002164756426499788,0.0001,6.357187457712622e-06,0.005873351273973681,0.00012030214387072675,28493,0.0986391440868948
137,0.09640746599922093,0.09987930754923532,0.002444287222344805,0.0001,6.789857745527947e-06,0.005555695487385837,0.00012905617350952116,28565,0.09640746599922093
138,0.10327891138597373,0.10060393633600404,0.0021257505160641467,0.0001,6.134984302859381e-06,0.0057720642723572075,0.00011958440257171309,28294,0.10327891138597373
139,0.10051484497389142,0.10132736072777124,0.002207236061824954,0.0001,6.578932901483671e-06,0.005961240861608771,0.0001421580363701864,28311,0.10051484497389142
140,0.09844898869839476,0.1021316775901284,0.0023541049857842464,0.0001,6.40620333194343e-06,0.005442580828492036,0.0001296072247218309,28457,0.09844898869839476
141,0.10510485791850484,0.10302786307668302,0.002641259843108751,0.0001,8.087634194972753e-06,0.006124073113119868,0.0001376095539267637,28221,0.10510485791850484
142,0.10391877673197274,0.10389803056820601,0.0026011664160783456,0.0001,7.807220615034272e-06,0.006002861306201888,0.0001273556376860161,28294,0.10391877673197274
143,0.10016086866826487,0.10472283223406628,0.002436777251664033,0.0001,6.796037719916618e-06,0.005577889989965822,0.00012526804409159964,28313,0.10016086866826487
144,0.09860193792302689,0.1055894417175772,0.0025354227919748267,0.0001,7.296518466951284e-06,0.0057556621247125935,0.00013071578559677608,28456,0.09860193792302689
145,0.10403243052993658,0.10643030547245855,0.0025219107786734326,0.0001,7.262987918439413e-06,0.005759908700862024,0.00012616095204455408,28286,0.10403243052993658
146,0.0992439367381427,0.10729160528289841,0.002545568832870412,0.0001,7.423511798454659e-06,0.005832497399085314,0.00013289256231968633,28508,0.0992439367381427
147,0.11160291872042608,0.10818817736454642,0.002657086603036502,0.0001,8.103687282677137e-06,0.006099678703295777,0.00013933041533364043,28006,0.11160291872042608
148,0.10300870399243758,0.10893073197652467,0.0021589100812850594,0.0001,6.15183190158967e-06,0.005699016327653518,0.00013789181048378098,28413,0.10300870399243758
149,0.10678675400164211,0.10983102580297903,0.0026016102178264442,0.0001,7.635496666724565e-06,0.005869823707183745,0.0001288421489670345,28168,0.10678675400164211
150,0.10545580709866438,0.11068725532485019,0.0025634763652709683,0.0001,7.47353147271428e-06,0.005830778527130522,0.00012861702061436707,28210,0.10545580709866438
151,0.10452585351743893,0.11154670566249383,0.002576935872081427,0.0001,7.632816663492462e-06,0.0059239476978737,0.00012871875632525446,28150,0.10452585351743893
152,0.1130239847125865,0.1124904228324729,0.0027799789296287457,0.0001,8.75168140131043e-06,0.006296221390770885,0.0001287515595735117,27899,0.1130239847125865
153,0.11156124777995774,0.11334737193102451,0.0026010288459813857,0.0001,7.714322179562792e-06,0.005931746732821894,0.00012688210213306035,28046,0.11156124777995774
154,0.11459278534689787,0.11422604157453084,0.0025777920076087836,0.0001,7.5387706951111975e-06,0.0058490139412794035,0.00014936633000904568,27843,0.11459278534689787
155,0.111929928985713,0.11511610962918611,0.0025905032390397325,0.0001,7.580732705069644e-06,0.005852710462450322,0.00013565147900233043,27946,0.111929928985713
156,0.11230376419626324,0.11599061547522715,0.0025270443742752237,0.0001,7.201728486411887e-06,0.005699724595043884,0.0001463522407901564,27978,0.11230376419626324
157,0.11806180885521012,0.11691810394680613,0.0027342962844299316,0.0001,8.432050719036084e-06,0.006167620361444529,0.00013616614453988254,27803,0.11806180885521012
158,0.12000064944104852,0.11788445243960151,0.002796314772535834,0.0001,8.68408095722874e-06,0.006211089711730551,0.00014486477831931614,27692,0.12000064944104852
159,0.11834213880364762,0.11878563957497995,0.002677215684343739,0.0001,8.121316781518642e-06,0.006066987302526137,0.00019542759525459618,27818,0.11834213880364762
160,0.1191006921237128,0.11969258939115807,0.0027396241349770664,0.0001,8.430793528514686e-06,0.0061547081739263924,0.00019950811928086648,27731,0.1191006921237128
161,0.11616835220019398,0.12050336913422546,0.002612352490530753,0.0001,7.869545561413203e-06,0.006024872669319096,0.00017932879293366266,27872,0.11616835220019398
162,0.11887197439584214,0.12147409345752128,0.0028086296938459893,0.0001,8.741943173699777e-06,0.006225059282720194,0.00017895302349160442,27779,0.11887197439584214
163,0.11955961950897037,0.12232102037034084,0.002687994022090461,0.0001,8.323271844040732e-06,0.006192924370841941,0.00019306235524943155,27761,0.11955961950897037
164,0.12465344277877097,0.12324336069498248,0.002729324944651343,0.0001,8.378493939827621e-06,0.006139608958066318,0.0001896430918642469,27526,0.12465344277877097
165,0.12453210447432382,0.1242074368972743,0.0027834470709810623,0.0001,8.516398929421846e-06,0.00611931803425321,0.0001910240540040254,27484,0.12453210447432382
166,0.12560908136951893,0.125146508441004,0.002766586043327234,0.0001,8.450078014563634e-06,0.006108668143500898,0.00020438390126140363,27541,0.12560908136951893
167,0.13076355824485736,0.1261587362939448,0.002892359241101949,0.0001,8.966088663905216e-06,0.0061998444290684036,0.00020860350073795525,27277,0.13076355824485736
168,0.1240193129437423,0.12706451192744117,0.002749900643317354,0.0001,8.451774177285514e-06,0.006146966944296345,0.00020134732428404764,27546,0.1240193129437423
169,0.12428912651937063,0.12794600264636574,0.002649321682518054,0.0001,7.795365594831744e-06,0.005884801114391381,0.00010960671393191537,27580,0.12428912651937063
170,0.12433231263613605,0.12882277529074967,0.0026321199526334175,0.0001,7.788668093457566e-06,0.005918171081576321,0.00010850564233515202,27381,0.12433231263613605
171,0.1264916539104156,0.12976437696053716,0.0027781673542886403,0.0001,8.46886238498867e-06,0.00609672586636319,9.483224383416708e-05,27490,0.1264916539104156
172,0.12880586584998654,0.1305566737788558,0.0023483834649298545,0.0001,7.0650697938282825e-06,0.006016964349592977,9.805447618526302e-05,27356,0.12880586584998654
173,0.13332923335031335,0.13154142912626315,0.0028896529414852833,0.0001,9.23337921854115e-06,0.006390649261703508,0.00011509903275363747,27132,0.13332923335031335
174,0.130704944266605,0.1323087349163142,0.0024020252073915275,0.0001,7.12744285917656e-06,0.005934527945205527,0.0001109800841153127,27206,0.130704944266605
175,0.1306585030221612,0.1332397984090764,0.0026988835776141614,0.0001,7.989068165549247e-06,0.005920276244454872,0.00010815307969114688,27265,0.1306585030221612
176,0.13119237848441254,0.1340047550189668,0.0023353330165243598,0.0001,7.007545611203483e-06,0.0060013244891580445,0.00010703419254569837,27202,0.13119237848441254
177,0.13650719923235827,0.13496231772682338,0.0028353712256430014,0.0001,8.958899405430808e-06,0.0063193837367092,8.896372827300505e-05,27058,0.13650719923235827
178,0.13519011785622814,0.13594319885317546,0.002896845150005423,0.0001,9.117698318492744e-06,0.006294915914629178,0.000125629461159893,27145,0.13519011785622814
179,0.14064975113908695,0.13689756491895297,0.002905163344517362,0.0001,9.43340492351461e-06,0.006494233751997027,0.00017089699677146032,26794,0.14064975113908695
180,0.14065397200491273,0.13784952523109703,0.0027893326161589774,0.0001,8.55933411652717e-06,0.006137191432059269,0.00017145105956055558,26811,0.14065397200491273
181,0.13153548805980364,0.13879630772541768,0.0027692349072717414,0.0001,8.268944117635395e-06,0.005972006272145388,0.0001553561696671502,27196,0.13153548805980364
182,0.13923923758340628,0.13963728720473545,0.002483611977476087,0.0001,7.838695789538461e-06,0.006312335308919192,0.0001628376348865007,26937,0.13923923758340628
183,0.1412431168548747,0.14047043549704313,0.0025217680052381465,0.0001,7.970909988312674e-06,0.0063216838121157234,0.00016745912830770087,26856,0.1412431168548747
184,0.1428133166125714,0.14151670603562072,0.003088983063126674,0.0001,1.029615865483409e-05,0.006666374301458486,0.0001626893398902036,26716,0.1428133166125714
185,0.14011132710839003,0.14239906728137988,0.0027675517286424936,0.0001,8.569154885505724e-06,0.006192588775718358,0.0001617528471007632,26791,0.14011132710839003
186,0.14342489432197886,0.14321456290133386,0.0024840006479730143,0.0001,7.870843013182345e-06,0.006337231046702894,0.00017457612167473655,26802,0.14342489432197886
187,0.1435542744981908,0.14405513969092665,0.0025033409509825537,0.0001,7.974434846964279e-06,0.006371033752980659,0.00017210692050443762,26734,0.1435542744981908
188,0.1383372082337544,0.1450112691997267,0.002840404215051669,0.0001,8.617500279357607e-06,0.006067798543385027,0.00016156346388841844,27118,0.1383372082337544
189,0.1469827148348396,0.14584510346865037,0.002460980937238992,0.0001,7.552406520343344e-06,0.006137720456149888,0.0002774549484892881,26493,0.1469827148348396
190,0.1435195764159259,0.14680204943404818,0.0028447657769371314,0.0001,8.759556352547787e-06,0.0061583673591426025,0.00026938404590736716,26831,0.1435195764159259
191,0.15007298488929,0.1478187839366115,0.003019775126307577,0.0001,9.811091225897524e-06,0.006497895250825522,0.00027883795649599584,26477,0.15007298488929
192,0.144836347761036,0.14873549055006605,0.0027565695022051004,0.0001,8.244935176049934e-06,0.005982025970652618,0.00025823128873884944,26834,0.144836347761036
193,0.14804291286275048,0.14956822556114843,0.002495899001918289,0.0001,7.758345870872003e-06,0.006216874853436874,0.00026651300931623844,26515,0.14804291286275048
194,0.14462247285444246,0.15049264631289563,0.0028508279383608537,0.0001,8.904008814961364e-06,0.006246612568334039,0.00024831342989131266,26914,0.14462247285444246
195,0.14953203963069217,0.1514372911466848,0.002911063707730614,0.0001,9.115378462388888e-06,0.006262575730089389,0.0002797185216114442,26497,0.14953203963069217
196,0.14566681127621206,0.15237578177523176,0.00281748506985763,0.0001,8.497901546191559e-06,0.00603226021468924,0.00027463688689769773,26694,0.14566681127621206
197,0.15232503307906348,0.15330057132324262,0.0028403603350337773,0.0001,8.686844916328272e-06,0.006116720339445925,0.00026963497893261557,26434,0.15232503307906348
198,0.1448222959635923,0.15408650422616693,0.0023340941673747353,0.0001,6.6973630073831424e-06,0.00573872562726634,0.00026985443291881075,26771,0.1448222959635923
199,0.1573475471550612,0.15506268360997322,0.0029819155372035216,0.0001,9.483848214889149e-06,0.006360910023483242,0.00024687036072610404,26291,0.1573475471550612
200,0.1601372975119404,0.15601794739127778,0.0029633519983291584,0.0001,9.424005753489543e-06,0.006360368770772507,0.00026269154327825486,26161,0.1601372975119404
201,0.15816847243738713,0.15697480879688175,0.0029553904536451228,0.0001,9.263233888349917e-06,0.0062687039385437675,0.00023560358092565025,26247,0.15816847243738713
202,0.16201938148118927,0.15789439223407237,0.00300190790736705,0.0001,9.647408520887033e-06,0.006427517977624237,0.00024855910759866617,26030,0.16201938148118927
203,0.1571254946226353,0.1588866380995405,0.0030469354445608926,0.0001,9.678750489923314e-06,0.006353105056558334,0.00023971622359904708,26318,0.1571254946226353
204,0.1577991756247174,0.1598251398722847,0.0029181236762376088,0.0001,9.006810696003663e-06,0.006173015057138573,0.00023677761650849383,26252,0.1577991756247174
205,0.16382194237828204,0.16060745857231407,0.0024520024547017654,0.0001,7.420837384597842e-06,0.006052879245996047,0.00023792300567048136,26028,0.16382194237828204
206,0.16175499073652572,0.16146398424377845,0.002584032770338972,0.0001,8.132005617150133e-06,0.006294042173531246,0.00025601674172559926,26068,0.16175499073652572
207,0.15383593135074608,0.16243558474616554,0.0029376912363539166,0.0001,9.077709413430015e-06,0.006180165771741699,0.00023570075462580803,26286,0.15383593135074608
208,0.16242111067735376,0.16324361979082655,0.0025118494868251774,0.0001,7.661647098215622e-06,0.0061004030204846954,0.00026507510292207584,26012,0.16242111067735376
209,0.15663192093586156,0.16414566036858488,0.002837424170523005,0.0001,8.652278639279106e-06,0.006098685370459987,0.00028514581874383103,26238,0.15663192093586156
210,0.1676399021042791,0.16501780882764538,0.00277196770013642,0.0001,8.213718886352915e-06,0.005926273156753367,0.0002944371796485088,25813,0.1676399021042791
211,0.16678175298537778,0.16597976046126206,0.003068832822390264,0.0001,9.947770320748739e-06,0.0064830969273852995,0.00029654183218310134,25837,0.16678175298537778
212,0.16399769930383035,0.1669197426034414,0.0029689007609129043,0.0001,9.276784094017435e-06,0.006249305612468449,0.0002746787913642402,26016,0.16399769930383035
213,0.16066223608142194,0.1678323183022959,0.002793281707647207,0.0001,8.15361460658816e-06,0.005838018116300904,0.00027824157541148277,26090,0.16066223608142194
214,0.17569022014969668,0.16884628734805607,0.0031286820265351645,0.0001,1.000436337098491e-05,0.006395257355100521,0.00031475415159944983,25492,0.17569022014969668
215,0.16668067624000527,0.1697455163405235,0.002928449091890418,0.0001,9.150458232316314e-06,0.006249354484362484,0.0002880380539534524,25712,0.16668067624000527
216,0.16592263038305338,0.17063691525001173,0.0028029121530751813,0.0001,8.280322483102639e-06,0.005908371030478412,0.0002992143592882386,25817,0.16592263038305338
217,0.1698509314461799,0.17154124754027128,0.0029115349339622096,0.0001,8.979218808957007e-06,0.006168030961412845,0.00030575705543906326,25634,0.1698509314461799
218,0.17579797482519668,0.17241900886409,0.002819782415027419,0.0001,8.411752760559821e-06,0.005966242441779342,0.0003106010546544153,25585,0.17579797482519668
219,0.174864482706208,0.17340568402209236,0.003097327901273708,0.0001,9.917816160289797e-06,0.006404111205798594,0.00024418177723084793,25569,0.174864482706208
220,0.1640462999407193,0.17418589519077557,0.0024490934181880665,0.0001,7.207608388957863e-06,0.005885939944496137,0.00022645119045814317,25964,0.1640462999407193
221,0.18669791337944316,0.17504834678189166,0.0029359690883735984,0.0001,9.274218639604519e-06,0.006317654144473326,0.00027148587573649777,25115,0.18669791337944316
222,0.16875491171105722,0.17592300899738234,0.0028969879946291136,0.0001,8.847374757921214e-06,0.006107981651511054,0.00024523111896402065,25726,0.16875491171105722
223,0.1821237196909098,0.17669498521237342,0.002559369463130346,0.0001,7.868614519359139e-06,0.006148869581131202,0.00025174549211258966,25249,0.1821237196909098
224,0.16742678038826103,0.1774734172225909,0.002694166347407712,0.0001,7.777161879779913e-06,0.005773334588091033,0.0002420424115853439,25969,0.16742678038826103
225,0.1816907328929228,0.1784019227548248,0.0030306071876108473,0.0001,9.539438332238864e-06,0.006295397418204631,0.0002672870291870978,25243,0.1816907328929228
226,0.17171017361232704,0.17922561951120766,0.002611196331261532,0.0001,7.88275606491373e-06,0.006037658655184599,0.00026014973989336575,25644,0.17171017361232704
227,0.17686841275627954,0.18007254111633542,0.0029261966801277044,0.0001,9.175468413814748e-06,0.006271258850183858,0.00024082083171592393,25517,0.17686841275627954
228,0.18257547707217409,0.18102994350836815,0.003113406242563564,0.0001,1.0047642063171573e-05,0.006454436896675837,0.0002652440432646242,25237,0.18257547707217409
229,0.18270239303567146,0.18184022099067038,0.002750840698919858,0.0001,8.896868326567543e-06,0.006468472223826683,0.00018522222577645599,25213,0.18270239303567146
230,0.17634987338608862,0.18268489056942627,0.0028709802589351853,0.0001,8.644967987652821e-06,0.006022310993429919,0.00019810132539370531,25432,0.17634987338608862
231,0.17932327711217658,0.18361420554854485,0.0030244433734268323,0.0001,9.299811225585593e-06,0.006149767132223397,0.0001569147167803392,25485,0.17932327711217658
232,0.18749312688403208,0.18457324460988767,0.0030894931948126027,0.0001,9.684230844298242e-06,0.006269138809276872,0.0001831388169566724,25004,0.18749312688403208
233,0.18626757720419954,0.18553786192934982,0.0030898204678069326,0.0001,9.700608127404023e-06,0.006279075582853679,0.00019962048448889818,25008,0.18626757720419954
234,0.18029721221474257,0.18646115692835474,0.003001484460129748,0.0001,9.225585506639768e-06,0.006147348506505987,0.0001740428760528648,25449,0.18029721221474257
235,0.1856752229772958,0.1872892417809721,0.0027178789876586723,0.0001,8.756111906701713e-06,0.006443341993121409,0.00021118339173183378,25122,0.1856752229772958
236,0.1885434287234119,0.1880670605101452,0.002781900215865412,0.0001,8.245039561085473e-06,0.005927631418311352,0.00017552153051170395,25078,0.1885434287234119
237,0.18250919175590002,0.1890072005620429,0.0030418808191825806,0.0001,9.32225270600173e-06,0.006129268870242472,0.00020351494491529062,25124,0.18250919175590002
238,0.17834662709788407,0.1898875909861475,0.002963074443207618,0.0001,8.957343039365464e-06,0.00604597907413279,0.0001898997640662595,25387,0.17834662709788407
239,0.1893965073497854,0.19076179689543105,0.0030016761073669413,0.0001,9.287148697446737e-06,0.006187975228009119,0.00030403854518166,24879,0.1893965073497854
240,0.18383529143298033,0.19155863561247927,0.0026924127562162944,0.0001,8.405711001110497e-06,0.006243998793798038,0.0003030609994385289,25024,0.18383529143298033
241,0.18393865916491156,0.19238489648942936,0.0029143048711742863,0.0001,8.848748332609559e-06,0.006072630506254518,0.0003020956994339291,25242,0.18393865916491156
242,0.18997664701708084,0.1932406133905209,0.002966846671059772,0.0001,9.031565569488381e-06,0.006088326476448656,0.0003112905863891306,24780,0.18997664701708084
243,0.1885394116357461,0.19411318845859743,0.002924213913309949,0.0001,8.501369073864908e-06,0.005814464554162605,0.0002864382418331731,24993,0.1885394116357461
244,0.19398159549453875,0.1949787056096418,0.003029766566142378,0.0001,9.280755577416261e-06,0.006126383254161326,0.00032606400063460434,24780,0.19398159549453875
245,0.18895405093428316,0.19587074862634118,0.002977712589904809,0.0001,8.76595359880014e-06,0.005887709665814569,0.0002937326027241371,25099,0.18895405093428316
246,0.19272685988458177,0.19667771929358352,0.002725166821246227,0.0001,8.343620856625355e-06,0.006123383560651006,0.00033604722845621734,24855,0.19272685988458177
247,0.19767234833071387,0.1975520208718108,0.003093106998080539,0.0001,9.701658447946512e-06,0.006273082989994839,0.00032518162032723794,24665,0.19767234833071387
248,0.20133220720052508,0.19837031783977055,0.0027397146054810952,0.0001,8.601463975250926e-06,0.006279094879475964,0.00033593357743608653,24483,0.20133220720052508
249,0.19201300312471195,0.1992172948581755,0.0029488244426747754,0.0001,8.663073204205935e-06,0.005875611364878653,0.0002933958140648742,24651,0.19201300312471195
250,0.20435000369681514,0.20000844533681783,0.0026969472932355213,0.0001,8.333892462093137e-06,0.0061802412549894405,0.00029150314562100086,24364,0.20435000369681514
251,0.2049008916194298,0.20085979763270762,0.0030289108377226327,0.0001,9.224718014903181e-06,0.006091112290277273,0.0002978615162210872,24372,0.2049008916194298
252,0.19852875350485816,0.20165189234633246,0.002774488261962292,0.0001,7.841955758376083e-06,0.005652902458365249,0.00029167791379195785,24552,0.19852875350485816
253,0.2053157928888491,0.20243513218197073,0.0026997474661172656,0.0001,8.225951872529349e-06,0.006093867649302611,0.0002993222978600448,24332,0.2053157928888491
254,0.20299215326290504,0.20322316917822342,0.0027378426772840404,0.0001,8.275083072752624e-06,0.006044966090572862,0.00029803804254492796,24459,0.20299215326290504
255,0.20328438620404057,0.20406394029849656,0.0028713535649594188,0.0001,8.227906033955434e-06,0.005731029528627011,0.00029495102819239173,24403,0.20328438620404057
256,0.1986249061670073,0.20486158391742926,0.0028931630564637528,0.0001,8.52936533453861e-06,0.00589622165642047,0.0002758621739156103,24536,0.1986249061670073
257,0.20461379495867113,0.2056312780283665,0.002911692854418596,0.0001,8.761291513653582e-06,0.006018005299122133,0.0002931346900584466,24282,0.20461379495867113
258,0.1962638373114389,0.20639065898380793,0.0027344070280317357,0.0001,8.444847532846295e-06,0.00617673041816676,0.00029051992685778273,24665,0.1962638373114389
259,0.2040604922953565,0.20714852620082946,0.002704280350128246,0.0001,7.985165111744962e-06,0.005905574924113381,0.00025840702960667784,24297,0.2040604922953565
260,0.20577745265812067,0.20799093415943873,0.0030402959586919593,0.0001,9.22434713877426e-06,0.006068058678565554,0.0002624196294848276,24249,0.20577745265812067
261,0.2033432328982984,0.2088723087125507,0.0031645323442253807,0.0001,9.837337654647104e-06,0.006217245763089273,0.00026014752122317136,24339,0.2033432328982984
262,0.207846487017517,0.2097176313910487,0.002970539499563327,0.0001,8.507665492843524e-06,0.005728027177618181,0.00027323273061839374,24233,0.207846487017517
263,0.200905979628468,0.2104878547753921,0.0028248304352381163,0.0001,7.918747367561263e-06,0.0056065293468800775,0.000254427016386715,24534,0.200905979628468
264,0.20552855903939082,0.21128881327759333,0.002799167329059271,0.0001,8.036446022886309e-06,0.005742026165750622,0.00026829753906347975,24275,0.20552855903939082
265,0.2126995786091123,0.21205912804661625,0.002794390922717567,0.0001,7.775811729846467e-06,0.005565299877430483,0.0002514982238941393,23879,0.2126995786091123
266,0.2109452407627378,0.21284960378794765,0.002929692413244017,0.0001,8.481079279730923e-06,0.005789740411922569,0.00027020302188436926,24004,0.2109452407627378
267,0.2101266901031082,0.21365685325112796,0.002926381323342107,0.0001,8.396225254729029e-06,0.0057382988250758975,0.0002673744006682126,24077,0.2101266901031082
268,0.21549370955609526,0.21446774977491428,0.0028325011509096557,0.0001,8.543304510658331e-06,0.00603233965706574,0.00026352557498209565,24023,0.21549370955609526
269,0.21546430313253395,0.21533069069195865,0.0030695407704904344,0.0001,9.145704862253866e-06,0.00595900530149506,0.0002407311413953094,23924,0.21546430313253395
270,0.2138971530354336,0.21602821236033692,0.0024980906019002468,0.0001,6.878643318387604e-06,0.005507120769082721,0.0002564542167970103,23944,0.2138971530354336
271,0.21394634126509895,0.21675726801734763,0.0027987493901022614,0.0001,7.889533709215401e-06,0.0056378993682797245,0.00023436388271233928,23945,0.21394634126509895
272,0.22577703562000997,0.21762036743020707,0.0032166548581449056,0.0001,9.937281125344832e-06,0.006178643070880048,0.00026159487062300867,23477,0.22577703562000997
273,0.21715778966705704,0.2183137344086371,0.0028103307072261073,0.0001,8.009405625637917e-06,0.005699973746892923,0.0002469153456117304,23700,0.21715778966705704
274,0.21717419678600824,0.21905012944528157,0.002668574463836365,0.0001,7.775950196414343e-06,0.005827793304471309,0.0002505949969970301,23770,0.21717419678600824
275,0.2195534189983558,0.21976596846922558,0.0026018824514172814,0.0001,7.314724844066157e-06,0.005622640515586494,0.00023637747023300885,23862,0.2195534189983558
276,0.22676607475417995,0.22049512834743323,0.002893557275481742,0.0001,8.342571148146707e-06,0.005766307941326491,0.00024354351568743908,23438,0.22676607475417995
277,0.22180997256940038,0.22113394172545522,0.002591482467960124,0.0001,7.651874893312943e-06,0.005905403557938083,0.0002556164598042317,23674,0.22180997256940038
278,0.21498613305089487,0.2219732011779045,0.003103260816569197,0.0001,9.214012110035538e-06,0.005938277608404225,0.00024119348578202748,23892,0.21498613305089487
279,0.22091327552153822,0.22271096132195728,0.0029221330209551755,0.0001,8.560878229299718e-06,0.005859335059634876,0.00034717041167017603,23697,0.22091327552153822
280,0.22380959355871602,0.22342420806314753,0.0028446914795484998,0.0001,8.089693500735718e-06,0.005687571786884733,0.000347693170372863,23474,0.22380959355871602
281,0.22476560272615342,0.22405744546492917,0.002627276662774356,0.0001,7.673659359420893e-06,0.005841531246517182,0.00036360923419480345,23503,0.22476560272615342
282,0.22148045780558384,0.22481841130683886,0.00289856698502835,0.0001,8.329441742353603e-06,0.005747282560918381,0.00036192262678132604,23695,0.22148045780558384
283,0.21887539647961574,0.22553971905741294,0.0029003662542145692,0.0001,8.273136933858782e-06,0.0057048911818201944,0.0003460923957589537,23773,0.21887539647961574
284,0.2198063004322,0.2262931646616445,0.0028695255479839104,0.0001,7.89715350907791e-06,0.00550415277858484,0.0003535799863896056,23742,0.2198063004322
285,0.22485975027268196,0.22711584910948618,0.0030591571871831764,0.0001,8.730141281367164e-06,0.005707546717732239,0.0003641499278329959,23374,0.22485975027268196
286,0.22805226721048844,0.2278286020747124,0.0027392347400643172,0.0001,7.946227757043527e-06,0.005801786638305376,0.0003600478257015569,23466,0.22805226721048844
287,0.23534535965718187,0.2285164746738371,0.0026823094204125215,0.0001,7.602996053382514e-06,0.005668992544650738,0.0003704415976033622,23081,0.23534535965718187
288,0.22004335830312627,0.22925167160209786,0.0028433429651191487,0.0001,7.730666590642294e-06,0.005437730646973392,0.0003551332826216672,23740,0.22004335830312627
289,0.2315677464258214,0.22999366049815792,0.0029693775592131155,0.0001,8.499482105664499e-06,0.005724756745260013,0.00036045808847930106,23257,0.2315677464258214
290,0.23022198486973383,0.23067335657149257,0.002950374708696421,0.0001,8.79649338160269e-06,0.005962966911066893,0.0003650119866456063,23244,0.23022198486973383
291,0.22907367195266481,0.231321105110787,0.002603334562677824,0.0001,7.330410689010965e-06,0.00563155484823342,0.0003565803599803024,23314,0.22907367195266481
292,0.23692698689229946,0.2321186050152253,0.003014743524236194,0.0001,8.491871396586072e-06,0.005633561414639773,0.0003537410721681308,23115,0.23692698689229946
293,0.23144271766443497,0.23278355006159107,0.002719650065303145,0.0001,7.680681485518881e-06,0.005648286581797983,0.00035354818038751316,23253,0.23144271766443497
294,0.22637722433552,0.23346176743025082,0.0026624578694050636,0.0001,7.487872155902511e-06,0.005624781704114405,0.00034746196125858063,23422,0.22637722433552
295,0.2297188545582584,0.2342088553753087,0.002991019025646227,0.0001,8.778484206875445e-06,0.005869895264192646,0.00036240828773578565,23294,0.2297188545582584
296,0.2359056602390214,0.23490226120342578,0.0028251487095378794,0.0001,7.746638305042674e-06,0.00548405701893818,0.00034987168157184993,23010,0.2359056602390214
297,0.2358512385129258,0.2355654167734592,0.0026732768570132772,0.0001,7.390281712586955e-06,0.005529005866488336,0.00035793850558782977,22961,0.2358512385129258
298,0.2328818785391265,0.23637502994057674,0.0031508700405103226,0.0001,9.11760908984833e-06,0.005787359664235228,0.00035191139697502,23132,0.2328818785391265
299,0.22878543088670494,0.2371146121645104,0.0029071506763402935,0.0001,7.91523543311896e-06,0.005445356167835896,0.00032002445704715167,23282,0.22878543088670494
300,0.2362431813871682,0.23770701753300244,0.002600872670430745,0.0001,7.40538677509496e-06,0.005694540035955325,0.00031825574672300443,23018,0.2362431813871682
301,0.23630711866363902,0.23847796129622517,0.0030524293736904355,0.0001,8.516207644504541e-06,0.005579953933026344,0.0003039928865939333,23063,0.23630711866363902
302,0.24312384543518847,0.23908403107690515,0.002722007426258342,0.0001,7.312385963315196e-06,0.005372789135529117,0.0003314808886080272,22869,0.24312384543518847
303,0.23954108506068378,0.23971378496677803,0.002577445806763144,0.0001,7.016180457176488e-06,0.005444289411452401,0.0003297448624783781,22941,0.23954108506068378
304,0.23606004226990793,0.24043728970445505,0.0029373730818859347,0.0001,8.256805151386823e-06,0.005621897471795143,0.000308164904962461,23129,0.23606004226990793
305,0.23947509840543194,0.24112394565617945,0.002907299805845166,0.0001,8.128619919273833e-06,0.0055918690620975035,0.00032101533556859897,22938,0.23947509840543194
306,0.2360325841744445,0.2417486038019413,0.0026822893644703884,0.0001,7.664919543203287e-06,0.005715207050166047,0.00033480116247512853,23037,0.2360325841744445
307,0.23262425651849616,0.2423854804434576,0.002654528991458584,0.0001,7.364337828627968e-06,0.0055485081175033505,0.0003199237887279029,23118,0.23262425651849616
308,0.24531468794652522,0.24317002781345398,0.003093372271778896,0.0001,8.773461648775685e-06,0.005672425351980257,0.0003207190311032023,22582,0.24531468794652522
309,0.24416292818334068,0.24377072814079018,0.002647653765795739,0.0001,7.428217146992372e-06,0.005611169589434485,0.00035158561288673926,22713,0.24416292818334068
310,0.24983278892089789,0.2444526303401668,0.0028855864864165345,0.0001,7.897917336682843e-06,0.005474046523201506,0.00036100330154670713,22388,0.24983278892089789
311,0.24974704387480123,0.2451671589449566,0.003014972179444503,0.0001,8.362567528650393e-06,0.005547359664321124,0.0003428185858588838,22424,0.24974704387480123
312,0.2450597856939391,0.2458676888799019,0.0029862752588437945,0.0001,8.271912236703351e-06,0.005539952964621227,0.0003239381785216163,22636,0.2450597856939391
313,0.2417452040133436,0.24646427231959478,0.0026168464888799347,0.0001,7.110601228682444e-06,0.005434480974637478,0.00032500669725333696,22849,0.2417452040133436
314,0.23977838702032495,0.24696692138684434,0.0024253529183844943,0.0001,6.384300004490017e-06,0.005264635885438513,0.0003313114453269951,22914,0.23977838702032495
315,0.2468688702828013,0.24759239004959271,0.002731042184117094,0.0001,7.711505865910024e-06,0.005647298976747986,0.0003515188813791009,22638,0.2468688702828013
316,0.24739760216764545,0.24811768864690356,0.002566111929525714,0.0001,6.78463309584056e-06,0.005287869962160646,0.00034914675972553004,22596,0.24739760216764545
317,0.24881952470055574,0.2487462158514691,0.0028526222353139953,0.0001,7.800894932154812e-06,0.00546928004387244,0.0003523332551185486,22478,0.24881952470055574
318,0.24552296417348402,0.24932958640021896,0.002617113898875576,0.0001,7.172501789730791e-06,0.005481230138904083,0.00033111723728370334,22538,0.24552296417348402
319,0.250376719334424,0.24995589290973932,0.0026899863715619636,0.0001,7.116227385025866e-06,0.005290902184678183,0.00041687545456133685,22509,0.250376719334424
320,0.24675285865990984,0.25049338591021186,0.0026411782296338546,0.0001,7.36817770090032e-06,0.005579462694512492,0.00041145176576854966,22685,0.24675285865990984
321,0.24672526301435246,0.25114463501965056,0.00292728805325547,0.0001,8.187559222620053e-06,0.005593955274414881,0.0004148933153017094,22709,0.24672526301435246
322,0.2555822511411728,0.2518195478837741,0.0029501926200688608,0.0001,7.8948216578981e-06,0.00535207199976917,0.0004025634601510734,22079,0.2555822511411728
323,0.258388198323612,0.2524043390420349,0.0025810524407631837,0.0001,6.8104636517888196e-06,0.005277276466165139,0.00040755262074554583,22220,0.258388198323612
324,0.2514673833953456,0.25293651006939855,0.0025170780000216414,0.0001,6.676923500391898e-06,0.005305297253668333,0.000405078861277047,22470,0.2514673833953456
325,0.2530134029558915,0.25357024355928826,0.0026832019613493236,0.0001,7.166809666107534e-06,0.005341983025760388,0.0004139943896986429,22374,0.2530134029558915
326,0.24814424976351196,0.2542473901744957,0.002960095491890952,0.0001,7.998948083815679e-06,0.005404520297219084,0.0004131396538533985,22469,0.24814424976351196
327,0.25263147753294923,0.25488036681736626,0.0027821696077480894,0.0001,7.562807537032847e-06,0.0054366258016557405,0.0004184579924993041,22460,0.25263147753294923
328,0.2526197581793564,0.25549710076443305,0.0028136917073181148,0.0001,7.38638669634539e-06,0.0052503169960903505,0.0004181658545062745,22332,0.2526197581793564
329,0.25573315594003676,0.25610647256913854,0.00270658705882344,0.0001,7.138088841283766e-06,0.005274605018163878,0.0003146570936567894,22145,0.25573315594003676
330,0.26147408424410074,0.25676608217553926,0.003045351910941548,0.0001,8.402783763602083e-06,0.005518432029751301,0.00032674708203856144,21862,0.26147408424410074
331,0.25441928083894216,0.25735852471859977,0.0026362456912206295,0.0001,6.861929066921465e-06,0.005205834258751707,0.00032896174803986476,22299,0.25441928083894216
332,0.26391678329505797,0.25794539015430384,0.002620894300391663,0.0001,6.772090895369074e-06,0.005167771088179375,0.0003322937177289007,21889,0.26391678329505797
333,0.2595002640701283,0.2585043874335198,0.0027257766194378006,0.0001,7.042274553247966e-06,0.005167169241256796,0.0003315963376156393,22031,0.2595002640701283
334,0.2573753404137059,0.2590774218539325,0.002640114385432308,0.0001,7.003044768022918e-06,0.005305107086772074,0.0003338875812997684,22195,0.2573753404137059
335,0.26148296266953547,0.25968673574169465,0.002990924346764789,0.0001,8.369334981177236e-06,0.005596487246646771,0.00032092856154582834,21994,0.26148296266953547
336,0.25592340158953186,0.26026124973819403,0.0026486041295854788,0.0001,6.8556768598045656e-06,0.005176822601177109,0.0003181263048656969,22148,0.25592340158953186
337,0.26625540976443623,0.2608182963247426,0.002563815030226478,0.0001,6.448344278401995e-06,0.005030272622929722,0.0003290222815142688,21933,0.26625540976443623
338,0.26143100121122625,0.2613420444478295,0.00249686467758406,0.0001,6.310604368115603e-06,0.0050548228943041295,0.0003132112534090293,21986,0.26143100121122625
339,0.2689205393339046,0.2619099321854762,0.0026760328772180834,0.0001,7.152403043860967e-06,0.005345527033506684,0.00034912123213436797,21696,0.2689205393339046
340,0.25678077800751026,0.26255230996261913,0.0029609755035153516,0.0001,7.912345587242491e-06,0.0053444181337189275,0.0003339066018842056,22079,0.25678077800751026
341,0.25999897977984165,0.263116524551933,0.0027638083536312206,0.0001,7.200020412521515e-06,0.005210216839428678,0.0003166924361381291,22112,0.25999897977984165
342,0.2640534468731358,0.263675478121446,0.002596595255534397,0.0001,6.660933543723145e-06,0.005130513528842045,0.00033882335410419695,21860,0.2640534468731358
343,0.26742748085215184,0.26420742221395366,0.0026023209947909375,0.0001,6.590413271140686e-06,0.005065027169463495,0.0003275661098653609,21724,0.26742748085215184
344,0.2651893001083654,0.26478438094741874,0.0027309740360248135,0.0001,7.383148159227159e-06,0.005406970598646933,0.0003514729153721372,21849,0.2651893001083654
345,0.26924000621449706,0.2654158923404354,0.0029822404508149957,0.0001,8.023900152858205e-06,0.005381122203385986,0.0003190363916314438,21703,0.26924000621449706
346,0.26358922224765124,0.2659004523131933,0.0025640770836097724,0.0001,6.616666415418974e-06,0.0051610510914156015,0.00031151689521540015,21905,0.26358922224765124
347,0.26444525136817165,0.266405269751552,0.0026582724386454673,0.0001,7.070645312549316e-06,0.00531972961819684,0.0003321552001994605,21847,0.26444525136817165
348,0.2640974086929698,0.2669320075956691,0.0026171596530198773,0.0001,6.783991876911441e-06,0.005184239997803388,0.0003325248631590238,21930,0.2640974086929698
349,0.2732951723547829,0.2675156728571449,0.0027132338178374902,0.0001,6.975269235832701e-06,0.005141664673332247,0.00033521270711938213,21501,0.2732951723547829
350,0.26316734409168807,0.2679814554105699,0.002697477027525346,0.0001,7.0625884503360385e-06,0.005236440109234389,0.00028578470101615677,21792,0.26316734409168807
351,0.26189500515157466,0.2685507249311778,0.002847428122803839,0.0001,7.45010680830964e-06,0.0052328673364183675,0.0003368916600729067,21904,0.26189500515157466
352,0.2734908179204535,0.2690462066736011,0.0024977281942365442,0.0001,6.245436873957092e-06,0.005000893923020373,0.00029662365837982823,21522,0.2734908179204535
353,0.2688797260267871,0.26962383211272006,0.002808793991651881,0.0001,7.1521112144925386e-06,0.005092656304271221,0.0002861386407709179,21664,0.2688797260267871
354,0.2688732764045823,0.27014848353748566,0.002651980067193991,0.0001,6.743813423620686e-06,0.005085870370629282,0.0003219776093768092,21635,0.2688732764045823
355,0.27228717182963375,0.27066663719103057,0.002668977907191448,0.0001,7.096327415519233e-06,0.005317636685113413,0.0002889067648423529,21426,0.27228717182963375
356,0.27449021827790787,0.2711844142487896,0.00257818845135108,0.0001,6.557263015417029e-06,0.005086721268944281,0.00032239521756607036,21487,0.27449021827790787
357,0.27047684905718195,0.271703688398946,0.002595433779568569,0.0001,6.594566101932722e-06,0.0050816677765740705,0.0002971563361032893,21666,0.27047684905718195
358,0.2792483588557452,0.27227059635345036,0.0026709713519477494,0.0001,6.749472121901825e-06,0.005053945724262385,0.00030616537443790235,21213,0.2792483588557452
359,0.27659432875249174,0.27276802492921126,0.0026495686923066336,0.0001,6.451793158915884e-06,0.004870070496869548,0.0002576901409868627,21321,0.27659432875249174
360,0.2733436414689253,0.27330840801826367,0.002522148178666904,0.0001,5.892555010399397e-06,0.004672647753403562,0.0002468706470433325,21470,0.2733436414689253
361,0.2767752946555155,0.2737854334260983,0.0026019145729149103,0.0001,6.597988101362891e-06,0.005071640837132636,0.00023157318680425845,21256,0.2767752946555155
362,0.2762061282356211,0.27441398475163087,0.00297042600834701,0.0001,7.488327930163046e-06,0.005041921871893499,0.0002533360727610391,21323,0.2762061282356211
363,0.2765001404355683,0.274961455820422,0.0028318926916432994,0.0001,7.2600755909179685e-06,0.005127366310412751,0.00027073104262180297,21328,0.2765001404355683
364,0.2755709569063996,0.2755026701126662,0.0028243040441119915,0.0001,7.406967137503158e-06,0.005245162717480745,0.00019759358593888772,21406,0.2755709569063996
365,0.27422684654851825,0.276082727224051,0.002840521795920476,0.0001,6.890934089268585e-06,0.004851879045015787,0.0002335311617635389,21469,0.27422684654851825
366,0.28683455170474403,0.2765917998126661,0.002621193921687911,0.0001,6.49507227566305e-06,0.004955812099152561,0.0002574908041104028,21034,0.28683455170474403
367,0.27209207046949296,0.2771136411990993,0.002607734727913353,0.0001,6.4643560062766284e-06,0.004957832510402046,0.0002122663644559965,21281,0.27209207046949296
368,0.28130067614549764,0.2775957001787496,0.002678931832110439,0.0001,6.8106937780445674e-06,0.005084633880123155,0.0002102537187167115,21249,0.28130067614549764
369,0.2784596866537736,0.27818135083580153,0.002838855142336687,0.0001,6.893636138959458e-06,0.004856631137075381,0.00040884006679308,21341,0.2784596866537736
370,0.27249271188731694,0.2786759885433079,0.0025514303136258817,0.0001,6.148988306463733e-06,0.004820032335294551,0.0004237489935131185,21507,0.27249271188731694
371,0.27956814695662646,0.2791383455918187,0.002633444911928424,0.0001,6.513224067699701e-06,0.004946542863454231,0.0004026773837184055,21182,0.27956814695662646
372,0.27977214618126073,0.2796536674669609,0.002689803688092659,0.0001,6.697447976289927e-06,0.004979878647604272,0.00040784038366267414,21221,0.27977214618126073
373,0.2769250690287406,0.2801222148306341,0.0027437069849577463,0.0001,7.079067744222814e-06,0.005160221396113721,0.00042062668672661406,21363,0.2769250690287406
374,0.2829204822481213,0.2806038066710794,0.002638831417055705,0.0001,6.371555904181156e-06,0.004829073856707576,0.00040873444370335846,21137,0.2829204822481213
375,0.2769151631913708,0.2810875075784891,0.0025339960498134083,0.0001,6.066005498577785e-06,0.004787699253930927,0.0004184293219808547,21343,0.2769151631913708
376,0.27412788727877874,0.2815279027448856,0.002629001532765858,0.0001,6.279207116906836e-06,0.004776875964998586,0.00040269632442951805,21494,0.27412788727877874
377,0.2867271521636789,0.2819779488658454,0.0024897299044087475,0.0001,5.995630230669262e-06,0.004816289686726548,0.00043569809203735526,20794,0.2867271521636789
378,0.27885914511612353,0.28253433677390716,0.0028701152935841456,0.0001,7.182635152186013e-06,0.005005119597977176,0.0004039093484761414,21282,0.27885914511612353
379,0.2892200530415249,0.2830167449307616,0.0026320947974995874,0.0001,6.688905207826362e-06,0.005082571656750833,0.0004158604539948334,20785,0.2892200530415249
380,0.2842681898572025,0.28356768523774056,0.0029002844986541322,0.0001,7.29860324296875e-06,0.005033025723066577,0.00043643720865186035,20967,0.2842681898572025
381,0.28463707239396985,0.2839999398694001,0.002473280347848996,0.0001,6.05411607415919e-06,0.004895616527600226,0.0004270147396885667,21025,0.28463707239396985
382,0.27843323058022146,0.2844949963631513,0.0026264973259122475,0.0001,6.482218769582291e-06,0.004936017794977847,0.0004190864264648835,21166,0.27843323058022146
383,0.28145621370443213,0.28502905052239713,0.002727430506020032,0.0001,6.822740722320808e-06,0.005003053758665187,0.0004301124690759828,21001,0.28145621370443213
384,0.28217375357173496,0.28549701574716835,0.002793331375480019,0.0001,7.3374277254129785e-06,0.0052535318865647145,0.00041896089843906925,21063,0.28217375357173496
385,0.2812020307374504,0.28598728098429893,0.0025707866950141923,0.0001,6.2470540445204344e-06,0.004860032967057151,0.0004180033905407416,21240,0.2812020307374504
386,0.28402400054424537,0.28634973538935393,0.0024296272672743157,0.0001,5.988610305559983e-06,0.004929653520293524,0.0004140524292260689,21026,0.28402400054424537
387,0.2800717793830429,0.2868405486937762,0.002925642306788243,0.0001,7.681946725446258e-06,0.0052514599666693106,0.0004146219141320502,21213,0.2800717793830429
388,0.2865211236921828,0.2872858018318289,0.0025332319650631287,0.0001,5.660036702348814e-06,0.004468628834949795,0.0004200749976893319,20934,0.2865211236921828
389,0.29020031586044814,0.2877200976586989,0.002616281493973002,0.0001,6.228693169057454e-06,0.004761485477312885,0.0004902369286054986,20791,0.29020031586044814
390,0.2918669163596715,0.2882302092933736,0.0027267822329235694,0.0001,6.352818457816274e-06,0.004659571550020687,0.0004839262745775862,20690,0.2918669163596715
391,0.29417176699585246,0.2885839395782302,0.0023490799282477877,0.0001,5.420127899177616e-06,0.004614681547443614,0.0004992995316345614,20556,0.29417176699585246
392,0.28674266782030167,0.2890792060944207,0.0027132651742167698,0.0001,6.293251918101598e-06,0.004638877156500748,0.0004850480685461416,20988,0.28674266782030167
393,0.28815582942183765,0.2895697417379086,0.002690978847366636,0.0001,6.24535213154361e-06,0.004641695446736972,0.0004948665648763617,20849,0.28815582942183765
394,0.28143559526120704,0.2899706118639044,0.0024173851782194355,0.0001,5.627614835788595e-06,0.004655952130833951,0.0004962666477463583,21175,0.28143559526120704
395,0.2891697652467976,0.29036140134257815,0.002467504304064483,0.0001,5.63813438411323e-06,0.004569908449461322,0.0004952516970245402,20740,0.2891697652467976
396,0.2830336360572212,0.290792296676486,0.0024474751154340193,0.0001,5.53227531819676e-06,0.004520802097892384,0.0004853607120101969,21079,0.2830336360572212
397,0.28952899324784237,0.29118159845588043,0.002597511001489598,0.0001,6.291662286656928e-06,0.004844377777841049,0.0004894942585090645,20810,0.28952899324784237
398,0.2940651195047584,0.2916348965011099,0.002558236061416564,0.0001,6.079210200529311e-06,0.004752657733362642,0.0004927967635318369,20550,0.2940651195047584
399,0.28308791265887157,0.2921223352039512,0.002748262516948904,0.0001,6.3896460025774296e-06,0.0046499531709009775,0.00025304250061189366,21067,0.28308791265887157
400,0.29474807367403594,0.29258597203046527,0.0026705527477485164,0.0001,6.2413910046869954e-06,0.004674231587411238,0.0002538420228476392,20550,0.29474807367403594
401,0.29414113474917897,0.29294982345627596,0.002506407284383573,0.0001,5.794670213341336e-06,0.004623885550800639,0.00023426982525478657,20677,0.29414113474917897
402,0.2944920941547814,0.2933332688190504,0.0025243588840152416,0.0001,6.016212083335334e-06,0.004766526757689824,0.00025746997530740577,20623,0.2944920941547814
403,0.29401182685148397,0.29380464192392663,0.0028545763044770705,0.0001,6.956402700129204e-06,0.004873860046563757,0.00026137957854159696,20527,0.29401182685148397
404,0.2975835058799832,0.2942381817577093,0.002708015724231165,0.0001,6.542343638372632e-06,0.004831835782807409,0.00026719553025164014,20479,0.2975835058799832
405,0.29794972152317517,0.294590784609613,0.0024909728703348326,0.0001,6.063505504323751e-06,0.004868383414797051,0.0002658838761406381,20558,0.29794972152317517
406,0.293005231817886,0.29500733415012603,0.002651062988865471,0.0001,6.309818579730957e-06,0.004760217773951317,0.0002671436875682641,20614,0.293005231817886
407,0.28953902801396053,0.2954522006583538,0.0027586272018429027,0.0001,6.652497798837884e-06,0.004823049518538553,0.0002723561097572848,20669,0.28953902801396053
408,0.2968596912454039,0.2958747332740672,0.0024948874416004883,0.0001,5.686777237619244e-06,0.004558744529148885,0.00025100491218699,20546,0.2968596912454039
409,0.2960421926716864,0.2962643204343358,0.002536268663536369,0.0001,6.107360778728922e-06,0.004816020373971982,0.00036261735666768294,20617,0.2960421926716864
410,0.29940463445401805,0.29670794552386903,0.002615144834129141,0.0001,6.139763596666766e-06,0.004695543831102069,0.0003543920388411081,20434,0.29940463445401805
411,0.2944485424284536,0.29702257162663503,0.0024574355859384406,0.0001,5.711606652621019e-06,0.004648428374117389,0.00034013615540150514,20617,0.2944485424284536
412,0.29388795602091794,0.29740079111920403,0.002362223524323687,0.0001,5.37674825618661e-06,0.0045522772936790485,0.0003627151245115777,20687,0.29388795602091794
413,0.2980272091954316,0.2978103698749144,0.002504801867671556,0.0001,5.701605734383212e-06,0.00455254030905317,0.00036812100604030824,20493,0.2980272091954316
414,0.29675579383471773,0.29831062272904574,0.002743674957998322,0.0001,6.6082535606339195e-06,0.004817081951613572,0.00037563177168593935,20446,0.29675579383471773
415,0.2936668148709191,0.29869145352748855,0.002619063806136475,0.0001,6.42359714551013e-06,0.004905262048568363,0.0003506624997804531,20715,0.2936668148709191
416,0.2961439025900751,0.2991495119758347,0.002749384968000352,0.0001,6.516773792166204e-06,0.004740532059361554,0.00034077475208565673,20460,0.2961439025900751
417,0.3000983746481346,0.2995097788224015,0.0025605417340588306,0.0001,6.082844723081883e-06,0.00475121701175297,0.00037612080071288095,20448,0.3000983746481346
418,0.30374802661460776,0.2998774144335067,0.0024662790743514794,0.0001,5.687385183783934e-06,0.004612118103689835,0.00035425951997279653,20266,0.30374802661460776
419,0.30484818024757393,0.30027938792816933,0.0025748902206588517,0.0001,5.818360127764949e-06,0.004519307332858776,0.000360600828723419,20139,0.30484818024757393
420,0.30068646844904173,0.3005935253243884,0.0023864673163984888,0.0001,5.413193429455757e-06,0.0045365745361432555,0.0003603458903255344,20198,0.30068646844904173
421,0.29531896218411263,0.3009306382715766,0.0023764189633610896,0.0001,5.524085192452733e-06,0.004649083581322495,0.0003520129066018659,20552,0.29531896218411263
422,0.3051760068183022,0.30139820234614667,0.0028215611876325135,0.0001,6.575654978597194e-06,0.004661004700106912,0.00036297702720434945,20162,0.3051760068183022
423,0.30155222839478535,0.3018027326220518,0.0024742001511183775,0.0001,5.399568770437883e-06,0.004364698440420992,0.00036121901319966784,20223,0.30155222839478535
424,0.3065834230357196,0.30218254435853614,0.002463850139554005,0.0001,5.431014618974988e-06,0.004408559215340982,0.0003534902077258006,19972,0.3065834230357196
425,0.29919886880293084,0.30255691421275577,0.002621495877500419,0.0001,6.109915194567742e-06,0.00466139599684857,0.00037001351172975946,20470,0.29919886880293084
426,0.3035522614272762,0.3030190146863031,0.0028410672108014814,0.0001,6.814259104918382e-06,0.004796971419057728,0.000363787282110095,20235,0.3035522614272762
427,0.2986401386136822,0.3033972100294146,0.0024799844612589566,0.0001,5.35363157895873e-06,0.004317471873385024,0.00036765824477722256,20377,0.2986401386136822
428,0.30503714668332965,0.3037773298377474,0.0024590833540860933,0.0001,5.587501261978789e-06,0.004544377280009166,0.00036617631997391126,20207,0.30503714668332965
429,0.3098329195288979,0.3041957386874592,0.0025333711087171355,0.0001,5.669950939236224e-06,0.004476210311017094,0.0003817865555295042,20034,0.3098329195288979
430,0.3089795344053618,0.30456836750472704,0.002441574315675564,0.0001,5.25736296778382e-06,0.004306535282608548,0.0004041790655711613,19957,0.3089795344053618
431,0.3062977911408935,0.30486379014067944,0.0023217234016008246,0.0001,5.102399167621653e-06,0.004395354902400137,0.00038136245907111044,20039,0.3062977911408935
432,0.30728701651858514,0.30518167277305797,0.0025017958210955646,0.0001,5.6525845099113654e-06,0.004518821609859461,0.0003958684344822945,19948,0.30728701651858514
433,0.30191507619620594,0.30552326224865267,0.0025832066327461972,0.0001,6.03990685640041e-06,0.004676286271361426,0.00039535317642406094,20226,0.30191507619620594
434,0.30680469367476676,0.3059082325211924,0.0025423722477838635,0.0001,5.680968730951122e-06,0.0044690298487195254,0.0003857535101319302,20094,0.30680469367476676
435,0.30172796398396184,0.30625916153912897,0.0024678105130088173,0.0001,5.482153453678684e-06,0.004442929005108016,0.00038614771763791094,20256,0.30172796398396184
436,0.3140335024550649,0.3066588685238228,0.0028485628050453067,0.0001,6.841043455881717e-06,0.00480315437929964,0.00037333143958678957,19768,0.3140335024550649
437,0.30871137639301505,0.30703953712420606,0.002473262234474941,0.0001,5.329783803043753e-06,0.004309922117235768,0.00039097690650157543,20082,0.30871137639301505
438,0.30967277472031174,0.30743149174785467,0.0026005532957824287,0.0001,5.821206404532522e-06,0.0044768983692611425,0.00039028637506182426,20046,0.30967277472031174
439,0.3102213472513316,0.30781611659940517,0.0025384711288218096,0.0001,5.6081947846765376e-06,0.004418561015724051,0.00032503891272194884,19944,0.3102213472513316
440,0.3054122669957222,0.3081709557244484,0.0025679577651374296,0.0001,5.893767266701069e-06,0.004590236916443718,0.0003170814037621333,20053,0.3054122669957222
441,0.30822649504223865,0.3084834595624276,0.0024148676944636947,0.0001,5.37057271495875e-06,0.0044479229460655575,0.00032061607545341594,19992,0.30822649504223865
442,0.3055690631091872,0.3088005088444056,0.002397531490262623,0.0001,5.329724028160719e-06,0.004446009614311182,0.00033280138615200184,20219,0.3055690631091872
443,0.30824321521779696,0.3091879540236425,0.002523394875826367,0.0001,5.341635192401055e-06,0.004233689497884681,0.00031615323101764437,20067,0.30824321521779696
444,0.30715504257916587,0.309598636035541,0.0026492182484296636,0.0001,5.656881299950291e-06,0.004270604208093036,0.00032219510977576156,19944,0.30715504257916587
445,0.3146667430564495,0.3099896357650067,0.0024700884126412767,0.0001,5.2351823798657016e-06,0.004238862344419241,0.00033224115807272683,19767,0.3146667430564495
446,0.3105144626289237,0.31036634957742604,0.0026626221917397277,0.0001,5.986872908647144e-06,0.004496975145193533,0.0003206866170320812,20010,0.3105144626289237
447,0.3030183773912857,0.31073018485133097,0.002299447496174475,0.0001,4.6683686738736e-06,0.0040604264125536525,0.00031910663893738075,20132,0.3030183773912857
448,0.3080776611454251,0.3109972218859337,0.0022144013276022435,0.0001,4.602789123627965e-06,0.004157140863541544,0.00030578187913099194,20007,0.3080776611454251
449,0.3149334651103779,0.31136899780320526,0.002542206118574862,0.0001,5.49541063021359e-06,0.0043233399448304915,0.000227673193822426,19821,0.3149334651103779
450,0.30969303068716264,0.3117405369368614,0.0025260423756767866,0.0001,5.77775424694395e-06,0.004574550532150872,0.00023407023095510312,20006,0.30969303068716264
451,0.31546966707609997,0.311950600578296,0.0022928748438248428,0.0001,5.175800736092158e-06,0.0045146822994125415,0.00020321815543576717,19680,0.31546966707609997
452,0.30931328439918016,0.31225676539161473,0.002326745982747346,0.0001,5.133867440707253e-06,0.004412916131605693,0.00022316153665217857,19981,0.30931328439918016
453,0.3138399258368546,0.31260036070399166,0.002487967169569562,0.0001,5.4606035834991496e-06,0.004389610643008505,0.00024957673033078234,19646,0.3138399258368546
454,0.31725363542059903,0.3129875702698105,0.0024341920927713695,0.0001,5.1771728983071535e-06,0.004253709404184987,0.00023883828549543188,19571,0.31725363542059903
455,0.30965140131346125,0.31333487600028986,0.002313480945081952,0.0001,4.854446085453292e-06,0.004196659666268683,0.0002308233413424976,19939,0.30965140131346125
456,0.3172566134545848,0.313697611058854,0.0024977035343304735,0.0001,5.227118915829555e-06,0.004185539912150319,0.00019529764815772143,19597,0.3172566134545848
457,0.314721455263216,0.3141053656019125,0.0026368769175909223,0.0001,5.877064959534081e-06,0.004457595210703598,0.00023498883431480712,19678,0.314721455263216
458,0.3092109060291173,0.3144291558573115,0.0023492510658365,0.0001,5.08783310943264e-06,0.004331451144938407,0.0002407682166065042,19960,0.3092109060291173
459,0.31275173236332304,0.3147903867371861,0.0025757517240689535,0.0001,5.529871116001838e-06,0.004293792033081681,0.0004118461054290235,19851,0.31275173236332304
460,0.31691372081987795,0.3150432374087445,0.0023469019543631816,0.0001,5.117091308418884e-06,0.0043607201390800125,0.000430027363448945,19669,0.31691372081987795
461,0.30817835108225405,0.3153844800989195,0.002372004152688148,0.0001,4.950435275037325e-06,0.00417405278943301,0.00043006200774399364,19917,0.30817835108225405
462,0.30797890819657686,0.31568465656462597,0.0025012603092588134,0.0001,5.387156677031629e-06,0.004307553801649681,0.0004136086680295501,19896,0.30797890819657686
463,0.3166784088307268,0.315948420517567,0.0023695352356470005,0.0001,5.362671160436156e-06,0.004526348525871894,0.00041338991492531445,19558,0.3166784088307268
464,0.3198405848989809,0.31623942789480425,0.002376973353943352,0.0001,4.9878224970831165e-06,0.004196784527523976,0.00042572964502300855,19556,0.3198405848989809
465,0.31963012776906086,0.3165972024382754,0.0023445955909837104,0.0001,4.689603480979381e-06,0.0040003517016013726,0.00042216261621561284,19595,0.31963012776906086
466,0.3134462934272739,0.3169861450197653,0.0027547501661277763,0.0001,6.214264354572566e-06,0.004511671824895589,0.0004422148492963158,19712,0.3134462934272739
467,0.3159935039814424,0.31734283103303773,0.002479708891396319,0.0001,5.110228981931299e-06,0.004121636212752166,0.0004205481495657439,19667,0.3159935039814424
468,0.3176599713107928,0.3177055693054975,0.0026205800200129257,0.0001,5.735908653079586e-06,0.004377587106118052,0.0004335318070889319,19479,0.3176599713107928
469,0.32410220941010615,0.31803792933908,0.002483171639684754,0.0001,5.051047612580974e-06,0.004068222697020025,0.000316248818889909,19275,0.32410220941010615
470,0.3225627883607556,0.31843583815588783,0.0026200413030762226,0.0001,5.55736439960222e-06,0.004242196024220877,0.00029570835172460126,19408,0.3225627883607556
471,0.3177672191803097,0.31873758628548843,0.0024828444677992257,0.0001,5.492861199593919e-06,0.00442465186267809,0.00030213855757223553,19669,0.3177672191803097
472,0.3202549383399856,0.31900360235724806,0.002439710051766142,0.0001,5.2678149288025516e-06,0.0043183942493404915,0.00028730337311474606,19591,0.3202549383399856
473,0.3219322603338214,0.3193516855866106,0.002494785340407056,0.0001,5.2452756705351025e-06,0.004204991576292707,0.00028623253245001207,19530,0.3219322603338214
474,0.3194271678201015,0.31959547524849397,0.002224176600501922,0.0001,4.572362316995683e-06,0.004111510134549436,0.0002841477189965897,19525,0.3194271678201015
475,0.3222242235712627,0.31989329631131436,0.002417087544123634,0.0001,5.028040009029972e-06,0.004160411997698656,0.0002915020623963194,19351,0.3222242235712627
476,0.31760467360777944,0.32015116991097825,0.0022367383906702057,0.0001,4.421498738821355e-06,0.003953523359963896,0.000299671769919054,19771,0.31760467360777944
477,0.3250415699170246,0.32039993270687095,0.002212771715572486,0.0001,4.53284096388202e-06,0.004096980209916765,0.00029729735877339855,19356,0.3250415699170246
478,0.32703783347743287,0.32064664382327135,0.0023548897196462356,0.0001,4.844925482238866e-06,0.004114779084403745,0.0003042770830573305,19162,0.32703783347743287
479,0.3241923709517258,0.3209754627462891,0.0026268488148052387,0.0001,5.839534337899749e-06,0.004446037628802559,0.000465007768272605,19252,0.3241923709517258
480,0.31966202400405236,0.32134658317497017,0.002544856881361882,0.0001,5.123562669841292e-06,0.004026601815894192,0.0004477893180999427,19542,0.31966202400405236
481,0.3223634673245469,0.32173153900978857,0.0027327872377748887,0.0001,5.841500755591798e-06,0.00427512297689747,0.00045572113761185125,19427,0.3223634673245469
482,0.3195096198689558,0.3220873597776477,0.0024602568216072385,0.0001,4.898049262784185e-06,0.003981738182588909,0.0004520008846201809,19651,0.3195096198689558
483,0.31775017546238193,0.3224070128223768,0.0023793809693654685,0.0001,4.632525750592811e-06,0.0038938915711578623,0.00044481682484323116,19454,0.31775017546238193
484,0.31806462024267423,0.32274056790820504,0.0025310986680418058,0.0001,5.28001684059535e-06,0.004172114589811906,0.00045124009707349355,19644,0.31806462024267423
485,0.32517416696013335,0.3230724108201484,0.002464697312226082,0.0001,5.2514786704496885e-06,0.004261357891210278,0.0004775932383906269,19350,0.32517416696013335
486,0.3234023086527559,0.3233974113098785,0.0025676554711237657,0.0001,5.471091675763771e-06,0.004261546564398907,0.0004441821576130435,19341,0.3234023086527559
487,0.3322130877829851,0.3236641141139799,0.002300050563820236,0.0001,4.768775271800711e-06,0.004146669944403381,0.00046624544369258225,18947,0.3322130877829851
488,0.322776264548278,0.3239916847807273,0.0025922685886034125,0.0001,5.486986799689716e-06,0.004233347442323355,0.0004578864089069556,19415,0.322776264548278
489,0.3236084718685255,0.32431325376207876,0.0024633969870418194,0.0001,4.989225714554656e-06,0.004050687518738901,0.00046728077166356116,19446,0.3236084718685255
490,0.32190598024464523,0.3245665819182797,0.00221813266602539,0.0001,4.332563819571533e-06,0.003906496564369102,0.00048431148803270167,19460,0.32190598024464523
491,0.32142802415000826,0.32492151794088836,0.0025692503732007983,0.0001,5.03996290645987e-06,0.0039232944823365205,0.0004965836295082461,19418,0.32142802415000826
492,0.3255379901977918,0.3252142155487837,0.0024018372113723306,0.0001,4.8553172001950645e-06,0.004043002729082455,0.0004971123314502326,19175,0.3255379901977918
493,0.323889547489441,0.3254429135852584,0.002257999181884035,0.0001,4.491622367644232e-06,0.00397840920730228,0.000490654373840874,19213,0.323889547489441
494,0.33017495373038186,0.32572728561202635,0.0023589578019207478,0.0001,4.6058102486247875e-06,0.0039049534882519485,0.0004816534561981384,19108,0.33017495373038186
495,0.3284555028998753,0.32605688492908447,0.002594514703681848,0.0001,5.386819527215662e-06,0.004152467912069478,0.000498126419837049,19139,0.3284555028998753
496,0.32798981951069106,0.3263068592625789,0.002266345351536174,0.0001,4.375410123636549e-06,0.003861203342792224,0.00048011477534062587,19127,0.32798981951069106
497,0.32932691458040253,0.32662829963609064,0.0024738549594951614,0.0001,5.082758734567185e-06,0.004109180867745312,0.0005089925877951053,19184,0.32932691458040253
498,0.3198482658971171,0.3269296012911357,0.002415751609957536,0.0001,4.724375848569384e-06,0.003911309282871536,0.0004891188945838369,19495,0.3198482658971171
499,0.3242163937301269,0.3272399229028597,0.00239481729562167,0.0001,4.603124529040205e-06,0.0038442385875998787,0.00029991166236295933,19415,0.3242163937301269
500,0.14017762558340904,0.13880986031910114,0.0015942933585571953,0.0001,3.1702318782543203e-06,0.00397697432688714,0.00021932054381563207,26821,0.14017762558340904
501,0.14534916422419802,0.13929852536075324,0.0017373931398983915,0.0001,3.7920881758132927e-06,0.0043652620569631885,0.00023153388272149233,26587,0.14534916422419802
502,0.13641461496800625,0.1397134688214423,0.001455972779976282,0.0001,2.7624695559237085e-06,0.003794671980019722,0.00019887743464277037,27069,0.13641461496800625
503,0.13874872066531077,0.14019277452667123,0.0017247501809890746,0.0001,3.743708839851056e-06,0.004341160686475986,0.00024195293549504536,26911,0.13874872066531077
504,0.13233257945415094,0.14064283183595577,0.0016213788937214015,0.0001,3.408683396313006e-06,0.004204672220062479,0.00020947223315770933,27292,0.13233257945415094
505,0.1473051369621886,0.14117051692239543,0.0018132278702658136,0.0001,3.893372535593831e-06,0.004294410646824081,0.00024399306351185657,26714,0.1473051369621886
506,0.13950292802385855,0.14161339968926842,0.0015541002091665813,0.0001,2.9766286612661607e-06,0.003830677898000465,0.00023106958767555964,26755,0.13950292802385855
507,0.14251894358790268,0.14204579344211216,0.0015482245331003854,0.0001,3.0583324308073754e-06,0.0039507608430450775,0.00023269752373878628,26783,0.14251894358790268
508,0.1438180551476885,0.14252446176098066,0.0018166770218678249,0.0001,4.029602043307669e-06,0.004436233843222848,0.00024460897849955536,26764,0.1438180551476885
509,0.13678987866530648,0.14296497497607186,0.0016122482542630578,0.0,3.1811450373466204e-06,0.003946222337577521,-0.0012769379995373352,26969,0.13678987866530648
510,0.1429432772335665,0.14344291449213353,0.0017769801882873961,0.0,4.084538227511248e-06,0.004597167998195648,-0.0011117857177425543,26793,0.1429432772335665
511,0.15051515512234687,0.1439678580602464,0.0018384479525559857,0.0,4.034218865456844e-06,0.0043887224110403435,-0.0013426634540730762,26529,0.15051515512234687
512,0.14416460491671992,0.14441203979744266,0.00161525480196924,0.0,3.305509187176289e-06,0.004092864089487768,-0.0011718151827774738,26732,0.14416460491671992
513,0.13935304932987053,0.14483038796020037,0.0016285745100980526,0.0,3.3195485778872446e-06,0.004076630890762723,-0.0011531885567414649,27048,0.13935304932987053
514,0.14627890687338152,0.1452874666849868,0.0016825824986151467,0.0,3.4287385977723005e-06,0.004075566696544544,-0.0013806789652355228,26547,0.14627890687338152
515,0.14281037406737743,0.1457761654979451,0.001723513088714778,0.0,3.5997421151839557e-06,0.00417721471192108,-0.001178327609238661,26775,0.14281037406737743
516,0.14878782114131575,0.14627081836783415,0.0017947251471712759,0.0,4.019617021087285e-06,0.0044793678045050335,-0.0011419120096836182,26603,0.14878782114131575
517,0.14386066105710038,0.14671868151605022,0.0016287566989479554,0.0,3.2402364951235193e-06,0.003978785164434257,-0.001251992561107956,26846,0.14386066105710038
518,0.14875401775305747,0.14716963093413532,0.001696896249675087,0.0,3.66089456608168e-06,0.004314812489900487,-0.001186026333548985,26581,0.14875401775305747
519,0.14344944756878217,0.14759108873701282,0.001552218193716381,0.0,3.009237566644438e-06,0.003877338352077428,-0.0015587643789414598,26720,0.14344944756878217
520,0.1549415296354479,0.14806817453327925,0.0017237394604301863,0.0,3.651970760623403e-06,0.004237265369224646,-0.0016865133483096673,26383,0.1549415296354479
521,0.14874320388080065,0.14850574275025946,0.0015870946987019774,0.0,3.058532213164758e-06,0.0038542529512148364,-0.0017062044979833549,26614,0.14874320388080065
522,0.14183661691202515,0.14891396132162965,0.0015713036466467184,0.0,3.134848610191655e-06,0.003990124527339652,-0.001618684927805498,26898,0.14183661691202515
523,0.14573338289040574,0.14937812041234794,0.0017093110023675088,0.0,3.614743780354077e-06,0.004229474654229005,-0.001620404565549244,26710,0.14573338289040574
524,0.14981397502614185,0.14987149444329298,0.0017892442685441565,0.0,3.7612338721595113e-06,0.004204270974381705,-0.001618456018981699,26547,0.14981397502614185
525,0.14248456075256274,0.15031962666489657,0.001667344895564027,0.0,3.401452203474982e-06,0.004080082306335719,-0.0017886857533517785,26875,0.14248456075256274
526,0.15052435652188706,0.1508079636374661,0.0018094912491243595,0.0,3.883271843178276e-06,0.004292114532255906,-0.001614448543240775,26486,0.15052435652188706
527,0.15514222041295145,0.15124081183907845,0.0015779547199564136,0.0,2.9914018875834194e-06,0.003791492683219767,-0.0019283804983461074,26436,0.15514222041295145
528,0.15452752653924307,0.15165623487298902,0.0015894416229234932,0.0,3.088194330784747e-06,0.0038858858183222437,-0.001673963336388909,26265,0.15452752653924307
529,0.15511598617135045,0.15209357274344318,0.001694164684642721,0.0,3.5448193709927223e-06,0.004184740011553579,-0.0004856670830505162,26442,0.15511598617135045
530,0.15455410575931397,0.15255443890018833,0.0016888134512082608,0.0,3.4672079786777936e-06,0.004106087592086836,-0.00048596672276606055,26355,0.15455410575931397
531,0.146824073156824,0.15295739921555515,0.0015914121245939612,0.0,3.0051650253122863e-06,0.0037767275727888976,-0.0004633908450686906,26644,0.146824073156824
532,0.15998054823852642,0.15341592686070032,0.001721750234831139,0.0,3.6284119321896383e-06,0.004214794758016101,-0.000489462824366733,26177,0.15998054823852642
533,0.15367885667876804,0.15384097308328198,0.0016747440063521707,0.0,3.294541862670278e-06,0.003934382628239711,-0.00047656700616777707,26475,0.15367885667876804
534,0.15566434032717896,0.15430466185568148,0.0017778394107211594,0.0,3.868938785424654e-06,0.004352405242108188,-0.0004888316955707745,26384,0.15566434032717896
535,0.15186183433909511,0.15472166742282414,0.0016017541544298877,0.0,3.069971493488968e-06,0.003833261783649518,-0.00048027432272272413,26438,0.15186183433909511
536,0.16224458240450854,0.15515986937470938,0.0016652743152937351,0.0,3.328943225348394e-06,0.003998071902959971,-0.0005014489170097167,26112,0.16224458240450854
537,0.15711832248893248,0.15563350387632593,0.0018478299883869383,0.0,4.057375283790414e-06,0.004391502799813631,-0.0004900187882232725,26354,0.15711832248893248
538,0.16325714996736812,0.1560848480057745,0.0017192896210987219,0.0,3.5450050628931495e-06,0.004123802085919292,-0.0004957907601628848,25966,0.16325714996736812
539,0.16535084567162645,0.1565303591126288,0.001805449077824703,0.0,3.9431749282476185e-06,0.004368082131675025,-0.00020221725182893756,25952,0.16535084567162645
540,0.152845750802024,0.15685605478711678,0.001599754035317033,0.0,3.149703653324838e-06,0.003937734906479723,-0.0002004912543821421,26509,0.152845750802024
541,0.15398701440120444,0.15725157603951798,0.0015664219728943193,0.0,2.9424360199106022e-06,0.0037568880810242783,-0.00018455418289377445,26544,0.15398701440120444
542,0.15649328465232576,0.15766067055398963,0.0016564901937638247,0.0,3.3459428840457924e-06,0.004039797997769303,-0.00019702360882938572,26402,0.15649328465232576
543,0.16258679775388793,0.15812323468417558,0.0018484131235158665,0.0,3.9554890956255326e-06,0.004279875581170725,-0.00021608613752717497,26130,0.16258679775388793
544,0.15349948136377659,0.15852248676480513,0.001610726282021216,0.0,3.131566681115895e-06,0.003888390865748159,-0.00019451129167384222,26512,0.15349948136377659
545,0.15360874078622944,0.15893747477975584,0.0017482741344237783,0.0,3.696503419959764e-06,0.004228745763807929,-0.00019857559024598467,26432,0.15360874078622944
546,0.15530822024139934,0.15937994779582454,0.0018112396365749118,0.0,3.6670265105352147e-06,0.004049189777526768,-0.00019517317237727989,26454,0.15530822024139934
547,0.15877157393842412,0.1597747573208968,0.001624845633960669,0.0,3.1796435802357806e-06,0.003913779270816254,-0.00019655692873360239,26241,0.15877157393842412
548,0.1533055530753813,0.16022813029106975,0.0018024683279490672,0.0,3.756364068799338e-06,0.004168022273183024,-0.0001922093687458578,26463,0.1533055530753813
549,0.1654149270973308,0.16063570106631161,0.0016697374111799743,0.0001,3.349545414087865e-06,0.00401206248558664,0.00033754353532136335,25934,0.1654149270973308
550,0.1574226488464656,0.16101935803909445,0.0016171597809783085,0.0001,3.1989148407083762e-06,0.003956213700507909,0.0003375407636866804,26296,0.1574226488464656
551,0.16327697759849885,0.16143100427204676,0.001727395742001621,0.0001,3.572515043902218e-06,0.004136301783125347,0.0003310326754499877,26171,0.16327697759849885
552,0.16263297030173018,0.16188966838966187,0.0018681358643243943,0.0001,4.119781642268447e-06,0.004410580323351753,0.0003258287809433819,26178,0.16263297030173018
553,0.1630220138612274,0.16229109005664852,0.0016192547288667633,0.0001,2.9474926506829415e-06,0.0036405546306426378,0.00032824625832854115,26169,0.1630220138612274
554,0.16174282949745264,0.16278736701584468,0.001954899225899181,0.0001,4.439272225747917e-06,0.004541689072188379,0.0003405560130134917,26032,0.16174282949745264
555,0.16830000235479456,0.16327008310844482,0.0018844630827044037,0.0001,3.843624409567357e-06,0.004079278012760376,0.0003347356294421983,25792,0.16830000235479456
556,0.1627740817212165,0.1636780174215014,0.0017727846260869866,0.0001,3.6761992508621255e-06,0.0041473726664434,0.00035749905851729805,26135,0.1627740817212165
557,0.1657000980309484,0.1640885934531258,0.0017637056256137322,0.0001,3.5774454869986725e-06,0.004056737626783718,0.00034187926864211773,25966,0.1657000980309484
558,0.17205780519733432,0.16452832337810627,0.0017884507638790293,0.0001,3.6520630435809287e-06,0.004084052093958516,0.0003505449821153869,25735,0.17205780519733432
559,0.16527957192125503,0.1649691234622523,0.0017776485834663906,0.0001,3.558015881385397e-06,0.004003058776045954,7.026262578742016e-05,25890,0.16527957192125503
560,0.16750068159383452,0.16542179090552117,0.0018812452187809924,0.0001,3.9842595138300416e-06,0.004235768387931646,7.812111708786094e-05,25835,0.16750068159383452
561,0.16863791414767346,0.16585316813282167,0.0017835294096727016,0.0001,3.5550788109326392e-06,0.0039865659536110895,7.720719998442099e-05,25836,0.16863791414767346
562,0.16820599472062428,0.16627758902833106,0.001782383701832351,0.0001,3.5972741567866633e-06,0.00403647559511293,7.790990139880567e-05,25975,0.16820599472062428
563,0.16524131536391984,0.1666772424715731,0.001706112802216383,0.0001,3.248515207858285e-06,0.0038080895983409685,8.456549917127785e-05,26001,0.16524131536391984
564,0.163031844591432,0.167126108817511,0.0018102679076047478,0.0001,3.5229643172080127e-06,0.003892202145780086,7.70803403339512e-05,26048,0.163031844591432
565,0.1711584509212433,0.16749935674704092,0.0016755574700918114,0.0001,3.285535267975051e-06,0.003921721966116771,7.94617618261486e-05,25853,0.1711584509212433
566,0.1683099936536162,0.16793110416189383,0.0018455799368461959,0.0001,3.9249079744741485e-06,0.004253305853748274,8.555447176220106e-05,25869,0.1683099936536162
567,0.17087418218093756,0.168348109339372,0.0017915779180463197,0.0001,3.493459616625032e-06,0.0038998690276720763,9.115995112731559e-05,25848,0.17087418218093756
568,0.1664749053909539,0.16873351789172897,0.0017291392060019499,0.0001,3.4430957736281528e-06,0.003982439079140595,8.125157392593417e-05,25950,0.1664749053909539
569,0.16481642835682,0.1691567661587377,0.0017449439860432506,0.0001,3.415063601278406e-06,0.003914238655903491,0.0003639504861782976,26087,0.16481642835682
570,0.1705615379246874,0.16956638609261532,0.001742281830843771,0.0001,3.442870717154506e-06,0.003952139838922794,0.0003722577062140167,25716,0.1705615379246874
571,0.16775615113650783,0.1699454930447291,0.0016717179668757896,0.0001,3.243439490096866e-06,0.0038803668493895614,0.0003589176637377744,25941,0.16775615113650783
572,0.1656877365500315,0.1703723421080134,0.0018109782337139154,0.0001,3.640144391013658e-06,0.0040200862972809195,0.00034612916817766887,25980,0.1656877365500315
573,0.174399899997291,0.17076391784607434,0.0017197264571902427,0.0001,3.3440877752519645e-06,0.00388909266502263,0.0003653333965418328,25576,0.174399899997291
574,0.17176368712322176,0.1711447847014165,0.0016477031936166968,0.0001,3.254405270055991e-06,0.003950232399456111,0.0003462679047672713,25666,0.17176368712322176
575,0.17219349469196407,0.17154929520622028,0.0019080923061833917,0.0001,4.18068258098102e-06,0.004382054859120851,0.00037252224146812357,25726,0.17219349469196407
576,0.17205044670000993,0.17192515168245773,0.0017230802130453252,0.0001,3.4553843379281616e-06,0.004010706305797811,0.00037331977139799767,25621,0.17205044670000993
577,0.16757847941650209,0.1723087367255264,0.0017225064668790352,0.0001,3.432520368656181e-06,0.003985494899041483,0.00038571928577031586,25892,0.16757847941650209
578,0.1775948518317543,0.17272892992015898,0.0018650174289327195,0.0001,3.905210923388178e-06,0.0041878546149812495,0.0003814824368396429,25502,0.1775948518317543
579,0.16681545080082633,0.17313656427774238,0.0017476327179529545,0.0001,3.401158161566657e-06,0.003892303144279099,0.00036041044849256343,25968,0.16681545080082633
580,0.17742524343190297,0.17357133700305577,0.0018675471752592299,0.0001,3.838735314316508e-06,0.004110991534962068,0.0003880599862316911,25387,0.17742524343190297
581,0.17344189253829825,0.17403234873581888,0.00201348911487345,0.0001,4.376127228306249e-06,0.004346809919140084,0.0003654447196244484,25628,0.17344189253829825
582,0.17253983926879835,0.174436208261272,0.0017701919442148612,0.0001,3.4424677158990395e-06,0.0038893722538387064,0.00038162564145563835,25650,0.17253983926879835
583,0.18038421995714057,0.1748305058439635,0.0018533614684134077,0.0001,4.0424803392685295e-06,0.004362322631784444,0.0003901540794727115,25305,0.18038421995714057
584,0.1697437470153081,0.17521613115445686,0.001731660337541505,0.0001,3.3770084379167997e-06,0.003900312739981386,0.00034848958697621276,25861,0.1697437470153081
585,0.17320005845038774,0.17564400132568972,0.0019218796104550067,0.0001,3.9733220826919785e-06,0.004134829321334328,0.0003811341726095691,25690,0.17320005845038774
586,0.179914705710618,0.1760278991662408,0.0017379872673813478,0.0001,3.228534835563743e-06,0.0037152571784121596,0.0003808153783518178,25426,0.179914705710618
587,0.17604913542053638,0.17643487106334715,0.0018229164739259182,0.0001,3.598291023042436e-06,0.003947839711265527,0.0003628896871731465,25464,0.17604913542053638
588,0.17991989917354473,0.17680699743986072,0.0016694800419843915,0.0001,3.0491771222184415e-06,0.0036528464498372824,0.0003842850414545508,25391,0.17991989917354473
589,0.18098070446161588,0.17721811102432608,0.0018263365104157867,0.0001,3.6659064645306645e-06,0.004014491791215495,0.0003854537844173658,25355,0.18098070446161588
590,0.1747018563788092,0.1776322939100939,0.0018138816575344811,0.0001,3.601949852714366e-06,0.0039715378759718175,0.00040205333678432393,25709,0.1747018563788092
591,0.18085463637548468,0.1779768406720241,0.0016558460232315732,0.0001,3.145706724604661e-06,0.00379951599420513,0.00039745247084892134,25404,0.18085463637548468
592,0.17773942642023663,0.17835239719597085,0.0017515724733314366,0.0001,3.4248323410180906e-06,0.0039105802279527325,0.00039487332776026556,25393,0.17773942642023663
593,0.1808600635139415,0.1787388345710851,0.0018333362519691774,0.0001,3.750692344397372e-06,0.004091657861855698,0.00041605087406516124,25353,0.1808600635139415
594,0.17294205932934714,0.1790986870009765,0.0016872731667845118,0.0001,3.0993618730640763e-06,0.003673811608076035,0.000381699042952894,25697,0.17294205932934714
595,0.17471393670366886,0.17947409131266193,0.0017714146880144015,0.0001,3.427944946372924e-06,0.0038702907563844865,0.0003987719002835964,25576,0.17471393670366886
596,0.18218838317116473,0.1798337492575953,0.0016862520627060292,0.0001,3.1320336286163565e-06,0.0037147870094702148,0.00041407206482629605,25284,0.18218838317116473
597,0.17668969528819234,0.18021390079393862,0.0017471042111673225,0.0001,3.260619230637496e-06,0.0037325984446673877,0.00040165224704156923,25661,0.17668969528819234
598,0.18506726194534753,0.18062229799994606,0.001909972836240624,0.0001,3.9716159339016e-06,0.004158819286371508,0.0004106760226123399,25252,0.18506726194534753
599,0.18187744437800524,0.18100520929560265,0.001794817403841195,0.0001,3.4997900720733237e-06,0.003899884260742308,0.0003456299644241505,25413,0.18187744437800524
600,0.17889957727515968,0.18138221113053105,0.001868440086896037,0.0001,3.8231373967844885e-06,0.004092330734710054,0.0003386523127499173,25433,0.17889957727515968
601,0.18546036771476176,0.181734027184703,0.0018510879987789157,0.0001,3.8049235569208566e-06,0.004111013154891398,0.0003438344143161388,25268,0.18546036771476176
602,0.17920715476989232,0.18209824792658655,0.0017035609153554815,0.0001,3.1969002882913963e-06,0.003753197504680131,0.0003427581900090802,25450,0.17920715476989232
603,0.1872760448835482,0.18248399370091542,0.0017727677386626655,0.0001,3.2353347328683146e-06,0.0036500379178932667,0.00035643272031755864,25070,0.1872760448835482
604,0.18202056744192535,0.18286837557809973,0.0018514139588288508,0.0001,3.688922646284947e-06,0.003984978754960289,0.0003428480743518386,25451,0.18202056744192535
605,0.18305663546074255,0.18325023497659793,0.0018077198821495474,0.0001,3.543659707362206e-06,0.003920584978186403,0.0003357717524451416,25307,0.18305663546074255
606,0.18438351322521324,0.18363443577979496,0.001877194307152907,0.0001,3.7263886516389996e-06,0.00397016828512624,0.0003402097205946841,25210,0.18438351322521324
607,0.1832112764504246,0.18401444220700694,0.0018441157099600147,0.0001,3.6487891131422443e-06,0.003957223609598076,0.00033371678509192904,25396,0.1832112764504246
608,0.18639568848053925,0.18440544571710188,0.0018422796833523533,0.0001,3.78411282461234e-06,0.004108076378203854,0.0003416648190993466,25192,0.18639568848053925
609,0.18226054787047025,0.1847555626357496,0.001698119260925113,0.0001,3.161591524093693e-06,0.003723638965582781,0.000365835200942423,25308,0.18226054787047025
610,0.18161810148632293,0.18516219708480006,0.001913179732206784,0.0001,3.76295903409288e-06,0.003933722452466546,0.0003835849730225912,25485,0.18161810148632293
611,0.18020118328491547,0.1854993841600454,0.0017222267088825196,0.0001,3.4366323708742195e-06,0.003990917517594539,0.000388875613194241,25319,0.18020118328491547
612,0.18104444893308302,0.18586313599661086,0.0018080319632714655,0.0001,3.503981888681693e-06,0.0038760176367032403,0.0003685140339487845,25471,0.18104444893308302
613,0.1810632439537216,0.18621860167311288,0.001809218895188276,0.0001,3.608400087839165e-06,0.003988903827431735,0.0003756983114935262,25282,0.1810632439537216
614,0.18636489937454054,0.18659620338948202,0.0018285077924504636,0.0001,3.4943896326939928e-06,0.003822121674429408,0.0003663049165338834,25272,0.18636489937454054
615,0.1901406207185335,0.18694763992986022,0.001828405903559154,0.0001,3.5525184804374095e-06,0.003885918847146705,0.00037910724268503824,25131,0.1901406207185335
616,0.18237405675107657,0.18730607906838154,0.001875412915117815,0.0001,3.762187906981568e-06,0.004012116880132741,0.0003730283625697146,25342,0.18237405675107657
617,0.18557069394772852,0.1876330538288109,0.001877034237819084,0.0001,3.812922824145198e-06,0.0040627099360482765,0.00038822598906816,25284,0.18557069394772852
618,0.1932947150857676,0.18797673847448804,0.001727406313106825,0.0001,3.279595900849439e-06,0.0037971331654460885,0.00038427299283188827,24868,0.1932947150857676
619,0.19123950673274573,0.1883473200409504,0.0019017607210878528,0.0001,3.7134685529845296e-06,0.0039052952475118275,0.0004144112287917073,25011,0.19123950673274573
620,0.19637420137496966,0.18872050253037678,0.0018891005777310302,0.0001,3.6183175327534305e-06,0.0038307304284447745,0.0004097974319559563,24808,0.19637420137496966
621,0.18659647368765236,0.18909917552720124,0.001918003910536181,0.0001,3.9170928025821125e-06,0.004084551424597549,0.0004329046763996119,25096,0.18659647368765236
622,0.18898076181820883,0.18947128667339863,0.0019322457708802806,0.0001,3.816438011110887e-06,0.003950261471523074,0.0004115134409155335,25089,0.18898076181820883
623,0.1841320338436625,0.18981738001132503,0.0017571729934551924,0.0001,3.145396601945078e-06,0.003580064812810686,0.00041111511543509083,25280,0.1841320338436625
624,0.1843771169689449,0.1901762619941364,0.001826684261486463,0.0001,3.5334160108709864e-06,0.003868666397766707,0.00041631706540930013,25289,0.1843771169689449
625,0.18934451132025304,0.19052942110300553,0.0018772518935874652,0.0001,3.7468442990326063e-06,0.003991839679940142,0.0004341884913247932,24975,0.18934451132025304
626,0.1860429915704453,0.19089216924606395,0.0018787379715498114,0.0001,3.5729466069584584e-06,0.003803560327266988,0.0004100064569001736,25150,0.1860429915704453
627,0.18875670597102404,0.19122219240116925,0.001808789037129858,0.0001,3.509789629710744e-06,0.0038808170081348924,0.00042135342547833135,25055,0.18875670597102404
628,0.19170034015338147,0.19163109397489747,0.00198467411048401,0.0001,3.91054750615645e-06,0.003940745219075559,0.0004259863307290279,25009,0.19170034015338147
629,0.1919036104057782,0.19197457151416594,0.001835692781309916,0.0001,3.4104334576384173e-06,0.0037156908741611937,0.00029710953651834737,24990,0.1919036104057782
630,0.18577674074610437,0.19228221036666315,0.0017817300849911274,0.0001,3.562438319668781e-06,0.0039988529684467,0.00030617891063744506,25166,0.18577674074610437
631,0.19496616872372144,0.19261094369772525,0.0017838896358061223,0.0001,3.322197421689899e-06,0.003724666991731953,0.0003168032224080086,24790,0.19496616872372144
632,0.18906788818315898,0.19287371804592174,0.0017065272525950206,0.0001,3.3582446142688776e-06,0.003935764411804362,0.0002864336826809357,25106,0.18906788818315898
633,0.1859311127385013,0.19323147844273592,0.0018396259972554788,0.0001,3.6052693441271314e-06,0.003919567726815993,0.00032035480633716074,25243,0.1859311127385013
634,0.1875983991760897,0.1935616036928402,0.0017422109771782393,0.0001,3.1966746617236644e-06,0.0036696757207914485,0.0003271253679979059,25109,0.1875983991760897
635,0.19227154464131846,0.19390847399595545,0.0017556484500787042,0.0001,3.173363856090821e-06,0.0036150333581288,0.00033564788424974375,25062,0.19227154464131846
636,0.18681730836216534,0.19421800769514197,0.0016793860221059646,0.0001,3.1365713275196746e-06,0.003735378627942118,0.00031499211515842213,25154,0.18681730836216534
637,0.1981342487627795,0.1945897080470064,0.0018905743892997627,0.0001,3.621307827135969e-06,0.00383090752485782,0.00031520242794483955,24705,0.1981342487627795
638,0.19393889059839345,0.19492491360843983,0.001787734466717246,0.0001,3.3285406525788603e-06,0.0037237528442251736,0.00029608858863017375,24889,0.19393889059839345
639,0.19201782160582692,0.19527027297109195,0.0017978656305342457,0.0001,3.411250165646669e-06,0.0037947776604784385,0.0004678133647726384,25006,0.19201782160582692
640,0.198533199316673,0.19554970089614082,0.001673545341371635,0.0001,2.9862545990822256e-06,0.0035687764475322748,0.00044993942923369454,24889,0.198533199316673
641,0.1882204316016296,0.19588161886880492,0.0018374965264804136,0.0001,3.5096210455999884e-06,0.003820002917036696,0.000447830691061342,25254,0.1882204316016296
642,0.19900470804748877,0.1961914922066919,0.0018333582346486015,0.0001,3.5806509348246547e-06,0.0039061116012724653,0.0004886011210257461,24579,0.19900470804748877
643,0.19532568181858345,0.19651407207558114,0.0017819665036804219,0.0001,3.355697177192284e-06,0.003766285359754545,0.0004739892223832199,24791,0.19532568181858345
644,0.1865082079997541,0.19682831500538758,0.0018132064275320024,0.0001,3.5035237053811186e-06,0.0038644510103020614,0.0004685288535826818,25210,0.1865082079997541
645,0.20067027525990488,0.1971671617802639,0.0017849189034994887,0.0001,3.2896266024875966e-06,0.0036860236014510214,0.0004975011785287727,24621,0.20067027525990488
646,0.1893146763236912,0.19752081123255633,0.0019487631003410394,0.0001,3.896965162470621e-06,0.003999424210966065,0.00046209283375324753,25027,0.1893146763236912
647,0.19879514654771785,0.19787511067582797,0.0018949229754621289,0.0001,3.464920684732516e-06,0.003657057019837442,0.00046782059070750535,24756,0.19879514654771785
648,0.19281938562936837,0.19820960233789414,0.0018494178155058563,0.0001,3.639570540773209e-06,0.003935909463246634,0.0004826474463469932,24890,0.19281938562936837
649,0.20246176726398782,0.19855931811104896,0.001930136838961374,0.0001,3.780534583057592e-06,0.003917374671830973,0.0004246239360453181,24530,0.20246176726398782
650,0.18932708630066752,0.19890753546854176,0.0018898316116858496,0.0001,3.666999249381637e-06,0.003880768240626942,0.000379005496449553,25114,0.18932708630066752
651,0.20057794391479622,0.19921696190771537,0.0017521714876636606,0.0001,3.130717094648714e-06,0.0035735281811065216,0.00042623637245977307,24682,0.20057794391479622
652,0.19459828813546545,0.19953059898368936,0.0017748959609831536,0.0001,3.2425077069589888e-06,0.0036537439694920406,0.0003991717828582957,24911,0.19459828813546545
653,0.19959570323883216,0.19985335683367814,0.0017396505784712621,0.0001,3.037026753435583e-06,0.0034915365085607074,0.00040777081569062134,24661,0.19959570323883216
654,0.1965930223023131,0.20017910453645832,0.0018565667010216865,0.0001,3.622283743826382e-06,0.0039021315440301756,0.0004169175039844074,24760,0.1965930223023131
655,0.20051349123387766,0.2004852264653598,0.0018076667993337425,0.0001,3.460199801602516e-06,0.0038283601854919866,0.0004246743851832627,24570,0.20051349123387766
656,0.19905033441578185,0.20080469623576566,0.001831284329215691,0.0001,3.4830017993200643e-06,0.0038038897005270365,0.0004011219888374569,24599,0.19905033441578185
657,0.207607041265613,0.20111543646475283,0.0018455512358773161,0.0001,3.45814175971756e-06,0.0037475434899792094,0.0004229659942509126,24368,0.207607041265613
658,0.20252822580803415,0.20146174732147087,0.0018266429151768964,0.0001,3.3588696920346876e-06,0.0036776423723838833,0.00041207203631092,24511,0.20252822580803415
659,0.20287942335576248,0.2017764576191201,0.0017796234550677124,0.0001,3.1728858799764874e-06,0.0035657946302531315,0.0003027444695353443,24552,0.20287942335576248
660,0.1971560968100951,0.20206989860798172,0.0017716181549811026,0.0001,3.2933881554525e-06,0.003717943560459425,0.0002869296851794013,24785,0.1971560968100951
661,0.20388257015258518,0.20238269967199338,0.001791305685096552,0.0001,3.2849949856319817e-06,0.003667710109963637,0.00030214117067513084,24374,0.20388257015258518
662,0.2034120978228622,0.20269791421361938,0.0017779258999534957,0.0001,3.1962391260173776e-06,0.003595469446843628,0.0002953254494887556,24570,0.2034120978228622
663,0.19458269892458085,0.2030415678150479,0.0019728822271175084,0.0001,3.986771053615245e-06,0.004041570245619925,0.0002750079199114958,24819,0.19458269892458085
664,0.20151206024085438,0.20335334003486127,0.0018576464352640322,0.0001,3.5245627568544548e-06,0.0037946540202129474,0.00029951246342928284,24653,0.20151206024085438
665,0.2061831063777693,0.2036483958365632,0.0017833735864591388,0.0001,3.1864998002028106e-06,0.0035735639738049023,0.0002977715227558834,24467,0.2061831063777693
666,0.1985900507718613,0.20393829561768478,0.0018281496568674706,0.0001,3.4359849496182122e-06,0.003758975570419943,0.0002651654903638641,24784,0.1985900507718613
667,0.20377214129000815,0.20425582705324907,0.001837149055827342,0.0001,3.5702927953993093e-06,0.0038867753099015283,0.00029218923762104176,24463,0.20377214129000815
668,0.20490105567359632,0.2045839964017347,0.001933762907170168,0.0001,3.742294177668298e-06,0.0038704788097778755,0.0003007507006254865,24462,0.20490105567359632
669,0.20373641775816528,0.204866339385903,0.0017438915291597542,0.0001,3.082273764883142e-06,0.0035349374813102635,0.0003903586618383272,24526,0.20373641775816528
670,0.20854674377492166,0.2051802345926384,0.0019191123174948379,0.0001,3.629776528816979e-06,0.0037827661213234243,0.00040263151882344674,24288,0.20854674377492166
671,0.20611241048474305,0.20550889779046638,0.0018370272210614716,0.0001,3.3558268706612646e-06,0.00365354071206653,0.00038312732263248077,24444,0.20611241048474305
672,0.2051785515658584,0.20576830565521353,0.001632943184856304,0.0001,2.6445530524262105e-06,0.0032390019162349794,0.0003835035643032594,24414,0.2051785515658584
673,0.2050540906414266,0.20608751587107607,0.0018279771960171922,0.0001,3.350419181564726e-06,0.0036657122297418577,0.00038237651604589837,24456,0.2050540906414266
674,0.20785553353582262,0.20636585908159186,0.00173674413479949,0.0001,3.062548565453813e-06,0.003526770010721687,0.0003922250225890325,24315,0.20785553353582262
675,0.2058624977400762,0.20667684157192046,0.0017995887244151886,0.0001,3.2126725655176194e-06,0.0035704519837571657,0.0003968421164260046,24419,0.2058624977400762
676,0.20571772267178273,0.20699574460592196,0.0019110207007345514,0.0001,3.6710559720807754e-06,0.0038419845171428105,0.00040286130428026577,24494,0.20571772267178273
677,0.20614997112524,0.20730011134682957,0.001790865449620315,0.0001,3.321631205777638e-06,0.003709526258917848,0.00038865165888575385,24394,0.20614997112524
678,0.20882660942885606,0.2076254145220781,0.001982864859310611,0.0001,3.871955254368043e-06,0.003905415173593038,0.00039312959523760333,24305,0.20882660942885606
679,0.2101040228234645,0.20797005142481248,0.0019596699939330637,0.0001,3.69732328494963e-06,0.0037734141936103137,0.00041138976701128355,24276,0.2101040228234645
680,0.20301246278249538,0.20822972965498643,0.0017406602225204552,0.0001,3.1213290477546357e-06,0.003586373730348119,0.0004025354121577546,24472,0.20301246278249538
681,0.20580238253955932,0.20850917236158345,0.0017617637991752938,0.0001,3.1333302374467646e-06,0.0035570378264254496,0.00040633742034543787,24295,0.20580238253955932
682,0.20892928395832483,0.20883949407206323,0.001943306815269061,0.0001,3.5499230864279344e-06,0.0036534869929290385,0.0004083830845000297,24201,0.20892928395832483
683,0.2153866337411538,0.20913230382600187,0.0017586482355225635,0.0001,2.963001948740703e-06,0.00336963571098717,0.0003753807853782605,24139,0.2153866337411538
684,0.20389037329160137,0.20941733201259077,0.0017889929382144474,0.0001,3.1394381938088444e-06,0.003509726759393746,0.00041500243180708123,24600,0.20389037329160137
685,0.21149696777787702,0.2097282438687835,0.001864592342236348,0.0001,3.3378446081660367e-06,0.0035802406054748727,0.0004230244202581933,24160,0.21149696777787702
686,0.20856131784148368,0.21005287991828087,0.001971779351000615,0.0001,3.7926638240515443e-06,0.003846945473008315,0.00040150882332464687,24320,0.20856131784148368
687,0.2132372639194542,0.2103997982580166,0.001995201280381642,0.0001,3.6969663342438858e-06,0.0037058580210380873,0.00040520732865260463,24124,0.2132372639194542
688,0.21566129719265498,0.2107014821889299,0.0018024977491160243,0.0001,3.2331619567723508e-06,0.0035874241267240953,0.00041771863917118004,24056,0.21566129719265498
689,0.21141201660323056,0.21096988378257342,0.00171774403213761,0.0001,3.039347553927959e-06,0.0035387665415384474,0.0003388731609549839,24194,0.21141201660323056
690,0.21333560900957674,0.21127466634983127,0.001883642714050066,0.0001,3.3753170049335184e-06,0.003583818714405947,0.00033921807825728094,23960,0.21333560900957674
691,0.2116964743263639,0.21151281810082126,0.001631167168434281,0.0001,2.7000083993773117e-06,0.00331052322732683,0.00031662419497843135,24313,0.2116964743263639
692,0.2046280588725826,0.21181885007595164,0.0018156927903308527,0.0001,3.1405797652573356e-06,0.0034593735041323413,0.0003333126497985537,24454,0.2046280588725826
693,0.20934622630273822,0.2121135168810901,0.0017955397296890133,0.0001,3.2533892765602633e-06,0.003623856629587081,0.0003477236106490528,24157,0.20934622630273822
694,0.21863258956723325,0.21245268351476618,0.002006676171706439,0.0001,3.836649883832836e-06,0.003823885425988013,0.0003447767635509091,23872,0.21863258956723325
695,0.2055878149717023,0.21272736793055055,0.0017905063502319171,0.0001,3.263999537581261e-06,0.0036458955168279495,0.0003370695337554617,24361,0.2055878149717023
696,0.2156214959106231,0.21298053992944407,0.00179257131613864,0.0001,3.23654902154251e-06,0.003611068627957662,0.00034105782851038565,23894,0.2156214959106231
697,0.2111628495726798,0.21330119491102092,0.0019101519054519663,0.0001,3.322882597656082e-06,0.0034791815123937438,0.0003449200289085238,24240,0.2111628495726798
698,0.2113869918987377,0.2135908866144432,0.0018222262320236554,0.0001,3.373223221717493e-06,0.0037023100232416173,0.0003570903670936012,24070,0.2113869918987377
699,0.20715860004053727,0.21384429397095706,0.0017367993902772114,0.0001,3.1259638673760184e-06,0.0035996832850995887,0.0004282307369662856,24288,0.20715860004053727
700,0.20966386748763635,0.21416216163652502,0.0020254296087262942,0.0001,3.7847282586744163e-06,0.003737210360082046,0.00043367437162498555,24290,0.20966386748763635
701,0.21734748438037388,0.21437392402552777,0.0017253212912190245,0.0001,3.1512954471522075e-06,0.0036529954892351225,0.0004366032327639034,23965,0.21734748438037388
702,0.21478209832086342,0.2146478108531487,0.0016968108715388205,0.0001,2.744414091866838e-06,0.0032347907924210276,0.00042789966728952185,24107,0.21478209832086342
703,0.2202218352931126,0.21493071863195246,0.0018315586335588756,0.0001,3.287008868872609e-06,0.003589302366461148,0.00043485363666201935,23880,0.2202218352931126
704,0.2187263221011458,0.2152123371723037,0.0017665795389389968,0.0001,3.097490377860123e-06,0.0035067658258064825,0.00045095265193481095,23889,0.2187263221011458
705,0.2106806635594054,0.21551131927618436,0.0019197643249524695,0.0001,3.6367506002598265e-06,0.0037887469341840877,0.0004393445468758466,24182,0.2106806635594054
706,0.2207567172512501,0.21581319467728183,0.0019438230259572356,0.0001,3.6989044668579704e-06,0.0038058037356939376,0.00044426801773074043,23737,0.2207567172512501
707,0.21650072770555173,0.2161171708642967,0.001872692535453807,0.0001,3.2907986903068195e-06,0.003514510393997341,0.0004322550111055521,24020,0.21650072770555173
708,0.21868149939084888,0.21639481021518914,0.0018350515301141384,0.0001,3.2680445845075784e-06,0.0035618014326870796,0.0004298723474527287,23839,0.21868149939084888
709,0.22131556508514905,0.21664033196415294,0.001691712801365652,0.0001,2.86688555117343e-06,0.0033893289083810306,0.00039167245186402376,23876,0.22131556508514905
710,0.21730352569817407,0.21689421429655698,0.0018228702143348735,0.0001,3.335163448957626e-06,0.003659244001827696,0.00039901391236659453,23803,0.21730352569817407
711,0.2211846484062319,0.21714664570844738,0.0017571726466280061,0.0001,3.0039076646825506e-06,0.0034190239307981644,0.00040133654033847136,23693,0.2211846484062319
712,0.2220256022740211,0.21742104433994033,0.0018308580341775532,0.0001,3.14331191606653e-06,0.0034337036049641606,0.00040722110508527494,23754,0.2220256022740211
713,0.22004848772776175,0.2176676115316396,0.00171208267553898,0.0001,2.9922099614068104e-06,0.0034954035855363523,0.00040150639109108426,23887,0.22004848772776175
714,0.21655708898427783,0.2179621457140501,0.0018714139042510364,0.0001,3.2320866485513996e-06,0.0034541654747883496,0.0004099484650314726,23907,0.21655708898427783
715,0.21206087771729848,0.21821936852369575,0.0017446785737592683,0.0001,2.9389488584384568e-06,0.0033690433328425508,0.00039828531646101236,24191,0.21206087771729848
716,0.22101730634428393,0.21850142096484138,0.001911485103922343,0.0001,3.487118034465397e-06,0.0036485955630100124,0.00041366954238807995,23705,0.22101730634428393
717,0.21861975243932139,0.21877125316374918,0.0019565684506300004,0.0001,3.8143060378489085e-06,0.0038989753071207193,0.00040678796746608037,23964,0.21861975243932139
718,0.21944099937323136,0.21902340667883202,0.0017318584736819554,0.0001,2.9374884142999593e-06,0.0033922961476809564,0.00040700327431949547,23788,0.21944099937323136
719,0.22027095562854968,0.2192675124584081,0.001761331176315484,0.0001,3.010955235611237e-06,0.003418954113910404,0.00031917473341944337,23802,0.22027095562854968
720,0.21311614458057912,0.21952704369145018,0.0018617876493219401,0.0001,3.3043813291084537e-06,0.0035496865932179793,0.00031066451463242564,24068,0.21311614458057912
721,0.22055047314293846,0.21977211877369854,0.0018267102284943272,0.0001,3.2202072531494806e-06,0.0035256902851020307,0.0003036694562913578,23830,0.22055047314293846
722,0.21942978741098823,0.22004850354102662,0.00180770778060595,0.0001,3.0776718330936276e-06,0.003405054584720525,0.0002911833917311567,23821,0.21942978741098823
723,0.22159020576003274,0.22037480159965953,0.0020546480094940796,0.0001,3.7960550743259042e-06,0.0036950904065174797,0.00027086199568369555,23785,0.22159020576003274
724,0.2216052509259948,0.2206135087855947,0.0016489729877059147,0.0001,2.6679895161388242e-06,0.0032359408383645944,0.00031407865233472196,23899,0.2216052509259948
725,0.22427828828895033,0.22084903131865774,0.0017589464659739263,0.0001,3.0252300492339064e-06,0.00343982049227273,0.000297858863129023,23587,0.22427828828895033
726,0.21207148663684097,0.22109827339429788,0.001735018332008448,0.0001,2.938325072909701e-06,0.003387082451755205,0.0003040214831049019,24041,0.21207148663684097
727,0.22075734736671976,0.22134591402911621,0.0017738969197098114,0.0001,3.1174098161180866e-06,0.0035147587004413514,0.00030701196952709066,23840,0.22075734736671976
728,0.22307466312906557,0.22163126216739945,0.001865844445968494,0.0001,3.3307118183646973e-06,0.003570192387217834,0.0003164242634202752,23740,0.22307466312906557
729,0.22039755496155333,0.22187430898521143,0.00180259891504594,0.0001,3.1499299710457683e-06,0.003494876142167755,0.000506831157821836,23629,0.22039755496155333
730,0.21800794973865403,0.22214923272266202,0.00184805084507735,0.0001,3.1367224724613295e-06,0.0033946278922104465,0.000472005814998472,23927,0.21800794973865403
731,0.2180598885829288,0.22239695357522546,0.0017963257486590777,0.0001,3.083783054002652e-06,0.0034334341155045365,0.00048097059607390676,23808,0.2180598885829288
732,0.22553941731147692,0.22266817352341897,0.0017799428018138018,0.0001,2.8751342141827165e-06,0.0032305916923317866,0.0004935101151623809,23532,0.22553941731147692
733,0.22013781551541212,0.22292329467481858,0.0017050036657360096,0.0001,2.7807047959680194e-06,0.003261816794707775,0.00048549618812419296,23713,0.22013781551541212
734,0.22528871674356699,0.22316515633751277,0.001743395037207975,0.0001,2.9994180903685214e-06,0.0034408932299957104,0.0004939046176775045,23564,0.22528871674356699
735,0.21934706842241355,0.22344014964169334,0.00182959949379247,0.0001,3.154466763109055e-06,0.003448259330866281,0.0004739531599375367,23858,0.21934706842241355
736,0.2256096410917523,0.22365459667187568,0.0018044747278839221,0.0001,3.1497258716918197e-06,0.0034910168848809,0.00048311005182827304,23584,0.2256096410917523
737,0.22314783371680763,0.22388447876301196,0.001681666627327004,0.0001,2.737384981773449e-06,0.003255561996998776,0.0004976091520069252,23648,0.22314783371680763
738,0.22211600467557197,0.22415323541797186,0.0018823343804745692,0.0001,3.193917413117751e-06,0.003393570713310256,0.0004817897928904382,23777,0.22211600467557197
739,0.22499827329857752,0.22439847899231707,0.0018426051930566672,0.0001,3.207153900626028e-06,0.0034811080666778474,0.00046155924019403583,23514,0.22499827329857752
740,0.2267201783633734,0.2246943348420036,0.0020249093962883434,0.0001,3.7586930442668788e-06,0.003712455531251481,0.0004519064156592033,23471,0.2267201783633734
741,0.2259824738141615,0.22489352823171962,0.0017415654898622272,0.0001,3.05526440970566e-06,0.0035086414234670638,0.0004329739083420076,23609,0.2259824738141615
742,0.22759564070355065,0.22509764348859834,0.0017215357760928213,0.0001,2.893919576850506e-06,0.003362020838647355,0.0004489391660992254,23409,0.22759564070355065
743,0.22848295533389043,0.2253202089343243,0.001781843679181732,0.0001,3.1271380971718356e-06,0.0035100027389696692,0.00044614999226978935,23405,0.22848295533389043
744,0.2311769772751696,0.22553085321802507,0.001772731940865286,0.0001,3.0463627207551896e-06,0.0034369129934763093,0.0004408569128728602,23310,0.2311769772751696
745,0.22653295928044748,0.22576930044129875,0.0018585971924704459,0.0001,3.3612706816395566e-06,0.003616997480956869,0.00045396251200736774,23516,0.22653295928044748
746,0.2295841468944676,0.22601411521314854,0.0018238162083531388,0.0001,3.217255547909507e-06,0.003528047983315829,0.0004534549478303813,23471,0.2295841468944676
747,0.2291967631134007,0.22621613946637853,0.001732787240245169,0.0001,2.9886332075989623e-06,0.0034495097126593637,0.0004409442019349337,23482,0.2291967631134007
748,0.22650662843629488,0.22648480217957595,0.0018900284456024863,0.0001,3.306948558719571e-06,0.0034993637967871013,0.00044702401266581053,23573,0.22650662843629488
749,0.23092422076718108,0.22673192269602704,0.0018356550515642594,0.0,3.2011182539684235e-06,0.0034877121943369263,-0.0011707571770107855,23363,0.23092422076718108
750,0.22795478660982368,0.2269708140682503,0.0019786945173271434,0.0,3.676155538419996e-06,0.0037157383378064986,-0.0011381172649334611,23497,0.22795478660982368
751,0.22354095227192194,0.22721183040965787,0.0017908343507271234,0.0,2.988601525615862e-06,0.003337663837420156,-0.0010185179806320892,23693,0.22354095227192194
752,0.21953561378112796,0.22744080594751054,0.001766216708457724,0.0,2.897018116272929e-06,0.0032804786665195022,-0.0010590944663571894,23772,0.21953561378112796
753,0.2276594535566526,0.22769112972089345,0.0017651514993508237,0.0,2.8805373799664802e-06,0.0032637848717527824,-0.0011024996646813458,23448,0.2276594535566526
754,0.22396576663175333,0.2279205438425203,0.001679846470815628,0.0,2.6663568212623693e-06,0.003174524419446205,-0.0010621103842512827,23689,0.22396576663175333
755,0.22344285434371194,0.2281463416055438,0.0018049370282410002,0.0,3.06843084211928e-06,0.003400041989397953,-0.0010689554602994762,23703,0.22344285434371194
756,0.22829626936068598,0.22838404883654428,0.0018230640601160212,0.0,3.0739564153834443e-06,0.0033722966544442933,-0.0011203386818520334,23390,0.22829626936068598
757,0.22781549152024771,0.2286006257303042,0.00177975769181336,0.0,3.008374043992208e-06,0.0033806557576127514,-0.001107752207338269,23536,0.22781549152024771
758,0.23225658486798484,0.2288109927375641,0.0018125185514525537,0.0,3.113274864983435e-06,0.0034353026207521622,-0.0011120550639455375,23437,0.23225658486798484
759,0.23706971447006606,0.2290287029293266,0.0017256374189317135,0.0001,2.7559545511006186e-06,0.003194129335473893,0.00042802703910866996,23000,0.23706971447006606
760,0.22919275196235145,0.22925156044833406,0.001679643087070607,0.0001,2.5443335493292146e-06,0.003029612146669417,0.00042920831710475124,23436,0.22919275196235145
761,0.22659266208622733,0.22949446212372626,0.001776474066829355,0.0001,2.918455738189437e-06,0.003285672211808064,0.0004301384920301288,23528,0.22659266208622733
762,0.2274846740318278,0.22973546690778582,0.001838202038047672,0.0001,3.0511347886758195e-06,0.0033196947076790163,0.000441154896992555,23422,0.2274846740318278
763,0.2231371306521826,0.22997941580178619,0.0017389174144339472,0.0001,2.7696768485916117e-06,0.0031855185595380297,0.0004310592408631032,23720,0.2231371306521826
764,0.23038197177835434,0.2302321308871178,0.0017990249537241198,0.0001,2.950365074420078e-06,0.0032799601454249925,0.0004351725206445888,23409,0.23038197177835434
765,0.22822404601159071,0.23047233120485638,0.0018712410981208021,0.0001,3.2157140104010555e-06,0.0034369852325608317,0.0004377310754433855,23350,0.22822404601159071
766,0.2294089988192392,0.23069189767272996,0.001709188360269098,0.0001,2.7030105323066584e-06,0.0031629170840843904,0.00042373971724626235,23370,0.2294089988192392
767,0.23120003514622592,0.23086732510462143,0.0016923729465625305,0.0001,2.884767922130988e-06,0.0034091397265483287,0.0004428879330989091,23478,0.23120003514622592
768,0.2327352502507996,0.23107400189969673,0.0016800327642532817,0.0001,2.712479069253773e-06,0.0032290787739004353,0.0004330547108603078,23322,0.2327352502507996
769,0.23273884506370993,0.23131887631700201,0.0018332746290058387,0.0001,3.0791371535497242e-06,0.0033591662752890444,0.0005031208301914952,23379,0.23273884506370993
770,0.23498103185338468,0.23154349938648291,0.0017900008910264318,0.0001,2.879910042236552e-06,0.00321777498176008,0.0004954130227833758,23173,0.23498103185338468
771,0.2298653061013835,0.23177353869510592,0.0018318147226550128,0.0001,3.0844232577878326e-06,0.0033676148789952972,0.0005055295063306862,23394,0.2298653061013835
772,0.22618838997220522,0.23200388390755908,0.0017223184376246167,0.0001,2.765970612841165e-06,0.003211915465128423,0.0004947832777328028,23536,0.22618838997220522
773,0.22823647581172132,0.23223152011447717,0.0018993881055646953,0.0001,3.4183582579842614e-06,0.0035994310462084,0.0005052409466439229,23502,0.22823647581172132
774,0.22780269773130005,0.23244595577991822,0.00167725266231556,0.0001,2.645151741758481e-06,0.003154148210570339,0.0004925058284583221,23403,0.22780269773130005
775,0.22980702864814845,0.23265048420814338,0.0017503622002662542,0.0001,2.838626818736457e-06,0.0032434736288348347,0.00050360608301001,23355,0.22980702864814845
776,0.2314404243992232,0.2328753626359769,0.001971366431282991,0.0001,3.62522679002504e-06,0.0036778822369068088,0.0005034112947422534,23294,0.2314404243992232
777,0.23121039829423515,0.23311051540941494,0.0018105178157890465,0.0001,3.058411986098019e-06,0.003378494217981637,0.00048788837479948785,23527,0.23121039829423515
778,0.2334886946610063,0.23333366694673696,0.0018927946400850034,0.0001,3.2591987828861655e-06,0.0034437954481314446,0.0005111591667013778,23271,0.2334886946610063
779,0.23160285348784215,0.23358491269265275,0.0018149040416773705,0.0001,2.8115758743148183e-06,0.0030983190402907525,0.00035655405461520594,23311,0.23160285348784215
780,0.2322566817885982,0.2338155541571926,0.0017729084634452719,0.0001,2.815235065293369e-06,0.003175838034889355,0.000371102853564127,23407,0.2322566817885982
781,0.22952856890659493,0.23402131225247585,0.0017598274794079051,0.0001,2.8653513940683367e-06,0.0032564003319602505,0.0003694039149727149,23439,0.22952856890659493
782,0.2377534559210837,0.23422160825600846,0.0018042780968525597,0.0001,2.972226616979339e-06,0.003294643572034916,0.00036463285500232495,23035,0.2377534559210837
783,0.23457714287895373,0.23448596673647226,0.0020096703086547045,0.0001,3.5894847021243803e-06,0.0035722125033804376,0.0003907934344546066,23194,0.23457714287895373
784,0.2362917114135878,0.23468890220026017,0.0016936562868138493,0.0001,2.659752766586799e-06,0.003140841252495683,0.00035328472008320345,23180,0.2362917114135878
785,0.23671425906193908,0.23491159574078632,0.0017290270713518105,0.0001,2.7091679508005857e-06,0.0031337484481170886,0.00037665928815491453,23124,0.23671425906193908
786,0.2430937074404747,0.2351209120634628,0.00179177893170205,0.0001,2.8596994282849456e-06,0.0031920226069054782,0.0003763533673230201,22791,0.2430937074404747
787,0.23695194233486774,0.23534751426537137,0.0018799603467227716,0.0001,3.1391830267427246e-06,0.003339626851401503,0.00035946501274278204,23051,0.23695194233486774
788,0.23639368227958552,0.23553969880706527,0.0017468949959796858,0.0001,2.860683873259523e-06,0.0032751640823782966,0.0003826421675443898,23182,0.23639368227958552
789,0.23705863215711015,0.235743260484644,0.0017744046005547893,0.0001,2.87098822072461e-06,0.003236001777528035,0.0003640836467066954,23118,0.23705863215711015
790,0.23203584041078384,0.2359390813362408,0.0018313073844899946,0.0001,3.0935240934185704e-06,0.003378486997451925,0.00034488920713612913,23277,0.23203584041078384
791,0.2328392157882198,0.23617788666990638,0.0017264587616674864,0.0001,2.6650942424333062e-06,0.003087353490979705,0.00035344656061902103,23252,0.2328392157882198
792,0.23402405306507584,0.23641391606452122,0.001871376712751953,0.0001,3.0926213571109165e-06,0.0033051831157640743,0.0003643788444938022,23168,0.23402405306507584
793,0.23544946802421324,0.23661645286201866,0.0017053993978842735,0.0001,2.6141643286247873e-06,0.0030657502657359115,0.0003622289883388978,23120,0.23544946802421324
794,0.23335063926004826,0.23686080808509563,0.001825599262223228,0.0001,2.9208660377367046e-06,0.0031998983546691977,0.00037652100962018464,23290,0.23335063926004826
795,0.23739112926901582,0.23707841423031834,0.0018620619945141474,0.0001,3.150020054294733e-06,0.0033833675393999344,0.0003465637369664416,23159,0.23739112926901582
796,0.23983524430685793,0.23729848870108378,0.001782052261800076,0.0001,2.8600588600204455e-06,0.0032098484666565944,0.0003414441910359562,22954,0.23983524430685793
797,0.23292456583321922,0.23753767085514488,0.00186681789850568,0.0001,3.02671619023453e-06,0.0032426474940671036,0.00035460519183044955,23207,0.23292456583321922
798,0.23873059820681247,0.23771581108305484,0.0017364211176209457,0.0001,2.76015385436677e-06,0.00317912956293509,0.00035488675114866037,22924,0.23873059820681247
799,0.23490316589522042,0.2379459594443344,0.001878478189680891,0.0001,3.0785329898743662e-06,0.0032776882976717826,0.00022193925857070816,23246,0.23490316589522042
800,0.2331938385476001,0.23814177896440838,0.0017782616779583819,0.0001,2.868242247031365e-06,0.003225894459272594,0.0002211502676244464,23293,0.2331938385476001
801,0.23977386716533472,0.2383608505104685,0.0018510735608523868,0.0001,3.025067926127735e-06,0.003268447013780202,0.00023893065964536377,22914,0.23977386716533472
802,0.23525232591424716,0.23852703000454667,0.0017192996214948177,0.0001,2.80865260460802e-06,0.0032672055172862555,0.0002331346764138998,23209,0.23525232591424716
803,0.23586615280031445,0.23872465570693527,0.0016416330351215007,0.0001,2.4587251391943327e-06,0.0029954625505113053,0.00023326764525947755,23163,0.23586615280031445
804,0.23751270929712173,0.23895142461608682,0.0018099429008499963,0.0001,2.824586386036921e-06,0.0031211883918663085,0.00023112221943559028,23056,0.23751270929712173
805,0.24014313725572828,0.2391501338717034,0.0017114233717562023,0.0001,2.6389996465408177e-06,0.0030839822455302444,0.00023202424616549852,22940,0.24014313725572828
806,0.23684169127433738,0.23936616347997328,0.0017598913083357074,0.0001,2.677849232245267e-06,0.003043198428859397,0.0002337052495673446,23199,0.23684169127433738
807,0.237490334460897,0.23961522192229157,0.0018729345219046073,0.0001,2.874232568632957e-06,0.003069229100129052,0.0002251986233414353,23058,0.237490334460897
808,0.2410750339967955,0.23983052909154223,0.0017768007941702238,0.0001,2.696855732377536e-06,0.0030356309398623196,0.00022747890467100996,22992,0.2410750339967955
809,0.23897239101541579,0.23999626165023769,0.0016205531134550512,0.0001,2.4126369193690495e-06,0.0029775474797308675,0.0003349617448782887,22900,0.23897239101541579
810,0.24252088089544005,0.24018581214069337,0.0016579428797025475,0.0001,2.456086070918266e-06,0.0029628114466270557,0.0003404764142931403,22827,0.24252088089544005
811,0.24194972221841402,0.24038187513608747,0.0017617079569418948,0.0001,2.7147486771688123e-06,0.0030819508607786246,0.0003331448119285398,22800,0.24194972221841402
812,0.2442073300647295,0.2405683985533708,0.0016652228901602526,0.0001,2.4628393210022304e-06,0.002957969573388724,0.0003335331985862604,22860,0.2442073300647295
813,0.23959685535692474,0.24075146652024726,0.001816901066054439,0.0001,3.0972318188408447e-06,0.003409356598118749,0.0003496100255129029,22972,0.23959685535692474
814,0.24179777643351763,0.2409491322952827,0.0016903709731252194,0.0001,2.5437999020214405e-06,0.0030097534120789716,0.0003096236333461316,22956,0.24179777643351763
815,0.23787633173007744,0.24116163816432035,0.0018687373818580505,0.0001,2.981099822429195e-06,0.003190496269160242,0.0003430259788466922,23070,0.23787633173007744
816,0.24136214119913213,0.24136699769029415,0.0017983641958643176,0.0001,2.9109628000368852e-06,0.0032373451459178303,0.00034897892623244453,22762,0.24136214119913213
817,0.2440348315538521,0.24154547812321872,0.0017217348351131097,0.0001,2.709222466964659e-06,0.003147084454252417,0.0003615250378007175,22686,0.2440348315538521
818,0.23939647777596135,0.24177547401535343,0.001904506027837852,0.0001,3.1296791776871187e-06,0.0032866046438720714,0.00033828461953116514,23020,0.23939647777596135
819,0.24153498012749774,0.2419771544391253,0.0017041955033078936,0.0001,2.6341919948238857e-06,0.0030914199570540378,0.0004063563774144315,22956,0.24153498012749774
820,0.24095467400530038,0.24218237975393941,0.0018394984112018987,0.0001,3.0141283152421866e-06,0.0032771197810090016,0.000383738629366514,22868,0.24095467400530038
821,0.2446481426626631,0.2423493802609556,0.00175255347740448,0.0001,2.89191880963858e-06,0.0033002345970309472,0.00040312347911112363,22784,0.2446481426626631
822,0.23350067870040198,0.2425194080139348,0.0016310882155739035,0.0001,2.424693221690361e-06,0.0029730988165311773,0.00036972221420064025,23214,0.23350067870040198
823,0.24438024357701593,0.24271179105596713,0.0017482618262014771,0.0001,2.7193813328363385e-06,0.0031109543113972283,0.0003914479283998553,22687,0.24438024357701593
824,0.24728211597725042,0.24289810901584755,0.0017554972122897322,0.0001,2.7477258540024237e-06,0.003130424628152507,0.0004209978168078857,22693,0.24728211597725042
825,0.24355009597928365,0.24313349574609616,0.0019345289057237202,0.0001,3.0614469403152454e-06,0.0031650568066026773,0.0004059215846189409,22819,0.24355009597928365
826,0.23790901457269814,0.24331524137028446,0.001588152695524821,0.0001,2.277088555120332e-06,0.0028675939807763203,0.00038013948584880497,22953,0.23790901457269814
827,0.24635179586445982,0.24351331497118833,0.0017683440140746974,0.0001,2.851884532487051e-06,0.0032254861155840493,0.00038719588197507035,22724,0.24635179586445982
828,0.24306287635523602,0.2437199538803927,0.0017907471777269491,0.0001,2.7628046096000336e-06,0.0030856445219776332,0.00040265521204131753,22611,0.24306287635523602
829,0.23674674676591703,0.2438845911247035,0.0016649778423416667,0.0001,2.5432435441218957e-06,0.0030549878556281732,0.00035794714951066487,23053,0.23674674676591703
830,0.2406709917304607,0.24409118290804444,0.0018434056372883376,0.0001,2.9253945412792456e-06,0.0031739021321238025,0.00035714292148270976,22824,0.2406709917304607
831,0.2435118357050407,0.24427927725027576,0.0016586957596865877,0.0001,2.3783417070572577e-06,0.002867725070336766,0.0003406042897468505,22667,0.2435118357050407
832,0.24538961205369897,0.24448361376036604,0.00183516464062901,0.0001,3.082123005280228e-06,0.003358960757029209,0.00036914528077691114,22694,0.24538961205369897
833,0.24828039180700073,0.24464137764723837,0.0016382558161774274,0.0001,2.4461551370323403e-06,0.0029862920221336363,0.0003623187998675905,22636,0.24828039180700073
834,0.2434537792418093,0.24476679740129104,0.0015811236743785075,0.0001,2.410125227524346e-06,0.003048623288082375,0.00036822852964134354,22641,0.2434537792418093
835,0.242682029358759,0.24479651353826104,0.0013655778081428645,0.0001,2.284248852819992e-06,0.0033454686202413994,0.00034876871471812394,22863,0.242682029358759
836,0.24191879452163495,0.2449933044399123,0.0017459364535114506,0.0001,2.6904569166767276e-06,0.0030819643077680684,0.00038908831057655254,22868,0.24191879452163495
837,0.24616896306365238,0.24514043134728464,0.0016955714140190026,0.0001,2.670868570167028e-06,0.003150405282943859,0.0003376201643893982,22696,0.24616896306365238
838,0.2432863810892268,0.24532629131143854,0.0017784910719655257,0.0001,2.763713439337403e-06,0.0031079306305238233,0.00035733402483655036,22694,0.2432863810892268
839,0.24329479851180608,0.24552166592905383,0.0017526297515400634,0.0001,2.6380668046271704e-06,0.0030104097026871293,0.00041261288047930874,22826,0.24329479851180608
840,0.24451675460392555,0.24569182202597822,0.001550098381229138,0.0001,2.128276710295368e-06,0.002745989204385554,0.0004434977249802937,22850,0.24451675460392555
841,0.24435517898974082,0.2459097756701633,0.0018017674406882033,0.0001,2.66252989578873e-06,0.002955464546269911,0.00042322119563979196,22755,0.24435517898974082
842,0.23972193113652235,0.246101068775828,0.0016780731571126863,0.0001,2.4318654849379222e-06,0.0028984022235624346,0.0004207249479498301,22978,0.23972193113652235
843,0.24761753734363223,0.2463227281846999,0.001841536508368956,0.0001,2.818695286367238e-06,0.0030612429061900592,0.00042391839365727,22721,0.24761753734363223
844,0.25464966218398727,0.2465290835759546,0.0017324221550180713,0.0001,2.4761817651560886e-06,0.0028586355328967246,0.00043348964240695186,22433,0.25464966218398727
845,0.24313141279497735,0.24672742495461442,0.0018683579245900867,0.0001,3.0149380979675697e-06,0.00322736672485176,0.00042669465198034735,22806,0.24313141279497735
846,0.25167464168058284,0.24694306619373124,0.0017888923759027124,0.0001,2.5977496085959894e-06,0.0029043106713282415,0.00043495942655896746,22492,0.25167464168058284
847,0.2461227819548859,0.24714217059634014,0.0017779731680796626,0.0001,2.6894153414315464e-06,0.0030252597617502932,0.00041611365624867077,22708,0.2461227819548859
848,0.24026987086924775,0.24732996387220546,0.001650479876966524,0.0001,2.3662914966926516e-06,0.0028673981788154158,0.00041611136714512207,22820,0.24026987086924775
849,0.245597182225248,0.24750190030498576,0.0017157324535430232,0.0001,2.614885513558932e-06,0.0030481273559396036,0.00043976048482580155,22697,0.245597182225248
850,0.2497060901534103,0.24769298940239123,0.0018490867129032796,0.0001,2.9884891082318403e-06,0.0032323947680523504,0.0004372263996358204,22522,0.2497060901534103
851,0.2559198881025595,0.24789970826498497,0.0017839579470303529,0.0001,2.588534871249064e-06,0.002902013330031733,0.00042817199952788595,22363,0.2559198881025595
852,0.24587939258405847,0.24804318425566535,0.001581634207237111,0.0001,2.2324030669022954e-06,0.0028229069106971124,0.00042003542895677616,22646,0.24587939258405847
853,0.2502007145461306,0.24820660797650257,0.001613586211033642,0.0001,2.2629893175095567e-06,0.0028049190083992053,0.00041120663667043746,22534,0.2502007145461306
854,0.2479719257312844,0.2484050791449669,0.0018257030437125734,0.0001,2.852367880883783e-06,0.0031246788909147934,0.000442284922481186,22506,0.2479719257312844
855,0.24304562764183912,0.24861209343320884,0.001858567217208478,0.0001,2.86718011756173e-06,0.0030853660723319594,0.000453900532334862,22765,0.24304562764183912
856,0.24698554570093445,0.2487857775032454,0.0018099675921840431,0.0001,2.9034073486428756e-06,0.003208242358792077,0.00044799811042874174,22612,0.24698554570093445
857,0.2520629623821319,0.2489688729288184,0.0018509678845620868,0.0001,2.9613489541205356e-06,0.0031997842629464634,0.00044210892117593455,22396,0.2520629623821319
858,0.25656560055828215,0.24911457154996824,0.0015952077593125087,0.0001,2.2655570148314205e-06,0.0028404538551239423,0.00045013725945224135,22224,0.25656560055828215
859,0.24708783464143186,0.2493094974878182,0.0017510724563746236,0.0001,2.4869481640270365e-06,0.0028404857320135702,0.0005388690379620601,22664,0.24708783464143186
860,0.24643977276356246,0.24949325889760648,0.001839340084347631,0.0001,2.863818798295386e-06,0.003113963342250666,0.0005303157947597897,22610,0.24643977276356246
861,0.25421272197376077,0.24966648788331602,0.001761842882685891,0.0001,2.721515627225192e-06,0.003089396510858336,0.0005401698645518684,22288,0.25421272197376077
862,0.24968214590985105,0.24984424226688384,0.0016957669774202103,0.0001,2.502462035637982e-06,0.0029514220632424464,0.0005293230335924536,22591,0.24968214590985105
863,0.2492461721200263,0.2500182616200496,0.0016819175336220207,0.0001,2.478650540622523e-06,0.0029474103112353336,0.0005184438552525253,22634,0.2492461721200263
864,0.24847895534112022,0.2502204195699021,0.0017920827104273894,0.0001,2.5824904492775886e-06,0.0028821107801008774,0.0005224218638224041,22692,0.24847895534112022
865,0.2468872401690937,0.2504233140963363,0.0018445432113069105,0.0001,2.9085809192714723e-06,0.0031537140484886356,0.0005388216814560401,22695,0.2468872401690937
866,0.2543860571249685,0.2505990556254265,0.0017474661384035029,0.0001,2.622144096592076e-06,0.0030010814389658906,0.0005307142746246822,22453,0.2543860571249685
867,0.2487512645077879,0.2507661596788377,0.0017085954155407266,0.0001,2.5077375947702794e-06,0.0029354375786811355,0.0005278156926173262,22708,0.2487512645077879
868,0.2493964356356696,0.2509300928332464,0.0017643283564051935,0.0001,2.6361297303973433e-06,0.0029882529755044457,0.000560629542286314,22526,0.2493964356356696
869,0.25463799236064993,0.2511214181974127,0.0018065722000053935,0.0001,2.719741394345675e-06,0.0030109412669336484,0.00043217163749004997,22383,0.25463799236064993
870,0.25780123311458414,0.2513004274340861,0.0018059565741335062,0.0001,2.849412772194447e-06,0.0031555717485195773,0.0004523868504283385,22204,0.25780123311458414
871,0.2535581871108683,0.2514705072359229,0.0016853043185360674,0.0001,2.4715479796722876e-06,0.0029330583829740454,0.0004164710704465293,22388,0.2535581871108683
872,0.25395893388588897,0.2516355090597177,0.0017813550295713272,0.0001,2.7907327006308755e-06,0.003133269510348478,0.00043852523898089437,22392,0.25395893388588897
873,0.2515984562912756,0.251845806354402,0.001814922455240341,0.0001,2.6570205498812675e-06,0.002927971431737464,0.0004272325571835786,22549,0.2515984562912756
874,0.2497478347474935,0.25201277629785024,0.0017368685807593093,0.0001,2.58044230371021e-06,0.0029713731163034966,0.00043055429606346095,22462,0.2497478347474935
875,0.24425284055937546,0.25216336476365503,0.0016659031439354899,0.0001,2.4708113500210975e-06,0.0029663325374176455,0.0004333842494759401,22859,0.24425284055937546
876,0.25925728798130576,0.25236836035095295,0.0018037548517220495,0.0001,2.540548226855203e-06,0.002816955113861215,0.00042958348352099455,22162,0.25925728798130576
877,0.24658520806396833,0.2525145839324836,0.001699722354346255,0.0001,2.589360826695309e-06,0.003046804462004297,0.0004404448498808102,22679,0.24658520806396833
878,0.24568282576695524,0.25270978055056503,0.0018407439003111053,0.0001,2.832745340862758e-06,0.0030778266769038243,0.0004269137541805916,22672,0.24568282576695524
879,0.2541279538911174,0.2528612534684504,0.0015882070493041071,0.0001,2.1752981361586173e-06,0.002739313034924195,0.000380926765119189,22429,0.2541279538911174
880,0.25317663023630665,0.2530283469621233,0.0016018998816577754,0.0001,2.1607393944192897e-06,0.002697720898990494,0.0003792112485475811,22510,0.25317663023630665
881,0.25329652965903016,0.25317273380731775,0.001716897178007677,0.0001,2.6104931945712567e-06,0.0030409429615354446,0.0003992693891628039,22448,0.25329652965903016
882,0.25148092591434146,0.25333587826978543,0.0017892749510086555,0.0001,2.808650505605616e-06,0.0031394286317173504,0.00039845805397829804,22432,0.25148092591434146
883,0.25115170819944466,0.25346539631423576,0.0016144659598818585,0.0001,2.3071692686143174e-06,0.002858120673889152,0.00041644960318486105,22493,0.25115170819944466
884,0.2555085076870655,0.25362296112820476,0.0016827677432883455,0.0001,2.4554976853170237e-06,0.002918403558792568,0.0003879903266522987,22285,0.2555085076870655
885,0.25419501842689785,0.2538067919670939,0.0018863214284316609,0.0001,3.0050309941454123e-06,0.003186128248189257,0.0003936604461221356,22339,0.25419501842689785
886,0.2516214598715803,0.2539727660009471,0.0017170274033203826,0.0001,2.546994371208542e-06,0.0029667486567578035,0.000394620159972843,22405,0.2516214598715803
887,0.2562463220367948,0.25413302071553456,0.0017039510300165394,0.0001,2.496264413282081e-06,0.00292997201129407,0.00039283991841471545,22278,0.2562463220367948
888,0.24744068675840714,0.25434026309995444,0.0019212461601193801,0.0001,3.0309983131772963e-06,0.003155242025820324,0.0004009657093868467,22599,0.24744068675840714
889,0.2554076554667941,0.2544326643290366,0.00161229145279588,0.0001,2.415987144390074e-06,0.0029969608040785706,0.0004307317341027567,22182,0.2554076554667941
890,0.26006612883603053,0.2545796621802093,0.0016896630265917309,0.0001,2.468664936244841e-06,0.002922079606872215,0.00044692048235672906,22075,0.26006612883603053
891,0.25206156234630606,0.2547598790448433,0.0017101920721709952,0.0001,2.3479100836386445e-06,0.0027457852504930644,0.00043177093580465327,22417,0.25206156234630606
892,0.2576974994786858,0.2549070339734282,0.0017258843049547561,0.0001,2.5766836252810227e-06,0.0029859285676145835,0.0004412026629673052,22134,0.2576974994786858
893,0.2589266151486165,0.25507056887089213,0.0016832066460442832,0.0001,2.417076283399146e-06,0.0028719899473775663,0.0004300693193131651,22113,0.2589266151486165
894,0.24917290852947915,0.2552791538711116,0.0019420974890178107,0.0001,3.02580687891757e-06,0.0031160195572343084,0.0004355037663876866,22569,0.24917290852947915
895,0.251325347874818,0.2554640579443514,0.0017627747936056772,0.0001,2.535170942363477e-06,0.002876341267823438,0.00042032098214223913,22485,0.251325347874818
896,0.2522533216440743,0.25564413587992624,0.0018131494390410913,0.0001,2.687327007219825e-06,0.0029642642237377344,0.00042896255886212863,22404,0.2522533216440743
897,0.25635563947062406,0.25595829317473584,0.0001,0.010741414951995742,2.369135468068026e-06,0.002869678999020223,0.0004411216731977834,22156,0.25635563947062406
898,0.2556025868540793,0.2562769249233365,0.0001,0.01094035591593602,2.4082439634697607e-06,0.0028115773668397626,0.0004402496558565972,22337,0.2556025868540793
899,0.2563172109468943,0.25638859814962317,0.001544093195303831,0.0001,2.1448257900491503e-06,0.0027781040633717887,0.0003889354086288739,22223,0.2563172109468943
900,0.25694626658981407,0.2565269956079323,0.0016098635395804788,0.0001,2.2918773405611716e-06,0.00284729392797904,0.00040717633212086497,22305,0.25694626658981407
901,0.259245312201158,0.25668286680604685,0.0017491322852235178,0.0001,2.5399000960987204e-06,0.0029041829683844086,0.00039148385786202884,22095,0.259245312201158
902,0.25753730585082557,0.2568522759138866,0.001735382943499528,0.0001,2.5788282045527487e-06,0.0029720566451487077,0.0003797895536190685,22206,0.25753730585082557
903,0.2574202536397277,0.2570476358680085,0.001867559735017816,0.0001,2.665003250815036e-06,0.0028539951904559694,0.0003909504073901433,22142,0.2574202536397277
904,0.2611374841161467,0.2571907779160614,0.0017614670761726657,0.0001,2.6656468045690514e-06,0.003026621207545924,0.0003877576327177406,22058,0.2611374841161467
905,0.26340091996645654,0.2573658099351548,0.0017728935024800274,0.0001,2.6091629735736346e-06,0.002943395043101894,0.00040988832156443135,21936,0.26340091996645654
906,0.25974670774182596,0.2574676565287877,0.0015979148883856662,0.0001,2.422096171667162e-06,0.0030315709419469084,0.00037917112945475625,21983,0.25974670774182596
907,0.2600523894952232,0.2576021071218595,0.0015844147249255596,0.0001,2.234577556796477e-06,0.002820697790348375,0.000376301165826775,22241,0.2600523894952232
908,0.2627798202619085,0.257772616307247,0.0016520830435923584,0.0001,2.182642691662377e-06,0.002642291742086219,0.0003975929944965523,21946,0.2627798202619085
909,0.25903163021471315,0.25794033703773733,0.0017695792633641262,0.0001,2.5849302938796053e-06,0.002921519648648487,0.00022899951057870393,22257,0.25903163021471315
910,0.2506648123573057,0.2581256943138446,0.0019133414683941714,0.0001,2.952937724965964e-06,0.0030866813621557103,0.0002618245556385219,22374,0.2506648123573057
911,0.2597754891866681,0.25820694959984986,0.0014448639299079569,0.0001,2.006927561155187e-06,0.0027780160049853757,0.00022787075813736864,22173,0.2597754891866681
912,0.2630687065595829,0.2583804210867468,0.0017020882354902127,0.0001,2.257058018921354e-06,0.0026521045993497592,0.00022318134727489423,21988,0.2630687065595829
913,0.2574564518088123,0.25855746244530814,0.0017567402770907504,0.0001,2.521564607267111e-06,0.002870731251682745,0.00024048988294195198,22165,0.2574564518088123
914,0.2563891298524729,0.25873446270344275,0.001751902655021302,0.0001,2.4212300192129813e-06,0.0027641147894527734,0.0002485288725273181,22267,0.2563891298524729
915,0.2625986600729854,0.2588621602914024,0.001624408435447991,0.0001,2.3990012561702457e-06,0.002953692191962339,0.0002183286485714552,21904,0.2625986600729854
916,0.2599937637137793,0.2590322703880583,0.0016661549868867249,0.0001,2.222846299628804e-06,0.002668234728609825,0.00022028860723471438,22121,0.2599937637137793
917,0.2629199817743732,0.25918320776990367,0.0016764055554795365,0.0001,2.2745777331259193e-06,0.002713636596694855,0.00022364610403431803,22005,0.2629199817743732
918,0.2612359319230437,0.25934236221422974,0.0017294323780776028,0.0001,2.491767501451611e-06,0.002881601539369122,0.0002380714502466965,22028,0.2612359319230437
919,0.2630697460359512,0.2596114130977377,0.0001,0.008174969478113043,2.0196647951937086e-06,0.0027396483063835313,0.0004941094399437173,21906,0.2630697460359512
920,0.25655624361126006,0.25977373060335207,0.001707434723518508,0.0001,2.4286938829314954e-06,0.002844845368877927,0.0004872004225885782,22257,0.25655624361126006
921,0.2607844221014616,0.25988959262376743,0.0015994610854344416,0.0001,2.254077864904608e-06,0.002818546678542492,0.0004968666518179099,21930,0.2607844221014616
922,0.2546078430040185,0.26001037303774227,0.0015570489271424582,0.0001,2.2768571996249477e-06,0.0029245801592163224,0.00048341603434527697,22369,0.2546078430040185
923,0.26186228832076824,0.2601736137565987,0.0016502670933497183,0.0001,2.251801243712881e-06,0.0027290142944584404,0.000506706377520558,21986,0.26186228832076824
924,0.2521632826464036,0.26029963694667363,0.001678958097254021,0.0001,2.474355055432057e-06,0.002947488754459004,0.00048439161123711195,22442,0.2521632826464036
925,0.25998003472481696,0.26039813038597387,0.0015439080212466935,0.0001,2.1399722256230793e-06,0.002772149889985115,0.0004858347718072037,21949,0.25998003472481696
926,0.267614002314986,0.2606610241594188,0.0001,0.008091928907566057,1.9487649675522925e-06,0.0026738660184380918,0.00048165647271818525,21797,0.267614002314986
927,0.25941975278078205,0.260805341940738,0.0016145305311276188,0.0001,2.1768188262060475e-06,0.0026965347315986844,0.0004696756057735917,22215,0.25941975278078205
928,0.25896323051969977,0.2609341303240596,0.0016199128583600651,0.0001,2.2417549075786733e-06,0.0027677475316149236,0.0004962657900679545,22092,0.25896323051969977
929,0.25857820511948415,0.26108810072195815,0.001653224478114854,0.0001,2.1785885877354605e-06,0.002635562945716448,0.000329020720691833,22125,0.25857820511948415
930,0.2617106415823112,0.26124848814133933,0.0016844980111471294,0.0001,2.2970739162507847e-06,0.0027273097398155983,0.0003151030186233308,21887,0.2617106415823112
931,0.2662134216928728,0.26135070822027806,0.0014905701527432435,0.0001,1.996412942100194e-06,0.0026787238942440885,0.00032356768612052604,21842,0.2662134216928728
932,0.2677124553213058,0.26145445425864733,0.0015162577961138385,0.0001,2.02273257943383e-06,0.0026680589338014746,0.00031737655524206887,21715,0.2677124553213058
933,0.2674126895960869,0.26160310788439034,0.0016188187622125437,0.0001,2.1713097390539612e-06,0.002682585339060801,0.00032597955436334316,21775,0.2674126895960869
934,0.2617664033728576,0.261733024237941,0.001580142431829802,0.0001,2.11669356032195e-06,0.002679117423447484,0.0003078719404133724,21945,0.2617664033728576
935,0.26496339746840847,0.2618652043410744,0.00158044713201199,0.0001,2.0505946469768587e-06,0.0025949550673882355,0.0003231913537980014,21833,0.26496339746840847
936,0.26671044908694413,0.2620089051680972,0.001765541799406462,0.0001,2.6137513019608536e-06,0.0029608489618762257,0.0003283677170649625,21756,0.26671044908694413
937,0.2624122580804706,0.26208143213581414,0.0015806746733890808,0.0001,2.2606278927778464e-06,0.002860332908264919,0.00032080284638889275,22011,0.2624122580804706
938,0.25622296461243443,0.262189584688707,0.0015018880087985969,0.0001,1.9777940192888937e-06,0.0026337436715684107,0.0003414891763143704,22252,0.25622296461243443
939,0.26154844728294957,0.26229265965274595,0.0015502711744322308,0.0001,2.2110395323013086e-06,0.0028524551946353207,0.00040867300027958806,21852,0.26154844728294957
940,0.2607414338670422,0.2624324786906724,0.001610421240263798,0.0001,2.162810250149713e-06,0.0026860180381071347,0.00038028957910214803,22025,0.2607414338670422
941,0.26236847648051675,0.26258654532467024,0.001796696247194767,0.0001,2.6436355250650966e-06,0.0029427740267089436,0.0003966764348670194,21870,0.26236847648051675
942,0.25920428079036983,0.26272328748271845,0.001696534399846362,0.0001,2.402070323637843e-06,0.0028317378343231643,0.0003908839222086901,22140,0.25920428079036983
943,0.26326476856243436,0.26276975115372886,0.0013000487836752996,0.0001,1.7617677353442303e-06,0.0027103101936892388,0.00038659525109606147,21856,0.26326476856243436
944,0.25991709073700153,0.2629450469860418,0.0017441948051567944,0.0001,2.3620599965344413e-06,0.0027084818617173945,0.00038999157778660655,21965,0.25991709073700153
945,0.26466273614460745,0.26310253081203716,0.0018155878978389215,0.0001,2.7092810509814945e-06,0.002984466964343977,0.00038918245124974,21903,0.26466273614460745
946,0.26663073398908504,0.2632238224506393,0.0015895703103304306,0.0001,2.175529238086349e-06,0.0027372544944351818,0.00039330516893014574,21822,0.26663073398908504
947,0.26888023489720797,0.26328593282761453,0.0014759384918363921,0.0001,1.960300072561474e-06,0.0026563438563383893,0.0003777367906725144,21672,0.26888023489720797
948,0.2628694505387106,0.2633772863773557,0.00164053108527829,0.0001,2.333967415390591e-06,0.002845380299507913,0.0003897847726132747,22037,0.2628694505387106
949,0.26635193552702763,0.26354941363171436,0.001701100702628152,0.0001,2.2019539480195623e-06,0.0025888578431807197,0.0003043602468592544,21854,0.26635193552702763
950,0.26761202645564686,0.2636121672497897,0.0015770898403469707,0.0001,2.2342320162834175e-06,0.0028333604834989887,0.00029691935389384075,21841,0.26761202645564686
951,0.2673450638114051,0.26375495562319123,0.0016306970744687046,0.0001,2.1753727222155147e-06,0.002668027994008967,0.0002933436775074171,21674,0.2673450638114051
952,0.2651878661367563,0.2639037456728355,0.0017433659777595309,0.0001,2.4547979971344644e-06,0.0028161591179945173,0.00031235988913702904,21872,0.2651878661367563
953,0.2617010777819669,0.26408014828712173,0.00181682905811983,0.0001,2.5342200404600673e-06,0.002789717644743793,0.00030098100115344255,21984,0.2617010777819669
954,0.2625204569621611,0.2641671603966084,0.0015834929787524167,0.0001,2.2927932122337928e-06,0.0028958678604817188,0.0002881755095013316,21918,0.2625204569621611
955,0.26532663245058635,0.26431690070581726,0.0017344844649657427,0.0001,2.4372821226186548e-06,0.0028103821877318376,0.0003145282459413472,21803,0.26532663245058635
956,0.26619423467195996,0.2645748760569153,0.0001,0.012862857232126752,1.87784135071226e-06,0.002534115450222895,0.0002919788841350261,21740,0.26619423467195996
957,0.270457870932138,0.2647122717762209,0.0016354029134805462,0.0001,2.1991462306192163e-06,0.0026894243766985627,0.0003068047490000419,21598,0.270457870932138
958,0.26297289352440695,0.2648600303899794,0.0016123524981332918,0.0001,2.0693174061892653e-06,0.0025668300307594358,0.00029354014326049685,21938,0.26297289352440695
959,0.26505298849246733,0.26497498343381976,0.0015949644682966338,0.0001,2.2238450461820286e-06,0.0027885825551424567,0.000401604568942772,21895,0.26505298849246733
960,0.26372363365083384,0.26509342897395993,0.0016025842213614019,0.0001,2.2814886282352388e-06,0.002847262063140874,0.0004164518527622927,21966,0.26372363365083384
961,0.2686629520463403,0.26525935602364925,0.0017878774469693413,0.0001,2.513680918303038e-06,0.002811916356531056,0.00041971649133113836,21605,0.2686629520463403
962,0.2698204214766957,0.2653998424866044,0.0016107901629920937,0.0001,2.123651878131308e-06,0.002636782775214567,0.0004247576010028749,21687,0.2698204214766957
963,0.26291844765130595,0.2655395163797746,0.0015695403562266173,0.0001,2.023433256927373e-06,0.002578376846316936,0.000393950323118879,21947,0.26291844765130595
964,0.27025159833688056,0.26566889628426443,0.001596335533858806,0.0001,2.1337521595240987e-06,0.0026733128647035767,0.0004096007928255845,21629,0.27025159833688056
965,0.2685050817466417,0.2657248739424667,0.0013415086313681873,0.0001,1.7422172050389619e-06,0.0025973999187200113,0.00042244182802872584,21668,0.2685050817466417
966,0.26416143556073207,0.26586291043237975,0.0016735711792302498,0.0001,2.35103966984744e-06,0.0028096082186701947,0.00042300629491439306,21809,0.26416143556073207
967,0.2610031210309738,0.26597247383179123,0.0015806931725881044,0.0001,2.2278302520779826e-06,0.002818801638056431,0.0004167958509688111,21964,0.2610031210309738
968,0.25982926885097735,0.26613806036951065,0.0017200786376767962,0.0001,2.2791411554519334e-06,0.002650042975395855,0.00043089284026653413,22056,0.25982926885097735
969,0.2609501990377843,0.26640391991513623,0.0001,0.01168667446842259,2.0115986102822112e-06,0.0024306401062043222,0.0003442550942473076,22043,0.2609501990377843
970,0.25996802729645063,0.26655451055114815,0.0016548718616354863,0.0001,2.2578068307290944e-06,0.0027286787370929566,0.00034144929213569743,21998,0.25996802729645063
971,0.2656412690246476,0.266649906725775,0.0016003870516957041,0.0001,2.1471053675508055e-06,0.002683232615854798,0.0003346400486149741,21852,0.2656412690246476
972,0.26657129536051083,0.26679440758642453,0.0016927813987314244,0.0001,2.2880510293844275e-06,0.002703303605650558,0.0003535276781927159,21755,0.26657129536051083
973,0.26812695956523575,0.26690016920428467,0.0015757003478423883,0.0001,2.075941281947291e-06,0.0026349442453190847,0.00034187521276426633,21715,0.26812695956523575
974,0.2665596898057364,0.2670286878307202,0.0017855691631089212,0.0001,2.630551479363348e-06,0.002946457111505216,0.0003588355753690817,21725,0.2665596898057364
975,0.2659867063643929,0.26716058130829773,0.0016828928886737234,0.0001,2.299197093741945e-06,0.002732434261522047,0.00033115455469952514,21754,0.2659867063643929
976,0.26423473716163237,0.2674160809225764,0.0001,0.011493120981681242,1.8892382213578317e-06,0.002713791483815947,0.0003287598250064656,21856,0.26423473716163237
977,0.27334213263501794,0.2675460458453006,0.0016105774014114464,0.0001,2.1299844203977287e-06,0.0026449947932103033,0.00033885821220616615,21474,0.27334213263501794
978,0.26610118930647886,0.26769842585797204,0.0017405439119262984,0.0001,2.3613477887031105e-06,0.002713344687856515,0.0003413906191076199,21843,0.26610118930647886
979,0.2731214910465468,0.26781789826867336,0.0016741888390987174,0.0001,2.351951288894537e-06,0.0028096606953379117,0.0002645374368168182,21516,0.2731214910465468
980,0.2711742753140546,0.26796627976036347,0.001668330613531617,0.0001,2.1776668216585704e-06,0.002610593852316552,0.00025118937449691934,21602,0.2711742753140546
981,0.26484784004062,0.2681021895678834,0.0016396422234507724,0.0001,2.0798862127308172e-06,0.0025370000637742933,0.0002707225810222007,21734,0.26484784004062
982,0.26931603273594706,0.26824160443827727,0.0016668169139628132,0.0001,2.1804447142129395e-06,0.002616297802053124,0.00025029860519270886,21586,0.26931603273594706
983,0.2671522805459958,0.26836131053972573,0.0016482935887751986,0.0001,2.31946800972486e-06,0.0028143869824166358,0.00026293734979794113,21825,0.2671522805459958
984,0.2733810239067282,0.2684849802938929,0.0015782711115540427,0.0001,2.0050030496638136e-06,0.002540758726413727,0.00023739768150638047,21434,0.2733810239067282
985,0.27034079830773305,0.26861029894191973,0.0016464398381853783,0.0001,2.2320658606378573e-06,0.002711384660247199,0.0002226047445473046,21607,0.27034079830773305
986,0.26150609661369745,0.2687309155054172,0.001592026554552675,0.0001,2.084970265024392e-06,0.0026192656888317086,0.00026238734747289106,21955,0.26150609661369745
987,0.26395841579985724,0.2688383212500342,0.0014873864654037844,0.0001,1.8492472486042755e-06,0.0024865726448603334,0.00026397635656569225,21828,0.26395841579985724
988,0.2668455792134536,0.26898110371152634,0.0017375014555530597,0.0001,2.3799148112830982e-06,0.0027394679914389524,0.00024421846634865526,21764,0.2668455792134536
989,0.2628558378935332,0.26913367408754385,0.0017051068520655176,0.0001,2.245463856011393e-06,0.0026338101372254796,0.0003443690158300869,21998,0.2628558378935332
990,0.26451538380352135,0.2692577161178295,0.0015851441836225195,0.0001,2.053625802873755e-06,0.0025910902290044273,0.00034259755670214433,21885,0.26451538380352135
991,0.2755310718540489,0.26938363454301395,0.0016869301929006272,0.0001,2.282795932431904e-06,0.002706449789136446,0.0003728441627637609,21233,0.2755310718540489
992,0.2659749450144854,0.26952771040976536,0.0016352447938741328,0.0001,2.1024136249421787e-06,0.0025713747969944665,0.00035736831260333986,21892,0.2659749450144854
993,0.26690380252288026,0.2696126905825741,0.0015304393374853938,0.0001,2.015203201790539e-06,0.0026334963463519457,0.0003390692544731309,21777,0.26690380252288026
994,0.27435187944270967,0.26976311367867156,0.0017366072106226413,0.0001,2.3391849658776506e-06,0.0026939712694604807,0.0003662308894645064,21433,0.27435187944270967
995,0.2692517347087948,0.2698639683168087,0.0016421511154881868,0.0001,2.2456874522522974e-06,0.002735055782713015,0.0003782191614580704,21648,0.2692517347087948
996,0.27017667044096294,0.2700225169517051,0.0017105320747097528,0.0001,2.160295693548623e-06,0.002525875691533218,0.0003521038940577242,21645,0.27017667044096294
997,0.26512637510791703,0.27016629816437404,0.0017655883877997123,0.0001,2.408893513397497e-06,0.0027287147220077445,0.00035090300748758055,21920,0.26512637510791703
998,0.26096281191614223,0.27028406496095575,0.0015871623160089807,0.0001,1.9889766457559547e-06,0.0025063304813805836,0.0003513672748894028,21914,0.26096281191614223
999,0.26945143770150665,0.2704206728184557,0.0016828636807232125,0.0001,2.2435378934993606e-06,0.002666333487612255,0.00033071434562672366,21639,0.26945143770150665
