iteration,performance_mc,performance_true,alpha,beta,bound,policy_advantage,model_advantage,total_samples,avg_return
0,0.025816624905392924,0.02623069389142376,0.001406746271331319,0.0001,2.574055039727905e-06,0.0036595867956939615,5.187209237289637e-20,15524,0.025816624905392924
1,0.03038932183896784,0.02656810304988001,0.0016427913531722358,0.0001,3.5165070761000426e-06,0.004281136578068365,1.2005841286085172e-21,15480,0.03038932183896784
2,0.025153550908998124,0.026859354316889295,0.0014343275264007158,0.0001,2.6511633620277725e-06,0.0036967335747652695,4.270421108816491e-20,15525,0.025153550908998124
3,0.025723406543381448,0.027131366511463088,0.0013555628160271875,0.0,2.3653091236081876e-06,0.003489781654737789,-3.2456133897871193e-21,15513,0.025723406543381448
4,0.01881688381632944,0.027341850617199823,0.0011646181108636638,0.0,1.7449309410335875e-06,0.0029965718800982273,-7.131129102749708e-21,15593,0.01881688381632944
5,0.031070527187870976,0.027652038795114617,0.001535172235260172,0.0,3.0561965888948e-06,0.003981568346143069,-6.194286215787156e-21,15475,0.031070527187870976
6,0.02701848586005142,0.02792017458689064,0.0014231292862346096,0.0,2.623890113347769e-06,0.0036874936644585477,-6.632256798018175e-21,15490,0.02701848586005142
7,0.026436982819825802,0.02820615612768196,0.0013261124300167036,0.0,2.2801708274660845e-06,0.0034388801067755065,-2.8849661048714125e-21,15528,0.026436982819825802
8,0.024567160333526596,0.028454772061947214,0.0011868425408362564,0.0,1.7887601771213735e-06,0.0030143175957629592,-4.33319624792127e-21,15589,0.024567160333526596
9,0.03453650908954956,0.028824260990569145,0.0016509371514108093,0.0,3.528397311810819e-06,0.004274417483179931,-0.00010511840863399848,15352,0.03453650908954956
10,0.029004229175547472,0.02912843853281357,0.0014278322245348488,0.0,2.6333425632759966e-06,0.0036885882220985345,-7.900016609049839e-05,15492,0.029004229175547472
11,0.033263641627014534,0.02947523658123307,0.0016627121237922132,0.0,3.563297914068929e-06,0.0042861273013899415,-0.00010522767842836524,15459,0.033263641627014534
12,0.033242205339994474,0.02983370824721389,0.0016108541982325468,0.0,3.2967724820897116e-06,0.004093197864470886,-0.00011252285282225034,15372,0.033242205339994474
13,0.02953238147413151,0.0301434458442541,0.0014054368352331575,0.0,2.5591196497834227e-06,0.0036417426747732467,-8.36244467254018e-05,15468,0.02953238147413151
14,0.02803698924414108,0.03044468764763532,0.0014806877527491868,0.0,2.779112953970089e-06,0.0037538136569443773,-6.7190869957641e-05,15508,0.02803698924414108
15,0.03198729299928642,0.030801752303801465,0.001582313785700108,0.0,3.187296780263869e-06,0.004028653240676435,-3.1758366477456105e-05,15359,0.03198729299928642
16,0.03217241064695128,0.03112375440545285,0.0014229237679697663,0.0,2.588184995640705e-06,0.003637840696601109,-5.2341298651226314e-05,15399,0.03217241064695128
17,0.029412672641806747,0.03143414146547354,0.0014493120275928671,0.0,2.695262045027842e-06,0.0037193675257140425,-6.527761940013584e-05,15506,0.029412672641806747
18,0.0358333510825037,0.03178397408974441,0.001664169966236184,0.0,3.575006355252308e-06,0.004296443786132999,-6.902202187920977e-05,15388,0.0358333510825037
19,0.03128896012485056,0.032080594961469394,0.0012668616645471677,0.0,2.5432513188398337e-06,0.0040150418787025235,-1.6957808008891126e-05,15393,0.03128896012485056
20,0.0263972382209975,0.03234006941803021,0.001227153710927949,0.0,1.9134601071828776e-06,0.003118533709580615,-3.4268327862710876e-05,15522,0.0263972382209975
21,0.03665609853591583,0.032716544479049446,0.0015909635986861292,0.0,3.209443997720034e-06,0.004034591363838241,-4.382036884368747e-05,15367,0.03665609853591583
22,0.031916415751299096,0.033097950551433324,0.001703191889006488,0.0,3.7251115088944346e-06,0.004374271076487312,-2.6909028195732047e-05,15422,0.031916415751299096
23,0.03351856636379651,0.03347265282731268,0.0015893700296603103,0.0,3.2128939589125138e-06,0.004042977908170563,-3.3346400222181895e-05,15411,0.03351856636379651
24,0.03968048624416907,0.033891473618981566,0.0018181993368317174,0.0,4.227121139334732e-06,0.004649788451359412,-5.066739855842028e-05,15357,0.03968048624416907
25,0.029220839822262777,0.034170723653620796,0.0014354310670596532,0.0,2.634297212561798e-06,0.00367039180496199,-3.069012879913715e-05,15461,0.029220839822262777
26,0.03269159203650753,0.03451584715900345,0.0016094542669155016,0.0,3.2984191387333643e-06,0.004098804428975471,-1.6943733393027176e-05,15347,0.03269159203650753
27,0.03455209966285514,0.034882486567257676,0.0016351072917347236,0.0001,3.423521089943279e-06,0.0041875185894513205,2.5394509916242766e-06,15362,0.03455209966285514
28,0.03262758408786064,0.03526000664562662,0.001615647773480276,0.0,3.333072210954195e-06,0.004125988678552635,-1.8273828216052075e-05,15400,0.03262758408786064
29,0.03435284393804223,0.03561839975354125,0.0015758086153384518,0.0001,3.175756736090462e-06,0.004030637610657273,1.3116179066993987e-06,15386,0.03435284393804223
30,0.03907997599938809,0.03604195615669786,0.0017773057556383777,0.0,4.000260314712992e-06,0.0045014880551896555,-1.2954964847327344e-06,15296,0.03907997599938809
31,0.03593690848737416,0.03639089474369966,0.0015906783998484463,0.0001,3.1912534184442396e-06,0.004012443267914231,9.353103709632e-06,15307,0.03593690848737416
32,0.03434233801707412,0.036735777579542515,0.0015789587872814595,0.0001,3.1771997077988293e-06,0.004024423858800152,2.3293559487411356e-06,15298,0.03434233801707412
33,0.03791721408012486,0.03710758087803906,0.0016822496813565825,0.0001,3.584488984607078e-06,0.004261542176921693,1.189858074558945e-05,15287,0.03791721408012486
34,0.040183973215688604,0.037560267631505634,0.0019088996438595361,0.0001,4.628352415381691e-06,0.004849235977669094,1.6445267403964615e-06,15280,0.040183973215688604
35,0.035640021333415775,0.03792010721302554,0.0015907723026839114,0.0001,3.200556281784137e-06,0.00402390244836956,3.944335974528956e-06,15363,0.035640021333415775
36,0.04315141609938122,0.03839569533367905,0.0019296789239989917,0.0001,4.72647326524375e-06,0.004898714709956816,6.525419347849522e-07,15266,0.04315141609938122
37,0.03895894099848558,0.038779078548075344,0.0017184150931345205,0.0001,3.7397224678025305e-06,0.004352525164314043,6.885887531992921e-06,15340,0.03895894099848558
38,0.04285712352829593,0.03922058641653394,0.001911986555556769,0.0,4.640356428904028e-06,0.004853963450127671,-3.218772130021984e-06,15281,0.04285712352829593
39,0.0390721962906498,0.03967004757165972,0.0017842372614863423,0.0001,4.017042807080607e-06,0.004502812371191314,1.7733528840939567e-05,15273,0.0390721962906498
40,0.04605191231280315,0.04015137758419403,0.0019428735661201025,0.0001,4.765250253491413e-06,0.004905363206940497,1.7848986165524447e-05,15126,0.04605191231280315
41,0.039630829722248295,0.040588430049543406,0.0018435951287472394,0.0001,4.294080761100676e-06,0.004658377204563989,1.0937069914170308e-05,15271,0.039630829722248295
42,0.03740622381322015,0.04099426616205079,0.001721202672016638,0.0001,3.753072904771571e-06,0.004360988936153931,1.1923746940211523e-05,15296,0.03740622381322015
43,0.03837026444237669,0.04138622719810711,0.001615786942315912,0.0,3.287407289119577e-06,0.00406910985975382,-2.529022818972883e-06,15315,0.03837026444237669
44,0.03799410152154844,0.04179897937845542,0.0016475069640630182,0.0001,3.4076655294849613e-06,0.004136754021459318,1.0733252480511377e-05,15262,0.03799410152154844
45,0.04765870038218752,0.04227460799311242,0.00194555932307542,0.0001,4.782436755581691e-06,0.004916258989236998,2.461087679802772e-05,15156,0.04765870038218752
46,0.04451260727790654,0.04271029899886998,0.0017581030919875942,0.0001,3.91528454396248e-06,0.004453987438855044,9.34253540475531e-06,15180,0.04451260727790654
47,0.04286892716849325,0.043176850315380974,0.001817258582239557,0.0001,4.158055875590864e-06,0.004576185157388611,1.009452392567146e-05,15214,0.04286892716849325
48,0.04646430304686302,0.04369465908147126,0.0019963068553990647,0.0001,4.957376398212591e-06,0.0049665474872314696,1.5716613824895155e-05,15111,0.04646430304686302
49,0.04164976730179144,0.04410747417016149,0.001663624012834349,0.0001,3.4740733577696897e-06,0.004176512638635027,2.771439562323731e-05,15275,0.04164976730179144
50,0.04518832041789496,0.044599454806221975,0.0019427903952300672,0.0001,4.765902093087577e-06,0.0049062442400258964,3.141092565486547e-05,15148,0.04518832041789496
51,0.047416319443076206,0.04501583803042012,0.0017866817353148292,0.0001,4.006837782908019e-06,0.004485228346728442,1.9232054608452937e-05,15141,0.047416319443076206
52,0.04482479469271672,0.04540696653119041,0.0015836168608462913,0.0001,3.815416372081075e-06,0.00481861044349086,1.2558117530026524e-05,15227,0.04482479469271672
53,0.04388095077664588,0.04580371377584195,0.0016822209749538305,0.0001,3.566732868353458e-06,0.0042405045727733235,1.746733821481114e-05,15274,0.04388095077664588
54,0.04729964357245926,0.046322293572275235,0.001981396696953309,0.0001,4.912804992707922e-06,0.004958931243059088,2.4591085714819508e-05,15137,0.04729964357245926
55,0.04482481459521531,0.046807442219685455,0.001899520553883462,0.0001,4.498250622918681e-06,0.004736195787639426,7.729359295606844e-06,15192,0.04482481459521531
56,0.0499108129355864,0.047316206131547536,0.001982443053887241,0.0001,4.931919010942521e-06,0.004975597156520434,2.365517455420823e-05,15113,0.0499108129355864
57,0.05356233651060825,0.04787477739947883,0.002114045775830822,0.0001,5.606711116812067e-06,0.005304247600417851,3.0115970556961655e-05,15054,0.05356233651060825
58,0.04728857808401958,0.04831795337419722,0.001589377281433753,0.0001,3.7945723063514875e-06,0.004774917007657818,4.719262628230911e-05,15156,0.04728857808401958
59,0.05338502798698214,0.04880295432317669,0.0017581190294599204,0.0001,4.6884542889705035e-06,0.0053334890418776214,4.073485943246252e-05,15045,0.05338502798698214
60,0.04980135022380032,0.049359366370950675,0.001962429248372594,0.0001,4.767886735598709e-06,0.00485916803324515,5.2445422560195205e-05,15129,0.04980135022380032
61,0.05590229749599776,0.049916767808539375,0.0020838743365295853,0.0001,5.394651802362289e-06,0.005177521223613091,4.669964009640686e-05,14997,0.05590229749599776
62,0.06127136704183533,0.05043202648699642,0.0018168423642842327,0.0001,5.007216527978967e-06,0.005511998868379118,4.124336801937037e-05,14857,0.06127136704183533
63,0.04639120990785667,0.05092577401704752,0.0019156902881418529,0.0001,4.5952674616730705e-06,0.004797505619898827,4.555317250091793e-05,15201,0.04639120990785667
64,0.054506735130621625,0.05153648072987409,0.002148713965769917,0.0001,5.676513454525524e-06,0.00528363806905452,3.9226266466876633e-05,15011,0.054506735130621625
65,0.04710724112855355,0.05205307826272055,0.001872882122828851,0.0001,4.365342653595387e-06,0.004661630970134795,4.128287842726522e-05,15148,0.04710724112855355
66,0.05223942636129954,0.05261208951440094,0.0020724194803199854,0.0001,5.329559807872189e-06,0.005143321473748446,4.949596464170819e-05,14970,0.05223942636129954
67,0.052770797661123484,0.05316118304470584,0.00209148701095308,0.0001,5.392846960291415e-06,0.005156949990173665,4.492281856696313e-05,15011,0.052770797661123484
68,0.048696806913213236,0.05366274117862716,0.0018680815849140386,0.0001,4.336102648105151e-06,0.004642305435824614,5.601443739839824e-05,15127,0.048696806913213236
69,0.05778451570125324,0.05415788676037542,0.0019725425444769556,0.0,4.9549307396688295e-06,0.005023902529800887,-6.112855499912615e-05,14949,0.05778451570125324
70,0.05264629225442238,0.05466311881500566,0.001739421919506328,0.0,4.5275303877429255e-06,0.005205787436584565,-5.6462782005160716e-05,15107,0.05264629225442238
71,0.04955320233186866,0.05511723214760632,0.0016525315759033932,0.0,4.112432919718602e-06,0.004977130821201344,-4.854753592011266e-05,15148,0.04955320233186866
72,0.05612124643405891,0.055681001321890654,0.0020532133375355988,0.0,5.221296497431886e-06,0.005085975628522681,-5.417621992423983e-05,14971,0.05612124643405891
73,0.05757446269784867,0.05631332079304248,0.0021339780799789366,0.0,5.566066873724148e-06,0.005216611103877026,-5.577079291592418e-05,14979,0.05757446269784867
74,0.054463443215497766,0.056853983762630386,0.0019233679401474944,0.0,4.533509233916477e-06,0.0047141362183346185,-5.607896870070659e-05,15071,0.054463443215497766
75,0.057946648626229114,0.05747327188270883,0.002200556088349057,0.0,5.9842914448259295e-06,0.005438890175542473,-5.8342376460073995e-05,14940,0.057946648626229114
76,0.06117629514585094,0.05805117729939232,0.0021703963207601153,0.0,5.844937627503909e-06,0.005386055598782897,-6.410707982470367e-05,14964,0.06117629514585094
77,0.0631845515674955,0.05859686780367933,0.0019082416981584002,0.0,5.339967112061469e-06,0.005596740829230331,-6.38862536564101e-05,14904,0.0631845515674955
78,0.06747936921659257,0.05923279067883179,0.0023158599259420526,0.0,6.60727731453317e-06,0.005706111358911692,-7.427111457377955e-05,14741,0.06747936921659257
79,0.05867037466309257,0.05987895942561054,0.002098393054509142,0.0001,5.339479426495915e-06,0.005089112752276937,7.137047311864611e-05,14950,0.05867037466309257
80,0.0521123891617704,0.060454554225551335,0.0019622532622629845,0.0001,4.692217468989427e-06,0.00478247895847867,5.5030380909068176e-05,15050,0.0521123891617704
81,0.05993842821766996,0.061102835501819386,0.002213721105924857,0.0001,6.022264867827437e-06,0.005440852374501288,7.050781145767141e-05,14991,0.05993842821766996
82,0.05521451091157721,0.06169533188146846,0.0020435966047450903,0.0001,5.152367815990876e-06,0.005042450945580387,5.322375813268058e-05,15047,0.05521451091157721
83,0.06290885978240275,0.062379433331066915,0.002243749510930346,0.0001,6.0521123174997e-06,0.00539464168171808,6.487017832877173e-05,14915,0.06290885978240275
84,0.06581042966694609,0.06293689134474542,0.0019218573325856113,0.0001,5.37445076150261e-06,0.005592975784807064,8.395295076175655e-05,14883,0.06581042966694609
85,0.0659182752899275,0.06356083818215072,0.0022258459941210664,0.0001,6.10823252748325e-06,0.005488459258741526,7.343199512028561e-05,14888,0.0659182752899275
86,0.06282171253238243,0.06423625849888631,0.002225069520996162,0.0001,5.954086822325936e-06,0.005351820935159182,6.637294693596883e-05,14883,0.06282171253238243
87,0.05754639864879188,0.06486435758890216,0.0021441099391793913,0.0001,5.6338172521037265e-06,0.005255157069287164,6.531494134575192e-05,15044,0.05754639864879188
88,0.06281617066227727,0.06547131462526154,0.002181765530405713,0.0001,5.834828993724992e-06,0.005348722319066036,7.474739775803148e-05,14862,0.06281617066227727
89,0.07641256201709451,0.06622205666385876,0.0024691894304944935,0.0001,7.3958445653463325e-06,0.0059905039880761195,7.145901769722613e-05,14608,0.07641256201709451
90,0.07323507816537636,0.066963317570927,0.002503106892353761,0.0001,7.605587139220827e-06,0.006076917579871328,6.876573574145429e-05,14720,0.07323507816537636
91,0.06384581637552436,0.06765389087067927,0.0023213397666456345,0.0001,6.515219894237721e-06,0.005613327258553189,7.070378320317102e-05,14887,0.06384581637552436
92,0.0680440432647088,0.06841173686030387,0.002414395477171813,0.0001,7.0197308909548475e-06,0.005814897316803837,7.351285816704342e-05,14784,0.0680440432647088
93,0.07376899613584839,0.069073233526175,0.0020821120421847584,0.0001,6.297343076259205e-06,0.006048995393784293,8.068662813952747e-05,14731,0.07376899613584839
94,0.058595282716026556,0.06972189284909587,0.0021455769278646564,0.0001,5.550746618042367e-06,0.005174129667367966,7.112210089777307e-05,14990,0.058595282716026556
95,0.0743963994637278,0.07044509097377039,0.0023551034731366252,0.0001,6.6404866486976825e-06,0.005639231332671428,8.3013232305919e-05,14648,0.0743963994637278
96,0.06877924325277046,0.07124243819086429,0.002552409236338792,0.0001,7.779972496661038e-06,0.006096179551380034,7.498221910945186e-05,14789,0.06877924325277046
97,0.08059301044262954,0.07205938415778972,0.0025743169042391958,0.0001,7.923404950853776e-06,0.00615573392522583,8.277511356758122e-05,14579,0.08059301044262954
98,0.06796937083973542,0.07270471113428467,0.002199578253128355,0.0001,5.925008718068791e-06,0.00538740434412091,8.439609718812035e-05,14765,0.06796937083973542
99,0.0765708262522454,0.07345209701723983,0.0024511178268760087,0.0001,7.239322708603369e-06,0.005906956107312073,7.550194762636359e-05,14585,0.0765708262522454
100,0.072769390012031,0.07412389161014185,0.002335585299305356,0.0001,6.614571863924657e-06,0.005664166379101585,7.440220537596057e-05,14691,0.072769390012031
101,0.07257723819672154,0.07490918118325049,0.0024699001653712585,0.0001,7.256662498809293e-06,0.005876077584470724,7.053496095924924e-05,14671,0.07257723819672154
102,0.07433363717943522,0.07567226487416821,0.0023860556942597463,0.0001,6.739635542111735e-06,0.005649185438819063,7.150892182042055e-05,14666,0.07433363717943522
103,0.08047887327757718,0.07647767301908469,0.0025104651281156686,0.0001,7.500849442083086e-06,0.00597566511327178,8.270566110761966e-05,14499,0.08047887327757718
104,0.08592173015175195,0.07732891029006649,0.0026599515283499374,0.0001,8.363802231649194e-06,0.006288687701642112,8.13083056691728e-05,14461,0.08592173015175195
105,0.07523504219871333,0.07807089055450075,0.0023794623668233384,0.0001,6.791717418058069e-06,0.0057086151163846625,7.175651449786481e-05,14654,0.07523504219871333
106,0.07557591188537197,0.0788613426558567,0.002418541008716485,0.0001,6.8860645874402695e-06,0.005694395557174936,8.066156734426878e-05,14629,0.07557591188537197
107,0.08160974492100512,0.07962442430904404,0.0024490117483532896,0.0001,7.184242005383974e-06,0.0058670539332566635,8.229848213473921e-05,14582,0.08160974492100512
108,0.08496532913745174,0.0803066171762371,0.0021456734628106777,0.0001,6.577766091243889e-06,0.0061311902349088,8.973932423466653e-05,14416,0.08496532913745174
109,0.07883416462930912,0.08105405311525729,0.0023696879018892674,0.0001,6.673817132401377e-06,0.005632654939142476,7.805491588522974e-05,14634,0.07883416462930912
110,0.08101829328532009,0.08193192771224253,0.0026118244828825642,0.0001,7.951753732809443e-06,0.00608904142290099,0.00010865375666414228,14593,0.08101829328532009
111,0.0751757628710659,0.08270401698080666,0.002525030821808918,0.0001,7.572332343861136e-06,0.005997813791782833,9.828999936886607e-05,14645,0.0751757628710659
112,0.08046564028835801,0.08348206522503371,0.0024979228933174223,0.0001,7.437720523139939e-06,0.005955124189812046,9.620954043479862e-05,14573,0.08046564028835801
113,0.07540601231742344,0.08424791257887673,0.002309762507701382,0.0001,6.262026195071421e-06,0.005422225163143056,7.814626824748035e-05,14711,0.07540601231742344
114,0.08085893204574376,0.08509390304468337,0.0025837458760384594,0.0001,7.874443763535705e-06,0.006095370165125706,0.00010343021779118625,14549,0.08085893204574376
115,0.0832125950807557,0.0858008539212353,0.0024269163793007374,0.0001,7.100754327402695e-06,0.0058516678926108035,0.00010421190291214998,14510,0.0832125950807557
116,0.08862861057174573,0.08653657067871207,0.002464019046730108,0.0001,7.246279745106122e-06,0.005881675106953694,0.00010664038466322309,14438,0.08862861057174573
117,0.08863687867713083,0.08736902257800855,0.0024792933609649914,0.0001,7.148246642182137e-06,0.005766358071801469,0.0001050878287972304,14487,0.08863687867713083
118,0.08418238925502743,0.08811488155029652,0.0024764543467134855,0.0001,7.318692908051633e-06,0.005910622110005223,0.00012287214777822558,14506,0.08418238925502743
119,0.08840683583208807,0.08880894572352115,0.0021632798907005326,0.0001,6.482629230632857e-06,0.005993333787736171,0.00010140890188190966,14349,0.08840683583208807
120,0.09418999549765823,0.08968106953357893,0.0026418131871974557,0.0001,8.084942830237733e-06,0.006120752874895423,0.00011948448612177247,14404,0.09418999549765823
121,0.09187538602023712,0.09051889159244947,0.0027214210677563,0.0001,8.717991798836228e-06,0.006406940772325139,0.00010531891038811767,14391,0.09187538602023712
122,0.09912117633372006,0.09142024914692741,0.002766272973646199,0.0001,8.97892810682985e-06,0.0064917151650401355,0.00010737885238670899,14226,0.09912117633372006
123,0.09135332858878857,0.09214068664481107,0.002249490620762745,0.0001,6.9408025702102635e-06,0.006170999341937077,0.00011872379887877832,14372,0.09135332858878857
124,0.09535226068528305,0.09299668028689406,0.002775478639344598,0.0001,9.016432649441648e-06,0.006497209181599603,0.00012601082653061508,14255,0.09535226068528305
125,0.0860999332397114,0.09368438148698227,0.002508982869587777,0.0001,7.586263110561466e-06,0.006047281711260054,0.00011129964383658298,14466,0.0860999332397114
126,0.10351756946111115,0.09465400182508595,0.0030092446808208046,0.0001,1.046755475484769e-05,0.006956931632420497,0.0001355115260369002,14136,0.10351756946111115
127,0.09519893791022539,0.095312841892461,0.0022094333728381746,0.0001,6.813797371628182e-06,0.006167913869134125,0.0001418435561380854,14278,0.09519893791022539
128,0.0973190423943344,0.09617895283531087,0.0027476638839310794,0.0001,8.862942475206257e-06,0.006451256667191809,0.0001370084184169664,14307,0.0973190423943344
129,0.0885602061465742,0.09707094085083429,0.002789900128425335,0.0001,8.927428311865151e-06,0.006399819277333012,7.823941406165255e-05,14362,0.0885602061465742
130,0.09562434381392595,0.09786395301136322,0.0023806748669072666,0.0001,7.617415345200868e-06,0.006399374774848316,8.299102892391614e-05,14229,0.09562434381392595
131,0.09001057589280817,0.0987436701545244,0.0026166886331798244,0.0001,7.946132282787471e-06,0.00607342591856736,8.34838648571754e-05,14426,0.09001057589280817
132,0.09406704180608097,0.09952738976044778,0.0023088345339600655,0.0001,7.1349541649301265e-06,0.006180567779963341,8.695704824031073e-05,14355,0.09406704180608097
133,0.11185647600063242,0.10046221866853217,0.0028795604467625694,0.0001,9.586928731870513e-06,0.006658605651184646,0.00010930587407574329,13890,0.11185647600063242
134,0.09980873924064186,0.10134362231678115,0.0026919250147766547,0.0001,8.451688801895129e-06,0.00627928991743951,9.68611889823261e-05,14191,0.09980873924064186
135,0.0977984232795219,0.10217977453591273,0.002677828628313648,0.0001,8.381100842104115e-06,0.0062596244983623775,9.421724475795098e-05,14243,0.0977984232795219
136,0.09912950958488953,0.10302864075681592,0.0025376002567162573,0.0001,8.695052496052299e-06,0.006852972585448898,8.944138368572157e-05,14214,0.09912950958488953
137,0.09916697432048677,0.10395316207294021,0.0028620034039855075,0.0001,9.459915336741855e-06,0.006610694678817202,8.810265243911031e-05,14201,0.09916697432048677
138,0.10776111503604247,0.10484040757724603,0.0027620872979827156,0.0001,8.733837201135783e-06,0.006324084837951733,0.00011358651669728147,13952,0.10776111503604247
139,0.10962431905450157,0.10572981109869739,0.0029133338404135696,0.0001,9.908986094216289e-06,0.0068025064321565265,0.0001699475828136481,14094,0.10962431905450157
140,0.0989293511085498,0.1066589223438273,0.002819481591419518,0.0001,9.007172108572008e-06,0.006389239877276295,0.00012592313444929253,14087,0.0989293511085498
141,0.11113859942742621,0.10752284994789063,0.002770088738664537,0.0001,8.934147760971052e-06,0.006450441558979236,0.00014931627884667975,14011,0.11113859942742621
142,0.10630772742489167,0.1084056069124813,0.0027019046719949772,0.0001,8.241159380144661e-06,0.00610025917314079,0.00013185884030638431,14119,0.10630772742489167
143,0.11150188096582092,0.1094426096213191,0.0031251098554554925,0.0001,1.1202124622264233e-05,0.007169107737258406,0.0001489801697490412,13922,0.11150188096582092
144,0.11329164745432067,0.11050741261681851,0.0030788583839861917,0.0001,1.0660218483053733e-05,0.006924786497813499,0.00013935328630198697,14004,0.11329164745432067
145,0.10176069501780374,0.11147913027521929,0.0028562248967452385,0.0001,9.105829504605548e-06,0.006376129215162247,0.00015117590757339207,14108,0.10176069501780374
146,0.11606154802134536,0.11233910868036316,0.0025991754442833766,0.0001,8.875197392701738e-06,0.006829240721107794,0.0001458291860003726,13981,0.11606154802134536
147,0.11745271652282882,0.11330741372413489,0.002966083724237199,0.0001,9.972919792073288e-06,0.006724638087981192,0.00016347024906516945,13935,0.11745271652282882
148,0.11586455585970885,0.11422911779132297,0.0028429699636835057,0.0001,9.13988401692463e-06,0.006429813985851964,0.0001532853736188197,13892,0.11586455585970885
149,0.10857501373133918,0.1152257585313001,0.0030211184495837376,0.0001,1.0205386414042814e-05,0.006756031969186083,0.0001350628181620749,14101,0.10857501373133918
150,0.11518230178951358,0.1161207774378463,0.002767115357320581,0.0001,8.630466657627786e-06,0.006237879916928893,0.000161139343283338,13921,0.11518230178951358
151,0.11653260470456883,0.11702753544287095,0.0028601659563729895,0.0001,9.303009855679827e-06,0.006505223820982111,0.0001576002547976878,13907,0.11653260470456883
152,0.1159297090048211,0.1179925956200965,0.002946318008643497,0.0001,9.794479112134746e-06,0.0066486231855496045,0.0001568645764494363,13904,0.1159297090048211
153,0.13075365800500205,0.118960590264998,0.0029764413720008726,0.0001,1.0126358346931092e-05,0.00680433919659152,0.00016384928908930266,13613,0.13075365800500205
154,0.11676442331962995,0.1199171336424076,0.002985807897940583,0.0001,1.0122766965279078e-05,0.006780588243644949,0.0001360522155549818,13824,0.11676442331962995
155,0.12190727563819587,0.12093458777182453,0.003041149472090768,0.0001,1.0438572114933439e-05,0.006864885932592453,0.0001826748618642613,13829,0.12190727563819587
156,0.11752965318994835,0.12184441290487377,0.002887257587385044,0.0001,9.486114604611846e-06,0.006571020643297235,0.0001549211635893596,13884,0.11752965318994835
157,0.12145237991004929,0.12277530207551604,0.0029185153763294494,0.0001,9.657572250328721e-06,0.006618140393335758,0.00015483999847673,13867,0.12145237991004929
158,0.11724969398783434,0.12358829558656835,0.0026008515668817034,0.0001,8.734642494926453e-06,0.0067167558550055,0.000178369353803849,13830,0.11724969398783434
159,0.1230140460738616,0.12456093475927624,0.003054033727476652,0.0001,1.0549223036018487e-05,0.00690838672874423,0.00020992838984446496,13724,0.1230140460738616
160,0.12371170326811062,0.12557690635557878,0.003007707600076777,0.0001,1.0072371739135938e-05,0.006697706744418122,0.00019761274402071353,13794,0.12371170326811062
161,0.12298530543201595,0.1264811705313075,0.0029164939796036083,0.0001,9.56579480622984e-06,0.006559790538316119,0.0002240537530134722,13826,0.12298530543201595
162,0.117797216853958,0.12722247882080928,0.002732402689752369,0.0001,8.65624442597863e-06,0.0063359946602622634,0.00019948138833076148,13873,0.117797216853958
163,0.12260494508009506,0.12812429746940276,0.0029759514797254986,0.0001,1.0074257571588146e-05,0.006770444773862639,0.00019649726492058044,13772,0.12260494508009506
164,0.12659991922327785,0.12883023321762646,0.0024677479973954637,0.0001,7.894635175774324e-06,0.006398250699914708,0.00021749740625049,13677,0.12659991922327785
165,0.124374769552857,0.12994038928727436,0.003166419700853147,0.0001,1.0704488485924256e-05,0.006761256875100973,0.00021658591304274665,13807,0.124374769552857
166,0.12978370021714838,0.13095992387362182,0.003236398536277309,0.0001,1.1841999366727985e-05,0.007318010581199514,0.00021370174551262733,13631,0.12978370021714838
167,0.1289226865140754,0.1318643133143128,0.0028820421191477893,0.0001,9.351823444693661e-06,0.00648972017623321,0.00020837186047445997,13711,0.1289226865140754
168,0.12839054854623605,0.13293507023711043,0.003195193325177688,0.0001,1.1281727234799186e-05,0.007061686781767296,0.00022205321197951743,13617,0.12839054854623605
169,0.13770092858924357,0.13382504151367897,0.002923835127165388,0.0001,9.551024625585087e-06,0.006533216963464456,0.00018517197003412725,13523,0.13770092858924357
170,0.13399072283003438,0.1348253680293671,0.003019555302234182,0.0001,1.0008066005020632e-05,0.0066288343834044845,0.00016374732264816454,13578,0.13399072283003438
171,0.12643984712460632,0.1357529142570275,0.002933415684271276,0.0001,9.54271225587107e-06,0.0065062120633214565,0.00014330669353377555,13664,0.12643984712460632
172,0.13118891170346408,0.1364987197549465,0.0024425745554793603,0.0001,7.76790439917488e-06,0.006360423579906172,0.00015410216467967298,13644,0.13118891170346408
173,0.13691721802140386,0.1374402314405445,0.0028509190827391245,0.0001,9.907505583975747e-06,0.006950394098493142,0.00019917338772351462,13524,0.13691721802140386
174,0.143882513555386,0.13827902990693228,0.0027878376455317986,0.0001,8.792425333724941e-06,0.0063077025649732376,0.00017628568936935553,13380,0.143882513555386
175,0.13999186749460324,0.1391513738200576,0.0027296736364257595,0.0001,9.248691327354916e-06,0.006776408141938296,0.0001967503447684738,13563,0.13999186749460324
176,0.12652014308747467,0.140089596434247,0.002937092904551033,0.0001,9.423937010040569e-06,0.006417186868987464,0.00015014821649541254,13779,0.12652014308747467
177,0.14378214007575502,0.14111344950520543,0.003242301516904979,0.0001,1.170065352914913e-05,0.0072174987231405216,0.00020217998507754035,13417,0.14378214007575502
178,0.14015035138387555,0.14186695327296023,0.002664447048068502,0.0001,8.902544587995946e-06,0.006682470642041494,0.00018164519651867465,13383,0.14015035138387555
179,0.13416966313321768,0.14284150091136255,0.0029953584511832523,0.0001,9.866999501382264e-06,0.0065881928070976046,0.00019491701439067205,13570,0.13416966313321768
180,0.1587713647530718,0.14375114880733095,0.0028319968217001682,0.0001,9.752318019455563e-06,0.006887237969144915,0.00017611720061382695,13087,0.1587713647530718
181,0.1443170904555511,0.1447155477999852,0.003056403463187573,0.0001,1.0123000545695827e-05,0.00662412581821798,0.0001752838278353436,13350,0.1443170904555511
182,0.15898491069449172,0.1456998504629458,0.0031656558057256636,0.0001,1.1236836323705837e-05,0.007099215463274294,0.00021413746964115446,13089,0.15898491069449172
183,0.1503794357046307,0.14672480228050216,0.003282921558190327,0.0001,1.186738112984488e-05,0.007229768314285666,0.00018610885342491406,13219,0.1503794357046307
184,0.139083885689756,0.1477899122347644,0.0032433579152384164,0.0001,1.1236745209161591e-05,0.0069290812194161356,0.00016237635114034916,13510,0.139083885689756
185,0.1459235708679062,0.14887054346133055,0.0032891276309207165,0.0001,1.1595222506011132e-05,0.0070506370120792874,0.0001804169079333987,13321,0.1459235708679062
186,0.15677088003752013,0.14976919085286441,0.002692875766701227,0.0001,8.962945028439307e-06,0.006656783160419549,0.00020693819477265887,13081,0.15677088003752013
187,0.15089598586485334,0.15072208665665865,0.003000753188759145,0.0001,9.638403633684847e-06,0.006423989596872154,0.0001939238985619497,13267,0.15089598586485334
188,0.15173539734134456,0.15157400065344281,0.0028451089135883346,0.0001,8.89369967094685e-06,0.006251922116914573,0.00019429922850698676,13190,0.15173539734134456
189,0.1460586057611285,0.15254144339220801,0.0030869046087022476,0.0001,1.0295273359795272e-05,0.006670289279929168,0.00019296146703574332,13312,0.1460586057611285
190,0.15493277728347868,0.15353290884978668,0.003191183583863411,0.0001,1.107867528125897e-05,0.0069433017500337944,0.00020428205748289084,13155,0.15493277728347868
191,0.15415024843994202,0.1545372954405515,0.003232252348099485,0.0001,1.131856559223892e-05,0.007003516045951092,0.00019797041332624753,13098,0.15415024843994202
192,0.142085312529474,0.1554122522202273,0.003003465741865463,0.0001,9.992455441768406e-06,0.006653950003479685,0.00019396733329370171,13440,0.142085312529474
193,0.16316788436406415,0.15650061103331028,0.003474588568796712,0.0001,1.2803062126882394e-05,0.007369541385048781,0.000225977160183205,12947,0.16316788436406415
194,0.15072312387984194,0.15747171740961607,0.0031488950558444533,0.0001,1.061577065213185e-05,0.006742536962245616,0.00020322564530095343,13233,0.15072312387984194
195,0.15708038405931218,0.158309336095948,0.0027493288114221475,0.0001,9.014430788322871e-06,0.006557550156148815,0.0002009791183158523,13126,0.15708038405931218
196,0.15756665831838168,0.15932256206397483,0.003233370905058345,0.0001,1.113563518933218e-05,0.006887941727879956,0.00021273768548263868,13114,0.15756665831838168
197,0.15496058485451478,0.1600633070568506,0.0030208572091550636,0.0001,1.0405069045263362e-05,0.0068888188516356055,0.00022254111436671175,13095,0.15496058485451478
198,0.15897725795139678,0.16106732372585736,0.0031833849642878597,0.0001,1.0908725016589182e-05,0.006853538066533856,0.00021948645477441395,13068,0.15897725795139678
199,0.16844224418545523,0.16211682206323752,0.003341473035042881,0.0001,1.2073940764863646e-05,0.007226717461575266,0.00031728239801483474,12874,0.16844224418545523
200,0.16220605819024553,0.16308680876274356,0.0032517403729849445,0.0001,1.1406329065487762e-05,0.007015522616903937,0.0002678903486473136,13057,0.16220605819024553
201,0.15895939202785803,0.163915443971003,0.0030309314749286374,0.0001,1.022456352185585e-05,0.006746812725019844,0.00029393028639824553,13024,0.15895939202785803
202,0.16193283722040053,0.16485465082781708,0.0031703254161081634,0.0001,1.0777300465687567e-05,0.0067988607169024275,0.0002650975489706286,13075,0.16193283722040053
203,0.160930097178984,0.16583629821896811,0.0032651967449481073,0.0001,1.1420007096178899e-05,0.006994988656562801,0.0002832898692453872,12971,0.160930097178984
204,0.1612401193711071,0.16669216898105882,0.002818303223897653,0.0001,9.569477648366808e-06,0.006790949651707403,0.00028001924749405916,13055,0.1612401193711071
205,0.1633568357230838,0.16772590830149844,0.0032222481995954574,0.0001,1.0646307798080263e-05,0.006607999842728983,0.0003099131211757411,12927,0.1633568357230838
206,0.16583614228307303,0.16860641041245358,0.003026651424415591,0.0001,9.861527596427444e-06,0.006516460743960022,0.00030190819328290795,13010,0.16583614228307303
207,0.16746181243242775,0.16967985366292845,0.0035234396974339185,0.0001,1.300221992925066e-05,0.007380412917933593,0.00029990474872694663,12900,0.16746181243242775
208,0.17201515589314795,0.17053788320222785,0.002988792111773345,0.0001,1.051995568086621e-05,0.007039603483578778,0.0002907506466825185,12785,0.17201515589314795
209,0.1718739381675525,0.1714791011493462,0.003024134522465695,0.0001,1.0320546709004398e-05,0.006825454775463925,0.00015644802189386325,12916,0.1718739381675525
210,0.1715811276030632,0.1723351883109928,0.0027905653917200397,0.0001,9.288917476204806e-06,0.006657373092754748,0.00014039754534909965,12829,0.1715811276030632
211,0.17606452897674835,0.1732584080946184,0.002967535282228013,0.0001,1.0316438725271213e-05,0.006952866769304709,0.00014406137133445176,12791,0.17606452897674835
212,0.1757776369940099,0.17423527896070665,0.0033009207096869457,0.0001,1.1586281363344021e-05,0.007020030096053319,0.00017090944419766814,12784,0.1757776369940099
213,0.1820398819019862,0.17533759000955812,0.0035304837132106824,0.0001,1.2726505052970699e-05,0.007209496537457183,0.00014137938631891692,12588,0.1820398819019862
214,0.17768564570941636,0.1761116240569341,0.0027984331338387486,0.0001,9.497167430010115e-06,0.006787489266882985,8.999714159581472e-05,12651,0.17768564570941636
215,0.17476175612058356,0.17710915303676045,0.003213198498878681,0.0001,1.0480268996673485e-05,0.006523262724248637,0.00014389402513398608,12791,0.17476175612058356
216,0.18153892072910505,0.17798100306618503,0.0032429397863066216,0.0001,1.1507819134559966e-05,0.007097152517695187,0.00014361617918384588,12659,0.18153892072910505
217,0.18230754507996763,0.17897675013192935,0.003310007706319475,0.0001,1.119234095831474e-05,0.006762728036521665,0.000169514643905051,12638,0.18230754507996763
218,0.17772448947081554,0.17982204810422392,0.0030703807105213776,0.0001,1.0159787988092644e-05,0.006617933700063809,0.00015651781356318682,12722,0.17772448947081554
219,0.17937436189141415,0.18081724787762293,0.0033217974762739847,0.0001,1.1338670510179659e-05,0.0068268283007416174,0.00034399170995442726,12601,0.17937436189141415
220,0.17774504160718618,0.18170377403199714,0.003097944620213313,0.0001,1.0286175039195753e-05,0.006640644879240924,0.00034598001439005747,12717,0.17774504160718618
221,0.1729203727467842,0.18250183963725958,0.002972100327775602,0.0001,1.0629957040159942e-05,0.007153161648560957,0.00033704271326143187,12736,0.1729203727467842
222,0.1868242925979064,0.18338186394033879,0.0032104718485938466,0.0001,1.0849580994092499e-05,0.006758870038897553,0.0003475853398427937,12550,0.1868242925979064
223,0.17816403210944184,0.18426543081167873,0.0029552568363488845,0.0001,1.0066502771921907e-05,0.006812607722013572,0.0003486390464763361,12714,0.17816403210944184
224,0.18582289691164122,0.18507629100942266,0.0029336230100551358,0.0001,9.529026050053023e-06,0.006496421672036127,0.00036086478697899344,12550,0.18582289691164122
225,0.20048530533974496,0.18595593269143024,0.0030104731943027463,0.0001,1.058970158217111e-05,0.007035240574280406,0.00040853495141339967,12265,0.20048530533974496
226,0.18909834384041913,0.1867599841947239,0.0028619167385854714,0.0001,9.679032444356243e-06,0.0067640209890523885,0.00037964335325114197,12490,0.18909834384041913
227,0.18783290037774603,0.1875772307783508,0.0032760052827400426,0.0001,1.1647970858979914e-05,0.007111081853468552,0.00038144891001552913,12484,0.18783290037774603
228,0.19196182383364613,0.18832721777587147,0.002893509435095195,0.0001,9.949183476713285e-06,0.00687689720727381,0.00035654661062709274,12452,0.19196182383364613
229,0.19392359052087665,0.18935344882226243,0.003571575382757567,0.0001,1.300554812915905e-05,0.007282807576704504,0.00031789261209483067,12426,0.19392359052087665
230,0.19855844556348462,0.1902314831049094,0.003401383587141273,0.0001,1.2198739590301974e-05,0.0071728102860368825,0.000333530668608919,12211,0.19855844556348462
231,0.20013948427172235,0.19114854012205917,0.003194176289417646,0.0001,1.1577626928214855e-05,0.007249209736213813,0.0003244386866412132,12242,0.20013948427172235
232,0.1872366410832916,0.19190442705075467,0.0033276657359532055,0.0001,1.1804540314008054e-05,0.007094787307792295,0.00032599718235256096,12483,0.1872366410832916
233,0.19049296356685275,0.19275295687354166,0.0029853609492293317,0.0001,1.0058536647765296e-05,0.0067385732035932875,0.00030083555280611366,12423,0.19049296356685275
234,0.19465593354792954,0.19359995206091768,0.002936799215833615,0.0001,1.0010277532085323e-05,0.00681713443541893,0.00032197079450830765,12316,0.19465593354792954
235,0.18667109607298976,0.19433790384943953,0.002948896624742446,0.0001,1.0228514388987625e-05,0.006937180708992115,0.00027443595958256614,12542,0.18667109607298976
236,0.18709256163952212,0.1951799094628497,0.002979265363442294,0.0001,1.0295545715728608e-05,0.006911466056070249,0.00030787446811065264,12493,0.18709256163952212
237,0.19960080055423718,0.19595272296031524,0.003201498285107512,0.0001,1.0914818887673092e-05,0.006818569254555483,0.0003365336584397351,12286,0.19960080055423718
238,0.18184620113918598,0.19671171605575172,0.0030100725936960905,0.0001,9.509828346831598e-06,0.006318670431236616,0.0002880527886409214,12622,0.18184620113918598
239,0.19571657446759722,0.19754615249659474,0.00305775874755368,0.0001,1.0643715510720696e-05,0.00696177585575452,0.00029783344515299347,12306,0.19571657446759722
240,0.18210804192463234,0.19840980649225118,0.0032352601422294416,0.0001,1.0728299759844455e-05,0.006632109498589813,0.000291502580304611,12636,0.18210804192463234
241,0.19830389164359102,0.1992061193201053,0.0032300348907395985,0.0001,1.1173368613727786e-05,0.006918419764295092,0.00031870239922961337,12293,0.19830389164359102
242,0.1920397309928525,0.20006268901146088,0.003316854908968801,0.0001,1.1424164279972908e-05,0.006888552314472291,0.000288519446566594,12414,0.1920397309928525
243,0.2042517809627894,0.20094562303914681,0.003355032400147344,0.0001,1.1802750731299983e-05,0.007035849031312862,0.00031622145582030353,12157,0.2042517809627894
244,0.20353748497083357,0.20171188973522441,0.003262261582861325,0.0001,1.1405165080658307e-05,0.006992183055201143,0.0002938472418621827,12208,0.20353748497083357
245,0.20397004945262143,0.20252894502519503,0.0032901530654891814,0.0001,1.1304011183908489e-05,0.006871419632404127,0.00029089219585764874,12286,0.20397004945262143
246,0.20373972348921,0.20339046393537255,0.003216746975242986,0.0001,1.0741457369041036e-05,0.006678459606372769,0.0003291414262187955,12193,0.20373972348921
247,0.20112284280830411,0.2041925011635822,0.003164941184123118,0.0001,1.0400244404667927e-05,0.0065721565107374515,0.00029144347296428987,12254,0.20112284280830411
248,0.20479994776788124,0.20508471096019262,0.0033722002167639493,0.0001,1.1512572840542798e-05,0.00682792960116144,0.00028620024604310464,12163,0.20479994776788124
249,0.1981991469988023,0.20586887515378088,0.0029501941802609903,0.0001,9.508171308678554e-06,0.006445793549655373,0.00024447373363349574,12329,0.1981991469988023
250,0.21161291818241945,0.20678843464245367,0.0034977010193263072,0.0001,1.2334016213499767e-05,0.007052641804058724,0.00023147559966610253,11941,0.21161291818241945
251,0.20533238620702743,0.20757806053292616,0.0030184486951205527,0.0001,1.0235417186641184e-05,0.006781905687638264,0.0002582389174109177,12109,0.20533238620702743
252,0.20264309856156038,0.2082667392487853,0.0029761143484766093,0.0001,1.0268761355259788e-05,0.006900784145283991,0.00025068837942098996,12180,0.20264309856156038
253,0.2125395755401912,0.2092274737013366,0.0034403340194833066,0.0001,1.1653614932287359e-05,0.006774699704325558,0.000252464495244158,12026,0.2125395755401912
254,0.21074475984854496,0.20990926459675435,0.0030097092319062305,0.0001,9.45769487265755e-06,0.006284789754701599,0.00026487812049199,12031,0.21074475984854496
255,0.20596940240185221,0.21067060722673636,0.0032197948537110643,0.0001,1.0689920997738095e-05,0.006640125525647779,0.00025437428114936163,12126,0.20596940240185221
256,0.2149615791079384,0.2115400757644701,0.003284225154908177,0.0001,1.083472683858909e-05,0.006598041442071602,0.00023595784027545088,11929,0.2149615791079384
257,0.21663951068975446,0.21233318938207707,0.0030660903276044918,0.0001,1.0012580642699491e-05,0.006531171343880288,0.000235328471621162,11924,0.21663951068975446
258,0.21058872044335158,0.2131880336222029,0.0032687189145191886,0.0001,1.0681087372993612e-05,0.0065353354952300885,0.00023419433330021684,12063,0.21058872044335158
259,0.21783609502275625,0.21403914846089928,0.0033854382488654263,0.0001,1.1699651475932538e-05,0.0069117500399562635,0.0003185569331197451,11849,0.21783609502275625
260,0.21764964319373353,0.21482211468903795,0.0031229712978917486,0.0001,1.0076355810147674e-05,0.0064530569441672465,0.0002996851837599023,11970,0.21764964319373353
261,0.2043551549012203,0.21532509736740743,0.0024688711115489694,0.0001,7.616392526988907e-06,0.006169939363266626,0.00030214612467889984,12242,0.2043551549012203
262,0.22908623522076865,0.21630082590087393,0.003541024071314983,0.0001,1.201259394122153e-05,0.006784813488579632,0.00030608239115800486,11702,0.22908623522076865
263,0.21241776990206063,0.21711542126946667,0.003396018665809714,0.0001,1.2026247588517698e-05,0.007082556824316086,0.00027840523773152974,12040,0.21241776990206063
264,0.22002923863395102,0.21776839534796016,0.003158624973301691,0.0001,1.0755824983995378e-05,0.00681044763142766,0.0003047627329035949,11777,0.22002923863395102
265,0.2153800005186372,0.218650805385894,0.003243972677087542,0.0001,1.0052418791618952e-05,0.006197597694098998,0.00033390827386554683,11902,0.2153800005186372
266,0.22756082332865873,0.21946290863227746,0.003262020618472689,0.0001,1.032950245286907e-05,0.006333192619552139,0.0002886420850752618,11749,0.22756082332865873
267,0.22153302898970928,0.22020426898805534,0.0030948806295590307,0.0001,1.0607921943465803e-05,0.006855141256273432,0.0003048416973860797,11870,0.22153302898970928
268,0.21652550546058352,0.2210127897537003,0.00317669543803072,0.0001,1.0282954113603717e-05,0.006473994321582348,0.0003077528669025093,11881,0.21652550546058352
269,0.21727064356815734,0.22175900523192404,0.0030179344666286796,0.0001,9.916461921046595e-06,0.006571688040744123,0.00033005487940021674,11943,0.21727064356815734
270,0.21908485640310957,0.22259282943238626,0.0033577695442425907,0.0001,1.1048787965666436e-05,0.006581028161751763,0.00035363551187634777,11887,0.21908485640310957
271,0.22840667375228593,0.22329327656838682,0.0032364920631012444,0.0001,1.0835386725711672e-05,0.006695759800707856,0.0003729846103673289,11683,0.22840667375228593
272,0.21616031685591897,0.22394492685039075,0.0028460797051579477,0.0001,8.922935872775273e-06,0.006270334493165631,0.0003797798560106955,11959,0.21616031685591897
273,0.22840167287328814,0.22484912707545465,0.0036591291735871482,0.0001,1.3296663538775767e-05,0.007267665560841992,0.00034803567686045935,11743,0.22840167287328814
274,0.2144331249463704,0.2255211052044404,0.003244709517276177,0.0001,1.0727465121318646e-05,0.006612280738353422,0.0003546069926966262,11978,0.2144331249463704
275,0.22269308109105995,0.2262485783830348,0.0030537660073720373,0.0001,1.0274152140413567e-05,0.00672884046492818,0.00035896800983945204,11803,0.22269308109105995
276,0.22286619635314836,0.2270420594010235,0.0031165852541860236,0.0001,1.0046478614271908e-05,0.0064471065572668275,0.000366946490080665,11749,0.22286619635314836
277,0.2221389176865663,0.22785840015251874,0.003292745966963583,0.0001,1.0598048877383607e-05,0.006437210148438285,0.0003464810248084789,11801,0.2221389176865663
278,0.22658898460588892,0.22873224498193334,0.003480933276898121,0.0001,1.1569260822568888e-05,0.006647217801817977,0.00037394417426667945,11752,0.22658898460588892
279,0.223922608480737,0.2293847922366413,0.003145971721344034,0.0001,1.0012858985604294e-05,0.006365511118661018,0.0003309191404082465,11649,0.223922608480737
280,0.2323225599745451,0.23017235446442458,0.003323746143124702,0.0001,1.0944840093657734e-05,0.006585845983633593,0.00035782156397393534,11566,0.2323225599745451
281,0.23847872605498868,0.23098645219585445,0.0033106691854682406,0.0001,1.089101723603478e-05,0.006579344915426471,0.0003679714096506949,11512,0.23847872605498868
282,0.23667867347219157,0.23172068806847018,0.003280917940811403,0.0001,1.091683124365958e-05,0.006654742020740538,0.00036798300063478205,11498,0.23667867347219157
283,0.24023417992699866,0.23240587692838782,0.003148299843276854,0.0001,1.054378780059869e-05,0.006698083616854211,0.00038612515869272944,11454,0.24023417992699866
284,0.23001900370806622,0.23316052010517224,0.0031797847503472246,0.0001,9.863037014656011e-06,0.006203587845736408,0.00035160642384206444,11705,0.23001900370806622
285,0.23901946633885626,0.23393230408486793,0.0031303423201304295,0.0001,1.0064633024854986e-05,0.006430372141814593,0.000365845324357962,11398,0.23901946633885626
286,0.2516397722134204,0.23450857696095861,0.0030511744339871485,0.0001,9.702464628510352e-06,0.006359822972055762,0.00037523015089695655,11244,0.2516397722134204
287,0.23204202277569796,0.2352554504749965,0.003369559614118592,0.0001,1.1380083601978955e-05,0.006754641499319933,0.00035682042065025756,11584,0.23204202277569796
288,0.2346997461732012,0.23605581508600704,0.0033508103357867635,0.0001,1.0931109721530838e-05,0.006524457445284938,0.00035177930514349617,11464,0.2346997461732012
289,0.23899241445305405,0.2368274175022923,0.0034096511469099123,0.0001,1.1393861343696166e-05,0.006683300345269725,0.00026941347331697776,11418,0.23899241445305405
290,0.2366412357984486,0.23748963852840488,0.00292656675311381,0.0001,8.955923126799675e-06,0.006120429761098562,0.00024713770540305463,11507,0.2366412357984486
291,0.24165535435749474,0.2380694293403416,0.0029070557492237256,0.0001,9.320376265253682e-06,0.006412244600223105,0.0002413415400738178,11393,0.24165535435749474
292,0.22591260998445445,0.23864485135963542,0.0029567536061013066,0.0001,9.681633231150667e-06,0.006548826531350108,0.0002770475743727321,11631,0.22591260998445445
293,0.23709187650237296,0.23936209883575016,0.003006472257829512,0.0001,9.536630869275566e-06,0.00634406710019698,0.000218394518223502,11539,0.23709187650237296
294,0.2338733859421505,0.23998253742788622,0.0030603282638406526,0.0001,9.576664982177297e-06,0.006258586763603437,0.00026375841510307453,11568,0.2338733859421505
295,0.24424835908059417,0.2406555454212156,0.003252182490854256,0.0001,1.0487571680185556e-05,0.006449559155845998,0.00024822162960026935,11315,0.24424835908059417
296,0.2418706570875192,0.2412653060842379,0.002991959891792657,0.0001,9.562790467376975e-06,0.006392325307307076,0.0002215828860216053,11292,0.2418706570875192
297,0.22885006378725253,0.24195084871315237,0.003133434101859117,0.0001,1.0277760126917403e-05,0.006560061448759648,0.0002121533188383688,11617,0.22885006378725253
298,0.243227807189534,0.24275432760203797,0.0034451561373974263,0.0001,1.1148651889224e-05,0.006472073511098411,0.0002566522450770752,11303,0.243227807189534
299,0.24500874727323957,0.24334308942441474,0.0028840277194792704,0.0001,8.899496722802432e-06,0.006171575025228464,0.000448257570065516,11299,0.24500874727323957
300,0.24094053918803776,0.24400169459657242,0.003326481453756918,0.0001,1.1021885660814901e-05,0.006626753110778247,0.00045575177271029723,11447,0.24094053918803776
301,0.24422368871603722,0.24460424261741584,0.002876576868999882,0.0001,8.600998046372076e-06,0.005980023088597276,0.0004661173257304998,11375,0.24422368871603722
302,0.23599643693411837,0.2452507929134315,0.003235848048584955,0.0001,1.0322215280125776e-05,0.0063799134725375664,0.0004135664735634629,11559,0.23599643693411837
303,0.2522593664058422,0.24587653547807242,0.0031615852440890512,0.0001,9.902413824124637e-06,0.006264208021996778,0.0004543634944719007,11219,0.2522593664058422
304,0.2412024105762779,0.24645958297330012,0.0029922742089447136,0.0001,9.451925676313084e-06,0.006317553149413067,0.00043650506392428043,11450,0.2412024105762779
305,0.24535482786761847,0.24714176636528462,0.0032595671501341244,0.0001,1.0393214013905614e-05,0.006377051636121658,0.00045111864210592445,11209,0.24535482786761847
306,0.25659411745295163,0.24757502971752454,0.0028311475574165764,0.0001,8.903076881094072e-06,0.006289376799009469,0.00047482814685067295,11058,0.25659411745295163
307,0.2509679143910014,0.24823817173823512,0.0031368797227353945,0.0001,9.50167654249039e-06,0.0060580432674063895,0.0004616441696394468,11167,0.2509679143910014
308,0.256426346141318,0.24892086068231922,0.0030823220085377714,0.0001,9.229892604664569e-06,0.005988921714926959,0.00044110107793843246,11062,0.256426346141318
309,0.24423768436955012,0.24939315770712284,0.002784607701503721,0.0001,8.05053816187813e-06,0.0057821704346581685,0.0003520294955202659,11399,0.24423768436955012
310,0.2471224542809231,0.2500057467475905,0.0031998792472782657,0.0001,1.014986653668928e-05,0.006343905974153551,0.0004083710767069551,11256,0.2471224542809231
311,0.24466156066161732,0.25055614724972197,0.0028997416614953055,0.0001,8.861125880632333e-06,0.0061116657378802,0.0003532733951324524,11389,0.24466156066161732
312,0.2555807693396094,0.25129045169746017,0.0033769398586114725,0.0001,1.059471695907902e-05,0.0062747442374856775,0.00038871039379648073,11126,0.2555807693396094
313,0.2607071049985621,0.2519630925833998,0.003178761815899591,0.0001,9.72173907760145e-06,0.006116682935459381,0.00039002920798196256,10991,0.2607071049985621
314,0.25185263223924925,0.2526611536711948,0.0033506467488102743,0.0001,1.0836605568741413e-05,0.006468366486314442,0.0003997745283092774,11295,0.25185263223924925
315,0.25968108451821376,0.2532442620511747,0.0033314468851484225,0.0001,1.0973771134761396e-05,0.006587991051985504,0.00041425325593182825,10996,0.25968108451821376
316,0.2609586078572949,0.25388692633689935,0.0033566450346731703,0.0001,1.1067686820913218e-05,0.0065944934341208095,0.00039909586103512794,10936,0.2609586078572949
317,0.2510027487775974,0.25457526753765025,0.003295153960184575,0.0001,1.0382511815920505e-05,0.006301685409163057,0.00040506789536879024,11159,0.2510027487775974
318,0.2490197606939584,0.25534696681626234,0.003349575674831431,0.0001,1.0177084026798571e-05,0.006076640753793831,0.00038059580396429164,11247,0.2490197606939584
319,0.26875979848079257,0.2561088655024666,0.0036115764884144196,0.0001,1.2148279268159013e-05,0.006727410762103191,0.00034302905687004265,10927,0.26875979848079257
320,0.2555464810783171,0.25679863438479567,0.003285507877325147,0.0001,1.085115994073335e-05,0.006605468832153695,0.0003435336801031127,11188,0.2555464810783171
321,0.25269961620263526,0.25737641501941644,0.0031065984441611466,0.0001,9.582500193296608e-06,0.006169127014987676,0.0003146601739620631,11119,0.25269961620263526
322,0.25895807956988115,0.2580276484209636,0.003286943471297003,0.0001,1.0349098708335565e-05,0.00629709564445408,0.0003434109655216885,10986,0.25895807956988115
323,0.25847302642420944,0.2585671800541794,0.0030420136359306967,0.0001,8.929217445813692e-06,0.005870596594536184,0.0003553265305307715,11015,0.25847302642420944
324,0.2576934818704737,0.25920266821899174,0.0032758244496372746,0.0001,1.0658996400988363e-05,0.0065076725354856,0.00031588883971192245,11008,0.2576934818704737
325,0.240794017969719,0.2596480933413754,0.0029534262613623986,0.0001,9.38636833015502e-06,0.006356257105823351,0.000277719365492389,11338,0.240794017969719
326,0.2555016758959786,0.2602684677119764,0.002902425902167051,0.0001,8.343010117496611e-06,0.005748990946688721,0.00033091696040506033,11155,0.2555016758959786
327,0.25607421576140105,0.2606288189969479,0.002467855119995416,0.0001,7.00613758086421e-06,0.00567791644177007,0.00033305003622928833,11125,0.25607421576140105
328,0.26475539740868714,0.26128560040800364,0.003173933895590448,0.0001,9.24093661434146e-06,0.005823017692447791,0.0003321039044038375,10970,0.26475539740868714
329,0.25647454458326324,0.26170070664740097,0.0029718060006710596,0.0001,9.59456321570953e-06,0.0064570589153820895,0.00039713723072767215,11142,0.25647454458326324
330,0.26352223254979473,0.262273564477425,0.003050852631667595,0.0001,9.30601486828198e-06,0.006100599400761821,0.0004072844770041117,10949,0.26352223254979473
331,0.27328155695179124,0.2628450072508347,0.003101775059171639,0.0001,8.998755778668884e-06,0.00580232647887245,0.00039416171617449386,10740,0.27328155695179124
332,0.25400864472530754,0.263318930885987,0.0027630697950087922,0.0001,7.997994681498959e-06,0.005789209303323812,0.00037483505933004653,11150,0.25400864472530754
333,0.26497695696694756,0.26392601367381063,0.0031461441583113528,0.0001,9.555821946273193e-06,0.006074624343597873,0.00041459767006257243,10914,0.26497695696694756
334,0.271768289733775,0.2645153277736626,0.0032766769897923393,0.0001,1.047962185600763e-05,0.006396493696909551,0.0003912049041020682,10845,0.271768289733775
335,0.26180658411272434,0.26509644608397,0.003334230131505238,0.0001,1.0772801129495155e-05,0.006461942160322193,0.0003880319105152315,11032,0.26180658411272434
336,0.2514263961459464,0.2655199464793522,0.0027463612619655466,0.0001,7.891674366872036e-06,0.005747003845534898,0.00040163117977184363,11212,0.2514263961459464
337,0.26670901100230243,0.26619852051438786,0.003330682023602688,0.0001,9.913506090345565e-06,0.005952838499799183,0.00042333912977839523,10908,0.26670901100230243
338,0.2683600726110686,0.26663581135849035,0.003095468073477232,0.0001,9.524744837991722e-06,0.006153993264929585,0.00039928292026691155,10844,0.2683600726110686
339,0.2715821605893065,0.2670838045063393,0.0029834322912822646,0.0001,8.894483936949136e-06,0.005962584747064147,0.0004989145625492992,10799,0.2715821605893065
340,0.26758080905446435,0.26759207589027106,0.0030880620476656418,0.0001,9.220323159831605e-06,0.005971591902955139,0.0005360216642381391,10954,0.26758080905446435
341,0.2648979770522493,0.26815963787302133,0.003284028705451438,0.0001,1.0276732764006707e-05,0.006258613237422368,0.0005294464794449551,10937,0.2648979770522493
342,0.2683172439229117,0.2687773949302831,0.0031489431180799932,0.0001,9.114458095845297e-06,0.005788899801659586,0.0005076059996741444,10913,0.2683172439229117
343,0.26456601403352986,0.2694230307004464,0.0030554317507302474,0.0001,9.141003910453275e-06,0.005983444996451697,0.0005005906918706422,11020,0.26456601403352986
344,0.26553883229519637,0.26996852166966345,0.003082579837254819,0.0001,9.162739593518696e-06,0.005944851440849327,0.0005462786403857998,10894,0.26553883229519637
345,0.2663798789779332,0.27055128896672487,0.003025101824684448,0.0001,8.369690046348711e-06,0.00553349310628363,0.0005339614571621594,10903,0.2663798789779332
346,0.2729103910849059,0.271060903786572,0.0029027584477841818,0.0001,8.446863824043256e-06,0.005819887514575086,0.0005312921242382478,10643,0.2729103910849059
347,0.26332057013397736,0.27148066586346664,0.0029316792938151623,0.0001,9.040330129622986e-06,0.006167339073339284,0.0005520161381648077,10839,0.26332057013397736
348,0.2638684387946755,0.2719220311980058,0.0031007341747608624,0.0001,9.571223709691514e-06,0.0061735209600350055,0.0005540495164462712,10950,0.2638684387946755
349,0.2665428756529714,0.27248138408995404,0.0031053554853945507,0.0001,9.22630905578462e-06,0.005942191867680729,0.00024696389551435635,10927,0.2665428756529714
350,0.278211080086523,0.27291657094262056,0.0026573734653751522,0.0001,7.044349376942149e-06,0.005301738328261413,0.00024485022175614287,10641,0.278211080086523
351,0.27591863774347003,0.27345086707957666,0.0030175911400277286,0.0001,8.458104179044392e-06,0.005605864934350695,0.0002776403061950228,10619,0.27591863774347003
352,0.27414798136571966,0.273980355697339,0.003128903531348854,0.0001,9.630874891061044e-06,0.006156070198117757,0.0002601353123710172,10747,0.27414798136571966
353,0.2696975622186298,0.2744669718023293,0.0032636404437228136,0.0001,1.0725420598874683e-05,0.006572672930012022,0.00027719730892847424,10734,0.2696975622186298
354,0.2727171462410065,0.2749767274260245,0.002925935599320635,0.0001,8.566558081468212e-06,0.0058556026205479434,0.00022550466392935067,10805,0.2727171462410065
355,0.271762260718471,0.2755451527868501,0.0033104326548740156,0.0001,9.83320373306664e-06,0.005940736307436442,0.00026968742162420344,10837,0.271762260718471
356,0.26660810847335237,0.2761180148984186,0.0032215323535237264,0.0001,9.484011111451776e-06,0.00588788816668448,0.00021114976752468185,10764,0.26660810847335237
357,0.27387694883877234,0.27656830867608484,0.0030225650258794657,0.0001,8.685381409031693e-06,0.005747027001680162,0.0002726988417270271,10696,0.27387694883877234
358,0.28754115855994766,0.2771250231727037,0.0032276601184220966,0.0001,9.799630608294331e-06,0.006072281621204321,0.0002657944783462551,10424,0.28754115855994766
359,0.2757175485427918,0.27762419043074366,0.0031650067393357148,0.0001,9.476881665195972e-06,0.005988538063704104,0.0004100689363488695,10676,0.2757175485427918
360,0.27336464359454915,0.27810051736008545,0.0032347217213303673,0.0001,1.0242946132719962e-05,0.006333123535898645,0.00040311741842053404,10699,0.27336464359454915
361,0.2717003334996524,0.27843813773843185,0.0028149623817062424,0.0001,8.55145784846706e-06,0.006075717319734651,0.0003793491094469083,10762,0.2717003334996524
362,0.28340721966473886,0.2787296321727848,0.002883932503075551,0.0001,9.027463680035818e-06,0.0062605235527589745,0.00038451599136215815,10518,0.28340721966473886
363,0.28168033885036614,0.27906886724208324,0.0028782544145309025,0.0001,8.266612304264854e-06,0.0057441845741854946,0.0003872682423144341,10562,0.28168033885036614
364,0.2826781045806436,0.2793699030369932,0.0027217616608353106,0.0001,8.085194752776787e-06,0.005941148241683613,0.0003912273742291177,10520,0.2826781045806436
365,0.2775522014007862,0.27992213859366755,0.003011873353044028,0.0001,8.82958874124938e-06,0.005863187263385779,0.0003926665772785661,10677,0.2775522014007862
366,0.27843908768509795,0.28042302521349716,0.0030896692477518552,0.0001,8.58775531323957e-06,0.0055590127127609565,0.00038200718042589614,10646,0.27843908768509795
367,0.2772479346122395,0.2808924044670885,0.0028281432603608964,0.0001,7.647871635782777e-06,0.005408404689376903,0.0003760064519279313,10669,0.2772479346122395
368,0.2778100123682524,0.28122650475594435,0.0026603907837484727,0.0001,7.66549238551192e-06,0.0057626815070463385,0.0003892201151660229,10628,0.2778100123682524
369,0.2802332538664333,0.2817859761950617,0.0032095724473605123,0.0001,9.27652907866118e-06,0.005780538829269929,0.0005695863353079023,10555,0.2802332538664333
370,0.2901456995662397,0.2819955339424326,0.0024927999561351753,0.0001,7.0776429926533266e-06,0.005678468482987676,0.0005205803639040467,10353,0.2901456995662397
371,0.2862165462042476,0.2823698997066739,0.002865315313311699,0.0001,8.772498946861361e-06,0.0061232346095426455,0.000499213865843224,10535,0.2862165462042476
372,0.2869414930812983,0.2826671304485256,0.00279306444309284,0.0001,8.195797078122722e-06,0.005868677393671077,0.0005118812897398539,10417,0.2869414930812983
373,0.2790736289216147,0.28303713901692984,0.003029903146202626,0.0001,8.90153262377554e-06,0.005875786910833647,0.000531697106945888,10618,0.2790736289216147
374,0.279885559726728,0.2835123233752648,0.003047572350634249,0.0001,8.535775676370928e-06,0.005601688619201768,0.0005449571686313875,10452,0.279885559726728
375,0.2782477108067163,0.2839429777331821,0.0027750212843668048,0.0001,7.291797044788926e-06,0.005255308913028927,0.0005042408264876563,10705,0.2782477108067163
376,0.27690880423290987,0.2844763889526616,0.0030253000026723405,0.0001,8.74142779102449e-06,0.005778883273264085,0.0005449054680479581,10677,0.27690880423290987
377,0.28960349272629204,0.2849695930420006,0.0028772250567424334,0.0001,8.038370411096598e-06,0.005587585435668047,0.0005222224184505553,10447,0.28960349272629204
378,0.28192543818595894,0.2854107518459902,0.0032074484711440174,0.0001,1.0372376708852026e-05,0.006467680963337473,0.000543827942566855,10595,0.28192543818595894
379,0.28003583795428116,0.28588400173583234,0.002981715995596617,0.0001,8.667725193320795e-06,0.005813917359078628,0.00043588050794843736,10597,0.28003583795428116
380,0.2790248519584422,0.2861747421258434,0.002656462533671257,0.0001,7.28833835290139e-06,0.005487251004311237,0.0004243097995588055,10641,0.2790248519584422
381,0.29004195118632015,0.286500099147238,0.002756844022766852,0.0001,7.495349386697109e-06,0.005437630366316154,0.0004183451947126391,10305,0.29004195118632015
382,0.2885656390498059,0.2868930254513784,0.003003738121070046,0.0001,8.735148856423336e-06,0.005816185369256853,0.000438440655893839,10451,0.2885656390498059
383,0.2975438853353004,0.2872911199257429,0.0027457548171562203,0.0001,7.270210771828448e-06,0.0052956008500119525,0.0004524610783376987,10273,0.2975438853353004
384,0.28998201899475906,0.28772621826364153,0.002971389784285038,0.0001,8.04382643075044e-06,0.005414184617105634,0.00044874744629737535,10346,0.28998201899475906
385,0.28202771423224954,0.2882558894045996,0.0032146347608386734,0.0001,9.279383148999573e-06,0.005773211477734818,0.00044074188543863444,10483,0.28202771423224954
386,0.27213448638876236,0.28870446429349444,0.0030821037650604027,0.0001,9.230551326008142e-06,0.00598977323907668,0.0004232693213502525,10803,0.27213448638876236
387,0.28332191432153364,0.28919652514030586,0.002938946133108107,0.0001,7.773358266829784e-06,0.0052898950268333135,0.0004430117474234162,10594,0.28332191432153364
388,0.28380269933772073,0.2896314061434323,0.0030524797678618456,0.0001,8.644588588249204e-06,0.005663977648116852,0.0004530980980644671,10587,0.28380269933772073
389,0.28670331403031646,0.2900724447584402,0.003271294916667479,0.0001,9.997572355800444e-06,0.006112302687759582,0.00039504513768621487,10519,0.28670331403031646
390,0.2845233904385611,0.2905076587296298,0.0029341279338963543,0.0001,7.938141194929952e-06,0.0054109032555976905,0.0003995050507608912,10551,0.2845233904385611
391,0.2842341996214869,0.2910352397977327,0.003303660389127651,0.0001,9.513730468311906e-06,0.005759508755574028,0.00038245160560233837,10527,0.2842341996214869
392,0.28714756041641276,0.29129502750435543,0.002649356977188958,0.0001,7.227871283894124e-06,0.005456321172364697,0.000337510161080506,10416,0.28714756041641276
393,0.28368165878621177,0.2916610247504299,0.002683231231364716,0.0001,7.0195951940889645e-06,0.005232195505207156,0.00038458917831393427,10524,0.28368165878621177
394,0.2888256798557257,0.29202533968558286,0.0027823444244313112,0.0001,7.325827219985948e-06,0.005265938433544787,0.00037192657853203593,10397,0.2888256798557257
395,0.2935914743175151,0.2925158083715702,0.0029899094891645377,0.0001,8.379822206753311e-06,0.005605401927464276,0.0003903027269029883,10328,0.2935914743175151
396,0.30040510262008346,0.292869326323833,0.0028247532614638815,0.0001,7.5696571820152886e-06,0.00535951743841332,0.0003656595374406216,10236,0.30040510262008346
397,0.28619252018414487,0.2933357207881755,0.003175987025114773,0.0001,9.090150890152843e-06,0.00572429976462158,0.00037103193043747974,10500,0.28619252018414487
398,0.2903238567611368,0.2936874306761591,0.0029383763374551215,0.0001,8.32735124615404e-06,0.0056679950352215396,0.0003636919504755614,10360,0.2903238567611368
399,0.2964015212482073,0.29394692503895703,0.00248171385608419,0.0001,6.470308215911632e-06,0.0052143869850659625,0.00021374511773400407,10273,0.2964015212482073
400,0.2971441538954652,0.2944965728395934,0.0033307881601456263,0.0001,9.455927215755883e-06,0.005677891694764796,0.0002274366186443506,10232,0.2971441538954652
401,0.2916698747509032,0.294851950492122,0.0028431149495112447,0.0001,7.549678262454802e-06,0.005310849822482665,0.00022126126311838143,10385,0.2916698747509032
402,0.2941294565269984,0.29522661824772983,0.002897185702434666,0.0001,7.9925447893845e-06,0.005517454254083829,0.00022070414903486863,10318,0.2941294565269984
403,0.29657797258550167,0.2955697545883583,0.002825379670147284,0.0001,7.512429577283659e-06,0.005317819517609854,0.00021511310823442038,10238,0.29657797258550167
404,0.2923573139339171,0.2958688566837944,0.0027291149187882243,0.0001,7.392415921140446e-06,0.005417445685594516,0.00023044442789277683,10349,0.2923573139339171
405,0.29460088062459194,0.29629379732621086,0.0028124414169908313,0.0001,7.444134576139758e-06,0.0052937170752552784,0.0002085921422174458,10288,0.29460088062459194
406,0.2912612928975754,0.29667465969338014,0.0027357358292140603,0.0001,7.0307003178445525e-06,0.005139897092961916,0.00022175944256895336,10394,0.2912612928975754
407,0.2863514296575762,0.2970356906716228,0.002780253692052785,0.0001,7.366023479694858e-06,0.005298813918132912,0.00021910073810304975,10429,0.2863514296575762
408,0.2942922269775737,0.2974831447690727,0.0031271444318603154,0.0001,8.781806741113111e-06,0.005616502168330534,0.0002258423510839471,10297,0.2942922269775737
409,0.3006325125851219,0.2980072994062314,0.003192107317934288,0.0001,8.82154058882292e-06,0.00552709524473733,0.0002785588121567062,10198,0.3006325125851219
410,0.2978874700385028,0.2984810030455092,0.002999136462946629,0.0001,8.533889165586579e-06,0.00569089754402312,0.0002728515120736733,10191,0.2978874700385028
411,0.305288776867105,0.2988975614158866,0.002951034868621303,0.0001,7.826436923320856e-06,0.005304198202834043,0.00031156866923046344,10059,0.305288776867105
412,0.29336376403534625,0.29923973912221336,0.002760157381544823,0.0001,7.18332802712156e-06,0.0052050133627533565,0.00027665573551923775,10391,0.29336376403534625
413,0.3009912091605358,0.2995390936507508,0.0024636158006758266,0.0001,6.265902197376561e-06,0.005086752727968119,0.0002835627566909781,10194,0.3009912091605358
414,0.2911967115781825,0.29978397007769436,0.0023719472911055374,0.0001,6.196298557628651e-06,0.005224651138635233,0.00030280541315873293,10394,0.2911967115781825
415,0.3141552581196456,0.30017205847480466,0.0029421552987300603,0.0001,7.907183589721985e-06,0.005375096000632602,0.00026802484085208653,9901,0.3141552581196456
416,0.30237700382878385,0.3004379342308731,0.0027960763161324286,0.0001,7.76268985063022e-06,0.0055525593531493295,0.00028089166686326824,10070,0.30237700382878385
417,0.2997958263660161,0.30076265003871394,0.0025565556860666894,0.0001,6.365583492055833e-06,0.004979812117333072,0.00024734772504949557,10209,0.2997958263660161
418,0.30309552826785113,0.3011690288968394,0.0027964054530708704,0.0001,7.013854906660543e-06,0.005016336167531274,0.00023624139159406866,10098,0.30309552826785113
419,0.28788104678043835,0.3015232111193509,0.0028776257744670087,0.0001,7.65813582704289e-06,0.005322537694090067,0.00046910124064712086,10419,0.28788104678043835
420,0.3035113114524226,0.3019416377178708,0.0029087948620548586,0.0001,7.744599256953514e-06,0.005324953889311054,0.0004969625529867454,10163,0.3035113114524226
421,0.30358317393316336,0.3021420601077972,0.0023302295126991475,0.0001,5.504919989890575e-06,0.004724787802995529,0.0004813366635049307,10005,0.30358317393316336
422,0.291304218062155,0.3025148684102308,0.002676128264607737,0.0001,6.3132590629538185e-06,0.004718203642514278,0.0004781640848610149,10279,0.291304218062155
423,0.2958767741219751,0.30275445505416243,0.002672439240802881,0.0001,6.868003536555772e-06,0.005139876283580102,0.0004852915905928675,10295,0.2958767741219751
424,0.2925895665337648,0.3030721971358042,0.002827210896736154,0.0001,7.492049745119661e-06,0.0052999581699184764,0.0004818309822458275,10321,0.2925895665337648
425,0.30256802967427127,0.3034271767197846,0.002861247228205389,0.0001,7.716353916546213e-06,0.005393699531085966,0.00048488867682279746,10059,0.30256802967427127
426,0.2981325074054698,0.30370346233412915,0.002634537014454127,0.0001,6.588938894076381e-06,0.005001971016483593,0.00045504558585773483,10261,0.2981325074054698
427,0.29887042914327905,0.3040684936253898,0.002682151132499982,0.0001,6.899125613231365e-06,0.005144471934958281,0.0004981799498854753,10253,0.29887042914327905
428,0.3026117585740483,0.30418663866282825,0.002484510152955384,0.0001,6.637766132424393e-06,0.005343319788432831,0.00047999215946181034,10092,0.3026117585740483
429,0.30947040498527456,0.304453488353732,0.002558464752113387,0.0001,6.214630450274298e-06,0.0048580934680775125,0.00039864036325465126,9943,0.30947040498527456
430,0.2973917048648689,0.30461953019988763,0.0024325601447852943,0.0001,6.016378819494427e-06,0.004946540649686959,0.0003928197830123609,10172,0.2973917048648689
431,0.30991488379641197,0.30496129647491377,0.0027190911813577195,0.0001,6.67650416061461e-06,0.004910835066061185,0.00039800545325151596,10013,0.30991488379641197
432,0.31166807436766175,0.30535816655967185,0.0026902849686222534,0.0001,6.2933777717847325e-06,0.004678595647068342,0.0003727183198113226,9947,0.31166807436766175
433,0.3108763321179266,0.3057790081278362,0.0027345959690601804,0.0001,6.388133824990069e-06,0.004672086039229792,0.00037984906918091813,9980,0.3108763321179266
434,0.3083016866628107,0.3061829684497629,0.0028595674412674873,0.0001,7.5568304507011454e-06,0.005285296189658407,0.0003790183819698516,9942,0.3083016866628107
435,0.3062772304302135,0.30653574275752227,0.002752553900780313,0.0001,6.620285440367625e-06,0.004810285777503475,0.0003879941214128028,10035,0.3062772304302135
436,0.31163430528089886,0.3068323525344322,0.002764289447717984,0.0001,7.0591274713420125e-06,0.005107372151038355,0.0003879311664467768,9928,0.31163430528089886
437,0.31249388723608784,0.3070628697279723,0.0025167729666842917,0.0001,6.13833919616162e-06,0.0048779443179164,0.00040403117370903913,9931,0.31249388723608784
438,0.3176211122391065,0.30737867363587335,0.0028212471815232147,0.0001,7.344762688226283e-06,0.005206748799841626,0.0004105858198871994,9845,0.3176211122391065
439,0.30687968441236424,0.3075919000143762,0.0026193806107595,0.0001,6.639059448015156e-06,0.005069182707350142,0.0003458159779766936,10058,0.30687968441236424
440,0.3122855018826324,0.3078468999201447,0.0026420732997402578,0.0001,6.808715439795132e-06,0.005154070055864458,0.0003407544358365892,9902,0.3122855018826324
441,0.3106155083710145,0.3081887363866545,0.002838170579109434,0.0001,7.247411301170705e-06,0.005107100577051861,0.0003496299650275397,9902,0.3106155083710145
442,0.30860434078524424,0.30850867526213255,0.0028261289709920747,0.0001,7.2710995057828574e-06,0.00514562469046162,0.00036582263602155326,9967,0.30860434078524424
443,0.31637430773184916,0.30876636413319486,0.0025007280160687343,0.0001,5.885823161522538e-06,0.004707287736773019,0.0003316583581561698,9883,0.31637430773184916
444,0.3096294618010722,0.30895089717456137,0.0022353697318362466,0.0001,5.163831457821866e-06,0.004620113965290236,0.0003266025884540743,9987,0.3096294618010722
445,0.31652468184786586,0.3093061698085462,0.0026786258903403882,0.0001,6.371173802962917e-06,0.004757046384072167,0.00032104344155596976,9839,0.31652468184786586
446,0.3055868682454903,0.3094468391592413,0.002604587677862676,0.0001,6.896662022123849e-06,0.005295780273201052,0.0003390741336469755,10033,0.3055868682454903
447,0.31377598168944687,0.30977176509122456,0.0027959796805565986,0.0001,6.720161565809417e-06,0.004807017456200989,0.0003397945248452975,9846,0.31377598168944687
448,0.32354663161585245,0.3098332634966052,0.002029653194339876,0.0001,4.846100235503877e-06,0.004775298803774229,0.00038226576226701813,9764,0.32354663161585245
449,0.31410168809509,0.3100944027242122,0.0025003869498837123,0.0001,5.634378447434649e-06,0.0045068051948492956,0.00027894099775260063,9888,0.31410168809509
450,0.30298186060054344,0.3103904827794852,0.00266661365381399,0.0001,6.7509080794401575e-06,0.005063281716708009,0.00024448574399269705,10104,0.30298186060054344
451,0.3052563010844449,0.31070794925188694,0.002631377795314131,0.0001,6.153106393589277e-06,0.004676718337098171,0.0002609644036095143,10088,0.3052563010844449
452,0.29979174407386683,0.310974275185845,0.0026129246177455825,0.0001,6.25306621987485e-06,0.004786258415116439,0.0002881369311117486,10169,0.29979174407386683
453,0.31710986726683776,0.3114340797816309,0.0028257906260736113,0.0001,6.752695628396995e-06,0.004779331891110243,0.00027449088748657155,9845,0.31710986726683776
454,0.3178827080867983,0.3117851934746003,0.002898275568828064,0.0001,7.22937068746185e-06,0.004988739349160709,0.00025797094964862547,9778,0.3178827080867983
455,0.3228365490527678,0.31211345584441824,0.002730649382603247,0.0001,6.599862498877353e-06,0.004833914262976827,0.0002667685316569488,9674,0.3228365490527678
456,0.31037349996484376,0.3125937767394238,0.003140693199781868,0.0001,7.842317430369108e-06,0.004994004145908798,0.0002882570525337112,10017,0.31037349996484376
457,0.31313710180750354,0.31291803781621796,0.0028269944707493494,0.0001,7.186573604758747e-06,0.005084250202197111,0.00026356156317070337,9911,0.31313710180750354
458,0.30665881561735875,0.3132572110440852,0.0026726975111060966,0.0001,6.575066756960757e-06,0.004920172769001206,0.00029138323761998655,10029,0.30665881561735875
459,0.3103648646697187,0.313491121438935,0.002653111518488875,0.0001,6.676898902176712e-06,0.005033259141688589,0.0003405625747598174,9912,0.3103648646697187
460,0.309941358257833,0.31377008865451184,0.0028088371885071923,0.0001,7.198628480230549e-06,0.005125700065268925,0.00027906887337470783,9984,0.309941358257833
461,0.30832972825999005,0.3139955173343454,0.00261184088111279,0.0001,6.726023921124571e-06,0.005150408640712377,0.00032989303856874986,10092,0.30832972825999005
462,0.3112189697345604,0.31438433556949064,0.003018294246935463,0.0001,7.867122200289305e-06,0.0052129590799684005,0.0003010580471381177,9950,0.3112189697345604
463,0.30639766964463183,0.31469640143085786,0.0026461956136020585,0.0001,6.4971711274600145e-06,0.004910575086787272,0.00030681598839462547,10032,0.30639766964463183
464,0.31670141463577234,0.31492759443999074,0.002457290836930884,0.0001,5.684774017838684e-06,0.0046268629926922876,0.00028808875673079476,9782,0.31670141463577234
465,0.3092108800804144,0.3152579845112399,0.0026488896035693752,0.0001,6.408564235984575e-06,0.004838679745164949,0.00027438111047317117,10007,0.3092108800804144
466,0.3067154339460132,0.3154879297440046,0.0022078158281338255,0.0001,4.963184628688546e-06,0.004496013268356462,0.00029061118384307924,9965,0.3067154339460132
467,0.3078802219623119,0.3159292721278957,0.003101672046740191,0.0001,7.85524422906186e-06,0.005065167503648621,0.00032377859423934717,9980,0.3078802219623119
468,0.30531057183322063,0.31604245243819495,0.002280797289117632,0.0001,5.796539433781964e-06,0.005082906281447276,0.0003028134473991559,10060,0.30531057183322063
469,0.3090171411791426,0.31640618583204116,0.0026853653596192522,0.0001,6.216444151477089e-06,0.004629868430535273,0.0003820580879997835,10041,0.3090171411791426
470,0.30887391655539675,0.316569795672379,0.0026178676887156195,0.0001,6.793690528584755e-06,0.005190247435245958,0.00040667438863458343,9982,0.30887391655539675
471,0.3162593745696365,0.31680776292746216,0.002489378027611741,0.0001,5.67471477968884e-06,0.004559142658725116,0.0003824747446618425,9892,0.3162593745696365
472,0.3170916323637835,0.31714689570898325,0.002741975286489917,0.0001,6.702459421310896e-06,0.0048887817875929215,0.00039160747484501333,9777,0.3170916323637835
473,0.31490419476347153,0.31746824297609966,0.0027421542387969077,0.0001,6.881027243019273e-06,0.0050187018262242275,0.0003909363551729573,9732,0.31490419476347153
474,0.3210127399489643,0.317632548272579,0.0024599217364383585,0.0001,5.760866813524702e-06,0.004683780567641697,0.00033374281998746805,9769,0.3210127399489643
475,0.3118772898257517,0.3179813612587651,0.0027378195720649187,0.0001,6.464090135124334e-06,0.004722071681479715,0.00037382184497923175,9940,0.3118772898257517
476,0.3275611616445013,0.318183534046506,0.0022430275480928813,0.0001,4.830072394282198e-06,0.004306743711987784,0.0003812748138547186,9607,0.3275611616445013
477,0.3181520700499151,0.3184824221668659,0.002837037633344415,0.0001,7.222943615391277e-06,0.005091891295693937,0.00038678929248528877,9805,0.3181520700499151
478,0.3130770991735048,0.31882932982797335,0.002570032374929045,0.0001,5.800771564708084e-06,0.004514162250480003,0.00039874608849761636,9915,0.3130770991735048
479,0.3211424999744877,0.31906284500622717,0.0026747518161427918,0.0001,6.2877634393806035e-06,0.004701567750273044,0.0002828739355174414,9794,0.3211424999744877
480,0.3138630900795,0.319231169250733,0.0024100353344852095,0.0001,5.774366623566594e-06,0.004791935239239981,0.000300106845909756,9900,0.3138630900795
481,0.3101572696452338,0.3194807427334494,0.0024864060956501493,0.0001,5.614075391357968e-06,0.004515815337791787,0.0002827580877322761,9985,0.3101572696452338
482,0.3138308411666734,0.31975351870170576,0.002882524257052458,0.0001,7.474209767197115e-06,0.005185878140598832,0.0002903034959424518,9871,0.3138308411666734
483,0.32043535615017105,0.32007362785064497,0.002749932686176081,0.0001,6.803866233299925e-06,0.0049483874769029644,0.00032466919647337384,9774,0.32043535615017105
484,0.3144971015557556,0.32033213839907937,0.002456733440665458,0.0001,5.359258297973197e-06,0.004362913948467709,0.00027240737935688776,9903,0.3144971015557556
485,0.3200479579778977,0.32057137450450646,0.002867910554164779,0.0001,7.49566563803282e-06,0.005227265980905586,0.0002731600261476339,9721,0.3200479579778977
486,0.3347153818816147,0.3207681232779783,0.002548883256255613,0.0001,6.146932279018184e-06,0.004823235637750012,0.00026269131910555736,9440,0.3347153818816147
487,0.32512537049791534,0.32086978300319524,0.002528712369630034,0.0001,6.194392816700796e-06,0.004899246660945526,0.0002975442619892521,9524,0.32512537049791534
488,0.32818216054464944,0.32120409570158315,0.0027546225201069722,0.0001,6.427919913347813e-06,0.004667005999136457,0.0002768958323324661,9579,0.32818216054464944
489,0.3163032729198384,0.32143014846520523,0.002486005198831346,0.0001,5.519414258459241e-06,0.0044403883475817975,0.0003171062070909257,9932,0.3163032729198384
490,0.32674962287073916,0.3217514850221439,0.002696422677276951,0.0001,6.2471800467408e-06,0.0046336800972536455,0.0003080355173054109,9562,0.32674962287073916
491,0.3318914044112493,0.32195872942004566,0.0023595429364962664,0.0001,5.231375285727755e-06,0.0044342276674108165,0.0003472882952706074,9506,0.3318914044112493
492,0.31828502386170887,0.3220870910345006,0.002363810314525379,0.0001,5.626924678042333e-06,0.004760893582251876,0.0003001469709827546,9837,0.31828502386170887
493,0.3263390923076389,0.32217400266771734,0.0020288250974112563,0.0001,4.401072207245257e-06,0.004338542748570041,0.00028695391190955324,9606,0.3263390923076389
494,0.3263300767986125,0.3223912382331027,0.002462918071230404,0.0001,5.556769138334632e-06,0.004512345906462593,0.00032854754483687,9600,0.3263300767986125
495,0.327970839219039,0.32264298514343837,0.002535548551345551,0.0001,5.667394842064177e-06,0.004470350085827885,0.00031638801411661485,9546,0.327970839219039
496,0.3243694177991322,0.3229617755559993,0.0027507929815878823,0.0001,6.420582366989122e-06,0.004668168349973664,0.0003051977430280069,9707,0.3243694177991322
497,0.32341522193678396,0.3232584064034374,0.0024689097319318992,0.0001,5.393245618702486e-06,0.004368928964026823,0.0002919807945513431,9616,0.32341522193678396
498,0.32153944204150636,0.3236691876819366,0.0029596386962907036,0.0001,6.997891604443595e-06,0.004728882355278034,0.0003256146082745165,9647,0.32153944204150636
499,0.3231727188313731,0.32399460751384523,0.0028397745522720013,0.0001,6.869393735685254e-06,0.004837985276112359,0.00047104444779557465,9620,0.3231727188313731
500,0.13398337492928672,0.13646988516464442,0.001875647920881663,0.0001,4.600064579100247e-06,0.004905040575992482,0.0003067107848959,13611,0.13398337492928672
501,0.12729144504153397,0.13688762733946738,0.001591045375531955,0.0001,3.209563841135213e-06,0.004034534640549917,0.00027342998480047755,13719,0.12729144504153397
502,0.13864057416966702,0.13731005418344622,0.001810984274099427,0.0001,4.228401739776832e-06,0.0046697277279003965,0.00032575272050702027,13497,0.13864057416966702
503,0.1354232048289526,0.1377927626475745,0.0018594079780581369,0.0001,4.39240026267446e-06,0.004724514807408367,0.00031457330882909344,13538,0.1354232048289526
504,0.13664055217095294,0.1383337594737803,0.0020562538931687196,0.0001,5.472826782759784e-06,0.005323104117581582,0.0003110931057660637,13416,0.13664055217095294
505,0.13775125994048498,0.13880318928757934,0.0017765308674062795,0.0001,4.0372655110684845e-06,0.00454511158251121,0.0003294156512727002,13554,0.13775125994048498
506,0.14259722187868462,0.13929352331284547,0.001817394776267868,0.0001,4.209950731420021e-06,0.004632951284327352,0.000320472844862589,13449,0.14259722187868462
507,0.14431541923765168,0.13978600086745535,0.0019389970012037246,0.0001,4.8358968803129315e-06,0.004988039566137357,0.0003128674118184888,13463,0.14431541923765168
508,0.1396711527571684,0.14031662770594144,0.001863626613035129,0.0001,4.33797217720543e-06,0.0046554091327774575,0.00032985856963111803,13490,0.1396711527571684
509,0.1441972752540275,0.1407982664438125,0.0020469382576216045,0.0,5.414735840426887e-06,0.005290570753920465,-0.0013784736385161903,13369,0.1441972752540275
510,0.13344977318111745,0.1412758162970957,0.0018503399087995336,0.0,4.176609277686366e-06,0.004514423817833636,-0.001225953372043378,13606,0.13344977318111745
511,0.13722872116230161,0.14172547113185568,0.001728501794894946,0.0,3.6221940953089333e-06,0.004191137210278778,-0.0011943060277769054,13495,0.13722872116230161
512,0.14101331519970348,0.14213258090802727,0.001839324470152559,0.0,4.301047705924962e-06,0.0046767688634819496,-0.0010476766878451554,13519,0.14101331519970348
513,0.14314281122527522,0.1426466241597491,0.0020143451969889628,0.0,5.146430531121583e-06,0.005109780129855053,-0.001142574844969303,13496,0.14314281122527522
514,0.14408258927740764,0.1431674607243003,0.001975909074513687,0.0,4.995313626815163e-06,0.005056218113725315,-0.0010796435094313325,13382,0.14408258927740764
515,0.14161790272663538,0.1436118435840134,0.0019422577171025594,0.0,4.738525803613198e-06,0.004879399640828388,-0.0010540159014066288,13495,0.14161790272663538
516,0.13003237875723878,0.14402370370078818,0.0016197899415725237,0.0,3.3847974811060153e-06,0.004179304234745386,-0.0010090204851646032,13676,0.13003237875723878
517,0.14096816292679792,0.14432863981515037,0.001832407278079678,0.0,3.897418263209597e-06,0.004253877737588997,-0.0008848014085661993,13517,0.14096816292679792
518,0.14541600935243637,0.14481116889228082,0.0019255286697526558,0.0,4.493843591158161e-06,0.004667646513656343,-0.0011818292528587705,13433,0.14541600935243637
519,0.1335163809172687,0.14524819974018915,0.0018005904276316464,0.0,4.012575881260384e-06,0.00445695569595825,-0.0016337379001098748,13586,0.1335163809172687
520,0.14469490622630665,0.14557864397303585,0.0015019023638013012,0.0,3.068115324636126e-06,0.004085638851876834,-0.0016817566840184074,13393,0.14469490622630665
521,0.1382117028353455,0.1459542088719577,0.0018029849791223438,0.0,4.205571768296252e-06,0.004665121248368291,-0.001871802037753262,13522,0.1382117028353455
522,0.14660226229599857,0.14639129625796515,0.0018072639521960008,0.0,4.074857081622378e-06,0.004509421080048691,-0.0015942155779858805,13347,0.14660226229599857
523,0.1484535734595369,0.14683079602357751,0.0018806813851253881,0.0,4.361852155581464e-06,0.004638587046248296,-0.0017361924387748764,13334,0.1484535734595369
524,0.14023114506233342,0.1473317459866613,0.0019521793352389814,0.0,4.735920597238386e-06,0.004851931901695522,-0.0018067794999071583,13489,0.14023114506233342
525,0.1445313361788485,0.14780489152582932,0.0018635273381230604,0.0,4.269411217639677e-06,0.004582075218644033,-0.0015296994065893562,13462,0.1445313361788485
526,0.14713410880108138,0.14813629206067158,0.0015408449245267357,0.0,3.0296846335057172e-06,0.003932497794268651,-0.0017150326114399872,13339,0.14713410880108138
527,0.15263800845078473,0.1484933847012299,0.0018605217686655884,0.0,4.498592330469637e-06,0.00483583950076127,-0.0017621143566132994,13287,0.15263800845078473
528,0.15497866208446545,0.14889693688566008,0.0018846466525639827,0.0,4.415498615599607e-06,0.00468575752339836,-0.0018748704258186534,13170,0.15497866208446545
529,0.14267203573410403,0.149194883855083,0.001910312838640403,0.0,4.058430275232217e-06,0.00424896927156775,-0.0004714625812108344,13470,0.14267203573410403
530,0.1402993013120606,0.1495402904180662,0.0015780857346163483,0.0,3.1576508583768294e-06,0.004001874916060238,-0.00044662373276119997,13460,0.1402993013120606
531,0.14599493898710147,0.14997042779156794,0.0019050532767236124,0.0,4.631148160638883e-06,0.004861961833008386,-0.00044836278239828424,13417,0.14599493898710147
532,0.14355833571751525,0.1504238653985546,0.0018480211671611003,0.0,4.083840578714086e-06,0.004419690262517518,-0.0004693164426132444,13457,0.14355833571751525
533,0.1558546933093496,0.15089145050318797,0.001834608885249206,0.0,4.1005507834734466e-06,0.004470217948297404,-0.0004922349462250053,13158,0.1558546933093496
534,0.15032136688341835,0.1513629348328377,0.001969710020581439,0.0,4.665464262960108e-06,0.004737209248275956,-0.000478816972535661,13198,0.15032136688341835
535,0.15310164611036348,0.1518218034611659,0.002049213912249779,0.0,5.130056504130691e-06,0.005006853089825584,-0.0004966417202391319,13266,0.15310164611036348
536,0.15113455312523494,0.15224539316448513,0.0017809511728668604,0.0,3.758614209292584e-06,0.004220906520690524,-0.00046728358594371914,13271,0.15113455312523494
537,0.1406100808911383,0.15265267185379955,0.0017856229244413422,0.0,3.8589603166035926e-06,0.004322256691245072,-0.00044511569345640075,13424,0.1406100808911383
538,0.15811531036058274,0.15312005963751496,0.002030949038152528,0.0,4.9972257009697035e-06,0.004921074440661966,-0.0005057409151491036,13124,0.15811531036058274
539,0.14444601126567735,0.15341981032833943,0.0016023227679893652,0.0001,3.5946196483540458e-06,0.004486760994933206,0.0002809575096779969,13405,0.14444601126567735
540,0.15242796627327576,0.1538463887082498,0.0018695313465609592,0.0001,4.25484427768062e-06,0.004551776342779694,0.000270859347523612,13262,0.15242796627327576
541,0.15090485942801174,0.15421890137992347,0.001676132831642307,0.0001,3.296050798319754e-06,0.0039329231384248,0.0002908257531716653,13299,0.15090485942801174
542,0.16035425583157153,0.15464868593006215,0.0020174677093335487,0.0001,4.852295999925935e-06,0.004810283681347093,0.00030201633384387366,13071,0.16035425583157153
543,0.1488417667500433,0.15508192813083116,0.0018821671736985286,0.0001,4.185870500118446e-06,0.004447926367659526,0.0002773355144529624,13386,0.1488417667500433
544,0.15548985243392688,0.15557382779504603,0.002046750366910055,0.0001,4.826714802220422e-06,0.0047164665317805535,0.00030325079888101123,13184,0.15548985243392688
545,0.14895909686437941,0.15603361292509232,0.0019845526418757037,0.0001,4.79913174213977e-06,0.004836487217193554,0.0002617733949762337,13431,0.14895909686437941
546,0.16839746378276255,0.15641105046660705,0.001740059358201182,0.0001,3.5838845296471626e-06,0.00411926698104376,0.0002911401573474858,12949,0.16839746378276255
547,0.15011988415676608,0.15684991730636857,0.0018999074602838578,0.0001,4.318055051999807e-06,0.004545542498532704,0.00027002626641300806,13312,0.15011988415676608
548,0.1579730439434035,0.15717635895317833,0.0017779101047276106,0.0001,3.83539529891305e-06,0.004314498566282305,0.00029105043873233546,13200,0.1579730439434035
549,0.15359458956730276,0.1576146211911675,0.0018868599509795864,0.0001,4.143210753543793e-06,0.004391646291917739,0.00033260626286204815,13291,0.15359458956730276
550,0.1669831061993426,0.15808254822171752,0.0019452243255201514,0.0001,4.4293676204804356e-06,0.0045540944171526595,0.00037015245533329906,12951,0.1669831061993426
551,0.15743131876326766,0.1584211675261713,0.0017976707772708034,0.0001,4.425788443065941e-06,0.004923914321826053,0.00032400225751176814,13154,0.15743131876326766
552,0.15079530321396695,0.1588978518682493,0.0019794751063242776,0.0001,4.535445203838201e-06,0.004582472585129044,0.00033493411099725664,13257,0.15079530321396695
553,0.15429156546754752,0.15926256287219642,0.0019147125665316938,0.0001,4.552170221225514e-06,0.00475493847044761,0.00034535289065211987,13143,0.15429156546754752
554,0.15622543250982013,0.1597304634452164,0.0019249077759344456,0.0001,4.318362949907828e-06,0.004486825814614915,0.0003445120390008311,13174,0.15622543250982013
555,0.1583661191678775,0.16019128291569162,0.002034061663850661,0.0001,4.683808222081363e-06,0.0046053748569396796,0.0003727181614195258,13189,0.1583661191678775
556,0.16433977429619162,0.16060204681462018,0.002004964200540019,0.0001,4.618746577408642e-06,0.004607310770102152,0.0003395741193993032,13058,0.16433977429619162
557,0.1596033345174035,0.16091466734150328,0.0017471901736560702,0.0001,4.139771017724923e-06,0.0047387755267216,0.00035424992874556966,13144,0.1596033345174035
558,0.16048836414877615,0.1613564199362204,0.001865266934022143,0.0001,4.0298131630453785e-06,0.004320897014301053,0.00032790530876797584,13173,0.16048836414877615
559,0.16494955688099766,0.16172540446859973,0.001832465864859707,0.0001,4.043894140027044e-06,0.0044136092437788935,0.00036567330232296187,12994,0.16494955688099766
560,0.16484548011723688,0.1622521153739459,0.0023192930836559308,0.0001,6.0529361598982984e-06,0.005219638865439963,0.00036557578871180575,13008,0.16484548011723688
561,0.1733607019968682,0.1626801181785081,0.0019129174902416208,0.0001,4.292161651586423e-06,0.0044875554470927845,0.0003697186939659499,12802,0.1733607019968682
562,0.16912935727247275,0.16303630807215252,0.0021998218720433744,0.0001,5.89299169068432e-06,0.005357698971517568,0.00037177802834212803,12898,0.16912935727247275
563,0.16282997040351369,0.1634331470377689,0.0019307810503171375,0.0001,4.298194047650345e-06,0.004452285303861202,0.0003522137355930579,13044,0.16282997040351369
564,0.1604079561020445,0.16387385738673252,0.0020233063138048366,0.0001,4.571777394422769e-06,0.004519115433219324,0.0003336798599840683,13245,0.1604079561020445
565,0.1593109982155855,0.1642764898363784,0.001829277279860148,0.0001,3.925542372522945e-06,0.004291905241203304,0.00035626692983826074,13058,0.1593109982155855
566,0.16634371119520802,0.16470664257256895,0.0019476008261152308,0.0001,4.43596934829782e-06,0.004555316765957629,0.00036190356058715396,13019,0.16634371119520802
567,0.15783967073406424,0.16513737149850394,0.0021057044258990525,0.0001,5.023381323494874e-06,0.004771212200259388,0.0003484746543524303,13176,0.15783967073406424
568,0.1624834480017327,0.16562280082176462,0.002101342503583671,0.0001,4.91230637903193e-06,0.004675398104454068,0.000359839324179206,13039,0.1624834480017327
569,0.1697483789478535,0.1660729101812315,0.0019336404078773612,0.0001,4.150132331934041e-06,0.004292558549177005,0.0003534928418969812,12919,0.1697483789478535
570,0.16734238599802087,0.16648134014619428,0.001867747712846678,0.0001,3.93951256865593e-06,0.004218463276982549,0.0003482191683505293,13037,0.16734238599802087
571,0.1597663430048275,0.1667629092720647,0.0018596234340547593,0.0001,4.12579420249694e-06,0.004437236191954172,0.0003767887044991385,13054,0.1597663430048275
572,0.15847997107888467,0.16712421927031432,0.0018406627026326637,0.0001,3.98560855846786e-06,0.004330623478997344,0.00034955194075204194,13119,0.15847997107888467
573,0.16742193390795593,0.16756060132062484,0.0021568742262944736,0.0001,5.387196145387477e-06,0.0049953734712132195,0.0003250079274452737,13024,0.16742193390795593
574,0.16315854214244124,0.1679815619714168,0.0020318098697509044,0.0001,4.6924369677938385e-06,0.004618972510817778,0.00034803979444271237,13109,0.16315854214244124
575,0.16972996991962025,0.16838541396160445,0.002010752206746324,0.0001,4.57408858425924e-06,0.004549629306796336,0.0003527429780950386,13013,0.16972996991962025
576,0.1775537691959017,0.16876297279556093,0.0019838109112283384,0.0001,4.559450558840038e-06,0.004596658414401917,0.00037497436310471104,12650,0.1775537691959017
577,0.16758213471120498,0.16922574897216175,0.00202378635339074,0.0001,4.5268305015009616e-06,0.004473624890212855,0.0003417111210750972,12985,0.16758213471120498
578,0.1735824901406841,0.16965010643144196,0.002073715468736173,0.0001,4.979471855595536e-06,0.004802463916257785,0.00039909985395348354,12848,0.1735824901406841
579,0.17387189717940105,0.17007040105732907,0.0020709530436623744,0.0,4.9469977677875935e-06,0.004777508387190741,-3.5166281665938554e-05,12910,0.17387189717940105
580,0.16033326717391613,0.1703646562926501,0.0017709984396164548,0.0,3.7159473386582914e-06,0.004196443379659955,-3.287159075920585e-05,13089,0.16033326717391613
581,0.18539878702391888,0.17086383153946821,0.002280749341621608,0.0,5.8005574067739804e-06,0.005086536517555056,-3.4394240141204e-05,12639,0.18539878702391888
582,0.16325528897490105,0.17127355612792075,0.00201324436227544,0.0,4.49781961286487e-06,0.0044682301832265165,-3.418877172829244e-05,13083,0.16325528897490105
583,0.16918195820312598,0.17169002309971929,0.0020083815983650793,0.0,4.475167951998659e-06,0.004456491690266097,-3.4719004470830353e-05,12921,0.16918195820312598
584,0.17659736951265242,0.17207582819932915,0.0020470952823812404,0.0,4.760749349513318e-06,0.004651223995763867,-3.624775537771621e-05,12842,0.17659736951265242
585,0.16931624658855707,0.17256467758912694,0.002323180223632524,0.0,5.904082020393541e-06,0.005082758505202769,-3.465526227280837e-05,12982,0.16931624658855707
586,0.17490766106377345,0.17298428321468273,0.0022866374498289573,0.0,5.8611168581493315e-06,0.005126406775667694,-3.401882814134039e-05,12797,0.17490766106377345
587,0.16104386071729537,0.17332094247159807,0.0019564430548532426,0.0,4.405097489963318e-06,0.00450316964660518,-3.119832630086511e-05,13112,0.16104386071729537
588,0.16765445890989783,0.17370521470508965,0.0019872796315168807,0.0,4.556549623087611e-06,0.004585715619305794,-3.629664470164461e-05,12997,0.16765445890989783
589,0.1751245710870464,0.17401215704647097,0.002026834382978862,0.0001,4.96627845260111e-06,0.00490052714154386,0.0003442255243274283,12847,0.1751245710870464
590,0.1733260213941299,0.17439087947842413,0.0020215312045421545,0.0001,4.4805807512146365e-06,0.004432858361174216,0.00032098482002341453,12854,0.1733260213941299
591,0.17134125102996867,0.1747260330069148,0.001832948648238668,0.0001,3.862039718320547e-06,0.004214018458216699,0.0003676401632953484,12879,0.17134125102996867
592,0.17088892207679324,0.17508706909907987,0.002028541961547305,0.0001,4.617093632292688e-06,0.0045521302687482204,0.0003381292432382221,12974,0.17088892207679324
593,0.1635147424549377,0.1754789025537058,0.002058566331004528,0.0001,4.707825679381468e-06,0.004573887766914141,0.00036635150632376504,13051,0.1635147424549377
594,0.1710642305171292,0.1759414054151623,0.0022203749669508603,0.0001,5.055747971769748e-06,0.004553958720506181,0.0003551335893486987,12857,0.1710642305171292
595,0.17596115171079701,0.1762935456564737,0.0021375046988848113,0.0001,5.304824291499786e-06,0.004963567372990986,0.00039154458427681044,12800,0.17596115171079701
596,0.18865955120363087,0.17672143446063088,0.0020153959854198517,0.0001,4.231185646761064e-06,0.0041988628312957695,0.00037641891211379443,12544,0.18865955120363087
597,0.1759618826692445,0.17703460902972673,0.0019387678331738867,0.0001,4.287525114667997e-06,0.004422938158251826,0.0003382914795650598,12818,0.1759618826692445
598,0.16810004911171372,0.17741076368674275,0.0019880643148001984,0.0001,4.465835422247867e-06,0.004492646831394572,0.0003583359246939866,12964,0.16810004911171372
599,0.17676158476001352,0.17762575180249102,0.001868280130022129,0.0001,4.24092054230659e-06,0.004539919334534012,0.0004026583644969364,12762,0.17676158476001352
600,0.17468672367295915,0.1780522401479916,0.0020585503024220632,0.0001,4.690911452353664e-06,0.0045574902365362645,0.00038388410100737567,12887,0.17468672367295915
601,0.18039151163710948,0.17848513752802284,0.0020076909004544665,0.0001,4.355887113641319e-06,0.0043392009324296965,0.00041127479241781853,12627,0.18039151163710948
602,0.16791827565069462,0.17884757796090517,0.001895366979850865,0.0001,3.9915014627144895e-06,0.004211850797388648,0.0003725460280706462,12946,0.16791827565069462
603,0.18092009913408447,0.17921298258111323,0.0020095877812996883,0.0001,4.409366713154586e-06,0.0043883295411986,0.0004186740265359026,12731,0.18092009913408447
604,0.17356215426954202,0.1796083403474318,0.0020338939611908055,0.0001,4.532190999491445e-06,0.004456664001143831,0.0004111569018131361,12903,0.17356215426954202
605,0.17774744108049398,0.17997358626761206,0.0021081274573073283,0.0001,5.044113721970267e-06,0.004785397300799846,0.00040302536474313744,12809,0.17774744108049398
606,0.18838392879193502,0.18035045734366403,0.002124567332217691,0.0001,5.0145240096522156e-06,0.0047205131450627135,0.00039323486453759593,12604,0.18838392879193502
607,0.1878306576497616,0.18074840854979654,0.002145536353120436,0.0001,5.047485263896874e-06,0.004705103464274455,0.00042279618506493193,12524,0.1878306576497616
608,0.1894010161447206,0.18110233289142713,0.0020140416682359777,0.0001,4.389137833779397e-06,0.004358537266633292,0.0004235960241881548,12509,0.1894010161447206
609,0.18941116984897907,0.18149890807289207,0.00197872115737907,0.0001,4.112550651975026e-06,0.004156776346822243,0.000444255097732747,12564,0.18941116984897907
610,0.18162197739985603,0.1818921864729113,0.0019717007193898062,0.0001,4.164979680619934e-06,0.0042247584936814285,0.0004402409266162317,12698,0.18162197739985603
611,0.18559085729857838,0.18229633989301947,0.0022950044813913593,0.0001,5.7473758056413535e-06,0.00500859658640577,0.00043912260207267233,12623,0.18559085729857838
612,0.17554600664206893,0.18259532570325215,0.0019116404868637358,0.0001,4.179854323857849e-06,0.004373054821322995,0.0004205781835225238,12853,0.17554600664206893
613,0.17312597603613428,0.18298283601752383,0.0019401902106614295,0.0001,4.0155658046713306e-06,0.004139352711507997,0.00042399785438799716,12872,0.17312597603613428
614,0.1812349745664099,0.18336712433713098,0.002142915633552621,0.0001,5.0470311907987e-06,0.004710433870354016,0.00044458923509752094,12698,0.1812349745664099
615,0.18553567108967314,0.1837143822183181,0.0021133834425431305,0.0001,4.804011088621885e-06,0.004546274937065846,0.0004252936142662363,12697,0.18553567108967314
616,0.18852703144316846,0.18407938040397215,0.0020520682128172866,0.0001,4.601321830604597e-06,0.004484570056555222,0.000440401318735498,12602,0.18852703144316846
617,0.18956022818529544,0.18443098325538118,0.00223039611864718,0.0001,5.46905959384831e-06,0.004904115056625459,0.00045576434918772094,12467,0.18956022818529544
618,0.18437386266268632,0.18475052865031513,0.0020232786606908305,0.0001,5.1433418222803694e-06,0.005084165540029193,0.00043637466115801094,12613,0.18437386266268632
619,0.17713734486344304,0.18508923019429713,0.0019477615986189683,0.0001,4.056634711494812e-06,0.004165432478359887,0.00042302526797797634,12828,0.17713734486344304
620,0.18696356854171864,0.185479980400329,0.0020447930606012584,0.0001,4.497373599926125e-06,0.004398854521350634,0.0004123708675010342,12519,0.18696356854171864
621,0.18670603527533428,0.18580425577661314,0.002057034846607462,0.0001,4.558921474884341e-06,0.004432517497117837,0.0004054818316562576,12504,0.18670603527533428
622,0.18066814061677827,0.18621109798347346,0.0021674571049908812,0.0001,5.026303008433865e-06,0.004637972301145042,0.0003899813930477385,12702,0.18066814061677827
623,0.19607949408470282,0.1865705130863143,0.0020107250786290582,0.0001,4.266503415281181e-06,0.004243746159659126,0.00044607429109174096,12373,0.19607949408470282
624,0.18250220110504384,0.18693552444030861,0.0020668743319941364,0.0001,4.515458194442664e-06,0.0043693592053911795,0.0004288939022550686,12644,0.18250220110504384
625,0.1846405626983647,0.1871674481678905,0.0017748345609755174,0.0001,3.626482354006518e-06,0.004086558188289125,0.00040230606650718296,12637,0.1846405626983647
626,0.184261669469784,0.18748449160626288,0.001921173818017595,0.0001,4.072913073566976e-06,0.0042400255878665884,0.0004254948566429277,12642,0.184261669469784
627,0.19184727754252895,0.1878535691515694,0.002155433617200885,0.0001,4.978102767882321e-06,0.004619119538784076,0.0004392633105847538,12420,0.19184727754252895
628,0.18006180913871725,0.18821779877921338,0.0019796829755398195,0.0001,4.1508468138444635e-06,0.004193445986181307,0.00041724769608555377,12771,0.18006180913871725
629,0.19834923476108077,0.18860182904882927,0.002117721223285666,0.0001,4.640104172041744e-06,0.0043821671342015225,0.0005012226368788788,12371,0.19834923476108077
630,0.19557355252823871,0.18889558995164113,0.0019952347470550674,0.0001,4.500342080216344e-06,0.00451109032344066,0.0004937944177075376,12437,0.19557355252823871
631,0.19155611504036463,0.18920945516617743,0.001975214317256971,0.0001,4.646707757955546e-06,0.00470501627834345,0.0005030564917383466,12473,0.19155611504036463
632,0.199280481173791,0.18954727025741863,0.002191114067620473,0.0001,5.274623496760636e-06,0.004814558561516445,0.00045154715129927644,12457,0.199280481173791
633,0.1859769421143025,0.18984143079827193,0.0020102704138826276,0.0001,4.524127756725129e-06,0.004501014117784531,0.0004596329383696212,12567,0.1859769421143025
634,0.19118803591091818,0.19019689910790602,0.0021400164281613512,0.0001,4.8725305055771136e-06,0.004553731869959026,0.0004874273998887506,12477,0.19118803591091818
635,0.19129882688293282,0.19055162464843234,0.002187192342984248,0.0001,5.165398489293781e-06,0.004723314349433036,0.00046998269944844667,12498,0.19129882688293282
636,0.19240191030198706,0.1909302334250196,0.002175926502962827,0.0001,4.814768077132107e-06,0.004425487782400858,0.0004936094840688329,12517,0.19240191030198706
637,0.1918095287373432,0.19130977222067086,0.0020393597075415277,0.0001,4.220117760771223e-06,0.004138669353096738,0.000478737077324822,12470,0.1918095287373432
638,0.19109153360641246,0.191667695941931,0.002068154365140591,0.0001,4.552773012960672e-06,0.004402740036913232,0.00047794508333283875,12535,0.19109153360641246
639,0.1874639429561272,0.192077132038815,0.0023059235514831552,0.0001,5.382627435082294e-06,0.004668522017237062,0.00044146374726821894,12518,0.1874639429561272
640,0.20045081729329167,0.19239207233253697,0.002096327244257669,0.0001,4.5866763580047e-06,0.004375916375240249,0.0004829150063883091,12280,0.20045081729329167
641,0.18462991907952458,0.19263987349590683,0.0018778933629173275,0.0001,3.831614281838833e-06,0.004080758106398949,0.0004084290775114101,12667,0.18462991907952458
642,0.19409173144549013,0.1930191917752881,0.0022638026990266873,0.0001,5.2662868822722715e-06,0.004652602353143664,0.0004787808307807241,12442,0.19409173144549013
643,0.18325625981329793,0.19337030213120265,0.0021264297813582255,0.0001,4.682682543198886e-06,0.004404267269251554,0.000450044283040744,12659,0.18325625981329793
644,0.1901928014181924,0.1935193309856425,0.0018678697555272125,0.0001,4.079791906316284e-06,0.004368390134530284,0.00043635867683220343,12514,0.1901928014181924
645,0.19870510853891737,0.19376182601905045,0.002015487005336909,0.0001,4.505952317558178e-06,0.004471328572822987,0.00047342221260667167,12426,0.19870510853891737
646,0.18801733551576477,0.1939788051253432,0.0019794438421961566,0.0001,4.394850057381969e-06,0.004440489761513985,0.0004592828787288253,12571,0.18801733551576477
647,0.19606116135897428,0.19428803674126388,0.0019922241996768865,0.0001,4.1860098832685185e-06,0.004202348193488902,0.00044956444740074564,12402,0.19606116135897428
648,0.1895955179552994,0.19458832928956515,0.0020142078369563407,0.0001,4.3458526021075156e-06,0.004315197788798708,0.00046493110121211125,12568,0.1895955179552994
649,0.19493685438066224,0.1948916172556446,0.0020198301961667853,0.0,4.3471672741906385e-06,0.004304487854910428,-0.0011130292253595012,12429,0.19493685438066224
650,0.19725364298942427,0.19522652963761156,0.00198457669726453,0.0,4.0459123923308305e-06,0.004077355536732416,-0.001001828731876595,12413,0.19725364298942427
651,0.1908319800500935,0.19548314708434697,0.002079757903459798,0.0,4.624971964566249e-06,0.004447606095759839,-0.0009730486318634971,12478,0.1908319800500935
652,0.20441079511968163,0.19582093124123118,0.0021812340656516644,0.0,4.9083242331028385e-06,0.004500502087689914,-0.0010560607740377295,12311,0.20441079511968163
653,0.18646690139087585,0.1961904812851549,0.002152897981450101,0.0,4.773071114716385e-06,0.0044340894513742336,-0.000942002244761907,12624,0.18646690139087585
654,0.19403442073224725,0.19655704212087205,0.0021777318891385553,0.0,4.917691715936266e-06,0.00451634265950117,-0.0009288575935540791,12432,0.19403442073224725
655,0.19278146520027611,0.1969094711917178,0.002260291370612474,0.0,5.356378694115394e-06,0.0047395470900408465,-0.0009139867463935967,12361,0.19278146520027611
656,0.2010303763076449,0.19724155626528744,0.0019626493930158693,0.0,3.816031471746465e-06,0.0038886532513916095,-0.0009762900905760241,12397,0.2010303763076449
657,0.19542751712419673,0.19741352029533432,0.0016680853122078554,0.0,3.2692074201375118e-06,0.003919712494573112,-0.000965415039086081,12496,0.19542751712419673
658,0.20526179922743326,0.19780886349314403,0.0022870467581884327,0.0,5.026460452553699e-06,0.004395590457044396,-0.0010343461063525552,12172,0.20526179922743326
659,0.1983580132741136,0.1980519547579379,0.0019698571650488376,0.0001,4.056211687021696e-06,0.004118280004247042,0.00040013464243267955,12409,0.1983580132741136
660,0.20379689962979503,0.198445104058786,0.0022631733352364122,0.0001,5.215035530130291e-06,0.004608604607464171,0.0004419385164425507,12272,0.20379689962979503
661,0.2010010041575783,0.19872983747507245,0.0020700707991860045,0.0001,4.573568356266809e-06,0.0044187554919041735,0.00040665876993974093,12294,0.2010010041575783
662,0.20497996711499544,0.1989981269077007,0.001997848726301109,0.0001,4.237409665310122e-06,0.004241972487231721,0.00043246601199872905,12137,0.20497996711499544
663,0.19470376005149842,0.19936755949422305,0.0022771313999825583,0.0001,5.248431267313723e-06,0.004609686790453922,0.00041135124232330976,12462,0.19470376005149842
664,0.20546384012670568,0.19973347801516894,0.002271868920143599,0.0001,5.249091422406701e-06,0.004620945668005281,0.0004446619680617095,12172,0.20546384012670568
665,0.2054615088111169,0.20007731086334202,0.0021337165199789496,0.0001,4.564435049725432e-06,0.004278389380207323,0.000407009769071201,12239,0.2054615088111169
666,0.20014124277909814,0.2003288353999323,0.002000084119084234,0.0001,4.2462956851504125e-06,0.004246117095409604,0.0004196647438203145,12361,0.20014124277909814
667,0.20011059055045294,0.2005215050027953,0.001814351658916742,0.0001,3.6224285668239436e-06,0.003993083203050849,0.00041125450626113393,12307,0.20011059055045294
668,0.20100922613869499,0.20077217088507307,0.0020334919237684347,0.0001,4.353385723083602e-06,0.004281684792744076,0.00040369387765801733,12351,0.20100922613869499
669,0.20351642357915317,0.20112388726086322,0.002176833316548002,0.0001,4.7645619984710465e-06,0.004377516608415967,0.0003259944755668298,12230,0.20351642357915317
670,0.2037107809740608,0.20146969083595045,0.0022310347456650456,0.0001,4.989705825554469e-06,0.004472996967214058,0.0003553438375764732,12200,0.2037107809740608
671,0.2116271859165475,0.2017126955372986,0.002072341345526065,0.0001,4.6152074121301615e-06,0.004454099631891086,0.000335329542221655,12053,0.2116271859165475
672,0.20546968074573296,0.201994141658082,0.001965923366241174,0.0001,3.924046488771018e-06,0.003992064549569657,0.00035782798586442706,12265,0.20546968074573296
673,0.19428399279743336,0.20227711681578808,0.0022452112591322833,0.0001,5.267110351210708e-06,0.004691861694339009,0.00033875428547385064,12460,0.19428399279743336
674,0.194349337620381,0.2026111879900532,0.0021398075502868366,0.0001,4.502355792065913e-06,0.0042081875928163546,0.0003312554099249959,12427,0.194349337620381
675,0.21443377431989502,0.2029537432716263,0.0023080421617125368,0.0001,5.3860662344605124e-06,0.004667216503934332,0.00034361103426568324,11968,0.21443377431989502
676,0.2085935984134369,0.20324158071094092,0.0021718351907217145,0.0001,4.891617802806879e-06,0.004504593924717984,0.0003186292683257419,12199,0.2085935984134369
677,0.20339117491594136,0.20342086811133442,0.0019472309701700071,0.0001,4.134772368885929e-06,0.0042468227264533835,0.0003416867819597162,12156,0.20339117491594136
678,0.19619290350346086,0.20375060835054537,0.00206928923348108,0.0001,4.255102175072494e-06,0.004112621963353388,0.00033741888625052785,12430,0.19619290350346086
679,0.21274377360362873,0.20405291153591806,0.002065090335066925,0.0001,4.247739488688586e-06,0.0041138534392985045,0.00044769343241436125,12034,0.21274377360362873
680,0.2061913977788004,0.20434245097860593,0.001966377951978405,0.0001,3.801974190125987e-06,0.0038669821193842813,0.00041044728782804946,12248,0.2061913977788004
681,0.20543427586759241,0.20449392770244293,0.0020316910040908136,0.0001,4.5502908134509424e-06,0.004479313836886538,0.00045003691646392836,12173,0.20543427586759241
682,0.20422792623683672,0.20481077044742185,0.0022218390241513413,0.0001,4.976443382533012e-06,0.004479571497700042,0.00043132413053376464,12248,0.20422792623683672
683,0.20302993976893025,0.20515637221336613,0.0023149190747195803,0.0001,5.314307236124832e-06,0.004591354656117804,0.0004293311096563072,12146,0.20302993976893025
684,0.206943871497276,0.20546578176789956,0.0021054540134482365,0.0001,4.517384412423871e-06,0.004291126173803684,0.00044503380006326223,12136,0.206943871497276
685,0.21217815586381633,0.2058103722718774,0.002276083712093372,0.0001,5.043909211901936e-06,0.00443209464142505,0.0004365429523194419,12102,0.21217815586381633
686,0.2049180003637291,0.20615445149369263,0.0021528904987413453,0.0001,4.448582842835974e-06,0.0041326605746430396,0.0004459306579613282,12282,0.2049180003637291
687,0.2039420089918645,0.20637815020267208,0.0020500251717169597,0.0001,4.249882908234656e-06,0.004146176317118339,0.0004538901077692231,12244,0.2039420089918645
688,0.20580573181013134,0.2066742838516394,0.001996769869082685,0.0001,3.98106116448569e-06,0.0039875012400047765,0.0004334681783733856,12231,0.20580573181013134
689,0.20378195333244364,0.20682996910337242,0.001718094626111748,0.0001,3.388866453181235e-06,0.003944912464863058,0.00040251059875934887,12300,0.20378195333244364
690,0.20513732189932526,0.20710255850375733,0.0020725542164211383,0.0001,4.324833108160277e-06,0.0041734330266431805,0.0004084751776585976,12120,0.20513732189932526
691,0.21037288246866015,0.20739166610400792,0.0020860320057543443,0.0001,4.29667508077451e-06,0.0041194718670874465,0.00040601625767934177,12181,0.21037288246866015
692,0.2111149314931357,0.20776694747406776,0.0023689262060060377,0.0001,5.36523520550237e-06,0.004529676941307555,0.00041396700081834393,12108,0.2111149314931357
693,0.20705678779550826,0.20805864413431424,0.0018974377545006513,0.0001,3.519030042816586e-06,0.003709244252644998,0.00040571061187258585,12218,0.20705678779550826
694,0.21051620763139162,0.20818504670296023,0.0016127764570216883,0.0001,3.1227605395364807e-06,0.003872527436695446,0.00042348105082536764,12095,0.21051620763139162
695,0.20923001290056964,0.2084475230345173,0.0020489864305021995,0.0001,4.249591061239036e-06,0.004147993366844771,0.0004073642905574647,12231,0.20923001290056964
696,0.20631206418998993,0.20873170689407636,0.002022240868896644,0.0001,4.130606758532684e-06,0.004085177806525477,0.00042125000020899414,12203,0.20631206418998993
697,0.2120271636374218,0.20902911904906607,0.0020109257851120238,0.0001,4.053799476603759e-06,0.004031774326647199,0.0004113077525525781,12092,0.2120271636374218
698,0.21515500772295393,0.20939063576672795,0.002164565224117247,0.0001,4.380617885680392e-06,0.004047573006229827,0.0004243520685566583,12071,0.21515500772295393
699,0.21684817712292423,0.20959973233501786,0.0020038504867799117,0.0001,4.256593197627166e-06,0.004248413966719942,0.00032798852783416166,11985,0.21684817712292423
700,0.20797349793636527,0.20985201117008562,0.0020914297860382103,0.0001,4.428098675579973e-06,0.004234518132179907,0.00033130811971950866,12216,0.20797349793636527
701,0.2186353456344396,0.21004432812049778,0.0020043060023581245,0.0001,4.2473604478949695e-06,0.004238235521819349,0.0003460627892039995,11934,0.2186353456344396
702,0.21350738610878087,0.21024746133227704,0.002066323436795497,0.0001,4.39256108434062e-06,0.004251571662133114,0.0003540367184480939,11945,0.21350738610878087
703,0.21415913721876012,0.21034554180056192,0.0016743580554031984,0.0001,3.6050932084415044e-06,0.004306239273980581,0.00033527227100846725,12050,0.21415913721876012
704,0.20900370427334233,0.21068371304054023,0.0021831382792857922,0.0001,4.624350184258235e-06,0.004236424442863122,0.00032517630517264165,12144,0.20900370427334233
705,0.20889551772575427,0.2108196730682365,0.001886595728402122,0.0001,4.181033886110844e-06,0.004432358054422212,0.0003454875006858431,12184,0.20889551772575427
706,0.20478137821724274,0.2110749191271145,0.001976802464876692,0.0001,3.8552060510191895e-06,0.0039004464224599873,0.0003260381250069074,12264,0.20478137821724274
707,0.21124492008674434,0.21139106629444143,0.0020411595772887904,0.0001,4.009892994111627e-06,0.003929034298668451,0.0003464832412662521,12122,0.21124492008674434
708,0.21054517790028165,0.21167300258910599,0.0019782936670446594,0.0001,3.717135296242689e-06,0.003757920634498777,0.00032368396769746546,12103,0.21054517790028165
709,0.21391743419800902,0.2119849319756611,0.0021989439859753266,0.0001,4.656855343448638e-06,0.0042355379428940946,0.00029445615783434435,11972,0.21391743419800902
710,0.21118701022065894,0.2122420007510083,0.0020959933368165677,0.0001,4.4143049402709954e-06,0.004212136424990282,0.0003102292957359832,12122,0.21118701022065894
711,0.21764530082750855,0.21251148534823888,0.002055613023026595,0.0001,4.088625508108831e-06,0.003978010902157953,0.0002868834169721133,12021,0.21764530082750855
712,0.2121677810689162,0.21286025306820303,0.0023244024505963135,0.0001,5.231732747785696e-06,0.004501572218221953,0.0003113586462374771,12020,0.2121677810689162
713,0.22596164075411557,0.21301469413719365,0.0017530288871952726,0.0001,3.2289126609504183e-06,0.003683809986858185,0.0003073923430807586,11843,0.22596164075411557
714,0.2209621074773309,0.21314524561963283,0.0017662897157735829,0.0001,3.930443788798352e-06,0.004450508604220609,0.0003178243973159465,11840,0.2209621074773309
715,0.21723485917188093,0.2134080250689404,0.0021775775134508578,0.0001,4.64658861947531e-06,0.004267667709437128,0.0002914782339879435,11979,0.21723485917188093
716,0.22260528202775154,0.21362347564988343,0.0019770011322533415,0.0001,4.015496542902634e-06,0.004062209654200714,0.00029781877150371984,11950,0.22260528202775154
717,0.21288556533325861,0.2139506979370128,0.002212174560257466,0.0001,4.546838302586067e-06,0.004110740973403906,0.00030951570538341905,12034,0.21288556533325861
718,0.20982688499032554,0.2142406001461088,0.002139129330537373,0.0001,4.330654100837644e-06,0.004048987631570397,0.0003008462981122273,12093,0.20982688499032554
719,0.217396109445949,0.21450166893781775,0.0020922550088956545,0.0001,4.349149291185975e-06,0.004157379738793472,0.0004561984514341408,11882,0.217396109445949
720,0.21733414585543853,0.2147889407597245,0.0021225378200920675,0.0001,4.305768117113573e-06,0.00405718859410176,0.000448658423486925,12001,0.21733414585543853
721,0.2160988287313536,0.21497159958828138,0.0020485441932490884,0.0001,4.440542743872325e-06,0.004335315546040932,0.0004475491621503765,12025,0.2160988287313536
722,0.2203842360436107,0.21535438940975904,0.0022970384119673014,0.0001,4.896280651224799e-06,0.004263124748559494,0.0004484067697535383,11914,0.2203842360436107
723,0.22394147891502053,0.2155220940822858,0.001959606825705467,0.0001,4.0580500841167406e-06,0.004141698253838063,0.0004599993176329141,11845,0.22394147891502053
724,0.22173028070663714,0.21571880872990468,0.0019415234360516058,0.0001,3.871000927946188e-06,0.0039875912451703185,0.00045306894324030855,11888,0.22173028070663714
725,0.21097314903323433,0.21596661884275065,0.002026524902439597,0.0001,4.041665216611899e-06,0.003988764423024271,0.00044051970737693166,12098,0.21097314903323433
726,0.2124223085289711,0.21613802430392537,0.0017470281470784068,0.0001,3.505698595761533e-06,0.00401332812138624,0.00044073426977881964,12109,0.2124223085289711
727,0.21166642120337306,0.21642953712613325,0.0022961936503420235,0.0001,5.129844733606816e-06,0.0044681290124138386,0.0004513027040933344,12063,0.21166642120337306
728,0.21785122033105767,0.21655643196612825,0.0016889523443719327,0.0001,3.3949289819986945e-06,0.004020159589832785,0.0004575620706445298,11981,0.21785122033105767
729,0.22325038202265252,0.2168076701819765,0.0023985299822925515,0.0001,5.664214856097498e-06,0.004723071963172672,0.0004958706164034588,11784,0.22325038202265252
730,0.22280208577022015,0.2171427225500655,0.0023103733312999698,0.0001,4.890849788056795e-06,0.004233817731357622,0.0004843192190242487,11862,0.22280208577022015
731,0.21809399578603977,0.21733332596365304,0.0019343473694283329,0.0001,3.7141724044749168e-06,0.0038402331072237396,0.0004975025987744628,11891,0.21809399578603977
732,0.23370286369862486,0.217627544032658,0.002097538799545452,0.0001,4.1195531175721585e-06,0.003927987523725319,0.0005218522250219524,11646,0.23370286369862486
733,0.20898437178971235,0.21791967180887872,0.0023351189921909455,0.0001,5.338931785219254e-06,0.00457272781650408,0.0004904208311203783,12176,0.20898437178971235
734,0.22149731237991044,0.21817604782425407,0.0019679985759139783,0.0001,3.6426298636624976e-06,0.003701862296288285,0.000501974942349323,11891,0.22149731237991044
735,0.21563433893185507,0.21845018716822456,0.0021202342653781304,0.0001,4.386794478230739e-06,0.0041380280942194675,0.0004834937238679874,11937,0.21563433893185507
736,0.22466807812784365,0.2186921773934078,0.002096664654627675,0.0001,4.300073450061413e-06,0.00410182280754384,0.0004894331373777823,11871,0.22466807812784365
737,0.2144356160094866,0.21885942582975965,0.0020019142842776835,0.0001,3.97620155829717e-06,0.003972399407432006,0.00048798392412794826,11999,0.2144356160094866
738,0.22539801108166402,0.21920484192712986,0.0023429088106065583,0.0001,4.925534770082295e-06,0.004204632077683909,0.0005046019721868453,11834,0.22539801108166402
739,0.21946227099707638,0.2194714911239606,0.0020373242267455274,0.0001,3.998994398025432e-06,0.003925731943426133,0.00034893787450875963,11895,0.21946227099707638
740,0.22275696288514635,0.219692602490611,0.0020774402662277255,0.0001,4.135884877395637e-06,0.003981712441634429,0.00033906272338850264,11824,0.22275696288514635
741,0.21493036044136268,0.21995776552716334,0.0021909630585836316,0.0001,4.576807809095808e-06,0.004177895917655982,0.00034898491333814024,12036,0.21493036044136268
742,0.23278088096840374,0.22029281573612866,0.0022713345921708465,0.0001,4.6746452513674285e-06,0.0041162101501739535,0.00033591511262853996,11678,0.23278088096840374
743,0.20531769708576986,0.22061984114167418,0.002164733752627924,0.0001,4.358871859571738e-06,0.004027166716719962,0.0003394447121190943,12218,0.20531769708576986
744,0.22600074441622672,0.22090029831568497,0.002008550904362384,0.0001,3.715604827991652e-06,0.0036997865674419377,0.0003446610967855046,11753,0.22600074441622672
745,0.2251553092281939,0.22117226661400957,0.002315888205317683,0.0001,5.196149035078837e-06,0.004487391941586448,0.00036768653189280654,11845,0.2251553092281939
746,0.21926295312962546,0.22125508324700882,0.0018419738220935133,0.0001,3.96849400453125e-06,0.004308958093683242,0.00035324095827262087,11894,0.21926295312962546
747,0.22436537821202635,0.22157329081959914,0.0022703223941209797,0.0001,4.605630466903591e-06,0.004057247973970493,0.00035471466145813876,11828,0.22436537821202635
748,0.22238860922224934,0.22186730327497467,0.00209647606030083,0.0001,4.0724325980580625e-06,0.0038850265692742473,0.00034812925836532385,11822,0.22238860922224934
749,0.21914454914053183,0.22202822293872773,0.0018283690097412781,0.0001,3.5354085880221163e-06,0.0038672812426659895,0.00036596808914631695,11959,0.21914454914053183
750,0.21789386873320865,0.22212805455272402,0.001843857667372022,0.0001,3.6246256735013836e-06,0.003931567753456177,0.00034438569544242305,12017,0.21789386873320865
751,0.2266344412101557,0.22226923453535577,0.0018270982272818926,0.0001,3.870924063538149e-06,0.004237236953917667,0.0003596339999579138,11760,0.2266344412101557
752,0.22385962246713054,0.22255699139242208,0.002180966693048143,0.0001,4.476908327684435e-06,0.004105434844057575,0.00035270646344715256,11895,0.22385962246713054
753,0.2227731653713509,0.22279427753770595,0.002023931594964438,0.0001,3.878710465759282e-06,0.003832847390108985,0.0003530887924653374,11937,0.2227731653713509
754,0.22270305855948275,0.22306319918632433,0.0020575996704579234,0.0001,3.940435871531921e-06,0.0038301287933769617,0.000351984954532438,11870,0.22270305855948275
755,0.21869877122832293,0.22325820527987117,0.0019123382857629179,0.0001,3.608416205735456e-06,0.003773826244655136,0.000348267024233887,11882,0.21869877122832293
756,0.21712660279109006,0.22347551385811268,0.0020716766466344206,0.0001,4.161264014416659e-06,0.004017291039291208,0.0003430073179603552,11987,0.21712660279109006
757,0.21736822941885753,0.22373035105514033,0.0021306653766326564,0.0001,4.367261347476721e-06,0.0040994342850577715,0.00035330670916594017,11992,0.21736822941885753
758,0.21980171124182646,0.2239280475258797,0.002036385556992158,0.0001,4.0122945307260165e-06,0.0039406039951023555,0.0003273141844676518,11953,0.21980171124182646
759,0.21947129583804761,0.2241326471918318,0.002099900071935725,0.0001,4.377582087530827e-06,0.0041693241940750966,0.0004587408241033047,11938,0.21947129583804761
760,0.22222810429582765,0.2243152443176623,0.0020400430134414975,0.0001,4.304723865403342e-06,0.004220228531496881,0.0004639717848422347,11842,0.22222810429582765
761,0.23422407487436148,0.2245418329043839,0.0019240768230780832,0.0001,3.497742496097625e-06,0.0036357617888687376,0.0004579341544586838,11588,0.23422407487436148
762,0.22511527047886787,0.22481559738759882,0.0022018727008195522,0.0001,4.5261831518622985e-06,0.004111212378606285,0.00045944546957734397,11770,0.22511527047886787
763,0.23455690230147275,0.22500458979185955,0.002186957575985667,0.0001,4.691209240644355e-06,0.004290169404433935,0.0004914910361449864,11663,0.23455690230147275
764,0.23599920279522685,0.22526958418821347,0.0022050126857609538,0.0001,4.573816358206832e-06,0.004148562398522801,0.0004606640376609042,11578,0.23599920279522685
765,0.2262038086430989,0.22542556888367798,0.0018669667223537,0.0001,3.6126202971327696e-06,0.0038700425174995196,0.000454624493702153,11880,0.2262038086430989
766,0.21961449744658246,0.2256209402850661,0.0021581333783519153,0.0001,4.514204429846133e-06,0.004183434142790062,0.00045388086428061207,11898,0.21961449744658246
767,0.2217365760184395,0.22584913341779828,0.0020496906451627915,0.0001,3.994303368861848e-06,0.0038974694823224023,0.0004522490177293254,11852,0.2217365760184395
768,0.22907387876561625,0.22600245472975872,0.0019485626652102097,0.0001,4.32865139462847e-06,0.0044429173071131355,0.000493324411977301,11629,0.22907387876561625
769,0.2180908792950129,0.22618182186111985,0.001999973387946542,0.0001,3.824615633879318e-06,0.0038246665249943284,0.0003481580579556698,11956,0.2180908792950129
770,0.21958791886852014,0.22633506379189441,0.0017566076302511884,0.0001,3.525769228832245e-06,0.0040142934234301065,0.00034881253728247854,11902,0.21958791886852014
771,0.22180351768503884,0.22655125624480166,0.002078294287084796,0.0001,4.02994567153117e-06,0.003878128036606342,0.00035817235323702624,11900,0.22180351768503884
772,0.22596287375438812,0.2266163874224952,0.0018033256467276256,0.0001,3.506241402527613e-06,0.003888639202675517,0.0003547482597894019,11839,0.22596287375438812
773,0.22201486736114226,0.22685966458949086,0.002134711213351068,0.0001,4.1721970762412354e-06,0.003908910067223307,0.0003630051756727612,11820,0.22201486736114226
774,0.2200307550643273,0.2270726847433548,0.0021880207042044306,0.0001,4.568971267843635e-06,0.004176351036408427,0.0003522442725043183,11828,0.2200307550643273
775,0.22112781943834392,0.22733616049552488,0.002086168275655785,0.0001,3.922487849859141e-06,0.0037604711907778484,0.0003608962436666378,11860,0.22112781943834392
776,0.23132090896800922,0.227504795057728,0.0019500693551697719,0.0001,3.684950816319899e-06,0.0037793023171722928,0.00034021008850471346,11733,0.23132090896800922
777,0.22637277441531964,0.2277590323966608,0.002231928668318632,0.0001,4.701398453003615e-06,0.00421285726532228,0.00036571645431463065,11808,0.22637277441531964
778,0.2301029498979845,0.22802359952979928,0.002087419497699285,0.0001,3.9360981562274275e-06,0.0037712574406493005,0.00034632251443469404,11686,0.2301029498979845
779,0.22874793438621077,0.2282534864147344,0.00219695822217461,0.0001,4.506842864406446e-06,0.004102802519335528,0.00047358617053967246,11827,0.22874793438621077
780,0.231270790885667,0.22838830297765195,0.001998795412181668,0.0001,3.8819245553585815e-06,0.0038842640239217813,0.0004938509586411579,11632,0.231270790885667
781,0.2298898262690749,0.22863622867252753,0.0021701323169155003,0.0001,4.349859604455554e-06,0.004008842751706671,0.0004648401933171184,11712,0.2298898262690749
782,0.23181552574582043,0.22889203086049487,0.002057831133101108,0.0001,3.7583427345358228e-06,0.0036527222025959727,0.0004737454073733375,11624,0.23181552574582043
783,0.23776734609410693,0.22914213654569474,0.0021522009986621946,0.0001,4.252017296088222e-06,0.00395131988018895,0.0004657004008998937,11535,0.23776734609410693
784,0.22814584976262353,0.22938128255359,0.002262814347977959,0.0001,4.7670892523373665e-06,0.0042134161440130664,0.0004734397791255183,11732,0.22814584976262353
785,0.2225293239098854,0.22962133719568728,0.0020656343971057088,0.0001,3.853307694000444e-06,0.0037308709609014624,0.0004704332713840267,11847,0.2225293239098854
786,0.2326177076819626,0.22990126897411736,0.0021827053704052235,0.0001,4.2255997299793226e-06,0.0038718919990514624,0.00048014529283772674,11591,0.2326177076819626
787,0.2329007904219108,0.23011853090872056,0.0019070432799796033,0.0001,3.3458132746565194e-06,0.003508901250203723,0.00048522924096859404,11672,0.2329007904219108
788,0.23119841791450949,0.23037319073309326,0.002163379501046544,0.0001,4.191864756173694e-06,0.003875293034944504,0.00048012933117702226,11662,0.23119841791450949
789,0.23690997495340954,0.2306261939346927,0.0021241749474532503,0.0001,4.046413389938405e-06,0.00380986829243024,0.0004793838144595946,11582,0.23690997495340954
790,0.23438158666513104,0.2308390100599374,0.002262450944565839,0.0001,4.914506622936328e-06,0.00434440944210564,0.0004688445228494703,11630,0.23438158666513104
791,0.22998488299620018,0.2310789097278772,0.0019609734592320963,0.0001,3.5014841682898077e-06,0.0035711693616301827,0.00047918022215028043,11672,0.22998488299620018
792,0.2331503886298451,0.23118859528545874,0.0017794844993735735,0.0001,3.3054682574626014e-06,0.0037150851930727296,0.00046180071653728513,11712,0.2331503886298451
793,0.23204677531845802,0.2313915876862484,0.002025800124573717,0.0001,4.142260755986286e-06,0.004089505875470246,0.0004555996700836159,11606,0.23204677531845802
794,0.2140900989897166,0.2315226255432155,0.001959954965901641,0.0001,3.996594969646933e-06,0.004078251836575616,0.0004625046241745782,12023,0.2140900989897166
795,0.23441599564621743,0.23171159779887207,0.0020166763093808714,0.0001,3.872841515530322e-06,0.003840816195950953,0.00047620959501477617,11675,0.23441599564621743
796,0.2297862914094156,0.23194780759855585,0.0020000632972610156,0.0001,3.6818656818692195e-06,0.003681749159550446,0.00045498910358625165,11717,0.2297862914094156
797,0.22378711156368217,0.2321095300137851,0.0019424500431763755,0.0001,3.873168340259948e-06,0.003987920671490095,0.00044722406921831486,11875,0.22378711156368217
798,0.22866052247890384,0.23228139126817748,0.0019685420456729036,0.0001,3.864332405584846e-06,0.003926085718188362,0.0004939789842738651,11618,0.22866052247890384
799,0.2383821303200902,0.2324939604885653,0.002001504569503369,0.0001,3.7358029148662035e-06,0.003732994639920471,0.0003976555033468479,11631,0.2383821303200902
800,0.23586177928179347,0.2327448396564959,0.002113155104892261,0.0001,4.151757231614387e-06,0.0039294391803067034,0.00041471544181543923,11574,0.23586177928179347
801,0.23461461483205057,0.23290070416556877,0.0017637868213670961,0.0001,3.026698500967807e-06,0.0034320457147103962,0.0003903396775235556,11654,0.23461461483205057
802,0.2327313575674243,0.23303967831251166,0.001885611740117407,0.0001,3.5158740913287867e-06,0.0037291601622186253,0.00041984606487000784,11676,0.2327313575674243
803,0.23994506336980886,0.23329936845423857,0.0021861553211433155,0.0001,4.318203898291643e-06,0.003950500549094845,0.00041658225980600134,11481,0.23994506336980886
804,0.22309870449381974,0.2335972868338403,0.0023889539519166185,0.0001,5.017006653250016e-06,0.004200170245412185,0.0004389974003414462,11837,0.22309870449381974
805,0.22788234980208744,0.23378732962652166,0.002190888004040685,0.0001,4.406453675602722e-06,0.00402252754816845,0.0004275833565986529,11744,0.22788234980208744
806,0.2279840087224378,0.23388911466452092,0.001991618794103291,0.0001,4.041691225828943e-06,0.004058699624441613,0.0004121400149023123,11725,0.2279840087224378
807,0.23824496774287313,0.2341292905319143,0.002111338178927956,0.0001,3.90600989324361e-06,0.003700032455460932,0.0004434652759335403,11460,0.23824496774287313
808,0.23899506502256201,0.2342405211266075,0.00203120731136783,0.0001,3.937627429427296e-06,0.0038771300274373956,0.0004505722127095798,11461,0.23899506502256201
809,0.24603972205752395,0.23440584238850926,0.0021266398073475023,0.0001,4.490285007456264e-06,0.004222891899175789,0.0003549054832420424,11376,0.24603972205752395
810,0.22999697857451268,0.2344908449278134,0.0018917368960258195,0.0001,3.77182043457257e-06,0.003987679727023826,0.00031855546073335646,11665,0.22999697857451268
811,0.2341950375815544,0.23468961998471655,0.0020620030224238043,0.0001,3.8525904018850634e-06,0.003736745640029658,0.0002940358662838377,11619,0.2341950375815544
812,0.23004806142658463,0.23494319832996186,0.002295293015585896,0.0001,4.676331597023528e-06,0.004074714265472418,0.00036068853557098086,11662,0.23004806142658463
813,0.22449349379007305,0.23511498216678933,0.0019176504022837986,0.0001,3.507600391861486e-06,0.003658227159323888,0.00033609476135421687,11810,0.22449349379007305
814,0.23389012098330514,0.23519972416999352,0.0017437321478885825,0.0001,3.3835318827835518e-06,0.0038807931446128794,0.0003379046622843505,11702,0.23389012098330514
815,0.23838396198282835,0.23541261491669319,0.0021028453461156716,0.0001,3.961114111547666e-06,0.0037673850993032347,0.00033786434937645404,11544,0.23838396198282835
816,0.236878120515633,0.235448894304785,0.001596102046770418,0.0001,2.985662921142126e-06,0.003741193023570605,0.00032813908307123687,11620,0.236878120515633
817,0.23784097432133977,0.23562634053342835,0.002106973884074896,0.0001,4.130466571162934e-06,0.003920757255115658,0.0003290493078636454,11562,0.23784097432133977
818,0.23293986839326225,0.23572138571442042,0.0018072902135537413,0.0001,3.3485090007409855e-06,0.0037055576084337755,0.00035935480672350076,11624,0.23293986839326225
819,0.23670759982775014,0.23595483901407296,0.0021443095176614958,0.0001,4.051621118224493e-06,0.0037789517649887035,0.0004885800708627436,11607,0.23670759982775014
820,0.24295687504909796,0.23607807040931794,0.002121722836748957,0.0001,4.60264121556762e-06,0.004338588561944394,0.00047980314123168303,11459,0.24295687504909796
821,0.23171850971285285,0.2362879278791718,0.001948443173652919,0.0001,3.3626575404012625e-06,0.0034516352192063065,0.00046547370434013536,11658,0.23171850971285285
822,0.24363904916642692,0.23651061462627843,0.002052323830457791,0.0001,3.7715301273243932e-06,0.0036753752710488347,0.00046353620427181633,11406,0.24363904916642692
823,0.23563793313136583,0.23669855706849605,0.0019254104554747207,0.0001,3.4950302341145923e-06,0.0036304261506182314,0.00046916003494622114,11648,0.23563793313136583
824,0.23572900410482434,0.23683014381244144,0.002010462252303081,0.0001,3.848049911328356e-06,0.0038280250294878506,0.000478402666943035,11635,0.23572900410482434
825,0.23924958244356564,0.2369400874434031,0.001974571235346524,0.0001,4.017631717777235e-06,0.00406937125980382,0.0004781533529528895,11469,0.23924958244356564
826,0.23513965753877925,0.23714063306736824,0.0021652141315172515,0.0001,4.2726502301015845e-06,0.0039466306522834005,0.00047709553100700093,11597,0.23513965753877925
827,0.2313777017161031,0.23734099471561682,0.0021377043841268838,0.0001,4.17707536727672e-06,0.003908000936231218,0.000460681169664148,11616,0.2313777017161031
828,0.23153459085327788,0.23736831746368903,0.0015298540454816026,0.0001,2.895746320022243e-06,0.0037856504397589825,0.00045118837834821934,11685,0.23153459085327788
829,0.22829445147962196,0.2375553104285752,0.0021494533114112353,0.0001,4.288585350540282e-06,0.003990396374531706,0.0002984123654269754,11761,0.22829445147962196
830,0.2340622826992618,0.237683326593746,0.0018401672816927407,0.0001,3.38651960074425e-06,0.0036806649421883475,0.0003453515573513678,11553,0.2340622826992618
831,0.2432937458450237,0.23794999676413886,0.0021784182957706928,0.0001,4.001385417744846e-06,0.00367366122981373,0.0003271281925172047,11396,0.2432937458450237
832,0.23259250523872244,0.23807054992231716,0.0017524399553294906,0.0001,3.4858729168494177e-06,0.003978307965700326,0.0003275293824063932,11643,0.23259250523872244
833,0.22898679608453798,0.23829386249162593,0.0021393968026945974,0.0001,4.052715765152575e-06,0.003788652726832282,0.0003341339513927143,11679,0.22898679608453798
834,0.23491847239027602,0.23840866343948625,0.0019576011308176625,0.0001,3.927036210361636e-06,0.004012090255302792,0.00034270293334145183,11592,0.23491847239027602
835,0.2420197224356746,0.23866331457305315,0.0022578517495515024,0.0001,4.373523093976035e-06,0.0038740569170183895,0.00032036031364374856,11406,0.2420197224356746
836,0.2376216104723633,0.23895713108148925,0.002349168054191126,0.0001,4.623346783102745e-06,0.003936156695860291,0.00030561474305411043,11532,0.2376216104723633
837,0.23144401754309296,0.23909388644954144,0.0022337063913593384,0.0001,4.888807392954753e-06,0.004377305282257471,0.00033055862691512013,11642,0.23144401754309296
838,0.23060097450687095,0.23930799941945263,0.002166347996013574,0.0001,4.30150647487137e-06,0.003971205441403531,0.0003329951516993457,11690,0.23060097450687095
839,0.23896628527958758,0.23942027153120768,0.0017986012569184127,0.0001,3.230738755339065e-06,0.00359250138729956,0.0003339234463111485,11526,0.23896628527958758
840,0.24516056329416963,0.23964387228909545,0.0020045496707349723,0.0001,3.4056550268779263e-06,0.0033979253062152714,0.00034201898876842876,11321,0.24516056329416963
841,0.24475860851342948,0.23985913252105628,0.0019744598253745816,0.0001,3.533486932855008e-06,0.003579193546958757,0.0002928482203957199,11468,0.24475860851342948
842,0.24442468425169894,0.2400421583153311,0.00200116147876495,0.0001,3.7007043143646784e-06,0.0036985564169950227,0.0003512461898875791,11466,0.24442468425169894
843,0.236299659360867,0.24013270273981951,0.0016951916913572449,0.0001,3.2499645499155086e-06,0.0038343327972701945,0.0003342617819817727,11551,0.236299659360867
844,0.24956573741837648,0.2403850656757169,0.002338940007365638,0.0001,4.752619553471309e-06,0.00406390889762428,0.0003303922026384018,11290,0.24956573741837648
845,0.24234904067593088,0.24053033252996903,0.0019914167414551865,0.0001,3.734671077297927e-06,0.003750767982967636,0.00034778710302583283,11407,0.24234904067593088
846,0.24093078362218512,0.24079093675413135,0.0023373520017224295,0.0001,4.623676309756151e-06,0.003956337176727251,0.0003310751822059561,11454,0.24093078362218512
847,0.24394736791905913,0.2409734281849456,0.002029268189637864,0.0001,3.770371031851486e-06,0.0037159908691264043,0.0003452731582776266,11348,0.24394736791905913
848,0.24477717486226225,0.2411833445384962,0.0021563985957611755,0.0001,4.094718646569861e-06,0.0037977381868257885,0.0003521616717317808,11435,0.24477717486226225
849,0.241258438818703,0.2413917986976234,0.0020376047819181653,0.0001,3.7005667489005454e-06,0.0036322713626701416,0.0003865204748059967,11432,0.241258438818703
850,0.24053222844229985,0.24147865955477632,0.0019285058178307684,0.0001,3.6545141528487753e-06,0.0037899954659814956,0.00038827712421854053,11578,0.24053222844229985
851,0.24036264819759784,0.24150477718175356,0.001828214224112226,0.0001,3.5254880337285797e-06,0.0038567559394638703,0.0003964962243543503,11525,0.24036264819759784
852,0.24402215834935986,0.24163850387500496,0.001954628617516294,0.0001,3.84679697545599e-06,0.003936089895526072,0.00040264013881048937,11453,0.24402215834935986
853,0.23679503448551747,0.24185361940579364,0.0021640881086611653,0.0001,4.199690064542366e-06,0.003881256079855774,0.00038573527198357174,11533,0.23679503448551747
854,0.24535276880541262,0.24198098045588445,0.001778472715381979,0.0001,3.0843298154787694e-06,0.0034685151914926275,0.0003978300607235177,11335,0.24535276880541262
855,0.24982546283361795,0.24211369867314003,0.0019756273073390654,0.0001,3.834154062896673e-06,0.003881454815544965,0.0004031091370274891,11301,0.24982546283361795
856,0.24235602176897109,0.24225200597059765,0.0021135330686068592,0.0001,4.083159707601555e-06,0.0038638238201713884,0.00039204092897892,11457,0.24235602176897109
857,0.24129005248285498,0.2423921913352108,0.0020194562735287125,0.0001,3.8086652586112525e-06,0.003771971008766782,0.0004029812558375231,11380,0.24129005248285498
858,0.24006722516393797,0.24244454198438145,0.0017978140733969801,0.0001,3.3594062849052558e-06,0.0037372121340196627,0.00039412812670349496,11483,0.24006722516393797
859,0.23874846491422563,0.24258145160113617,0.0020696989366590676,0.0001,4.007047561081075e-06,0.0038721067012280523,0.00016811716087725769,11486,0.23874846491422563
860,0.24033238052116812,0.24273389410247542,0.0021007242621710787,0.0001,3.95698076715146e-06,0.0037672538356480524,0.0001764490340692378,11411,0.24033238052116812
861,0.24178595285332835,0.24282430511315056,0.0017693479832270713,0.0001,3.1569195889439557e-06,0.0035684552941204098,0.00020521535237116203,11374,0.24178595285332835
862,0.23822301980475713,0.24296842157233875,0.0019483217084382205,0.0001,3.4709859216516063e-06,0.0035630521454631404,0.00021182262100118496,11546,0.23822301980475713
863,0.23980626905725635,0.24306714752428418,0.0020051241907825977,0.0001,3.800091922456499e-06,0.003790380605775174,0.00021334803105897397,11478,0.23980626905725635
864,0.24667261489486844,0.2430987105658969,0.0015589988491799226,0.0001,2.88858321549755e-06,0.003705689990748905,0.00014466942092224313,11334,0.24667261489486844
865,0.2490606324485039,0.24327526567961888,0.0019833183195875313,0.0001,3.5014598954827225e-06,0.0035309106570557136,0.00017349934554345594,11254,0.2490606324485039
866,0.2379239115284521,0.2434619899124013,0.001838820013890973,0.0001,2.934568490907949e-06,0.0031917952477560373,0.00015956623654806687,11548,0.2379239115284521
867,0.24039061493793587,0.2436972964590337,0.0022590140499971116,0.0001,4.318151674174331e-06,0.0038230410069205654,0.0002086101408148181,11464,0.24039061493793587
868,0.24419751665209904,0.24385644494964304,0.002008863666732703,0.0001,3.6706980824652272e-06,0.0036545019388353004,0.00018667520807538434,11339,0.24419751665209904
869,0.24023134358848303,0.24406066193492348,0.0021630754266168998,0.0001,4.221955496152724e-06,0.003903659987258013,0.0004125154856270242,11511,0.24023134358848303
870,0.2520306263764481,0.24428100070021358,0.002156084524821007,0.0001,4.032700999517209e-06,0.0037407633634882606,0.0004139762484591295,11260,0.2520306263764481
871,0.24408626097858793,0.24439623418538403,0.0018631262944429664,0.0001,3.4264291491812745e-06,0.0036781501709262287,0.0004130937834083237,11399,0.24408626097858793
872,0.24481587213844586,0.24451268373261836,0.001870500296564207,0.0001,3.3198269658480306e-06,0.003549667403898297,0.00043311300668638,11374,0.24481587213844586
873,0.24547965749878176,0.24469107986178878,0.001982548523436425,0.0001,3.4636345875444033e-06,0.003494123393802999,0.00043189899407775366,11344,0.24547965749878176
874,0.2483113321590581,0.24483292950835123,0.0019590224340434886,0.0001,3.6266929103935055e-06,0.0037025537302376762,0.00041511159031187145,11384,0.2483113321590581
875,0.23858841394514774,0.24503158887594118,0.0019576265331564067,0.0001,3.4519199899333714e-06,0.0035266379275802097,0.0003941019830482446,11545,0.23858841394514774
876,0.2439464316227075,0.24517896103820905,0.0018927487841033331,0.0001,3.3350303490602293e-06,0.0035240073876366637,0.00042465788125914226,11404,0.2439464316227075
877,0.24313931286939217,0.24518333979769488,0.0017372947111102574,0.0001,3.2853440667579514e-06,0.0037821378787924564,0.0004105950903340583,11478,0.24313931286939217
878,0.24860206687299374,0.24533500891218668,0.0021785101724076518,0.0001,4.736558594151412e-06,0.004348438354012044,0.0004471976145205135,11291,0.24860206687299374
879,0.24945248549555857,0.24552323622024286,0.002068386784580296,0.0001,3.903896106602905e-06,0.003774822132597466,0.0002979987893502456,11328,0.24945248549555857
880,0.247626890978098,0.2455567392210644,0.0018212955167891563,0.0001,3.477363432899338e-06,0.003818560360846588,0.0002884998832132866,11376,0.247626890978098
881,0.24766854199613325,0.24574696450435138,0.0021276887312875895,0.0001,3.919386870329434e-06,0.0036841731712867446,0.00030366599947297975,11374,0.24766854199613325
882,0.24922135401443074,0.24596895053812773,0.002233855475734251,0.0001,4.207594267798572e-06,0.0037671141338412395,0.00029362741170386043,11207,0.24922135401443074
883,0.2461763777444546,0.24608320941687714,0.0019047384895759857,0.0001,3.929290713700573e-06,0.004125805967805348,0.0002731819347647785,11359,0.2461763777444546
884,0.2433856827127367,0.24623694079949535,0.0018879404007951211,0.0001,3.204125480096537e-06,0.0033943078698322198,0.0002810303566061677,11446,0.2433856827127367
885,0.2362851059048791,0.24642920649412445,0.002253705885592919,0.0001,4.492642699519406e-06,0.003986893523453219,0.00028654302115215083,11520,0.2362851059048791
886,0.24947404830321587,0.2466260961453582,0.0023239858590760705,0.0001,4.716665261927681e-06,0.004059117006678216,0.0003026302608247169,11291,0.24947404830321587
887,0.24835797472498347,0.2468345498225903,0.002136126552591029,0.0001,4.044892156440323e-06,0.003787127828671054,0.0002716727985832382,11437,0.24835797472498347
888,0.2453807355675114,0.2469981162790535,0.0020100351062853354,0.0001,3.611233015445718e-06,0.0035932039238055808,0.0002555761043079113,11357,0.2453807355675114
889,0.24045146838883977,0.2470976047343697,0.001957548126855378,0.0001,3.592227143474789e-06,0.0036701290703338913,0.00047109386490415574,11385,0.24045146838883977
890,0.23342406691047826,0.24722636759161437,0.0020965397444064333,0.0001,4.120515500970391e-06,0.003930777379216324,0.0004327562517243888,11643,0.23342406691047826
891,0.2555232028843407,0.24737947411731603,0.0018772241057798571,0.0001,3.1776588742895847e-06,0.003385486969302993,0.0004205577858672041,11241,0.2555232028843407
892,0.24785125113236373,0.24753658384680874,0.001981963589566964,0.0001,3.4377762089086097e-06,0.0034690609121227336,0.0004483499613861019,11303,0.24785125113236373
893,0.2513609141978562,0.2477099614474867,0.0019017595109790118,0.0001,3.030078943320281e-06,0.0031866057993425456,0.00042814626853655943,11330,0.2513609141978562
894,0.24767393320943745,0.2479334614155036,0.00215075619213318,0.0001,3.914025344805949e-06,0.003639673673029309,0.0004545048902738873,11339,0.24767393320943745
895,0.25154046180696915,0.24799225141843234,0.0016999471338860353,0.0001,3.221813657983808e-06,0.003790486884870149,0.00045071972856968183,11177,0.25154046180696915
896,0.250385564967129,0.2482459429185691,0.0023087076467577803,0.0001,4.33225699301243e-06,0.003752971493897385,0.0004347514982318824,11246,0.250385564967129
897,0.2426050900705492,0.24837011540082443,0.0019113413872053147,0.0001,3.5783314495101063e-06,0.0037443143056115112,0.0004374090021412631,11467,0.2426050900705492
898,0.24513873796090777,0.24845979435482352,0.0018591241558873135,0.0001,3.3634697083591677e-06,0.0036183379121916344,0.0004296448963554863,11342,0.24513873796090777
899,0.253750844626165,0.24843995235288902,0.001659290269962459,0.0001,2.8205448785731185e-06,0.0033997003774836002,0.00039099051083587926,11172,0.253750844626165
900,0.2483653415562339,0.24856717618141255,0.0019772972169639375,0.0001,3.863239133368418e-06,0.003907595782995407,0.000368171818406234,11323,0.2483653415562339
901,0.25208315755390864,0.24882848507910788,0.002487738984924097,0.0001,4.955550091241652e-06,0.003983979124235051,0.0003746325547629329,11198,0.25208315755390864
902,0.24298662242223923,0.24904638766131193,0.0022269721099660448,0.0001,4.116343606102113e-06,0.0036968075061926797,0.0003793058027083223,11390,0.24298662242223923
903,0.24733990990531526,0.24924393464828826,0.0020373251447245782,0.0001,3.490175841996938e-06,0.003426233511164727,0.00039087876725971436,11275,0.24733990990531526
904,0.25256636363730023,0.24947420057557687,0.0021042733086925735,0.0001,3.5132160048807954e-06,0.003339125189078814,0.00037638586972474526,11232,0.25256636363730023
905,0.24726493510795688,0.24969512260207039,0.0020761897598245626,0.0001,3.528991002338126e-06,0.0033994879183262368,0.0003610129833451503,11458,0.24726493510795688
906,0.2478071589701482,0.24988116128081445,0.0021456141355016005,0.0001,3.992251579905967e-06,0.003721313645216698,0.00038375689792544154,11278,0.2478071589701482
907,0.25341492934357507,0.2500064977740294,0.0017046236541407435,0.0001,2.6016504318787864e-06,0.0030524631352604453,0.0003573919261733614,11170,0.25341492934357507
908,0.24692154349485362,0.25012092183241763,0.002024658641048835,0.0001,3.6265168751473925e-06,0.003582348946752569,0.0003771982006562604,11321,0.24692154349485362
909,0.26081999989400173,0.2503100791940449,0.00197646963514794,0.0001,3.2712740242155933e-06,0.0033102193588425517,0.0004389353991220528,11045,0.26081999989400173
910,0.25419654117423596,0.2504143610579508,0.0019309577260883137,0.0001,3.392445388394435e-06,0.003513743820033561,0.0004532595856377062,11203,0.25419654117423596
911,0.2459094892136795,0.2506135053155694,0.002064410971284724,0.0001,3.5380056848669714e-06,0.003427617595604231,0.0004403570768242024,11330,0.2459094892136795
912,0.24837519929802943,0.25062950768510106,0.001761847590824827,0.0001,3.2146446975457615e-06,0.003649174553220909,0.0004605250602294628,11349,0.24837519929802943
913,0.24439235603237683,0.2508050936385214,0.0020229694881662152,0.0001,3.6253136721405493e-06,0.0035841506195200498,0.0004336127940591488,11356,0.24439235603237683
914,0.25169511504066655,0.2509039822402579,0.0019769343351972077,0.0001,3.850975389781984e-06,0.00389590622330694,0.00046586676832231923,11149,0.25169511504066655
915,0.24747544012423536,0.25095842441717137,0.0019738101239622926,0.0001,3.954487276063465e-06,0.0040069581446112905,0.0004578298768589468,11235,0.24747544012423536
916,0.25163265380336314,0.25100891378072965,0.0017573699520967178,0.0001,3.0217136542925296e-06,0.0034389044272520124,0.0004448963471103911,11241,0.25163265380336314
917,0.2457238503252215,0.25111726776662974,0.0019434472250306198,0.0001,3.6527257010680347e-06,0.0037590171258810325,0.00044020028625503993,11347,0.2457238503252215
918,0.25668621972274863,0.25122223610480665,0.001855180096662038,0.0001,3.3505718479768206e-06,0.0036121256949720295,0.00042015988998073,11173,0.25668621972274863
919,0.25042730165286115,0.25131362410802294,0.001933075235433231,0.0001,3.6091837825102975e-06,0.0037341368989204653,0.0005209475110639811,11248,0.25042730165286115
920,0.24425553542595052,0.2514592876631196,0.0019652293829134837,0.0001,3.43026307828919e-06,0.0034909543976019437,0.0005473699643169975,11356,0.24425553542595052
921,0.2512351210748794,0.2516695695580097,0.0020409710207385428,0.0001,3.3414832574062068e-06,0.003274405391799304,0.0005586909567552143,11171,0.2512351210748794
922,0.24939746474443936,0.2518938451749108,0.0021197298703472265,0.0001,3.6079718404762395e-06,0.00340418077883219,0.0005468022760995426,11310,0.24939746474443936
923,0.25650108891004136,0.25207773223921826,0.00206153952926449,0.0001,3.5265675475977113e-06,0.003421295102554652,0.0005776170475724238,11052,0.25650108891004136
924,0.2469291511255924,0.25219633833292315,0.002045100886900891,0.0001,4.06466002764167e-06,0.003975021529428,0.0005392228886928988,11314,0.2469291511255924
925,0.2672721433615549,0.25231136052512326,0.00187742178944714,0.0001,3.3427702932163963e-06,0.003561022154963664,0.0005503731957088827,10888,0.2672721433615549
926,0.2558194751604239,0.252514719577818,0.0020206991482056968,0.0001,3.270542653418082e-06,0.003237040661220843,0.000532432723108568,11050,0.2558194751604239
927,0.24782785740179997,0.252654414176686,0.0019886689054418,0.0001,3.604350242860669e-06,0.0036248872127458867,0.0005570497387328659,11191,0.24782785740179997
928,0.2505636113803792,0.25275101137078715,0.001804815835478878,0.0001,2.974377433314545e-06,0.0032960453635706754,0.0005652333555136698,11304,0.2505636113803792
929,0.2516872079537399,0.2529460133675228,0.0020959749731004574,0.0001,3.685203049463673e-06,0.0035164571111384597,0.00045358366167168784,11201,0.2516872079537399
930,0.2602947621199717,0.25291618759435447,0.0014988008023198226,0.0001,2.756159391808647e-06,0.0036778194774685228,0.0004234428232526422,11094,0.2602947621199717
931,0.25899334167543686,0.2530188674042456,0.0020302631593642788,0.0001,3.9042563271400845e-06,0.0038460593732711932,0.00045884349565683135,11052,0.25899334167543686
932,0.259743434463021,0.2531410840113439,0.002094134743192196,0.0001,3.930197230175973e-06,0.0037535285090442403,0.00044109964273342456,11059,0.259743434463021
933,0.24950857483789282,0.2531549141041389,0.0019046337879513766,0.0001,3.568364050515718e-06,0.003747034283534211,0.0004310089337783629,11257,0.24950857483789282
934,0.2533975560152887,0.2532405755918476,0.0017055798324005253,0.0001,2.7500800150600756e-06,0.0032248036272678774,0.00043833719624900084,11173,0.2533975560152887
935,0.24835274513815497,0.2533235167809308,0.0018900865384243687,0.0001,3.3170628371009872e-06,0.0035099586920143743,0.00042882158096918673,11358,0.24835274513815497
936,0.25090482933929303,0.2534600163763118,0.001933735585565806,0.0001,3.2486486408137017e-06,0.0033599719269407306,0.00041055753708479903,11233,0.25090482933929303
937,0.24597288121900152,0.25359398809492717,0.002024529618683228,0.0001,3.6491258111487933e-06,0.0036049122497128164,0.0004477799128332128,11249,0.24597288121900152
938,0.24936236050643357,0.2538224673407974,0.002411765722400664,0.0001,4.735323994057402e-06,0.00392685238875016,0.000454096882681545,11224,0.24936236050643357
939,0.2514834039329241,0.2538088634410236,0.001611264316931475,0.0001,2.8153706789605764e-06,0.003494610597871646,0.0005325669753915945,11083,0.2514834039329241
940,0.2502975857685203,0.2540030499013449,0.0020390184855125586,0.0001,3.381530959678556e-06,0.0033168222688560118,0.0005183308925791935,11302,0.2502975857685203
941,0.25483954247067225,0.2539103531761844,0.001617098962812227,0.0001,3.3939901430393315e-06,0.0041976282479793195,0.0005411993600609342,11098,0.25483954247067225
942,0.2508001364623075,0.2539765025978688,0.001953417696415912,0.0001,3.5269319571513083e-06,0.003611037172052291,0.0005396202130713697,11155,0.2508001364623075
943,0.2491095722228652,0.2540260022195053,0.0018807673416383634,0.0001,3.3794034361142562e-06,0.003593643255385761,0.0005363850935156344,11244,0.2491095722228652
944,0.25043246904626,0.25422160804740435,0.002203611564948023,0.0001,4.101418916347598e-06,0.003722451798299886,0.0005426580352963558,11255,0.25043246904626
945,0.2585961442246699,0.2542607356123931,0.0018296087526233275,0.0001,3.1671866261271133e-06,0.0034621463431303997,0.0005335395720050393,11081,0.2585961442246699
946,0.2545007488597509,0.25439109709118074,0.0020583517437638035,0.0001,3.877043792545185e-06,0.003767134363008149,0.0005132251151566725,11112,0.2545007488597509
947,0.2572561621275622,0.25445734887323646,0.00188665781391958,0.0001,3.3020484624589793e-06,0.0035004211554387687,0.0005245742435149013,11093,0.2572561621275622
948,0.2460374280489419,0.2546232451271763,0.002115498936749205,0.0001,3.6898656969274398e-06,0.003488411771643331,0.0004917310236900786,11321,0.2460374280489419
949,0.2486574304805017,0.2547255071826447,0.001873493528238671,0.0001,3.141778131567092e-06,0.0033539247232103053,0.0004835626806420703,11333,0.2486574304805017
950,0.25056055315064063,0.2548754538703962,0.002069101869903195,0.0001,3.9323381998913326e-06,0.003801009758959147,0.0004799292324191954,11214,0.25056055315064063
951,0.2637098677807834,0.2550523424485396,0.0021102590298469905,0.0001,3.7293893345141036e-06,0.0035345322842044767,0.00048754812186222797,10898,0.2637098677807834
952,0.2532953044326175,0.25507600105335754,0.001550388098053163,0.0001,2.8731210592053783e-06,0.003706324968326555,0.00047337616711974097,11087,0.2532953044326175
953,0.2627138355479608,0.25523253563661036,0.0020859338202499004,0.0001,3.654371311914791e-06,0.0035038228695836453,0.0004948764746230016,11028,0.2627138355479608
954,0.2558825371608753,0.2554156345142028,0.001991228694268157,0.0001,3.2877134767403085e-06,0.0033021957610435623,0.0004805221184820477,11090,0.2558825371608753
955,0.2505777666924518,0.25554305646735587,0.002132641330100356,0.0001,4.0609532501140235e-06,0.003808379020698174,0.00047819781302749665,11211,0.2505777666924518
956,0.24772732272642484,0.2556391998435932,0.0021226217891028827,0.0001,4.041530144705177e-06,0.0038080548927308553,0.0004425149356498979,11272,0.24772732272642484
957,0.254885365914553,0.25572852912246335,0.0018767361412633157,0.0001,3.3988040909004987e-06,0.0036220372338677405,0.00047485515712170507,11223,0.254885365914553
958,0.25139711584468094,0.2557833055129626,0.001927639413616045,0.0001,3.470364267054533e-06,0.003600636345720388,0.0004532904226099751,11218,0.25139711584468094
959,0.2607609341164477,0.25581178996971793,0.002020707743103151,0.0001,4.0098435113363865e-06,0.003968751567387541,0.00046210277626569445,11084,0.2607609341164477
960,0.24853681099688973,0.25591043612785513,0.00183498578311848,0.0001,3.187201475600182e-06,0.003473815988027622,0.000468799817335813,11366,0.24853681099688973
961,0.2591003697470662,0.25604918332427007,0.002044547960624759,0.0001,3.615802275346761e-06,0.0035370187884874752,0.00047051766551847897,11070,0.2591003697470662
962,0.25487085527558395,0.25620586233632275,0.0019376964244891379,0.0001,3.2405741094707508e-06,0.003344769664138808,0.0004912453004392186,11105,0.25487085527558395
963,0.24957304012142567,0.25636042705800477,0.0020444242370237626,0.0001,3.6282342765651354e-06,0.003549394700824968,0.00047200442105908673,11201,0.24957304012142567
964,0.2583293886871815,0.256486356322396,0.001901489288965566,0.0001,3.094996955296323e-06,0.003255339878332988,0.000459643829524394,11077,0.2583293886871815
965,0.25401117562818315,0.25660000691118173,0.0017759945832910183,0.0001,2.8377977399899563e-06,0.0031957279224707515,0.00046602416696719056,11228,0.25401117562818315
966,0.25321387697900083,0.25670746126327004,0.001681936737590521,0.0001,2.6431940268511797e-06,0.003143036200799941,0.0004812763737505254,11196,0.25321387697900083
967,0.2571901789602687,0.25682141904117567,0.0019283742012258995,0.0001,3.2390661598519515e-06,0.003359375123140336,0.0004178648878884935,11047,0.2571901789602687
968,0.25977161886695677,0.25685368700357997,0.0018061848590154898,0.0001,3.2854793529241182e-06,0.0036380322163867087,0.0004596723002099611,11024,0.25977161886695677
969,0.2510352136233886,0.25691330630893605,0.001666401117651957,0.0001,3.043733975278695e-06,0.0036530628106724618,0.0004190344631912479,11214,0.2510352136233886
970,0.25410174736673763,0.2571045394099048,0.002271178305874029,0.0001,4.178350370064864e-06,0.0036794560420538077,0.00043892308537786594,11228,0.25410174736673763
971,0.2520321858575774,0.25723320861613397,0.001971346500090684,0.0001,3.411886247069102e-06,0.003461477976512148,0.00043062235738111355,11122,0.2520321858575774
972,0.2552629125611984,0.25742270623641544,0.0021397735892468455,0.0001,3.6708137486575436e-06,0.003431030055800989,0.00043235522427133863,11094,0.2552629125611984
973,0.25406077869898885,0.257516313711685,0.002164140669620366,0.0001,4.4558904771257014e-06,0.0041179305390599726,0.0004284089649703006,11193,0.25406077869898885
974,0.26107239669029225,0.2576643587125032,0.0019226814704439723,0.0001,3.0531096428153955e-06,0.0031758871032448164,0.00042425203222240396,10971,0.26107239669029225
975,0.25466488651999586,0.25785487255717965,0.002211211979913883,0.0001,3.904327830134023e-06,0.003531391712418345,0.00045236111520596546,11067,0.25466488651999586
976,0.26157370120351475,0.2579465669275495,0.0018737840211496238,0.0001,3.4381706422828505e-06,0.0036697619399843396,0.000449861644203834,11021,0.26157370120351475
977,0.26893054203554356,0.25810190105545094,0.002015154115060281,0.0001,3.4524540363192155e-06,0.003426491314502701,0.0004423327377184352,10837,0.26893054203554356
978,0.25384931263774996,0.2581864142393177,0.0020710713623086465,0.0001,3.8575640345061e-06,0.0037251869778219806,0.000420989678212312,11224,0.25384931263774996
979,0.26129605035640036,0.2582763497837109,0.0017953983719378027,0.0001,3.0350852398106523e-06,0.0033809602228109803,0.00048536028549602987,11052,0.26129605035640036
980,0.26503090673629354,0.25844350979130304,0.002062750279263386,0.0001,3.5870998764554626e-06,0.003477977836208487,0.00046499720510359316,10947,0.26503090673629354
981,0.2614430828744163,0.2585866565240696,0.0018709137490875466,0.0001,2.9723636054157607e-06,0.0031774458944089715,0.0004657400065119552,10949,0.2614430828744163
982,0.25626613666477843,0.2586955556402195,0.0018390054010365916,0.0001,3.2266134615952695e-06,0.003509085356439438,0.0004599527221376576,11167,0.25626613666477843
983,0.2621509687879753,0.25881305142831434,0.0019072052544300817,0.0001,3.227839827057855e-06,0.0033848898219635097,0.0004627197234130599,10948,0.2621509687879753
984,0.2557429824794128,0.25888784187209923,0.0018320019233270073,0.0001,3.2161983663590196e-06,0.0035111299015649963,0.0004602201913528008,11146,0.2557429824794128
985,0.2598046097251462,0.25890358732260926,0.0016960044115842327,0.0001,3.026187175268999e-06,0.0035686076694131314,0.00048429861237860863,11039,0.2598046097251462
986,0.25196427478022365,0.25892725412897827,0.0016799404339645765,0.0001,2.862953801540182e-06,0.0034083991832778884,0.00045948899835389497,11200,0.25196427478022365
987,0.2616679133314401,0.259100592098433,0.0022539089501215368,0.0001,4.231872411984859e-06,0.003755140518659074,0.00046067961045396345,11062,0.2616679133314401
988,0.2591963041114904,0.25923848742952893,0.002036907261820997,0.0001,3.6190092138605523e-06,0.003553435428007807,0.00047659367175746225,11106,0.2591963041114904
989,0.26119343781768045,0.2593592793482619,0.0020105581654812597,0.0001,3.3737332003051882e-06,0.0033560165114622587,0.0006476971854613866,11001,0.26119343781768045
990,0.2543034825755658,0.2595022940118906,0.002102111527801889,0.0001,3.738168046466849e-06,0.0035565839367007633,0.0006231277034250544,11149,0.2543034825755658
991,0.265525953656904,0.2596281936082052,0.0019435932462424168,0.0001,3.2027006674009344e-06,0.0032956491010583335,0.0006140987006011081,10902,0.265525953656904
992,0.2622439141432439,0.2597564654740517,0.0020713785547354655,0.0001,3.6169831940760734e-06,0.0034923439617612494,0.0006238918051238744,10942,0.2622439141432439
993,0.26022043640006776,0.2598983705230395,0.0019421394195538112,0.0001,3.12001501882371e-06,0.0032129670891912635,0.0006019487328808809,11091,0.26022043640006776
994,0.2621122964507804,0.2599589890781545,0.001856543871309916,0.0001,3.249618367719459e-06,0.003500718100915801,0.0006294823407653354,11025,0.2621122964507804
995,0.2621729460540384,0.2600994869873261,0.0019980831624161676,0.0001,3.3512339202558688e-06,0.003354448887105792,0.0006448165443463966,10962,0.2621729460540384
996,0.27086340799095987,0.2604418971905929,0.0001,0.00857583705655507,2.6762041926309407e-06,0.003023246806321138,0.0006241266420950345,10787,0.27086340799095987
997,0.2594677261929307,0.26047893433197566,0.0015650981385700424,0.0001,2.729244158965191e-06,0.003487633256606867,0.000613434623417427,11000,0.2594677261929307
998,0.2633455502143265,0.26045381053366107,0.0017174848707121998,0.0001,3.183411748312564e-06,0.003707062347504091,0.0006233840012497759,10957,0.2633455502143265
999,0.2642248231415663,0.26051917499316907,0.0021125839752839134,0.0001,4.040322743210499e-06,0.003825005576564136,0.0004147672249033471,10880,0.2642248231415663
