# iterations;evaluations;p_advantages;m_advantages;p_dist_sup;p_dist_mean;m_dist_sup;m_dist_mean;alfa;beta;p_change;m_change;bound
0.000000000000000000000000000000e+00;2.620554628946207900708209592722e-02;2.867243777098615539755677161793e-02;6.911904894625602567305880887356e-19;2.000000000000000000000000000000e+00;1.447181680482958476829935534624e+00;2.775557561562891351059079170227e-16;1.085151003670540761309721857790e-17;1.100700230649435777674494119083e-03;0.000000000000000000000000000000e+00;1.000000000000000000000000000000e+00;1.000000000000000000000000000000e+00;1.577987943390303255536410986792e-05
1.000000000000000000000000000000e+00;2.645288488950110761255274383075e-02;2.878476042853234106999593677756e-02;6.974733439985311574544859154612e-19;2.000000000000000000000000000000e+00;1.475029493512378220287928343168e+00;2.775557561562891351059079170227e-16;1.087589021279507309505468494375e-17;1.084150089319732904180604293742e-03;0.000000000000000000000000000000e+00;0.000000000000000000000000000000e+00;1.000000000000000000000000000000e+00;1.560350029482022624852805003925e-05
2.000000000000000000000000000000e+00;2.669721630299419848353359441262e-02;2.889481539782807334448833103124e-02;7.036868823666361168357977715761e-19;2.000000000000000000000000000000e+00;1.505695058291905752412276342511e+00;2.775557561562891351059079170227e-16;1.089979591526316695030024604612e-17;1.066130564260874121970679162530e-03;0.000000000000000000000000000000e+00;0.000000000000000000000000000000e+00;1.000000000000000000000000000000e+00;1.540282292215012396158733964935e-05
3.000000000000000000000000000000e+00;2.695277539841850478197216034459e-02;2.900247859716154757991901647074e-02;7.098213842333566384062549360242e-19;1.999289246290492760849133446754e+00;1.452054305804786560329944222758e+00;2.775557561562891351059079170227e-16;1.092320012282563270621556989445e-17;1.110028466983583629590359720396e-03;0.000000000000000000000000000000e+00;0.000000000000000000000000000000e+00;1.000000000000000000000000000000e+00;1.609678842796571606441925761377e-05
4.000000000000000000000000000000e+00;2.721208911443444983246919832709e-02;2.911398316079912354514824812668e-02;7.162341070580777473431336416652e-19;1.999999999999999777955395074969e+00;1.442700735649165677543237507052e+00;2.775557561562891351059079170227e-16;1.094745929326124910629116860614e-17;1.121121982519465839697736520009e-03;0.000000000000000000000000000000e+00;0.000000000000000000000000000000e+00;1.000000000000000000000000000000e+00;1.632016326013672907779307463816e-05
5.000000000000000000000000000000e+00;2.748125260240056461080726535329e-02;2.922598506447333238655872378331e-02;7.227372411704337023586534592943e-19;1.998177279073507062179260174162e+00;1.403127760493211528824986089603e+00;2.775557561562891351059079170227e-16;1.097184823155853860267074638135e-17;1.158231614635245928374152057927e-03;0.000000000000000000000000000000e+00;0.000000000000000000000000000000e+00;1.000000000000000000000000000000e+00;1.692522993526526364077566810806e-05
6.000000000000000000000000000000e+00;2.774768620686189624091610994583e-02;2.934104199022026515653038813980e-02;7.294833801386090035740512700879e-19;1.997195085673161285555465838115e+00;1.430480078748110894792944236542e+00;2.775557561562891351059079170227e-16;1.099692619306059022772470793312e-17;1.141118432615575734728752266278e-03;0.000000000000000000000000000000e+00;0.000000000000000000000000000000e+00;1.000000000000000000000000000000e+00;1.674080192359397525761824376822e-05
7.000000000000000000000000000000e+00;2.801320131236926386231189667342e-02;2.945374505568451942161267709253e-02;7.361571177556885817187765545192e-19;1.996850399027131572893267730251e+00;1.447841715459523115328011044767e+00;2.775557561562891351059079170227e-16;1.102151574945589154311542438929e-17;1.131960830353091838201828878141e-03;0.000000000000000000000000000000e+00;0.000000000000000000000000000000e+00;1.000000000000000000000000000000e+00;1.667024285512046184514964308754e-05
8.000000000000000000000000000000e+00;2.828526766654291743630089683847e-02;2.956490055497922389560194744718e-02;7.428039487326747960827426105117e-19;1.994463038317560776846448789001e+00;1.426569331854422806316051719477e+00;2.775557561562891351059079170227e-16;1.104579281633035258609299748161e-17;1.154556092585563506491830310097e-03;0.000000000000000000000000000000e+00;0.000000000000000000000000000000e+00;1.000000000000000000000000000000e+00;1.706716803121878904829673839760e-05
9.000000000000000000000000000000e+00;2.856539203969043344555345242952e-02;2.967761448537434981753690976802e-02;-9.926975532481446297394800382108e-04;1.995550719964280350637864103192e+00;1.396573751717896882951208681334e+00;5.709516613384552075061151299451e-01;5.969749022211627564882263641266e-02;1.183204557275409178618286176743e-03;0.000000000000000000000000000000e+00;0.000000000000000000000000000000e+00;0.000000000000000000000000000000e+00;1.755734435407880898076873887881e-05
1.000000000000000000000000000000e+01;2.884591378247207058005407986911e-02;2.979243121640624825108289996933e-02;-1.000257674603085254749768040483e-03;1.992147515273114288802958071756e+00;1.408948336618129903996532448218e+00;5.709516613384552075061151299451e-01;5.974491270523096808631180465454e-02;1.179361301558971234643147241172e-03;0.000000000000000000000000000000e+00;0.000000000000000000000000000000e+00;1.000000000000000000000000000000e+00;1.756802022799350355346074958884e-05
1.100000000000000000000000000000e+01;2.913131826439744470613746329946e-02;2.990617164861516727447643404503e-02;-1.007809318227202970835731932198e-03;1.993514572527768091703137542936e+00;1.395670050755382973761697940063e+00;5.709516613384552075061151299451e-01;5.979197817044819285303702827150e-02;1.194307441479645730264547154320e-03;0.000000000000000000000000000000e+00;0.000000000000000000000000000000e+00;1.000000000000000000000000000000e+00;1.785858167305434850082208886324e-05
1.200000000000000000000000000000e+01;2.941958179992200383967571042376e-02;3.002063664219373553820879862997e-02;-1.015472886184906609052802650695e-03;1.994301259952192761915057417355e+00;1.393046125266937274034262372879e+00;5.709516613384552075061151299451e-01;5.983943448883430327178700736113e-02;1.200663002290104554997673957928e-03;0.000000000000000000000000000000e+00;0.000000000000000000000000000000e+00;1.000000000000000000000000000000e+00;1.802233386073832539504661898189e-05
1.300000000000000000000000000000e+01;2.970249094061527123100674430134e-02;3.013498078853244985242376685619e-02;-1.023193443877830691168817622838e-03;1.992463719554101064801443499164e+00;1.432653150788954610206360484881e+00;5.709516613384552075061151299451e-01;5.988693504919751636750291368116e-02;1.172997072154068586014030728393e-03;0.000000000000000000000000000000e+00;0.000000000000000000000000000000e+00;1.000000000000000000000000000000e+00;1.767412211718383450412446500355e-05
1.400000000000000000000000000000e+01;2.998525301563626302425724645673e-02;3.024598081279973593726850822350e-02;-1.030751461801851856514566918577e-03;1.995495087775212228464738473122e+00;1.442950495995767745682769600535e+00;5.709516613384552075061151299451e-01;5.993313907713099936147571611400e-02;1.167140308172753045828917706217e-03;0.000000000000000000000000000000e+00;0.000000000000000000000000000000e+00;1.000000000000000000000000000000e+00;1.765065168341913096885717471274e-05
1.500000000000000000000000000000e+01;3.026880416343333268791582213453e-02;3.035573765902985915454692644744e-02;-1.038286538481493145869016814231e-03;1.994617533832865330367667411338e+00;1.451193275962834539072332518117e+00;5.709516613384552075061151299451e-01;5.997891693481191555115117353125e-02;1.165234652847466426117684079600e-03;0.000000000000000000000000000000e+00;0.000000000000000000000000000000e+00;1.000000000000000000000000000000e+00;1.768577871652421049618320036956e-05
1.600000000000000000000000000000e+01;3.054979034557014916373418600415e-02;3.046461908920190461702581785630e-02;-1.045824001237985727968959892564e-03;1.994202165594193942865786084440e+00;1.476399286841697300332043596427e+00;5.709516613384552075061151299451e-01;6.002442435851067237262412845666e-02;1.149688620082793110571683925514e-03;0.000000000000000000000000000000e+00;0.000000000000000000000000000000e+00;1.000000000000000000000000000000e+00;1.751241294100622280030532529338e-05
1.700000000000000000000000000000e+01;3.085199303543744928091108192802e-02;3.057136359625473379098004045318e-02;-1.053275044864020702772844373385e-03;1.991604857777710568811357916275e+00;1.385544762712475286292601595051e+00;5.709516613384552075061151299451e-01;6.006913313937737447512077437750e-02;1.230973100937353750805591801054e-03;0.000000000000000000000000000000e+00;0.000000000000000000000000000000e+00;1.000000000000000000000000000000e+00;1.881626312298250952126203727754e-05
1.800000000000000000000000000000e+01;3.114957040563702886371011402389e-02;3.068490524348636838691817274594e-02;-1.061268634105090461275389124296e-03;1.994895858152684331443538212625e+00;1.416325752849247443521107925335e+00;5.709516613384552075061151299451e-01;6.011679483406115465093932925811e-02;1.206698843438254323615077545639e-03;0.000000000000000000000000000000e+00;0.000000000000000000000000000000e+00;1.000000000000000000000000000000e+00;1.851371983416371202308368937306e-05
1.900000000000000000000000000000e+01;3.143982256827553695144317202903e-02;3.079544738151941338233363865129e-02;-1.014556959958739026927965198865e-03;1.993972703472817631364932822180e+00;1.464317702595646197849532654800e+00;7.717347687880359297096788395720e-01;1.288170528614330234695728449879e-01;1.171897119552231048347779029939e-03;0.000000000000000000000000000000e+00;0.000000000000000000000000000000e+00;0.000000000000000000000000000000e+00;1.804454804086245273391647669925e-05
2.000000000000000000000000000000e+01;3.173019016572763140171531404121e-02;3.090207850739967038178335201337e-02;-1.018506973745280340393204454585e-03;1.992255699485316000618695397861e+00;1.476326308643517659646704487386e+00;7.717347687880359297096788395720e-01;1.288368272183714746681459928368e-01;1.167394774668684218760228432643e-03;0.000000000000000000000000000000e+00;0.000000000000000000000000000000e+00;1.000000000000000000000000000000e+00;1.803746248796991844313107600239e-05
2.100000000000000000000000000000e+01;3.203540898816732707121701650976e-02;3.100759177501477212302027908208e-02;-1.022430508111094819151398738200e-03;1.991526684205354280621236284787e+00;1.415920937231086140783986593306e+00;7.717347687880359297096788395720e-01;1.288562977225550520987695790609e-01;1.221800770808405918119166067015e-03;0.000000000000000000000000000000e+00;0.000000000000000000000000000000e+00;1.000000000000000000000000000000e+00;1.894254976581272081393760020607e-05
2.200000000000000000000000000000e+01;3.235287595494409917940004106640e-02;3.111726710486328872917738408432e-02;-1.026524950805161612993332553856e-03;1.990377558051846795805772671883e+00;1.373008910530140180838998276158e+00;7.717347687880359297096788395720e-01;1.288764334747685147419815621106e-01;1.265173586324072488654146617648e-03;0.000000000000000000000000000000e+00;0.000000000000000000000000000000e+00;1.000000000000000000000000000000e+00;1.968437220983198650508909366419e-05
2.300000000000000000000000000000e+01;3.266340366613672274720414634430e-02;3.123001917977562269523872373611e-02;-1.030751855189602616408306445805e-03;1.990123985225642488927633166895e+00;1.415171666483626022881026074174e+00;7.717347687880359297096788395720e-01;1.288970237614844860374319068796e-01;1.232084467901004226977890176897e-03;0.000000000000000000000000000000e+00;0.000000000000000000000000000000e+00;1.000000000000000000000000000000e+00;1.923901078182600364249732471933e-05
2.400000000000000000000000000000e+01;3.297916467696813958010437772828e-02;3.133901802964762089986905380101e-02;-1.034855469714221400806541950601e-03;1.992097516370301857335789463832e+00;1.401279493372700857278800867789e+00;7.717347687880359297096788395720e-01;1.289168211693549059848606930245e-01;1.247405097046496314644459246779e-03;0.000000000000000000000000000000e+00;0.000000000000000000000000000000e+00;1.000000000000000000000000000000e+00;1.954622541330724416730989234647e-05
2.500000000000000000000000000000e+01;3.329383680901929626338997536550e-02;3.144856490901209999933030303509e-02;-1.038997426684399455476537355025e-03;1.988861958295216725289833448187e+00;1.419447576495867169299458510068e+00;7.717347687880359297096788395720e-01;1.289366104706164972704129922931e-01;1.237753958893303158489418436261e-03;0.000000000000000000000000000000e+00;0.000000000000000000000000000000e+00;1.000000000000000000000000000000e+00;1.946279285882136992204098635550e-05
2.600000000000000000000000000000e+01;3.361521359148914034342681134149e-02;3.155645856789691949817466820605e-02;-1.043094693135369682365776178301e-03;1.985864647251980752429290077998e+00;1.402738225232219804183841915801e+00;7.717347687880359297096788395720e-01;1.289559944394277901658085738745e-01;1.258692002178100639159241680431e-03;0.000000000000000000000000000000e+00;0.000000000000000000000000000000e+00;1.000000000000000000000000000000e+00;1.985993100823822975252788691769e-05
2.700000000000000000000000000000e+01;3.394002310238055514224342346097e-02;3.166535472170661780211275981856e-02;-1.047248441459423026062003359016e-03;1.987678935401727464693522051675e+00;1.397444356445614044304193157586e+00;7.717347687880359297096788395720e-01;1.289754498980669739083282365755e-01;1.266663011313484124217842996529e-03;0.000000000000000000000000000000e+00;0.000000000000000000000000000000e+00;1.000000000000000000000000000000e+00;2.005466678305327913765451763872e-05
2.800000000000000000000000000000e+01;3.426558461382020470686882163136e-02;3.177410104378067950969821708895e-02;-1.051415434364041685127988401405e-03;1.989067685786325867525192734320e+00;1.404018825539427695048289024271e+00;7.717347687880359297096788395720e-01;1.289947683689984803123707024497e-01;1.264178121449862236130856629757e-03;0.000000000000000000000000000000e+00;0.000000000000000000000000000000e+00;1.000000000000000000000000000000e+00;2.008406168414237865683935613248e-05
2.900000000000000000000000000000e+01;3.459577450999279379928452726745e-02;3.188179266729479488517995378061e-02;-1.257650033990229381658521035092e-03;1.979086601352816776611120985763e+00;1.401996455323952339711013337364e+00;7.466966801783933016523064907233e-01;1.512698891589092098364233152097e-01;1.276698974493635464419472036468e-03;0.000000000000000000000000000000e+00;0.000000000000000000000000000000e+00;0.000000000000000000000000000000e+00;2.035172600167698100568323960058e-05
3.000000000000000000000000000000e+01;3.492298923726562531744121997690e-02;3.198969754896105466279720985767e-02;-1.273281022133196556389567177803e-03;1.986463861021784182980809418950e+00;1.420212254142870111905949670472e+00;7.466966801783933016523064907233e-01;1.512843944920803651577045911836e-01;1.259893108725081882839913482997e-03;0.000000000000000000000000000000e+00;0.000000000000000000000000000000e+00;1.000000000000000000000000000000e+00;2.015179974606784272942242020044e-05
3.100000000000000000000000000000e+01;3.526639463697854581791801820145e-02;3.209533876770228472130597197065e-02;-1.288765393405014603872560385867e-03;1.987254305868584758343331486685e+00;1.362979152627819878773607342737e+00;7.466966801783933016523064907233e-01;1.512984223921698401227331487462e-01;1.316608925093767793260135512412e-03;0.000000000000000000000000000000e+00;0.000000000000000000000000000000e+00;1.000000000000000000000000000000e+00;2.112850473773242256005783223927e-05
3.200000000000000000000000000000e+01;3.560920372277712186992459919566e-02;3.220484357332271951879221205672e-02;-1.305009407352977941763061409119e-03;1.989487856546903410404070200457e+00;1.374325325021749311105168089853e+00;7.466966801783933016523064907233e-01;1.513127793716014246605539028678e-01;1.308723324214844559165715764948e-03;0.000000000000000000000000000000e+00;0.000000000000000000000000000000e+00;1.000000000000000000000000000000e+00;2.107361496854898768259743702114e-05
3.300000000000000000000000000000e+01;3.594280749394707097366108428105e-02;3.231278455851761127748389412773e-02;-1.321218197882902426962270503452e-03;1.986302538897225966607607006154e+00;1.425133432754910778328394371783e+00;7.466966801783933016523064907233e-01;1.513267447777734697744733693980e-01;1.268326157787055949097143603410e-03;0.000000000000000000000000000000e+00;0.000000000000000000000000000000e+00;1.000000000000000000000000000000e+00;2.049157494325277398695278607832e-05
3.400000000000000000000000000000e+01;3.629580540220617157487481563294e-02;3.241652747824698421741373977056e-02;-1.336984684242251662789069399651e-03;1.977351405480727297714338419610e+00;1.362978603808365551941506055300e+00;7.466966801783933016523064907233e-01;1.513399893222467373909978505253e-01;1.336444985727961928811957648122e-03;0.000000000000000000000000000000e+00;0.000000000000000000000000000000e+00;1.000000000000000000000000000000e+00;2.166145280150793964776129163496e-05
3.500000000000000000000000000000e+01;3.664476628693373594369830925643e-02;3.252492489740033132505914181820e-02;-1.353659837748310071359192363616e-03;1.977442556448740118568707657687e+00;1.389091853311257285241708814283e+00;7.466966801783933016523064907233e-01;1.513536385381715754228082460031e-01;1.315645705143983837381860269033e-03;0.000000000000000000000000000000e+00;0.000000000000000000000000000000e+00;1.000000000000000000000000000000e+00;2.139563887569768691615523792393e-05
3.600000000000000000000000000000e+01;3.700121048686698388419102911939e-02;3.263071043399265458440083875757e-02;-1.370135943592446555600039559408e-03;1.983319098784136924606968932494e+00;1.365988971421518316518017854833e+00;7.466966801783933016523064907233e-01;1.513667685595213585614260409784e-01;1.338271511059269591389919717983e-03;0.000000000000000000000000000000e+00;0.000000000000000000000000000000e+00;1.000000000000000000000000000000e+00;2.183437507971841483561496743970e-05
3.700000000000000000000000000000e+01;3.735832848779672976657906247056e-02;3.273737559108574196597984951040e-02;-1.386956463561351150098888140860e-03;1.986273506222457019276816936326e+00;1.371504474949268193029183748877e+00;7.466966801783933016523064907233e-01;1.513798136801284277552781531995e-01;1.335257643768154737010100951977e-03;0.000000000000000000000000000000e+00;0.000000000000000000000000000000e+00;1.000000000000000000000000000000e+00;2.185641549745312648398744281852e-05
3.800000000000000000000000000000e+01;3.772092357371367721263766270567e-02;3.284285427382791638928338784353e-02;-1.403799411712354809275704603522e-03;1.984369580424262036189020363963e+00;1.362052368069417873641668847995e+00;7.466966801783933016523064907233e-01;1.513925182280914105703573113715e-01;1.350149989581602132798776594313e-03;0.000000000000000000000000000000e+00;0.000000000000000000000000000000e+00;1.000000000000000000000000000000e+00;2.217138967781941941322110256607e-05
3.900000000000000000000000000000e+01;3.808917100434386360241489910550e-02;3.294854892368717647066489462304e-02;-8.171663865319685714216912941765e-05;1.983314181195615422126365956501e+00;1.351754309887259974942708140588e+00;5.403956615192149204318639021949e-01;7.799782284169748391988719049550e-02;1.365540241908591839042896864953e-03;0.000000000000000000000000000000e+00;0.000000000000000000000000000000e+00;0.000000000000000000000000000000e+00;2.249628473389443086751654510280e-05
4.000000000000000000000000000000e+01;3.843780069248681208193829661468e-02;3.305446577484794090651121223345e-02;-7.886469673383252976337637329962e-05;1.983986624178816438046624170966e+00;1.437593435913001371773134451360e+00;5.403956615192149204318639021949e-01;7.798684108860023944664874306909e-02;1.287694415062368624366739844334e-03;0.000000000000000000000000000000e+00;0.000000000000000000000000000000e+00;1.000000000000000000000000000000e+00;2.128202548557095327924973404699e-05
4.100000000000000000000000000000e+01;3.881467259983636952647145790252e-02;3.315343458093943096454125907258e-02;-7.615503354147323366966915170195e-05;1.979301957026889713375794599415e+00;1.342401977765768972261639646604e+00;5.403956615192149204318639021949e-01;7.797638382870554496495429930292e-02;1.386409034021293716978928678429e-03;0.000000000000000000000000000000e+00;0.000000000000000000000000000000e+00;1.000000000000000000000000000000e+00;2.298211060592419423980782566819e-05
4.200000000000000000000000000000e+01;3.916965199401539060586330265323e-02;3.325901225810082989520211071977e-02;-7.321562471231444048716530126342e-05;1.981815987158281888724786767852e+00;1.433522826746236544792623135436e+00;5.403956615192149204318639021949e-01;7.796501433322400309577915322734e-02;1.300765163723231971140692486699e-03;0.000000000000000000000000000000e+00;0.000000000000000000000000000000e+00;1.000000000000000000000000000000e+00;2.163108226259075520078907495236e-05
4.300000000000000000000000000000e+01;3.954264452071322433202027468724e-02;3.335713673783437249742434005384e-02;-7.043753434497818024118825919189e-05;1.980490540015230838122306522564e+00;1.374605344483938340616191453591e+00;5.403956615192149204318639021949e-01;7.795424446805326867959706760303e-02;1.361430435807652614479956731941e-03;0.000000000000000000000000000000e+00;0.000000000000000000000000000000e+00;1.000000000000000000000000000000e+00;2.270671060314266261666998891755e-05
4.400000000000000000000000000000e+01;3.991116294710857215211063930838e-02;3.345887959463423461103914746673e-02;-6.750892199410997028714842560504e-05;1.982106083479659996982036318514e+00;1.399837319817901715168773080222e+00;5.403956615192149204318639021949e-01;7.794286559444425777076759231932e-02;1.339875427484849956111245816714e-03;0.000000000000000000000000000000e+00;0.000000000000000000000000000000e+00;1.000000000000000000000000000000e+00;2.241536530001233751209673006333e-05
4.500000000000000000000000000000e+01;4.029465850501663670701901764915e-02;3.355805100584425409993016842236e-02;-6.460612749230552887252237992399e-05;1.963547945619176671172567694157e+00;1.367263513171136590784726649872e+00;5.403956615192149204318639021949e-01;7.793156135254372673948353167361e-02;1.388866445794533985291785427307e-03;0.000000000000000000000000000000e+00;0.000000000000000000000000000000e+00;1.000000000000000000000000000000e+00;2.330382551413929921265734412916e-05
4.600000000000000000000000000000e+01;4.068711204681264848037614001441e-02;3.365984667353820458668423043491e-02;-6.157584853588025149834228599843e-05;1.979459040480440190634681130177e+00;1.334638985563232127518062952731e+00;5.403956615192149204318639021949e-01;7.791973349838179907500546050869e-02;1.415661096905133356158024149352e-03;0.000000000000000000000000000000e+00;0.000000000000000000000000000000e+00;1.000000000000000000000000000000e+00;2.382546773175984777858385510463e-05
4.700000000000000000000000000000e+01;4.108271756573377009313929875134e-02;3.376255592724504428492338092838e-02;-5.846507450399474688403078648236e-05;1.978084990033482926108376886987e+00;1.334259567101241383824117292534e+00;5.403956615192149204318639021949e-01;7.790756272037310803391108038340e-02;1.421371274250526200999544812476e-03;0.000000000000000000000000000000e+00;0.000000000000000000000000000000e+00;1.000000000000000000000000000000e+00;2.399456357013147092646816738171e-05
4.800000000000000000000000000000e+01;4.147801430127624755517246057934e-02;3.386461220495820545473009133275e-02;-5.531971204927695257881625767737e-05;1.980078943116570400206910562702e+00;1.343249352539722885069295443827e+00;5.403956615192149204318639021949e-01;7.789522713188047620125331604868e-02;1.414700320838190722438909574521e-03;0.000000000000000000000000000000e+00;0.000000000000000000000000000000e+00;1.000000000000000000000000000000e+00;2.395413887570763716481324345775e-05
4.900000000000000000000000000000e+01;4.186665707275497028128086185461e-02;3.396512771943094310955757464399e-02;-5.437537361198570284859243884057e-04;1.980300533077259617087406695646e+00;1.375394462846259324706466031785e+00;3.542835044466886573744091037952e-01;6.407643637429197291943694381189e-02;1.385582426799029714600819396253e-03;0.000000000000000000000000000000e+00;0.000000000000000000000000000000e+00;0.000000000000000000000000000000e+00;2.353074204601405833986449422923e-05
5.000000000000000000000000000000e+01;4.227248292269625284944822851685e-02;3.406254731556875720022148357202e-02;-5.505789963315870297333454175259e-04;1.968167962475645849096395068045e+00;1.334217131413645507365117737208e+00;3.542835044466886573744091037952e-01;6.407316902005312508894263601178e-02;1.441271976875757414304768389002e-03;0.000000000000000000000000000000e+00;0.000000000000000000000000000000e+00;1.000000000000000000000000000000e+00;2.454669745346690652026966361632e-05
5.100000000000000000000000000000e+01;4.267341158724379662769976562231e-02;3.416280919145631839173304911128e-02;-5.577016345925687795456737738675e-04;1.973774422067300138294854150445e+00;1.355812749471070777218528746744e+00;3.542835044466886573744091037952e-01;6.406964885215987726141406710667e-02;1.418449359959703982847489811547e-03;0.000000000000000000000000000000e+00;0.000000000000000000000000000000e+00;1.000000000000000000000000000000e+00;2.422910741602335655056621455117e-05
5.200000000000000000000000000000e+01;4.307831984754877108212411940258e-02;3.426041204099450343534272178658e-02;-5.647337573190671462450285211787e-04;1.975497610818686577971448059543e+00;1.350237310746739360922674677568e+00;3.542835044466886573744091037952e-01;6.406606423430268038021750953703e-02;1.427129748270724316286384159014e-03;0.000000000000000000000000000000e+00;0.000000000000000000000000000000e+00;1.000000000000000000000000000000e+00;2.444702660585789248432093956342e-05
5.300000000000000000000000000000e+01;4.348459177139343129203652438264e-02;3.435754232812097963556396962304e-02;-5.718309129823279275683933775554e-04;1.973710810430948203730849854765e+00;1.355804112418986129284803610062e+00;3.542835044466886573744091037952e-01;6.406233793316043478860422055732e-02;1.426589798448146600637342906737e-03;0.000000000000000000000000000000e+00;0.000000000000000000000000000000e+00;1.000000000000000000000000000000e+00;2.450705969252388422246861920950e-05
5.400000000000000000000000000000e+01;4.389981602863570614436738992481e-02;3.445356419284134608105318875459e-02;-5.789469963663311253415644230813e-04;1.970895134723700703460735894623e+00;1.337179384355120514982218082878e+00;3.542835044466886573744091037952e-01;6.405849365160529162999125674105e-02;1.452574636929018520731249353162e-03;0.000000000000000000000000000000e+00;0.000000000000000000000000000000e+00;1.000000000000000000000000000000e+00;2.502318674916357866275587462646e-05
5.500000000000000000000000000000e+01;4.431048704220297285161223044270e-02;3.455023686230128399099470470901e-02;-5.862145748781215012779277628852e-04;1.975703420919463049187925207661e+00;1.357493696496087975944533354777e+00;3.542835044466886573744091037952e-01;6.405445730391395864344872279617e-02;1.431360229656954705448890230457e-03;0.000000000000000000000000000000e+00;0.000000000000000000000000000000e+00;1.000000000000000000000000000000e+00;2.472691748496287810128203832338e-05
5.600000000000000000000000000000e+01;4.473419309971816970605829055785e-02;3.464441297784675438675705549940e-02;-5.933970225566218914883820367834e-04;1.971765751997541560314175512758e+00;1.326850965058523623696373761049e+00;3.542835044466886573744091037952e-01;6.405036018960784394149499121340e-02;1.471340650352294821684440151444e-03;0.000000000000000000000000000000e+00;0.000000000000000000000000000000e+00;1.000000000000000000000000000000e+00;2.548686656094925850847207615679e-05
5.700000000000000000000000000000e+01;4.515369020797140725553830975514e-02;3.474010203234961791096679917246e-02;-6.008016202665588008369201844516e-04;1.976237224245230628127956151729e+00;1.345730351772465471782425083802e+00;3.542835044466886573744091037952e-01;6.404602532355491151250248549331e-02;1.451414499002123955836984769974e-03;0.000000000000000000000000000000e+00;0.000000000000000000000000000000e+00;1.000000000000000000000000000000e+00;2.521114389328270549532617916810e-05
5.800000000000000000000000000000e+01;4.557569842058988018873577630075e-02;3.483338407737024411403581325430e-02;-6.081266771696132011210123025080e-04;1.969981876210743720889695396181e+00;1.350428565084299314946747472277e+00;3.542835044466886573744091037952e-01;6.404162748296091112187866656313e-02;1.454853664969686611804777776058e-03;0.000000000000000000000000000000e+00;0.000000000000000000000000000000e+00;1.000000000000000000000000000000e+00;2.533873824412941942545683671195e-05
5.900000000000000000000000000000e+01;4.598945981851580017130132205239e-02;3.492578271079273266597198244199e-02;-9.673145253098769120320143954928e-05;1.971651400703091860933113821375e+00;1.384673761014329818053170129133e+00;4.127164682139625728751752831158e-01;6.106345869671127996047843566885e-02;1.421431855342951758314207211242e-03;0.000000000000000000000000000000e+00;0.000000000000000000000000000000e+00;0.000000000000000000000000000000e+00;2.482231005895345097114236543323e-05
6.000000000000000000000000000000e+01;4.642965468786997701444718700259e-02;3.501499104441098408901922311998e-02;-9.474392276883912057151848618020e-05;1.972073580747817800329357851297e+00;1.309257993632338523681823971856e+00;4.127164682139625728751752831158e-01;6.105449273147210698109432769343e-02;1.506826193339771665161141989131e-03;0.000000000000000000000000000000e+00;0.000000000000000000000000000000e+00;1.000000000000000000000000000000e+00;2.638075283263800036546997684894e-05
6.100000000000000000000000000000e+01;4.685486292408401476361490267664e-02;3.510841424305850833054165605063e-02;-9.262238980148431225208199846222e-05;1.969667685181167193775308987824e+00;1.365463737284376311009737037239e+00;4.127164682139625728751752831158e-01;6.104488931926502215397078998649e-02;1.450425991347252746913043530697e-03;0.000000000000000000000000000000e+00;0.000000000000000000000000000000e+00;1.000000000000000000000000000000e+00;2.546107826655907201357856295409e-05
6.200000000000000000000000000000e+01;4.727454777696782350915327697294e-02;3.519722391400789685000916051649e-02;-9.056644621860396380912117120232e-05;1.970498561779933766047179233283e+00;1.391057094116852965726138791069e+00;4.127164682139625728751752831158e-01;6.103555056836012376875189033854e-02;1.426739956275566547153066387921e-03;0.000000000000000000000000000000e+00;0.000000000000000000000000000000e+00;1.000000000000000000000000000000e+00;2.510864285404647527726040845408e-05
6.300000000000000000000000000000e+01;4.772122010134988157048496759671e-02;3.528351822392626624402822699267e-02;-8.853103865141575049262784302684e-05;1.954379343193199725092767948809e+00;1.325625705430074630086778597615e+00;4.127164682139625728751752831158e-01;6.102627403760089996875848328273e-02;1.513211361069833520501259904734e-03;0.000000000000000000000000000000e+00;0.000000000000000000000000000000e+00;1.000000000000000000000000000000e+00;2.669571031747987476423662756009e-05
6.400000000000000000000000000000e+01;4.817201845176308228069217420853e-02;3.537389591401607358278624815284e-02;-8.635825489783904428554156540443e-05;1.966153709127046678162287207670e+00;1.313572426893843569928321812768e+00;4.127164682139625728751752831158e-01;6.101633750040846848605724517256e-02;1.521839645090680183392439772661e-03;0.000000000000000000000000000000e+00;0.000000000000000000000000000000e+00;1.000000000000000000000000000000e+00;2.691669860163044031460544136536e-05
6.500000000000000000000000000000e+01;4.862778973313791608390488363511e-02;3.546359739436367314313613974264e-02;-8.415886664253513656762384353982e-05;1.945166967091410237244986092264e+00;1.321191399501546293038245494245e+00;4.127164682139625728751752831158e-01;6.100624383803618377974942177389e-02;1.533266527682234639171077184017e-03;0.000000000000000000000000000000e+00;0.000000000000000000000000000000e+00;1.000000000000000000000000000000e+00;2.718757341798837392837437376691e-05
6.600000000000000000000000000000e+01;4.907822454045093762964313555131e-02;3.555276708159900433958711118976e-02;-8.192880101553796229341131152069e-05;1.966438906468074288014236117306e+00;1.330245580682011485862403787905e+00;4.127164682139625728751752831158e-01;6.099597315608158015765027926136e-02;1.510144882095147515765898305062e-03;0.000000000000000000000000000000e+00;0.000000000000000000000000000000e+00;1.000000000000000000000000000000e+00;2.684491462629879314884598362489e-05
6.700000000000000000000000000000e+01;4.953129030014637168566338232267e-02;3.563941101382699094823891527994e-02;-7.971875790880682515881366922983e-05;1.953799000540376251677798791206e+00;1.338820487641808831824619119288e+00;4.127164682139625728751752831158e-01;6.098575887049322019617392243163e-02;1.513860216124188759825863748176e-03;0.000000000000000000000000000000e+00;0.000000000000000000000000000000e+00;1.000000000000000000000000000000e+00;2.697654322996545999497827739155e-05
6.800000000000000000000000000000e+01;4.999071885590652963848867784691e-02;3.572509597563212901949469824103e-02;-7.748994372443201864367190445648e-05;1.962857612768627468824433890404e+00;1.321769804725225538888366827450e+00;4.127164682139625728751752831158e-01;6.097542187747857778123972138928e-02;1.529981824789294073477230462288e-03;0.000000000000000000000000000000e+00;0.000000000000000000000000000000e+00;1.000000000000000000000000000000e+00;2.732937376578515299382389491800e-05
6.900000000000000000000000000000e+01;5.045717784640535441553765849676e-02;3.581050482693695635738606597442e-02;-1.527361852217456788995825212041e-04;1.972036773059028913479551192722e+00;1.303244457395583699721441917063e+00;7.802478739383053030209680400731e-01;1.154264939666039130328201167686e-01;1.548199911457929633246122236301e-03;0.000000000000000000000000000000e+00;0.000000000000000000000000000000e+00;0.000000000000000000000000000000e+00;2.772091020116377048355081613717e-05
7.000000000000000000000000000000e+01;5.089893890182073388217531828559e-02;3.589571788386213685440040421781e-02;-1.484582198178979002209376680810e-04;1.967915513588582410164917746442e+00;1.386674991874261575475202334928e+00;7.802478739383053030209680400731e-01;1.154063788197915163546980465981e-01;1.461567916766203954412328691603e-03;0.000000000000000000000000000000e+00;0.000000000000000000000000000000e+00;1.000000000000000000000000000000e+00;2.623201480417187449450250325000e-05
7.100000000000000000000000000000e+01;5.135189666513929884761324728970e-02;3.597504234317419613553568069619e-02;-1.443970041448878495731616977693e-04;1.962983631720529142938858058187e+00;1.363070795089373454800352192251e+00;7.802478739383053030209680400731e-01;1.153872152801067446636906765889e-01;1.493907519600807740078884933155e-03;0.000000000000000000000000000000e+00;0.000000000000000000000000000000e+00;1.000000000000000000000000000000e+00;2.687169313721269307436087525609e-05
7.200000000000000000000000000000e+01;5.183051106346413944292450537432e-02;3.605500563989543633125478550028e-02;-1.402234092103141010164646385050e-04;1.953857075093742734495094737213e+00;1.303131229341026875445663790742e+00;7.802478739383053030209680400731e-01;1.153674531367447908536405520863e-01;1.573410752776265497318575192764e-03;0.000000000000000000000000000000e+00;0.000000000000000000000000000000e+00;1.000000000000000000000000000000e+00;2.836466678261019287287519885510e-05
7.300000000000000000000000000000e+01;5.229008211337847489286190239000e-02;3.613800979624719883487315996717e-02;-1.358034660775631139850022632842e-04;1.966210330158780772435989092628e+00;1.355964151938775508199341857107e+00;7.802478739383053030209680400731e-01;1.153464492517609768507114154090e-01;1.506064390861959218642640578878e-03;0.000000000000000000000000000000e+00;0.000000000000000000000000000000e+00;1.000000000000000000000000000000e+00;2.721308485537428202625902240452e-05
7.400000000000000000000000000000e+01;5.278043148999406880550466780733e-02;3.621629175324534571922541204003e-02;-1.315501937806457443888574765367e-04;1.960248509881531209231297907536e+00;1.281590727146467267871798867418e+00;7.802478739383053030209680400731e-01;1.153261644980088929113293261253e-01;1.601773048155124981942187822881e-03;0.000000000000000000000000000000e+00;0.000000000000000000000000000000e+00;1.000000000000000000000000000000e+00;2.900514001723555914638748298717e-05
7.500000000000000000000000000000e+01;5.326396581381904332674892543764e-02;3.629830428649816198571897984948e-02;-1.270026015396225852350370333355e-04;1.963307957411442705719650803076e+00;1.304708131410163396424195525469e+00;7.802478739383053030209680400731e-01;1.153043971791579691554829878442e-01;1.574497703989148449099655380223e-03;0.000000000000000000000000000000e+00;0.000000000000000000000000000000e+00;1.000000000000000000000000000000e+00;2.857579837889541451989572351522e-05
7.600000000000000000000000000000e+01;5.375505526988667154286716254319e-02;3.637766961365408030504298153573e-02;-1.225090934723873032155538886911e-04;1.962471404199340518914596032118e+00;1.292059739993121958434585394571e+00;7.802478739383053030209680400731e-01;1.152828088341695533802777617893e-01;1.594066494139175860569879183970e-03;0.000000000000000000000000000000e+00;0.000000000000000000000000000000e+00;1.000000000000000000000000000000e+00;2.899421213299539470042640032510e-05
7.700000000000000000000000000000e+01;5.423338076685574327129302218964e-02;3.645676463147835832945276024475e-02;-1.179365655271942103093918419177e-04;1.964370745990877686892872588942e+00;1.332195280081366783875296277984e+00;7.802478739383053030209680400731e-01;1.152607594760506060094229496826e-01;1.547904869500729349574008608670e-03;0.000000000000000000000000000000e+00;0.000000000000000000000000000000e+00;1.000000000000000000000000000000e+00;2.821580174965365321636603934685e-05
7.800000000000000000000000000000e+01;5.472643644388904687891894695895e-02;3.653236103781798416179071864462e-02;-1.134747780561731647468171058080e-04;1.957221088881591519736957707210e+00;1.303778268314244037640037277015e+00;7.802478739383053030209680400731e-01;1.152391651247470782948312262306e-01;1.590712182413060119673398062901e-03;0.000000000000000000000000000000e+00;0.000000000000000000000000000000e+00;1.000000000000000000000000000000e+00;2.905623587758464349125805958884e-05
7.900000000000000000000000000000e+01;5.521436221173450786814385082835e-02;3.660881594406397571139777369353e-02;3.649910599824524384815482846989e-04;1.963588142182781437483640729624e+00;1.319914338018999266921582602663e+00;6.834241358176761371723273441603e-01;9.592911054147189309215804087216e-02;1.569448342537220790135488179828e-03;0.000000000000000000000000000000e+00;0.000000000000000000000000000000e+00;0.000000000000000000000000000000e+00;2.872782275283069283039472097130e-05
8.000000000000000000000000000000e+01;5.570705970883826907424918317702e-02;3.668302708112034654641675501807e-02;3.724708520405783538850807978804e-04;1.959813504439695597270088001096e+00;1.316198789310689232223694489221e+00;6.834241358176761371723273441603e-01;9.590114024455423380466356775287e-02;1.580106734555219560184324834040e-03;0.000000000000000000000000000000e+00;0.000000000000000000000000000000e+00;1.000000000000000000000000000000e+00;2.898154906737488201748202676367e-05
8.100000000000000000000000000000e+01;5.620617779721555351546413703545e-02;3.675652229201997744922891797614e-02;3.800215558582428158201915735503e-04;1.958958446068907122139535204042e+00;1.306287375067607836598426729324e+00;6.834241358176761371723273441603e-01;9.587285447520986492175865123500e-02;1.595981861783662232243119483144e-03;0.000000000000000000000000000000e+00;0.000000000000000000000000000000e+00;1.000000000000000000000000000000e+00;2.933137144015536768243759824237e-05
8.200000000000000000000000000000e+01;5.672989758459197340290103284133e-02;3.682951852364149680774119133275e-02;3.876680366439371003967062634388e-04;1.958205339975496173110514064319e+00;1.251650951856648763538260027417e+00;6.834241358176761371723273441603e-01;9.584415768723188178146443760852e-02;1.669598582573572067774825278264e-03;0.000000000000000000000000000000e+00;0.000000000000000000000000000000e+00;1.000000000000000000000000000000e+00;3.074525596196947920587388969338e-05
8.300000000000000000000000000000e+01;5.724964060220101569331774271632e-02;3.690455856334274448160570614164e-02;3.956882271606087879932400763749e-04;1.942797206773505092058940135757e+00;1.277624757279450573577150862548e+00;6.834241358176761371723273441603e-01;9.581400112281460157426238311018e-02;1.651987345460903750318792937435e-03;0.000000000000000000000000000000e+00;0.000000000000000000000000000000e+00;1.000000000000000000000000000000e+00;3.048293186823152286666835375506e-05
8.400000000000000000000000000000e+01;5.777268867759495496461141783584e-02;3.697747763990226477215372824503e-02;4.036439371272220388506268839990e-04;1.956761811431995345955670018157e+00;1.266699608940893062580812511442e+00;6.834241358176761371723273441603e-01;9.578402827345358638844174947735e-02;1.657613111220510720977827645584e-03;0.000000000000000000000000000000e+00;0.000000000000000000000000000000e+00;1.000000000000000000000000000000e+00;3.064717587788262431270150387697e-05
8.500000000000000000000000000000e+01;5.829287327428736564804978570464e-02;3.704932272544894655830205465463e-02;4.116462859121647614897565592429e-04;1.962149660554862506955942080822e+00;1.276312660168195556309456151212e+00;6.834241358176761371723273441603e-01;9.575381987873746170158995028032e-02;1.643798414195554507752361494965e-03;0.000000000000000000000000000000e+00;0.000000000000000000000000000000e+00;1.000000000000000000000000000000e+00;3.045080897155615033537225111449e-05
8.600000000000000000000000000000e+01;5.881528949882906809332183684091e-02;3.711926627536097506032675141796e-02;4.196005551730747832987755696621e-04;1.952904159011302320791969577840e+00;1.282919878780124589567890325270e+00;6.834241358176761371723273441603e-01;9.572373270417042223634496167506e-02;1.646176542202355992661200190241e-03;0.000000000000000000000000000000e+00;0.000000000000000000000000000000e+00;1.000000000000000000000000000000e+00;3.055243270313112626673790472864e-05
8.700000000000000000000000000000e+01;5.933337010091582763848805370799e-02;3.718801748372750626270288876185e-02;4.275843328726278494422707865397e-04;1.954548081948537907592822193692e+00;1.298553951932122529910884622950e+00;6.834241358176761371723273441603e-01;9.569347267860518757576215875815e-02;1.627999098981655970441728698006e-03;0.000000000000000000000000000000e+00;0.000000000000000000000000000000e+00;1.000000000000000000000000000000e+00;3.027102947821122539058015521451e-05
8.800000000000000000000000000000e+01;5.987186983946203577833244935391e-02;3.725474171828223324265394467147e-02;4.354969667042369024095860297052e-04;1.954062700243704098213015640795e+00;1.255379476016472040100779850036e+00;6.834241358176761371723273441603e-01;9.566342098398165905148715637552e-02;1.687429076898863200897893399599e-03;0.000000000000000000000000000000e+00;0.000000000000000000000000000000e+00;1.000000000000000000000000000000e+00;3.143236721389327875068181450402e-05
8.900000000000000000000000000000e+01;6.040039449775019830823907796002e-02;3.732258014120181516259933118818e-02;5.367033348629462108023147060010e-04;1.953795048188839533764848965802e+00;1.285083380070680014739537000423e+00;6.777352994789931361907520113164e-01;9.467171625473949636564441334485e-02;1.651653105741156821531512299828e-03;0.000000000000000000000000000000e+00;0.000000000000000000000000000000e+00;0.000000000000000000000000000000e+00;3.082197770224459225157573327714e-05
9.000000000000000000000000000000e+01;6.093364161642866871915202864329e-02;3.738768071768309997349177820070e-02;5.454239430472268557181791948096e-04;1.950686015530091577119264911744e+00;1.281403277389757011661686192383e+00;6.777352994789931361907520113164e-01;9.464070421379874864520331811946e-02;1.661930334388530584865950601170e-03;0.000000000000000000000000000000e+00;0.000000000000000000000000000000e+00;1.000000000000000000000000000000e+00;3.106786035857533683456066508910e-05
9.100000000000000000000000000000e+01;6.147383888517442274146418412784e-02;3.745189675599179535137039920301e-02;5.542146193771032387440089728159e-04;1.961787725989390995806616047048e+00;1.263295802061623174239457512158e+00;6.777352994789931361907520113164e-01;9.460937183719808629689396184403e-02;1.679091031905433550538986331446e-03;0.000000000000000000000000000000e+00;0.000000000000000000000000000000e+00;1.000000000000000000000000000000e+00;3.144257198541701274225462769962e-05
9.200000000000000000000000000000e+01;6.201554207455350908873015214340e-02;3.751546905937827580679311267886e-02;5.631115272604819482413218700856e-04;1.952665253431816072549054297269e+00;1.271169797202751139408860581170e+00;6.777352994789931361907520113164e-01;9.457758731511764493937732822815e-02;1.679331783143110309874934671370e-03;0.000000000000000000000000000000e+00;0.000000000000000000000000000000e+00;1.000000000000000000000000000000e+00;3.150045977546794893735249143418e-05
9.300000000000000000000000000000e+01;6.257103079283100888208224432674e-02;3.757774297581707029225484006929e-02;5.720245070951730055261452712045e-04;1.958594639443018259328255226137e+00;1.241203779460896328146191081032e+00;6.777352994789931361907520113164e-01;9.454567045332265551316197615961e-02;1.717514970799999046366379751305e-03;0.000000000000000000000000000000e+00;0.000000000000000000000000000000e+00;1.000000000000000000000000000000e+00;3.227016806492016999649216635326e-05
9.400000000000000000000000000000e+01;6.309813785571366517856972677691e-02;3.764008872172631969821310349289e-02;5.811549247977330348233215850939e-04;1.958858912621991965608003738453e+00;1.313308259896269980515626230044e+00;6.777352994789931361907520113164e-01;9.451289639091096927980828468208e-02;1.625692103921526528165220071287e-03;0.000000000000000000000000000000e+00;0.000000000000000000000000000000e+00;1.000000000000000000000000000000e+00;3.059559751290808290611830666528e-05
9.500000000000000000000000000000e+01;6.365382055911344982845889717282e-02;3.769785213403718110436457777723e-02;5.898097795226881021740661381614e-04;1.941693604229704162023040225904e+00;1.261917176729490108755271648988e+00;6.777352994789931361907520113164e-01;9.448175522160059958132194424252e-02;1.709474178764681115763601759738e-03;0.000000000000000000000000000000e+00;0.000000000000000000000000000000e+00;1.000000000000000000000000000000e+00;3.222175240901280207769449837052e-05
9.600000000000000000000000000000e+01;6.419835388521749619528122821066e-02;3.775729461717931834119355016810e-02;5.989239944110896166767910031581e-04;1.951618936660550973627437087998e+00;1.286404862934816151209815870970e+00;6.777352994789931361907520113164e-01;9.444888239637622140421058247739e-02;1.671035447648997048983310342862e-03;0.000000000000000000000000000000e+00;0.000000000000000000000000000000e+00;1.000000000000000000000000000000e+00;3.154688885631664685763042577094e-05
9.700000000000000000000000000000e+01;6.475104838718030719757479118925e-02;3.781411809531797646455331118887e-02;6.078452695170634845905910381703e-04;1.955155713435653197507235745434e+00;1.270129588784677521218213769316e+00;6.777352994789931361907520113164e-01;9.441662635999498176531119497668e-02;1.691928795706812383922712506035e-03;0.000000000000000000000000000000e+00;0.000000000000000000000000000000e+00;1.000000000000000000000000000000e+00;3.198939764486325977805095122086e-05
9.800000000000000000000000000000e+01;6.533701793429608217778081780125e-02;3.787036942634544600672086289705e-02;6.168897864420651386968552642998e-04;1.932751561534549411547345698636e+00;1.216771311029785973545358501724e+00;6.777352994789931361907520113164e-01;9.438384403787994370027547574864e-02;1.789254169971080284107234348312e-03;0.000000000000000000000000000000e+00;0.000000000000000000000000000000e+00;1.000000000000000000000000000000e+00;3.387985820721694667266923883808e-05
9.900000000000000000000000000000e+01;6.588198997112790222807632289914e-02;3.792846280616258419771114063224e-02;3.784023230732402117044987921446e-04;1.946892859821438337419863273681e+00;1.303864386663043273273387967492e+00;7.190440973615339625979459015070e-01;1.006086895216096455119014763113e-01;1.660153542784901159121146996256e-03;0.000000000000000000000000000000e+00;0.000000000000000000000000000000e+00;0.000000000000000000000000000000e+00;3.148353595001809299451164814165e-05
1.000000000000000000000000000000e+02;6.644787561031205436190560931209e-02;3.798108477199430010884384500969e-02;3.858062189589552817489681579843e-04;1.939770516529755406409663009981e+00;1.265019375685862756952815288969e+00;7.190440973615339625979459015070e-01;1.005764459600419907792101525956e-01;1.719797540463457313775208490370e-03;0.000000000000000000000000000000e+00;0.000000000000000000000000000000e+00;1.000000000000000000000000000000e+00;3.265988808750494359553484535752e-05
1.010000000000000000000000000000e+02;6.700825680137359463550694727019e-02;3.803431120050965175138912854891e-02;3.934870831502470319047948255076e-04;1.944483721630243522326964011882e+00;1.279083641726185716080976817466e+00;7.190440973615339625979459015070e-01;1.005429138262922961200018789896e-01;1.699142448269491028137179178259e-03;0.000000000000000000000000000000e+00;0.000000000000000000000000000000e+00;1.000000000000000000000000000000e+00;3.231285632573884577124073702592e-05
1.020000000000000000000000000000e+02;6.758411770960126574436799273826e-02;3.808561866961004960252523687814e-02;4.010857539946863746516125814878e-04;1.926163297678684216407418716699e+00;1.261150531272018593398343000445e+00;7.190440973615339625979459015070e-01;1.005096569616947960179587084895e-01;1.742041411819791971865578616985e-03;0.000000000000000000000000000000e+00;0.000000000000000000000000000000e+00;1.000000000000000000000000000000e+00;3.317336245861885992347248275358e-05
1.030000000000000000000000000000e+02;6.815505220166556687999559471791e-02;3.813691082091273665266584202982e-02;4.088862725523232819965779860638e-04;1.951152715880821508775966321991e+00;1.260277221442044570665075298166e+00;7.190440973615339625979459015070e-01;1.004754291752548295280078605174e-01;1.723239544966916536247736324583e-03;0.000000000000000000000000000000e+00;0.000000000000000000000000000000e+00;1.000000000000000000000000000000e+00;3.285951642473675994061965699444e-05
1.040000000000000000000000000000e+02;6.874973583388749309719401026086e-02;3.818635036426303031031892487590e-02;4.166117068546225225313117679349e-04;1.949384445783055364032065881474e+00;1.215399786551567107295568348491e+00;7.190440973615339625979459015070e-01;1.004414424284854057134452887112e-01;1.790807857543556726870326301082e-03;0.000000000000000000000000000000e+00;0.000000000000000000000000000000e+00;1.000000000000000000000000000000e+00;3.419220814161674922796591014063e-05
1.050000000000000000000000000000e+02;6.933969824174943119565739380050e-02;3.823637054205263063888509122989e-02;4.246493472372615471388535013375e-04;1.943546471487791471588479907950e+00;1.233176893185998768132094483008e+00;7.190440973615339625979459015070e-01;1.004059876554626029587780067232e-01;1.772612650351188716760231223191e-03;0.000000000000000000000000000000e+00;0.000000000000000000000000000000e+00;1.000000000000000000000000000000e+00;3.388913706317901698098632445877e-05
1.060000000000000000000000000000e+02;6.991317342802431944459584656215e-02;3.828452632939897959385433523494e-02;4.326136496361877121705208359970e-04;1.951511141164406160086741692794e+00;1.267752260838937550246896535100e+00;7.190440973615339625979459015070e-01;1.003707601554381934061410674985e-01;1.719393735347683836028886972258e-03;0.000000000000000000000000000000e+00;0.000000000000000000000000000000e+00;1.000000000000000000000000000000e+00;3.291308736576103012930194502417e-05
1.070000000000000000000000000000e+02;7.049400378155126767332205872663e-02;3.832995510221658130856070556547e-02;4.403460039262621357296356716660e-04;1.944298572819835424496659470606e+00;1.260494141005622736884106416255e+00;7.190440973615339625979459015070e-01;1.003364658710785561890332928670e-01;1.737768867094402567424760164272e-03;0.000000000000000000000000000000e+00;0.000000000000000000000000000000e+00;1.000000000000000000000000000000e+00;3.330430132687910979366260888490e-05
1.080000000000000000000000000000e+02;7.108254533939159514055461386306e-02;3.837459760151142734718732185684e-02;4.481678362669689968077191277729e-04;1.953166707387783418425897252746e+00;1.242377032722725926916496064223e+00;7.190440973615339625979459015070e-01;1.003016807017883954555870218428e-01;1.757149033297159467989501102636e-03;0.000000000000000000000000000000e+00;0.000000000000000000000000000000e+00;1.000000000000000000000000000000e+00;3.371494353933166356930561935457e-05
1.090000000000000000000000000000e+02;7.169614887211100962005616565875e-02;3.841844673528914400062461709240e-02;6.817711247951343655343547922598e-04;1.923180690643883306023553814157e+00;1.214188709174261804335515080311e+00;7.098818779053619465457813930698e-01;9.870111902528935776679475111450e-02;1.828062386749570175994983323164e-03;0.000000000000000000000000000000e+00;0.000000000000000000000000000000e+00;0.000000000000000000000000000000e+00;3.511565871706195365777730676982e-05
1.100000000000000000000000000000e+02;7.230517006319690798132882036953e-02;3.846269812766951734506193361085e-02;6.916085544599999629725162186844e-04;1.948692097327124006511667175801e+00;1.211220475536177509923163597705e+00;7.098818779053619465457813930698e-01;9.866261387813993199991102756030e-02;1.810634574612114168490339949358e-03;0.000000000000000000000000000000e+00;0.000000000000000000000000000000e+00;1.000000000000000000000000000000e+00;3.482094553141353661298434962745e-05
1.110000000000000000000000000000e+02;7.292115580786145967451261640235e-02;3.850516094333805011684646046888e-02;7.013566182696472691565636736755e-04;1.938600750695026686543087635073e+00;1.207572121531633957403073509340e+00;7.098818779053619465457813930698e-01;9.862434805591577258176982923032e-02;1.827574033083499910681823941161e-03;0.000000000000000000000000000000e+00;0.000000000000000000000000000000e+00;1.000000000000000000000000000000e+00;3.518551613987280123540743459465e-05
1.120000000000000000000000000000e+02;7.354620285634461129831151993130e-02;3.854665255758017022857941924485e-02;7.111997766711573246839472872693e-04;1.929587229029723793871653469978e+00;1.199360724122017440862464354723e+00;7.098818779053619465457813930698e-01;9.858559616833344196873412101922e-02;1.850673988959513835417247662463e-03;0.000000000000000000000000000000e+00;0.000000000000000000000000000000e+00;1.000000000000000000000000000000e+00;3.566864362488666816532537073847e-05
1.130000000000000000000000000000e+02;7.416540649125324957680049919873e-02;3.858727811574109295422729815073e-02;7.211706233840533978099451850596e-04;1.948698366941282067443808045937e+00;1.202448023609389515797829517396e+00;7.098818779053619465457813930698e-01;9.854622480751529245424080727389e-02;1.829745558837105523161681297495e-03;0.000000000000000000000000000000e+00;0.000000000000000000000000000000e+00;1.000000000000000000000000000000e+00;3.530245037994473911212647831981e-05
1.140000000000000000000000000000e+02;7.479573262522229426529918328015e-02;3.862607817937871446112296780484e-02;7.310310048307607248482820061497e-04;1.946989160979060606848634051858e+00;1.185787579573877259520031657303e+00;7.098818779053619465457813930698e-01;9.850717282153659271060064384073e-02;1.858949855097776372031548319796e-03;0.000000000000000000000000000000e+00;0.000000000000000000000000000000e+00;1.000000000000000000000000000000e+00;3.590197121727572488912236248204e-05
1.150000000000000000000000000000e+02;7.542284473501252584082266139376e-02;3.866411818422583329679653729727e-02;7.410506107987098294020977817809e-04;1.947879446127377178754613851197e+00;1.194778632649617033933964194148e+00;7.098818779053619465457813930698e-01;9.846736996511668005283013371809e-02;1.845933613325888246123329672344e-03;0.000000000000000000000000000000e+00;0.000000000000000000000000000000e+00;1.000000000000000000000000000000e+00;3.568569769293359299341603096956e-05
1.160000000000000000000000000000e+02;7.605746914007635584020761143620e-02;3.870052600091941630289227305184e-02;7.510009606120030684062172099402e-04;1.944283789983063837070176305133e+00;1.186174961536793137639733686228e+00;7.098818779053619465457813930698e-01;9.842772098341535935706048121574e-02;1.864515295991543957637714967746e-03;0.000000000000000000000000000000e+00;0.000000000000000000000000000000e+00;1.000000000000000000000000000000e+00;3.607886134581636371080129443989e-05
1.170000000000000000000000000000e+02;7.668113691568687051436370438751e-02;3.873593012946058289358575166261e-02;7.610518112830867189233519098934e-04;1.941936125016222369765728217317e+00;1.211777008977286129720596363768e+00;7.098818779053619465457813930698e-01;9.838754757303007358881785648919e-02;1.829000524871928368836337952530e-03;0.000000000000000000000000000000e+00;0.000000000000000000000000000000e+00;1.000000000000000000000000000000e+00;3.542401826909287470722051405225e-05
1.180000000000000000000000000000e+02;7.732755115295922299090136675659e-02;3.876933163466092513438354671962e-02;7.709105770938374287831740261367e-04;1.945022525109664446318902264466e+00;1.170437377600139994271444265905e+00;7.098818779053619465457813930698e-01;9.834801961724790042573829396133e-02;1.892225918909980642707013842596e-03;0.000000000000000000000000000000e+00;0.000000000000000000000000000000e+00;1.000000000000000000000000000000e+00;3.668016708896102237190059436323e-05
1.190000000000000000000000000000e+02;7.794890505118300116915719399913e-02;3.880251615848040458445211697835e-02;8.643597964661583078066486862667e-04;1.939599617721811775084006512770e+00;1.224199382208081443579317237891e+00;7.805982096982135853835416128277e-01;1.080975151563648706254383569103e-01;1.815737793096249257790431030912e-03;0.000000000000000000000000000000e+00;0.000000000000000000000000000000e+00;0.000000000000000000000000000000e+00;3.522759752809038178746059433166e-05
1.200000000000000000000000000000e+02;7.857486683121439607901947965729e-02;3.883305621752176223226982187953e-02;8.751551521644900660801269509648e-04;1.929444719795539553430785417731e+00;1.224619569927095641403980152973e+00;7.805982096982135853835416128277e-01;1.080540677704433655259563806794e-01;1.826104078759394891071088373735e-03;0.000000000000000000000000000000e+00;0.000000000000000000000000000000e+00;1.000000000000000000000000000000e+00;3.545660117475468573649058368069e-05
1.210000000000000000000000000000e+02;7.922024218577385090700460068547e-02;3.886249537750856297702028996355e-02;8.860094297889266638443284129778e-04;1.936921033552011728318120731274e+00;1.186117972754980876004538004054e+00;7.805982096982135853835416128277e-01;1.080102466351926526755278246128e-01;1.879526148031537401833501732540e-03;0.000000000000000000000000000000e+00;0.000000000000000000000000000000e+00;1.000000000000000000000000000000e+00;3.652153811989104558810917411371e-05
1.220000000000000000000000000000e+02;7.986397726829629062361703972783e-02;3.889147179684736971294611862504e-02;8.971778917385200271747414113577e-04;1.931829930884277679581373377005e+00;1.195143406344705727661903438275e+00;7.805982096982135853835416128277e-01;1.079650126115740960131006431766e-01;1.871642761519317840757103965643e-03;0.000000000000000000000000000000e+00;0.000000000000000000000000000000e+00;1.000000000000000000000000000000e+00;3.639547083670104809681108970487e-05
1.230000000000000000000000000000e+02;8.047114420674991719373281284788e-02;3.891900232553630739618100164989e-02;9.082950240320506992211524455172e-04;2.000000000000000444089209850063e+00;1.226661486595689520839869146585e+00;7.805982096982135853835416128277e-01;1.079198394673054478554163893023e-01;1.762643418327017276123203082250e-03;0.000000000000000000000000000000e+00;0.000000000000000000000000000000e+00;1.000000000000000000000000000000e+00;3.430016164848022580755732002800e-05
1.240000000000000000000000000000e+02;8.111041327248186272314001143968e-02;3.894373009840666755021487688282e-02;9.187594259158129300635309277823e-04;1.931534250772355854053330403985e+00;1.209026660528597085786373099836e+00;7.805982096982135853835416128277e-01;1.078771832396402674536517451997e-01;1.852920327953994561118178374670e-03;0.000000000000000000000000000000e+00;0.000000000000000000000000000000e+00;1.000000000000000000000000000000e+00;3.607981457284576456675043165667e-05
1.250000000000000000000000000000e+02;8.177413650469331218850754794403e-02;3.896848310715537305748412677531e-02;9.297546398180337075267676283374e-04;1.895363929240070799409068058594e+00;1.189348415998002783666720461042e+00;7.805982096982135853835416128277e-01;1.078322203846884819178342240775e-01;1.920743098932156884064981205995e-03;0.000000000000000000000000000000e+00;0.000000000000000000000000000000e+00;1.000000000000000000000000000000e+00;3.742422250196151634147462283764e-05
1.260000000000000000000000000000e+02;8.242384862531410005814791475132e-02;3.899281023804441331792602909445e-02;9.411458529105382053714379253506e-04;1.932694375948682319332760926045e+00;1.194069592742024177312032406917e+00;7.805982096982135853835416128277e-01;1.077854821888772629545627523839e-01;1.877367108797225363561733679774e-03;0.000000000000000000000000000000e+00;0.000000000000000000000000000000e+00;1.000000000000000000000000000000e+00;3.660190971023814674118260215074e-05
1.270000000000000000000000000000e+02;8.308883695509625133546194319933e-02;3.901528793855428556280884322405e-02;9.522721010872207264563726880624e-04;1.928161074483008663449368214060e+00;1.171822426761640167924838351610e+00;7.805982096982135853835416128277e-01;1.077396763189339135013966597398e-01;1.918612150103107556048387394299e-03;0.000000000000000000000000000000e+00;0.000000000000000000000000000000e+00;1.000000000000000000000000000000e+00;3.742760273934073048454629351056e-05
1.280000000000000000000000000000e+02;8.372656945149578588960537217645e-02;3.903694453266080138797988752231e-02;9.636346336028610379959014053952e-04;1.990795486441486294992841976637e+00;1.185769179599561740090507555578e+00;7.805982096982135853835416128277e-01;1.076927381237593184248879651932e-01;1.837411806676653158731937764969e-03;0.000000000000000000000000000000e+00;0.000000000000000000000000000000e+00;1.000000000000000000000000000000e+00;3.586347139044628848413356903002e-05
1.290000000000000000000000000000e+02;8.440502008363041930305570303972e-02;3.905644847820673865035345784236e-02;8.894604373643711855978999381023e-04;1.917371017369867036705954888021e+00;1.159563509569185191239171217603e+00;7.011660957369422186857832457463e-01;9.664171113001007729081948127714e-02;1.951863942146619262940632211212e-03;0.000000000000000000000000000000e+00;0.000000000000000000000000000000e+00;0.000000000000000000000000000000e+00;3.811643674645946532454979238658e-05
1.300000000000000000000000000000e+02;8.508097767463795868536635680357e-02;3.907585674314276169560855578311e-02;8.999157466755303711250513210018e-04;1.921797231619643664402019567206e+00;1.163368262090992422130852901319e+00;7.011660957369422186857832457463e-01;9.659856310077437335781525007405e-02;1.941964221521344253346130770410e-03;0.000000000000000000000000000000e+00;0.000000000000000000000000000000e+00;1.000000000000000000000000000000e+00;3.794195786023840026666281710632e-05
1.310000000000000000000000000000e+02;8.574636060090005951206393319808e-02;3.909383776849276875831051825116e-02;9.103079556302700768230518058033e-04;1.937870375582077864251573373622e+00;1.174163439358359983799573456054e+00;7.011660957369422186857832457463e-01;9.655552236730668980158043268602e-02;1.909028974202984672500771345938e-03;0.000000000000000000000000000000e+00;0.000000000000000000000000000000e+00;1.000000000000000000000000000000e+00;3.731563450642182773638044768205e-05
1.320000000000000000000000000000e+02;8.639812340023159120683260425722e-02;3.911023402300187190583358187723e-02;9.205133482446664757933851852556e-04;1.922283453524430196779348989367e+00;1.210463179741525951982339392998e+00;7.011660957369422186857832457463e-01;9.651310525182496546925392522098e-02;1.867578622414117154454382685458e-03;0.000000000000000000000000000000e+00;0.000000000000000000000000000000e+00;1.000000000000000000000000000000e+00;3.652071848948578488679855835741e-05
1.330000000000000000000000000000e+02;8.706685727577692657241925644485e-02;3.912505798485375885231718484647e-02;9.304863586995213743657817673238e-04;1.927402791289452466116927098483e+00;1.178562781677783277700655162334e+00;7.011660957369422186857832457463e-01;9.647150881912408548757298376586e-02;1.913759144721566664640310939660e-03;0.000000000000000000000000000000e+00;0.000000000000000000000000000000e+00;1.000000000000000000000000000000e+00;3.743796875313771415662300601213e-05
1.340000000000000000000000000000e+02;8.775116569656804532684191144654e-02;3.913901304405908304628880500786e-02;9.406947351954806149643140145145e-04;1.934154350713505277070680676843e+00;1.149585619829412319603534342605e+00;7.011660957369422186857832457463e-01;9.642878055867040720805505316093e-02;1.955847138506269095037382044211e-03;0.000000000000000000000000000000e+00;0.000000000000000000000000000000e+00;1.000000000000000000000000000000e+00;3.827496333309125526971061770354e-05
1.350000000000000000000000000000e+02;8.842271415976316051299477294378e-02;3.915199520324015580730048213809e-02;9.511151946703551296469214548779e-04;1.977733818779880525795533685596e+00;1.147362582770939942733434691036e+00;7.011660957369422186857832457463e-01;9.638500633887849000647207731163e-02;1.917091610489063922828645303298e-03;0.000000000000000000000000000000e+00;0.000000000000000000000000000000e+00;1.000000000000000000000000000000e+00;3.752898076901988258253367591877e-05
1.360000000000000000000000000000e+02;8.911257272679390384340081254777e-02;3.916347635266397703146523667783e-02;9.613159480154654127834201737812e-04;1.901341812340679338078075488738e+00;1.163522909197747923215615628578e+00;7.011660957369422186857832457463e-01;9.634199859085892936327866209467e-02;1.966996503904982779992183239415e-03;0.000000000000000000000000000000e+00;0.000000000000000000000000000000e+00;1.000000000000000000000000000000e+00;3.851721053322775727232457620985e-05
1.370000000000000000000000000000e+02;8.980764219227259370637028723650e-02;3.917398980161450328107974883096e-02;9.717684672579441663986532518038e-04;1.928308558432201946786221924413e+00;1.140282875596400957718401514285e+00;7.011660957369422186857832457463e-01;9.629776711228352215066195185500e-02;1.979548585482168634314126265394e-03;0.000000000000000000000000000000e+00;0.000000000000000000000000000000e+00;1.000000000000000000000000000000e+00;3.877340804973945418386571670766e-05
1.380000000000000000000000000000e+02;9.051099212779990799138118973133e-02;3.918328797423733383942234809183e-02;9.822727580644282502353448194299e-04;1.907601216604961180678401433397e+00;1.140660566142540854883691281429e+00;7.011660957369422186857832457463e-01;9.625314937497378431352501593210e-02;2.000849154258430972336268993672e-03;0.000000000000000000000000000000e+00;0.000000000000000000000000000000e+00;1.000000000000000000000000000000e+00;3.919992430215865094169161442217e-05
1.390000000000000000000000000000e+02;9.120588579886086677550594004060e-02;3.919139238869924490860086052635e-02;1.137326503705663686277782531420e-03;1.924677606602885671094327335595e+00;1.145767479377155062536530749639e+00;7.757798188451368037732436278020e-01;1.063907858972476944137142140789e-01;1.974666230139589598313598628465e-03;0.000000000000000000000000000000e+00;0.000000000000000000000000000000e+00;0.000000000000000000000000000000e+00;3.869495953105707344160668625932e-05
1.400000000000000000000000000000e+02;9.188138664479172934562711816397e-02;3.919812851403860209931195868194e-02;1.149121632037081869315287008249e-03;1.924283703610710993814336688956e+00;1.180286669365382401508668408496e+00;7.757798188451368037732436278020e-01;1.063411290637763101374346774719e-01;1.917636198126894571391876098687e-03;0.000000000000000000000000000000e+00;0.000000000000000000000000000000e+00;1.000000000000000000000000000000e+00;3.758387506867520472426946742672e-05
1.410000000000000000000000000000e+02;9.256370293357933654032621006991e-02;3.920348239199192980075636683068e-02;1.160557492560522312163850955358e-03;1.925173953315436836675189624657e+00;1.169276805288316234410217475670e+00;7.757798188451368037732436278020e-01;1.062928031664767403174920445963e-01;1.935061735201303338357869954223e-03;0.000000000000000000000000000000e+00;0.000000000000000000000000000000e+00;1.000000000000000000000000000000e+00;3.793057933169083280637232102883e-05
1.420000000000000000000000000000e+02;9.326936511855103695278756958942e-02;3.920771112145850223473786400064e-02;1.172078469805878236931206970439e-03;1.919131579104725648932117110235e+00;1.135411022251175960917635165970e+00;7.757798188451368037732436278020e-01;1.062439349799160076548432130039e-01;1.999268496099092587425793965394e-03;0.000000000000000000000000000000e+00;0.000000000000000000000000000000e+00;1.000000000000000000000000000000e+00;3.919337082464300801246809280443e-05
1.430000000000000000000000000000e+02;9.396268566356344442702663855016e-02;3.921085470851095461375379613855e-02;1.183961498824833086587760000441e-03;1.926079938363656207656049446086e+00;1.152606787963814216624314212822e+00;7.757798188451368037732436278020e-01;1.061933371112202539876534501673e-01;1.962493915556824414930803257562e-03;0.000000000000000000000000000000e+00;0.000000000000000000000000000000e+00;1.000000000000000000000000000000e+00;3.847553189461770575124921478505e-05
1.440000000000000000000000000000e+02;9.466348830341184128478460024780e-02;3.921274186518070026252757998009e-02;1.195604721457776183773935585464e-03;1.916721049026355316868830414023e+00;1.146966148793079565137986719492e+00;7.757798188451368037732436278020e-01;1.061435673062957052437127458688e-01;1.981870112466452543004136188642e-03;0.000000000000000000000000000000e+00;0.000000000000000000000000000000e+00;1.000000000000000000000000000000e+00;3.885728056523181801187524775365e-05
1.450000000000000000000000000000e+02;9.533660881596017766526074410649e-02;3.921345560768059457235068521186e-02;1.207341240713093784980847189559e-03;1.927215768759086733652452494425e+00;1.188617654183481864293980834191e+00;7.757798188451368037732436278020e-01;1.060932033190496170949046472742e-01;1.902041940469253187076525968280e-03;0.000000000000000000000000000000e+00;0.000000000000000000000000000000e+00;1.000000000000000000000000000000e+00;3.729281859826885642391833264320e-05
1.460000000000000000000000000000e+02;9.605298465958259090946569358493e-02;3.921302617475355689613536469551e-02;1.218583407986101579262294691830e-03;1.909210571476315454475525257294e+00;1.128366678424292945948081978713e+00;7.757798188451368037732436278020e-01;1.060447748821322921930487837017e-01;2.022477816636554775325818056331e-03;0.000000000000000000000000000000e+00;0.000000000000000000000000000000e+00;1.000000000000000000000000000000e+00;3.965373778081384678389706421875e-05
1.470000000000000000000000000000e+02;9.676252981202088099266234166862e-02;3.921138513034480577168494619400e-02;1.230514774036561669035005905926e-03;1.914928547338007991385211425950e+00;1.136688667725962664789562950318e+00;7.757798188451368037732436278020e-01;1.059931766052587820414743191577e-01;2.001592064687585104110212341766e-03;0.000000000000000000000000000000e+00;0.000000000000000000000000000000e+00;1.000000000000000000000000000000e+00;3.924259866115346146939191207537e-05
1.480000000000000000000000000000e+02;9.745702130486656733499017946087e-02;3.920857237380637183576936877216e-02;1.242298463467480075864135535824e-03;1.918745262493440240092468229705e+00;1.159792033698594959645333801745e+00;7.757798188451368037732436278020e-01;1.059420117663041338573748362251e-01;1.957677178665749844616028596533e-03;0.000000000000000000000000000000e+00;0.000000000000000000000000000000e+00;1.000000000000000000000000000000e+00;3.837886367213256806705384827083e-05
1.490000000000000000000000000000e+02;9.818989231054564559286745861755e-02;3.920469036821409847259900516292e-02;2.907420042696178918810445690468e-04;1.911261521945464059157870906347e+00;1.104123451280507151039955715532e+00;3.213944820349722286678684213257e-01;4.472349098116351617804298257397e-02;2.064228490817453937067327274235e-03;0.000000000000000000000000000000e+00;0.000000000000000000000000000000e+00;0.000000000000000000000000000000e+00;4.046371941587207802853640159491e-05
1.500000000000000000000000000000e+02;9.889519665729508413054560378441e-02;3.919965966643064458896361657025e-02;2.943928582943065408276950289945e-04;1.911385771576583847419783523947e+00;1.147782027165474616481333214324e+00;3.213944820349722286678684213257e-01;4.470358830440215869295172979037e-02;1.985326859937173050313363731334e-03;0.000000000000000000000000000000e+00;0.000000000000000000000000000000e+00;1.000000000000000000000000000000e+00;3.891206861808030971266667008557e-05
1.510000000000000000000000000000e+02;9.960938954322617888692548149265e-02;3.919467887354023682977555154139e-02;2.978949201200673142786445879437e-04;1.917570173372759256835706764832e+00;1.130501406804872210898338380503e+00;3.213944820349722286678684213257e-01;4.468441876661041756157999316201e-02;2.008918083438066947560285413488e-03;0.000000000000000000000000000000e+00;0.000000000000000000000000000000e+00;1.000000000000000000000000000000e+00;3.936944958180145634138447086059e-05
1.520000000000000000000000000000e+02;1.002988042173478117069507220549e-01;3.918850991937668920561677055048e-02;3.014311608351719572705673666491e-04;1.923416589794848752248412893096e+00;1.168115465772633587704376623151e+00;3.213944820349722286678684213257e-01;4.466497590673037393349531498643e-02;1.938014889746666590680801434132e-03;0.000000000000000000000000000000e+00;0.000000000000000000000000000000e+00;1.000000000000000000000000000000e+00;3.797395786536848143275652001094e-05
1.530000000000000000000000000000e+02;1.010127557817655230554265699539e-01;3.918149490352794417358239797977e-02;3.048351572497489661225933410549e-04;1.919444161549204608263607951812e+00;1.130845624537066163028953269531e+00;3.213944820349722286678684213257e-01;4.464617745418776595389687145143e-02;2.005670965925783130745507776282e-03;0.000000000000000000000000000000e+00;0.000000000000000000000000000000e+00;1.000000000000000000000000000000e+00;3.929259336478753709877981270537e-05
1.540000000000000000000000000000e+02;1.017344349735202213569351670230e-01;3.917314699547037176730057694840e-02;3.083503528514443389405008666415e-04;1.924279243041849163375900388928e+00;1.116373646256122675879396410892e+00;3.213944820349722286678684213257e-01;4.462667889060748654950216973702e-02;2.026134547978809645474296274870e-03;0.000000000000000000000000000000e+00;0.000000000000000000000000000000e+00;1.000000000000000000000000000000e+00;3.968503324028741841879297513884e-05
1.550000000000000000000000000000e+02;1.024373657585278263315586855242e-01;3.916360330584867099901202891488e-02;3.118932489972032714477256920560e-04;1.924012773080488347687833083910e+00;1.146646716211556116249425940623e+00;3.213944820349722286678684213257e-01;4.460693731946434315016603022741e-02;1.972434321509698544605537762209e-03;0.000000000000000000000000000000e+00;0.000000000000000000000000000000e+00;1.000000000000000000000000000000e+00;3.862381765722330015464663910407e-05
1.560000000000000000000000000000e+02;1.031541346807559045295477062609e-01;3.915325315752506141198097111555e-02;3.153340512660770091415973759297e-04;1.914945335294924388946924409538e+00;1.130156462125801120066626026528e+00;3.213944820349722286678684213257e-01;4.458767786747067085606488490157e-02;2.010158901590972189282746640515e-03;0.000000000000000000000000000000e+00;0.000000000000000000000000000000e+00;1.000000000000000000000000000000e+00;3.935213018042191506894872388145e-05
1.570000000000000000000000000000e+02;1.038836036345519298063067026305e-01;3.914168359349464582086497443925e-02;3.188323225718434896988617843760e-04;1.912134820523110123602350540750e+00;1.112363573815648098985775504843e+00;3.213944820349722286678684213257e-01;4.456800817032391393013313063420e-02;2.044710012230234116858973436592e-03;0.000000000000000000000000000000e+00;0.000000000000000000000000000000e+00;1.000000000000000000000000000000e+00;4.001669616958320087199765802133e-05
1.580000000000000000000000000000e+02;1.046111347851067657765966600891e-01;3.912939721798071313063616116779e-02;3.223835806238304615631284910648e-04;1.893205423756844085758643814188e+00;1.126678776202225007452284444298e+00;3.213944820349722286678684213257e-01;4.454793309413571794630470890297e-02;2.038275080454838520532812040642e-03;0.000000000000000000000000000000e+00;0.000000000000000000000000000000e+00;1.000000000000000000000000000000e+00;3.987823763131449430639416386946e-05
1.590000000000000000000000000000e+02;1.053799384836213576255303792095e-01;3.911606972791959596635891216465e-02;6.545406684688173052505399951428e-04;1.872088435545688822614351920492e+00;1.078425769965084324297777129686e+00;4.876798760844286984017514896550e-01;6.668860235992554730266590468091e-02;2.152762325799473675652651039059e-03;0.000000000000000000000000000000e+00;0.000000000000000000000000000000e+00;0.000000000000000000000000000000e+00;4.210380062180529582007912359209e-05
1.600000000000000000000000000000e+02;1.060950852284276713088928545403e-01;3.910083651577414554090239562356e-02;6.611261114023167864695018636212e-04;1.997966112841347952056025860657e+00;1.086265348886967352370902517578e+00;4.876798760844286984017514896550e-01;6.665417121332881111861468070856e-02;2.001794516452498270964177606857e-03;0.000000000000000000000000000000e+00;0.000000000000000000000000000000e+00;1.000000000000000000000000000000e+00;3.913592006299114386133966569936e-05
1.610000000000000000000000000000e+02;1.068368697440930381592494313736e-01;3.908561999246483453784861694658e-02;6.672330569705213314246616818082e-04;1.910825804675578831748339325713e+00;1.095061503241093081584267565631e+00;4.876798760844286984017514896550e-01;6.662210637837692739360306859453e-02;2.075462479963762884443978506965e-03;0.000000000000000000000000000000e+00;0.000000000000000000000000000000e+00;1.000000000000000000000000000000e+00;4.056036890024115610774851914400e-05
1.620000000000000000000000000000e+02;1.075751691527369324763441227333e-01;3.906878518492914315052288998231e-02;6.735481816671793969461545792399e-04;1.913321791260972348780455831729e+00;1.098719882436594907915150542976e+00;4.876798760844286984017514896550e-01;6.658880985158430187986766668473e-02;2.064963580835895828186066225385e-03;0.000000000000000000000000000000e+00;0.000000000000000000000000000000e+00;1.000000000000000000000000000000e+00;4.033780927718984797569756750590e-05
1.630000000000000000000000000000e+02;1.083057438091774848931692076803e-01;3.905098019763866140641184188098e-02;6.798140674741284372045724282430e-04;1.991920373515717823664772367920e+00;1.066380638386918766613575826341e+00;4.876798760844286984017514896550e-01;6.655563206746786808487570397119e-02;2.042702897891507645561359751696e-03;0.000000000000000000000000000000e+00;0.000000000000000000000000000000e+00;1.000000000000000000000000000000e+00;3.988477520761020091904017204065e-05
1.640000000000000000000000000000e+02;1.090413402690497690628035343252e-01;3.903234460311959252987179525007e-02;6.859951177413817560712949727986e-04;1.901340859197172328265423857374e+00;1.109365599643592492640209457022e+00;4.876798760844286984017514896550e-01;6.652276446151282607299748406149e-02;2.056115249337865311107798049761e-03;0.000000000000000000000000000000e+00;0.000000000000000000000000000000e+00;1.000000000000000000000000000000e+00;4.012749947794236104808493492691e-05
1.650000000000000000000000000000e+02;1.097898915908309958044952736600e-01;3.901257224354995334358875425096e-02;6.921992254115901140043565220594e-04;1.892444663454587949757979004062e+00;1.095051657763662866784670768538e+00;4.876798760844286984017514896550e-01;6.648963384365723372493306442266e-02;2.091723522150445036676957855093e-03;0.000000000000000000000000000000e+00;0.000000000000000000000000000000e+00;1.000000000000000000000000000000e+00;4.080175751071349630810444764073e-05
1.660000000000000000000000000000e+02;1.105170830052399355558634397312e-01;3.899142622075556230409887348287e-02;6.984925252041752821025033526325e-04;1.906486495609863940359218759113e+00;1.118539306748676853686674803612e+00;4.876798760844286984017514896550e-01;6.645588160107188113734366652352e-02;2.031616016242417978310275117337e-03;0.000000000000000000000000000000e+00;0.000000000000000000000000000000e+00;1.000000000000000000000000000000e+00;3.960780300311079153837909294644e-05
1.670000000000000000000000000000e+02;1.112529511568673135091245285366e-01;3.896990593242938283324861004076e-02;7.045868059347673746650730919328e-04;1.917761125556628698518579767551e+00;1.098482286576921262977180049347e+00;4.876798760844286984017514896550e-01;6.642305567695851176157617601348e-02;2.055413851686022780329565762258e-03;0.000000000000000000000000000000e+00;0.000000000000000000000000000000e+00;1.000000000000000000000000000000e+00;4.004964222620833948391994017157e-05
1.680000000000000000000000000000e+02;1.119752853575256834606221900685e-01;3.894716074412702538909414329282e-02;7.107342497490899821052656726295e-04;1.995861402828030151113125612028e+00;1.074810974411068320577555823547e+00;4.876798760844286984017514896550e-01;6.638980120445127364181558959899e-02;2.017301548074799943943702373872e-03;0.000000000000000000000000000000e+00;0.000000000000000000000000000000e+00;1.000000000000000000000000000000e+00;3.928408383112276725706094038237e-05
1.690000000000000000000000000000e+02;1.126725721902712973321314393615e-01;3.892389880340442476214235512089e-02;9.348529996739099088252922253872e-05;1.991835148530362475938204624981e+00;1.115119549794133746445368160494e+00;5.364433635559799906644684597268e-01;7.785317154276989726202629071850e-02;1.947148183421845094726032598942e-03;0.000000000000000000000000000000e+00;0.000000000000000000000000000000e+00;0.000000000000000000000000000000e+00;3.789529942337232907602351250631e-05
1.700000000000000000000000000000e+02;1.133947757825718716251373052728e-01;3.890057573787617656302373347899e-02;9.646877635196066309332396659926e-05;1.987956750339225697743472665024e+00;1.078257435565954214240491637611e+00;5.364433635559799906644684597268e-01;7.782716826683042099510601019574e-02;2.016434531745270319902374467347e-03;0.000000000000000000000000000000e+00;0.000000000000000000000000000000e+00;1.000000000000000000000000000000e+00;3.922023211131288409486694845896e-05
1.710000000000000000000000000000e+02;1.141980867764583323920035695664e-01;3.887553174371824460386903865583e-02;9.954839283476145438220999972501e-05;1.840999904852326007898000170826e+00;1.046306564221627155575333745219e+00;5.364433635559799906644684597268e-01;7.780015031560955085510045137198e-02;2.242441473113031789876625765601e-03;0.000000000000000000000000000000e+00;0.000000000000000000000000000000e+00;1.000000000000000000000000000000e+00;4.358805233571799074782440741593e-05
1.720000000000000000000000000000e+02;1.149742077137042017831447537901e-01;3.884662789316727787847227659768e-02;1.029612586387021358307058971349e-04;1.872548481148775145754825643962e+00;1.063944983490450635343904650654e+00;5.364433635559799906644684597268e-01;7.776999663010415730912683329734e-02;2.166499406055694392642108070390e-03;0.000000000000000000000000000000e+00;0.000000000000000000000000000000e+00;1.000000000000000000000000000000e+00;4.208059812890673173461919542859e-05
1.730000000000000000000000000000e+02;1.157241985502303616151209553209e-01;3.881766866250482145295208624702e-02;1.062459034351498750542788784834e-04;1.894517765588160873591050403775e+00;1.087419568058727303849764211918e+00;5.364433635559799906644684597268e-01;7.774076278679624418810334418595e-02;2.093587483614511770418920022507e-03;0.000000000000000000000000000000e+00;0.000000000000000000000000000000e+00;1.000000000000000000000000000000e+00;4.063409262745770348995363874245e-05
1.740000000000000000000000000000e+02;1.164798389231283259892535397739e-01;3.878873215153573472679937594876e-02;1.094080161027570605343506304763e-04;1.890233029672227393902517178503e+00;1.080928991126006932788072845142e+00;5.364433635559799906644684597268e-01;7.771241973570930383630184223875e-02;2.109359301274256730945877436056e-03;0.000000000000000000000000000000e+00;0.000000000000000000000000000000e+00;1.000000000000000000000000000000e+00;4.090968647423886043155982772390e-05
1.750000000000000000000000000000e+02;1.172248817344274385288116491211e-01;3.875864346760627549004496472662e-02;1.125819942754615086500172282946e-04;1.973756963913536388588454428827e+00;1.049041302913043871569698239909e+00;5.364433635559799906644684597268e-01;7.768377093308259651038838455861e-02;2.079887267081672198171249377197e-03;0.000000000000000000000000000000e+00;0.000000000000000000000000000000e+00;1.000000000000000000000000000000e+00;4.030680451881626843438008456211e-05
1.760000000000000000000000000000e+02;1.179752800043238902816256086226e-01;3.872807048813020625033232136047e-02;1.156996362400138848684771897268e-04;1.969651771935978956662438577041e+00;1.042838816236639765122617973248e+00;5.364433635559799906644684597268e-01;7.765543386193633768055377686323e-02;2.094964709863164718101069539102e-03;0.000000000000000000000000000000e+00;0.000000000000000000000000000000e+00;1.000000000000000000000000000000e+00;4.056697047686294506666990211663e-05
1.770000000000000000000000000000e+02;1.187240595254108882494747945202e-01;3.869637979430583241136076821931e-02;1.188277496714220733036240784664e-04;1.982051763817864520333955624665e+00;1.037601509979962921548235499358e+00;5.364433635559799906644684597268e-01;7.762680330218590940560829949391e-02;2.090654366825013890651696613077e-03;0.000000000000000000000000000000e+00;0.000000000000000000000000000000e+00;1.000000000000000000000000000000e+00;4.045037769864236865515264018889e-05
1.780000000000000000000000000000e+02;1.194615387550326118804022712538e-01;3.866387064647656274241072082987e-02;1.219371022985940968344498180898e-04;1.898877931705770683024070422107e+00;1.098566349163690558654593587562e+00;5.364433635559799906644684597268e-01;7.759814525057071032954070233245e-02;2.059394178320989900188298094008e-03;0.000000000000000000000000000000e+00;0.000000000000000000000000000000e+00;1.000000000000000000000000000000e+00;3.981207506035482730170210752263e-05
1.790000000000000000000000000000e+02;1.202139271569669376482636380388e-01;3.863099716453284593331574114927e-02;7.925750340501112618102341755844e-04;1.961522600666173454797558406426e+00;1.041382437369781754910036397632e+00;6.860782881826847923179002464167e-01;9.481680916147774973445905288827e-02;2.101308626925632149634592948928e-03;0.000000000000000000000000000000e+00;0.000000000000000000000000000000e+00;0.000000000000000000000000000000e+00;4.058782380428625134695039267108e-05
1.800000000000000000000000000000e+02;1.210005189150585580559749132590e-01;3.859659578945083546752670144997e-02;7.996346925040643139476204126481e-04;1.890171611136725271506975332159e+00;1.032634457914601844308322142751e+00;6.860782881826847923179002464167e-01;9.477113097455726331563852227191e-02;2.197144616593045985536436504049e-03;0.000000000000000000000000000000e+00;0.000000000000000000000000000000e+00;1.000000000000000000000000000000e+00;4.240115132880487052629073230214e-05
1.810000000000000000000000000000e+02;1.217466321469980738978478029821e-01;3.855971016678627627527475851821e-02;8.069884425523890687792505360676e-04;1.903806407626967400759099291463e+00;1.079531095176379906774855044205e+00;6.860782881826847923179002464167e-01;9.472330223608080301822553792590e-02;2.084650771836052927932225742325e-03;0.000000000000000000000000000000e+00;0.000000000000000000000000000000e+00;1.000000000000000000000000000000e+00;4.019176478048274613530041476928e-05
1.820000000000000000000000000000e+02;1.224962242168489146010301737988e-01;3.852386439744509560867413711094e-02;8.139383558898249330232355092107e-04;1.955390477752714017967150539334e+00;1.044954921543566950248305147397e+00;6.860782881826847923179002464167e-01;9.467786504823814952569449587827e-02;2.094866174554494472198618026937e-03;0.000000000000000000000000000000e+00;0.000000000000000000000000000000e+00;1.000000000000000000000000000000e+00;4.035117021966594543338005540711e-05
1.830000000000000000000000000000e+02;1.232593065818333444294552236897e-01;3.848702074565633207692272321765e-02;8.208957127845412224051435678973e-04;1.905113486142052225957854716398e+00;1.052296406854206445302679640008e+00;6.860782881826847923179002464167e-01;9.463214780401295322942445409353e-02;2.133108005830650077960797261767e-03;0.000000000000000000000000000000e+00;0.000000000000000000000000000000e+00;1.000000000000000000000000000000e+00;4.104848603656493523893222796772e-05
1.840000000000000000000000000000e+02;1.239717729568654835947683068298e-01;3.844866950905789781955945727532e-02;8.279525317484129516565349860002e-04;1.949264983116619331937613424088e+00;1.100029276233703612319914100226e+00;6.860782881826847923179002464167e-01;9.458553775631917126531789108412e-02;1.992341043091006794890640563267e-03;0.000000000000000000000000000000e+00;0.000000000000000000000000000000e+00;1.000000000000000000000000000000e+00;3.830143115756890799398007296794e-05
1.850000000000000000000000000000e+02;1.247335859432967819504511908235e-01;3.841210252634918304037725533817e-02;8.345177719463711977707087719125e-04;1.912249868237785088709301817289e+00;1.047428899471963159584220193210e+00;6.860782881826847923179002464167e-01;9.454195576626989172552839590935e-02;2.130867168288003155041110403545e-03;0.000000000000000000000000000000e+00;0.000000000000000000000000000000e+00;1.000000000000000000000000000000e+00;4.092554406915506996908135639579e-05
1.860000000000000000000000000000e+02;1.254810025184706356871089383276e-01;3.837220139728561574266052502935e-02;8.415125891352683365487230560120e-04;1.896518508536146896403806749731e+00;1.074939213093204060101015784312e+00;6.860782881826847923179002464167e-01;9.449528739509942265595299204506e-02;2.091381270632059960479232074704e-03;0.000000000000000000000000000000e+00;0.000000000000000000000000000000e+00;1.000000000000000000000000000000e+00;4.012545165760224812187204057601e-05
1.870000000000000000000000000000e+02;1.262401046587923181263590777235e-01;3.833225925313746285105764854961e-02;8.483499274375859086627649219281e-04;1.965816335642841083952703229443e+00;1.019647416952977447834882696043e+00;6.860782881826847923179002464167e-01;9.444943298225830230485655647499e-02;2.124853263584550785297855313161e-03;0.000000000000000000000000000000e+00;0.000000000000000000000000000000e+00;1.000000000000000000000000000000e+00;4.072521308729911516466684617832e-05
1.880000000000000000000000000000e+02;1.270103399499332985644883819987e-01;3.829089669789592642601405714231e-02;8.552684804797264922493482686150e-04;1.894645480565737560851857779198e+00;1.041117718090909693984258410637e+00;6.860782881826847923179002464167e-01;9.440279291006740958192011703431e-02;2.156876266269084751331375215955e-03;0.000000000000000000000000000000e+00;0.000000000000000000000000000000e+00;1.000000000000000000000000000000e+00;4.129436315092649997619822510586e-05
1.890000000000000000000000000000e+02;1.277920593680106631229165259356e-01;3.824811795695008675988191271244e-02;9.653328973615009226186267632386e-04;1.875167146940976081737062486354e+00;1.034872982973715105359246990702e+00;5.239602447218685288277129075141e-01;7.018605227775248645016858972667e-02;2.189981902465018646225525245086e-03;0.000000000000000000000000000000e+00;0.000000000000000000000000000000e+00;0.000000000000000000000000000000e+00;4.188134306453400972211284503111e-05
1.900000000000000000000000000000e+02;1.285645377323650639933561024009e-01;3.820387820360800212871055236974e-02;9.721056705775708113234645502132e-04;1.893518691391008923474714720214e+00;1.035395855947981225142484618118e+00;5.239602447218685288277129075141e-01;7.014734073956710447284024212422e-02;2.165154657012370153362779134909e-03;0.000000000000000000000000000000e+00;0.000000000000000000000000000000e+00;1.000000000000000000000000000000e+00;4.135865240423763406927767927179e-05
1.910000000000000000000000000000e+02;1.293312846779344771341868636227e-01;3.815935717902818602453862695256e-02;9.787730912189827273822695374861e-04;1.933289561886017304814799899759e+00;1.019966959394180694431497613550e+00;5.239602447218685288277129075141e-01;7.010904320289215729822274170147e-02;2.150183530336928841575350190851e-03;0.000000000000000000000000000000e+00;0.000000000000000000000000000000e+00;1.000000000000000000000000000000e+00;4.102481066729532868143925927740e-05
1.920000000000000000000000000000e+02;1.300901875735622770235977441189e-01;3.811438592421886872863012740709e-02;9.853661704558127655551036383486e-04;1.929132634510677624106733674125e+00;1.030962032383644366717589946347e+00;5.239602447218685288277129075141e-01;7.007098692157477659581132911626e-02;2.129323553500355598044890825804e-03;0.000000000000000000000000000000e+00;0.000000000000000000000000000000e+00;1.000000000000000000000000000000e+00;4.057892983782082499746857173761e-05
1.930000000000000000000000000000e+02;1.308469707178719909634878604265e-01;3.806911858771171164317337343164e-02;9.918673882149454425205536978183e-04;1.900036136740379966170166881057e+00;1.047859548666912221648317427025e+00;5.239602447218685288277129075141e-01;7.003327787494295630921214979026e-02;2.124542269489175863594887516683e-03;0.000000000000000000000000000000e+00;0.000000000000000000000000000000e+00;1.000000000000000000000000000000e+00;4.043972580089481204607473885382e-05
1.940000000000000000000000000000e+02;1.316227680920586950996664654667e-01;3.802323788816696498171765483676e-02;9.983262516191932639531003701450e-04;1.896031438319164763584012689535e+00;1.022537010249882083456895998097e+00;5.239602447218685288277129075141e-01;6.999563244227045843981471762163e-02;2.179124367110320606433226942045e-03;0.000000000000000000000000000000e+00;0.000000000000000000000000000000e+00;1.000000000000000000000000000000e+00;4.142868209926851011870238550294e-05
1.950000000000000000000000000000e+02;1.323883718788750885053673300717e-01;3.797544713778562563977203581089e-02;1.004922305395920898579698032904e-03;1.902158384118717737720771765453e+00;1.030873300038314122062388378254e+00;5.239602447218685288277129075141e-01;6.995699791067226669394329974239e-02;2.151832286371494883797650388146e-03;0.000000000000000000000000000000e+00;0.000000000000000000000000000000e+00;1.000000000000000000000000000000e+00;4.085839662024054382569518417689e-05
1.960000000000000000000000000000e+02;1.331484729567650737713790931593e-01;3.792754205507472414771186208782e-02;1.011406780331475935286178469141e-03;1.947330292735372392343151659588e+00;1.012326016851095022985873583821e+00;5.239602447218685288277129075141e-01;6.991882806754959323036757723457e-02;2.137726647716427317430509802421e-03;0.000000000000000000000000000000e+00;0.000000000000000000000000000000e+00;1.000000000000000000000000000000e+00;4.053935866675935736263072795005e-05
1.970000000000000000000000000000e+02;1.339295778828045735409091321344e-01;3.787926093159421636613615191891e-02;1.017820162657930970623310074075e-03;1.902195397330501691612880676985e+00;1.006558832460780372741737664910e+00;5.239602447218685288277129075141e-01;6.988089034057640147601375701925e-02;2.198187312116258070038288252590e-03;0.000000000000000000000000000000e+00;0.000000000000000000000000000000e+00;1.000000000000000000000000000000e+00;4.163285538608573805750487362154e-05
1.980000000000000000000000000000e+02;1.347314068517287966031403811940e-01;3.782890719216748520725701609990e-02;1.024385341446735521453437200989e-03;1.882419283373678364768011306296e+00;9.888571739963722961874736938626e-01;5.239602447218685288277129075141e-01;6.984186042582621323226987897215e-02;2.258038561928667198319686804098e-03;0.000000000000000000000000000000e+00;0.000000000000000000000000000000e+00;1.000000000000000000000000000000e+00;4.270956559776744720230423624230e-05
1.990000000000000000000000000000e+02;1.354974292386653123010376020829e-01;3.777644873084243237748580668267e-02;1.285673852200488976801895368851e-03;1.938969147256802916245987944421e+00;1.002718401235819456474018807057e+00;6.283628651561590228169507099665e-01;8.386833204020988086213606038655e-02;2.158881155956699025161293903352e-03;0.000000000000000000000000000000e+00;0.000000000000000000000000000000e+00;0.000000000000000000000000000000e+00;4.077743165199005021589323538578e-05
2.000000000000000000000000000000e+02;1.362940665640020310167557227032e-01;3.772561462809399801532350693378e-02;1.293561157055189096004577109511e-03;1.878639600588734470676399723743e+00;9.931042151482908364457102834422e-01;6.283628651561590228169507099665e-01;8.382179574103867936152312267950e-02;2.246753964185610463744069420500e-03;0.000000000000000000000000000000e+00;0.000000000000000000000000000000e+00;1.000000000000000000000000000000e+00;4.238008710850442803267160152281e-05
2.010000000000000000000000000000e+02;1.371178677795267253358701964316e-01;3.767201386835125620500264176371e-02;1.301731494132111945777330319629e-03;1.829409341310908487798769783694e+00;9.840434776785679238386705947050e-01;6.283628651561590228169507099665e-01;8.377334552621379382131294732972e-02;2.325150926531645463601893908390e-03;0.000000000000000000000000000000e+00;0.000000000000000000000000000000e+00;1.000000000000000000000000000000e+00;4.379655897515496640586690757502e-05
2.020000000000000000000000000000e+02;1.378853883448247774623496297863e-01;3.761580731521174669751417241059e-02;1.310145902956475188333440584643e-03;1.932755816946765570207844575634e+00;9.973361948671339849425976353814e-01;6.283628651561590228169507099665e-01;8.372318524688945884371094052767e-02;2.168249765693978838715372248203e-03;0.000000000000000000000000000000e+00;0.000000000000000000000000000000e+00;1.000000000000000000000000000000e+00;4.078023269879886162974855223773e-05
2.030000000000000000000000000000e+02;1.386693558905769951827835484437e-01;3.756273786770465000772745156610e-02;1.317953869317760101295688990319e-03;1.901814467384997930921031183971e+00;9.901039612551281177132977973088e-01;6.283628651561590228169507099665e-01;8.367639871499377157704202545574e-02;2.216490045760879674247023629619e-03;0.000000000000000000000000000000e+00;0.000000000000000000000000000000e+00;1.000000000000000000000000000000e+00;4.162871728764632063947773166213e-05
2.040000000000000000000000000000e+02;1.394212689051992914990307781409e-01;3.750784016864127518031679642263e-02;1.325897698187589266588526371038e-03;1.926506964255093823368270022911e+00;1.016689159179330115279071833356e+00;6.283628651561590228169507099665e-01;8.362855666333092463649023784455e-02;2.127750842656593675134013565753e-03;0.000000000000000000000000000000e+00;0.000000000000000000000000000000e+00;1.000000000000000000000000000000e+00;3.990366926252766102386007607272e-05
2.050000000000000000000000000000e+02;1.402035569373614176669207154191e-01;3.745453904115312454559116872588e-02;1.333486863295938254503347764057e-03;1.922407837438516065020621681469e+00;9.771000521001362848494409263367e-01;6.283628651561590228169507099665e-01;8.358262044075406849152898303146e-02;2.215528710190094261595072921978e-03;0.000000000000000000000000000000e+00;0.000000000000000000000000000000e+00;1.000000000000000000000000000000e+00;4.149080328630525493164432626614e-05
2.060000000000000000000000000000e+02;1.409619402960313183648111134971e-01;3.739841951362355559895789269831e-02;1.341351579703026425730016946147e-03;1.918148687681976882757339808450e+00;1.007687248154633952168524047011e+00;6.283628651561590228169507099665e-01;8.353477619017302124859725154238e-02;2.149823013974760943511910227244e-03;0.000000000000000000000000000000e+00;0.000000000000000000000000000000e+00;1.000000000000000000000000000000e+00;4.019999147833534488064022305309e-05
2.070000000000000000000000000000e+02;1.417376259313107289550259793032e-01;3.734337515305118093689173974781e-02;1.348945769106860929215097044676e-03;1.886006253068745142087436761358e+00;9.996348586470842345619303159765e-01;6.283628651561590228169507099665e-01;8.348834292566278958425129985699e-02;2.200830204244012735376179179525e-03;0.000000000000000000000000000000e+00;0.000000000000000000000000000000e+00;1.000000000000000000000000000000e+00;4.109321398262522632071833128542e-05
2.080000000000000000000000000000e+02;1.425140645648839687886777483072e-01;3.728643149015502256116150192611e-02;1.356682465097496436898238947322e-03;1.883848121827873978162415369297e+00;9.973371986863621696528525717440e-01;6.283628651561590228169507099665e-01;8.344079829744345533359961564202e-02;2.205059981065059151322804709139e-03;0.000000000000000000000000000000e+00;0.000000000000000000000000000000e+00;1.000000000000000000000000000000e+00;4.110940895783243772014167727313e-05
2.090000000000000000000000000000e+02;1.433249098089511841536136671493e-01;3.722878883802620969545316143012e-02;1.524961114465939572906738597169e-03;1.877223728990986773013105448626e+00;9.559978402025034460720576134918e-01;7.192330440031095006858663509774e-01;9.538692183644290056854231352190e-02;2.304960311320493251269203582865e-03;0.000000000000000000000000000000e+00;0.000000000000000000000000000000e+00;0.000000000000000000000000000000e+00;4.290544035509088918560471892505e-05
2.100000000000000000000000000000e+02;1.441097669602693920332114885241e-01;3.716791297417786077428303315173e-02;1.533980949330754090659256760887e-03;1.877826603144655992494449492369e+00;9.846708428390877898550570535008e-01;7.192330440031095006858663509774e-01;9.533023087561437458603563754878e-02;2.233464739780136563973567120911e-03;0.000000000000000000000000000000e+00;0.000000000000000000000000000000e+00;1.000000000000000000000000000000e+00;4.150661153952145426436134978410e-05
2.110000000000000000000000000000e+02;1.449023882010768149442014873785e-01;3.710833589788464781378252155264e-02;1.542675143064414777782644705439e-03;1.879319578680841429374481776904e+00;9.716861825870519719927642654511e-01;7.192330440031095006858663509774e-01;9.527529388367980689444891595485e-02;2.257887526313515427767164567285e-03;0.000000000000000000000000000000e+00;0.000000000000000000000000000000e+00;1.000000000000000000000000000000e+00;4.189322437304290479200691299511e-05
2.120000000000000000000000000000e+02;1.456749279421752363283815157047e-01;3.704752641698460385866198407712e-02;1.551418864229201161411553222536e-03;1.890617042873718345319389300130e+00;9.882871158209172168795930701890e-01;7.192330440031095006858663509774e-01;9.521975045640726498241690478608e-02;2.203078665855206716428504876149e-03;0.000000000000000000000000000000e+00;0.000000000000000000000000000000e+00;1.000000000000000000000000000000e+00;4.080930753598298240400824021812e-05
2.130000000000000000000000000000e+02;1.464398479206619752002183076911e-01;3.698764341615796980011765526797e-02;1.559905793234353738388464627462e-03;1.908518401499929018072521103022e+00;9.861102602493807545158688299125e-01;7.192330440031095006858663509774e-01;9.516555327966894073377090990107e-02;2.183696728369064008618005701123e-03;0.000000000000000000000000000000e+00;0.000000000000000000000000000000e+00;1.000000000000000000000000000000e+00;4.038489795897286287413088801124e-05
2.140000000000000000000000000000e+02;1.472095241481660710114454104769e-01;3.692776103954420463537644536700e-02;1.568274726409823712283686525382e-03;1.888864073174036928293162418413e+00;9.875441584673416706152693222975e-01;7.192330440031095006858663509774e-01;9.511183129236774891346328786312e-02;2.199648246034517206498604124931e-03;0.000000000000000000000000000000e+00;0.000000000000000000000000000000e+00;1.000000000000000000000000000000e+00;4.061404240030760416906713272667e-05
2.150000000000000000000000000000e+02;1.480006579651857445689699943614e-01;3.686692092140234078279092955199e-02;1.576661274574011131766049231828e-03;1.904561170758104493572204773955e+00;9.502269989399765304227685192018e-01;7.192330440031095006858663509774e-01;9.505771556424313928346236934885e-02;2.263456049959914739150290685643e-03;0.000000000000000000000000000000e+00;0.000000000000000000000000000000e+00;1.000000000000000000000000000000e+00;4.172332760147094146089413735368e-05
2.160000000000000000000000000000e+02;1.487947628775336539330709229034e-01;3.680378013711833873333745259515e-02;1.585245656999815112159213370546e-03;1.875404923897191489245983575529e+00;9.586235309317906461146208130231e-01;7.192330440031095006858663509774e-01;9.500202867194096345571097117499e-02;2.274609145654190450747123009023e-03;0.000000000000000000000000000000e+00;0.000000000000000000000000000000e+00;1.000000000000000000000000000000e+00;4.185710744726772665784061966399e-05
2.170000000000000000000000000000e+02;1.495643697546318318103431010968e-01;3.673979354923686407863314684619e-02;1.593825622122548024695021240404e-03;1.885765774308456599328565062024e+00;9.808015630619820734992231336946e-01;7.192330440031095006858663509774e-01;9.494606886555284619433336956718e-02;2.207116734280924544298052580871e-03;0.000000000000000000000000000000e+00;0.000000000000000000000000000000e+00;1.000000000000000000000000000000e+00;4.054450657827352077003379982045e-05
2.180000000000000000000000000000e+02;1.503322615771575665455372927681e-01;3.667720622641167799171668661984e-02;1.602105870323717760547732602561e-03;1.880889107847986796429040623480e+00;9.826962281083251316005089393002e-01;7.192330440031095006858663509774e-01;9.489177435918293157524061598451e-02;2.204810442726459849410725055918e-03;0.000000000000000000000000000000e+00;0.000000000000000000000000000000e+00;1.000000000000000000000000000000e+00;4.043314364901220433297021616958e-05
2.190000000000000000000000000000e+02;1.511384059189883055651648646744e-01;3.661420143832592316579521707354e-02;1.107259273141438264340119523865e-03;1.848334162971513983109161927132e+00;9.497953784627419793196168029681e-01;5.631894020166675618455087715120e-01;7.432542975172143351336728755996e-02;2.317376050627633493617096860362e-03;0.000000000000000000000000000000e+00;0.000000000000000000000000000000e+00;0.000000000000000000000000000000e+00;4.242443676301616771158811691755e-05
2.200000000000000000000000000000e+02;1.519320341239248084441726405203e-01;3.654746682287707271186150137510e-02;1.113392386891410125795975893936e-03;1.882100850361494881468615858466e+00;9.445120717606976246116801121389e-01;5.631894020166675618455087715120e-01;7.428155534413750926692188158995e-02;2.284359054684939865226267485809e-03;0.000000000000000000000000000000e+00;0.000000000000000000000000000000e+00;1.000000000000000000000000000000e+00;4.174376838131833996562575217482e-05
2.210000000000000000000000000000e+02;1.527294054993114658103081637819e-01;3.648118405699544292142277868152e-02;1.119403304309733379606761616287e-03;1.862545542690718924916382093215e+00;9.470013614434039661560404965712e-01;5.631894020166675618455087715120e-01;7.423831050925969177178842528519e-02;2.298099943007171543779554312437e-03;0.000000000000000000000000000000e+00;0.000000000000000000000000000000e+00;1.000000000000000000000000000000e+00;4.191870350110769063685725588364e-05
2.220000000000000000000000000000e+02;1.535449948132801556432980305544e-01;3.641401216520070982518575419817e-02;1.125415631830492708964630566015e-03;1.855189995555713622366056370083e+00;9.265894815421036323499492937117e-01;5.631894020166675618455087715120e-01;7.419481007844686004659706668463e-02;2.353695429589621086752249112806e-03;0.000000000000000000000000000000e+00;0.000000000000000000000000000000e+00;1.000000000000000000000000000000e+00;4.285374700312688100046348838035e-05
2.230000000000000000000000000000e+02;1.543546526439975308253593766494e-01;3.634471525183217976984195729528e-02;1.131537402878608463210885481942e-03;1.856764587696318802301220785012e+00;9.295243038245076805381472695444e-01;5.631894020166675618455087715120e-01;7.415026217579440137583901559992e-02;2.339813094018165263998643155219e-03;0.000000000000000000000000000000e+00;0.000000000000000000000000000000e+00;1.000000000000000000000000000000e+00;4.251992032229932357142651588866e-05
2.240000000000000000000000000000e+02;1.551549376178796291192441003659e-01;3.627533927837345989475537066937e-02;1.137586735539420062374160735885e-03;1.883007590548205989477992261527e+00;9.242392239816386023676386685111e-01;5.631894020166675618455087715120e-01;7.410598458347883443764203548199e-02;2.315967748324331693110522678580e-03;0.000000000000000000000000000000e+00;0.000000000000000000000000000000e+00;1.000000000000000000000000000000e+00;4.200625791411788926459427995219e-05
2.250000000000000000000000000000e+02;1.559536831851166260864971491173e-01;3.620620277558676824991579223934e-02;1.143538719853977141116541105248e-03;1.849204184341685319736825476866e+00;9.398305424630726268020453062491e-01;5.631894020166675618455087715120e-01;7.406216695414641337791294972703e-02;2.314760420782026751479465431771e-03;0.000000000000000000000000000000e+00;0.000000000000000000000000000000e+00;1.000000000000000000000000000000e+00;4.190434258586832842871303106413e-05
2.260000000000000000000000000000e+02;1.567646479295824457622643421928e-01;3.613664751279334341749205350425e-02;1.149452188182676498628964623094e-03;1.855080782705898823081724913209e+00;9.196599105677034646788570171339e-01;5.631894020166675618455087715120e-01;7.401838140027683365929078718182e-02;2.353505774878476581452035887310e-03;0.000000000000000000000000000000e+00;0.000000000000000000000000000000e+00;1.000000000000000000000000000000e+00;4.252390430305354055220967701700e-05
2.270000000000000000000000000000e+02;1.575588780502067409727828817267e-01;3.606547133058381204850917356453e-02;1.155428472072845234863702756911e-03;1.860271504845265599925596688990e+00;9.331907625026449881744383674231e-01;5.631894020166675618455087715120e-01;7.397387259083579302831878976576e-02;2.308353610388961130867047089055e-03;0.000000000000000000000000000000e+00;0.000000000000000000000000000000e+00;1.000000000000000000000000000000e+00;4.162593047816635439054011591509e-05
2.280000000000000000000000000000e+02;1.583261065733610473138526231196e-01;3.599522684921183102169095491263e-02;1.161254447005124557437683030514e-03;1.864681137867516103057141663157e+00;9.604507564097093386124015523819e-01;5.631894020166675618455087715120e-01;7.393023000216197848644128498563e-02;2.233174832691736839962448613051e-03;0.000000000000000000000000000000e+00;0.000000000000000000000000000000e+00;1.000000000000000000000000000000e+00;4.019181734834486452575749715344e-05
2.290000000000000000000000000000e+02;1.590661370718606804075534455478e-01;3.592694275975194528882639133371e-02;1.691542097496153600547086348627e-03;1.999999999999999555910790149937e+00;9.253550360226800997054397157626e-01;7.400974240745057386448024772108e-01;9.718438846567192812564428550104e-02;2.156946454854268262896210828217e-03;0.000000000000000000000000000000e+00;0.000000000000000000000000000000e+00;0.000000000000000000000000000000e+00;3.874624590969959724018334412676e-05
2.300000000000000000000000000000e+02;1.598450809132493932729346397537e-01;3.586081335745260750824670026304e-02;1.699160935657007291330056197864e-03;1.879610870971207381430190253013e+00;9.324247138687740132922954217065e-01;7.400974240745057386448024772108e-01;9.713011474519236965186053112120e-02;2.273504938952400616231086516450e-03;0.000000000000000000000000000000e+00;0.000000000000000000000000000000e+00;1.000000000000000000000000000000e+00;4.076486814150936867796187756952e-05
2.310000000000000000000000000000e+02;1.606181995786079841348481522800e-01;3.579072703502242380757536466263e-02;1.707145886647108354305935051798e-03;1.855632668368947246761990754749e+00;9.483063521482777424864707427332e-01;7.400974240745057386448024772108e-01;9.707292373575972244115206422066e-02;2.259890215247602369974533331742e-03;0.000000000000000000000000000000e+00;0.000000000000000000000000000000e+00;1.000000000000000000000000000000e+00;4.044155691152250762512507242796e-05
2.320000000000000000000000000000e+02;1.613736886272446047208006802975e-01;3.572068422107109453289552902788e-02;1.715036149448698719888195540761e-03;1.881356663357610203846093099855e+00;9.538459725405112887841596602811e-01;7.400974240745057386448024772108e-01;9.701609603623660704752040828680e-02;2.211708430822396150711162121638e-03;0.000000000000000000000000000000e+00;0.000000000000000000000000000000e+00;1.000000000000000000000000000000e+00;3.950186922324372970974359908780e-05
2.330000000000000000000000000000e+02;1.621465920362720192215988390672e-01;3.565178157607067077616846972887e-02;1.722712853657130385384710358210e-03;1.850739714211121933473691569816e+00;9.445458137299772571893186068337e-01;7.400974240745057386448024772108e-01;9.696050213721907340413963538595e-02;2.266054526224476305118482599710e-03;0.000000000000000000000000000000e+00;0.000000000000000000000000000000e+00;1.000000000000000000000000000000e+00;4.039444050421067683573003725961e-05
2.340000000000000000000000000000e+02;1.629278692874719103311775825205e-01;3.558082875950539791798377109444e-02;1.730532130335464113118915108203e-03;1.871043895840642123928887485818e+00;9.210168262629712110367563582258e-01;7.400974240745057386448024772108e-01;9.690356320101638221142792417595e-02;2.294151050933789653951677678378e-03;0.000000000000000000000000000000e+00;0.000000000000000000000000000000e+00;1.000000000000000000000000000000e+00;4.081389784585726294464935737238e-05
2.350000000000000000000000000000e+02;1.637005487425193528405742426912e-01;3.550863807747012268478670193872e-02;1.738400813174450706966034374545e-03;1.855519375640844348396285568015e+00;9.356596473254944479336359108856e-01;7.400974240745057386448024772108e-01;9.684594192713132099203932057208e-02;2.272522084598803567001557013327e-03;0.000000000000000000000000000000e+00;0.000000000000000000000000000000e+00;1.000000000000000000000000000000e+00;4.034708211253842648170639395566e-05
2.360000000000000000000000000000e+02;1.644260531861695406874446234724e-01;3.543678350925942577287486301429e-02;1.746148014708334044245430227704e-03;1.995505809084289650101595725573e+00;9.232281652617735367982731986558e-01;7.400974240745057386448024772108e-01;9.678888994631047737460249891228e-02;2.137222533072083690414144641068e-03;0.000000000000000000000000000000e+00;0.000000000000000000000000000000e+00;1.000000000000000000000000000000e+00;3.786814610779323331344464742543e-05
2.370000000000000000000000000000e+02;1.651419642297791701146536524902e-01;3.536890592607373762223943458594e-02;1.753390663478870872132864278115e-03;1.993247748971189947653215313039e+00;9.334461682844081842347350175260e-01;7.400974240745057386448024772108e-01;9.673526243936801660705526728634e-02;2.112168477646999414920614412949e-03;0.000000000000000000000000000000e+00;0.000000000000000000000000000000e+00;1.000000000000000000000000000000e+00;3.735254409295754839939393554538e-05
2.380000000000000000000000000000e+02;1.659195771616634729195283171066e-01;3.530154109530223016655270384945e-02;1.760507606634476506987652122405e-03;1.870296186579767816482444686699e+00;9.127702507371633355859330549720e-01;7.400974240745057386448024772108e-01;9.668228817724086598950350435189e-02;2.297625752062550010673680489504e-03;0.000000000000000000000000000000e+00;0.000000000000000000000000000000e+00;1.000000000000000000000000000000e+00;4.055486495403040847701828242045e-05
2.390000000000000000000000000000e+02;1.666284806093683013017425764701e-01;3.522794222224819027378117652916e-02;1.556465881012281723266843513898e-03;1.978209949158434177718390856171e+00;9.430487935325859716328977810917e-01;6.938003726085368860765356657794e-01;9.071410885932637557793611904344e-02;2.098158150311321690217880586715e-03;0.000000000000000000000000000000e+00;0.000000000000000000000000000000e+00;0.000000000000000000000000000000e+00;3.695689704615319590326472098951e-05
2.400000000000000000000000000000e+02;1.673354165599913456752290130680e-01;3.516046249062537709662024099089e-02;1.562717802938600082651721123739e-03;1.989899076899387386774264996347e+00;9.368761564526230101179748999130e-01;6.938003726085368860765356657794e-01;9.066509636803059268839177775590e-02;2.095553885063613976796892401921e-03;0.000000000000000000000000000000e+00;0.000000000000000000000000000000e+00;1.000000000000000000000000000000e+00;3.684032188643174060213580922607e-05
2.410000000000000000000000000000e+02;1.681254560990698698752510154009e-01;3.509280943789611084682178443472e-02;1.568926116113790025091700996995e-03;1.856023197645717104364848637488e+00;8.957053754263809564051257439132e-01;6.938003726085368860765356657794e-01;9.061616854990128810953819993301e-02;2.345454692826596729271493302349e-03;0.000000000000000000000000000000e+00;0.000000000000000000000000000000e+00;1.000000000000000000000000000000e+00;4.115429729029145737920214465078e-05
2.420000000000000000000000000000e+02;1.688270791355982181070061187711e-01;3.501678222842561499783542444675e-02;1.575833245068341496170072346672e-03;1.971828972279812131063181368518e+00;9.455977395496224513493643826223e-01;6.938003726085368860765356657794e-01;9.056142827033170084050084369665e-02;2.086690587286681511369756947261e-03;0.000000000000000000000000000000e+00;0.000000000000000000000000000000e+00;1.000000000000000000000000000000e+00;3.653459493656163053782598426622e-05
2.430000000000000000000000000000e+02;1.696059792768169482979345730200e-01;3.494889501159759159776285741827e-02;1.581939958945176175411639896140e-03;1.864181844341104676843201559677e+00;8.978307428125011924180398636963e-01;6.938003726085368860765356657794e-01;9.051276033998927050827632001528e-02;2.320107957346953953675638970822e-03;0.000000000000000000000000000000e+00;0.000000000000000000000000000000e+00;1.000000000000000000000000000000e+00;4.054260470844542595678441920803e-05
2.440000000000000000000000000000e+02;1.703508241649107912696337052694e-01;3.487312938211488411166527612295e-02;1.588689093106633413998718395987e-03;1.863054097292948796393829979934e+00;9.357433436906903434504556571483e-01;6.938003726085368860765356657794e-01;9.045867266956020280588290916057e-02;2.222625023158509172810370912998e-03;0.000000000000000000000000000000e+00;0.000000000000000000000000000000e+00;1.000000000000000000000000000000e+00;3.875494500026640235955041613458e-05
2.450000000000000000000000000000e+02;1.711324666966025365155701365438e-01;3.480028600473683564331395245972e-02;1.595113466361000598148223161843e-03;1.864332190130497668434372826596e+00;8.877080008474678152197157032788e-01;6.938003726085368860765356657794e-01;9.040689125448861385159204928641e-02;2.336398244707623469279544892174e-03;0.000000000000000000000000000000e+00;0.000000000000000000000000000000e+00;1.000000000000000000000000000000e+00;4.065366356839521038649826190081e-05
2.460000000000000000000000000000e+02;1.718911780428739044523922530061e-01;3.472343842226353893831714003682e-02;1.601824056052502439490003993683e-03;1.854138600184892071709441552230e+00;9.158614434638279178102493460756e-01;6.938003726085368860765356657794e-01;9.035248999836445471522949901555e-02;2.271999559699071618429355723379e-03;0.000000000000000000000000000000e+00;0.000000000000000000000000000000e+00;1.000000000000000000000000000000e+00;3.944581840331029624338241013071e-05
2.470000000000000000000000000000e+02;1.726706449202520532448801304781e-01;3.464845283519751850676016147190e-02;1.608307275824431663291402827554e-03;1.857188670823040066437670247979e+00;8.865096746095323387848452512117e-01;6.938003726085368860765356657794e-01;9.029962421437415232006173937407e-02;2.338308627689059896598289256531e-03;0.000000000000000000000000000000e+00;0.000000000000000000000000000000e+00;1.000000000000000000000000000000e+00;4.050938810030991333146002664201e-05
2.480000000000000000000000000000e+02;1.734234846872468871481487440178e-01;3.457101809508646150792543494390e-02;1.614936591514180928147448312870e-03;1.858049049302431310337624381646e+00;9.136850021772797703079049824737e-01;6.938003726085368860765356657794e-01;9.024525004507680248089229735342e-02;2.262642755344872191880511991258e-03;0.000000000000000000000000000000e+00;0.000000000000000000000000000000e+00;1.000000000000000000000000000000e+00;3.911093181887193763555249370611e-05
2.490000000000000000000000000000e+02;1.741493544599019005492124279044e-01;3.449585035327645127223306076303e-02;2.341511216332186218896938001421e-03;1.956743863834160546133489333442e+00;8.962474480577873325870541520999e-01;7.864199948001837636724076219252e-01;1.014448751971059325960311525705e-01;2.185558487291201952562591515061e-03;0.000000000000000000000000000000e+00;0.000000000000000000000000000000e+00;0.000000000000000000000000000000e+00;3.769634925796528772965268694328e-05
2.500000000000000000000000000000e+02;1.748680072071244762099695435609e-01;3.442302764846413842825256779179e-02;2.349837657880356547868139216462e-03;1.976436565502669662208745648968e+00;8.927571442117629985091298294719e-01;7.864199948001837636724076219252e-01;1.013862028676289495088269632106e-01;2.167655898670258537291877232178e-03;0.000000000000000000000000000000e+00;0.000000000000000000000000000000e+00;1.000000000000000000000000000000e+00;3.730863946614135066588008315946e-05
2.510000000000000000000000000000e+02;1.756127605142882575073315365444e-01;3.435059644554176033759418373847e-02;2.358046254337250839661077606024e-03;1.855940959883590091195060267637e+00;9.138611767369537730587580881547e-01;7.864199948001837636724076219252e-01;1.013280527465172387024949784973e-01;2.250336107056278255045267400192e-03;0.000000000000000000000000000000e+00;0.000000000000000000000000000000e+00;1.000000000000000000000000000000e+00;3.865019374016083404969543191321e-05
2.520000000000000000000000000000e+02;1.763389158245196597363246837631e-01;3.427518947340075367025136188204e-02;2.366516208484415427493186001584e-03;1.970714773666510266636464621115e+00;8.791115946222282095945388391556e-01;7.864199948001837636724076219252e-01;1.012677263769373170454457522283e-01;2.198212000621146532813865448475e-03;0.000000000000000000000000000000e+00;0.000000000000000000000000000000e+00;1.000000000000000000000000000000e+00;3.767206641199656976448303935534e-05
2.530000000000000000000000000000e+02;1.771308816186482337773355766330e-01;3.420133114743539176627606934744e-02;2.374738655195254323493347925478e-03;1.856500459005742342810663103592e+00;8.522664143673988057514634419931e-01;7.864199948001837636724076219252e-01;1.012088433415135324544564809912e-01;2.401762528379417470369983078626e-03;0.000000000000000000000000000000e+00;0.000000000000000000000000000000e+00;1.000000000000000000000000000000e+00;4.107173778530307293012716063352e-05
2.540000000000000000000000000000e+02;1.778305368506890027369138351787e-01;3.412040713318292839417722461803e-02;2.383665818154558947716825656471e-03;1.970819824023541722013419530413e+00;9.047642187937172675304964286624e-01;7.864199948001837636724076219252e-01;1.011445526143222306547642119767e-01;2.126127751192180299205647386884e-03;0.000000000000000000000000000000e+00;0.000000000000000000000000000000e+00;1.000000000000000000000000000000e+00;3.627217224391792788811342274080e-05
2.550000000000000000000000000000e+02;1.785220190992543587427121565270e-01;3.404859633772095578452265840497e-02;2.391517348786075230354652987330e-03;1.999999999999999333866185224906e+00;8.985906881664398326847731368616e-01;7.864199948001837636724076219252e-01;1.010876936190036046170348527085e-01;2.105061526164598087462742626030e-03;0.000000000000000000000000000000e+00;0.000000000000000000000000000000e+00;1.000000000000000000000000000000e+00;3.583719508522260319182198284871e-05
2.560000000000000000000000000000e+02;1.792952877276754175550621539514e-01;3.397733353368111858250344425869e-02;2.399244850369140584500637913834e-03;1.848609626023097085578683618223e+00;8.660036517246523235513677718700e-01;7.864199948001837636724076219252e-01;1.010314416452712804606051122391e-01;2.358206599793918369079026575719e-03;0.000000000000000000000000000000e+00;0.000000000000000000000000000000e+00;1.000000000000000000000000000000e+00;4.006278609126301642855139117927e-05
2.570000000000000000000000000000e+02;1.800926312227908443475143940304e-01;3.389730337028433460044851699422e-02;2.407848332306136360236870075369e-03;1.836772167157723956165682466235e+00;8.415819508460017361883842568204e-01;7.864199948001837636724076219252e-01;1.009684689225078535468327345370e-01;2.436525372190032415198324144967e-03;0.000000000000000000000000000000e+00;0.000000000000000000000000000000e+00;1.000000000000000000000000000000e+00;4.129581985526022965644551976361e-05
2.580000000000000000000000000000e+02;1.807999959540046719386197082713e-01;3.381441157699942995362718534125e-02;2.416677701755309999598342329818e-03;1.962213409498177352219272506773e+00;8.839408671344752832510494044982e-01;7.864199948001837636724076219252e-01;1.009034609081298217159172736501e-01;2.166156711541493938566471655349e-03;0.000000000000000000000000000000e+00;0.000000000000000000000000000000e+00;1.000000000000000000000000000000e+00;3.662365729217185387599914347945e-05
2.590000000000000000000000000000e+02;1.815504905588440354158308309707e-01;3.374056325395360933505628509010e-02;1.660226933567030861704783006871e-03;1.851641716510287860586458918988e+00;8.793160310193430806435799240717e-01;7.005074693310142652791228101705e-01;9.059125646577705082140852255179e-02;2.302543646005164503648421359117e-03;0.000000000000000000000000000000e+00;0.000000000000000000000000000000e+00;0.000000000000000000000000000000e+00;3.884455976651311970770583115176e-05
2.600000000000000000000000000000e+02;1.822922735514694581038241949500e-01;3.366189656812380859296496282695e-02;1.666217077571295309204590928687e-03;1.917387081159191986046153033385e+00;8.554069289985564150669006266980e-01;7.005074693310142652791228101705e-01;9.053779036758946574536821572110e-02;2.280413015412316619923149829674e-03;0.000000000000000000000000000000e+00;0.000000000000000000000000000000e+00;1.000000000000000000000000000000e+00;3.838151352870637888483815181040e-05
2.610000000000000000000000000000e+02;1.830146676326315779981257492182e-01;3.358382736417368091830226717320e-02;1.672109255616516850645458802660e-03;1.849827929210378973934325586015e+00;9.065054204337537058222551422659e-01;7.005074693310142652791228101705e-01;9.048488563795492600760894674750e-02;2.225286543828798764554921518766e-03;0.000000000000000000000000000000e+00;0.000000000000000000000000000000e+00;1.000000000000000000000000000000e+00;3.736681956188255958762473030177e-05
2.620000000000000000000000000000e+02;1.837146161712464031978697676095e-01;3.350750062069653145702119445559e-02;1.677820281654532818746417000000e-03;1.984382401323614875110479260911e+00;8.684325743255769669559640533407e-01;7.005074693310142652791228101705e-01;9.043330703315885510384930512373e-02;2.160419322426763901606738826899e-03;0.000000000000000000000000000000e+00;0.000000000000000000000000000000e+00;1.000000000000000000000000000000e+00;3.619512589358978471749950234226e-05
2.630000000000000000000000000000e+02;1.844104408328133271055548902950e-01;3.343326799559168810427323137446e-02;1.683328339967486231634752336106e-03;1.955847126086328158223182072106e+00;8.826534726476438219577858035336e-01;7.005074693310142652791228101705e-01;9.038327756516473243664222536609e-02;2.151845962865036720329525721240e-03;0.000000000000000000000000000000e+00;0.000000000000000000000000000000e+00;1.000000000000000000000000000000e+00;3.597162138084940855237495171970e-05
2.640000000000000000000000000000e+02;1.851219170778109490704821382678e-01;3.335920508558908037510803978876e-02;1.688779075602968608380005655079e-03;1.977986289119209928344389481936e+00;8.500369734403159238667058161809e-01;7.005074693310142652791228101705e-01;9.033349061727541373656436007877e-02;2.204510088864718338197423719294e-03;0.000000000000000000000000000000e+00;0.000000000000000000000000000000e+00;1.000000000000000000000000000000e+00;3.677035208384417109802114187467e-05
2.650000000000000000000000000000e+02;1.858054082936305417828037889194e-01;3.328320336857736733149337737814e-02;1.694326803141059639007393045063e-03;1.973625798389210705963137115759e+00;8.830061947723628623663216785644e-01;7.005074693310142652791228101705e-01;9.028252984543623516078270085927e-02;2.122042342332096463014545761894e-03;0.000000000000000000000000000000e+00;0.000000000000000000000000000000e+00;1.000000000000000000000000000000e+00;3.531418341828572156435722684265e-05
2.660000000000000000000000000000e+02;1.866091948526375499106677580130e-01;3.320993410306135457110698894212e-02;1.699631950804900799509300490797e-03;1.747685753021573029641899665876e+00;8.444359534910805820118184783496e-01;7.005074693310142652791228101705e-01;9.023352211059504357493210591201e-02;2.500319123327948526991360012062e-03;0.000000000000000000000000000000e+00;0.000000000000000000000000000000e+00;1.000000000000000000000000000000e+00;4.151771666117266254602061192891e-05
2.670000000000000000000000000000e+02;1.873324715062816836486092597625e-01;3.312345087067913862455270646024e-02;1.705840292077332939757461360841e-03;1.969514096428066185495708850794e+00;8.286532275713787143445188121404e-01;7.005074693310142652791228101705e-01;9.017582434716765737992005824708e-02;2.255075813092396411901896513541e-03;0.000000000000000000000000000000e+00;0.000000000000000000000000000000e+00;1.000000000000000000000000000000e+00;3.734794645231140049548845816219e-05
2.680000000000000000000000000000e+02;1.880923292233991350741462156293e-01;3.304533926340331995152865829368e-02;1.711398618865233841115913726583e-03;1.815936969653440868910365679767e+00;8.516754982875267554476295117638e-01;7.005074693310142652791228101705e-01;9.012384599548911578992260729137e-02;2.374065965060859640517465507514e-03;0.000000000000000000000000000000e+00;0.000000000000000000000000000000e+00;1.000000000000000000000000000000e+00;3.922590762456756256076895184037e-05
2.690000000000000000000000000000e+02;1.888217156845459210323667775810e-01;3.296298385662878305257805777728e-02;1.693998020443122833750271283293e-03;1.908363094913732238566694832116e+00;8.403178790601469883014829065360e-01;6.668198225468144890726307494333e-01;8.561928977597207945926527372649e-02;2.283912151018318865275391615910e-03;0.000000000000000000000000000000e+00;0.000000000000000000000000000000e+00;0.000000000000000000000000000000e+00;3.764227968198758099730924508997e-05
2.700000000000000000000000000000e+02;1.895632477845537455785063229996e-01;3.288365174645611205272999200133e-02;1.699426588063891610871913862013e-03;1.865010682693943211418741157104e+00;8.419297865025002769456818896288e-01;6.668198225468144890726307494333e-01;8.556920218783534148876412928075e-02;2.326913998732437795224914367509e-03;0.000000000000000000000000000000e+00;0.000000000000000000000000000000e+00;1.000000000000000000000000000000e+00;3.825871478913556031830819903483e-05
2.710000000000000000000000000000e+02;1.902740179175557155843989676214e-01;3.280272150337017189603017186528e-02;1.704918652901037849980991900622e-03;1.945750536358474835907372835209e+00;8.380054140430346354406765385647e-01;6.668198225468144890726307494333e-01;8.551822416745519239711370573787e-02;2.235287471994966846527974624337e-03;0.000000000000000000000000000000e+00;0.000000000000000000000000000000e+00;1.000000000000000000000000000000e+00;3.666175621191162587635473113501e-05
2.720000000000000000000000000000e+02;1.910017422514011520284782363888e-01;3.272488938136861036376501488121e-02;1.710157454857321205829445709412e-03;1.883925990091138036319762250059e+00;8.415514740689415962293651318760e-01;6.668198225468144890726307494333e-01;8.546930748849314307680202773554e-02;2.293459921342923257814305770808e-03;0.000000000000000000000000000000e+00;0.000000000000000000000000000000e+00;1.000000000000000000000000000000e+00;3.752661111327475711553838810808e-05
2.730000000000000000000000000000e+02;1.917100893979178377612981876155e-01;3.264494087364923358141055587112e-02;1.715495460832860410635425374437e-03;1.939242158582491493135080418142e+00;8.360265191225224601367926879902e-01;6.668198225468144890726307494333e-01;8.541916969207355436743966947688e-02;2.237284836805848112911698777339e-03;0.000000000000000000000000000000e+00;0.000000000000000000000000000000e+00;1.000000000000000000000000000000e+00;3.651801560751945268301285607571e-05
2.740000000000000000000000000000e+02;1.924289750019714528850300894192e-01;3.256687155542318384826572241764e-02;1.720666328231445097590723847247e-03;1.875400068942969955543276228127e+00;8.479545997563171511046675732359e-01;6.668198225468144890726307494333e-01;8.537031407231704394078519726463e-02;2.275448464594605636063251452583e-03;0.000000000000000000000000000000e+00;0.000000000000000000000000000000e+00;1.000000000000000000000000000000e+00;3.705211893871870025432904705021e-05
2.750000000000000000000000000000e+02;1.931610174837252447144209099861e-01;3.248739188613835454644274136626e-02;1.725888934599039293421585128385e-03;1.835453091893050059368874826760e+00;8.468998729115330137418027334206e-01;6.668198225468144890726307494333e-01;8.532067820852770601014469775691e-02;2.322185881257061729893154122806e-03;0.000000000000000000000000000000e+00;0.000000000000000000000000000000e+00;1.000000000000000000000000000000e+00;3.772088137842784732285325577372e-05
2.760000000000000000000000000000e+02;1.938701954681842920535927987657e-01;3.240620293143820634940155400727e-02;1.731181075369740435948573420433e-03;1.931384178969659526359237133875e+00;8.268401742470162796294630425109e-01;6.668198225468144890726307494333e-01;8.527007855463271390750179534734e-02;2.254734439695144868759379974676e-03;0.000000000000000000000000000000e+00;0.000000000000000000000000000000e+00;1.000000000000000000000000000000e+00;3.653369090463174149010019964301e-05
2.770000000000000000000000000000e+02;1.945795975039543157514287941012e-01;3.232730758635023876612635262973e-02;1.736282884362258353838637248145e-03;1.937093677345497200192880882241e+00;8.203288486600879281240850104950e-01;6.668198225468144890726307494333e-01;8.522100595423129365535430679301e-02;2.260416233981697633342866637918e-03;0.000000000000000000000000000000e+00;0.000000000000000000000000000000e+00;1.000000000000000000000000000000e+00;3.653658543455288342698475401171e-05
2.780000000000000000000000000000e+02;1.953125831554593516692364119081e-01;3.224815155868256122406734220931e-02;1.741361680557389603543616551917e-03;1.830564213041467880316304217558e+00;8.362240714893169890586932524457e-01;6.668198225468144890726307494333e-01;8.517186521540245913719502368622e-02;2.340748124258286953780494599187e-03;0.000000000000000000000000000000e+00;0.000000000000000000000000000000e+00;1.000000000000000000000000000000e+00;3.774240013589156894418738530383e-05
2.790000000000000000000000000000e+02;1.960554387953120647480886873382e-01;3.216611921489315184530255464779e-02;1.532101140020884549527990792228e-03;1.821296507400065989301651825372e+00;8.252938689969757657394211491919e-01;4.705995945189098694783069731784e-01;5.967278135970754959771511494182e-02;2.377753798788008205572497288927e-03;0.000000000000000000000000000000e+00;0.000000000000000000000000000000e+00;0.000000000000000000000000000000e+00;3.824155607774007697031298791401e-05
2.800000000000000000000000000000e+02;1.967797965360530698664121018737e-01;3.208273137259826796041650709412e-02;1.536532758229754548964796079247e-03;1.888094344646706224111198935134e+00;8.123901260112731392837304156274e-01;4.705995945189098694783069731784e-01;5.963564724041971881751678097316e-02;2.324023407158155429125256929979e-03;0.000000000000000000000000000000e+00;0.000000000000000000000000000000e+00;1.000000000000000000000000000000e+00;3.728050933774284218932479340047e-05
2.810000000000000000000000000000e+02;1.975153122669753846807338959479e-01;3.200117964007943849313875261942e-02;1.540833359237656898996227106124e-03;1.828396794979478379161719203694e+00;8.221794868802030364918209670577e-01;4.705995945189098694783069731784e-01;5.959939820448108271921938694504e-02;2.365300861139582686704097014285e-03;0.000000000000000000000000000000e+00;0.000000000000000000000000000000e+00;1.000000000000000000000000000000e+00;3.784620888008119010507968038581e-05
2.820000000000000000000000000000e+02;1.982131434619517074136041401289e-01;3.191820552825135048902183143582e-02;1.545179353628616880991786253219e-03;1.920854259895091287191348783381e+00;8.207044434025545509570065405569e-01;4.705995945189098694783069731784e-01;5.956255070665380374483888203940e-02;2.249648972808721524019315296528e-03;0.000000000000000000000000000000e+00;0.000000000000000000000000000000e+00;1.000000000000000000000000000000e+00;3.590237914026416296683560935854e-05
2.830000000000000000000000000000e+02;1.989351852129449538253425089351e-01;3.183938942167684887918355229885e-02;1.549270072126546649721179349513e-03;1.838686942776045052383437905519e+00;8.247180524531740886118313937914e-01;4.705995945189098694783069731784e-01;5.952709907021846991170832552598e-02;2.332968786547286871302375743653e-03;0.000000000000000000000000000000e+00;0.000000000000000000000000000000e+00;1.000000000000000000000000000000e+00;3.714015085174797697453036304793e-05
2.840000000000000000000000000000e+02;1.996140451197397913674080882629e-01;3.175761632423028391070118914286e-02;1.553482702159585809864594807550e-03;1.914394769173374477588822628604e+00;8.383469120929213369564081403951e-01;4.705995945189098694783069731784e-01;5.949037636587094224349669957519e-02;2.198619725861629230212468399941e-03;0.000000000000000000000000000000e+00;0.000000000000000000000000000000e+00;1.000000000000000000000000000000e+00;3.491146084839899115014397179557e-05
2.850000000000000000000000000000e+02;2.003102702176257077226750880072e-01;3.168052960852651978029825841077e-02;1.557424852569772770818912199786e-03;1.806856454070404405243266410253e+00;8.620593467029282752633889685967e-01;4.705995945189098694783069731784e-01;5.945581166179992466114256899345e-02;2.259899402830393283503340740026e-03;0.000000000000000000000000000000e+00;0.000000000000000000000000000000e+00;1.000000000000000000000000000000e+00;3.579740497182983650177254264513e-05
2.860000000000000000000000000000e+02;2.010169372003555721128975619649e-01;3.160126794058666643838506615793e-02;1.561449197898161960276763871036e-03;1.908128814853553123498386412393e+00;8.003848161793010174136497880681e-01;4.705995945189098694783069731784e-01;5.942032425676210816156697092083e-02;2.299087327662626203950146930310e-03;0.000000000000000000000000000000e+00;0.000000000000000000000000000000e+00;1.000000000000000000000000000000e+00;3.632703733013700097198225846817e-05
2.870000000000000000000000000000e+02;2.017226256528479588769897645761e-01;3.152060962556565287817633702616e-02;1.565514614367654678064867290743e-03;1.853064843859894228472739996505e+00;8.212672348956644441386742983013e-01;4.705995945189098694783069731784e-01;5.938426463228620860723694363514e-02;2.301319860944461576784947354213e-03;0.000000000000000000000000000000e+00;0.000000000000000000000000000000e+00;1.000000000000000000000000000000e+00;3.626950248019571149517628616543e-05
2.880000000000000000000000000000e+02;2.024362465440565639340775305755e-01;3.143985641755735194191601067359e-02;1.569555035149306464192786592093e-03;1.819580947382112734445058777055e+00;8.230113143619426363528646106715e-01;4.705995945189098694783069731784e-01;5.934821466269139117466480115581e-02;2.332710574567877209045674291588e-03;0.000000000000000000000000000000e+00;0.000000000000000000000000000000e+00;1.000000000000000000000000000000e+00;3.667004276406588149763224326882e-05
2.890000000000000000000000000000e+02;2.031335163252040998393965764990e-01;3.135798801355101778076672758289e-02;1.248870558902367760775731220235e-03;1.842520644994741774169710879505e+00;8.276590890439444736514928990800e-01;6.830076917671873415471850421454e-01;9.003556822435954121175427644630e-02;2.284766534507872565162855948984e-03;0.000000000000000000000000000000e+00;0.000000000000000000000000000000e+00;0.000000000000000000000000000000e+00;3.582284080143018556094403059831e-05
2.900000000000000000000000000000e+02;2.037917315594599820816057444972e-01;3.127779629047809650810307857682e-02;1.252380731412715969552706951617e-03;1.933322087042702808190597352223e+00;8.314774276293761534617487996002e-01;6.830076917671873415471850421454e-01;8.998476394103976927496546522889e-02;2.161916723601037867291685401483e-03;0.000000000000000000000000000000e+00;0.000000000000000000000000000000e+00;1.000000000000000000000000000000e+00;3.380999543888555053730571309245e-05
2.910000000000000000000000000000e+02;2.044915458662771301501237530829e-01;3.120191760775424538731925849788e-02;1.255675780168727297819719623817e-03;1.872754429475228299395439535147e+00;8.035685788202902024579543649452e-01;6.830076917671873415471850421454e-01;8.993673711823205185744711798179e-02;2.303748135427497768790150445284e-03;0.000000000000000000000000000000e+00;0.000000000000000000000000000000e+00;1.000000000000000000000000000000e+00;3.594067975531312520310472935492e-05
2.920000000000000000000000000000e+02;2.052091911911507193799764081632e-01;3.112105538561538847774912142086e-02;1.259159372463675933412341478856e-03;1.827683197703744655271407282271e+00;7.989128950299052567274316061230e-01;6.830076917671873415471850421454e-01;8.988560236651621515591159550240e-02;2.368162265278127634471339035827e-03;0.000000000000000000000000000000e+00;0.000000000000000000000000000000e+00;1.000000000000000000000000000000e+00;3.684985450992249618462626159499e-05
2.930000000000000000000000000000e+02;2.058675207591388334193993614463e-01;3.103793389824624840422906402182e-02;1.262710659078332279051104514167e-03;1.927174766962224339295062236488e+00;8.216816781442038974958563812834e-01;6.830076917671873415471850421454e-01;8.983308687719339380439720343929e-02;2.177838096470886483646545173087e-03;0.000000000000000000000000000000e+00;0.000000000000000000000000000000e+00;1.000000000000000000000000000000e+00;3.379779743967291084612639129325e-05
2.940000000000000000000000000000e+02;2.065395638040057879614153080183e-01;3.096150758685481049758969618324e-02;1.265949680901274753547225415673e-03;1.922977692336176769316580248415e+00;8.028336716055286537141455482924e-01;6.830076917671873415471850421454e-01;8.978484256832873489084789753178e-02;2.228331321420552995488106873267e-03;0.000000000000000000000000000000e+00;0.000000000000000000000000000000e+00;1.000000000000000000000000000000e+00;3.449624855709432984067486227531e-05
2.950000000000000000000000000000e+02;2.072159218396034952025530628816e-01;3.088331842868412974167924289759e-02;1.269237698185758222296781738692e-03;1.918039868590619922983364631364e+00;7.958606736500890566077259791200e-01;6.830076917671873415471850421454e-01;8.973552472145916725221326259998e-02;2.247950658865776468742225802089e-03;0.000000000000000000000000000000e+00;0.000000000000000000000000000000e+00;1.000000000000000000000000000000e+00;3.471208800486103035346299727770e-05
2.960000000000000000000000000000e+02;2.078602345250820104816114053392e-01;3.080445494515103924126897538827e-02;1.272528000537926674839983576248e-03;1.977680654400274740112308791140e+00;8.062488466834908384939240022504e-01;6.830076917671873415471850421454e-01;8.968582018975565506302416451945e-02;2.146573421194745891898980616475e-03;0.000000000000000000000000000000e+00;0.000000000000000000000000000000e+00;1.000000000000000000000000000000e+00;3.306201211982614173671285451306e-05
2.970000000000000000000000000000e+02;2.085310800776906947628930311112e-01;3.072916900203738824193244738581e-02;1.275644863814894437031854934617e-03;1.916806450366007830155012925388e+00;7.951695499767341690500188633450e-01;6.830076917671873415471850421454e-01;8.963840520848362358741212574387e-02;2.240114944538339116636427306162e-03;0.000000000000000000000000000000e+00;0.000000000000000000000000000000e+00;1.000000000000000000000000000000e+00;3.441843535735413184490152915807e-05
2.980000000000000000000000000000e+02;2.092231837254993620511811514007e-01;3.065061981931488377384198429354e-02;1.278871905896224138096672895415e-03;1.837901524216538851064228765608e+00;7.998518172808187776112731626199e-01;6.830076917671873415471850421454e-01;8.958896977156657892571445245267e-02;2.316674284988624616526964317131e-03;0.000000000000000000000000000000e+00;0.000000000000000000000000000000e+00;1.000000000000000000000000000000e+00;3.550375137718473679158612266171e-05
2.990000000000000000000000000000e+02;2.099318198095500576094707412267e-01;3.056940928021787198809455787796e-02;1.424876239963629312793025327721e-03;1.859420133326794788430902372056e+00;7.681817038334752822947848471813e-01;5.207859771354343969562705751741e-01;6.566457409039125336924769271718e-02;2.377951808036866260254171834276e-03;0.000000000000000000000000000000e+00;0.000000000000000000000000000000e+00;0.000000000000000000000000000000e+00;3.634629103425652299182505022834e-05
3.000000000000000000000000000000e+02;2.106102954346221189929622141790e-01;3.048607972315059769230494168823e-02;1.428360292103627573676027928684e-03;1.850702335205270721019132906804e+00;8.018481143518885190246692218352e-01;5.207859771354343969562705751741e-01;6.562411532548312331769579941465e-02;2.282603013929785512603487518390e-03;0.000000000000000000000000000000e+00;0.000000000000000000000000000000e+00;1.000000000000000000000000000000e+00;3.479380872948365356709526929890e-05
3.010000000000000000000000000000e+02;2.112811348823904200600054537063e-01;3.040612895783066649268988612675e-02;1.431678403097588108197624201523e-03;1.908771090060344732819430646487e+00;7.822996481004723667851408208662e-01;5.207859771354343969562705751741e-01;6.558533207396541331313244427292e-02;2.262515901130206577573922288593e-03;0.000000000000000000000000000000e+00;0.000000000000000000000000000000e+00;1.000000000000000000000000000000e+00;3.439717512945376806611161302207e-05
3.020000000000000000000000000000e+02;2.119633238999391044998787947407e-01;3.032691851707056129860973214818e-02;1.434942207323306340854829343812e-03;1.851116867481068295475665763661e+00;7.892262374672808222797470989462e-01;5.207859771354343969562705751741e-01;6.554694055164955734937848319532e-02;2.306483871457700503965204674728e-03;0.000000000000000000000000000000e+00;0.000000000000000000000000000000e+00;1.000000000000000000000000000000e+00;3.497427421531756116385158961180e-05
3.030000000000000000000000000000e+02;2.126901728305735095325701422553e-01;3.024620719224493589627478229431e-02;1.438243953347929753039391442826e-03;1.798394638973402015480473892239e+00;7.584964842142083440990063536447e-01;5.207859771354343969562705751741e-01;6.550785376389686720521865481714e-02;2.463711450971147083610635064588e-03;0.000000000000000000000000000000e+00;0.000000000000000000000000000000e+00;1.000000000000000000000000000000e+00;3.725896350398985080749209020112e-05
3.040000000000000000000000000000e+02;2.133561629059345099435063275450e-01;3.016003580349064377985612850352e-02;1.441742702500238733354098741302e-03;1.897550983960473169886995492561e+00;7.802085267726510675601048205863e-01;5.207859771354343969562705751741e-01;6.546615728769913933327018185082e-02;2.263524489154176196764600703659e-03;0.000000000000000000000000000000e+00;0.000000000000000000000000000000e+00;1.000000000000000000000000000000e+00;3.413398981748391698221381518330e-05
3.050000000000000000000000000000e+02;2.139989380247807604362719757773e-01;3.008092179595708848260926515650e-02;1.444931179654267150436197653107e-03;1.893255830838860287457237063791e+00;8.060838337930329444702692853753e-01;5.207859771354343969562705751741e-01;6.542790590272043460551287807903e-02;2.190075650877556807244461722917e-03;0.000000000000000000000000000000e+00;0.000000000000000000000000000000e+00;1.000000000000000000000000000000e+00;3.293974719063880618897394159106e-05
3.060000000000000000000000000000e+02;2.146787680060117942115738287612e-01;3.000442417627510044431105029616e-02;1.447992821576964605698178978344e-03;1.835586453718289989822665120300e+00;7.821892997640694789041049261868e-01;5.207859771354343969562705751741e-01;6.539094595272232357530128865619e-02;2.321967156441121643561942278211e-03;0.000000000000000000000000000000e+00;0.000000000000000000000000000000e+00;1.000000000000000000000000000000e+00;3.483464374261937657011045654798e-05
3.070000000000000000000000000000e+02;2.153406386819575746294219698029e-01;2.992336726386685130663067866408e-02;1.451214208416948779623023568774e-03;1.815137773912086416316924442071e+00;8.081850504736147744466734366142e-01;5.207859771354343969562705751741e-01;6.535181043380722254454440189875e-02;2.266457323957418550086639896790e-03;0.000000000000000000000000000000e+00;0.000000000000000000000000000000e+00;1.000000000000000000000000000000e+00;3.391001744632934645487173930256e-05
3.080000000000000000000000000000e+02;2.160152106585988829312583447972e-01;2.984430587260930578530349066568e-02;1.454333966825357331645318659241e-03;1.885034524805553557413873022597e+00;7.596242635315584301736180350417e-01;5.207859771354343969562705751741e-01;6.531366435292423888725465985772e-02;2.315798860249481446599295608735e-03;0.000000000000000000000000000000e+00;0.000000000000000000000000000000e+00;1.000000000000000000000000000000e+00;3.455670476236276638520861226311e-05
3.090000000000000000000000000000e+02;2.166478452101229801307624711626e-01;2.976358103439409596990827822083e-02;1.990863446728498211552027541416e-03;1.953913847650197155303430918138e+00;7.773037916264129432164509125869e-01;6.661549188106553609500792845211e-01;8.335586091097825500728646375137e-02;2.177441401034384532015009128258e-03;0.000000000000000000000000000000e+00;0.000000000000000000000000000000e+00;0.000000000000000000000000000000e+00;3.240422679366576006994640768433e-05
3.100000000000000000000000000000e+02;2.172925133788658480504807357647e-01;2.968774215854108611267747619422e-02;1.994869036187560569495236251214e-03;1.949659314744269344998883752851e+00;7.606488153532651175225964834681e-01;6.661549188106553609500792845211e-01;8.330911937630489094708252650889e-02;2.224291682313671476844962882069e-03;0.000000000000000000000000000000e+00;0.000000000000000000000000000000e+00;1.000000000000000000000000000000e+00;3.301709897495792828776492444653e-05
3.110000000000000000000000000000e+02;2.179418385966847560020198670827e-01;2.961033018944558489748963836519e-02;1.998930605502168694753706290612e-03;1.811230891169829382292277841771e+00;8.087635486421429487080558828893e-01;6.661549188106553609500792845211e-01;8.326143702014220104867803229354e-02;2.245977261381908000881235665247e-03;0.000000000000000000000000000000e+00;0.000000000000000000000000000000e+00;1.000000000000000000000000000000e+00;3.325206415375251377264387286914e-05
3.120000000000000000000000000000e+02;2.186347777477853360217352474137e-01;2.953222732663088323512567967555e-02;2.003000913586352842166160570514e-03;1.796226780684737622806323997793e+00;7.602367347921318296855019980285e-01;6.661549188106553609500792845211e-01;8.321335732840136334420577668425e-02;2.402944140498615519657699124423e-03;0.000000000000000000000000000000e+00;0.000000000000000000000000000000e+00;1.000000000000000000000000000000e+00;3.548214630520038687967743218366e-05
3.130000000000000000000000000000e+02;2.192792834891439945899094254855e-01;2.944873440102533171391918642712e-02;2.007321836390105456587873433705e-03;1.940933074664838775547082150297e+00;7.522477369372808642111749577452e-01;6.661549188106553609500792845211e-01;8.316198956825920918234373857558e-02;2.241055825392644900578842381833e-03;0.000000000000000000000000000000e+00;0.000000000000000000000000000000e+00;1.000000000000000000000000000000e+00;3.299812888992929946641724514578e-05
3.140000000000000000000000000000e+02;2.199375155786202906682547109085e-01;2.937094534952698274277160805923e-02;2.011319657601381462319611870271e-03;1.820101837373240272199836908840e+00;7.813894367610912938815204142884e-01;6.661549188106553609500792845211e-01;8.311415773514052585113631721470e-02;2.294627487734538992536492685304e-03;0.000000000000000000000000000000e+00;0.000000000000000000000000000000e+00;1.000000000000000000000000000000e+00;3.369768926988677153113588280675e-05
3.150000000000000000000000000000e+02;2.205822980075867190130622930155e-01;2.929136992296495906051845281581e-02;2.015381667826224125483758342625e-03;1.936728852913184972805993311340e+00;7.456717030867012763195589286624e-01;6.661549188106553609500792845211e-01;8.306525293158661948922372175730e-02;2.253620003393851187883933917533e-03;0.000000000000000000000000000000e+00;0.000000000000000000000000000000e+00;1.000000000000000000000000000000e+00;3.300580859260141778493968800490e-05
3.160000000000000000000000000000e+02;2.212552413295546527294277439069e-01;2.921329490363959099918922390771e-02;2.019340170981944425354637218106e-03;1.809559995966340650852544058580e+00;7.606715634847380780314551884658e-01;6.661549188106553609500792845211e-01;8.301729412704673960465839854805e-02;2.358130663377098860944425240405e-03;0.000000000000000000000000000000e+00;0.000000000000000000000000000000e+00;1.000000000000000000000000000000e+00;3.444438324527522744941329668755e-05
3.170000000000000000000000000000e+02;2.219092682067913546717363715288e-01;2.913167901062007139612042294630e-02;2.023449940887146053514200616519e-03;1.888006925896219545535359429778e+00;7.460402092120038686218208567880e-01;6.661549188106553609500792845211e-01;8.296718438750474988729877168225e-02;2.298037906913983317858107824350e-03;0.000000000000000000000000000000e+00;0.000000000000000000000000000000e+00;1.000000000000000000000000000000e+00;3.347285132922767493350579837141e-05
3.180000000000000000000000000000e+02;2.225807863208374426378099997237e-01;2.905223071198385215163639827551e-02;2.027423048218389336344591455941e-03;1.800866472806256446403949667001e+00;7.576809404644477830004234419903e-01;6.661549188106553609500792845211e-01;8.291842799714146949874304937111e-02;2.365751365697155422090913745592e-03;0.000000000000000000000000000000e+00;0.000000000000000000000000000000e+00;1.000000000000000000000000000000e+00;3.436517724171232843633633224911e-05
3.190000000000000000000000000000e+02;2.232545915759445165349461603910e-01;2.897055774182615700551579607236e-02;1.661177966589012615361564684235e-03;1.811794138945967524989555386128e+00;7.464630074006717297407931255293e-01;6.417953664615472231247395029641e-01;8.049944023611647903049259866748e-02;2.380110971533571425501341067843e-03;0.000000000000000000000000000000e+00;0.000000000000000000000000000000e+00;0.000000000000000000000000000000e+00;3.447657116638363242145867704203e-05
3.200000000000000000000000000000e+02;2.239158675882881310847949407616e-01;2.888857525920594457313761438400e-02;1.664528890656534823588863503119e-03;1.836990432197445510809075130965e+00;7.459986315835920311911877433886e-01;6.417953664615472231247395029641e-01;8.045122440692366316827843775172e-02;2.342279346952000611964406218135e-03;0.000000000000000000000000000000e+00;0.000000000000000000000000000000e+00;1.000000000000000000000000000000e+00;3.383255659625331702262604482989e-05
3.210000000000000000000000000000e+02;2.245009526240464570179256043048e-01;2.880809975888051766013120413845e-02;1.667798450772332722116808589874e-03;1.995283184566285950012343164417e+00;7.720506709486711915957357632578e-01;6.417953664615472231247395029641e-01;8.040384621726986980050355668936e-02;2.077886184747298331521037084713e-03;0.000000000000000000000000000000e+00;0.000000000000000000000000000000e+00;1.000000000000000000000000000000e+00;2.992997624889990048195273497633e-05
3.220000000000000000000000000000e+02;2.251646616008725620972086289839e-01;2.873693086591162446086222814756e-02;1.670694607365952148725352088832e-03;1.835205661491582596056559850695e+00;7.363381888393593088792954404198e-01;6.417953664615472231247395029641e-01;8.036200723538704238091412435097e-02;2.362848129017838371551674114812e-03;0.000000000000000000000000000000e+00;0.000000000000000000000000000000e+00;1.000000000000000000000000000000e+00;3.395050166511713368635433374365e-05
3.230000000000000000000000000000e+02;2.257485005545113165847936897990e-01;2.865608247535616701084926205567e-02;1.673962158287908147391576108021e-03;1.995564175415718066730619284499e+00;7.655523661942529312085525816656e-01;6.417953664615472231247395029641e-01;8.031449035411170056519836180087e-02;2.084172719784824646255261271222e-03;0.000000000000000000000000000000e+00;0.000000000000000000000000000000e+00;1.000000000000000000000000000000e+00;2.986211267552065363843627476825e-05
3.240000000000000000000000000000e+02;2.263787479582197725846981484210e-01;2.858486266610555867617726732988e-02;1.676820875280835747636598576094e-03;1.848964229228112543523820932023e+00;7.616457964479963482773428040673e-01;6.417953664615472231247395029641e-01;8.027264269724429524011100056669e-02;2.255340100442860401530609237852e-03;0.000000000000000000000000000000e+00;0.000000000000000000000000000000e+00;1.000000000000000000000000000000e+00;3.223429351825993942944753589686e-05
3.250000000000000000000000000000e+02;2.270066689991733499542903018664e-01;2.850787720317754514454122727329e-02;1.679890433828740798835599257188e-03;1.878528138292277605003732787736e+00;7.484363989802016448038557427935e-01;6.417953664615472231247395029641e-01;8.022741717238188186023251091683e-02;2.252940720699721406650173349817e-03;0.000000000000000000000000000000e+00;0.000000000000000000000000000000e+00;1.000000000000000000000000000000e+00;3.211327870587300532118080198529e-05
3.260000000000000000000000000000e+02;2.276935376159291979369925229548e-01;2.843106922847943307530726997356e-02;1.682931752667506802856323133710e-03;1.763823430213569576352483636583e+00;7.248088276647945971120634567342e-01;6.417953664615472231247395029641e-01;8.018230536202805569523377471342e-02;2.470996338795237133589832723146e-03;0.000000000000000000000000000000e+00;0.000000000000000000000000000000e+00;1.000000000000000000000000000000e+00;3.512653398580330382870023919750e-05
3.270000000000000000000000000000e+02;2.283105044864459087783359336754e-01;2.834693023483308288446025358098e-02;1.686239273288637780662257981135e-03;1.810185395768069360755703200994e+00;7.816807950199649024369819017011e-01;6.417953664615472231247395029641e-01;8.013289763054091963123681807701e-02;2.225927560038873723180508079622e-03;0.000000000000000000000000000000e+00;0.000000000000000000000000000000e+00;1.000000000000000000000000000000e+00;3.154910662610709221661403622861e-05
3.280000000000000000000000000000e+02;2.289421863899999132208051833004e-01;2.827124791506571699351013648993e-02;1.689193009760143722799985432914e-03;1.819511769358619357461748222704e+00;7.555443188541688392945161467651e-01;6.417953664615472231247395029641e-01;8.008846368278220440029002702431e-02;2.285007637956005654283897499113e-03;0.000000000000000000000000000000e+00;0.000000000000000000000000000000e+00;1.000000000000000000000000000000e+00;3.230000871023648351034601722276e-05
3.290000000000000000000000000000e+02;2.295899374780998591916159057291e-01;2.819365779618770301295782587658e-02;2.161283949232662045247810311821e-03;1.828169167726737986967577853648e+00;7.293260582380488576959010060818e-01;6.612423846230195412232433227473e-01;8.150355597826029752095422509228e-02;2.349474867039811308566665815079e-03;0.000000000000000000000000000000e+00;0.000000000000000000000000000000e+00;0.000000000000000000000000000000e+00;3.312014520103201940543630188429e-05
3.300000000000000000000000000000e+02;2.301598200615643796673737142555e-01;2.811398721833663003066838825816e-02;2.165142715409970521761584549836e-03;1.975388867049069574477471178398e+00;7.629275843398994894073439354543e-01;6.612423846230195412232433227473e-01;8.145532197349746039716222867355e-02;2.072736113794076961980294981913e-03;0.000000000000000000000000000000e+00;0.000000000000000000000000000000e+00;1.000000000000000000000000000000e+00;2.913643830509570940238278646817e-05
3.310000000000000000000000000000e+02;2.308059017803840984317531592751e-01;2.804380585364599220987713579234e-02;2.168520583780580903571211237590e-03;1.833322179006804386602880185819e+00;7.214912924080880696209305824596e-01;6.612423846230195412232433227473e-01;8.141284173674076529714227490331e-02;2.355724810481846145243656209800e-03;0.000000000000000000000000000000e+00;0.000000000000000000000000000000e+00;1.000000000000000000000000000000e+00;3.303174461488493797835588883238e-05
3.320000000000000000000000000000e+02;2.314454624845600494431607785373e-01;2.796414175164715562593720221685e-02;2.172330855825774058309729497296e-03;1.837904128270062997785316838417e+00;7.229397482312226452805248300137e-01;6.612423846230195412232433227473e-01;8.136463085451091370448040152041e-02;2.338481985653184831719375580406e-03;0.000000000000000000000000000000e+00;0.000000000000000000000000000000e+00;1.000000000000000000000000000000e+00;3.269682086523948317136750718603e-05
3.330000000000000000000000000000e+02;2.320627680760079247779259503659e-01;2.788517954886167091177462395990e-02;2.176082540420266452779740617984e-03;1.866468975223426696175010874867e+00;7.334170032387763438208594379830e-01;6.612423846230195412232433227473e-01;8.131685351629863722777713519463e-02;2.263388922929594152672061468934e-03;0.000000000000000000000000000000e+00;0.000000000000000000000000000000e+00;1.000000000000000000000000000000e+00;3.155750325239817851569190665373e-05
3.340000000000000000000000000000e+02;2.327290407437879182772633157583e-01;2.780886979547526893785658330671e-02;2.179684700677205367452815565343e-03;1.768052034241313741347312316066e+00;7.134331813562491131364140528603e-01;6.612423846230195412232433227473e-01;8.127068855440858219374433701887e-02;2.449584823780100433648909685758e-03;0.000000000000000000000000000000e+00;0.000000000000000000000000000000e+00;1.000000000000000000000000000000e+00;3.406009270873653032966899001366e-05
3.350000000000000000000000000000e+02;2.333486918083299554993459423713e-01;2.772640316677218996765930114634e-02;2.183551704187547837926475224890e-03;1.817787981615418768654990344658e+00;7.417435621815988699978561271564e-01;6.612423846230195412232433227473e-01;8.122080622211437506141606945675e-02;2.284830624561017767965021008081e-03;0.000000000000000000000000000000e+00;0.000000000000000000000000000000e+00;1.000000000000000000000000000000e+00;3.167506753218333407761536646419e-05
3.360000000000000000000000000000e+02;2.339652608239823905478260712698e-01;2.764961160672752688016728939147e-02;2.187128671140129571037746814000e-03;1.840343354110164808545846426568e+00;7.322663410884688861557378913858e-01;6.612423846230195412232433227473e-01;8.117436264519459210298180096288e-02;2.279704709740834698422640158810e-03;0.000000000000000000000000000000e+00;0.000000000000000000000000000000e+00;1.000000000000000000000000000000e+00;3.151647490118078651262500944341e-05
3.370000000000000000000000000000e+02;2.346137374166962774602041008620e-01;2.757311182866468979302254638242e-02;2.190669262603679376399945510911e-03;1.802031802012603378670974052511e+00;7.071212320437854081944806239335e-01;6.612423846230195412232433227473e-01;8.112810052797042592587217768596e-02;2.404290520379284701313338246109e-03;0.000000000000000000000000000000e+00;0.000000000000000000000000000000e+00;1.000000000000000000000000000000e+00;3.314688569350821711759561005728e-05
3.380000000000000000000000000000e+02;2.352011744466679932230590566178e-01;2.749255731054318918626933054838e-02;2.194373098843389532919267992384e-03;1.957773891641917174410991719924e+00;7.143445240676753460462578004808e-01;6.612423846230195412232433227473e-01;8.107939091785035246040536094370e-02;2.184250164639028532476139332630e-03;0.000000000000000000000000000000e+00;0.000000000000000000000000000000e+00;1.000000000000000000000000000000e+00;3.002531141595094347812762436423e-05
3.390000000000000000000000000000e+02;2.358100911099749452670693017353e-01;2.741950138373373813127642506515e-02;1.310972187074504200290925304273e-03;1.898162584704843114380423685361e+00;7.070262601186765305527615055325e-01;5.115952937058774185885567931109e-01;6.387131936444806479258318177017e-02;2.270116213134745503793299192807e-03;0.000000000000000000000000000000e+00;0.000000000000000000000000000000e+00;0.000000000000000000000000000000e+00;3.112272732364228337029535276237e-05
3.400000000000000000000000000000e+02;2.364307189456661961735051136202e-01;2.734369108442636503442102480221e-02;1.313061176981973696836769605056e-03;1.787813520735062500222056769417e+00;7.324462899927470793670636339812e-01;5.115952937058774185885567931109e-01;6.383583597261108244502736397408e-02;2.320153019519423549799075345845e-03;0.000000000000000000000000000000e+00;0.000000000000000000000000000000e+00;1.000000000000000000000000000000e+00;3.172077371716908373612542337838e-05
3.410000000000000000000000000000e+02;2.370233468497210393977070452820e-01;2.726633675112601074008722434883e-02;1.315177829865280499654911494645e-03;1.891779658067793690179314580746e+00;7.208237132127810475878959550755e-01;5.115952937058774185885567931109e-01;6.379962731892364902197556375540e-02;2.221696178792230153692388583409e-03;0.000000000000000000000000000000e+00;0.000000000000000000000000000000e+00;1.000000000000000000000000000000e+00;3.028875808481940485336961210727e-05
3.420000000000000000000000000000e+02;2.376019272199870191464299296058e-01;2.719239225078123184387024480202e-02;1.317187209312452832177253725376e-03;1.887576698430347477142277057283e+00;7.359766835779520954829990841972e-01;5.115952937058774185885567931109e-01;6.376501182819938051693497982342e-02;2.174884728209394452874692049704e-03;0.000000000000000000000000000000e+00;0.000000000000000000000000000000e+00;1.000000000000000000000000000000e+00;2.957015931485179732469796565208e-05
3.430000000000000000000000000000e+02;2.382183558778743770467656304390e-01;2.712012597471242375535283031240e-02;1.319137867831708579163807470991e-03;1.812119606693909368289041594835e+00;7.157317918515475607676989966421e-01;5.115952937058774185885567931109e-01;6.373117871263507538959203202467e-02;2.323336018502787040512780336599e-03;0.000000000000000000000000000000e+00;0.000000000000000000000000000000e+00;1.000000000000000000000000000000e+00;3.150458275169119040865287062481e-05
3.440000000000000000000000000000e+02;2.388314947424887701998841293971e-01;2.704305228041901237867605800602e-02;1.321204085272349379454048801108e-03;1.847936063697045216969172543031e+00;7.016294570996037816001944520394e-01;5.115952937058774185885567931109e-01;6.369509084725366587775852167397e-02;2.317493064545182897273623012779e-03;0.000000000000000000000000000000e+00;0.000000000000000000000000000000e+00;1.000000000000000000000000000000e+00;3.133604305200192468748229823738e-05
3.450000000000000000000000000000e+02;2.394697278695110120860789493236e-01;2.696630897433434370658034140433e-02;1.323246960613471290973963689908e-03;1.782938455256400267501248890767e+00;6.946543916247214234260809462285e-01;5.115952937058774185885567931109e-01;6.365915300668112397630693521933e-02;2.419211615347551230098543939562e-03;0.000000000000000000000000000000e+00;0.000000000000000000000000000000e+00;1.000000000000000000000000000000e+00;3.261860394688027755660114648251e-05
3.460000000000000000000000000000e+02;2.400475472963954359784111147746e-01;2.688634008585900556087544543971e-02;1.325360412745260531991453589740e-03;1.951586418184410920417803936289e+00;6.968494293533931127626601664815e-01;5.115952937058774185885567931109e-01;6.362169914501190903788341302061e-02;2.196657980293360672152669366142e-03;0.000000000000000000000000000000e+00;0.000000000000000000000000000000e+00;1.000000000000000000000000000000e+00;2.953004675524173436632589806461e-05
3.470000000000000000000000000000e+02;2.406553723617906870302363131486e-01;2.681386730708415142010458964705e-02;1.327262355375358540698904619148e-03;1.807859695685497758432802584139e+00;7.112578789390366917899655163637e-01;5.115952937058774185885567931109e-01;6.358775077296013877869995667425e-02;2.316995196241085092775380260832e-03;0.000000000000000000000000000000e+00;0.000000000000000000000000000000e+00;1.000000000000000000000000000000e+00;3.106380087157992712790580136506e-05
3.480000000000000000000000000000e+02;2.412082690899105541504354732751e-01;2.673755657446837824542384964843e-02;1.329251327398547118802119015868e-03;1.945104562028916683757984174008e+00;7.226350832521077904857520479709e-01;5.115952937058774185885567931109e-01;6.355199859857332822521414072980e-02;2.113572804939565282639213350535e-03;0.000000000000000000000000000000e+00;0.000000000000000000000000000000e+00;1.000000000000000000000000000000e+00;2.825588622316472129053326056702e-05
3.490000000000000000000000000000e+02;2.417406993776886336977582914187e-01;2.666807638359629945012940765992e-02;1.849799345740111514851955476502e-03;1.940993441923848372709926479729e+00;7.481054565225864205757488889503e-01;6.378426706856197281325648873462e-01;7.811188026664235561913329775052e-02;2.040620712636149244184613493758e-03;0.000000000000000000000000000000e+00;0.000000000000000000000000000000e+00;0.000000000000000000000000000000e+00;2.720971451726477208297831633654e-05
3.500000000000000000000000000000e+02;2.423499350309326061392312112730e-01;2.660110978537461035031697065278e-02;1.852177293365228150437418186414e-03;1.819647873829211226492930109089e+00;6.938683679905879309046667913208e-01;6.378426706856197281325648873462e-01;7.807269429199281685072264735936e-02;2.340953582699643962389268736501e-03;0.000000000000000000000000000000e+00;0.000000000000000000000000000000e+00;1.000000000000000000000000000000e+00;3.113598162792961620117318521928e-05
3.510000000000000000000000000000e+02;2.429197896621742291944912039980e-01;2.652441357521123643792293478327e-02;1.854883380445090240717931351355e-03;1.934839060656504017288170871325e+00;6.936465975695711438930857184459e-01;6.378426706856197281325648873462e-01;7.802780871935377504655662050936e-02;2.195938508985292858533000526222e-03;0.000000000000000000000000000000e+00;0.000000000000000000000000000000e+00;1.000000000000000000000000000000e+00;2.912299059902930816563434990307e-05
3.520000000000000000000000000000e+02;2.435114150775382069191721257084e-01;2.645260878082463310012606427790e-02;1.857400175411599461613998407472e-03;1.930590273054519467876843918930e+00;6.659600865290437043952920248557e-01;6.378426706856197281325648873462e-01;7.798577921835628257163364196458e-02;2.286060316089858195781614469411e-03;0.000000000000000000000000000000e+00;0.000000000000000000000000000000e+00;1.000000000000000000000000000000e+00;3.023612959544665483601656730261e-05
3.530000000000000000000000000000e+02;2.440882805906117170025027007796e-01;2.637799385837415883093726165498e-02;1.859998439635136748687704866256e-03;1.926176827244660216820193454623e+00;6.807060019988733223783583525801e-01;6.378426706856197281325648873462e-01;7.794209757693923434906935199251e-02;2.235339639795094757168669730163e-03;0.000000000000000000000000000000e+00;0.000000000000000000000000000000e+00;1.000000000000000000000000000000e+00;2.948188764494766832009037260676e-05
3.540000000000000000000000000000e+02;2.446897087813548199441981978453e-01;2.630517562511038021089149196996e-02;1.862517493012620260414702322294e-03;1.864148516684498879669718007790e+00;6.708952738582800723321497571305e-01;6.378426706856197281325648873462e-01;7.789946007622614021492779556866e-02;2.337025516101328293655514656280e-03;0.000000000000000000000000000000e+00;0.000000000000000000000000000000e+00;1.000000000000000000000000000000e+00;3.073793332070483372720631765063e-05
3.550000000000000000000000000000e+02;2.453041677466350489744684182369e-01;2.622918954843780209307269046803e-02;1.865128693287862200050897243386e-03;1.810663137040739334437944307865e+00;6.721506945062533100454515988531e-01;6.378426706856197281325648873462e-01;7.785495903555912644566916469557e-02;2.394627967810039875090621919185e-03;0.000000000000000000000000000000e+00;0.000000000000000000000000000000e+00;1.000000000000000000000000000000e+00;3.140457543283996764710980231783e-05
3.560000000000000000000000000000e+02;2.459023217904677260925438986305e-01;2.615148711357402275257122425955e-02;1.867780550914371505075162183118e-03;1.771383276023811959021259099245e+00;7.016012236243430733040327140770e-01;6.378426706856197281325648873462e-01;7.780944307018244909812665355275e-02;2.338034971436386312559907452169e-03;0.000000000000000000000000000000e+00;0.000000000000000000000000000000e+00;1.000000000000000000000000000000e+00;3.057154571330202355843724815188e-05
3.570000000000000000000000000000e+02;2.464499070501102451213881749936e-01;2.607577946099914195654534410096e-02;1.870346601765342144790826850453e-03;1.915363737271266630912691653066e+00;7.046880155802994760705360022257e-01;6.378426706856197281325648873462e-01;7.776508553626880482223526769303e-02;2.146577848394398777692737567691e-03;0.000000000000000000000000000000e+00;0.000000000000000000000000000000e+00;1.000000000000000000000000000000e+00;2.798684528529919333592057562043e-05
3.580000000000000000000000000000e+02;2.470317493524582519448529183137e-01;2.600641495600390651343758463554e-02;1.872682373781312838156853928240e-03;1.800568675755498615487226743426e+00;7.017062788990018340484766667942e-01;6.378426706856197281325648873462e-01;7.772443528988320915473764216586e-02;2.287035601884289132829097823674e-03;0.000000000000000000000000000000e+00;0.000000000000000000000000000000e+00;1.000000000000000000000000000000e+00;2.973879844087848586310120213572e-05
3.590000000000000000000000000000e+02;2.476011734197170466309501080104e-01;2.593265175059655119893520236474e-02;2.191460660794920193433776844927e-03;1.913630949267242531419697115780e+00;6.708133835858085536330008835648e-01;6.984124542001947100189340744691e-01;8.498912197744984409197854802187e-02;2.244628710218620707556036464325e-03;0.000000000000000000000000000000e+00;0.000000000000000000000000000000e+00;0.000000000000000000000000000000e+00;2.910458732574510063947394178374e-05
3.600000000000000000000000000000e+02;2.481724946451924207480033146567e-01;2.586040450907244742095869582954e-02;2.194278477841683349519597001631e-03;1.904882819800673310339789168211e+00;6.679017345710112074641529034125e-01;6.984124542001947100189340744691e-01;8.494275131625092511988839305559e-02;2.258457738151732618891998072286e-03;0.000000000000000000000000000000e+00;0.000000000000000000000000000000e+00;1.000000000000000000000000000000e+00;2.920231533762431829783466630257e-05
3.610000000000000000000000000000e+02;2.488131045420452214234074972410e-01;2.578785928033930363589831813442e-02;2.197090053982496925255585296100e-03;1.694822920018974166112002421869e+00;6.656961429220102921533452899894e-01;6.984124542001947100189340744691e-01;8.489617846327647543436256682980e-02;2.539641487233285001984262052588e-03;0.000000000000000000000000000000e+00;0.000000000000000000000000000000e+00;1.000000000000000000000000000000e+00;3.274595864764179769862070812358e-05
3.620000000000000000000000000000e+02;2.493808869792637494811060605571e-01;2.570644858586373232567368063428e-02;2.200224012143407129743488681584e-03;1.898293570290670251310416460910e+00;6.663522748210934931734072961262e-01;6.984124542001947100189340744691e-01;8.484390043369208211920806661510e-02;2.258043535764445771535369189564e-03;0.000000000000000000000000000000e+00;0.000000000000000000000000000000e+00;1.000000000000000000000000000000e+00;2.902314002838534740978324033556e-05
3.630000000000000000000000000000e+02;2.499902546245771350896802687203e-01;2.563423432611124791469237038655e-02;2.202985265927115150069726112747e-03;1.804735445463049980929781668237e+00;6.493662021494277514221948877093e-01;6.984124542001947100189340744691e-01;8.479751522622877568657884239656e-02;2.430382399746798191553232015849e-03;0.000000000000000000000000000000e+00;0.000000000000000000000000000000e+00;1.000000000000000000000000000000e+00;3.115049596858300763211821471366e-05
3.640000000000000000000000000000e+02;2.505530602599177480982461929671e-01;2.555667045750232083123343329589e-02;2.205931606019288521852717011029e-03;1.841990440872100620595119835343e+00;6.846984194708661819461781306018e-01;6.984124542001947100189340744691e-01;8.474767993318485514997462360043e-02;2.251516147964212344323442493987e-03;0.000000000000000000000000000000e+00;0.000000000000000000000000000000e+00;1.000000000000000000000000000000e+00;2.877062811163320487240629974579e-05
3.650000000000000000000000000000e+02;2.511481858670012723422360068071e-01;2.548497834101729614397768841627e-02;2.208637055626682353659528956769e-03;1.791335372694667471549223591865e+00;6.620588854461748606894389013178e-01;6.984124542001947100189340744691e-01;8.470160396583398254577446095936e-02;2.387636662984272354487425005232e-03;0.000000000000000000000000000000e+00;0.000000000000000000000000000000e+00;1.000000000000000000000000000000e+00;3.042443432118650725108459365043e-05
3.660000000000000000000000000000e+02;2.517026799729304986641409414005e-01;2.540911259285771189864178154494e-02;2.211481423439930638769057580362e-03;1.890120920534919424227382478421e+00;6.694189460839656824475696339505e-01;6.984124542001947100189340744691e-01;8.465283115649988032735961951403e-02;2.231307367689344331451728464799e-03;0.000000000000000000000000000000e+00;0.000000000000000000000000000000e+00;1.000000000000000000000000000000e+00;2.834777006744575853143010280011e-05
3.670000000000000000000000000000e+02;2.522883607169580377771467283310e-01;2.533837482332177218347091240958e-02;2.214116395935472689920908706540e-03;1.805001057599413094578721938888e+00;6.599335276847647646647487817972e-01;6.984124542001947100189340744691e-01;8.460734113058937522211522264115e-02;2.363516252347255906102185818440e-03;0.000000000000000000000000000000e+00;0.000000000000000000000000000000e+00;1.000000000000000000000000000000e+00;2.994383035149377533107317717054e-05
3.680000000000000000000000000000e+02;2.528204176112378576135597540997e-01;2.526360512857904472294734432580e-02;2.216883660758207051644230745069e-03;1.997636483747652569320507609518e+00;6.525153343713463449660139303887e-01;6.984124542001947100189340744691e-01;8.455924314567098143413659272483e-02;2.153503747607865993068942955802e-03;0.000000000000000000000000000000e+00;0.000000000000000000000000000000e+00;1.000000000000000000000000000000e+00;2.720263416124014396258248837945e-05
3.690000000000000000000000000000e+02;2.534035588282255724301705868129e-01;2.519563428451069425628716658139e-02;1.246824273937284857649565594784e-03;1.796857018890877455419285979588e+00;6.582754255585763214497774242773e-01;7.267761575500918391767868342868e-01;9.348311718704215012021307984469e-02;2.366800343090538251422660920298e-03;0.000000000000000000000000000000e+00;0.000000000000000000000000000000e+00;0.000000000000000000000000000000e+00;2.981651793448182615853085664082e-05
3.700000000000000000000000000000e+02;2.539973679708081299999378188659e-01;2.512108673982246104250393159418e-02;1.248378035767063864297510278334e-03;1.792604217082081730083586990077e+00;6.441193952279965495577584988496e-01;7.267761575500918391767868342868e-01;9.343308639433814399843925002642e-02;2.417381105994737856834664313510e-03;0.000000000000000000000000000000e+00;0.000000000000000000000000000000e+00;1.000000000000000000000000000000e+00;3.036362022345088612336819200443e-05
3.710000000000000000000000000000e+02;2.545770967453594990637100181630e-01;2.504512176724704025643220006714e-02;1.249947308153393811525067036428e-03;1.798615587746726918183526322537e+00;6.535592986974649853948449162999e-01;7.267761575500918391767868342868e-01;9.338207292388807367888858834704e-02;2.367321743741650219572392188638e-03;0.000000000000000000000000000000e+00;0.000000000000000000000000000000e+00;1.000000000000000000000000000000e+00;2.964493066713062358530014761548e-05
3.720000000000000000000000000000e+02;2.550734803835019159912178565719e-01;2.497094872783800489912664488656e-02;1.251466812128508663409798273847e-03;1.999999999999999777955395074969e+00;6.823779509481615601629300726927e-01;7.267761575500918391767868342868e-01;9.333220336199968270030069561471e-02;2.033000813400726632801385207472e-03;0.000000000000000000000000000000e+00;0.000000000000000000000000000000e+00;1.000000000000000000000000000000e+00;2.538297953754125034801433780096e-05
3.730000000000000000000000000000e+02;2.556176335216449047038622666150e-01;2.490750261003223109401716328648e-02;1.252771159249315303246818942284e-03;1.875968079167687596608971034584e+00;6.602128676634378967591487707978e-01;7.267761575500918391767868342868e-01;9.328937477464348260181026262217e-02;2.234489129468867144034938121422e-03;0.000000000000000000000000000000e+00;0.000000000000000000000000000000e+00;1.000000000000000000000000000000e+00;2.782777191216723178257552717696e-05
3.740000000000000000000000000000e+02;2.561724102129322444554304638586e-01;2.483790811788865598996878247817e-02;1.254190588383804431243939703222e-03;1.817147843610234403399772418197e+00;6.647614046253584874079933797475e-01;7.267761575500918391767868342868e-01;9.324236968347961174163884834343e-02;2.284633006712029259371865563821e-03;0.000000000000000000000000000000e+00;0.000000000000000000000000000000e+00;1.000000000000000000000000000000e+00;2.837275235190454320986438996322e-05
3.750000000000000000000000000000e+02;2.566823081250113602891360642388e-01;2.476690960770645127952960251605e-02;1.255626496044553661035614311459e-03;1.995485982851437078977596684126e+00;6.548509121365454488383761599835e-01;7.267761575500918391767868342868e-01;9.319438773071847537110556913831e-02;2.105902166704208371139639410785e-03;0.000000000000000000000000000000e+00;0.000000000000000000000000000000e+00;1.000000000000000000000000000000e+00;2.607834430271814145406786278336e-05
3.760000000000000000000000000000e+02;2.572612135654992471245350316167e-01;2.470161470861583635771907552225e-02;1.256936252071821479708857438595e-03;1.791669157224284880669529229635e+00;6.389623599519353991382786261966e-01;7.267761575500918391767868342868e-01;9.315023452961619654377756205577e-02;2.397451006949847911176032511094e-03;0.000000000000000000000000000000e+00;0.000000000000000000000000000000e+00;1.000000000000000000000000000000e+00;2.961045552822910982928607259712e-05
3.770000000000000000000000000000e+02;2.578172068686342965904145785316e-01;2.462750314887829361509830050636e-02;1.258411672687893747418774736957e-03;1.817713411690108582519087576657e+00;6.517729457371171930546438488818e-01;7.267761575500918391767868342868e-01;9.310004447920453007903063280537e-02;2.309702969693519340743659284954e-03;0.000000000000000000000000000000e+00;0.000000000000000000000000000000e+00;1.000000000000000000000000000000e+00;2.844110857955035054638222302703e-05
3.780000000000000000000000000000e+02;2.583647254600310305683308342850e-01;2.455640469674842674141501674967e-02;1.259835886743211792737628940131e-03;1.884003034400541398696304895566e+00;6.348542544202444570800025758217e-01;7.267761575500918391767868342868e-01;9.305187958288618776947487276630e-02;2.281217215415059802047226256150e-03;0.000000000000000000000000000000e+00;0.000000000000000000000000000000e+00;1.000000000000000000000000000000e+00;2.800924657146086968603423961177e-05
3.790000000000000000000000000000e+02;2.588838399927224087626598247880e-01;2.448634595301725502825007652064e-02;1.832460828793076867970768262239e-03;1.997695565964483055410028100596e+00;6.278551965100499510086251575558e-01;5.949655940329867664928542581038e-01;7.168827986872070012758229040628e-02;2.169165422170938207352408610973e-03;0.000000000000000000000000000000e+00;0.000000000000000000000000000000e+00;0.000000000000000000000000000000e+00;2.655746747830016330350726139198e-05
3.800000000000000000000000000000e+02;2.593884299779118940421085426351e-01;2.441988190084961457548828889230e-02;1.834348198878274927708931230086e-03;1.993362233818768869397786147601e+00;6.437876071667107957807729690103e-01;5.949655940329867664928542581038e-01;7.165149100827797323809420504404e-02;2.114327272047543393451718429787e-03;0.000000000000000000000000000000e+00;0.000000000000000000000000000000e+00;1.000000000000000000000000000000e+00;2.581581114157326754528047618731e-05
3.810000000000000000000000000000e+02;2.599217027994327744444547079183e-01;2.435524082124171374452714644576e-02;1.836172556760423419525141142117e-03;1.878105617097404644866287526384e+00;6.430740824855902815215813461691e-01;5.949655940329867664928542581038e-01;7.161569758153386866528222753914e-02;2.240623571037418486351366908593e-03;0.000000000000000000000000000000e+00;0.000000000000000000000000000000e+00;1.000000000000000000000000000000e+00;2.728546333118345883824579223287e-05
3.820000000000000000000000000000e+02;2.604146867501548334722372146643e-01;2.428688652000141057207827088860e-02;1.838089692429356472938573041631e-03;1.991200625176419825024254350865e+00;6.524124955877013132266029060702e-01;5.949655940329867664928542581038e-01;7.157783314587895517888682661578e-02;2.077265669831907402703707887781e-03;0.000000000000000000000000000000e+00;0.000000000000000000000000000000e+00;1.000000000000000000000000000000e+00;2.522515779755112497358127132685e-05
3.830000000000000000000000000000e+02;2.609035346244104047741529939231e-01;2.422366140512050361466300785196e-02;1.839852008018837657699062759775e-03;1.998615156220111988005783132394e+00;6.520427004835114281888763798634e-01;5.949655940329867664928542581038e-01;7.154279608107420862506131697955e-02;2.065342414827199025995074777029e-03;0.000000000000000000000000000000e+00;0.000000000000000000000000000000e+00;1.000000000000000000000000000000e+00;2.501507767120400577013153431416e-05
3.840000000000000000000000000000e+02;2.614630620102412206229303137661e-01;2.416093396126693312875310937216e-02;1.841590076838991269989054266887e-03;1.798570879272222589051466457022e+00;6.296957000105654067567684251117e-01;5.949655940329867664928542581038e-01;7.150802134321160297147912388027e-02;2.370352435067180248140505938181e-03;0.000000000000000000000000000000e+00;0.000000000000000000000000000000e+00;1.000000000000000000000000000000e+00;2.863496432429320218333336500738e-05
3.850000000000000000000000000000e+02;2.619565870850722455465131588426e-01;2.408909759765906488659936712793e-02;1.843567887786404452601929371269e-03;1.993121690719005467684610266588e+00;6.403746990962044804973629652523e-01;5.949655940329867664928542581038e-01;7.146818002900984234671000194794e-02;2.097056064510132399048014661957e-03;0.000000000000000000000000000000e+00;0.000000000000000000000000000000e+00;1.000000000000000000000000000000e+00;2.525809410287370478510708682318e-05
3.860000000000000000000000000000e+02;2.625361133756664022698146254697e-01;2.402570053308056979846085710051e-02;1.845302164958245901005273736928e-03;1.774008133036357515166514531302e+00;6.094053049404383193277112695796e-01;5.949655940329867664928542581038e-01;7.143300408466270179363988290788e-02;2.469287813455762949782501536333e-03;0.000000000000000000000000000000e+00;0.000000000000000000000000000000e+00;1.000000000000000000000000000000e+00;2.966318476803673733670566048382e-05
3.870000000000000000000000000000e+02;2.630167189509997616170267065172e-01;2.395121515797322270246993980436e-02;1.847326424816460917893712334603e-03;1.996535702870099626693445316050e+00;6.488767589798336565820591204101e-01;5.949655940329867664928542581038e-01;7.139165725769427983671278070688e-02;2.054214274072564509754368344829e-03;0.000000000000000000000000000000e+00;0.000000000000000000000000000000e+00;1.000000000000000000000000000000e+00;2.460046402944589174349721005797e-05
3.880000000000000000000000000000e+02;2.635341534121545259417018769454e-01;2.388941088876418011865965240759e-02;1.848995145343390079928358460393e-03;1.956510942116004958535313562606e+00;6.117942503615051430543303467857e-01;5.949655940329867664928542581038e-01;7.135733425163849619199396556724e-02;2.217559383306131216145873352730e-03;0.000000000000000000000000000000e+00;0.000000000000000000000000000000e+00;1.000000000000000000000000000000e+00;2.648809363901733117266715233917e-05
3.890000000000000000000000000000e+02;2.640683560642385074856974824797e-01;2.382283757922504935367058465090e-02;2.171219603132298284903223262177e-03;1.869102013225951264274726781878e+00;6.167959070693700418530625029234e-01;6.124518508253853354972306988202e-01;7.305010724156812962348794826539e-02;2.296024362426386886820717236901e-03;0.000000000000000000000000000000e+00;0.000000000000000000000000000000e+00;0.000000000000000000000000000000e+00;2.734890773201377836033876267408e-05
3.900000000000000000000000000000e+02;2.645728303874958498020930619532e-01;2.375407148440775162434590583871e-02;2.173382326866228272943537547235e-03;1.967806455510538121700392366620e+00;6.167661014650109851942261229851e-01;6.124518508253853354972306988202e-01;7.301095518193581601629205124482e-02;2.174666541024405409798792021547e-03;0.000000000000000000000000000000e+00;0.000000000000000000000000000000e+00;1.000000000000000000000000000000e+00;2.582859223512174004673547234034e-05
3.910000000000000000000000000000e+02;2.650518676490989378180529456586e-01;2.368909966763260710465033298533e-02;2.175413330787015139811124697644e-03;1.989563330071844493573962608934e+00;6.388638897161168506144690582005e-01;6.124518508253853354972306988202e-01;7.297394743492136015561300155241e-02;2.070808488688371824110179275635e-03;0.000000000000000000000000000000e+00;0.000000000000000000000000000000e+00;1.000000000000000000000000000000e+00;2.452779434055924189265682211492e-05
3.920000000000000000000000000000e+02;2.655494020923894193941805497161e-01;2.362737504870746768625977551892e-02;2.177331714521983478671796063963e-03;1.974623669434433015368313135696e+00;6.164858947097086039335067653155e-01;6.124518508253853354972306988202e-01;7.293877466828063704795681587711e-02;2.156579550954939271389942945234e-03;0.000000000000000000000000000000e+00;0.000000000000000000000000000000e+00;1.000000000000000000000000000000e+00;2.547715693639275165677075818405e-05
3.930000000000000000000000000000e+02;2.660373982486111676948326021375e-01;2.356323766569734870501839907320e-02;2.179313649991337226152765538245e-03;1.970365236408099018916573186289e+00;6.264316770527711408789173219702e-01;6.124518508253853354972306988202e-01;7.290221169645208498799604512897e-02;2.121153055578652978779841120627e-03;0.000000000000000000000000000000e+00;0.000000000000000000000000000000e+00;1.000000000000000000000000000000e+00;2.499061678695997608173548498733e-05
3.940000000000000000000000000000e+02;2.665182722036766316264788656554e-01;2.350030117639942406349007342214e-02;2.181247180402981055563627066363e-03;1.969451998002440529234036148409e+00;6.325629147112399319752285009599e-01;6.124518508253853354972306988202e-01;7.286631789266204139998706068582e-02;2.095954216038654546738762007863e-03;0.000000000000000000000000000000e+00;0.000000000000000000000000000000e+00;1.000000000000000000000000000000e+00;2.462777766442625598623805682763e-05
3.950000000000000000000000000000e+02;2.669904334718344873778050896362e-01;2.343825581076209446651503753856e-02;2.183142414354798197667628656404e-03;1.980597152726560228330754398485e+00;6.371835506324988740445292023651e-01;6.124518508253853354972306988202e-01;7.283091712101875947471540939659e-02;2.063583632098015766681564642226e-03;0.000000000000000000000000000000e+00;0.000000000000000000000000000000e+00;1.000000000000000000000000000000e+00;2.418340052800742995785243660833e-05
3.960000000000000000000000000000e+02;2.674703163092430058256354641344e-01;2.337730847883174797874339390091e-02;2.184993583409258928462737259224e-03;1.949051573018855565422313702584e+00;6.337139415778906270659831534431e-01;6.124518508253853354972306988202e-01;7.279612794216665239144248289449e-02;2.102981274679320382314795523371e-03;0.000000000000000000000000000000e+00;0.000000000000000000000000000000e+00;1.000000000000000000000000000000e+00;2.458102099169264109367223636315e-05
3.970000000000000000000000000000e+02;2.679477434723079865008799060888e-01;2.331533825740889076527651013748e-02;2.186865157422980543433510547402e-03;1.982687552598226154998428683029e+00;6.228003366138429308662693983933e-01;6.124518508253853354972306988202e-01;7.276073952514927611900930060074e-02;2.097954632060468165011268837361e-03;0.000000000000000000000000000000e+00;0.000000000000000000000000000000e+00;1.000000000000000000000000000000e+00;2.445726094759381787362324811586e-05
3.980000000000000000000000000000e+02;2.684505655706633797663585028204e-01;2.325365931735860064444310069121e-02;2.188717288415652651584197840862e-03;1.947442495410972584934938822698e+00;5.988056955817194770830269590078e-01;6.124518508253853354972306988202e-01;7.272550184270834550126494377764e-02;2.215635071040465264163854541835e-03;0.000000000000000000000000000000e+00;0.000000000000000000000000000000e+00;1.000000000000000000000000000000e+00;2.576081155678329700814584157786e-05
3.990000000000000000000000000000e+02;2.689360913106847439379976094642e-01;2.318867212398103422321682387519e-02;1.748317968352094574011057481755e-03;1.957852438628336688708486690302e+00;6.133481595149405940503584133694e-01;4.469277401493809698251880035968e-01;5.294212943698712453555188517385e-02;2.145588079710603491428999589630e-03;0.000000000000000000000000000000e+00;0.000000000000000000000000000000e+00;0.000000000000000000000000000000e+00;2.487666924676563796957166896373e-05
4.000000000000000000000000000000e+02;2.694103183287842595561301095586e-01;2.312589402337747110371957148800e-02;1.749820034482751961515956118376e-03;1.953987036430677948217748962634e+00;6.257499730035434026831353548914e-01;4.469277401493809698251880035968e-01;5.291593419296574535293231633659e-02;2.101519886403320144796502688678e-03;0.000000000000000000000000000000e+00;0.000000000000000000000000000000e+00;1.000000000000000000000000000000e+00;2.429976309049172082752537926709e-05
4.010000000000000000000000000000e+02;2.698929723272731617811359683401e-01;2.306455217833863063914279223354e-02;1.751279625508828010488349136153e-03;1.947527943319111276565536172711e+00;6.135372443731726965765460590774e-01;4.469277401493809698251880035968e-01;5.289032711368342465352299086589e-02;2.144755983998482880975577913318e-03;0.000000000000000000000000000000e+00;0.000000000000000000000000000000e+00;1.000000000000000000000000000000e+00;2.473391815136851432186532173674e-05
4.020000000000000000000000000000e+02;2.703683053622039089702866476728e-01;2.300209562221283005056804427113e-02;1.752757527305068502646023809177e-03;1.951703536581265163718512667401e+00;6.182377293091547709735777971218e-01;4.469277401493809698251880035968e-01;5.286424322961771893325533255847e-02;2.118144286892719406478757804280e-03;0.000000000000000000000000000000e+00;0.000000000000000000000000000000e+00;1.000000000000000000000000000000e+00;2.436087871437506413010640193839e-05
4.030000000000000000000000000000e+02;2.708668533694951197077216420439e-01;2.294056243488011570530460403461e-02;1.754205497937140305342307300407e-03;1.815792239742308078476185073669e+00;6.301159677874725861812521543470e-01;4.469277401493809698251880035968e-01;5.283853350108091290193712552536e-02;2.227793389597608995911226514863e-03;0.000000000000000000000000000000e+00;0.000000000000000000000000000000e+00;1.000000000000000000000000000000e+00;2.555341667303857538617699318717e-05
4.040000000000000000000000000000e+02;2.713261077787649799830660413136e-01;2.287599880615561603880436791769e-02;1.755716180008714362090205263200e-03;1.972380769864595650986416330852e+00;6.261387222827574650096948971623e-01;4.469277401493809698251880035968e-01;5.281154518620555932129079224069e-02;2.058146256453649829837315721193e-03;0.000000000000000000000000000000e+00;0.000000000000000000000000000000e+00;1.000000000000000000000000000000e+00;2.354107565276367642855860629059e-05
4.050000000000000000000000000000e+02;2.718054873186867004264399838576e-01;2.281650132950342746429583939971e-02;1.757100547051584091620690664115e-03;1.941786304146643438173214235576e+00;6.060740516048150894334867189173e-01;4.469277401493809698251880035968e-01;5.278666317806301327975049275665e-02;2.154167240666287480577167912088e-03;0.000000000000000000000000000000e+00;0.000000000000000000000000000000e+00;1.000000000000000000000000000000e+00;2.457527985531754701679744978815e-05
4.060000000000000000000000000000e+02;2.723088281175184977023207011371e-01;2.275437391595164920987670598151e-02;1.758538168510871734298572910404e-03;1.831845700690018396983305137837e+00;6.084678964760441566284043801716e-01;4.469277401493809698251880035968e-01;5.276066949947734452397440918503e-02;2.268275605903327662993262947566e-03;0.000000000000000000000000000000e+00;0.000000000000000000000000000000e+00;1.000000000000000000000000000000e+00;2.580659564057805914678335457157e-05
4.070000000000000000000000000000e+02;2.728393319561218666180479885952e-01;2.268911656986306868422076377101e-02;1.760039507035570782028655045792e-03;1.798275122828624450477263962966e+00;5.846500089193068516735252160288e-01;4.469277401493809698251880035968e-01;5.273335310413790333328165615967e-02;2.397855345194919475526607044458e-03;0.000000000000000000000000000000e+00;0.000000000000000000000000000000e+00;1.000000000000000000000000000000e+00;2.720260972239838895563208975847e-05
4.080000000000000000000000000000e+02;2.732959007505521564773687259731e-01;2.262031077172109785888842736767e-02;1.761612845712163134132000053000e-03;1.965598913487459409310531555093e+00;6.176974275376954093275116974837e-01;4.469277401493809698251880035968e-01;5.270453653143279681980715167811e-02;2.070071573957019649137034633668e-03;0.000000000000000000000000000000e+00;0.000000000000000000000000000000e+00;1.000000000000000000000000000000e+00;2.341283116130680842857485213226e-05
4.090000000000000000000000000000e+02;2.737726463601004578407582812360e-01;2.256107259014381027917295341467e-02;2.095123547224128808530441148150e-03;1.931301631089028969512355615734e+00;5.988445428137746384678052891104e-01;5.969422626668330345012236648472e-01;7.062371263585343061919274987304e-02;2.167469674580690345427891330132e-03;0.000000000000000000000000000000e+00;0.000000000000000000000000000000e+00;0.000000000000000000000000000000e+00;2.445022033257516393535239973556e-05
4.100000000000000000000000000000e+02;2.742451801365499708396100686514e-01;2.249919546402231670945148778173e-02;2.096765870417930874292089526989e-03;1.935160958094101602000591810793e+00;5.996144962806186917703143990366e-01;5.969422626668330345012236648472e-01;7.058900117087882342126192725118e-02;2.154444257271970804973326707454e-03;0.000000000000000000000000000000e+00;0.000000000000000000000000000000e+00;1.000000000000000000000000000000e+00;2.423663123035122237986654925024e-05
4.110000000000000000000000000000e+02;2.747058065115238756348503557092e-01;2.243784406987001794897551576469e-02;2.098384481633837859992919305796e-03;1.925118174505209278635220471187e+00;6.148979376176434419321026325633e-01;5.969422626668330345012236648472e-01;7.055456669386053758508126065863e-02;2.106096108461131578837299827001e-03;0.000000000000000000000000000000e+00;0.000000000000000000000000000000e+00;1.000000000000000000000000000000e+00;2.362812803890545815168472421064e-05
4.120000000000000000000000000000e+02;2.751569825830973980984595073096e-01;2.237801892854990315484542406921e-02;2.099953492556576577915405934505e-03;1.963192776808199813132205235888e+00;6.122657293945715784033723139146e-01;5.969422626668330345012236648472e-01;7.052097146606586819395090515172e-02;2.068598611182491820575934937665e-03;0.000000000000000000000000000000e+00;0.000000000000000000000000000000e+00;1.000000000000000000000000000000e+00;2.314556943830692518448803596254e-05
4.130000000000000000000000000000e+02;2.756268807583290847418311386718e-01;2.231940256299917713089797643988e-02;2.101481884251149827996796304319e-03;1.919158379538350889248476960347e+00;5.981449487877825710313572926680e-01;5.969422626668330345012236648472e-01;7.048803820870155889544150795700e-02;2.160343446585579613161698375734e-03;0.000000000000000000000000000000e+00;0.000000000000000000000000000000e+00;1.000000000000000000000000000000e+00;2.410878752934033473370213640496e-05
4.140000000000000000000000000000e+02;2.761316453453881436530537030194e-01;2.225833456193519743759878792844e-02;2.103064835938668521858607718400e-03;1.762443759533462106503520772094e+00;6.029477569340874198999813415867e-01;5.969422626668330345012236648472e-01;7.045370961583066748978865234676e-02;2.327315196624812291409378772755e-03;0.000000000000000000000000000000e+00;0.000000000000000000000000000000e+00;1.000000000000000000000000000000e+00;2.590108013877553724932552292604e-05
4.150000000000000000000000000000e+02;2.766047113367996468369369722495e-01;2.219271375764546999631576795764e-02;2.104755175161230392605338224143e-03;1.925045641084464076442372970632e+00;5.854855594735020041241568833357e-01;5.969422626668330345012236648472e-01;7.041680114829595993342081783339e-02;2.187815442787953076897444759652e-03;0.000000000000000000000000000000e+00;0.000000000000000000000000000000e+00;1.000000000000000000000000000000e+00;2.427678093817471865860369018009e-05
4.160000000000000000000000000000e+02;2.771136246017967819099681037187e-01;2.213119391950048309158916026718e-02;2.106329903634533186329580445317e-03;1.799666063070628929665417672368e+00;5.788589286714909132314232920180e-01;5.969422626668330345012236648472e-01;7.038217970860422001422307403118e-02;2.360465572283268909786757561164e-03;0.000000000000000000000000000000e+00;0.000000000000000000000000000000e+00;1.000000000000000000000000000000e+00;2.611996066025285608697137362810e-05
4.170000000000000000000000000000e+02;2.775939766363613725452808012051e-01;2.206499115181675269026229102565e-02;2.108013746944669038196895627379e-03;1.913339929663953720151425841323e+00;5.733389692393655590052503612242e-01;5.969422626668330345012236648472e-01;7.034490148623423477758365152113e-02;2.234897717386124908756084295192e-03;0.000000000000000000000000000000e+00;0.000000000000000000000000000000e+00;1.000000000000000000000000000000e+00;2.465649917967015621001955483216e-05
4.180000000000000000000000000000e+02;2.781177968478139028718487679726e-01;2.200248402616263726505607678519e-02;2.109593385199371416705016457627e-03;1.702166932518267117302457336336e+00;5.875580186697357820690967855626e-01;5.969422626668330345012236648472e-01;7.030968369756965263839276758517e-02;2.444422642569461529699070823085e-03;0.000000000000000000000000000000e+00;0.000000000000000000000000000000e+00;1.000000000000000000000000000000e+00;2.689168507316241763633289652002e-05
4.190000000000000000000000000000e+02;2.786160633046109724730854395602e-01;2.193429897057157240691793731457e-02;2.295890609265020462781414778419e-03;1.782997936177791675760317957611e+00;5.859760894787151563889437966282e-01;6.417841508097070768457115264027e-01;7.547219055988889369057659450846e-02;2.332655012433665527027404351657e-03;0.000000000000000000000000000000e+00;0.000000000000000000000000000000e+00;0.000000000000000000000000000000e+00;2.558257621896118714599314969416e-05
4.200000000000000000000000000000e+02;2.790861734788919745753332790628e-01;2.186941976186935684967060922190e-02;2.297647799925550161914689084597e-03;1.907165046330764113236000412144e+00;5.771484811776005363626040889358e-01;6.417841508097070768457115264027e-01;7.543288035513544265153740298047e-02;2.207592527712624874691726972742e-03;0.000000000000000000000000000000e+00;0.000000000000000000000000000000e+00;1.000000000000000000000000000000e+00;2.413938382585680659467991526768e-05
4.210000000000000000000000000000e+02;2.795302624478764874638159199094e-01;2.180818882522043630767250022018e-02;2.299295646353235501868628176680e-03;1.904982174895438529205193844973e+00;6.081870124664793264557260954462e-01;6.417841508097070768457115264027e-01;7.539575879585909412572419796561e-02;2.091457439878442389757928765448e-03;0.000000000000000000000000000000e+00;0.000000000000000000000000000000e+00;1.000000000000000000000000000000e+00;2.280544938439060649267887959102e-05
4.220000000000000000000000000000e+02;2.800032089151859304720915133657e-01;2.175033136735800634586901480816e-02;2.300843327265370951567602375576e-03;1.901066311484707949119865588727e+00;5.691456544901887237841719979770e-01;6.417841508097070768457115264027e-01;7.536066275471328679280702544929e-02;2.233585997123700185584826982677e-03;0.000000000000000000000000000000e+00;0.000000000000000000000000000000e+00;1.000000000000000000000000000000e+00;2.429061778746561341179102666565e-05
4.230000000000000000000000000000e+02;2.805049082680162175762461629347e-01;2.168869773811233497839978667798e-02;2.302482017999455017609466978001e-03;1.786278580721096354011478979373e+00;5.676928648240715524764254951151e-01;6.417841508097070768457115264027e-01;7.532325488820604264539326777594e-02;2.376448135369233806424293931059e-03;0.000000000000000000000000000000e+00;0.000000000000000000000000000000e+00;1.000000000000000000000000000000e+00;2.577103264916199038968465384603e-05
4.240000000000000000000000000000e+02;2.809499079158117584853471271344e-01;2.162329879212723446335608912250e-02;2.304209561303586714653413025644e-03;1.897065318033780867423843119468e+00;5.989686634882878113472770564840e-01;6.417841508097070768457115264027e-01;7.528353754387494267685809745672e-02;2.114428742954790798463937662177e-03;0.000000000000000000000000000000e+00;0.000000000000000000000000000000e+00;1.000000000000000000000000000000e+00;2.286046224178672214041689592090e-05
4.250000000000000000000000000000e+02;2.814197679744429025916474529367e-01;2.156527546004475409668899033022e-02;2.305732591116915839585255199040e-03;1.906728886035061965031900399481e+00;5.613015013920277240799805440474e-01;6.417841508097070768457115264027e-01;7.524827845603224152348786901712e-02;2.238862131115875852421792657765e-03;0.000000000000000000000000000000e+00;0.000000000000000000000000000000e+00;1.000000000000000000000000000000e+00;2.414083928728834871888821178576e-05
4.260000000000000000000000000000e+02;2.819024328142171742506150167173e-01;2.150399509682815457622950816585e-02;2.307331249343625313025230028074e-03;1.774246576588610402325230097631e+00;5.838004775932413847883140078920e-01;6.417841508097070768457115264027e-01;7.521101851389688786042597712367e-02;2.306737739836694622147517108601e-03;0.000000000000000000000000000000e+00;0.000000000000000000000000000000e+00;1.000000000000000000000000000000e+00;2.480203852355837085752118809090e-05
4.270000000000000000000000000000e+02;2.823598622087529763646784886078e-01;2.144102843758816795416421996379e-02;2.308963366037765016502980586210e-03;1.938259893036830439072559784108e+00;5.605235204237741797328453685623e-01;6.417841508097070768457115264027e-01;7.517270988897431505115775962622e-02;2.192791065958482089881531607034e-03;0.000000000000000000000000000000e+00;0.000000000000000000000000000000e+00;1.000000000000000000000000000000e+00;2.350784780145254314787268967724e-05
4.280000000000000000000000000000e+02;2.828451530165942973127357618068e-01;2.138133897613872513865374003217e-02;2.310500700704404709179273780251e-03;1.779046404352082166866466650390e+00;5.723430325732199452914983339724e-01;6.417841508097070768457115264027e-01;7.513637302929060401979199923517e-02;2.333182512992275012275733558909e-03;0.000000000000000000000000000000e+00;0.000000000000000000000000000000e+00;1.000000000000000000000000000000e+00;2.494328310174350954507398181459e-05
4.290000000000000000000000000000e+02;2.832741121756129354380959739501e-01;2.131799833945128078149799932817e-02;2.181646970440074845970501726811e-03;1.945681155797113204286574728030e+00;5.884957171563006683712160338473e-01;7.551349833834741787086386466399e-01;8.984027038077629923051858895633e-02;2.068659134972000192276286867354e-03;0.000000000000000000000000000000e+00;0.000000000000000000000000000000e+00;0.000000000000000000000000000000e+00;2.204983600211191945733059383006e-05
4.300000000000000000000000000000e+02;2.837488117963395950482663465664e-01;2.126199707139499184282982469085e-02;2.182947202735231566339546560584e-03;1.770572654404309442810472319252e+00;5.812284702264743918576073156146e-01;7.551349833834741787086386466399e-01;8.979970168291551146921847248450e-02;2.295624826943939121581816920070e-03;0.000000000000000000000000000000e+00;0.000000000000000000000000000000e+00;1.000000000000000000000000000000e+00;2.440478417375183128618792993691e-05
4.310000000000000000000000000000e+02;2.841897376461359758792468710453e-01;2.120001027358513201459544461613e-02;2.184376267260269930542415650621e-03;1.870938952882957195811286510434e+00;5.886715208427369949717444796988e-01;7.551349833834741787086386466399e-01;8.975476742211233038837292497192e-02;2.138754415449410639649130416728e-03;0.000000000000000000000000000000e+00;0.000000000000000000000000000000e+00;1.000000000000000000000000000000e+00;2.267080779010153759487830593677e-05
4.320000000000000000000000000000e+02;2.846230488424137394787294397247e-01;2.114242072842636988028175437648e-02;2.185694427303673526008509497842e-03;1.883296104258730396807663964864e+00;5.917880250540797915093094161421e-01;7.551349833834741787086386466399e-01;8.971299275164643094448990723322e-02;2.107790392206132165653365007074e-03;0.000000000000000000000000000000e+00;0.000000000000000000000000000000e+00;1.000000000000000000000000000000e+00;2.228189563967843529702569926876e-05
4.330000000000000000000000000000e+02;2.850679987977913221186554437736e-01;2.108581381083429739931034418987e-02;2.186981168151699329860182530183e-03;1.787875243858790819118098625040e+00;6.037408767414020882569047898869e-01;7.551349833834741787086386466399e-01;8.967190440660685601947932354960e-02;2.170501378181673938355666919620e-03;0.000000000000000000000000000000e+00;0.000000000000000000000000000000e+00;1.000000000000000000000000000000e+00;2.288339396824900934539377683752e-05
4.340000000000000000000000000000e+02;2.855472603113844987099412264797e-01;2.102767436473465187396492126481e-02;2.188293548092057859422165932983e-03;1.772072372578668897347142774379e+00;5.623151120018237136832794931252e-01;7.551349833834741787086386466399e-01;8.962967616851999497207259537390e-02;2.344701296172976585224789758399e-03;0.000000000000000000000000000000e+00;0.000000000000000000000000000000e+00;1.000000000000000000000000000000e+00;2.465180766924831003649408456280e-05
4.350000000000000000000000000000e+02;2.859849025028787239399719055655e-01;2.096503819753571182249451965163e-02;2.189697022685874443909126441099e-03;1.875360648459790446906936267624e+00;5.783535891705309239796406473033e-01;7.551349833834741787086386466399e-01;8.958415042899034452794637672923e-02;2.147706416848335891217613990989e-03;0.000000000000000000000000000000e+00;0.000000000000000000000000000000e+00;1.000000000000000000000000000000e+00;2.251337353315896257937613056388e-05
4.360000000000000000000000000000e+02;2.864585607349938722876458996325e-01;2.090782950272567636273990387963e-02;2.190969468064571552823327493797e-03;1.763732152155756072176018278697e+00;5.650130706468299290889945041272e-01;7.551349833834741787086386466399e-01;8.954254085468600632413682660626e-02;2.331177344857020359430999079109e-03;0.000000000000000000000000000000e+00;0.000000000000000000000000000000e+00;1.000000000000000000000000000000e+00;2.436992923344366725581580657156e-05
4.370000000000000000000000000000e+02;2.869045363992838160172027528461e-01;2.084590027232509357180134657028e-02;2.192336793266795157836268614915e-03;1.869301692788090107910647930112e+00;5.627800126816802084306345932418e-01;7.551349833834741787086386466399e-01;8.949746681113943114205255824345e-02;2.201709833575555847612337245778e-03;0.000000000000000000000000000000e+00;0.000000000000000000000000000000e+00;1.000000000000000000000000000000e+00;2.294831180965675642628547048485e-05
4.380000000000000000000000000000e+02;2.873371216657482074552376616339e-01;2.078757881264896995032742665899e-02;2.193614865543172271628025171708e-03;1.853865798807580622664659131260e+00;5.816922743273822415943641317426e-01;7.551349833834741787086386466399e-01;8.945498886086755696567252016393e-02;2.141853740672678991369126677569e-03;0.000000000000000000000000000000e+00;0.000000000000000000000000000000e+00;1.000000000000000000000000000000e+00;2.226197671970016038630289789690e-05
4.390000000000000000000000000000e+02;2.877710151036816377256855048472e-01;2.073099790636205932981006583304e-02;2.531912347085362498949612231058e-03;1.930507866469791666830246867903e+00;5.538151650073317444622489347239e-01;6.530170484354217430578160019650e-01;7.603400722268134626080637872292e-02;2.154474106676597215670465601534e-03;0.000000000000000000000000000000e+00;0.000000000000000000000000000000e+00;0.000000000000000000000000000000e+00;2.233219909741190602149238375596e-05
4.400000000000000000000000000000e+02;2.882192099693010045591279322252e-01;2.067423568648487502974475660267e-02;2.533421066194962815998348304447e-03;1.874945427368136741108628484653e+00;5.489348118515735563960333820432e-01;6.530170484354217430578160019650e-01;7.599857264994411276681773870223e-02;2.231914473831367144718296202655e-03;0.000000000000000000000000000000e+00;0.000000000000000000000000000000e+00;1.000000000000000000000000000000e+00;2.307156293203328680657682170363e-05
4.410000000000000000000000000000e+02;2.886692421794170848592386846576e-01;2.061559204422094490616323980703e-02;2.534970431463202944488699586145e-03;1.862153540341461077645135446801e+00;5.472556338731513481121737640933e-01;6.530170484354217430578160019650e-01;7.596194144221045385645396663676e-02;2.247747761284689393956881531267e-03;0.000000000000000000000000000000e+00;0.000000000000000000000000000000e+00;1.000000000000000000000000000000e+00;2.316932543247804184992529041853e-05
4.420000000000000000000000000000e+02;2.891125586918965040261753074446e-01;2.055669750218144797848651705863e-02;2.536516867432573631158110316619e-03;1.780610700117938982600662711775e+00;5.775960126204549016648570614052e-01;6.530170484354217430578160019650e-01;7.592513070800534225046618530541e-02;2.220842042500300369395338506706e-03;0.000000000000000000000000000000e+00;0.000000000000000000000000000000e+00;1.000000000000000000000000000000e+00;2.282658903390273006381652742824e-05
4.430000000000000000000000000000e+02;2.895510834959820201106595050078e-01;2.049867178269532477785652702096e-02;2.538031139176964278564296861873e-03;1.915641647357738897028411884094e+00;5.396171920514525321976861960138e-01;6.530170484354217430578160019650e-01;7.588884049813754417712630129245e-02;2.203348347874316531108673800077e-03;0.000000000000000000000000000000e+00;0.000000000000000000000000000000e+00;1.000000000000000000000000000000e+00;2.258285730300981037558909203522e-05
4.440000000000000000000000000000e+02;2.899712490183358193363005739229e-01;2.044126367338333985501641620885e-02;2.539520175568145930744545779589e-03;1.922555018861069608959724064334e+00;5.579644859935741774137341053574e-01;6.530170484354217430578160019650e-01;7.585291440136450458187056256065e-02;2.117287806456162515406083102221e-03;0.000000000000000000000000000000e+00;0.000000000000000000000000000000e+00;1.000000000000000000000000000000e+00;2.164001916210492638156619171763e-05
4.450000000000000000000000000000e+02;2.904077530540803420144868596253e-01;2.038625028637429392741609035511e-02;2.540938603156797474802441882957e-03;1.865331264069888028700461291010e+00;5.505003427394095094626891295775e-01;6.530170484354217430578160019650e-01;7.581846610915023154664282856174e-02;2.205876933524886576720724917777e-03;0.000000000000000000000000000000e+00;0.000000000000000000000000000000e+00;1.000000000000000000000000000000e+00;2.248477963388908430135242066950e-05
4.460000000000000000000000000000e+02;2.908421238210986969896509890532e-01;2.032908882532899821904415205154e-02;2.542403622401719076595583146627e-03;1.788280640135177179672609781846e+00;5.737300406359315818605182357715e-01;6.530170484354217430578160019650e-01;7.578265100446383850663067960340e-02;2.201568176314695583772884646123e-03;0.000000000000000000000000000000e+00;0.000000000000000000000000000000e+00;1.000000000000000000000000000000e+00;2.237793750565950881992877130600e-05
4.470000000000000000000000000000e+02;2.912839048999800173334051578422e-01;2.027219800613655475984842269099e-02;2.543852822185835999002634366661e-03;1.861522114037682307241539092502e+00;5.388049723140246882735482358839e-01;6.530170484354217430578160019650e-01;7.574698333328284960419551907762e-02;2.245735143473010387432653445217e-03;0.000000000000000000000000000000e+00;0.000000000000000000000000000000e+00;1.000000000000000000000000000000e+00;2.276299374891217928919447122116e-05
4.480000000000000000000000000000e+02;2.917153664170921700815597432666e-01;2.021432794208526464996289462306e-02;2.545317889549621095252041058643e-03;1.846267843200179115115133754443e+00;5.530053158888039721574614304700e-01;6.530170484354217430578160019650e-01;7.571067890858131088638316441575e-02;2.199848567420233970415299751267e-03;0.000000000000000000000000000000e+00;0.000000000000000000000000000000e+00;1.000000000000000000000000000000e+00;2.223423018237954284668719817653e-05
4.490000000000000000000000000000e+02;2.921790132301956832705513988913e-01;2.015780141756948889986134076935e-02;2.411030891910781112641437573529e-03;1.758382163855954471998188637372e+00;5.372304820074457198941786373325e-01;6.924310360493568516915274813073e-01;8.056845383529179227544148034212e-02;2.370973702217794940733108788322e-03;0.000000000000000000000000000000e+00;0.000000000000000000000000000000e+00;0.000000000000000000000000000000e+00;2.389680852779292762251041326582e-05
4.500000000000000000000000000000e+02;2.926330496226523525393758973223e-01;2.009704939997757761060981351875e-02;2.412433058995178385836011258903e-03;1.754213085987002873622486731620e+00;5.465178415763347619105161356856e-01;6.924310360493568516915274813073e-01;8.052782740682737361304077694513e-02;2.329180254420994394121136039644e-03;0.000000000000000000000000000000e+00;0.000000000000000000000000000000e+00;1.000000000000000000000000000000e+00;2.340482531727553831249651061785e-05
4.510000000000000000000000000000e+02;2.930624220548081471093837535591e-01;2.003754801206198213336939772944e-02;2.413796701032374682205361438037e-03;1.847074832653522680203650452313e+00;5.455413315195378753941213290091e-01;6.924310360493568516915274813073e-01;8.048800947021485241439364699545e-02;2.209479194072746024990472335503e-03;0.000000000000000000000000000000e+00;0.000000000000000000000000000000e+00;1.000000000000000000000000000000e+00;2.213627271644233400330926964106e-05
4.520000000000000000000000000000e+02;2.934846429403371592670168865880e-01;1.998127119584550831499214496034e-02;2.415077660188104553828924991876e-03;1.849558319800056915838126769813e+00;5.508540686841927325190226838458e-01;6.924310360493568516915274813073e-01;8.045032387992750999572422188066e-02;2.179094243379255026876739620434e-03;0.000000000000000000000000000000e+00;0.000000000000000000000000000000e+00;1.000000000000000000000000000000e+00;2.177053651913333674142864149204e-05
4.530000000000000000000000000000e+02;2.939000904193003194109223841224e-01;1.992592468061529786815810894041e-02;2.416329129212536550030954174417e-03;1.899817376833963677995598118287e+00;5.419365408152043706024869607063e-01;6.924310360493568516915274813073e-01;8.041323691525230354937292531758e-02;2.150382338073071001455227602150e-03;0.000000000000000000000000000000e+00;0.000000000000000000000000000000e+00;1.000000000000000000000000000000e+00;2.142417825148471946278445898759e-05
4.540000000000000000000000000000e+02;2.943447873897779842877753253561e-01;1.987145943356732891160731924174e-02;2.417552633577037951573274199291e-03;1.747493722707333496657611249248e+00;5.473277333740600436584600174683e-01;6.924310360493568516915274813073e-01;8.037671676132462916797294383286e-02;2.308469686686236144179673601684e-03;0.000000000000000000000000000000e+00;0.000000000000000000000000000000e+00;1.000000000000000000000000000000e+00;2.293633086630270760133097629474e-05
4.550000000000000000000000000000e+02;2.947709472206293535023746699153e-01;1.981315250830087762445863575067e-02;2.418853613414027360628555385347e-03;1.846215959076719981268865922175e+00;5.373552727821735430779881426133e-01;6.924310360493568516915274813073e-01;8.033759444416989359272207593676e-02;2.219049844488968185884925077289e-03;0.000000000000000000000000000000e+00;0.000000000000000000000000000000e+00;1.000000000000000000000000000000e+00;2.198318649619063493128555408784e-05
4.560000000000000000000000000000e+02;2.951855101162818018067923730996e-01;1.975726945083403074399086563062e-02;2.420091959624963776076533861215e-03;1.892448969625837751351582483039e+00;5.357842032819977173829784078407e-01;6.924310360493568516915274813073e-01;8.030007286020376944257748164091e-02;2.165061966769128536103306004179e-03;0.000000000000000000000000000000e+00;0.000000000000000000000000000000e+00;1.000000000000000000000000000000e+00;2.138785632760517655933177327832e-05
4.570000000000000000000000000000e+02;2.956222576595696205359331543150e-01;1.970290106580680281056494607128e-02;2.421288720775286416875271555682e-03;1.822287298909414321457234109403e+00;5.251620804504268935630761916400e-01;6.924310360493568516915274813073e-01;8.026354406675675901006172807683e-02;2.287586151887583112846114019590e-03;0.000000000000000000000000000000e+00;0.000000000000000000000000000000e+00;1.000000000000000000000000000000e+00;2.253604181507537116638945073888e-05
4.580000000000000000000000000000e+02;2.960519729830323187869112189219e-01;1.964561699130536881474640154011e-02;2.422541116401362784604778255471e-03;1.823174788955611580476556810027e+00;5.303219480835860144551929806767e-01;6.924310360493568516915274813073e-01;8.022503030911701249472400832019e-02;2.257642932746589409936932568712e-03;0.000000000000000000000000000000e+00;0.000000000000000000000000000000e+00;1.000000000000000000000000000000e+00;2.217639417993344400168581609378e-05
4.590000000000000000000000000000e+02;2.964776980821955953970814334753e-01;1.958924920532726515753907392536e-02;1.301329148642728708584748176236e-03;1.819058711278164208735574902676e+00;5.333515121788088286791662540054e-01;6.404471511234257619094023539219e-01;7.827365918568576774738687618083e-02;2.243442973247358144389673739738e-03;0.000000000000000000000000000000e+00;0.000000000000000000000000000000e+00;0.000000000000000000000000000000e+00;2.197368174044143083242092151508e-05
4.600000000000000000000000000000e+02;2.969295668584732150740990164195e-01;1.953339910588320488260549723236e-02;1.301851038384379578849436853716e-03;1.750183262962174524091096827760e+00;5.192048028600492193262994078395e-01;6.404471511234257619094023539219e-01;7.823825000432621523671627983276e-02;2.388433129885410722420546747458e-03;0.000000000000000000000000000000e+00;0.000000000000000000000000000000e+00;1.000000000000000000000000000000e+00;2.332710878188274831535400921645e-05
4.610000000000000000000000000000e+02;2.973564799548340520374267725856e-01;1.947411324425561002238183050395e-02;1.302398638176790676701521931591e-03;1.752485512167535119942840537988e+00;5.454321358857493473593081034778e-01;6.404471511234257619094023539219e-01;7.820062984975970077350382325676e-02;2.263706006307055883935985818312e-03;0.000000000000000000000000000000e+00;0.000000000000000000000000000000e+00;1.000000000000000000000000000000e+00;2.204183355926260382603304455174e-05
4.620000000000000000000000000000e+02;2.977841018961528973818531085271e-01;1.941809611487649994687743060240e-02;1.302910002039832718101486364048e-03;1.813573799645107786915332326316e+00;5.230835766135623066119819668529e-01;6.404471511234257619094023539219e-01;7.816505280072749695108313972014e-02;2.274352724551335046265787553921e-03;0.000000000000000000000000000000e+00;0.000000000000000000000000000000e+00;1.000000000000000000000000000000e+00;2.208179990223453148870391693492e-05
4.630000000000000000000000000000e+02;2.981911709876109983774483680463e-01;1.936198082699563949304888410552e-02;1.303416381154358242092095032660e-03;1.848539007520917154536732596171e+00;5.359167834006133279700634375331e-01;6.404471511234257619094023539219e-01;7.812938297377923502207153205745e-02;2.171607329290739085009276365668e-03;0.000000000000000000000000000000e+00;0.000000000000000000000000000000e+00;1.000000000000000000000000000000e+00;2.102330973674525316338863867305e-05
4.640000000000000000000000000000e+02;2.986251768625380886845732675283e-01;1.930855800791194537557871058198e-02;1.303893000995757492019300194386e-03;1.755933460132097057027067421586e+00;5.261580680916528862667291832622e-01;6.404471511234257619094023539219e-01;7.809539617886146478653586200380e-02;2.322111359272624204336255004932e-03;0.000000000000000000000000000000e+00;0.000000000000000000000000000000e+00;1.000000000000000000000000000000e+00;2.241831094067336030005617442118e-05
4.650000000000000000000000000000e+02;2.990407125884284034178506317403e-01;1.925159530934644064315008904487e-02;1.304395339546060832852658606384e-03;1.899951181217531148703869803285e+00;5.048260098729908662562593235634e-01;6.404471511234257619094023539219e-01;7.805912665587044774184732887079e-02;2.230180681776206246674787436746e-03;0.000000000000000000000000000000e+00;0.000000000000000000000000000000e+00;1.000000000000000000000000000000e+00;2.146726797613892541460346718996e-05
4.660000000000000000000000000000e+02;2.994469125119131325263310827722e-01;1.919705237664758382121199531412e-02;1.304870674530248571970636461970e-03;1.803541180493524631600621432881e+00;5.408789352459310029175298950577e-01;6.404471511234257619094023539219e-01;7.802436801065290583601097296196e-02;2.186582708108484457421027968849e-03;0.000000000000000000000000000000e+00;0.000000000000000000000000000000e+00;1.000000000000000000000000000000e+00;2.098797138671524374468370377489e-05
4.670000000000000000000000000000e+02;2.998552160921444942331959282456e-01;1.914373085199119403632117553116e-02;1.305330014481586881763819363300e-03;1.826936106132299508786331898591e+00;5.281749709908505341360296370112e-01;6.404471511234257619094023539219e-01;7.799035937548048913470211118693e-02;2.204361890575511507411876621632e-03;0.000000000000000000000000000000e+00;0.000000000000000000000000000000e+00;1.000000000000000000000000000000e+00;2.109985536678203192672079180348e-05
4.680000000000000000000000000000e+02;3.002502111182138166967092729465e-01;1.909012936246164138243130992123e-02;1.305786440244695485735082485235e-03;1.822908877803424809727061983722e+00;5.440415852132205465352399187395e-01;6.404471511234257619094023539219e-01;7.795614378887626150227418975192e-02;2.138795711026187339187654146144e-03;0.000000000000000000000000000000e+00;0.000000000000000000000000000000e+00;1.000000000000000000000000000000e+00;2.041494340168401741227900692000e-05
4.690000000000000000000000000000e+02;3.006276824654385282364899012464e-01;1.903827151369004780367966134236e-02;2.186207641437703207143439243509e-03;1.890603586186968110283146415895e+00;5.458643287456592663176024871063e-01;7.517428505898315904687478905544e-01;8.799103509543679257909332136478e-02;2.049744900175393472196994082424e-03;0.000000000000000000000000000000e+00;0.000000000000000000000000000000e+00;0.000000000000000000000000000000e+00;1.951179997167032080930375304018e-05
4.700000000000000000000000000000e+02;3.010514811823667979950869266759e-01;1.898871123935144678007702623290e-02;2.187039697689088790788503047224e-03;1.762976103481936673844643337361e+00;5.185840800735939115639894225751e-01;7.517428505898315904687478905544e-01;8.795422062680505193021929244424e-02;2.307742641634491845281651478672e-03;0.000000000000000000000000000000e+00;0.000000000000000000000000000000e+00;1.000000000000000000000000000000e+00;2.191052931836774057654249059368e-05
4.710000000000000000000000000000e+02;3.014868729182638706909358461417e-01;1.893306499068822881803875191054e-02;2.187966389633449158791389521639e-03;1.761045284111304676244458278234e+00;5.022864304510173960593988340406e-01;7.517428505898315904687478905544e-01;8.791285520565224331779319300040e-02;2.378244203570462414476516244122e-03;0.000000000000000000000000000000e+00;0.000000000000000000000000000000e+00;1.000000000000000000000000000000e+00;2.251372603496356721583873672365e-05
4.720000000000000000000000000000e+02;3.018886321236293190928279273066e-01;1.887589298012429944728651776131e-02;2.188910192210235649418192949156e-03;1.874279087841047575224706633890e+00;5.082965329909121532381277575041e-01;7.517428505898315904687478905544e-01;8.787032219717075265386085902719e-02;2.201474147966349815402908873807e-03;0.000000000000000000000000000000e+00;0.000000000000000000000000000000e+00;1.000000000000000000000000000000e+00;2.077739520776158128434300820242e-05
4.730000000000000000000000000000e+02;3.022729390562031159817024672520e-01;1.882313428614451611409208453551e-02;2.189773685927304432141671242107e-03;1.882836502027327219010999215243e+00;5.259396032753209659915683005238e-01;7.517428505898315904687478905544e-01;8.783104229035804122460717735521e-02;2.112034204838176415508499417228e-03;0.000000000000000000000000000000e+00;0.000000000000000000000000000000e+00;1.000000000000000000000000000000e+00;1.987755172729972088607568181384e-05
4.740000000000000000000000000000e+02;3.026576031740016992088726510701e-01;1.877266484137079388672120217052e-02;2.190593023912735734515244701015e-03;1.826019307057861862375602868269e+00;5.388198098185494888667790291947e-01;7.517428505898315904687478905544e-01;8.779343953582928461454315538504e-02;2.119993345270985551226372578526e-03;0.000000000000000000000000000000e+00;0.000000000000000000000000000000e+00;1.000000000000000000000000000000e+00;1.989896226835434215793850520893e-05
4.750000000000000000000000000000e+02;3.030770334290421308409690936969e-01;1.872214611317897861586523333699e-02;2.191406619489307851245118996530e-03;1.772677902330429766664110502461e+00;5.061997161358026131594556318305e-01;7.517428505898315904687478905544e-01;8.775577326341124639874635704473e-02;2.318256000733123507046018474398e-03;0.000000000000000000000000000000e+00;0.000000000000000000000000000000e+00;1.000000000000000000000000000000e+00;2.170136378673975029542954351403e-05
4.760000000000000000000000000000e+02;3.034672176507270946466121586127e-01;1.866705892942255307076493409113e-02;2.192286336579044037087271590281e-03;1.823039528979325751834039692767e+00;5.259295628230780117462472844636e-01;7.517428505898315904687478905544e-01;8.771467009292416294741201454599e-02;2.163264981286518000291874130880e-03;0.000000000000000000000000000000e+00;0.000000000000000000000000000000e+00;1.000000000000000000000000000000e+00;2.019089744281580276526882888888e-05
4.770000000000000000000000000000e+02;3.038519218490112194785979227163e-01;1.861581063034438085490585024218e-02;2.193097774321325563184892359914e-03;1.875266498526046099470931949327e+00;5.156461536722134475496659433702e-01;7.517428505898315904687478905544e-01;8.767640240217836056224598451081e-02;2.139068367081671962620648130837e-03;0.000000000000000000000000000000e+00;0.000000000000000000000000000000e+00;1.000000000000000000000000000000e+00;1.991024582347618949920015074539e-05
4.780000000000000000000000000000e+02;3.042260218720335140929478257021e-01;1.856528013256321385515690280954e-02;2.193891271644596904083490684911e-03;1.871255175279201043991861297400e+00;5.284440125281535394208276557038e-01;7.517428505898315904687478905544e-01;8.763864330515636069662832596805e-02;2.086060987813053834577514678017e-03;0.000000000000000000000000000000e+00;0.000000000000000000000000000000e+00;1.000000000000000000000000000000e+00;1.936415330618043988564896951132e-05
4.790000000000000000000000000000e+02;3.045970271420577191179290821310e-01;1.851614074024611131252804341329e-02;2.056901134862319530799412703459e-03;1.867351622859807935839171477710e+00;5.310663643203357153765864495654e-01;6.562420151288230751873697954579e-01;7.556720376753461865249050788407e-02;2.074593746901172864466333933819e-03;0.000000000000000000000000000000e+00;0.000000000000000000000000000000e+00;0.000000000000000000000000000000e+00;1.920673489822832325554097243625e-05
4.800000000000000000000000000000e+02;3.050039203457408643060944086756e-01;1.846740628295295491567706847036e-02;2.057614449932680666943696223825e-03;1.813946561734451901060083400807e+00;4.957723568584885831533881628275e-01;6.562420151288230751873697954579e-01;7.553552796161341897906993381184e-02;2.281689783255783521981330252970e-03;0.000000000000000000000000000000e+00;0.000000000000000000000000000000e+00;1.000000000000000000000000000000e+00;2.106844611952371354988457208268e-05
4.810000000000000000000000000000e+02;3.054066785432782982212529532262e-01;1.841395600849286828815110084179e-02;2.058390448584479677507363959421e-03;1.778372976759302837024279142497e+00;5.078480202851267666375179032912e-01;6.562420151288230751873697954579e-01;7.550076194540621121742418608846e-02;2.265416073638668210954438819726e-03;0.000000000000000000000000000000e+00;0.000000000000000000000000000000e+00;1.000000000000000000000000000000e+00;2.085763596045753755160896691923e-05
4.820000000000000000000000000000e+02;3.058188837309014918020011464250e-01;1.836104736374363777251517149125e-02;2.059152057053146352844086308664e-03;1.810238563094304087286445792415e+00;4.845945210373823752725286340137e-01;6.562420151288230751873697954579e-01;7.546632226293759071467093235697e-02;2.325630045395985986966813641175e-03;0.000000000000000000000000000000e+00;0.000000000000000000000000000000e+00;1.000000000000000000000000000000e+00;2.135050170703048759705995618408e-05
4.830000000000000000000000000000e+02;3.062199587770363384819916063861e-01;1.830689627040236328037181579020e-02;2.059924832771811882559109818658e-03;1.809968663893174234402749789297e+00;4.951060178793276200792661256855e-01;6.562420151288230751873697954579e-01;7.543104696325989011462809230579e-02;2.269880271683319666181644080893e-03;0.000000000000000000000000000000e+00;0.000000000000000000000000000000e+00;1.000000000000000000000000000000e+00;2.077723133996963266845008078132e-05
4.840000000000000000000000000000e+02;3.066116266922717104037587887433e-01;1.825420609615156092297993950524e-02;2.060670243318287082889828099042e-03;1.860940931550535415439640019031e+00;4.902010594671682985890015515906e-01;6.562420151288230751873697954579e-01;7.539669712331283080164467946815e-02;2.223379546920020276984386597974e-03;0.000000000000000000000000000000e+00;0.000000000000000000000000000000e+00;1.000000000000000000000000000000e+00;2.029301423972306884905593415969e-05
4.850000000000000000000000000000e+02;3.070360247928733965494529911666e-01;1.820275072600897880992221189445e-02;2.061391987273879927711206505592e-03;1.744564202638094307928895432269e+00;4.797662200788375130855456518475e-01;6.562420151288230751873697954579e-01;7.536312720596888281576752888213e-02;2.416450421625882753057235063920e-03;0.000000000000000000000000000000e+00;0.000000000000000000000000000000e+00;1.000000000000000000000000000000e+00;2.199302233330762519018103384738e-05
4.860000000000000000000000000000e+02;3.074341106210956020561297918903e-01;1.814699444096563862860449489744e-02;2.062167151304287841806495151786e-03;1.766050203179786004525908538199e+00;5.020897539163848843912774100318e-01;6.562420151288230751873697954579e-01;7.532672323777858669480167463917e-02;2.273933672947172929951209496835e-03;0.000000000000000000000000000000e+00;0.000000000000000000000000000000e+00;1.000000000000000000000000000000e+00;2.063253086104846410991746352703e-05
4.870000000000000000000000000000e+02;3.078301845543810477678903225751e-01;1.809469421394944294023687803019e-02;2.062887742586743192174658645399e-03;1.791391706029665131794104127039e+00;4.945579305882826792739592747239e-01;6.562420151288230751873697954579e-01;7.529254908648844168972402712825e-02;2.269347529869639602112529885858e-03;0.000000000000000000000000000000e+00;0.000000000000000000000000000000e+00;1.000000000000000000000000000000e+00;2.053157480908631907353875667432e-05
4.880000000000000000000000000000e+02;3.082071586718077016442407511931e-01;1.804265771030746229319774442956e-02;2.063598438132491479785057819640e-03;1.800754157562601376341149261862e+00;5.138703809378193376744548004353e-01;6.562420151288230751873697954579e-01;7.525852150253510564059666876346e-02;2.166456575868100364878898744792e-03;0.000000000000000000000000000000e+00;0.000000000000000000000000000000e+00;1.000000000000000000000000000000e+00;1.954431722131644633198670202301e-05
4.890000000000000000000000000000e+02;3.085979172545838533636697320617e-01;1.799313013405149513923575455010e-02;1.946562786490845745751565587511e-03;1.796852901876428099114946235204e+00;4.940115523257528895584300698829e-01;7.737471194135672192260244628415e-01;9.151484760526010231451721210760e-02;2.252239553845038037838133249124e-03;0.000000000000000000000000000000e+00;0.000000000000000000000000000000e+00;0.000000000000000000000000000000e+00;2.026241969269592738405079412889e-05
4.900000000000000000000000000000e+02;3.089845295241754330461958488740e-01;1.794179123000553058298045527863e-02;1.947151665910232167661098046096e-03;1.776086487676362235532678823802e+00;5.021893976101724499372380705609e-01;7.737471194135672192260244628415e-01;9.147473768584764297617795136830e-02;2.235072627080397431043046196919e-03;0.000000000000000000000000000000e+00;0.000000000000000000000000000000e+00;1.000000000000000000000000000000e+00;2.005060322948824810622946157590e-05
4.910000000000000000000000000000e+02;3.093805410491847762699535451247e-01;1.789099691462574248657091402492e-02;1.947728056945222975537834741999e-03;1.740584676922593221348734005005e+00;4.973560239386903836233955189527e-01;7.737471194135672192260244628415e-01;9.143502126911431937550389648095e-02;2.296304585156876392620928228894e-03;0.000000000000000000000000000000e+00;0.000000000000000000000000000000e+00;1.000000000000000000000000000000e+00;2.054158912404131394065058546783e-05
4.920000000000000000000000000000e+02;3.097579238092057485332020405622e-01;1.783896766599709499123704858903e-02;1.948312029873757334624828629899e-03;1.789217524846674844951621707878e+00;5.046973731927750783654573751846e-01;7.737471194135672192260244628415e-01;9.139430614255680818125426867482e-02;2.194992401746196416384426797208e-03;0.000000000000000000000000000000e+00;0.000000000000000000000000000000e+00;1.000000000000000000000000000000e+00;1.957819924092985054719408266610e-05
4.930000000000000000000000000000e+02;3.101362966697135403748575299687e-01;1.778938602540569915988477589508e-02;1.948862478962180237035406449309e-03;1.766168547843808500630302660284e+00;5.070336856980469653066734281310e-01;7.737471194135672192260244628415e-01;9.135547506994178001971107505597e-02;2.207239654420524443967366323704e-03;0.000000000000000000000000000000e+00;0.000000000000000000000000000000e+00;1.000000000000000000000000000000e+00;1.963271913153489381712556161030e-05
4.940000000000000000000000000000e+02;3.105048624358199838013661064906e-01;1.773967452863896288040024273869e-02;1.949408444696073498120236777709e-03;1.856374667375303211258597002598e+00;4.923931979327556551773170667730e-01;7.737471194135672192260244628415e-01;9.131651150296032914965849158762e-02;2.156380818298264060578484091479e-03;0.000000000000000000000000000000e+00;0.000000000000000000000000000000e+00;1.000000000000000000000000000000e+00;1.912674693820568669528660310508e-05
4.950000000000000000000000000000e+02;3.109074032423790878709723983775e-01;1.769125184653076721108533320148e-02;1.949934555907568848112654258387e-03;1.745445896411343955634265512344e+00;4.767812433495554058637821981392e-01;7.737471194135672192260244628415e-01;9.127852833904347151783298386363e-02;2.362057699416554926163946959150e-03;0.000000000000000000000000000000e+00;0.000000000000000000000000000000e+00;1.000000000000000000000000000000e+00;2.089387881820767045885564594521e-05
4.960000000000000000000000000000e+02;3.112901719623680230064621810016e-01;1.763836599142900446457460361671e-02;1.950502737479506941420392962527e-03;1.770373852636332623333714764158e+00;4.913230350788359568348084849276e-01;7.737471194135672192260244628415e-01;9.123701053375496416997236792668e-02;2.253116913686207742339995263592e-03;0.000000000000000000000000000000e+00;0.000000000000000000000000000000e+00;1.000000000000000000000000000000e+00;1.987065037253814728615032569881e-05
4.970000000000000000000000000000e+02;3.116725599128827850492484685674e-01;1.758807842591297160295127355312e-02;1.951036789915238864323576706283e-03;1.782638606202619158125344256405e+00;4.855675085455996575767301237647e-01;7.737471194135672192260244628415e-01;9.119749974902871536563964127708e-02;2.257682974149636395688744983090e-03;0.000000000000000000000000000000e+00;0.000000000000000000000000000000e+00;1.000000000000000000000000000000e+00;1.985415260509613180313695512957e-05
4.980000000000000000000000000000e+02;3.120533850578638412898158094322e-01;1.753784162887235542616082284439e-02;1.951564258929747684712108224403e-03;1.760868372493610056750412695692e+00;4.906918685870058638442969822790e-01;7.737471194135672192260244628415e-01;9.115799684285603998734615061039e-02;2.255266559216899044382209638115e-03;0.000000000000000000000000000000e+00;0.000000000000000000000000000000e+00;1.000000000000000000000000000000e+00;1.977625387321893063409181112711e-05
4.990000000000000000000000000000e+02;3.124279470513058321046173659852e-01;1.748781101252264505441225139748e-02;3.001212802549373809268828949826e-03;1.849214036348520551200635964051e+00;4.722803394582080205310603560065e-01;6.923769475164696096669558755821e-01;7.815705658950322654021647394984e-02;2.224876423159323751005400637837e-03;0.000000000000000000000000000000e+00;0.000000000000000000000000000000e+00;0.000000000000000000000000000000e+00;1.945410920721380536031579200351e-05
5.000000000000000000000000000000e+02;1.333653026571157973467762758446e-01;3.823731588235108197482148284507e-02;1.802460091706995382737632738213e-03;2.000000000000000000000000000000e+00;1.111388264220275923221947778075e+00;6.923769475164696096669558755821e-01;9.166835781715820807846739626257e-02;1.911389021448447718756757929270e-03;0.000000000000000000000000000000e+00;1.000000000000000000000000000000e+00;1.000000000000000000000000000000e+00;3.654319289359111354266104743083e-05
5.010000000000000000000000000000e+02;1.339211314413049358496010654562e-01;3.803140342033335674631899792075e-02;1.820657724266907563637207800866e-03;1.999999999999999333866185224906e+00;1.149515423742814679286539103487e+00;6.923769475164696096669558755821e-01;9.163460756889416081172328176763e-02;1.838040361994127151398781272462e-03;0.000000000000000000000000000000e+00;0.000000000000000000000000000000e+00;1.000000000000000000000000000000e+00;3.495162725492710132420975943646e-05
5.020000000000000000000000000000e+02;1.345076461866576700288078427548e-01;3.783524985548816776947944617859e-02;1.837942628594562647498245055999e-03;1.998092124188719731492369646730e+00;1.081654516262204657195411527937e+00;6.923769475164696096669558755821e-01;9.160221405002551275931210739145e-02;1.945136220483130971847796075735e-03;0.000000000000000000000000000000e+00;0.000000000000000000000000000000e+00;1.000000000000000000000000000000e+00;3.679735745246958794054878416624e-05
5.030000000000000000000000000000e+02;1.350750274809301432199504233722e-01;3.762960446375206158275972256888e-02;1.856010679558779425529779771864e-03;1.997433799364388473662756950944e+00;1.109066985638355262722143379506e+00;6.923769475164696096669558755821e-01;9.156799573100921074697566837131e-02;1.887369670986630476247625232133e-03;0.000000000000000000000000000000e+00;0.000000000000000000000000000000e+00;1.000000000000000000000000000000e+00;3.551048709805438663520554820607e-05
5.040000000000000000000000000000e+02;1.356412094536198764682666251247e-01;3.743196140678329425499626381679e-02;1.873323694140925817219756055465e-03;1.994270594429468523856030515162e+00;1.104073345152419172165991767542e+00;6.923769475164696096669558755821e-01;9.153485797727473061158320888353e-02;1.888939569119076370903864692252e-03;0.000000000000000000000000000000e+00;0.000000000000000000000000000000e+00;1.000000000000000000000000000000e+00;3.535335652550557525948191073262e-05
5.050000000000000000000000000000e+02;1.362113845212542528884114290122e-01;3.723599159919763201820330777991e-02;1.890439307905117469893463422181e-03;1.990580376681127416915728645108e+00;1.089396706071481979449799837312e+00;6.923769475164696096669558755821e-01;9.150175514500512308213586720740e-02;1.907895738561720408790756131623e-03;0.000000000000000000000000000000e+00;0.000000000000000000000000000000e+00;1.000000000000000000000000000000e+00;3.552119484661459252600179681281e-05
5.060000000000000000000000000000e+02;1.368333589363250890613699084497e-01;3.703989451708119412520758828578e-02;1.907514824974366075133191955615e-03;1.839491491037390957785646605771e+00;1.071747371365622480965384966112e+00;6.923769475164696096669558755821e-01;9.146838327523476586122797016287e-02;2.087550650020213952734460249872e-03;0.000000000000000000000000000000e+00;0.000000000000000000000000000000e+00;1.000000000000000000000000000000e+00;3.866132793790650007490633521812e-05
5.070000000000000000000000000000e+02;1.373948044226831755043605198807e-01;3.682740369983208972293198257830e-02;1.925959378967112556324536853936e-03;1.992883359592344527655427555146e+00;1.086123657682029675086710085452e+00;6.923769475164696096669558755821e-01;9.143193878513179717604231200312e-02;1.890459765569115196254257327269e-03;0.000000000000000000000000000000e+00;0.000000000000000000000000000000e+00;1.000000000000000000000000000000e+00;3.481036248245187821916124537580e-05
5.080000000000000000000000000000e+02;1.379686613081924917434406552275e-01;3.663685253724036777756012384089e-02;-9.797356799863156731622559902917e-03;1.988592717418390165562414040323e+00;1.056267845702091534576538833790e+00;1.166841109279636912177124941081e+00;1.573759291055472908649193186648e-01;1.938008792077987579166586940005e-03;0.000000000000000000000000000000e+00;0.000000000000000000000000000000e+00;0.000000000000000000000000000000e+00;3.550127116561827770712528318242e-05
5.090000000000000000000000000000e+02;1.385239787404830280603817982410e-01;3.644331247042167237770726728741e-02;-9.820707501182813700668639000924e-03;1.991763901381043089244826660433e+00;1.080764674282841841801428017789e+00;1.166841109279636912177124941081e+00;1.575332382706424727558669474092e-01;1.881075978076604147612438389103e-03;0.000000000000000000000000000000e+00;0.000000000000000000000000000000e+00;1.000000000000000000000000000000e+00;3.427631982482487612261257137192e-05
5.100000000000000000000000000000e+02;1.390851358646687241371608934060e-01;3.625719102416977840386280718121e-02;-9.843249202660027744049564546458e-03;1.986613795277140104289514965785e+00;1.063661561822190293469247990288e+00;1.166841109279636912177124941081e+00;1.576852243810622777875352085175e-01;1.906490884644791499943905499492e-03;0.000000000000000000000000000000e+00;0.000000000000000000000000000000e+00;1.000000000000000000000000000000e+00;3.456200209520232663343644596843e-05
5.110000000000000000000000000000e+02;1.396238192729375438005945397890e-01;3.607026588903890218507086729005e-02;-9.865973436947486976955623561025e-03;1.994319025208467266452316835057e+00;1.094804896317797870963772766117e+00;1.166841109279636912177124941081e+00;1.578385722579933592157885868801e-01;1.835589103264980434873643311278e-03;0.000000000000000000000000000000e+00;0.000000000000000000000000000000e+00;1.000000000000000000000000000000e+00;3.310509350889516200005732726730e-05
5.120000000000000000000000000000e+02;1.401843994850028862764190762391e-01;3.589190729333207457996124389865e-02;-9.887736089136985387360034849280e-03;1.979184921690899434665311673598e+00;1.051780667318365836138127633603e+00;1.166841109279636912177124941081e+00;1.579855589241536961697676133554e-01;1.915766039907346044227076653499e-03;0.000000000000000000000000000000e+00;0.000000000000000000000000000000e+00;1.000000000000000000000000000000e+00;3.438024855003419139607215293530e-05
5.130000000000000000000000000000e+02;1.407450705242727362342947117213e-01;3.570741157076874616738138001892e-02;-9.910329850867288792315434875491e-03;1.977408972115869856267522663984e+00;1.043991990825309912338525464293e+00;1.166841109279636912177124941081e+00;1.581382958031983809732423651440e-01;1.921861968396920564497443173479e-03;0.000000000000000000000000000000e+00;0.000000000000000000000000000000e+00;1.000000000000000000000000000000e+00;3.431235814387830266019435709879e-05
5.140000000000000000000000000000e+02;1.413411609508246069566439473419e-01;3.552401043399081026485930578929e-02;-9.932872732855233671722672283977e-03;1.805838218325053645685329684056e+00;1.066460613006155355719783983659e+00;1.166841109279636912177124941081e+00;1.582908323504837455608651453076e-01;2.049537263876382263416697782077e-03;0.000000000000000000000000000000e+00;0.000000000000000000000000000000e+00;1.000000000000000000000000000000e+00;3.640389157339879872823593109921e-05
5.150000000000000000000000000000e+02;1.418666940677830723416263936087e-01;3.533024441276035043646430722220e-02;-9.956779959927882645009944440062e-03;1.984449631076357745129712384369e+00;1.091309127707662307571467863454e+00;1.166841109279636912177124941081e+00;1.584527628284450317952547493405e-01;1.812659638138652698838293453321e-03;0.000000000000000000000000000000e+00;0.000000000000000000000000000000e+00;1.000000000000000000000000000000e+00;3.202085402629216475062570723686e-05
5.160000000000000000000000000000e+02;1.424012594575313206402000787421e-01;3.516044763495768110672656803217e-02;-9.977806330064811074498365428553e-03;1.980852499326186677564010096830e+00;1.066590032903293350230455871497e+00;1.166841109279636912177124941081e+00;1.585953228102241763242119532151e-01;1.849107786346648610656395739227e-03;0.000000000000000000000000000000e+00;0.000000000000000000000000000000e+00;1.000000000000000000000000000000e+00;3.250772874661692410499722050155e-05
5.170000000000000000000000000000e+02;1.429499140966727921409074042458e-01;3.498871696993965246802460455910e-02;-9.999145062176691828303987108484e-03;1.982338357767563064015803320217e+00;1.030324588425630238930352788884e+00;1.166841109279636912177124941081e+00;1.587401410922806288539277375094e-01;1.903415751816172566540652510980e-03;0.000000000000000000000000000000e+00;0.000000000000000000000000000000e+00;1.000000000000000000000000000000e+00;3.329903750821048018151276925991e-05
5.180000000000000000000000000000e+02;1.434743477716929338505735813669e-01;3.481348291069122358187826193898e-02;-1.399031619514416041605286977756e-02;1.973787347843990236384570380324e+00;1.073951928237201425275770816370e+00;1.331998951991217428059144367580e+00;2.197835423281883915347378888328e-01;1.824818865186941590703084692393e-03;0.000000000000000000000000000000e+00;0.000000000000000000000000000000e+00;0.000000000000000000000000000000e+00;3.176415018914627871968875405528e-05
5.190000000000000000000000000000e+02;1.440176087727438880570218771027e-01;3.464694432640082893959387888572e-02;-1.404004886323202694331513384896e-02;1.970238776288254278767908544978e+00;1.030636853254982110428272790159e+00;1.331998951991217428059144367580e+00;2.198784940452639946606439025345e-01;1.895823484561109375720611147642e-03;0.000000000000000000000000000000e+00;0.000000000000000000000000000000e+00;1.000000000000000000000000000000e+00;3.284224536113599887156289103274e-05
5.200000000000000000000000000000e+02;1.445456435591929711392822355265e-01;3.447540681074420798601920523652e-02;-1.409125504699475228687077787981e-02;1.986136749521558719777658552630e+00;1.043544775359178666818138481176e+00;1.331998951991217428059144367580e+00;2.199768392386396986815100262902e-01;1.848190164863047465007572789375e-03;0.000000000000000000000000000000e+00;0.000000000000000000000000000000e+00;1.000000000000000000000000000000e+00;3.185855389863499227817364434223e-05
5.210000000000000000000000000000e+02;1.450789477183153375339230706231e-01;3.430962391522025811685381313509e-02;-1.414072414194425184041925547263e-02;1.971546172124930773605910871993e+00;1.032846207610601307891329270205e+00;1.331998951991217428059144367580e+00;2.200724148977619143430217718560e-01;1.872107730155264399690695498180e-03;0.000000000000000000000000000000e+00;0.000000000000000000000000000000e+00;1.000000000000000000000000000000e+00;3.211565607520189014620695666657e-05
5.220000000000000000000000000000e+02;1.455934893285527886863661706229e-01;3.414312535677523074983952255934e-02;-1.419038707346325159375233226910e-02;1.962936147320136326399619974836e+00;1.066841753234199607902610296151e+00;1.331998951991217428059144367580e+00;2.201689329283650076174438936505e-01;1.811567772768896871296573358734e-03;0.000000000000000000000000000000e+00;0.000000000000000000000000000000e+00;1.000000000000000000000000000000e+00;3.092629277897128220117806129963e-05
5.230000000000000000000000000000e+02;1.461171983738641932948354451582e-01;3.398337062266135188970395120123e-02;-1.423801927466773753483408881948e-02;1.980942782430989979047808446921e+00;1.030809067119264454959193244576e+00;1.331998951991217428059144367580e+00;2.202620460967414928177277033683e-01;1.849156979025172800601417577582e-03;0.000000000000000000000000000000e+00;0.000000000000000000000000000000e+00;1.000000000000000000000000000000e+00;3.142029347884662632229765821812e-05
5.240000000000000000000000000000e+02;1.466427209285506294556000739249e-01;3.382165521359552923241764688100e-02;-1.428621629971132955816415233130e-02;1.977279708259808144177327449142e+00;1.021259973780205720927938273235e+00;1.331998951991217428059144367580e+00;2.203568106365280665492889511370e-01;1.861006663131052575252399883254e-03;0.000000000000000000000000000000e+00;0.000000000000000000000000000000e+00;1.000000000000000000000000000000e+00;3.147116285531119053318557798882e-05
5.250000000000000000000000000000e+02;1.471859512848789630634627201289e-01;3.366026989360380167193298461825e-02;-1.433429448822275305286400026716e-02;1.955623462446381743973233824363e+00;9.911980371002508949374032454216e-01;1.331998951991217428059144367580e+00;2.204518973115835445142352000403e-01;1.929431711195257964988614141078e-03;0.000000000000000000000000000000e+00;0.000000000000000000000000000000e+00;1.000000000000000000000000000000e+00;3.247259607005510044855367546290e-05
5.260000000000000000000000000000e+02;1.476915268814359971649707858887e-01;3.349437528222820592560537988902e-02;-1.438369405779900932207393537965e-02;1.957581577686456242304302577395e+00;1.055519819595238661946723368601e+00;1.331998951991217428059144367580e+00;2.205501834639680691640961640587e-01;1.801121915913933384245648738897e-03;0.000000000000000000000000000000e+00;0.000000000000000000000000000000e+00;1.000000000000000000000000000000e+00;3.016372669033357488931057499570e-05
5.270000000000000000000000000000e+02;1.482278731705215790714902368563e-01;3.334082046270626931150360405809e-02;-1.442939865394826659539262436738e-02;1.972927989875775445227645832347e+00;9.798634457067010306019483323325e-01;1.331998951991217428059144367580e+00;2.206416542765503585599162761355e-01;1.916271245560257014198257685678e-03;0.000000000000000000000000000000e+00;0.000000000000000000000000000000e+00;1.000000000000000000000000000000e+00;3.194502777803552085508081992415e-05
5.280000000000000000000000000000e+02;1.487491310460070659260622960574e-01;3.317879778347072872168865842468e-02;-2.970781992082593622739317140713e-03;1.943027804216258314085052916198e+00;1.015689360214339309607112227241e+00;7.990137671128624274885510203603e-01;1.070495478684710399797097579722e-01;1.868005788893889939847325898370e-03;0.000000000000000000000000000000e+00;0.000000000000000000000000000000e+00;0.000000000000000000000000000000e+00;3.098909316403154062813385394293e-05
5.290000000000000000000000000000e+02;1.492521597647396836006095099947e-01;3.302219145742366079865348638123e-02;-2.986495081788933733668578440756e-03;1.976235745564244083993798994925e+00;1.026896341791209810168084004545e+00;7.990137671128624274885510203603e-01;1.070153481930186945003669052312e-01;1.807998327748408821588621542276e-03;0.000000000000000000000000000000e+00;0.000000000000000000000000000000e+00;1.000000000000000000000000000000e+00;2.985203346680488021821012201151e-05
5.300000000000000000000000000000e+02;1.497603089727722047719282727485e-01;3.287185702378139784407551360346e-02;-3.001534701663516931796626963092e-03;1.952403892285035524878367141355e+00;1.021330136751366746139524366299e+00;7.990137671128624274885510203603e-01;1.069823107823815455663662987718e-01;1.831664456859267856372874838655e-03;0.000000000000000000000000000000e+00;0.000000000000000000000000000000e+00;1.000000000000000000000000000000e+00;3.010510607071003656124048852849e-05
5.310000000000000000000000000000e+02;1.502690807958831920032594098302e-01;3.272077835275152141170096342648e-02;-3.016604789942391433993362781507e-03;1.965202433424069417000623616332e+00;1.005846965706799212014743716281e+00;7.990137671128624274885510203603e-01;1.069489033276282696771630753574e-01;1.839254863830958822840111466235e-03;0.000000000000000000000000000000e+00;0.000000000000000000000000000000e+00;1.000000000000000000000000000000e+00;3.009092536681649325222033530824e-05
5.320000000000000000000000000000e+02;1.507977712981826146076969052956e-01;3.257029925686494992165265216499e-02;-3.031570854333158829274630363670e-03;1.828521624616984642131001237431e+00;1.032475851042545134106376281125e+00;7.990137671128624274885510203603e-01;1.069154208704490016668131602273e-01;1.916899023226580501405580392316e-03;0.000000000000000000000000000000e+00;0.000000000000000000000000000000e+00;1.000000000000000000000000000000e+00;3.121698741584091912242351907203e-05
5.330000000000000000000000000000e+02;1.513045792470724959510874896296e-01;3.241475343253318042169297541477e-02;-3.046994042612628187521872646926e-03;1.939630439370675807353450181836e+00;1.007456810922540801911395647039e+00;7.990137671128624274885510203603e-01;1.068805913412430030895450272510e-01;1.843124977847146158185798192619e-03;0.000000000000000000000000000000e+00;0.000000000000000000000000000000e+00;1.000000000000000000000000000000e+00;2.987222085112920850905396386032e-05
5.340000000000000000000000000000e+02;1.518118060590307738522142244619e-01;3.226642776091280528927285331520e-02;-3.061656617288595946119178492495e-03;1.943524900215911177525640596286e+00;9.970828809624563415781040021102e-01;7.990137671128624274885510203603e-01;1.068471686638973461302981604604e-01;1.850065091364048184066626312472e-03;0.000000000000000000000000000000e+00;0.000000000000000000000000000000e+00;1.000000000000000000000000000000e+00;2.984749581174230690012484645823e-05
5.350000000000000000000000000000e+02;1.523222918776963030751403493923e-01;3.211873934527822299633825764431e-02;-3.076212462610682010083484883012e-03;1.968364150488682851047883559659e+00;9.708721419245620598559298741748e-01;7.990137671128624274885510203603e-01;1.068136842174018941165059004561e-01;1.867447903823311059282041846075e-03;0.000000000000000000000000000000e+00;0.000000000000000000000000000000e+00;1.000000000000000000000000000000e+00;2.999003623189356961312689031640e-05
5.360000000000000000000000000000e+02;1.528248938312372628978152988566e-01;3.197086291211259645450581956538e-02;-3.090742738968091200824073183639e-03;1.947405242212174369953459063254e+00;9.891890599760235769366545355297e-01;7.990137671128624274885510203603e-01;1.067799500455930972186990857153e-01;1.844064933813732579462318916796e-03;0.000000000000000000000000000000e+00;0.000000000000000000000000000000e+00;1.000000000000000000000000000000e+00;2.947817359999641286211029267417e-05
5.370000000000000000000000000000e+02;1.533375809553976787391604830191e-01;3.182600962114914833200884913822e-02;-3.104932813764604664086288465796e-03;1.943814100493086005627674239804e+00;9.642743115204681636498662555823e-01;7.990137671128624274885510203603e-01;1.067467028743771806365003840256e-01;1.886619656033489220853249790366e-03;0.000000000000000000000000000000e+00;0.000000000000000000000000000000e+00;1.000000000000000000000000000000e+00;3.002178766218546103364088473153e-05
5.380000000000000000000000000000e+02;1.538502640779927377323588189029e-01;3.167899906345385263595204605735e-02;2.161013764003034270944070271980e-03;1.957439964396217257913690446003e+00;9.502864035965404854167104531371e-01;6.359312765484651519543035647075e-01;8.300207200352011094324211626372e-02;1.892282509425786832593652242451e-03;0.000000000000000000000000000000e+00;0.000000000000000000000000000000e+00;0.000000000000000000000000000000e+00;2.997280792194480323470395788377e-05
5.390000000000000000000000000000e+02;1.543279292261962032384303711297e-01;3.153273993711825512464841381188e-02;2.171540984467370920263373790249e-03;1.975201136876712615375595305522e+00;1.003124208214235979497175321740e+00;6.359312765484651519543035647075e-01;8.297358712130208091561911487588e-02;1.768288658327998039490602799617e-03;0.000000000000000000000000000000e+00;0.000000000000000000000000000000e+00;1.000000000000000000000000000000e+00;2.787949319840626384060799924924e-05
5.400000000000000000000000000000e+02;1.547916538402276942498758671718e-01;3.139714026219798254091486455764e-02;2.181268858682179276331503103847e-03;1.963120830637806735197159468953e+00;1.032271012508636287563490441244e+00;6.359312765484651519543035647075e-01;8.294702119129666872954231848780e-02;1.721499180753727773277028667565e-03;0.000000000000000000000000000000e+00;0.000000000000000000000000000000e+00;1.000000000000000000000000000000e+00;2.702507561969185354250160002731e-05
5.410000000000000000000000000000e+02;1.552869278748037484838562249934e-01;3.126611078486527667275041153516e-02;2.190639284979325161761831708418e-03;1.951572750105947440246723090240e+00;9.654897531551726030940585587814e-01;6.359312765484651519543035647075e-01;8.292120590514832911832598938418e-02;1.843736861773814317624897718417e-03;0.000000000000000000000000000000e+00;0.000000000000000000000000000000e+00;1.000000000000000000000000000000e+00;2.882324048917996002017530288164e-05
5.420000000000000000000000000000e+02;1.557513243396297653031723484673e-01;3.112682805927398377310311161636e-02;2.200567809965103729247237751565e-03;1.956891368158472754856802566792e+00;1.019345861378503137473217066145e+00;6.359312765484651519543035647075e-01;8.289360735427833692945398524898e-02;1.733820268943070570799580565335e-03;0.000000000000000000000000000000e+00;0.000000000000000000000000000000e+00;1.000000000000000000000000000000e+00;2.698416269853755921682460228173e-05
5.430000000000000000000000000000e+02;1.562489499459299158168334997754e-01;3.099684441182036856443637873326e-02;2.209803380729921749164867961213e-03;1.913718777643160562362822929572e+00;9.659668792958460148412314083544e-01;6.359312765484651519543035647075e-01;8.286770408023985678980238844815e-02;1.863093368218791739607254065447e-03;0.000000000000000000000000000000e+00;0.000000000000000000000000000000e+00;1.000000000000000000000000000000e+00;2.887500762968612223421417672942e-05
5.440000000000000000000000000000e+02;1.567148878075839135703972715419e-01;3.085821584533399164484990251367e-02;2.219620935968666126242299085902e-03;1.962641826169023495651799748885e+00;9.985091504336185419532512241858e-01;6.359312765484651519543035647075e-01;8.283992004000781395056662859133e-02;1.749585633895079338218092601664e-03;0.000000000000000000000000000000e+00;0.000000000000000000000000000000e+00;1.000000000000000000000000000000e+00;2.699454556531492564774334097510e-05
5.450000000000000000000000000000e+02;1.571876011253118821109353575594e-01;3.072902501669783417725945184884e-02;2.228739928252946277120738471922e-03;1.958258667056063329070525469433e+00;9.795254666513260044524713521241e-01;6.359312765484651519543035647075e-01;8.281387955238214693132192678604e-02;1.780001968157903045192336222158e-03;0.000000000000000000000000000000e+00;0.000000000000000000000000000000e+00;1.000000000000000000000000000000e+00;2.734886250464779082827715406268e-05
5.460000000000000000000000000000e+02;1.576869477239748462693569308612e-01;3.059855375088942064376595908470e-02;2.237919520087391228591044978202e-03;1.925046135260002122535638591216e+00;9.365824763717878198576727299951e-01;6.359312765484651519543035647075e-01;8.278743494547866066390895412042e-02;1.885694005613388919001538468478e-03;0.000000000000000000000000000000e+00;0.000000000000000000000000000000e+00;1.000000000000000000000000000000e+00;2.884975469424563244091007374603e-05
5.470000000000000000000000000000e+02;1.581574059891958095036557097046e-01;3.046138070802984973428628734382e-02;2.247538118482697491046229387734e-03;1.967146293634018494600468329736e+00;9.655776783771352622665062881424e-01;6.359312765484651519543035647075e-01;8.275947249243954806363632314969e-02;1.781899470053064380228868834877e-03;0.000000000000000000000000000000e+00;0.000000000000000000000000000000e+00;1.000000000000000000000000000000e+00;2.713955907036151379168632813421e-05
5.480000000000000000000000000000e+02;1.586436479798225551718360293307e-01;3.033274870278016704938650605072e-02;1.794550227392772371454165991622e-03;1.927146876719457502247223601444e+00;9.468841972778480053918315206829e-01;7.582256372554938561592052792548e-01;1.009261026222479651348606921601e-01;1.846960355822192378222323938530e-03;0.000000000000000000000000000000e+00;0.000000000000000000000000000000e+00;0.000000000000000000000000000000e+00;2.801169216857600887445739479276e-05
5.490000000000000000000000000000e+02;1.591143849711432745053230064514e-01;3.020041325245411550914909071253e-02;1.803580884688635657675526147159e-03;1.946973763150064318239174099290e+00;9.610673356933082667197254522762e-01;7.582256372554938561592052792548e-01;1.008970037453145035533097484404e-01;1.793314500985824285622660667627e-03;0.000000000000000000000000000000e+00;0.000000000000000000000000000000e+00;1.000000000000000000000000000000e+00;2.707941951069521766795773765057e-05
5.500000000000000000000000000000e+02;1.595707851183962855401432534563e-01;3.007288570352894402359922310097e-02;1.812247274376247319765953491810e-03;1.967480544759978133839695146889e+00;9.740062075223390181122340436559e-01;7.582256372554938561592052792548e-01;1.008687941717845426570221434304e-01;1.743654451825804715600631844552e-03;0.000000000000000000000000000000e+00;0.000000000000000000000000000000e+00;1.000000000000000000000000000000e+00;2.621836051810341988287794690038e-05
5.510000000000000000000000000000e+02;1.600447807657373044953885710129e-01;2.994979019354284191511972323951e-02;1.820578581933529355857404041785e-03;1.939615571891064593756937028957e+00;9.447754724896759714880545288906e-01;7.582256372554938561592052792548e-01;1.008414075011138666404519881326e-01;1.815963030511898862462416559538e-03;0.000000000000000000000000000000e+00;0.000000000000000000000000000000e+00;1.000000000000000000000000000000e+00;2.719385588153081114272738294524e-05
5.520000000000000000000000000000e+02;1.605206666580803187560633205067e-01;2.982251573320500795394316639886e-02;1.829157493564462612714582867568e-03;1.939632704408389862749118037755e+00;9.342996273857563371834089593904e-01;7.582256372554938561592052792548e-01;1.008129272044885615944309620318e-01;1.828504750935030630926148020876e-03;0.000000000000000000000000000000e+00;0.000000000000000000000000000000e+00;1.000000000000000000000000000000e+00;2.726530585150003130703345866070e-05
5.530000000000000000000000000000e+02;1.609937951953138712823943023977e-01;2.969531008726632170802162136169e-02;1.837695744099491091533282727255e-03;1.958982391148993196239302960748e+00;9.237942308371449584569745638873e-01;7.582256372554938561592052792548e-01;1.007842945809734880313612848113e-01;1.823222103417969711114388076112e-03;0.000000000000000000000000000000e+00;0.000000000000000000000000000000e+00;1.000000000000000000000000000000e+00;2.707057285947727889212702234722e-05
5.540000000000000000000000000000e+02;1.614407711898949160378435863095e-01;2.956940948547254893741254022643e-02;1.846110708609353251441476118089e-03;1.955590059776086242493420286337e+00;9.725809381393282215810813795542e-01;7.582256372554938561592052792548e-01;1.007557893560333955873531408542e-01;1.727414527025196953891050810626e-03;0.000000000000000000000000000000e+00;0.000000000000000000000000000000e+00;1.000000000000000000000000000000e+00;2.553931375038096885168870109339e-05
5.550000000000000000000000000000e+02;1.619825108855566242471724081042e-01;2.945098436797468841041869325181e-02;1.853993415993498289351393282232e-03;1.738392750584868640117974791792e+00;8.965204992571710329585243925976e-01;7.582256372554938561592052792548e-01;1.007288245006972698947222966126e-01;2.099660988811476430154767669478e-03;0.000000000000000000000000000000e+00;0.000000000000000000000000000000e+00;1.000000000000000000000000000000e+00;3.091854147976652659709009829392e-05
5.560000000000000000000000000000e+02;1.624285515985174066511120827272e-01;2.930811875732540136563208932330e-02;1.863460604498653767208127263189e-03;1.940081770961768814487413692405e+00;9.677944812619697634303861377703e-01;7.582256372554938561592052792548e-01;1.006960968438100761934705928979e-01;1.734372013185190653308809238808e-03;0.000000000000000000000000000000e+00;0.000000000000000000000000000000e+00;1.000000000000000000000000000000e+00;2.541559046590655295059894835941e-05
5.570000000000000000000000000000e+02;1.628994507037257455372980530228e-01;2.919103475672976677479653062619e-02;1.871184591591328353829548625242e-03;1.903446192550329651993479274097e+00;9.280140554753424364520242306753e-01;7.582256372554938561592052792548e-01;1.006691127455212469987699819285e-01;1.836165495757869497994718699374e-03;0.000000000000000000000000000000e+00;0.000000000000000000000000000000e+00;1.000000000000000000000000000000e+00;2.679978540288795800755443365926e-05
5.580000000000000000000000000000e+02;1.633586965200689300470315856728e-01;2.906795457744634422758700509348e-02;-1.529635470458921278277819588709e-03;1.901561042381491928310310868255e+00;9.457229920943502898822430324799e-01;3.080463977598433267246491595870e-01;4.310268963705303491007470029217e-02;1.795964485917641130854893738444e-03;0.000000000000000000000000000000e+00;0.000000000000000000000000000000e+00;0.000000000000000000000000000000e+00;2.610250704968038515710847258244e-05
5.590000000000000000000000000000e+02;1.638011115760645286520968966215e-01;2.894843967090274250431036762166e-02;-1.534299751813239087033791108183e-03;1.951186830000986471844726111158e+00;9.500868198726639679563277240959e-01;3.080463977598433267246491595870e-01;4.309233196432078749626981561960e-02;1.735083985526852728628610655903e-03;0.000000000000000000000000000000e+00;0.000000000000000000000000000000e+00;1.000000000000000000000000000000e+00;2.511398703948679038042667011066e-05
5.600000000000000000000000000000e+02;1.642347925539535680172775755636e-01;2.883378622253729081648110366132e-02;-1.538761778871051673703296280848e-03;1.927360653921385225118001471856e+00;9.746199114201243851596245804103e-01;3.080463977598433267246491595870e-01;4.308234507639055466121646986721e-02;1.705536021132817402212733526312e-03;0.000000000000000000000000000000e+00;0.000000000000000000000000000000e+00;1.000000000000000000000000000000e+00;2.458853051409025779346605167230e-05
5.610000000000000000000000000000e+02;1.647057288443840306069176904202e-01;2.872185138019747729920538859005e-02;-1.543106087592036089820024535868e-03;1.911421230265727189134850050323e+00;8.989962841248223535117745086609e-01;3.080463977598433267246491595870e-01;4.307254694611845069474043157243e-02;1.857186932032634484046607070695e-03;0.000000000000000000000000000000e+00;0.000000000000000000000000000000e+00;1.000000000000000000000000000000e+00;2.667092352354312831006974415793e-05
5.620000000000000000000000000000e+02;1.651401890430534979969934283872e-01;2.860080733403187747132534468619e-02;-1.547790591018373190443369047387e-03;1.948417252324866844048756320262e+00;9.491606022527325769999606563943e-01;3.080463977598433267246491595870e-01;4.306189767680815294603746679059e-02;1.718359836729673210606317290683e-03;0.000000000000000000000000000000e+00;0.000000000000000000000000000000e+00;1.000000000000000000000000000000e+00;2.457323931042192926709095968096e-05
5.630000000000000000000000000000e+02;1.655758763371355801741202640187e-01;2.848960295421072014265817529122e-02;-1.552081986640001546803868670565e-03;1.957541697584531448228517547250e+00;9.358372702003872056764066655887e-01;3.080463977598433267246491595870e-01;4.305206452112203541204848988855e-02;1.727955398325003392306919991483e-03;0.000000000000000000000000000000e+00;0.000000000000000000000000000000e+00;1.000000000000000000000000000000e+00;2.461438161043219365379207397293e-05
5.640000000000000000000000000000e+02;1.660331849435114359714305010129e-01;2.837852864815638281870135983809e-02;-1.556356518715007637709835108808e-03;1.893389034332296771978576543916e+00;9.156505613941565702162961315480e-01;3.080463977598433267246491595870e-01;4.304219517903009467607589044746e-02;1.818769830942699007939045152682e-03;0.000000000000000000000000000000e+00;0.000000000000000000000000000000e+00;1.000000000000000000000000000000e+00;2.580700587590496557742480998598e-05
5.650000000000000000000000000000e+02;1.664948299926254648983814377061e-01;2.826241715498904738534946545769e-02;-1.560812159023234647892142135106e-03;1.884858589695391550833392102504e+00;9.047872888232860733026541311119e-01;3.080463977598433267246491595870e-01;4.303182698972353448230165895438e-02;1.841371975298924153902069278388e-03;0.000000000000000000000000000000e+00;0.000000000000000000000000000000e+00;1.000000000000000000000000000000e+00;2.602081145170218956855223702007e-05
5.660000000000000000000000000000e+02;1.669366049505466298441547223774e-01;2.814569436760469556269015356520e-02;-1.565278040267631051718488777169e-03;1.943536215574976688813535474765e+00;9.104880070387280088795023402781e-01;3.080463977598433267246491595870e-01;4.302135104648303204344372829837e-02;1.767268720031576903842229775421e-03;0.000000000000000000000000000000e+00;0.000000000000000000000000000000e+00;1.000000000000000000000000000000e+00;2.487050262971835789551321160840e-05
5.670000000000000000000000000000e+02;1.673948010177848111368348327233e-01;2.803445285498074382446453967077e-02;-1.569521786957591043265569652476e-03;1.892781095778949707053584461391e+00;8.952840654913547524529349175282e-01;3.080463977598433267246491595870e-01;4.301131711889475545129712941161e-02;1.838181243671098419323328698738e-03;0.000000000000000000000000000000e+00;0.000000000000000000000000000000e+00;1.000000000000000000000000000000e+00;2.576620270730363724881115117249e-05
5.680000000000000000000000000000e+02;1.678068638252457611681478510945e-01;2.791954537939518241063119319278e-02;2.297942889914340435647543969822e-03;1.943929567277330683339187089587e+00;9.625709825170221112244917094358e-01;7.321530907493545292652470379835e-01;9.504369018860299445083938962853e-02;1.657877898850677140726861402698e-03;0.000000000000000000000000000000e+00;0.000000000000000000000000000000e+00;0.000000000000000000000000000000e+00;2.314359861522890764846081823602e-05
5.690000000000000000000000000000e+02;1.682450736887381448347866808035e-01;2.781661221020379631818641996688e-02;2.304826933711348960209797098742e-03;1.896710920683233103645193295961e+00;9.217746854549360158159743150463e-01;7.321530907493545292652470379835e-01;9.501670527153878442749856958471e-02;1.767810890030969365321888986387e-03;0.000000000000000000000000000000e+00;0.000000000000000000000000000000e+00;1.000000000000000000000000000000e+00;2.458725499448335347898661473742e-05
5.700000000000000000000000000000e+02;1.686903000970449706397147338066e-01;2.770756520993523583373807639418e-02;2.312092378312188833966445145052e-03;1.938356034730110533104152636952e+00;8.817730237887387856332566116180e-01;7.321530907493545292652470379835e-01;9.498797773131786859046599147405e-02;1.801214753844004564167780024775e-03;0.000000000000000000000000000000e+00;0.000000000000000000000000000000e+00;1.000000000000000000000000000000e+00;2.495363762461510467654743350430e-05
5.710000000000000000000000000000e+02;1.691251001636718820364535531553e-01;2.759720998468241995316141412786e-02;2.319416036716996122601930352403e-03;1.927654275754515866836413806595e+00;9.017256085104190521661848833901e-01;7.321530907493545292652470379835e-01;9.495875814722898322628452660865e-02;1.764083423738969967978218456039e-03;0.000000000000000000000000000000e+00;0.000000000000000000000000000000e+00;1.000000000000000000000000000000e+00;2.434189033771092558239464154202e-05
5.720000000000000000000000000000e+02;1.695570051506400111041017453317e-01;2.748986191738233761383547459900e-02;2.326512027044051657970191726577e-03;1.872425913201765101945284186513e+00;9.282920662741196426992473789142e-01;7.321530907493545292652470379835e-01;9.493019158275058100304732988661e-02;1.757279195109872965349651074973e-03;0.000000000000000000000000000000e+00;0.000000000000000000000000000000e+00;1.000000000000000000000000000000e+00;2.415368121192959516285725385387e-05
5.730000000000000000000000000000e+02;1.699886082289835953496037745936e-01;2.738363933809696837418101722506e-02;2.333506189772886589561817771710e-03;1.915005362750415329742281755898e+00;9.022397774117939528437659646443e-01;7.321530907493545292652470379835e-01;9.490178460380202518642533959792e-02;1.760989198703324758177313213992e-03;0.000000000000000000000000000000e+00;0.000000000000000000000000000000e+00;1.000000000000000000000000000000e+00;2.411114654778811230940657739374e-05
5.740000000000000000000000000000e+02;1.703929525107298337260886000877e-01;2.727789703755147815433801383733e-02;2.340441479218415780222395383703e-03;1.940130499182508128086510623689e+00;9.442916333810700280082528479397e-01;7.321530907493545292652470379835e-01;9.487336694021869520909717721224e-02;1.654364840596685539211851967423e-03;0.000000000000000000000000000000e+00;0.000000000000000000000000000000e+00;1.000000000000000000000000000000e+00;2.256379689217082962302690640755e-05
5.750000000000000000000000000000e+02;1.708130503916265863217915921268e-01;2.717919881563621645192974085603e-02;2.346890108187440690534764087261e-03;1.929531809417566190489878863445e+00;9.081450924303918759150633377430e-01;7.321530907493545292652470379835e-01;9.484671630685917453895683593146e-02;1.723403450549899126181818687087e-03;0.000000000000000000000000000000e+00;0.000000000000000000000000000000e+00;1.000000000000000000000000000000e+00;2.342036251102458545682652446551e-05
5.760000000000000000000000000000e+02;1.712321420966933516183416941203e-01;2.707702738780014967145959303707e-02;2.353540448896375685688964196629e-03;1.942949234071801312140337358869e+00;8.981647790071275450074494983710e-01;7.321530907493545292652470379835e-01;9.481899886254274711916423257207e-02;1.724014844476445210835757748669e-03;0.000000000000000000000000000000e+00;0.000000000000000000000000000000e+00;1.000000000000000000000000000000e+00;2.334059858043136605502618219354e-05
5.770000000000000000000000000000e+02;1.716883900020297337718488961400e-01;2.697547602793663387710232370864e-02;2.360124878138004488742351938413e-03;1.875146784416603207290563659626e+00;8.492632400466593178833818456042e-01;7.321530907493545292652470379835e-01;9.479131883595233454276041129560e-02;1.882127377871166797398960746079e-03;0.000000000000000000000000000000e+00;0.000000000000000000000000000000e+00;1.000000000000000000000000000000e+00;2.538564098164344264539626916388e-05
5.780000000000000000000000000000e+02;1.721089089300996688436384829402e-01;2.686534447984919443674911576636e-02;-6.082740902645086822353448496870e-03;1.932958907092061195953647256829e+00;8.875782281444315469087769088219e-01;4.377750302617533506577274238225e-01;7.931218595840125451523761057615e-02;1.739885393295083826012414895956e-03;0.000000000000000000000000000000e+00;0.000000000000000000000000000000e+00;0.000000000000000000000000000000e+00;2.337131022316516347123692420862e-05
5.790000000000000000000000000000e+02;1.725458896636613559394390904345e-01;2.676422536891301731665215868361e-02;-6.093278124162730159663059481545e-03;1.868361119332432096484808425885e+00;8.778856899550192549597227298364e-01;4.377750302617533506577274238225e-01;7.933873792582042672183462173052e-02;1.813065015432459552852106909882e-03;0.000000000000000000000000000000e+00;0.000000000000000000000000000000e+00;1.000000000000000000000000000000e+00;2.426264034076305197611470032548e-05
5.800000000000000000000000000000e+02;1.729561742498586518479442020180e-01;2.665953931493537237829016817159e-02;-6.104177539875523320067607357942e-03;1.888211874081964003480038627458e+00;9.189240512354618362067526504688e-01;4.377750302617533506577274238225e-01;7.936635831699720422527377650113e-02;1.707181862285840926937718897705e-03;0.000000000000000000000000000000e+00;0.000000000000000000000000000000e+00;1.000000000000000000000000000000e+00;2.275634098767698160594233347531e-05
5.810000000000000000000000000000e+02;1.733942702513186218116203463069e-01;2.656160947770994443239978011206e-02;-6.114364656216985868808500015348e-03;1.822519097854478298259550683724e+00;8.858836895178497927716421145306e-01;4.377750302617533506577274238225e-01;7.939231851899922198789738558844e-02;1.827944830631516442975836866935e-03;0.000000000000000000000000000000e+00;0.000000000000000000000000000000e+00;1.000000000000000000000000000000e+00;2.427657836901650061653748502444e-05
5.820000000000000000000000000000e+02;1.738131922774889259741826208483e-01;2.645742438335162843854320158243e-02;-6.125192923364095910765403374398e-03;1.927932273383347050454972304578e+00;8.698186764926985059531716615311e-01;4.377750302617533506577274238225e-01;7.942006785254471235013795649138e-02;1.753010640542648377812606774739e-03;0.000000000000000000000000000000e+00;0.000000000000000000000000000000e+00;1.000000000000000000000000000000e+00;2.319007323268396173745684030187e-05
5.830000000000000000000000000000e+02;1.742486872382872920006491312961e-01;2.635816653063339717877333612250e-02;-6.135499803356933914977311417260e-03;1.815998578212175251778148776793e+00;8.824659407673336453115098265698e-01;4.377750302617533506577274238225e-01;7.944663139511953797722298986628e-02;1.827507766797372692688106177172e-03;0.000000000000000000000000000000e+00;0.000000000000000000000000000000e+00;1.000000000000000000000000000000e+00;2.408487702663554818347316222038e-05
5.840000000000000000000000000000e+02;1.746707765764695663435190908785e-01;2.625536007753072678672090489727e-02;-6.146165483949611596514728262264e-03;1.866427963779786924902737155207e+00;8.798805606659942935010576547938e-01;4.377750302617533506577274238225e-01;7.947427588346979432376571139685e-02;1.776398974553203974346970994702e-03;0.000000000000000000000000000000e+00;0.000000000000000000000000000000e+00;1.000000000000000000000000000000e+00;2.331999735912535301474157733992e-05
5.850000000000000000000000000000e+02;1.751029603563972747437560428807e-01;2.615608357735489664097627837691e-02;-6.156455468580492029762041283902e-03;1.855803618083910588865137469838e+00;8.585318612944696781141828978434e-01;4.377750302617533506577274238225e-01;7.950109896384707774963374049548e-02;1.824071143020418016983397180297e-03;0.000000000000000000000000000000e+00;0.000000000000000000000000000000e+00;1.000000000000000000000000000000e+00;2.385527863394166516418370971309e-05
5.860000000000000000000000000000e+02;1.755374122703054484695428527630e-01;2.605480285161393405601870654209e-02;-6.166943460758086449635673176317e-03;1.868692690135291378794590855250e+00;8.424158599340607622707466362044e-01;4.377750302617533506577274238225e-01;7.952859399591595546130662341966e-02;1.838996321649015008165006790364e-03;0.000000000000000000000000000000e+00;0.000000000000000000000000000000e+00;1.000000000000000000000000000000e+00;2.395734330270415024174979201632e-05
5.870000000000000000000000000000e+02;1.759537533795910158040953774616e-01;2.595336531304307317591373305277e-02;-6.177437707721348571221486878358e-03;1.861792695548251330706079897936e+00;8.763277499018713445622097424348e-01;4.377750302617533506577274238225e-01;7.955626471863994075839343622647e-02;1.767475017484637991871387896481e-03;0.000000000000000000000000000000e+00;0.000000000000000000000000000000e+00;1.000000000000000000000000000000e+00;2.293596240522800366445216324607e-05
5.880000000000000000000000000000e+02;1.763765067415700993347371650088e-01;2.585650645092612762154793415448e-02;2.552489981985445448992022576817e-03;1.858502023471134245724556421919e+00;8.589042996741178548347761534387e-01;7.255810452145100564180779656454e-01;9.346770364929023189315415720557e-02;1.799780413309039943728362409558e-03;0.000000000000000000000000000000e+00;0.000000000000000000000000000000e+00;0.000000000000000000000000000000e+00;2.326801693348784031149974194097e-05
5.890000000000000000000000000000e+02;1.767778371032861783884726492033e-01;2.575850401800964736831467405409e-02;2.558705592677172190735346291035e-03;1.863936627764619657909861416556e+00;8.961426596115162901412531937240e-01;7.255810452145100564180779656454e-01;9.343967117834316160607244228231e-02;1.713443675962771691606567614485e-03;0.000000000000000000000000000000e+00;0.000000000000000000000000000000e+00;1.000000000000000000000000000000e+00;2.206787290596013762552368708825e-05
5.900000000000000000000000000000e+02;1.771989280328119531482400361710e-01;2.566579032320455075466547611995e-02;2.564562605403235620582513831778e-03;1.908091202291513743816153692023e+00;8.290320556120820416623473647633e-01;7.255810452145100564180779656454e-01;9.341303280072411896473028036780e-02;1.802775635576484838593080972657e-03;0.000000000000000000000000000000e+00;0.000000000000000000000000000000e+00;1.000000000000000000000000000000e+00;2.313483073124394270273125606696e-05
5.910000000000000000000000000000e+02;1.776195007092379041235830072765e-01;2.556884702914789808669837611887e-02;2.570662605056464600217225324741e-03;1.843639640903693033280319468759e+00;8.533696683896487833465016592527e-01;7.255810452145100564180779656454e-01;9.338505506109205656084526481209e-02;1.805740735880344846955858351123e-03;0.000000000000000000000000000000e+00;0.000000000000000000000000000000e+00;1.000000000000000000000000000000e+00;2.308535432501274730688646530385e-05
5.920000000000000000000000000000e+02;1.780311374231494936370978621198e-01;2.547236358943467254833947777115e-02;2.576708976202532908744702311310e-03;1.846875013256859654475761089998e+00;8.645996825808509589350592250412e-01;7.255810452145100564180779656454e-01;9.335708333469293351836171268587e-02;1.772450675501561438013320426421e-03;0.000000000000000000000000000000e+00;0.000000000000000000000000000000e+00;1.000000000000000000000000000000e+00;2.257425402535743815955922297878e-05
5.930000000000000000000000000000e+02;1.784619536640264236826425303661e-01;2.537825749206758935150318734486e-02;2.582582519118194544494038211724e-03;1.783701607332591310139946472191e+00;8.497808470802490354856217891211e-01;7.255810452145100564180779656454e-01;9.332967836956947149662511264978e-02;1.860330678120099669528575425659e-03;0.000000000000000000000000000000e+00;0.000000000000000000000000000000e+00;1.000000000000000000000000000000e+00;2.360597548486230179984671218030e-05
5.940000000000000000000000000000e+02;1.788684960165897175343729941233e-01;2.528011114406241224839000381053e-02;2.588683021577128581802718088056e-03;1.848996088846153185158982523717e+00;8.628237130161565682229252161051e-01;7.255810452145100564180779656454e-01;9.330096726145037377975199888169e-02;1.760671785244764721983790067839e-03;0.000000000000000000000000000000e+00;0.000000000000000000000000000000e+00;1.000000000000000000000000000000e+00;2.225498920960122280340506839558e-05
5.950000000000000000000000000000e+02;1.792921497180122447634431637198e-01;2.518781567828082615378981756749e-02;2.594396254615197530690728910940e-03;1.842310270160280261109164712252e+00;8.256069201622142639251933360356e-01;7.255810452145100564180779656454e-01;9.327384635790786360232118568092e-02;1.839974903432626965674168140197e-03;0.000000000000000000000000000000e+00;0.000000000000000000000000000000e+00;1.000000000000000000000000000000e+00;2.317247436016178478864445400287e-05
5.960000000000000000000000000000e+02;1.797104967827290178394861186462e-01;2.509196483822715567635341926689e-02;2.600305246307996372145954211419e-03;1.846235325438201124725878798927e+00;8.286993794761715603769403060141e-01;7.255810452145100564180779656454e-01;9.324555547605202499017451600594e-02;1.822250553412790071566851324292e-03;0.000000000000000000000000000000e+00;0.000000000000000000000000000000e+00;1.000000000000000000000000000000e+00;2.286192340633685484764005269032e-05
5.970000000000000000000000000000e+02;1.801122216645819062996736192872e-01;2.499764224763219300218253238199e-02;2.606095716038412703208226872675e-03;1.902051315734687220171394983481e+00;8.321136498359295030624593891844e-01;7.255810452145100564180779656454e-01;9.321759040297669662855639671761e-02;1.754897127653496985075221026307e-03;0.000000000000000000000000000000e+00;0.000000000000000000000000000000e+00;1.000000000000000000000000000000e+00;2.193414528923972562040982381415e-05
5.980000000000000000000000000000e+02;1.805183177441457842427041668998e-01;2.490737175987182278058540418897e-02;2.497045619560848191825774833319e-03;1.898713411344054691198834916577e+00;8.193280277509314979411669810361e-01;6.784163297526988323227215005318e-01;8.727284285177434874913870999080e-02;1.778968114207673178669977254174e-03;0.000000000000000000000000000000e+00;0.000000000000000000000000000000e+00;0.000000000000000000000000000000e+00;2.215471008476431889386813745002e-05
5.990000000000000000000000000000e+02;1.809012368227401745812699118687e-01;2.481642014537824986186720366277e-02;2.502311197311658883674079234538e-03;1.873893619317991587891469862370e+00;8.747581438481148996544334295322e-01;6.784163297526988323227215005318e-01;8.724732723168886205922234466925e-02;1.682146037787952486466935830833e-03;0.000000000000000000000000000000e+00;0.000000000000000000000000000000e+00;1.000000000000000000000000000000e+00;2.087242140981457157113306000173e-05
6.000000000000000000000000000000e+02;1.813021602108324525914895275491e-01;2.473093493986986204924427568130e-02;2.507240916970481306447204872256e-03;1.870741456591019646893414574151e+00;8.317501833018661194785181578482e-01;6.784163297526988323227215005318e-01;8.722324517927000642192325585711e-02;1.766002645064162265148288710748e-03;0.000000000000000000000000000000e+00;0.000000000000000000000000000000e+00;1.000000000000000000000000000000e+00;2.183744825935994682123732213430e-05
6.010000000000000000000000000000e+02;1.816766083465126413454271414594e-01;2.464171514097072274163124916413e-02;2.512365880259630288723338154000e-03;1.835235470212314146110088586283e+00;9.020053209684031347848076620721e-01;6.784163297526988323227215005318e-01;8.719800718894135660441691015876e-02;1.653969624969636948233486783977e-03;0.000000000000000000000000000000e+00;0.000000000000000000000000000000e+00;1.000000000000000000000000000000e+00;2.037832417515998960919412774651e-05
6.020000000000000000000000000000e+02;1.820783950525357297589579275154e-01;2.455864852530906250471787188872e-02;2.517118839319291197925698710947e-03;1.844324814228298858864718567929e+00;8.314469090771489101499014395813e-01;6.784163297526988323227215005318e-01;8.717441393062207166675392500110e-02;1.779467340756241437380036352067e-03;0.000000000000000000000000000000e+00;0.000000000000000000000000000000e+00;1.000000000000000000000000000000e+00;2.185065649194945500751602329714e-05
6.030000000000000000000000000000e+02;1.824874973057290794553608748174e-01;2.446979632534840298774270195281e-02;2.522182953058173162513844189903e-03;1.830719173686211398432988062268e+00;8.173460399125358488703341208748e-01;6.784163297526988323227215005318e-01;8.714907457700599158201271166035e-02;1.817021860127896034850514261905e-03;0.000000000000000000000000000000e+00;0.000000000000000000000000000000e+00;1.000000000000000000000000000000e+00;2.223107741801765607401152047284e-05
6.040000000000000000000000000000e+02;1.828879735531748762511483619164e-01;2.437962137636969645049234145517e-02;2.527301346359608121699968918961e-03;1.839514705123834303890362207312e+00;8.255164066356409646729730411607e-01;6.784163297526988323227215005318e-01;8.712324876440810661470948161877e-02;1.783838258764718683740957416717e-03;0.000000000000000000000000000000e+00;0.000000000000000000000000000000e+00;1.000000000000000000000000000000e+00;2.174465067268321777382324155869e-05
6.050000000000000000000000000000e+02;1.832903370308595902837822677611e-01;2.429163426951459064939697896079e-02;2.532274967482880858454796779711e-03;1.794061966870176494381894372054e+00;8.370402746536341753724741465703e-01;6.784163297526988323227215005318e-01;8.709794292314568253665640895633e-02;1.797340788001358744679913925779e-03;0.000000000000000000000000000000e+00;0.000000000000000000000000000000e+00;1.000000000000000000000000000000e+00;2.183017253990508205045185941007e-05
6.060000000000000000000000000000e+02;1.836596104682033936406071461533e-01;2.420351612574373270647676292811e-02;2.537235525153639856266174490429e-03;1.908289210484854558913525579555e+00;8.519412232127003825610245257849e-01;6.784163297526988323227215005318e-01;8.707249329919108937758664978901e-02;1.654177558380509095725674484356e-03;0.000000000000000000000000000000e+00;0.000000000000000000000000000000e+00;1.000000000000000000000000000000e+00;2.001845660455302651969597405035e-05
6.070000000000000000000000000000e+02;1.840439423033594645850996585068e-01;2.412293892036858344862793046559e-02;2.541756114144734079313137087297e-03;1.884539722051018717507986366400e+00;8.235677770384914886392380140023e-01;6.784163297526988323227215005318e-01;8.704911495257633413658027166093e-02;1.726963130746829140974019090038e-03;0.000000000000000000000000000000e+00;0.000000000000000000000000000000e+00;1.000000000000000000000000000000e+00;2.082971306036713050988291862087e-05
6.080000000000000000000000000000e+02;1.844118261745411602170463538641e-01;2.403998356256518281748313370372e-02;2.312480684467706042173329450407e-03;1.877297593242911899480418469466e+00;8.584247692733384393903861564468e-01;7.019638633095827140451206105354e-01;9.061887232460370811271133106857e-02;1.657510518694524023763925413277e-03;0.000000000000000000000000000000e+00;0.000000000000000000000000000000e+00;0.000000000000000000000000000000e+00;1.992326281209762445841698896842e-05
6.090000000000000000000000000000e+02;1.847911459855036686583673599671e-01;2.396082111326195557277074499325e-02;2.316656030467924027443915591107e-03;1.874185952735391680334942066111e+00;8.290082436477291816245838163013e-01;7.019638633095827140451206105354e-01;9.059485943992595657903166284086e-02;1.713514010256032534321168903091e-03;0.000000000000000000000000000000e+00;0.000000000000000000000000000000e+00;1.000000000000000000000000000000e+00;2.052860133740645504248079067366e-05
6.100000000000000000000000000000e+02;1.851539815084219942065146824461e-01;2.387944494655428254170637103471e-02;2.320929741182974591351406701278e-03;1.870974508847554673707236361224e+00;8.629051265777296642056626296835e-01;7.019638633095827140451206105354e-01;9.057007688372650799912833008420e-02;1.643428441730118141558825151094e-03;0.000000000000000000000000000000e+00;0.000000000000000000000000000000e+00;1.000000000000000000000000000000e+00;1.962207949894792101842161402558e-05
6.110000000000000000000000000000e+02;1.855133981111602992086773156188e-01;2.380183856292997224279872625630e-02;2.324988027952358798228216230086e-03;1.879613875976504866471827881469e+00;8.620694314981836026134942585486e-01;7.019638633095827140451206105354e-01;9.054634922902193849836294248234e-02;1.632138870031350557851523852548e-03;0.000000000000000000000000000000e+00;0.000000000000000000000000000000e+00;1.000000000000000000000000000000e+00;1.942395294838457399659754909482e-05
6.120000000000000000000000000000e+02;1.858762298721145511670727046294e-01;2.372518710528590327180076258173e-02;2.328979596868451049790360585234e-03;1.864851024426595449412502603082e+00;8.557461889857390646696444491681e-01;7.019638633095827140451206105354e-01;9.052282383304824375791497459431e-02;1.651878191312790115918840427867e-03;0.000000000000000000000000000000e+00;0.000000000000000000000000000000e+00;1.000000000000000000000000000000e+00;1.959555958201861204041188679881e-05
6.130000000000000000000000000000e+02;1.862385878396972116455287959980e-01;2.364803178507636147176462770858e-02;2.332980496555584100371039113497e-03;1.861770517689297799179826142790e+00;8.532791451872253629673537034250e-01;7.019638633095827140451206105354e-01;9.049905334541873125342448247466e-02;1.653998879664501453837233135857e-03;0.000000000000000000000000000000e+00;0.000000000000000000000000000000e+00;1.000000000000000000000000000000e+00;1.955690903939341225808816460141e-05
6.140000000000000000000000000000e+02;1.865934194228432430051611845556e-01;2.357120101043876092550277689952e-02;2.336947646314911555126547781924e-03;1.874751774696537864883794100024e+00;8.603080310662095664397952532454e-01;7.019638633095827140451206105354e-01;9.047529225334068059272141226757e-02;1.623833330930931620125767800289e-03;0.000000000000000000000000000000e+00;0.000000000000000000000000000000e+00;1.000000000000000000000000000000e+00;1.913785092541166218244562402528e-05
6.150000000000000000000000000000e+02;1.869443728440418894809482708297e-01;2.349618153727379976647426929048e-02;2.340804915379266892133669486498e-03;1.855672946695397174110553351056e+00;8.737390843746959401272533796146e-01;7.019638633095827140451206105354e-01;9.045200370245426446658143504465e-02;1.610169441173555857083066200630e-03;0.000000000000000000000000000000e+00;0.000000000000000000000000000000e+00;1.000000000000000000000000000000e+00;1.891641674779229485370626862029e-05
6.160000000000000000000000000000e+02;1.873213537012787810454028658569e-01;2.342219054082462365018457717269e-02;2.344593415822562431499731516737e-03;1.857949627270814030310930320411e+00;8.077919887988973535186687513487e-01;7.019638633095827140451206105354e-01;9.042894922657886136452276559794e-02;1.734009702561768208328718543498e-03;0.000000000000000000000000000000e+00;0.000000000000000000000000000000e+00;1.000000000000000000000000000000e+00;2.030715282652018063781935997003e-05
6.170000000000000000000000000000e+02;1.876730844450432977854603677770e-01;2.334294192829806935396419476092e-02;2.348633552409400918753457077059e-03;1.849472425060064484370059290086e+00;8.644851678099216840678309381474e-01;7.019638633095827140451206105354e-01;9.040416228478731497375520120841e-02;1.622212237501222944699441619321e-03;0.000000000000000000000000000000e+00;0.000000000000000000000000000000e+00;1.000000000000000000000000000000e+00;1.893360302768276059201361938289e-05
6.180000000000000000000000000000e+02;1.880506363195848518188313391875e-01;2.326921469557289429141988534866e-02;2.454038302168320279106339398822e-03;1.846472188259211000271875491308e+00;8.020564996450921801951494671812e-01;7.313180602293415377701535362576e-01;9.400863886302053551435875533571e-02;1.745787919836443722113039633825e-03;0.000000000000000000000000000000e+00;0.000000000000000000000000000000e+00;0.000000000000000000000000000000e+00;2.031155695980590091508088956829e-05
6.190000000000000000000000000000e+02;1.884108660983054295279259804374e-01;2.319030283940322345603846088125e-02;2.458188815081998462863666077283e-03;1.843248639418634038378286277293e+00;8.369678115525192030332846115925e-01;7.313180602293415377701535362576e-01;9.398279043725803194586632116625e-02;1.670210588390596325586434645061e-03;0.000000000000000000000000000000e+00;0.000000000000000000000000000000e+00;1.000000000000000000000000000000e+00;1.936634467517788871313705323374e-05
6.200000000000000000000000000000e+02;1.887648739641067940908669697819e-01;2.311523008452077976304650519523e-02;2.462119768428876979277086789466e-03;1.852105435886246320720260882808e+00;8.426636180833939615553163093864e-01;7.313180602293415377701535362576e-01;9.395810491753810167470106762266e-02;1.645643509163507598944131693486e-03;0.000000000000000000000000000000e+00;0.000000000000000000000000000000e+00;1.000000000000000000000000000000e+00;1.901971417570632769903499204034e-05
6.210000000000000000000000000000e+02;1.891098238590440128170655498252e-01;2.304166077545534777049063279719e-02;2.465955254100867227035065454288e-03;1.849057530597393528282168517762e+00;8.612504642831924073220761783887e-01;7.313180602293415377701535362576e-01;9.393382383566485638315413098098e-02;1.607649524139239446268723199296e-03;0.000000000000000000000000000000e+00;0.000000000000000000000000000000e+00;1.000000000000000000000000000000e+00;1.852145749051928815182878340639e-05
6.220000000000000000000000000000e+02;1.894589005029963246773405671775e-01;2.297016995258290353310037801293e-02;2.469666443073319922474340160079e-03;1.834188282085235988105864635145e+00;8.531547740819231950837320255232e-01;7.313180602293415377701535362576e-01;9.391014308955561440406256679125e-02;1.630984970786815337756570087890e-03;0.000000000000000000000000000000e+00;0.000000000000000000000000000000e+00;1.000000000000000000000000000000e+00;1.873200098454080739446628300904e-05
6.230000000000000000000000000000e+02;1.898210947320843611230145597801e-01;2.289801978620703559741400567873e-02;2.473395877317821883040194208547e-03;1.831196748563561849110215007386e+00;8.189083388882896219485019173590e-01;7.313180602293415377701535362576e-01;9.388615797107074945060389836726e-02;1.696622080577434325474039944481e-03;0.000000000000000000000000000000e+00;0.000000000000000000000000000000e+00;1.000000000000000000000000000000e+00;1.942464298538892352743133462578e-05
6.240000000000000000000000000000e+02;1.901744984834943530405126921323e-01;2.282336553597716366503789231501e-02;2.477237786434013586123192851574e-03;1.893861990067962075556806667009e+00;8.067296358271894840541449411830e-01;7.313180602293415377701535362576e-01;9.386124910351230365979091629924e-02;1.659819403681429524424761901003e-03;0.000000000000000000000000000000e+00;0.000000000000000000000000000000e+00;1.000000000000000000000000000000e+00;1.894133248696446106566423916995e-05
6.250000000000000000000000000000e+02;1.905385912962584971097612651647e-01;2.275072537522968355028218923053e-02;2.480959427788053707486515264691e-03;1.825055600638827879578229840263e+00;8.078728588140817734597476373892e-01;7.313180602293415377701535362576e-01;9.383692271943246121512771651396e-02;1.714484727950827281511836375216e-03;0.000000000000000000000000000000e+00;0.000000000000000000000000000000e+00;1.000000000000000000000000000000e+00;1.950288560281732426590801943167e-05
6.260000000000000000000000000000e+02;1.908912226388831956391811672802e-01;2.267609583857527894013017544239e-02;2.484765862010125930109394332135e-03;1.821926570683871648981266844203e+00;8.306090400299614984191975963768e-01;7.313180602293415377701535362576e-01;9.381183774320606127972155263706e-02;1.664938711964953927530119770495e-03;0.000000000000000000000000000000e+00;0.000000000000000000000000000000e+00;1.000000000000000000000000000000e+00;1.887715489893568759959333047682e-05
6.270000000000000000000000000000e+02;1.912444478982908979691757167529e-01;2.260401541213568135657574487141e-02;2.488425739507292913654801225221e-03;1.902795481253469978000225637516e+00;7.893928514864192447220148096676e-01;7.313180602293415377701535362576e-01;9.378752032617190814711705115769e-02;1.672082819954898765674178306995e-03;0.000000000000000000000000000000e+00;0.000000000000000000000000000000e+00;1.000000000000000000000000000000e+00;1.889789291631391556967010936230e-05
6.280000000000000000000000000000e+02;1.915963667669514924885021400769e-01;2.253200957827340006334182476166e-02;2.148602024003935448415170128555e-03;1.815851834577390411240571665985e+00;8.254606947034496267079362041841e-01;7.170065317892023726287220597442e-01;9.329239374483565272466734086265e-02;1.670246652304622440171621988725e-03;0.000000000000000000000000000000e+00;0.000000000000000000000000000000e+00;0.000000000000000000000000000000e+00;1.881700678390341838664041873574e-05
6.290000000000000000000000000000e+02;1.919263161371040360414497172314e-01;2.246046403568537075390310064904e-02;2.151793648323710624048477058068e-03;1.868859019370896490386257937644e+00;8.505421987326817756525088043418e-01;7.170065317892023726287220597442e-01;9.327041147564917034085141267497e-02;1.570015025527186393328182845153e-03;0.000000000000000000000000000000e+00;0.000000000000000000000000000000e+00;1.000000000000000000000000000000e+00;1.763163300816951350384435837082e-05
6.300000000000000000000000000000e+02;1.922707664277366890193121662378e-01;2.239355982434345498921501871337e-02;2.154763779088561970881388063503e-03;1.809972761195862922534161043586e+00;8.366703706273211915700471763557e-01;7.170065317892023726287220597442e-01;9.324978168762851349349318752502e-02;1.643062937433888582444696524476e-03;0.000000000000000000000000000000e+00;0.000000000000000000000000000000e+00;1.000000000000000000000000000000e+00;1.839701409229364015046788438656e-05
6.310000000000000000000000000000e+02;1.926239760055930561044590376696e-01;2.232389485731941375368236890608e-02;2.157841585308312853941359321652e-03;1.806998862034177033564219527761e+00;8.126294095080837109890126157552e-01;7.170065317892023726287220597442e-01;9.322822475945777287442695069331e-02;1.689184331080785007872524516870e-03;0.000000000000000000000000000000e+00;0.000000000000000000000000000000e+00;1.000000000000000000000000000000e+00;1.885458670083943030141952756917e-05
6.320000000000000000000000000000e+02;1.929673320141918613224163436826e-01;2.225264782559088078128795018529e-02;2.160973529756111000815765876837e-03;1.803946507870148430185963661643e+00;8.325097604653513005956710912869e-01;7.170065317892023726287220597442e-01;9.320609789785648524595984554253e-02;1.646365269829676509019678043444e-03;0.000000000000000000000000000000e+00;0.000000000000000000000000000000e+00;1.000000000000000000000000000000e+00;1.831799327090185221830580253322e-05
6.330000000000000000000000000000e+02;1.933098618143855307316414382512e-01;2.218357130118116596340094304196e-02;2.163994797941015159337130313588e-03;1.800976552990960266598108319158e+00;8.311668599133354984331845116685e-01;7.170065317892023726287220597442e-01;9.318456719094436735417730233166e-02;1.646617311061864159793532991216e-03;0.000000000000000000000000000000e+00;0.000000000000000000000000000000e+00;1.000000000000000000000000000000e+00;1.826392626285003179518497129497e-05
6.340000000000000000000000000000e+02;1.936529697946531292096494780708e-01;2.211483968331512395266713610908e-02;2.166986018008918227217840524190e-03;1.869132199972661334541612632165e+00;7.949920768719640484789579204516e-01;7.170065317892023726287220597442e-01;9.316306752620037712198097779037e-02;1.653630471086319593185254284151e-03;0.000000000000000000000000000000e+00;0.000000000000000000000000000000e+00;1.000000000000000000000000000000e+00;1.828488638175941298643321919482e-05
6.350000000000000000000000000000e+02;1.940009554551871961969311541907e-01;2.204617000401109042084790701210e-02;2.169959590274900523149126385647e-03;1.837353334895780676561116706580e+00;7.928824747294246355622249211592e-01;7.170065317892023726287220597442e-01;9.314151075959595238451527166035e-02;1.681470072645262648497466173581e-03;0.000000000000000000000000000000e+00;0.000000000000000000000000000000e+00;1.000000000000000000000000000000e+00;1.853498753909716420876230280612e-05
6.360000000000000000000000000000e+02;1.943466919240329493501207025474e-01;2.197670503543343312191638005970e-02;2.172952346341520263317548256055e-03;1.884466049795612274664335927810e+00;7.736141057274094068318959216413e-01;7.170065317892023726287220597442e-01;9.311962624607625360617646492756e-02;1.674971308827918024808578678631e-03;0.000000000000000000000000000000e+00;0.000000000000000000000000000000e+00;1.000000000000000000000000000000e+00;1.840517519846250922154091977934e-05
6.370000000000000000000000000000e+02;1.946573094426777283949547836528e-01;2.190786850985277506298487537606e-02;2.175902844924168348661464023053e-03;1.907062367400601532452242281579e+00;8.460464773153200113142702321056e-01;7.170065317892023726287220597442e-01;9.309786192957955619498022770131e-02;1.508684743195129723120073705900e-03;0.000000000000000000000000000000e+00;0.000000000000000000000000000000e+00;1.000000000000000000000000000000e+00;1.652603348836995198617438873612e-05
6.380000000000000000000000000000e+02;1.950078445723012476875624088279e-01;2.184617594552871328028587072367e-02;2.777909640890914837879632770523e-03;1.786318840428242848972217871051e+00;7.962114901211831963223630737048e-01;6.475440592807280015819060281501e-01;8.218856207231456378892175962392e-02;1.706654060067782068682573637375e-03;0.000000000000000000000000000000e+00;0.000000000000000000000000000000e+00;0.000000000000000000000000000000e+00;1.864193243719585181528662631845e-05
6.390000000000000000000000000000e+02;1.953553727859397015631515159839e-01;2.177672681503648594025790430351e-02;2.781479237571249027438646805876e-03;1.867232261055827846618626608688e+00;7.638324505986510137844902601501e-01;6.475440592807280015819060281501e-01;8.216705130347830288162214174008e-02;1.696499149801091637160266323292e-03;0.000000000000000000000000000000e+00;0.000000000000000000000000000000e+00;1.000000000000000000000000000000e+00;1.847209926358002032094514366367e-05
6.400000000000000000000000000000e+02;1.956796709377496834569853945140e-01;2.170805207161423389106147396888e-02;2.784995508724539669404007824483e-03;1.878591502682303238103145304194e+00;8.089235643730252611760533909546e-01;6.475440592807280015819060281501e-01;8.214570802410835204110384211162e-02;1.587225034620249426373095325005e-03;0.000000000000000000000000000000e+00;0.000000000000000000000000000000e+00;1.000000000000000000000000000000e+00;1.722778185045303859395694756618e-05
6.410000000000000000000000000000e+02;1.959985335526626681890149939136e-01;2.164412737769442346413839572961e-02;2.788256444847121619939889214379e-03;1.891220465126947303247106901836e+00;8.128138600969823102104783174582e-01;6.475440592807280015819060281501e-01;8.212577608492696579212122287572e-02;1.564459454999841221331524643290e-03;0.000000000000000000000000000000e+00;0.000000000000000000000000000000e+00;1.000000000000000000000000000000e+00;1.693067986062748005388414740402e-05
6.420000000000000000000000000000e+02;1.963496081120377767526008483401e-01;2.158142354645117486078298441043e-02;2.791443709342718466903665586187e-03;1.780079508525959974818420050724e+00;7.801266086934868226876460539643e-01;6.475440592807280015819060281501e-01;8.210616377530408072082934722857e-02;1.726764401076369154913736636558e-03;0.000000000000000000000000000000e+00;0.000000000000000000000000000000e+00;1.000000000000000000000000000000e+00;1.863301695228160184767546292406e-05
6.430000000000000000000000000000e+02;1.966817366727856564168064323894e-01;2.151255576202123695472856468314e-02;2.794931248132487278112989770307e-03;1.856530260626108042032456069137e+00;7.860597318977184944088776319404e-01;6.475440592807280015819060281501e-01;8.208455360426633595771761520155e-02;1.637917104841372798254561793385e-03;0.000000000000000000000000000000e+00;0.000000000000000000000000000000e+00;1.000000000000000000000000000000e+00;1.761789152573421237475866096833e-05
6.440000000000000000000000000000e+02;1.970397301772633669170176062835e-01;2.144756808163896660834879526192e-02;2.798209733513025779250149582822e-03;1.775733059622843112990153713326e+00;7.581917328045250092927176410740e-01;6.475440592807280015819060281501e-01;8.206409360047238477076092522111e-02;1.770022637636071765818157608408e-03;0.000000000000000000000000000000e+00;0.000000000000000000000000000000e+00;1.000000000000000000000000000000e+00;1.898134051337091123988140561885e-05
6.450000000000000000000000000000e+02;1.973630588987887457541603453137e-01;2.137769655719001099525300446658e-02;2.801720947547141609551557550617e-03;1.831699570921346831298137658450e+00;8.089941109339697788982448400930e-01;6.475440592807280015819060281501e-01;8.204202274980268438930863794667e-02;1.602945641398367078098163851507e-03;0.000000000000000000000000000000e+00;0.000000000000000000000000000000e+00;1.000000000000000000000000000000e+00;1.713364275974230192768274494419e-05
6.460000000000000000000000000000e+02;1.977046539002680347607565636281e-01;2.131474786714641911355982983878e-02;2.804872121822816512237697139653e-03;1.769748606539454094388474914012e+00;7.882265140644625356358687895408e-01;6.475440592807280015819060281501e-01;8.202207340742309615855276661023e-02;1.697755209802246116265744824148e-03;0.000000000000000000000000000000e+00;0.000000000000000000000000000000e+00;1.000000000000000000000000000000e+00;1.809361211853457179917457897655e-05
6.470000000000000000000000000000e+02;1.980492379201188035686698185600e-01;2.124840405868968010172359583976e-02;2.808180748353229175956480290210e-03;1.766744006622661400385254637513e+00;7.782301904916316681593002613226e-01;6.475440592807280015819060281501e-01;8.200098089496440922907538606523e-02;1.717125767663010751234997641745e-03;0.000000000000000000000000000000e+00;0.000000000000000000000000000000e+00;1.000000000000000000000000000000e+00;1.824309106544567905729831158723e-05
6.480000000000000000000000000000e+02;1.983715995874285598077335635026e-01;2.118164658146271320249276470804e-02;2.127801278515980588912359650067e-03;1.766540304583020803974591217411e+00;8.271842811693880248569143986970e-01;5.214139684544895070317238605639e-01;6.610313116209041994775219563962e-02;1.610613683641346546154826668840e-03;0.000000000000000000000000000000e+00;0.000000000000000000000000000000e+00;0.000000000000000000000000000000e+00;1.705772491307940279692961782487e-05
6.490000000000000000000000000000e+02;1.986976339891860510178389631619e-01;2.111934523313344080897024923615e-02;2.130145071851132637652526113925e-03;1.772606125986613490042032026395e+00;8.106437498795284746222478133859e-01;5.214139684544895070317238605639e-01;6.608707211060492470178218127330e-02;1.633035612185485159486564299414e-03;0.000000000000000000000000000000e+00;0.000000000000000000000000000000e+00;1.000000000000000000000000000000e+00;1.724432143587333347498069535675e-05
6.500000000000000000000000000000e+02;1.990288090676467502859736669052e-01;2.105648168887745350086326823202e-02;2.132500651483950401127165363846e-03;1.848560125593755376627314035431e+00;7.610621117729756690550857456401e-01;5.214139684544895070317238605639e-01;6.607081757531707566499790118542e-02;1.662989912543783510220918309130e-03;0.000000000000000000000000000000e+00;0.000000000000000000000000000000e+00;1.000000000000000000000000000000e+00;1.750835832113305177959970693191e-05
6.510000000000000000000000000000e+02;1.993615115864267872680670734553e-01;2.099277815981445000081961893557e-02;2.134878083164678044814088764269e-03;1.845485988752162187509497925930e+00;7.545905081344022047318276236183e-01;5.214139684544895070317238605639e-01;6.605429384038229156939081576638e-02;1.674963380998603776003696985697e-03;0.000000000000000000000000000000e+00;0.000000000000000000000000000000e+00;1.000000000000000000000000000000e+00;1.758106734155823295010986906384e-05
6.520000000000000000000000000000e+02;1.996639590320373192078307056363e-01;2.092893346435998475074669045171e-02;2.137251035114781476387246783588e-03;1.840160901940322002445782345603e+00;8.278349197661276637205673978315e-01;5.214139684544895070317238605639e-01;6.603768077363919575262229955115e-02;1.526528957360633997203391842845e-03;0.000000000000000000000000000000e+00;0.000000000000000000000000000000e+00;1.000000000000000000000000000000e+00;1.597431149000976338681034860656e-05
6.530000000000000000000000000000e+02;2.000051852401839580508635663136e-01;2.087102672274444153943662172424e-02;2.139394823921694083201927583104e-03;1.746002510896605741663734079339e+00;7.693288460421991992177481733961e-01;5.214139684544895070317238605639e-01;6.602256702531444920722947244940e-02;1.726411912833330586716784615930e-03;0.000000000000000000000000000000e+00;0.000000000000000000000000000000e+00;1.000000000000000000000000000000e+00;1.801599458360439814344662601275e-05
6.540000000000000000000000000000e+02;2.003115988465686281294608761527e-01;2.080584563295974701024881881040e-02;2.141798259866125892642019223899e-03;1.916326343694898515224167567794e+00;7.761158982931408711891663187998e-01;5.214139684544895070317238605639e-01;6.600550235691340916766023383389e-02;1.554342825195812296049102663176e-03;0.000000000000000000000000000000e+00;0.000000000000000000000000000000e+00;1.000000000000000000000000000000e+00;1.616970844086130341282249445189e-05
6.550000000000000000000000000000e+02;2.006348243721908508607754129116e-01;2.074744953368673483495854270586e-02;2.143942798846133583612338924240e-03;1.764304340596584586009498707426e+00;7.949735054392104149911801869166e-01;5.214139684544895070317238605639e-01;6.599016681875949363877964515268e-02;1.643599687236463845196876576438e-03;0.000000000000000000000000000000e+00;0.000000000000000000000000000000e+00;1.000000000000000000000000000000e+00;1.705025078226091877781761541044e-05
6.560000000000000000000000000000e+02;2.009819409363754472153118513233e-01;2.068598725947104477462801241927e-02;2.146191020736615967523519543647e-03;1.755430910273627187478950872901e+00;7.398930790110908040091430848406e-01;5.214139684544895070317238605639e-01;6.597397770606763800493865801400e-02;1.769624152938720955743900908885e-03;0.000000000000000000000000000000e+00;0.000000000000000000000000000000e+00;1.000000000000000000000000000000e+00;1.830321134087131102548447192380e-05
6.570000000000000000000000000000e+02;2.012962277794085319548855750327e-01;2.062013881618005375906399478936e-02;2.148589505035875327210170837589e-03;1.912279101087379196144411253044e+00;7.457625982068664116653167184268e-01;5.214139684544895070317238605639e-01;6.595657805593391209697529120604e-02;1.606560917728599427109492658872e-03;0.000000000000000000000000000000e+00;0.000000000000000000000000000000e+00;1.000000000000000000000000000000e+00;1.656375457010667180939716969235e-05
6.580000000000000000000000000000e+02;2.016127174582638681421542514727e-01;2.056065755206601050608661296337e-02;2.894225818033826277270170734823e-03;1.769288916885350504415441719175e+00;7.961385700982145374737797283160e-01;6.707424770640084688011484104209e-01;8.478342803062738353148120040714e-02;1.621836495083031843070231481363e-03;0.000000000000000000000000000000e+00;0.000000000000000000000000000000e+00;0.000000000000000000000000000000e+00;1.667301239042260561614219871451e-05
6.590000000000000000000000000000e+02;2.019176199684002415146721887140e-01;2.050089252026521952076976162971e-02;2.897129124982030824730916407361e-03;1.867025555069932618579287009197e+00;7.789211145714772799308889261738e-01;6.707424770640084688011484104209e-01;8.476298384602204416538029363437e-02;1.566341736694696739479182312493e-03;0.000000000000000000000000000000e+00;0.000000000000000000000000000000e+00;1.000000000000000000000000000000e+00;1.605570179699177438378994431378e-05
6.600000000000000000000000000000e+02;2.022286009790649763395720128756e-01;2.044344131412811904624504677486e-02;2.899909458617809954877886369218e-03;1.835920878467241834641754394397e+00;7.725865158983105107637356923078e-01;6.707424770640084688011484104209e-01;8.474327380448512525568105502316e-02;1.601439032931142045571015763983e-03;0.000000000000000000000000000000e+00;0.000000000000000000000000000000e+00;1.000000000000000000000000000000e+00;1.636946244394094090871330515746e-05
6.610000000000000000000000000000e+02;2.025317630271759872240266986410e-01;2.038497125604352838701416317235e-02;2.902728431512484850995914342775e-03;1.878434458929441497332391008968e+00;7.704677882474357808462173125008e-01;6.707424770640084688011484104209e-01;8.472315629775649392652070446275e-02;1.565009798445027777366589383234e-03;0.000000000000000000000000000000e+00;0.000000000000000000000000000000e+00;1.000000000000000000000000000000e+00;1.595133987836417851797349287679e-05
6.620000000000000000000000000000e+02;2.028224332029341658856225194540e-01;2.032809367495808094972176149895e-02;2.905460274546204681167527184016e-03;1.891419412139473399392386454565e+00;7.939361047476813926238037311123e-01;6.707424770640084688011484104209e-01;8.470353045932105251480948027165e-02;1.504113986437548679611642121756e-03;0.000000000000000000000000000000e+00;0.000000000000000000000000000000e+00;1.000000000000000000000000000000e+00;1.528788500705855805624801269094e-05
6.630000000000000000000000000000e+02;2.031427030855606774562005512053e-01;2.027367266252590866093541421833e-02;2.908064545380394626261644219767e-03;1.744820077798530988388847617898e+00;7.771781369516962412191674047790e-01;6.707424770640084688011484104209e-01;8.468470017664972426807423744322e-02;1.661187657972064369779618964174e-03;0.000000000000000000000000000000e+00;0.000000000000000000000000000000e+00;1.000000000000000000000000000000e+00;1.683918740437683999114359956195e-05
6.640000000000000000000000000000e+02;2.034567677864540513610336347483e-01;2.021383720124014793384503718698e-02;2.910917076029877550991109558254e-03;1.874056805622284826995382900350e+00;7.338318538207408980866830461309e-01;6.707424770640084688011484104209e-01;8.466393744849333435897875688170e-02;1.633153266326356836679600803564e-03;0.000000000000000000000000000000e+00;0.000000000000000000000000000000e+00;1.000000000000000000000000000000e+00;1.650614712509728594929010736525e-05
6.650000000000000000000000000000e+02;2.037652308876721773955864591699e-01;2.015529011936316450270822997481e-02;2.913697163642858627141674077166e-03;1.814743343397583696940955633181e+00;7.674214497970576198682124413608e-01;6.707424770640084688011484104209e-01;8.464356179296657345378918080314e-02;1.608042040041151666054930480243e-03;0.000000000000000000000000000000e+00;0.000000000000000000000000000000e+00;1.000000000000000000000000000000e+00;1.620527692058100426128648685609e-05
6.660000000000000000000000000000e+02;2.040716415589573506927933976840e-01;2.009791107605339230413044049328e-02;2.916411181284034488669920648363e-03;1.829561500317884004118695884245e+00;7.622405903369745550079983331671e-01;6.707424770640084688011484104209e-01;8.462353487833704224208020150400e-02;1.601287547328291913095732468264e-03;0.000000000000000000000000000000e+00;0.000000000000000000000000000000e+00;1.000000000000000000000000000000e+00;1.609126736669782808107111160556e-05
6.670000000000000000000000000000e+02;2.043744370859873482615398643247e-01;2.004103469799502212911335163881e-02;2.919091034554245275844941431842e-03;1.762804343007866814119211085199e+00;7.963303880826423375438594121078e-01;6.707424770640084688011484104209e-01;8.460362679710937972021866926298e-02;1.586281392678001375684537777033e-03;0.000000000000000000000000000000e+00;0.000000000000000000000000000000e+00;1.000000000000000000000000000000e+00;1.589536021572184707633702827057e-05
6.680000000000000000000000000000e+02;2.047109388137142160779546884442e-01;1.998494715640266802814117852449e-02;2.145318496013078925221950754576e-03;1.746094861438434842071387720353e+00;7.196097776762203634959291775886e-01;6.873299463287817490098063899495e-01;8.824819734737367193933010867113e-02;1.767240293004628806303180077464e-03;0.000000000000000000000000000000e+00;0.000000000000000000000000000000e+00;0.000000000000000000000000000000e+00;1.765910193418153574908616154637e-05
6.690000000000000000000000000000e+02;2.050151883829250676338773473617e-01;1.992275282469947381147612475161e-02;2.147439937857928155678921555705e-03;1.790748642024796666305519465823e+00;7.715717554246179776811231931788e-01;6.873299463287817490098063899495e-01;8.822769088001983228686242455296e-02;1.602123112466353072741442886695e-03;0.000000000000000000000000000000e+00;0.000000000000000000000000000000e+00;1.000000000000000000000000000000e+00;1.595935138220266964379466523294e-05
6.700000000000000000000000000000e+02;2.053032639065704711978099794578e-01;1.986664279918596426321997228115e-02;2.149342687739805041885476910579e-03;1.835585457981896428947266031173e+00;7.908212158897300891879922346561e-01;6.873299463287817490098063899495e-01;8.820913286041071055265661016165e-02;1.520649254910700623119601537780e-03;0.000000000000000000000000000000e+00;0.000000000000000000000000000000e+00;1.000000000000000000000000000000e+00;1.510509778507958586870121853174e-05
6.710000000000000000000000000000e+02;2.056066855450769392810173030739e-01;1.981362297673015804289065044941e-02;2.151130897684754017529229486172e-03;1.868750692827752191149670579762e+00;7.338030617747357542413055853103e-01;6.873299463287817490098063899495e-01;8.819154650001925777047517840401e-02;1.605426765243153641726792102418e-03;0.000000000000000000000000000000e+00;0.000000000000000000000000000000e+00;1.000000000000000000000000000000e+00;1.590466032163966139971120195007e-05
6.720000000000000000000000000000e+02;2.058837307462811072600317174874e-01;1.975789113189889423249923083858e-02;2.153000342378972795098768244770e-03;1.883029579281752408093097983510e+00;7.934042994496461886910765315406e-01;6.873299463287817490098063899495e-01;8.817300761829674482505936339294e-02;1.469421489753391756039047066906e-03;0.000000000000000000000000000000e+00;0.000000000000000000000000000000e+00;1.000000000000000000000000000000e+00;1.451633491071010079740202791676e-05
6.730000000000000000000000000000e+02;2.062047147131027546862469534972e-01;1.970710432030817541027012396171e-02;2.154694758464665172575935869759e-03;1.824012812631843338806447718525e+00;7.035088081113103353203541701077e-01;6.873299463287817490098063899495e-01;8.815606626588726180138166910183e-02;1.706408014322092310185996488769e-03;0.000000000000000000000000000000e+00;0.000000000000000000000000000000e+00;1.000000000000000000000000000000e+00;1.681418037562770176254062226562e-05
6.740000000000000000000000000000e+02;2.065168371368085731276664773759e-01;1.964838195244474755574159985372e-02;2.156643024239085319748721047972e-03;1.830987839722132193287507107016e+00;7.167134794648314377596420854388e-01;6.873299463287817490098063899495e-01;8.813642126322915326674944935803e-02;1.663616618539404731075270760243e-03;0.000000000000000000000000000000e+00;0.000000000000000000000000000000e+00;1.000000000000000000000000000000e+00;1.634368737174840351643323455022e-05
6.750000000000000000000000000000e+02;2.068122194381326051093594742269e-01;1.959140280616573567828986313089e-02;2.158522247434074489702560128990e-03;1.820089178037502364304600632749e+00;7.577443324662749279951867720229e-01;6.873299463287817490098063899495e-01;8.811730131399585219664771784664e-02;1.578365793750916533377814943151e-03;0.000000000000000000000000000000e+00;0.000000000000000000000000000000e+00;1.000000000000000000000000000000e+00;1.546120002042385862509217553384e-05
6.760000000000000000000000000000e+02;2.071124720716194245184738065291e-01;1.953758993093693968612356570702e-02;2.160286886012852472505052503493e-03;1.747621800247843193432117914199e+00;7.723604472557749067718191327003e-01;6.873299463287817490098063899495e-01;8.809919111238430355914630354164e-02;1.608277557606938674636398722839e-03;0.000000000000000000000000000000e+00;0.000000000000000000000000000000e+00;1.000000000000000000000000000000e+00;1.571093370782658492075360701090e-05
6.770000000000000000000000000000e+02;2.073870786920934128350069158842e-01;1.948299918450435708194845574326e-02;2.162066927255564680043775638296e-03;1.879072849131918410137132013915e+00;7.813270348829248757027698957245e-01;6.873299463287817490098063899495e-01;8.808076663142391793392960153142e-02;1.474473032083365711328304392680e-03;0.000000000000000000000000000000e+00;0.000000000000000000000000000000e+00;1.000000000000000000000000000000e+00;1.436357844082694273988957955890e-05
6.780000000000000000000000000000e+02;2.076850833562299269985373939562e-01;1.943316743178091082766556496608e-02;2.625434978689600122592207043226e-03;1.882976569090168750264524533122e+00;7.150144328347233235732005596219e-01;6.227008344543408790983107792272e-01;7.834636586894923315771421812315e-02;1.603767317249248005456285781634e-03;0.000000000000000000000000000000e+00;0.000000000000000000000000000000e+00;0.000000000000000000000000000000e+00;1.558313939886136380709273641099e-05
6.790000000000000000000000000000e+02;2.079897864806735663378844947147e-01;1.937919318109028801733195734869e-02;2.627589277422254926408484720923e-03;1.730797855666307061284214796615e+00;7.568050697698449624795102863573e-01;6.227008344543408790983107792272e-01;7.832824568759048922128584990787e-02;1.643852329355523656656545838928e-03;0.000000000000000000000000000000e+00;0.000000000000000000000000000000e+00;1.000000000000000000000000000000e+00;1.592826592588297889225082415443e-05
6.800000000000000000000000000000e+02;2.082772359533952566401637795934e-01;1.932411654248984006487788178674e-02;2.629778349330178215809139530279e-03;1.824042401390380874204311112408e+00;7.571742713574399763487576819898e-01;6.227008344543408790983107792272e-01;7.830970466816650210617467564589e-02;1.554627553388014064156275040318e-03;0.000000000000000000000000000000e+00;0.000000000000000000000000000000e+00;1.000000000000000000000000000000e+00;1.502090201091791851761847453872e-05
6.810000000000000000000000000000e+02;2.085746720350261651510948013311e-01;1.927226083814972956709254958696e-02;2.631830864277995458977432718939e-03;1.803944998547058808924248296535e+00;7.361601384224085720120456244331e-01;6.227008344543408790983107792272e-01;7.829220095964502246221883297039e-02;1.612480851255702115482071334895e-03;0.000000000000000000000000000000e+00;0.000000000000000000000000000000e+00;1.000000000000000000000000000000e+00;1.553807578096080404270531993838e-05
6.820000000000000000000000000000e+02;2.088838777414435132762093871861e-01;1.921870757747394867220869230096e-02;2.633941859174737318283199272173e-03;1.732153137836823564299493227736e+00;7.336212622139541839061394057353e-01;6.227008344543408790983107792272e-01;7.827407627649801691305242457020e-02;1.680441795560752875002274997485e-03;0.000000000000000000000000000000e+00;0.000000000000000000000000000000e+00;1.000000000000000000000000000000e+00;1.614795973492368780233263692026e-05
6.830000000000000000000000000000e+02;2.091617439791005339522200756619e-01;1.916314684131847911885415669531e-02;2.636122609072456390161276473805e-03;1.862092278822679913830029363453e+00;7.552981404378046326186790793145e-01;6.227008344543408790983107792272e-01;7.825522051198550987916036092429e-02;1.513926194198332401963380533516e-03;0.000000000000000000000000000000e+00;0.000000000000000000000000000000e+00;1.000000000000000000000000000000e+00;1.450579498317054352285026402880e-05
6.840000000000000000000000000000e+02;2.094686411742969767146860249341e-01;1.911331409513491313978406083152e-02;2.638070394803875094030809478340e-03;1.738186163757049040867741496186e+00;7.289804132696515726053121397854e-01;6.227008344543408790983107792272e-01;7.823826377975763579630807953436e-02;1.676028268062861818071818120757e-03;0.000000000000000000000000000000e+00;0.000000000000000000000000000000e+00;1.000000000000000000000000000000e+00;1.601722735990522789115836355123e-05
6.850000000000000000000000000000e+02;2.097443259861925812792549095320e-01;1.905838074568684537002383194704e-02;2.640208603742614287129830685785e-03;1.809804465211603652363692162908e+00;7.752138671968710204041030920052e-01;6.227008344543408790983107792272e-01;7.821952212183498620579058524527e-02;1.509351189260351019591488430649e-03;0.000000000000000000000000000000e+00;0.000000000000000000000000000000e+00;1.000000000000000000000000000000e+00;1.438289482193950748081887752727e-05
6.860000000000000000000000000000e+02;2.100449290843389160698961859453e-01;1.900912857763481164652397126247e-02;2.642117690852387699995684755550e-03;1.732653778374076525281566318881e+00;7.389651505260868002977758806082e-01;6.227008344543408790983107792272e-01;7.820267461448188184292007463227e-02;1.649620143835896614661895576148e-03;0.000000000000000000000000000000e+00;0.000000000000000000000000000000e+00;1.000000000000000000000000000000e+00;1.567892070921650033202797425158e-05
6.870000000000000000000000000000e+02;2.103312306509108331464830143887e-01;1.895552589990071729042497850060e-02;2.644186807510791933223393002095e-03;1.846263277130722357810554967728e+00;7.242766089967669351779022690607e-01;6.227008344543408790983107792272e-01;7.818429142558856737021955041200e-02;1.575053236398480738592042804669e-03;0.000000000000000000000000000000e+00;0.000000000000000000000000000000e+00;1.000000000000000000000000000000e+00;1.492798120813692675879023191721e-05
6.880000000000000000000000000000e+02;2.106409693896094115217465514434e-01;1.890457119159595633650639001644e-02;2.239525115783724210777316798726e-03;1.752286541131879538113480521133e+00;7.017743687904963723056539492973e-01;6.836334159291750367515305697452e-01;8.747077637690543749915406124273e-02;1.708133042483783768997196439443e-03;0.000000000000000000000000000000e+00;0.000000000000000000000000000000e+00;0.000000000000000000000000000000e+00;1.614576135317604600890283028658e-05
6.890000000000000000000000000000e+02;2.109086032676649735684293318627e-01;1.884955215064893635501519497666e-02;2.241270362645635810805444521066e-03;1.873118139222033073920670176449e+00;7.556571076380299567532006221882e-01;6.836334159291750367515305697452e-01;8.745102515026137446341181203024e-02;1.479682663704342529195634448058e-03;0.000000000000000000000000000000e+00;0.000000000000000000000000000000e+00;1.000000000000000000000000000000e+00;1.394567776795307011865939633699e-05
6.900000000000000000000000000000e+02;2.111837898153693382496953745431e-01;1.880210130385352382265118365012e-02;2.242767107538562801338777319415e-03;1.833625189301959279575271466456e+00;7.471671624161639879702079269919e-01;6.836334159291750367515305697452e-01;8.743394522490273435000318613675e-02;1.524879534577262048949952699672e-03;0.000000000000000000000000000000e+00;0.000000000000000000000000000000e+00;1.000000000000000000000000000000e+00;1.433546974264734656233800241809e-05
6.910000000000000000000000000000e+02;2.114896525867500931550324594355e-01;1.875339712754632570668178459528e-02;2.244295248329799749575919065592e-03;1.729772651337137201466020997032e+00;7.090694933880219430477609421359e-01;6.836334159291750367515305697452e-01;8.741637012960359887081551732990e-02;1.698867912717380362561114814923e-03;0.000000000000000000000000000000e+00;0.000000000000000000000000000000e+00;1.000000000000000000000000000000e+00;1.592977231721737045588849213118e-05
6.920000000000000000000000000000e+02;2.117671929202511460488267402980e-01;1.869936525144130085029914312145e-02;2.245980886391571972049430172547e-03;1.813302070444521296721518410777e+00;7.414005672134734714617820827698e-01;6.836334159291750367515305697452e-01;8.739682017994043761177636042703e-02;1.545472507818046502617304049920e-03;0.000000000000000000000000000000e+00;0.000000000000000000000000000000e+00;1.000000000000000000000000000000e+00;1.444967745487531078955271285347e-05
6.930000000000000000000000000000e+02;2.120452573577832344753346660582e-01;1.865042876901479643181325229762e-02;2.247498773188325981581270340826e-03;1.774510459015590679854312838870e+00;7.524343799985464542601221182849e-01;6.836334159291750367515305697452e-01;8.737906622687688362738356318005e-02;1.552026444279507467333134584919e-03;0.000000000000000000000000000000e+00;0.000000000000000000000000000000e+00;1.000000000000000000000000000000e+00;1.447297932333113379139554605102e-05
6.940000000000000000000000000000e+02;2.123431643999010298706764388044e-01;1.860148738342071866869176233195e-02;2.249008440013950879676762895087e-03;1.746599525052507040356886136578e+00;7.099748464599542341346705143224e-01;6.836334159291750367515305697452e-01;8.736126509280561780457219356322e-02;1.666743853946147345401751493910e-03;0.000000000000000000000000000000e+00;0.000000000000000000000000000000e+00;1.000000000000000000000000000000e+00;1.550195738528664513695108639890e-05
6.950000000000000000000000000000e+02;2.126382175453369327566832680532e-01;1.854915031499820149418766845884e-02;2.250613570039160672014988406886e-03;1.709110603556584395690265409939e+00;7.286646009477499852380333322799e-01;6.836334159291750367515305697452e-01;8.734217849755412932388765057112e-02;1.654945402842286769282131864145e-03;0.000000000000000000000000000000e+00;0.000000000000000000000000000000e+00;1.000000000000000000000000000000e+00;1.534891552021841600950483042176e-05
6.960000000000000000000000000000e+02;2.129233925523491555154009802209e-01;1.849741284475854910529513119855e-02;2.252190864416068940417892108030e-03;1.791133075597063584183388229576e+00;7.155881283522312896749895116955e-01;6.836334159291750367515305697452e-01;8.732325926140305227818316780031e-02;1.603531514115887285712447329900e-03;0.000000000000000000000000000000e+00;0.000000000000000000000000000000e+00;1.000000000000000000000000000000e+00;1.483059221309117670160697410875e-05
6.970000000000000000000000000000e+02;2.132041018200626913969841780272e-01;1.844749997424346629748548309635e-02;2.253703614939006529688247937315e-03;1.788260937264368743981890474970e+00;7.244187653427553996721144358162e-01;6.836334159291750367515305697452e-01;8.730495876704105762122765099775e-02;1.582247533294150109925424452229e-03;0.000000000000000000000000000000e+00;0.000000000000000000000000000000e+00;1.000000000000000000000000000000e+00;1.459425566484531206564063954279e-05
6.980000000000000000000000000000e+02;2.134702054414498173517955592615e-01;1.839845710107297291346917234023e-02;2.384196345235334128787041407804e-03;1.868801078780583768690348733799e+00;7.275730286885128128560040750017e-01;5.671851102808209699190911123878e-01;7.101122152764557937665301778907e-02;1.503485443335819378776752053284e-03;0.000000000000000000000000000000e+00;0.000000000000000000000000000000e+00;0.000000000000000000000000000000e+00;1.383090621565087811168336118239e-05
6.990000000000000000000000000000e+02;2.137532328306145368301827147661e-01;1.835204659913159536133164806415e-02;2.385713009644646002277434959638e-03;1.797266504349833926568180686445e+00;7.078712908831326089398316980805e-01;5.671851102808209699190911123878e-01;7.099628351822973026941099305986e-02;1.602784797278706922785129762588e-03;0.000000000000000000000000000000e+00;0.000000000000000000000000000000e+00;1.000000000000000000000000000000e+00;1.470719064401926314737765327800e-05
7.000000000000000000000000000000e+02;2.140522388864370961769623136206e-01;1.830277019590274834026644157348e-02;2.387316437278409666372658293199e-03;1.731451071492682292074505312485e+00;6.919501842988499129560864275845e-01;5.671851102808209699190911123878e-01;7.098038469427495056329746603296e-02;1.697419803175333674269409378610e-03;0.000000000000000000000000000000e+00;0.000000000000000000000000000000e+00;1.000000000000000000000000000000e+00;1.553374229174630741104681797005e-05
7.010000000000000000000000000000e+02;2.143407180430098590839804728603e-01;1.825080741245677790063339784865e-02;2.388999573350885155531564407738e-03;1.784329907328623621154406464484e+00;6.922025465196031124293085667887e-01;5.671851102808209699190911123878e-01;7.096357619597407073719352865737e-02;1.641841486799850867092653849966e-03;0.000000000000000000000000000000e+00;0.000000000000000000000000000000e+00;1.000000000000000000000000000000e+00;1.498246638868288871946146678660e-05
7.020000000000000000000000000000e+02;2.146163340428524635150608901313e-01;1.820076670964942966435273774550e-02;2.390612960232971553886649473952e-03;1.812806895373825888384544668952e+00;7.094232976008036928305955370888e-01;5.671851102808209699190911123878e-01;7.094734767853240475776743778624e-02;1.572498292388632918151203377022e-03;0.000000000000000000000000000000e+00;0.000000000000000000000000000000e+00;1.000000000000000000000000000000e+00;1.431033728554380580436523190402e-05
7.030000000000000000000000000000e+02;2.148732643914547657537639224756e-01;1.815304192841667510482928094007e-02;2.392144817774292855222517673042e-03;1.864891777767151870293105275778e+00;7.360932662132517734221437422093e-01;5.671851102808209699190911123878e-01;7.093183195982932787160279985983e-02;1.469333641876770235601412650794e-03;0.000000000000000000000000000000e+00;0.000000000000000000000000000000e+00;1.000000000000000000000000000000e+00;1.333643760391109070852569407073e-05
7.040000000000000000000000000000e+02;2.151599230157993092316104366546e-01;1.810862685932788582188202042289e-02;2.393564412545846811081196037208e-03;1.781085203105479353169471323781e+00;6.875536651562070833421103088767e-01;5.671851102808209699190911123878e-01;7.091735860777860500636649021544e-02;1.643053531904122097767606547336e-03;0.000000000000000000000000000000e+00;0.000000000000000000000000000000e+00;1.000000000000000000000000000000e+00;1.487672165957627051725755545908e-05
7.050000000000000000000000000000e+02;2.154447165748253900652287029516e-01;1.805915682497479315959942880454e-02;2.395138719844145010207103752009e-03;1.788520991486594491348682822718e+00;6.855969419889963445413627596281e-01;5.671851102808209699190911123878e-01;7.090119973531106012387681403197e-02;1.636409704760788917654590335360e-03;0.000000000000000000000000000000e+00;0.000000000000000000000000000000e+00;1.000000000000000000000000000000e+00;1.477608974409289318619788178300e-05
7.060000000000000000000000000000e+02;2.157242390828276457082068873206e-01;1.801009612188008562894125930143e-02;2.396692853728035060845158454867e-03;1.808672796424424245032014368917e+00;6.871739814313815308821631333558e-01;5.671851102808209699190911123878e-01;7.088513462732289049927913993088e-02;1.610077597519285691821111505817e-03;0.000000000000000000000000000000e+00;0.000000000000000000000000000000e+00;1.000000000000000000000000000000e+00;1.449882614750404736516861681217e-05
7.070000000000000000000000000000e+02;2.159942625851886677246227463911e-01;1.796202785666914034101715458291e-02;2.398208633533160591411181883359e-03;1.684438072925324991757634052192e+00;7.599386533586396375028471084079e-01;5.671851102808209699190911123878e-01;7.086935582555164980789186301990e-02;1.559119028924921572173967199149e-03;0.000000000000000000000000000000e+00;0.000000000000000000000000000000e+00;1.000000000000000000000000000000e+00;1.400246971470618769157242405887e-05
7.080000000000000000000000000000e+02;2.162802533447426012180869747681e-01;1.791567215779454533275405481163e-02;5.546358142672854797672332693992e-05;1.784714075143106981613527750596e+00;6.738485288861999489284926312394e-01;1.842953449867356929825490396979e-01;2.610436360228204910605143140856e-02;1.655235011243302205644067903734e-03;0.000000000000000000000000000000e+00;0.000000000000000000000000000000e+00;0.000000000000000000000000000000e+00;1.482732390276918807252293230903e-05
7.090000000000000000000000000000e+02;2.165490206339895640219594952214e-01;1.786665967594548362629147675307e-02;5.542023423901797432589155789628e-05;1.805281055492772068760132242460e+00;7.051810809615794983784553551232e-01;1.842953449867356929825490396979e-01;2.610221462391430075067333405059e-02;1.559392275613323552985178821473e-03;0.000000000000000000000000000000e+00;0.000000000000000000000000000000e+00;1.000000000000000000000000000000e+00;1.393056554484071877034190301003e-05
7.100000000000000000000000000000e+02;2.168454529141666808911281805194e-01;1.782067768213417557898736731659e-02;5.537742655327090347816554327665e-05;1.715773152416478319892689796689e+00;6.693924067236061148378212237731e-01;1.842953449867356929825490396979e-01;2.610019178933340594506162801736e-02;1.724015064295930091051167742933e-03;0.000000000000000000000000000000e+00;0.000000000000000000000000000000e+00;1.000000000000000000000000000000e+00;1.536155838998080333046916678974e-05
7.110000000000000000000000000000e+02;2.171294312024204531397231221490e-01;1.777005075227246211344578341595e-02;5.532789438091856282740665928799e-05;1.714846699189138012897615226393e+00;6.953475619656578343708019929181e-01;1.842953449867356929825490396979e-01;2.609795706386228847373232042628e-02;1.655842100963903938334875753924e-03;0.000000000000000000000000000000e+00;0.000000000000000000000000000000e+00;1.000000000000000000000000000000e+00;1.471219908593901765753945293236e-05
7.120000000000000000000000000000e+02;2.174312542317728969010204309598e-01;1.772163712366457352653803525300e-02;5.527817147990673942586914435537e-05;1.691100501448524529024552975898e+00;6.599535697459734118197616226098e-01;1.842953449867356929825490396979e-01;2.609581261710875593751168821655e-02;1.764324761948502613348455092535e-03;0.000000000000000000000000000000e+00;0.000000000000000000000000000000e+00;1.000000000000000000000000000000e+00;1.563336159977362339553765002709e-05
7.130000000000000000000000000000e+02;2.176975654314309283066108946514e-01;1.767027343226563323996813892336e-02;5.522289695244038875907022223544e-05;1.749906893743512492633840338385e+00;7.188554253165726493080001091585e-01;1.842953449867356929825490396979e-01;2.609352955279900521112779188115e-02;1.560789244420439326674343583079e-03;0.000000000000000000000000000000e+00;0.000000000000000000000000000000e+00;1.000000000000000000000000000000e+00;1.378978635952422514558864119483e-05
7.140000000000000000000000000000e+02;2.179619921822850969750362537525e-01;1.762503160920761771657261363089e-02;5.517205697969473194262890469730e-05;1.800471916353294954404873351450e+00;7.002033326980495742120069735392e-01;1.842953449867356929825490396979e-01;2.609151180813410603187563197025e-02;1.553376997937283565676125363098e-03;0.000000000000000000000000000000e+00;0.000000000000000000000000000000e+00;1.000000000000000000000000000000e+00;1.368915934483033036575885810215e-05
7.150000000000000000000000000000e+02;2.182527608534676200058299855300e-01;1.758018245356936584689044877905e-02;5.511966493946466715686538506702e-05;1.720409751503692019625191278465e+00;6.631328341340843035567331753555e-01;1.842953449867356929825490396979e-01;2.608950528499129339898843227274e-02;1.712176141794893901096341615187e-03;0.000000000000000000000000000000e+00;0.000000000000000000000000000000e+00;1.000000000000000000000000000000e+00;1.505018448270134386816464927561e-05
7.160000000000000000000000000000e+02;2.185212163752357772406043068258e-01;1.753094855197056406437283726518e-02;5.505986269466203405532900294617e-05;1.796880069790439016230720881140e+00;6.840208118155579608554717196967e-01;1.842953449867356929825490396979e-01;2.608729536448159413986047638900e-02;1.584800131036890246880033394916e-03;0.000000000000000000000000000000e+00;0.000000000000000000000000000000e+00;1.000000000000000000000000000000e+00;1.389152478118196798668234487328e-05
7.170000000000000000000000000000e+02;2.187718948858878020846674417044e-01;1.748556972159199390803863138899e-02;5.500261966460279206003747276554e-05;1.802884189922087987412169240997e+00;7.264898667601267234772421943489e-01;1.842953449867356929825490396979e-01;2.608525177173651177220392582967e-02;1.483337193566441674849598619801e-03;0.000000000000000000000000000000e+00;0.000000000000000000000000000000e+00;1.000000000000000000000000000000e+00;1.296849795936830974246462694355e-05
7.180000000000000000000000000000e+02;2.190322528513913291625669899076e-01;1.744326227251704469756177218187e-02;2.321131814738424878341582768826e-03;1.747561453012788312832981318934e+00;7.182696039181262204209588162485e-01;6.442647746492971005949357277132e-01;8.096983638745583466977961961675e-02;1.544063854519147965457803728384e-03;0.000000000000000000000000000000e+00;0.000000000000000000000000000000e+00;0.000000000000000000000000000000e+00;1.346675538994555413056970760710e-05
7.190000000000000000000000000000e+02;2.193167918583192044224006167497e-01;1.739938883682945469644209879334e-02;2.322335999613128407204065695169e-03;1.709608165114477440482687597978e+00;6.685574081931369150311184057500e-01;6.442647746492971005949357277132e-01;8.095311407645346124528629161432e-02;1.691438436704824832199078876727e-03;0.000000000000000000000000000000e+00;0.000000000000000000000000000000e+00;1.000000000000000000000000000000e+00;1.471499752689309656827031103088e-05
7.200000000000000000000000000000e+02;2.195585791152068477760650466735e-01;1.735151909572167638895479058192e-02;2.323642290228244543931479526577e-03;1.857236878863618878554575530870e+00;7.204558878025490997742963372730e-01;6.442647746492971005949357277132e-01;8.093482537413305977214150743748e-02;1.440855071208171954769139411212e-03;0.000000000000000000000000000000e+00;0.000000000000000000000000000000e+00;1.000000000000000000000000000000e+00;1.250051214111800598023302444339e-05
7.210000000000000000000000000000e+02;2.198186044983125309038030081865e-01;1.731090590777925597443243077578e-02;2.324744348881367921738627657646e-03;1.833266148650958049515224956849e+00;6.756177353009069630473959477968e-01;6.442647746492971005949357277132e-01;8.091927361837217280715606193553e-02;1.552925872692761943838490878989e-03;0.000000000000000000000000000000e+00;0.000000000000000000000000000000e+00;1.000000000000000000000000000000e+00;1.344127683197019479800597696606e-05
7.220000000000000000000000000000e+02;2.200829544739889565008184035833e-01;1.726729477363386777710729802493e-02;2.325921399143365819739415201184e-03;1.789543798245117223189026844921e+00;6.775067255800345522587235791434e-01;6.442647746492971005949357277132e-01;8.090253758432161546032546084462e-02;1.582434893463484371078919821230e-03;0.000000000000000000000000000000e+00;0.000000000000000000000000000000e+00;1.000000000000000000000000000000e+00;1.366218488275894431271690471208e-05
7.230000000000000000000000000000e+02;2.203705405243744364085500819783e-01;1.722302766200216675440692881693e-02;2.327109409271626086490591944766e-03;1.691802512349178000405913735449e+00;6.554815664358890625607045876677e-01;6.442647746492971005949357277132e-01;8.088551129582596810330130665534e-02;1.725666392326413809549245925723e-03;0.000000000000000000000000000000e+00;0.000000000000000000000000000000e+00;1.000000000000000000000000000000e+00;1.486060000521265056971833423693e-05
7.240000000000000000000000000000e+02;2.206341717109701061616533479537e-01;1.717494858708761007459742131687e-02;2.328392012240814139961697648573e-03;1.691885940374024066557012702106e+00;7.111994826571288452754515674314e-01;6.442647746492971005949357277132e-01;8.086697476478707513614097024401e-02;1.585953401627343767668620877487e-03;0.000000000000000000000000000000e+00;0.000000000000000000000000000000e+00;1.000000000000000000000000000000e+00;1.361933406723317229293848673599e-05
7.250000000000000000000000000000e+02;2.209091741034976963398150928697e-01;1.713094640824516790011955436057e-02;2.329558809153353064053115772936e-03;1.754887686264267498970070846553e+00;6.540686665644512842732183344197e-01;6.442647746492971005949357277132e-01;8.084996975072773761628042166194e-02;1.658311741916795780532600801394e-03;0.000000000000000000000000000000e+00;0.000000000000000000000000000000e+00;1.000000000000000000000000000000e+00;1.420422478947015783464456750718e-05
7.260000000000000000000000000000e+02;2.211498276642554217108482816911e-01;1.708511945089370015482543863072e-02;2.330766822492713000875008688695e-03;1.836708693548380511018081051589e+00;7.104936482851782475478330525220e-01;6.442647746492971005949357277132e-01;8.083221849807814551880369435821e-02;1.454705325457709757727697841290e-03;0.000000000000000000000000000000e+00;0.000000000000000000000000000000e+00;1.000000000000000000000000000000e+00;1.242690712564808511978071969839e-05
7.270000000000000000000000000000e+02;2.213986037843465315422264438894e-01;1.704507750602946014595318047213e-02;2.331816342842391639317289886435e-03;1.845529128558728526598997632391e+00;6.809203230356303260251138453896e-01;6.442647746492971005949357277132e-01;8.081667374364469302872038269925e-02;1.507090284728367177852215164080e-03;0.000000000000000000000000000000e+00;0.000000000000000000000000000000e+00;1.000000000000000000000000000000e+00;1.284423535588951272739567655012e-05
7.280000000000000000000000000000e+02;2.216559154641550566378072062435e-01;1.700374373221001655931416962630e-02;2.893392050775129165779420148397e-03;1.671298041637593323471833173244e+00;7.235631121070897897595841641305e-01;7.345923747627640665314174839295e-01;9.165618153560917136246644076891e-02;1.562326211993631582680697178489e-03;0.000000000000000000000000000000e+00;0.000000000000000000000000000000e+00;0.000000000000000000000000000000e+00;1.328269726742706579637482572354e-05
7.290000000000000000000000000000e+02;2.218974883298759914751485666784e-01;1.696105536280367517831813017892e-02;2.894806086548744935432742053649e-03;1.827632808733195002304228182766e+00;7.013903177544370537432882883877e-01;7.345923747627640665314174839295e-01;9.163699634649921654805382331688e-02;1.470150006548702698375152841948e-03;0.000000000000000000000000000000e+00;0.000000000000000000000000000000e+00;1.000000000000000000000000000000e+00;1.246764782634936246817278227006e-05
7.300000000000000000000000000000e+02;2.221435054788452045926305800094e-01;1.692103669669009491371980402619e-02;2.896125085781087356295859791544e-03;1.874610218315510223874298390001e+00;6.684061632966875610151191722252e-01;7.345923747627640665314174839295e-01;9.161897306961938602931638797600e-02;1.500489746582771765845421008123e-03;0.000000000000000000000000000000e+00;0.000000000000000000000000000000e+00;1.000000000000000000000000000000e+00;1.269492103246715079616861038270e-05
7.310000000000000000000000000000e+02;2.223749968805102117386240934138e-01;1.688033991305145503636353510046e-02;2.897459872472307306628946932392e-03;1.852148383665261688335590406496e+00;7.156477541800712049990806917776e-01;7.345923747627640665314174839295e-01;9.160060668138916839531304958655e-02;1.415023291501404456918522534181e-03;0.000000000000000000000000000000e+00;0.000000000000000000000000000000e+00;1.000000000000000000000000000000e+00;1.194303707271430082387242421760e-05
7.320000000000000000000000000000e+02;2.226119933916703708121076488169e-01;1.684209937388178937589522377039e-02;2.898708059262743424316921547756e-03;1.871412785273879775260752467148e+00;6.888031792265909558636849396862e-01;7.345923747627640665314174839295e-01;9.158331407539574420262340481713e-02;1.451740460373396931353928707153e-03;0.000000000000000000000000000000e+00;0.000000000000000000000000000000e+00;1.000000000000000000000000000000e+00;1.222517854934682724778443468905e-05
7.330000000000000000000000000000e+02;2.228685770830836077038838993758e-01;1.680300283427513252654250663909e-02;2.899978129020376084457044640885e-03;1.672428673395480291929970917408e+00;7.087122427975601768324054319237e-01;7.345923747627640665314174839295e-01;9.156559954039716897611356216657e-02;1.575167894269902200271582515256e-03;0.000000000000000000000000000000e+00;0.000000000000000000000000000000e+00;1.000000000000000000000000000000e+00;1.323377529593818056723175669021e-05
7.340000000000000000000000000000e+02;2.231230412130069951093247482277e-01;1.676073574603598528853787286153e-02;2.901344296922399573074313749999e-03;1.781725206086817836492741662369e+00;6.675279046201773036628424051742e-01;7.345923747627640665314174839295e-01;9.154640873548244850432809016638e-02;1.565814895962340568338899693401e-03;0.000000000000000000000000000000e+00;0.000000000000000000000000000000e+00;1.000000000000000000000000000000e+00;1.312210484921581237079905163379e-05
7.350000000000000000000000000000e+02;2.233825522354078718656467117398e-01;1.671887988893679122259783298432e-02;2.902690099973315087517056198863e-03;1.696021455789467724528662984085e+00;6.843046828764842715031591069419e-01;7.345923747627640665314174839295e-01;9.152736391412177874293831791874e-02;1.600603691733615838513338225368e-03;0.000000000000000000000000000000e+00;0.000000000000000000000000000000e+00;1.000000000000000000000000000000e+00;1.338015043594157041004742703105e-05
7.360000000000000000000000000000e+02;2.236094768763898510410825792860e-01;1.667625730626199481720917106031e-02;2.904053312631047541886308849257e-03;1.848453742042400538281299304799e+00;7.145393706867644301183872812544e-01;7.345923747627640665314174839295e-01;9.150792848889066632978028792422e-02;1.402882598207368450293763828540e-03;0.000000000000000000000000000000e+00;0.000000000000000000000000000000e+00;1.000000000000000000000000000000e+00;1.169741558909172151801102168545e-05
7.370000000000000000000000000000e+02;2.238584720690708629309284560804e-01;1.663903905864307780637645350907e-02;2.905237690996159347078808821152e-03;1.787177077168590866307340547792e+00;6.706075306296077620515916350996e-01;7.345923747627640665314174839295e-01;9.149092286998398992903247517461e-02;1.542587189037034935135128677075e-03;0.000000000000000000000000000000e+00;0.000000000000000000000000000000e+00;1.000000000000000000000000000000e+00;1.283358424487482945142591966858e-05
7.380000000000000000000000000000e+02;2.240950247374335069228123984431e-01;1.659825690764633182583409620747e-02;2.455690495244192399909577417816e-03;1.846098351951100058343513410364e+00;6.801303892827481600846795117832e-01;6.769224611024319271379567908298e-01;8.506231552421844588351973470708e-02;1.468834815729615607751701311656e-03;0.000000000000000000000000000000e+00;0.000000000000000000000000000000e+00;0.000000000000000000000000000000e+00;1.219004881318776190544939108662e-05
7.390000000000000000000000000000e+02;2.243374173492267975582592498540e-01;1.655956668334789341767709913711e-02;2.456695238402427199086996978394e-03;1.718826409643324559795019013109e+00;7.096753743057564456364616489736e-01;6.769224611024319271379567908298e-01;8.504600783299999522402146112654e-02;1.508393684702474856276777082087e-03;0.000000000000000000000000000000e+00;0.000000000000000000000000000000e+00;1.000000000000000000000000000000e+00;1.248917290328573583197725727079e-05
7.400000000000000000000000000000e+02;2.245930153146607766156961361048e-01;1.651997566858920754584438839174e-02;2.457717625002966369690549086613e-03;1.733204871158492421656660553708e+00;6.643304969006990079449792574451e-01;6.769224611024319271379567908298e-01;8.502928690403910305661838719971e-02;1.594163286885730453079634827418e-03;0.000000000000000000000000000000e+00;0.000000000000000000000000000000e+00;1.000000000000000000000000000000e+00;1.316776935555523375936254337759e-05
7.410000000000000000000000000000e+02;2.248374491481333337095094293545e-01;1.647828716988218589190040574977e-02;2.458787882940993360647574661471e-03;1.781873150938835692613793071359e+00;6.724144934067866063998053505202e-01;6.769224611024319271379567908298e-01;8.501164335928543258624756617792e-02;1.528113835800591494354372379405e-03;0.000000000000000000000000000000e+00;0.000000000000000000000000000000e+00;1.000000000000000000000000000000e+00;1.259034930729617163714002814334e-05
7.420000000000000000000000000000e+02;2.251073840378806922846166571617e-01;1.643847638681962194939778498792e-02;2.459803900906763242384389656081e-03;1.676528265907273107515607080131e+00;6.441023508994684343420544792025e-01;6.769224611024319271379567908298e-01;8.499475923988501768757686249955e-02;1.691427115246955329569411574653e-03;0.000000000000000000000000000000e+00;0.000000000000000000000000000000e+00;1.000000000000000000000000000000e+00;1.390224234700675090114357912441e-05
7.430000000000000000000000000000e+02;2.253496544386346389643449583673e-01;1.639457656279415947997435409889e-02;2.460917432940350202397183920766e-03;1.730022233827761990454519036575e+00;6.918972655814246142114143367507e-01;6.769224611024319271379567908298e-01;8.497610089637996910738593214774e-02;1.521823884576923484671095998522e-03;0.000000000000000000000000000000e+00;0.000000000000000000000000000000e+00;1.000000000000000000000000000000e+00;1.247482909539259866903235934865e-05
7.440000000000000000000000000000e+02;2.255631387349368577321939710600e-01;1.635523309271871145176291406642e-02;2.461909285354094492626053636286e-03;1.879864819531586572765036180499e+00;7.192804956236762414789609465515e-01;6.769224611024319271379567908298e-01;8.495934335979568596819433423661e-02;1.343969225476662494173085704574e-03;0.000000000000000000000000000000e+00;0.000000000000000000000000000000e+00;1.000000000000000000000000000000e+00;1.099046497605572382115675378333e-05
7.450000000000000000000000000000e+02;2.258067006543853505462493558298e-01;1.632060905724757454704487713570e-02;2.462777379540908879312910428894e-03;1.776615038485312547678063310741e+00;6.643312319319363279390699972282e-01;6.769224611024319271379567908298e-01;8.494456796994707958869952335590e-02;1.536440859933935936323945448123e-03;0.000000000000000000000000000000e+00;0.000000000000000000000000000000e+00;1.000000000000000000000000000000e+00;1.253782530728152246599950425665e-05
7.460000000000000000000000000000e+02;2.260500391567118461111363103555e-01;1.628115785241194407584330861027e-02;2.463761038900587254513174784165e-03;1.683725031006351180451474647271e+00;6.983413744324129535101519650198e-01;6.769224611024319271379567908298e-01;8.492770063841426075867957479204e-02;1.538522443043384814800877968821e-03;0.000000000000000000000000000000e+00;0.000000000000000000000000000000e+00;1.000000000000000000000000000000e+00;1.252446337733390687948532848939e-05
7.470000000000000000000000000000e+02;2.263108401206759268120549677406e-01;1.624179690473327719590912465719e-02;2.464736643476763116450412027802e-03;1.666573543165906334806436461804e+00;6.551879281482361205846132179431e-01;6.769224611024319271379567908298e-01;8.491083786206937711327213946788e-02;1.652727281584727642496646105030e-03;0.000000000000000000000000000000e+00;0.000000000000000000000000000000e+00;1.000000000000000000000000000000e+00;1.342163042320553708827181316199e-05
7.480000000000000000000000000000e+02;2.265589124938759413296907041513e-01;1.619967110872902807394702051624e-02;2.065176933777107884382395752709e-03;1.766571569756494541891811422829e+00;6.465617459938962641174953205336e-01;4.795458932613108071763008410926e-01;5.954359215133128713226540185133e-02;1.575877465323802326807589579971e-03;0.000000000000000000000000000000e+00;0.000000000000000000000000000000e+00;0.000000000000000000000000000000e+00;1.276434832295156747959414406113e-05
7.490000000000000000000000000000e+02;2.267980748217687525514207891320e-01;1.615965846430249264198408809534e-02;2.066058112885267496888763716356e-03;1.763787669428833915219456685008e+00;6.685007157020371737488062535704e-01;4.795458932613108071763008410926e-01;5.953138930088219815672800905304e-02;1.522795166136564539577369359336e-03;0.000000000000000000000000000000e+00;0.000000000000000000000000000000e+00;1.000000000000000000000000000000e+00;1.230392489792882927776996454527e-05
7.500000000000000000000000000000e+02;2.270300865251005384415350363270e-01;1.612113553099298046689114016772e-02;2.066902451813307055317192606481e-03;1.746216025451982734040257128072e+00;6.928277296535649831810133036925e-01;4.795458932613108071763008410926e-01;5.951961753806397914523529379949e-02;1.480573216152246927845848034622e-03;0.000000000000000000000000000000e+00;0.000000000000000000000000000000e+00;1.000000000000000000000000000000e+00;1.193426074057426940460812508915e-05
7.510000000000000000000000000000e+02;2.272820656296044572464154498448e-01;1.608381351933511199669979419014e-02;2.067716691112294388060766081594e-03;1.742158111765480743571288257954e+00;6.365211719133043732909982281853e-01;4.795458932613108071763008410926e-01;5.950819097072958946403886670851e-02;1.611558586965508013330583558798e-03;0.000000000000000000000000000000e+00;0.000000000000000000000000000000e+00;1.000000000000000000000000000000e+00;1.296000389411821397981847137082e-05
7.520000000000000000000000000000e+02;2.275066172395495689428912555741e-01;1.604333411737084505443995396945e-02;2.068595605408613327669264947417e-03;1.842327172594922402026895724703e+00;6.721616712534697057890298310667e-01;4.795458932613108071763008410926e-01;5.949577345680421430751394495928e-02;1.439499827392179409635275533219e-03;0.000000000000000000000000000000e+00;0.000000000000000000000000000000e+00;1.000000000000000000000000000000e+00;1.154718834637519327601575674924e-05
7.530000000000000000000000000000e+02;2.277457581977932743466652709685e-01;1.600730857953691632644677156350e-02;2.069374127147347031119295479584e-03;1.839675142947971853146782450494e+00;6.292952243031081360769007915223e-01;4.795458932613108071763008410926e-01;5.948470093512479850428320560241e-02;1.536314860346171687691119167596e-03;0.000000000000000000000000000000e+00;0.000000000000000000000000000000e+00;1.000000000000000000000000000000e+00;1.229613302244466480398453478440e-05
7.540000000000000000000000000000e+02;2.279772778580665959502482564858e-01;1.596899172858493379245636845098e-02;2.070198349092395705833835606313e-03;1.836848822687651372476125288813e+00;6.479920680759350126720619300613e-01;4.795458932613108071763008410926e-01;5.947290214063966073965161740489e-02;1.490705598339765475951468332028e-03;0.000000000000000000000000000000e+00;0.000000000000000000000000000000e+00;1.000000000000000000000000000000e+00;1.190253268482148680043608557355e-05
7.550000000000000000000000000000e+02;2.282067656586533876961198075151e-01;1.593194429376450227398009928947e-02;2.070991520683041278716451927266e-03;1.834110621864367240974047490454e+00;6.517564978167740274983543713461e-01;4.795458932613108071763008410926e-01;5.946147260115607763308887001585e-02;1.480864677334353457158200306765e-03;0.000000000000000000000000000000e+00;0.000000000000000000000000000000e+00;1.000000000000000000000000000000e+00;1.179652677294723331336522009760e-05
7.560000000000000000000000000000e+02;2.284311872207953619806630740641e-01;1.589526870039219275110298212894e-02;2.071773101046334338015686427070e-03;1.831394552230124705971547882655e+00;6.644771902830919341198523397907e-01;4.795458932613108071763008410926e-01;5.945013679419521718250152275687e-02;1.451320631268883387665624695728e-03;0.000000000000000000000000000000e+00;0.000000000000000000000000000000e+00;1.000000000000000000000000000000e+00;1.153456570222086294762956631965e-05
7.570000000000000000000000000000e+02;2.286623851533451101669669469629e-01;1.585944758338649063222902668713e-02;2.072532981343484098646356983409e-03;1.838095423960116603367964671634e+00;6.398280108988040337791858291894e-01;4.795458932613108071763008410926e-01;5.943904490326140654943287700007e-02;1.498353351274023985764682898036e-03;0.000000000000000000000000000000e+00;0.000000000000000000000000000000e+00;1.000000000000000000000000000000e+00;1.188152821796093669924881258693e-05
7.580000000000000000000000000000e+02;2.288884036046835435129764846351e-01;1.582259103542305034295623045182e-02;2.942883831676710443270295058937e-03;1.871322783840218662021470663603e+00;6.399690413108976017042550665792e-01;7.706378659261171604200058027345e-01;9.595343719488511058379742735269e-02;1.468004622122138494097476346667e-03;0.000000000000000000000000000000e+00;0.000000000000000000000000000000e+00;0.000000000000000000000000000000e+00;1.161381838697467580980363099918e-05
7.590000000000000000000000000000e+02;2.291173330107369454644583584013e-01;1.578660532583590209165791407031e-02;2.943890747339763646478472125523e-03;1.832647017999051275438660013606e+00;6.423083426049771560428780503571e-01;7.706378659261171604200058027345e-01;9.593531195855320437004820632865e-02;1.490128958365039956585063052330e-03;0.000000000000000000000000000000e+00;0.000000000000000000000000000000e+00;1.000000000000000000000000000000e+00;1.176203887515392355542220848008e-05
7.600000000000000000000000000000e+02;2.293499829828611058513132547887e-01;1.575020149096133595389979120682e-02;2.944903652850619502068241217785e-03;1.831259522533724926063314342173e+00;6.296735694164656838012206208077e-01;7.706378659261171604200058027345e-01;9.591694230820610456156316558918e-02;1.517673127570531160790423541584e-03;0.000000000000000000000000000000e+00;0.000000000000000000000000000000e+00;1.000000000000000000000000000000e+00;1.195182877832666891015217514038e-05
7.610000000000000000000000000000e+02;2.295611127106111370999030896201e-01;1.571325261045700832918114997483e-02;2.945925845209061873231082273605e-03;1.828480269166767424593444957281e+00;6.917597749708970233939453464700e-01;7.706378659261171604200058027345e-01;9.589826279026125721571816029609e-02;1.380314340318536912854963105701e-03;0.000000000000000000000000000000e+00;0.000000000000000000000000000000e+00;1.000000000000000000000000000000e+00;1.084461395563074669881262201976e-05
7.620000000000000000000000000000e+02;2.297899389084409604855352426966e-01;1.567976203238620122593083294760e-02;2.946847241420181423565693989985e-03;1.828478087137938690176497402717e+00;6.355965589471204157945294355159e-01;7.706378659261171604200058027345e-01;9.588130125023935912409456250316e-02;1.499082935328418337769806889526e-03;0.000000000000000000000000000000e+00;0.000000000000000000000000000000e+00;1.000000000000000000000000000000e+00;1.175263184638029454116055910751e-05
7.630000000000000000000000000000e+02;2.300147309761416680728984829329e-01;1.564350772176352141751287661009e-02;2.947839177974508236002026961842e-03;1.825737046839888355620473703311e+00;6.450602712372823788200548733585e-01;7.706378659261171604200058027345e-01;9.586290739637083613278178972905e-02;1.475887003725181783816977620916e-03;0.000000000000000000000000000000e+00;0.000000000000000000000000000000e+00;1.000000000000000000000000000000e+00;1.154402486961265578992684444071e-05
7.640000000000000000000000000000e+02;2.302342211714365483032906922745e-01;1.560793635370374271564841706095e-02;2.948806870132711539789216459440e-03;1.809930185563349835931035158865e+00;6.634646175671450318844790672301e-01;7.706378659261171604200058027345e-01;9.584482704363392335800142518565e-02;1.444186848747146863919388337649e-03;0.000000000000000000000000000000e+00;0.000000000000000000000000000000e+00;1.000000000000000000000000000000e+00;1.127038820905072501264276157995e-05
7.650000000000000000000000000000e+02;2.304501365099377863110419184522e-01;1.557324569571108194288022730234e-02;2.949745294725306804517472869520e-03;1.993197627133913796271258433990e+00;6.097865702271862975436533815810e-01;7.706378659261171604200058027345e-01;9.582716281484324194472890212637e-02;1.423666969710220189110350119677e-03;0.000000000000000000000000000000e+00;0.000000000000000000000000000000e+00;1.000000000000000000000000000000e+00;1.108555775408286530312775008955e-05
7.660000000000000000000000000000e+02;2.306370805634224696589740233321e-01;1.553916014839445622341962405244e-02;2.950662239625565213402280662081e-03;2.000000000000000444089209850063e+00;6.989275761687339105776572978357e-01;7.706378659261171604200058027345e-01;9.580977633503834356432093954936e-02;1.235158984058155797608469228521e-03;0.000000000000000000000000000000e+00;0.000000000000000000000000000000e+00;1.000000000000000000000000000000e+00;9.596666631003939265404795166958e-06
7.670000000000000000000000000000e+02;2.308696948091523148960391154105e-01;1.550968018622286316576808218315e-02;2.951451199287880369781511546989e-03;1.845734511119141441071178633138e+00;6.063564413007320741400008046185e-01;7.706378659261171604200058027345e-01;9.579471477780611421426470997176e-02;1.539795709384561995386464516855e-03;0.000000000000000000000000000000e+00;0.000000000000000000000000000000e+00;1.000000000000000000000000000000e+00;1.194086950233636356516996046562e-05
7.680000000000000000000000000000e+02;2.310777769555811822499435947975e-01;1.547303967210532892051499942454e-02;3.268155275375007103727531543313e-03;1.840425942855149266108583105961e+00;6.766917199496906842881571719772e-01;7.482094527248048798639956658008e-01;9.236585264269564499173270633037e-02;1.380460297345752641168248331383e-03;0.000000000000000000000000000000e+00;0.000000000000000000000000000000e+00;0.000000000000000000000000000000e+00;1.067995847329857471896732284966e-05
7.690000000000000000000000000000e+02;2.312790465069475276393973217637e-01;1.544030210450530148091896620599e-02;3.269186183575914332599676725977e-03;1.996616583876897887961376909516e+00;6.422129996799570417209679362713e-01;7.482094527248048798639956658008e-01;9.234974218932773259993496139941e-02;1.337948871832306480325613939897e-03;0.000000000000000000000000000000e+00;0.000000000000000000000000000000e+00;1.000000000000000000000000000000e+00;1.032916739073642972235149428695e-05
7.700000000000000000000000000000e+02;2.314911380493958614756877523178e-01;1.540867105884956636541183172540e-02;3.270177907511030712672805975672e-03;1.835426311336555871278619633813e+00;6.603044757409143317161692721129e-01;7.482094527248048798639956658008e-01;9.233415112460338636246603982727e-02;1.412672465534345030493956762996e-03;0.000000000000000000000000000000e+00;0.000000000000000000000000000000e+00;1.000000000000000000000000000000e+00;1.088370266765636256431955958268e-05
7.710000000000000000000000000000e+02;2.317101940880368915465226109518e-01;1.537537605851425903669138506302e-02;3.271217189105083463646073127506e-03;1.834693013956357754423720507475e+00;6.368618856198375866028982272837e-01;7.482094527248048798639956658008e-01;9.231771315953347933902506383674e-02;1.462091565204109641640251027184e-03;0.000000000000000000000000000000e+00;0.000000000000000000000000000000e+00;1.000000000000000000000000000000e+00;1.124010382349745669494384819886e-05
7.720000000000000000000000000000e+02;2.319226044125760888281462257510e-01;1.534102726406278566217977754604e-02;3.272284402149372700002727398783e-03;1.840450414464726236474234610796e+00;6.518831343991321469744093519694e-01;7.482094527248048798639956658008e-01;9.230072615661386037366753498645e-02;1.420751313111690266460795939452e-03;0.000000000000000000000000000000e+00;0.000000000000000000000000000000e+00;1.000000000000000000000000000000e+00;1.089789231494972399495561876659e-05
7.730000000000000000000000000000e+02;2.321329000373458240069624025637e-01;1.530775876762007978171276079138e-02;3.273313241642996328228942815031e-03;1.837718268346340000363170474884e+00;6.566259238205917059261196300213e-01;7.482094527248048798639956658008e-01;9.228424551130393060915935166122e-02;1.409522921743071701208838142350e-03;0.000000000000000000000000000000e+00;0.000000000000000000000000000000e+00;1.000000000000000000000000000000e+00;1.078831843173698658993903826131e-05
7.740000000000000000000000000000e+02;2.323425156440419026004917668615e-01;1.527485843954240127273713767408e-02;3.274326037143903116860554902701e-03;1.885448712688984063134967072983e+00;6.393836857683020680198637819558e-01;7.482094527248048798639956658008e-01;9.226792021296650880834988583956e-02;1.407856565381043929818805082732e-03;0.000000000000000000000000000000e+00;0.000000000000000000000000000000e+00;1.000000000000000000000000000000e+00;1.075240486968791054733611545213e-05
7.750000000000000000000000000000e+02;2.325604321514906369650077522238e-01;1.524210097505492370051349837468e-02;3.275329828160345423115895613364e-03;1.882794271340135772163648653077e+00;6.133058347920337105563248769613e-01;7.482094527248048798639956658008e-01;9.225163905391470242633999987447e-02;1.466636065188699385164472488441e-03;0.000000000000000000000000000000e+00;0.000000000000000000000000000000e+00;1.000000000000000000000000000000e+00;1.117730749963169758728117469948e-05
7.760000000000000000000000000000e+02;2.327585120936136453551057456934e-01;1.520808478008633078670808203015e-02;3.276367321032307589750987020238e-03;1.880032897358457688596899970435e+00;6.727882103133393520977278967621e-01;7.482094527248048798639956658008e-01;9.223470398797446734295846226814e-02;1.335943816946334608899982221430e-03;0.000000000000000000000000000000e+00;0.000000000000000000000000000000e+00;1.000000000000000000000000000000e+00;1.015857341477599900766461138435e-05
7.770000000000000000000000000000e+02;2.329603313985602885960446428726e-01;1.517719895051852264933334168973e-02;3.277305036323129722175551137298e-03;1.877521279033575796191257722967e+00;6.585758775676280318833732962958e-01;7.482094527248048798639956658008e-01;9.221930238135470081495270733285e-02;1.363824320020007481446544517212e-03;0.000000000000000000000000000000e+00;0.000000000000000000000000000000e+00;1.000000000000000000000000000000e+00;1.034951651924964524491279416196e-05
7.780000000000000000000000000000e+02;2.331428947638556348209704083274e-01;1.514576318538111629474762764858e-02;2.906034358636893667748868352874e-03;1.980332953072107882164232250943e+00;6.874658937615820697430990549037e-01;6.998523416726787349517735492554e-01;8.665617081502979823781629420409e-02;1.236116152131211268563881766624e-03;0.000000000000000000000000000000e+00;0.000000000000000000000000000000e+00;0.000000000000000000000000000000e+00;9.360961254901931782998122932860e-06
7.790000000000000000000000000000e+02;2.333607746105836877603678658488e-01;1.511735548280617770500189323002e-02;2.906773954038124625071093376505e-03;1.959651830820120954612661989813e+00;5.799444411828453826984741681372e-01;6.998523416726787349517735492554e-01;8.664279035190641797825605863181e-02;1.477978132603192116048540505346e-03;0.000000000000000000000000000000e+00;0.000000000000000000000000000000e+00;1.000000000000000000000000000000e+00;1.117156041318825072017253269285e-05
7.800000000000000000000000000000e+02;2.335747331746069188618264433899e-01;1.508348797214883671435892154022e-02;2.907651470986288410464082332396e-03;1.869875275278077619844907530933e+00;6.162179385549408916489255716442e-01;6.998523416726787349517735492554e-01;8.662681329389176898558844186482e-02;1.454495212037673753865951731257e-03;0.000000000000000000000000000000e+00;0.000000000000000000000000000000e+00;1.000000000000000000000000000000e+00;1.096943051815916205990724535679e-05
7.810000000000000000000000000000e+02;2.337825773611185709022208811803e-01;1.505026757306002563319147213861e-02;2.908507752945912929604110885862e-03;1.975504343641802940112484066049e+00;5.978445929684679249760392849566e-01;6.998523416726787349517735492554e-01;8.661111512024374792240166698321e-02;1.415909243726158096843281697375e-03;0.000000000000000000000000000000e+00;0.000000000000000000000000000000e+00;1.000000000000000000000000000000e+00;1.065490648862387118090463283826e-05
7.820000000000000000000000000000e+02;2.339640739382780054711474804208e-01;1.501803207119821112480728686478e-02;2.909334414386637816113401200369e-03;1.989390849287355322871917451266e+00;6.770299872704039767512540493044e-01;6.998523416726787349517735492554e-01;8.659585733450289590784620941122e-02;1.238917812330730863074057523932e-03;0.000000000000000000000000000000e+00;0.000000000000000000000000000000e+00;1.000000000000000000000000000000e+00;9.303053719580823473244736432353e-06
7.830000000000000000000000000000e+02;2.341716402153346532344357910915e-01;1.498991150305094624539670178365e-02;2.910052142006666186374586047236e-03;1.862201850924636303830084216315e+00;6.300854177472174910690227989107e-01;6.998523416726787349517735492554e-01;8.658252708556277155160785241605e-02;1.419483591728199888687411700516e-03;0.000000000000000000000000000000e+00;0.000000000000000000000000000000e+00;1.000000000000000000000000000000e+00;1.063896671001930627415473645803e-05
7.840000000000000000000000000000e+02;2.343708394577064257902065946837e-01;1.495778431300213637267226829408e-02;2.910868240988289269016719984506e-03;1.948696182059957981991260567156e+00;6.247831057483441696831505396403e-01;6.998523416726787349517735492554e-01;8.656727452732637662080605878145e-02;1.365058756461260758632847434058e-03;0.000000000000000000000000000000e+00;0.000000000000000000000000000000e+00;1.000000000000000000000000000000e+00;1.020912722686122465392058455969e-05
7.850000000000000000000000000000e+02;2.345714517123083098226743459236e-01;1.492698473204620741860981780746e-02;2.911646717061104009532934711046e-03;1.984883472863707476463446255366e+00;6.066127583008766865901861820021e-01;6.998523416726787349517735492554e-01;8.655262918521498816115666841142e-02;1.377472773059055599978450779020e-03;0.000000000000000000000000000000e+00;0.000000000000000000000000000000e+00;1.000000000000000000000000000000e+00;1.028075752613093623601386167321e-05
7.860000000000000000000000000000e+02;2.347594155551298022999162640190e-01;1.489599880320667188438044092891e-02;2.912426048685765132134628530025e-03;1.854462084760020834650617871375e+00;6.901593600649310600303465434990e-01;6.998523416726787349517735492554e-01;8.653787241155866394315410161653e-02;1.293182379859040631933653209273e-03;0.000000000000000000000000000000e+00;0.000000000000000000000000000000e+00;1.000000000000000000000000000000e+00;9.631621591354112610133472727192e-06
7.870000000000000000000000000000e+02;2.349643636070846142160917224828e-01;1.486699567712059487367692867110e-02;2.913152004782369394741969870211e-03;1.852063927067892690203620986722e+00;6.313485147331349134347533436085e-01;6.998523416726787349517735492554e-01;8.652403916290211938200371832863e-02;1.412718295616713923626428517366e-03;0.000000000000000000000000000000e+00;0.000000000000000000000000000000e+00;1.000000000000000000000000000000e+00;1.050143839696142972098096002309e-05
7.880000000000000000000000000000e+02;2.351843978256573097773696190416e-01;1.483540392369076671430505598437e-02;2.118923692495798104945547990496e-03;1.849447482473472348374343710020e+00;5.864254669212676240874770883238e-01;7.047103811723273159017821853922e-01;9.004767993757677169153197382911e-02;1.519854592592168865058943616475e-03;0.000000000000000000000000000000e+00;0.000000000000000000000000000000e+00;0.000000000000000000000000000000e+00;1.127382839319064798872839505695e-05
7.890000000000000000000000000000e+02;2.353910877116231759043074589499e-01;1.480152382897043789045099515533e-02;2.119366072050245242142096913085e-03;1.846636591223476564493921614485e+00;6.224485499954173217673769613612e-01;7.047103811723273159017821853922e-01;9.003324768280344947424254087309e-02;1.430800300753186111296644256186e-03;0.000000000000000000000000000000e+00;0.000000000000000000000000000000e+00;1.000000000000000000000000000000e+00;1.058901237304817632999855148146e-05
7.900000000000000000000000000000e+02;2.355887092234832114190368201889e-01;1.476973334637788834444727115169e-02;2.119776938808335189912135376744e-03;1.843994423033372243025951320305e+00;6.492055292739293825832191942027e-01;7.047103811723273159017821853922e-01;9.001968240795091280581630144297e-02;1.370844935381534349799759198163e-03;0.000000000000000000000000000000e+00;0.000000000000000000000000000000e+00;1.000000000000000000000000000000e+00;1.012350707740894653510581313594e-05
7.910000000000000000000000000000e+02;2.358055677404735372970634443845e-01;1.473936916444037147078116589682e-02;2.120165546490309412680508316384e-03;1.841466592617685193999932380393e+00;5.900199282791855903695932283881e-01;7.047103811723273159017821853922e-01;9.000670478989815370685079187751e-02;1.507321389814735229997766374765e-03;0.000000000000000000000000000000e+00;0.000000000000000000000000000000e+00;1.000000000000000000000000000000e+00;1.110848320696835420822758122572e-05
7.920000000000000000000000000000e+02;2.360048974925635922872402261419e-01;1.470608459404983137108757773603e-02;2.120587232756175610770554840201e-03;1.970559848763847599073528726876e+00;5.972105632360352744925080514804e-01;7.047103811723273159017821853922e-01;8.999245544481276892767596109479e-02;1.388473003623920268637115249533e-03;0.000000000000000000000000000000e+00;0.000000000000000000000000000000e+00;1.000000000000000000000000000000e+00;1.020950072392391772045736747510e-05
7.930000000000000000000000000000e+02;2.361808452621919629521585193288e-01;1.467552294768839117600212063053e-02;2.120970461134087745730392171595e-03;1.977658707260685266859923103766e+00;6.714193723585201167836089553020e-01;7.047103811723273159017821853922e-01;8.997935007791346695427137092338e-02;1.228021196095724441171848084764e-03;0.000000000000000000000000000000e+00;0.000000000000000000000000000000e+00;1.000000000000000000000000000000e+00;9.010926621775276862641272657140e-06
7.940000000000000000000000000000e+02;2.363903360859871405352805595612e-01;1.464857207977510178409374930197e-02;2.121305263482723031664978208255e-03;1.833883121635830448781234736089e+00;6.058986851966949860326394627918e-01;7.047103811723273159017821853922e-01;8.996777579822901049766414871556e-02;1.464809403947214512878294279119e-03;0.000000000000000000000000000000e+00;0.000000000000000000000000000000e+00;1.000000000000000000000000000000e+00;1.072868306842658894686808046526e-05
7.950000000000000000000000000000e+02;2.365986155353669295742236045044e-01;1.461651470486290127492878809790e-02;2.121699657141228913259656252421e-03;1.831196832393518159065592953993e+00;6.076937428397183316164387179015e-01;7.047103811723273159017821853922e-01;8.995398737479071149536480334064e-02;1.459424139311483537354008355180e-03;0.000000000000000000000000000000e+00;0.000000000000000000000000000000e+00;1.000000000000000000000000000000e+00;1.066584719643908929379103739388e-05
7.960000000000000000000000000000e+02;2.368141221077361135982641826558e-01;1.458467650469887771924604180640e-02;2.122087216170535396708718423042e-03;1.828524339532492382076611647790e+00;5.856485002088395175334767372988e-01;7.047103811723273159017821853922e-01;8.994027049168940024514995457139e-02;1.513270305828002398884635226750e-03;0.000000000000000000000000000000e+00;0.000000000000000000000000000000e+00;1.000000000000000000000000000000e+00;1.103527893733407505799486159059e-05
7.970000000000000000000000000000e+02;2.370074472131709908406804743208e-01;1.455176891293181312692084361515e-02;2.122483455338223384822882167100e-03;1.977765815530751813966503505071e+00;6.009243677451363563335462458781e-01;7.047103811723273159017821853922e-01;8.992606904446441562495095922714e-02;1.360437512568187911482509022676e-03;0.000000000000000000000000000000e+00;0.000000000000000000000000000000e+00;1.000000000000000000000000000000e+00;9.898386151688020527473696463794e-06
7.980000000000000000000000000000e+02;2.371989533572306241282490191224e-01;1.452227891659412829794550958695e-02;2.365601469360678089925986711251e-03;1.823273459242627625442878525064e+00;6.554138407481295836021217837697e-01;7.097470550307152237223817792255e-01;8.942273492837446435821391332865e-02;1.350283142076487809604690149001e-03;0.000000000000000000000000000000e+00;0.000000000000000000000000000000e+00;0.000000000000000000000000000000e+00;9.804594202804930373317676695066e-06
7.990000000000000000000000000000e+02;2.373901328560460433081402698008e-01;1.449309475124982427018949238118e-02;2.366043415021401759290586852558e-03;1.820811523827216671378437240492e+00;6.548232834968156224064728121448e-01;7.097470550307152237223817792255e-01;8.940926937255258555303782941337e-02;1.350608614781904090809683260943e-03;0.000000000000000000000000000000e+00;0.000000000000000000000000000000e+00;1.000000000000000000000000000000e+00;9.787249312944205646203933712801e-06
8.000000000000000000000000000000e+02;2.375690318037527171135536718793e-01;1.446398844124342254746640179519e-02;2.366480688774413605052204800927e-03;1.970196133674289029613646562211e+00;6.441727000927930379958752382663e-01;7.097470550307152237223817792255e-01;8.939581966641604870993376152910e-02;1.266291753433867496581033407210e-03;0.000000000000000000000000000000e+00;0.000000000000000000000000000000e+00;1.000000000000000000000000000000e+00;9.157814642454660368367860834304e-06
8.010000000000000000000000000000e+02;2.377606678604820555911203427968e-01;1.443677713176060896371755148948e-02;2.366886336217967866379918717712e-03;1.919277026531974961187643202720e+00;6.150144023652621694253639361705e-01;7.097470550307152237223817792255e-01;8.938322746775979876776574428732e-02;1.358954110403983372643010874015e-03;0.000000000000000000000000000000e+00;0.000000000000000000000000000000e+00;1.000000000000000000000000000000e+00;9.809458812096156813081608560889e-06
8.020000000000000000000000000000e+02;2.379605578296214718481138561401e-01;1.440765554897313269200331831144e-02;2.367317078822644017127574400661e-03;1.815616336041106837484448988107e+00;6.208002933578824489302405709168e-01;7.097470550307152237223817792255e-01;8.936973182543056504201217649097e-02;1.420282750311777694024462093125e-03;0.000000000000000000000000000000e+00;0.000000000000000000000000000000e+00;1.000000000000000000000000000000e+00;1.023147232432015238585455707554e-05
8.030000000000000000000000000000e+02;2.381799347854526294199217772984e-01;1.437730945614561911538586969073e-02;2.367762210702256241851015872157e-03;1.813037647477843350429793645162e+00;5.640941135501897907289503564243e-01;7.097470550307152237223817792255e-01;8.935564729190881294584869465325e-02;1.561984504102201373396119343795e-03;0.000000000000000000000000000000e+00;0.000000000000000000000000000000e+00;1.000000000000000000000000000000e+00;1.122856729059075220648541981738e-05
8.040000000000000000000000000000e+02;2.383903600534810762745507872751e-01;1.434403985628660352369401209671e-02;2.368245856958576742168354201112e-03;1.808177264930898253680879861349e+00;5.869937905310893544452710557380e-01;7.097470550307152237223817792255e-01;8.934018071399212057581706858400e-02;1.501600701053609114923870215819e-03;0.000000000000000000000000000000e+00;0.000000000000000000000000000000e+00;1.000000000000000000000000000000e+00;1.076951015207044048353074439106e-05
8.050000000000000000000000000000e+02;2.385985263452900517755495002348e-01;1.431216202277028025358074359019e-02;2.368704980588374076760915798445e-03;1.808989105303843381022943503922e+00;5.905037453365887811784773475665e-01;7.097470550307152237223817792255e-01;8.932533643293757985581748926052e-02;1.488689505419957042828271731594e-03;0.000000000000000000000000000000e+00;0.000000000000000000000000000000e+00;1.000000000000000000000000000000e+00;1.065318270158409248444652400734e-05
8.060000000000000000000000000000e+02;2.387876255046977314044909235236e-01;1.428065925035286454214400464480e-02;2.369154574527198870576016886957e-03;1.828049720680467338240760000190e+00;6.404972013579979250863516426762e-01;7.097470550307152237223817792255e-01;8.931064301024924101390922714927e-02;1.355190994109840060127813998747e-03;0.000000000000000000000000000000e+00;0.000000000000000000000000000000e+00;1.000000000000000000000000000000e+00;9.676510403014790211010699716443e-06
8.070000000000000000000000000000e+02;2.389855719267329758892515201296e-01;1.425207022414739371773961806866e-02;2.369559030602702044687735138950e-03;1.805203397018164901410841594043e+00;6.171609131764266287234477204038e-01;7.097470550307152237223817792255e-01;8.929728811096833418492479950146e-02;1.421382254363728545043521478419e-03;0.000000000000000000000000000000e+00;0.000000000000000000000000000000e+00;1.000000000000000000000000000000e+00;1.012881985227439793925772321126e-05
8.080000000000000000000000000000e+02;2.391753236977404162288962652383e-01;1.422217232408340067961738384383e-02;2.352016792877790075239063938284e-03;1.820263997862824112417001742870e+00;6.358552801107348884102066222113e-01;7.567606437345315573139714615536e-01;9.610466466545639074858797812340e-02;1.365308410628642823633760450264e-03;0.000000000000000000000000000000e+00;0.000000000000000000000000000000e+00;0.000000000000000000000000000000e+00;9.708825745740489558135120906623e-06
8.090000000000000000000000000000e+02;2.393708631356717964067115644866e-01;1.419353962812236642776486661433e-02;2.352371000689211510970011431709e-03;1.795317756194439118289096768422e+00;6.231201239361394694782347869477e-01;7.567606437345315573139714615536e-01;9.609091034515014617678474451168e-02;1.409727272937086502146986077832e-03;0.000000000000000000000000000000e+00;0.000000000000000000000000000000e+00;1.000000000000000000000000000000e+00;1.000450995663870244300856782171e-05
8.100000000000000000000000000000e+02;2.395493320072478449223041252480e-01;1.416406165990745542881956708925e-02;2.352731887809312878029333049312e-03;1.965684147873911769011101569049e+00;6.210131157579190652739953293349e-01;7.567606437345315573139714615536e-01;9.607672879513851071919816604350e-02;1.289231153294562214409180178620e-03;0.000000000000000000000000000000e+00;0.000000000000000000000000000000e+00;1.000000000000000000000000000000e+00;9.130374774568887700750344227352e-06
8.110000000000000000000000000000e+02;2.397365146095493670941323216539e-01;1.413718190501302499062497020077e-02;2.353057623473883176734577915568e-03;1.970123736745142295490040851291e+00;5.885500908698768629534470164799e-01;7.567606437345315573139714615536e-01;9.606377846339722581525677469472e-02;1.354700846119307562284705959144e-03;0.000000000000000000000000000000e+00;0.000000000000000000000000000000e+00;1.000000000000000000000000000000e+00;9.575826144231853928037376255666e-06
8.120000000000000000000000000000e+02;2.399293968008761046561971852498e-01;1.410901509631494119001438036776e-02;2.353395532780433365566130632374e-03;1.900945784635822422004025611386e+00;5.896120700220324195583998516668e-01;7.567606437345315573139714615536e-01;9.605018882793844858802856379043e-02;1.398679122508153039108891313447e-03;0.000000000000000000000000000000e+00;0.000000000000000000000000000000e+00;1.000000000000000000000000000000e+00;9.866992427184031767004382396102e-06
8.130000000000000000000000000000e+02;2.401098163976915500494868638270e-01;1.408001770021341872429765373909e-02;2.353739744484615540459637728077e-03;1.951734617337563371108899445971e+00;6.114593300643733631005716233631e-01;7.567606437345315573139714615536e-01;9.603617789217806788304443443849e-02;1.310908411180978757129556022676e-03;0.000000000000000000000000000000e+00;0.000000000000000000000000000000e+00;1.000000000000000000000000000000e+00;9.228806816393416101668503714883e-06
8.140000000000000000000000000000e+02;2.402952600219891432509200512868e-01;1.405291870115336905211478324418e-02;2.354058061105996149664498773291e-03;1.927697702579049154891777106968e+00;6.000189736581047483809925324749e-01;7.567606437345315573139714615536e-01;9.602306534058976938972307380027e-02;1.349957545909939802403210151738e-03;0.000000000000000000000000000000e+00;0.000000000000000000000000000000e+00;1.000000000000000000000000000000e+00;9.485421821340448924773577910052e-06
8.150000000000000000000000000000e+02;2.404782415117290295114571563317e-01;1.402509001008233648077894173412e-02;2.354381568117200427409096974429e-03;1.827585581055177099685238317761e+00;6.388981675066807142115976603236e-01;7.567606437345315573139714615536e-01;9.600958070242690545192942863650e-02;1.334608179588490928235700039295e-03;0.000000000000000000000000000000e+00;0.000000000000000000000000000000e+00;1.000000000000000000000000000000e+00;9.358999923460357668950071463598e-06
8.160000000000000000000000000000e+02;2.406868829051121705386862004161e-01;1.399765548979811473351286821298e-02;2.354697137598458882290497484746e-03;1.796190429202964677912746083166e+00;5.678917741839557553618078600266e-01;7.567606437345315573139714615536e-01;9.599626819213902262362125838990e-02;1.524736634082282400043384384958e-03;0.000000000000000000000000000000e+00;0.000000000000000000000000000000e+00;1.000000000000000000000000000000e+00;1.067136905827907809017097984228e-05
8.170000000000000000000000000000e+02;2.408789386728553694183574407361e-01;1.396640360275413876578465277589e-02;2.355052555461604503472816674048e-03;1.965462997475380335643535545387e+00;5.613306009781268146596744372800e-01;7.567606437345315573139714615536e-01;9.598108046393347136948648312682e-02;1.406560730405790162270140974954e-03;0.000000000000000000000000000000e+00;0.000000000000000000000000000000e+00;1.000000000000000000000000000000e+00;9.822297426315960806810119454457e-06
8.180000000000000000000000000000e+02;2.410555368682473220687256798556e-01;1.393766405580478678905009815026e-02;2.655041743833806092839333601319e-03;1.962698454406065939892300775682e+00;6.088536558997120762271038074687e-01;7.087464139344299418610262364382e-01;8.736816281071199674634897291980e-02;1.295928331014256163281062050885e-03;0.000000000000000000000000000000e+00;0.000000000000000000000000000000e+00;0.000000000000000000000000000000e+00;9.031106859038240383999972260565e-06
8.190000000000000000000000000000e+02;2.412487417996529159847085566071e-01;1.391126124124300936224507552197e-02;2.655476399938483302726188739484e-03;1.920109800009952127908263719291e+00;5.667200895893333978392547578551e-01;7.087464139344299418610262364382e-01;8.735486533977632195302476247889e-02;1.420461033548011623578455342454e-03;0.000000000000000000000000000000e+00;0.000000000000000000000000000000e+00;1.000000000000000000000000000000e+00;9.880202260346219650713993354341e-06
8.200000000000000000000000000000e+02;2.414372374079805649849106430338e-01;1.388240145486054066825687414166e-02;2.655948154846834562831103809799e-03;1.768401690144784321745419219951e+00;6.281306512203472802724490975379e-01;7.087464139344299418610262364382e-01;8.734031019859959943385518954528e-02;1.388644831688247861106733083147e-03;0.000000000000000000000000000000e+00;0.000000000000000000000000000000e+00;1.000000000000000000000000000000e+00;9.638862515856752463628762117587e-06
8.210000000000000000000000000000e+02;2.416352971749942124546350896708e-01;1.385427109253943231403916058753e-02;2.656404617678931670554653976524e-03;1.789100008191506274712878621358e+00;5.885073451806743793923715202254e-01;7.087464139344299418610262364382e-01;8.732610256292169803593594679114e-02;1.462024554553561844424947047116e-03;0.000000000000000000000000000000e+00;0.000000000000000000000000000000e+00;1.000000000000000000000000000000e+00;1.012764226136712622495204827455e-05
8.220000000000000000000000000000e+02;2.418167215578793938224322346286e-01;1.382474097023837777964416773102e-02;2.656880213873222436327115048016e-03;1.842966825155350818477018037811e+00;6.210795981822666567140345250664e-01;7.087464139344299418610262364382e-01;8.731116629710009013898286411859e-02;1.341991337129905866726309326964e-03;0.000000000000000000000000000000e+00;0.000000000000000000000000000000e+00;1.000000000000000000000000000000e+00;9.276341310062397266331807310635e-06
8.230000000000000000000000000000e+02;2.420046746875091359108012056822e-01;1.379771584557154887051844127654e-02;2.657312250282932615530473441368e-03;1.786770836268653850353871348489e+00;6.159643263422620584890410100343e-01;7.087464139344299418610262364382e-01;8.729747758773452603886511269593e-02;1.392965214722004197930860236454e-03;0.000000000000000000000000000000e+00;0.000000000000000000000000000000e+00;1.000000000000000000000000000000e+00;9.609869107749890074329952860399e-06
8.240000000000000000000000000000e+02;2.422119354389449252806798540405e-01;1.376974304128733735119727299434e-02;2.657756197961506829802180718048e-03;1.784281926647051985668213092140e+00;5.571028548299685745348597265547e-01;7.087464139344299418610262364382e-01;8.728328924715109127241419173515e-02;1.539162472843558964255561427592e-03;0.000000000000000000000000000000e+00;0.000000000000000000000000000000e+00;1.000000000000000000000000000000e+00;1.059693587492410662856488073880e-05
8.250000000000000000000000000000e+02;2.424051379082191037817040069058e-01;1.373892594246248904932272694168e-02;2.658241470019043640321543264804e-03;1.909427900440996417330552503699e+00;5.560104049700376194209638924804e-01;7.087464139344299418610262364382e-01;8.726763510175206128849367814837e-02;1.437884791024364450340300436437e-03;0.000000000000000000000000000000e+00;0.000000000000000000000000000000e+00;1.000000000000000000000000000000e+00;9.877496328838448374012881636475e-06
8.260000000000000000000000000000e+02;2.425913108498758963271768607228e-01;1.371022666531958832114579394101e-02;2.658689792581425074408096875800e-03;1.906682363103394672876333970635e+00;5.754534195850056210730372185935e-01;7.087464139344299418610262364382e-01;8.725303491941464872905243055357e-02;1.388396790004675900725983339612e-03;0.000000000000000000000000000000e+00;0.000000000000000000000000000000e+00;1.000000000000000000000000000000e+00;9.517617346183115999234264359430e-06
8.270000000000000000000000000000e+02;2.427672826343070799914869439817e-01;1.368259664722278230730712067498e-02;2.659118129021892807523075319409e-03;1.808096577867928989036272469093e+00;6.394578618037831674314475094434e-01;7.087464139344299418610262364382e-01;8.723895879173412803986309427273e-02;1.314899195501321310652897977889e-03;0.000000000000000000000000000000e+00;0.000000000000000000000000000000e+00;1.000000000000000000000000000000e+00;8.995617661901157834807886415351e-06
8.280000000000000000000000000000e+02;2.429352622203079792306823492254e-01;1.365650313352822012302745235957e-02;1.667713768265596677511930501225e-03;1.952255679477901351148716457828e+00;6.180823675285280760505202124477e-01;5.983686496109739128002047436894e-01;7.656609054692606330938531300490e-02;1.257517246419303895421659689191e-03;0.000000000000000000000000000000e+00;0.000000000000000000000000000000e+00;0.000000000000000000000000000000e+00;8.586644108095502539966525912263e-06
8.290000000000000000000000000000e+02;2.431022021480303552110058262770e-01;1.363161510811408336230066140615e-02;1.667832574392910140181900402467e-03;1.949800684291537855585829674965e+00;6.204688194376513088457159028621e-01;5.983686496109739128002047436894e-01;7.655698974263466793921395492362e-02;1.251972027341557904683844171245e-03;0.000000000000000000000000000000e+00;0.000000000000000000000000000000e+00;1.000000000000000000000000000000e+00;8.533200401422698204174227543106e-06
8.300000000000000000000000000000e+02;2.432823798889212907337054048185e-01;1.360690079695252643898761846231e-02;1.667948383087864425503021870156e-03;1.950714651113009123761798946362e+00;5.725380669436950231698801871971e-01;5.983686496109739128002047436894e-01;7.654794085859248364833717914735e-02;1.353688052496356247073050482754e-03;0.000000000000000000000000000000e+00;0.000000000000000000000000000000e+00;1.000000000000000000000000000000e+00;9.209749520168890909565390101577e-06
8.310000000000000000000000000000e+02;2.434635737479908801361716541578e-01;1.358024867282642614285670390473e-02;1.668070849620051842795986907220e-03;1.741830447814140203632859993377e+00;6.351278934307736934172794462938e-01;5.983686496109739128002047436894e-01;7.653816949670411151629423329723e-02;1.363949053517054437259514720893e-03;0.000000000000000000000000000000e+00;0.000000000000000000000000000000e+00;1.000000000000000000000000000000e+00;9.261383661913919629208105654961e-06
8.320000000000000000000000000000e+02;2.436537490379838133414125422860e-01;1.355346916723590422471090732870e-02;1.668191368187572952777597556917e-03;1.739454679823456917375779084978e+00;6.035835487957079692478146171197e-01;5.983686496109739128002047436894e-01;7.652833786711329966401251567731e-02;1.434357638362881905841339502672e-03;0.000000000000000000000000000000e+00;0.000000000000000000000000000000e+00;1.000000000000000000000000000000e+00;9.720261013170314453799014664526e-06
8.330000000000000000000000000000e+02;2.438292897123172653373046614433e-01;1.352538691075479138081760765999e-02;1.668315020596563376040211146289e-03;1.947311200195571245785686187446e+00;5.817215688083751112813502004428e-01;5.983686496109739128002047436894e-01;7.651801333421848205773585505085e-02;1.326650911144582707310024538572e-03;0.000000000000000000000000000000e+00;0.000000000000000000000000000000e+00;1.000000000000000000000000000000e+00;8.971733434367929041269515422208e-06
8.340000000000000000000000000000e+02;2.440368190463457209737896391744e-01;1.349948802881708632972479477985e-02;1.668426581354525047029557782707e-03;1.734655340575148363413404695166e+00;5.502529849557318275543593699695e-01;5.983686496109739128002047436894e-01;7.650847824584768031019876843857e-02;1.571444994543785616744613342632e-03;0.000000000000000000000000000000e+00;0.000000000000000000000000000000e+00;1.000000000000000000000000000000e+00;1.060685144589418217196587906903e-05
8.350000000000000000000000000000e+02;2.442244797468112460503419924862e-01;1.346889721098473019500474379129e-02;1.668555288551394101548286386105e-03;1.761842260004404137063716007106e+00;5.964495661368639511934475194721e-01;5.983686496109739128002047436894e-01;7.649719931493516311693525722148e-02;1.424127193315547022095524098972e-03;0.000000000000000000000000000000e+00;0.000000000000000000000000000000e+00;1.000000000000000000000000000000e+00;9.590711391067642204821645790513e-06
8.360000000000000000000000000000e+02;2.443888227007990632255740592882e-01;1.344126079860553935052536189687e-02;1.668668710390961438042034536977e-03;1.942897690025960688586792457500e+00;6.151188544859252926855219811841e-01;5.983686496109739128002047436894e-01;7.648699436689546105050396818115e-02;1.249650384714790342724488603210e-03;0.000000000000000000000000000000e+00;0.000000000000000000000000000000e+00;1.000000000000000000000000000000e+00;8.398438364014622928245198951736e-06
8.370000000000000000000000000000e+02;2.445930622353338912411402361613e-01;1.341707831416357951659357183871e-02;1.668765732611876117380544926050e-03;1.727301713306735209130238217767e+00;5.547180521042917034080232951965e-01;5.983686496109739128002047436894e-01;7.647805286911031619201395415075e-02;1.555875858503045095632133509866e-03;0.000000000000000000000000000000e+00;0.000000000000000000000000000000e+00;1.000000000000000000000000000000e+00;1.043765412032592349998900982389e-05
8.380000000000000000000000000000e+02;2.448129536138794748456604111198e-01;1.338705110418082072643031210646e-02;3.477566248076466998151445864096e-03;1.855880769889952652818010392366e+00;6.171066861295120276054149144329e-01;7.546235228269515538102041318780e-01;9.204250455283916054760595670814e-02;0.000000000000000000000000000000e+00;6.181183360502101944988773141176e-03;0.000000000000000000000000000000e+00;0.000000000000000000000000000000e+00;1.074773731382699274523786353575e-05
8.390000000000000000000000000000e+02;2.450326059879735507429643348587e-01;1.338987735857681375672978418834e-02;3.453583429867206587571271114712e-03;1.724614246270650408376923223841e+00;5.790012084136035852566237736028e-01;7.499590564642100165571036995971e-01;9.144174657754366997153283591615e-02;0.000000000000000000000000000000e+00;6.217314927302565290279101617443e-03;0.000000000000000000000000000000e+00;1.000000000000000000000000000000e+00;1.073600790559908647740002679560e-05
8.400000000000000000000000000000e+02;2.452520191794836934562340502453e-01;1.339268491956656023655902743030e-02;3.429639614387080225055282056701e-03;1.855880769889952652818010392366e+00;5.643047841498813887994856486330e-01;7.452963248275894514449646521825e-01;9.084161706873067343437355702918e-02;0.000000000000000000000000000000e+00;6.253881269614872291662255321398e-03;0.000000000000000000000000000000e+00;1.000000000000000000000000000000e+00;1.072427947297226511315718089357e-05
8.410000000000000000000000000000e+02;2.454658911830057688163719831209e-01;1.339547383912022444907297114014e-02;3.405734807136050375231395292985e-03;1.724614246270650408376923223841e+00;5.288698362219481641233187474427e-01;7.406353301014373391453204931167e-01;9.024211569737936033952507841605e-02;1.631829589561664900845827652631e-03;0.000000000000000000000000000000e+00;0.000000000000000000000000000000e+00;1.000000000000000000000000000000e+00;1.092956528843778708217845951900e-05
8.420000000000000000000000000000e+02;2.456851989123025603589667298365e-01;1.336400136817683832746173067108e-02;3.406474989320663199210414973095e-03;1.880139223801342351904963834386e+00;5.283812815228728920757816922560e-01;7.406353301014373391453204931167e-01;9.022511086023088378027523503988e-02;0.000000000000000000000000000000e+00;6.293443480948479086534153026378e-03;0.000000000000000000000000000000e+00;1.000000000000000000000000000000e+00;1.071922890727708538023514595050e-05
8.430000000000000000000000000000e+02;2.459042662982522386982964235358e-01;1.336674627562942606340268270060e-02;3.382590685579113867764711187647e-03;1.721799969713006639437935518799e+00;5.528140339083491561211758380523e-01;7.359741835114503860637569232495e-01;8.962608197705020096623940162317e-02;0.000000000000000000000000000000e+00;6.330928923351369745631256336083e-03;0.000000000000000000000000000000e+00;1.000000000000000000000000000000e+00;1.070747060359587471737273511874e-05
8.440000000000000000000000000000e+02;2.461230931727231563410640546863e-01;1.336947269321137402031673957481e-02;3.358745514661808616307947517043e-03;1.938535916599392505688115306839e+00;5.395267231650030526068917424709e-01;7.313147832662176828222300173366e-01;8.902768179223821687351403397770e-02;0.000000000000000000000000000000e+00;6.368874089657476818271408802730e-03;0.000000000000000000000000000000e+00;1.000000000000000000000000000000e+00;1.069571364104142983475573963625e-05
8.450000000000000000000000000000e+02;2.463416793703943619142648913112e-01;1.337218067301827219284238168484e-02;3.334939480138774097611742419645e-03;1.786438183191908279923154623248e+00;5.538581422072198501282969118620e-01;7.266571314916900892200146699906e-01;8.842990996453145569056175645528e-02;0.000000000000000000000000000000e+00;6.407287554449065877792968137783e-03;0.000000000000000000000000000000e+00;1.000000000000000000000000000000e+00;1.068395811296700351341552176487e-05
8.460000000000000000000000000000e+02;2.465600247287444424237889961660e-01;1.337487026714501842095117467579e-02;3.311172585054574912105662676254e-03;1.853940175127988920777966086462e+00;5.804964098810171391207290980674e-01;7.220012302967316886181947666046e-01;8.783276614979483587486441820147e-02;0.000000000000000000000000000000e+00;6.446178106427906742692535146944e-03;0.000000000000000000000000000000e+00;1.000000000000000000000000000000e+00;1.067220411219155031565079816414e-05
8.470000000000000000000000000000e+02;2.467781290880401989795700501418e-01;1.337754152768464918632496107875e-02;3.287444831931576622735535764264e-03;1.721799969713006639437935518799e+00;5.849126744329503635455580479174e-01;7.173470817731788518045732416795e-01;8.723625000104007209955625512521e-02;0.000000000000000000000000000000e+00;6.485554755142424430969239068645e-03;0.000000000000000000000000000000e+00;1.000000000000000000000000000000e+00;1.066045173100111402499524243526e-05
8.480000000000000000000000000000e+02;2.469682493337461703930557632702e-01;1.338019450672728663520594238889e-02;1.675050147783580488380916762026e-03;1.773300299965488102671429260226e+00;5.773323329397634928739080351079e-01;5.963498215256328727207346673822e-01;7.576451678044324178351587306679e-02;1.452150903485189365957341856017e-03;0.000000000000000000000000000000e+00;0.000000000000000000000000000000e+00;0.000000000000000000000000000000e+00;9.715030770875801330744431227870e-06
8.490000000000000000000000000000e+02;2.471426598620427850239167355539e-01;1.335213787205135303748360087184e-02;1.675142596591337219857908991116e-03;1.937657071121311247452467796393e+00;5.735679808447453620345868330332e-01;5.963498215256328727207346673822e-01;7.575399642678715128596422800911e-02;1.334893081188324483188356595065e-03;0.000000000000000000000000000000e+00;0.000000000000000000000000000000e+00;1.000000000000000000000000000000e+00;8.911838232236976676072827407982e-06
8.500000000000000000000000000000e+02;2.473287309941064604501548274129e-01;1.332642165618054368170231072099e-02;1.675224925480232277680281427479e-03;1.771031257676509707010836791596e+00;5.859430221550705475408449274255e-01;5.963498215256328727207346673822e-01;7.574434038657744394651416541819e-02;1.426886496649571768602360322120e-03;0.000000000000000000000000000000e+00;0.000000000000000000000000000000e+00;1.000000000000000000000000000000e+00;9.507645554931219662514116364171e-06
8.510000000000000000000000000000e+02;2.475137073851335633989378948172e-01;1.329900936309554720926584536755e-02;1.675310146834902260207234014899e-03;1.719632064184823061481210970669e+00;6.045472247240535335066624611500e-01;5.963498215256328727207346673822e-01;7.573403350716356730032430277788e-02;1.421382670366256760138834458473e-03;0.000000000000000000000000000000e+00;0.000000000000000000000000000000e+00;1.000000000000000000000000000000e+00;9.451490720871299867976260411506e-06
8.520000000000000000000000000000e+02;2.476908147251245806419461814585e-01;1.327178206186668471544543024265e-02;1.675392199780543394174725513324e-03;1.872901757073131889796968607698e+00;5.773841197921426582340131972160e-01;5.963498215256328727207346673822e-01;7.572378188133895016154184531842e-02;1.363662506700861034095173529579e-03;0.000000000000000000000000000000e+00;0.000000000000000000000000000000e+00;1.000000000000000000000000000000e+00;9.049115797436324375169203193536e-06
8.530000000000000000000000000000e+02;2.478624253395927123921893553415e-01;1.324573512757977813980581061060e-02;1.675468275441352071150613589623e-03;1.938735867275004132181948079960e+00;5.734021474062741541288801272458e-01;5.963498215256328727207346673822e-01;7.571396133470240097373959997640e-02;1.323901264035335636690127181225e-03;0.000000000000000000000000000000e+00;0.000000000000000000000000000000e+00;1.000000000000000000000000000000e+00;8.768022739240057775601117073805e-06
8.540000000000000000000000000000e+02;2.480664384396766841689441207564e-01;1.322051715264995798426728157438e-02;1.675539674139498542634885147606e-03;1.722751718671247544989455491304e+00;5.407177465520924819486481283093e-01;5.963498215256328727207346673822e-01;7.570444088168412632988690802449e-02;1.576930739851026188474980571641e-03;0.000000000000000000000000000000e+00;0.000000000000000000000000000000e+00;1.000000000000000000000000000000e+00;1.042391994737073773551715161201e-05
8.550000000000000000000000000000e+02;2.482601482804672743398555212480e-01;1.319056393041537732224721679586e-02;1.675621594556883078505626905041e-03;1.798335211813429923566332035989e+00;5.430938870591092149098244590277e-01;5.963498215256328727207346673822e-01;7.569311681679406766942719286817e-02;1.500635759396316609368127181767e-03;0.000000000000000000000000000000e+00;0.000000000000000000000000000000e+00;1.000000000000000000000000000000e+00;9.897115960292273748977014136141e-06
8.560000000000000000000000000000e+02;2.484210990636319671409637521720e-01;1.316214975828020224135617155525e-02;1.675696408943063396568273759613e-03;1.929862318321879266491691851115e+00;6.065072998679861271398294775281e-01;5.963498215256328727207346673822e-01;7.568235859995470216077251279785e-02;1.249458856290230944832697623781e-03;0.000000000000000000000000000000e+00;0.000000000000000000000000000000e+00;1.000000000000000000000000000000e+00;8.222782291650759843928963910287e-06
8.570000000000000000000000000000e+02;2.486021045936142592758244518336e-01;1.313856027204553071630055427477e-02;1.675756376142194681994057603447e-03;1.927451034756831216299133302527e+00;5.380394721666630353240634576650e-01;5.963498215256328727207346673822e-01;7.567341526519269501172004765976e-02;1.407692433725486616871713785315e-03;0.000000000000000000000000000000e+00;0.000000000000000000000000000000e+00;1.000000000000000000000000000000e+00;9.247525942502380594690408743830e-06
8.580000000000000000000000000000e+02;2.488266314889389096975946813473e-01;1.311205252809995169815948656833e-02;3.441015381131461853270181450171e-03;1.697748078507625546507142644259e+00;5.557323613613702750768652549596e-01;7.395272814793369953179080766859e-01;8.981533679125663915954191907076e-02;0.000000000000000000000000000000e+00;6.395829713699533076998182679063e-03;0.000000000000000000000000000000e+00;0.000000000000000000000000000000e+00;1.100407420996886525253483785081e-05
8.590000000000000000000000000000e+02;2.490509089799100017614819080336e-01;1.311460462762465556396662691441e-02;3.416519946946893534350797594357e-03;1.924737776518827603311478924297e+00;5.593496724710385059609052404994e-01;7.347973909183600493832955180551e-01;8.920935445772662508723271912459e-02;0.000000000000000000000000000000e+00;6.434590885922772222904608696581e-03;0.000000000000000000000000000000e+00;1.000000000000000000000000000000e+00;1.099195405609891751852122410149e-05
8.600000000000000000000000000000e+02;2.492749368947994592637940058921e-01;1.311713828681177092250198512602e-02;3.392064907882910967246159472666e-03;1.917482039531909210339222227049e+00;6.076422873482968389780012330448e-01;7.300692703237569025631614749727e-01;8.860401422129010606809629280178e-02;0.000000000000000000000000000000e+00;6.473835625862772030769676234740e-03;0.000000000000000000000000000000e+00;1.000000000000000000000000000000e+00;1.097983532294565501793472128700e-05
8.610000000000000000000000000000e+02;2.494987150648679263831297703291e-01;1.311965355981742180346838466676e-02;3.367650267468186298103205444932e-03;1.917482039531909210339222227049e+00;5.462032975829034242565285239834e-01;7.253429218721874072173250169726e-01;8.799931572728177109343761230775e-02;0.000000000000000000000000000000e+00;6.513573107664018257967342151460e-03;0.000000000000000000000000000000e+00;1.000000000000000000000000000000e+00;1.096771810909915577391966073906e-05
8.620000000000000000000000000000e+02;2.497222433243505568256637161539e-01;1.312215050079019486306552977339e-02;3.343276028675573260939835051886e-03;1.917482039531909210339222227049e+00;5.301040149953788471748339361511e-01;7.206183477224463729271519696340e-01;8.739525861802924233678879772924e-02;0.000000000000000000000000000000e+00;6.553812738528684393723988677039e-03;0.000000000000000000000000000000e+00;1.000000000000000000000000000000e+00;1.095560251257578545378609108374e-05
8.630000000000000000000000000000e+02;2.499455215104480765297978450690e-01;1.312462916386980711636045526802e-02;3.318942193925705427814953907273e-03;1.917542507641930793482742956257e+00;5.646206836949877461151459101529e-01;7.158955500155255169403289983165e-01;8.679184253287247630126444164489e-02;0.000000000000000000000000000000e+00;6.594564166166538669855423648869e-03;0.000000000000000000000000000000e+00;0.000000000000000000000000000000e+00;1.094348863082030986918023046650e-05
8.640000000000000000000000000000e+02;2.501685494633152928578567752993e-01;1.312708960318627847418948562108e-02;3.294648765090396266841388239754e-03;1.917482039531909210339222227049e+00;5.746340050581720815259245682682e-01;7.111745308746749705264278418326e-01;8.618906710818394212303417134535e-02;0.000000000000000000000000000000e+00;6.635837286532015460993605415752e-03;0.000000000000000000000000000000e+00;1.000000000000000000000000000000e+00;1.093137656070675556155887692134e-05
8.650000000000000000000000000000e+02;2.503913270260487156093631710974e-01;1.312953187285862376165734843880e-02;3.270395743496038766517930440614e-03;1.917482039531909210339222227049e+00;5.638365135149761009358826413518e-01;7.064552924054648963547720086353e-01;8.558693197738766189619497026797e-02;0.000000000000000000000000000000e+00;6.677642251862000132012209263621e-03;0.000000000000000000000000000000e+00;1.000000000000000000000000000000e+00;1.091926639853939574854001237636e-05
8.660000000000000000000000000000e+02;2.506138540446770646141771976545e-01;1.313195602699392290635405089461e-02;3.246183129927192843877659100826e-03;1.917482039531909210339222227049e+00;5.402851021495257421989322210720e-01;7.017378366958466617830936229439e-01;8.498543677097911142048758392775e-02;0.000000000000000000000000000000e+00;6.719989479028303999696980497447e-03;0.000000000000000000000000000000e+00;1.000000000000000000000000000000e+00;1.090715824005495260956566383470e-05
8.670000000000000000000000000000e+02;2.508361303681490572792256443790e-01;1.313436211968611530553907584817e-02;3.222010924629850961431465350415e-03;1.917542507641930793482742956257e+00;6.155785562524374032733476269641e-01;6.970221658162143452130976584158e-01;8.438458111654460747086403671346e-02;0.000000000000000000000000000000e+00;6.762889658218303005898786040007e-03;0.000000000000000000000000000000e+00;1.000000000000000000000000000000e+00;1.089505218042280396194103342378e-05
8.680000000000000000000000000000e+02;2.510117224439600835950159307686e-01;1.313675020501512379078601355786e-02;2.290327931423582780851022633328e-03;1.917482039531909210339222227049e+00;5.573147522494555916594549671572e-01;6.781585940743647400452687179495e-01;8.392528522592768158716580728651e-02;1.365883279502317151909984715985e-03;0.000000000000000000000000000000e+00;0.000000000000000000000000000000e+00;0.000000000000000000000000000000e+00;8.971633726014396540250975253805e-06
8.690000000000000000000000000000e+02;2.511848655835807186953445580002e-01;1.311089586309633139848962457563e-02;2.290522002488328684455254347085e-03;1.923474692651956363675935790525e+00;5.612277053436086626803103172278e-01;6.781585940743647400452687179495e-01;8.391275410188152317214616005003e-02;1.349473248717816429784188692054e-03;0.000000000000000000000000000000e+00;0.000000000000000000000000000000e+00;1.000000000000000000000000000000e+00;8.846401616986793015984073818014e-06
8.700000000000000000000000000000e+02;2.513577870144663717333344266081e-01;1.308542292378025648225126076341e-02;2.290710664975544735844081856158e-03;1.912278926505016185544150175701e+00;5.630473135535795092820876561746e-01;6.781585940743647400452687179495e-01;8.390039200961921239674268235831e-02;1.350358630546861322604956789917e-03;0.000000000000000000000000000000e+00;0.000000000000000000000000000000e+00;1.000000000000000000000000000000e+00;8.835006889741204660990853136937e-06
8.710000000000000000000000000000e+02;2.515311283615297988092152081663e-01;1.306000318129592156768392641197e-02;2.290896413432369667362298315538e-03;1.909696664152597200825312029338e+00;5.602630363871623497828977633617e-01;6.781585940743647400452687179495e-01;8.388804005944291986018868101382e-02;1.356264558915672244904238041840e-03;0.000000000000000000000000000000e+00;0.000000000000000000000000000000e+00;1.000000000000000000000000000000e+00;8.856409727058794093467949948284e-06
8.720000000000000000000000000000e+02;2.517138441929022141252403343969e-01;1.303454229715476225814896338306e-02;2.291079937803164670584443740609e-03;1.907106610248727740497542981757e+00;5.301613346608129440085122041637e-01;6.781585940743647400452687179495e-01;8.387565240743810601742325161467e-02;1.432419596661781927698919858472e-03;0.000000000000000000000000000000e+00;0.000000000000000000000000000000e+00;1.000000000000000000000000000000e+00;9.335466909980684528354635820513e-06
8.730000000000000000000000000000e+02;2.518869376353251587907777775399e-01;1.300772671584232362262945059683e-02;2.291270493636540696996695132270e-03;1.904374833367284081120374139573e+00;5.581448249616602907963169855066e-01;6.781585940743647400452687179495e-01;8.386258863001855301533282727178e-02;1.359751537979071202288938735592e-03;0.000000000000000000000000000000e+00;0.000000000000000000000000000000e+00;1.000000000000000000000000000000e+00;8.843638203739030427172861104079e-06
8.740000000000000000000000000000e+02;2.520649753358447098250394446950e-01;1.298234433893130645998326144763e-02;2.291448280302490602550191667319e-03;1.901785356758724176984287623782e+00;5.412629208530431723644937846984e-01;6.781585940743647400452687179495e-01;8.385020697173078962904924082977e-02;1.401331352127523121112173676295e-03;0.000000000000000000000000000000e+00;0.000000000000000000000000000000e+00;1.000000000000000000000000000000e+00;9.096283073129851374171404854163e-06
8.750000000000000000000000000000e+02;2.522495552280105135523058379476e-01;1.295625820782948453557814616488e-02;2.291628375910063908360569939759e-03;1.899120325313281343326821115625e+00;5.207086281461860144403885897191e-01;6.781585940743647400452687179495e-01;8.383746569166145023999092700251e-02;1.455760158285250311510639065204e-03;0.000000000000000000000000000000e+00;0.000000000000000000000000000000e+00;1.000000000000000000000000000000e+00;9.430602249707211497879548456336e-06
8.760000000000000000000000000000e+02;2.524288600617383693247575138230e-01;1.292923622522634818921005717129e-02;2.291812130314531577301995213247e-03;1.896355661607900477960697571689e+00;5.345789299844596609290192645858e-01;6.781585940743647400452687179495e-01;8.382424984530570388763237588137e-02;1.417094234016478973905983629322e-03;0.000000000000000000000000000000e+00;0.000000000000000000000000000000e+00;1.000000000000000000000000000000e+00;9.160973052502624389093963119812e-06
8.770000000000000000000000000000e+02;2.526039007377012812760597171291e-01;1.290300857633244237254732666997e-02;2.291987754700608968805308762740e-03;1.914742236466636882141756359488e+00;5.401506542318801340485379114398e-01;6.781585940743647400452687179495e-01;8.381140547515923688859373896776e-02;1.386191567936162234025987416430e-03;0.000000000000000000000000000000e+00;0.000000000000000000000000000000e+00;1.000000000000000000000000000000e+00;8.943020844760009188624191867056e-06
8.780000000000000000000000000000e+02;2.528414195858851298837066678971e-01;1.287742559598053018743435416127e-02;3.279998477009539621651601493113e-03;1.891043359839203352734671170765e+00;5.127627086111321563777210030821e-01;6.852949725949355475052016117843e-01;8.266374057668016139821531851339e-02;0.000000000000000000000000000000e+00;7.148188952282134855931161609988e-03;0.000000000000000000000000000000e+00;0.000000000000000000000000000000e+00;1.172302443843090785072138387823e-05
8.790000000000000000000000000000e+02;2.530786764867301030790258664638e-01;1.287986364052786693312757648755e-02;3.254203821098021389562893190828e-03;1.891043359839203352734671170765e+00;5.509750087404079454955763139878e-01;6.803963546427780340053459440242e-01;8.204337327737282192785528422974e-02;0.000000000000000000000000000000e+00;7.197045449325509096361042082890e-03;0.000000000000000000000000000000e+00;1.000000000000000000000000000000e+00;1.171032640090560144176343865263e-05
8.800000000000000000000000000000e+02;2.533156712210424821307697129669e-01;1.288228233263323876944816959167e-02;3.228451402885611394577569654984e-03;1.910905215061331485770779181621e+00;5.229536579231199855399836451397e-01;6.754995111548585118299570240197e-01;8.142366338856507623766844972124e-02;0.000000000000000000000000000000e+00;7.246587781282742141142350078553e-03;0.000000000000000000000000000000e+00;1.000000000000000000000000000000e+00;1.169762824430799980968999352005e-05
8.810000000000000000000000000000e+02;2.535524035730621905671000604343e-01;1.288468173069786705531303283578e-02;3.202741232353029446344727659834e-03;1.891043359839203352734671170765e+00;5.718797794629639774655061046360e-01;6.706044446510612822009989031358e-01;8.080461059228954967537106313102e-02;0.000000000000000000000000000000e+00;7.296830581306494069304680039068e-03;0.000000000000000000000000000000e+00;1.000000000000000000000000000000e+00;1.168493008412241404689237839198e-05
8.820000000000000000000000000000e+02;2.537888733304513033672833444143e-01;1.288706189311945513042978461726e-02;3.177073318838504953354195947668e-03;1.891043359839203352734671170765e+00;5.925365178578858582625343842665e-01;6.657111576313713419139617144538e-01;8.018621456710012251889452272735e-02;0.000000000000000000000000000000e+00;7.347788901170166329934740900853e-03;0.000000000000000000000000000000e+00;1.000000000000000000000000000000e+00;1.167223203518271864556534594959e-05
8.830000000000000000000000000000e+02;2.540250802842818900195709375112e-01;1.288942287829077451566384127091e-02;3.151447671041756812271295018490e-03;1.891043359839203352734671170765e+00;5.693230240931833607831435983826e-01;6.608196525759424400092711948673e-01;7.956847498809387075890953155977e-02;0.000000000000000000000000000000e+00;7.399478226347813020202792699820e-03;0.000000000000000000000000000000e+00;1.000000000000000000000000000000e+00;1.165953421167400660008600654649e-05
8.840000000000000000000000000000e+02;2.542610242290226363337524162489e-01;1.289176474459853734277903214434e-02;3.125864297027816304797021018658e-03;1.891043359839203352734671170765e+00;5.167682467930264644806470641925e-01;6.559299319451639131983711195062e-01;7.895139152693324280374298496099e-02;0.000000000000000000000000000000e+00;7.451914491750253818902471891761e-03;0.000000000000000000000000000000e+00;1.000000000000000000000000000000e+00;1.164683672713315183689080506424e-05
8.850000000000000000000000000000e+02;2.544967049625269650547920718964e-01;1.289408755042207102570195331737e-02;3.100323204231078110665320579642e-03;1.891043359839203352734671170765e+00;5.387192362812894819157349957095e-01;6.510419981797289645797377488634e-01;7.833496385186763943941912202718e-02;0.000000000000000000000000000000e+00;7.505114098151981563700196886657e-03;0.000000000000000000000000000000e+00;1.000000000000000000000000000000e+00;1.163413969445119615332088353066e-05
8.860000000000000000000000000000e+02;2.547321222860213230099191150657e-01;1.289639135413203456514974476477e-02;3.074824399459119735056322753053e-03;1.912216442699528951010279342881e+00;5.573951400562544566952283275896e-01;6.461558537007012770203573381878e-01;7.771919162775531297882025683066e-02;0.000000000000000000000000000000e+00;7.559093929343297865730555429309e-03;0.000000000000000000000000000000e+00;1.000000000000000000000000000000e+00;1.162144322587404209057293513752e-05
8.870000000000000000000000000000e+02;2.549672760040905261647026236460e-01;1.289867621408925801862466187231e-02;3.049367888896518767605225974648e-03;1.891043359839203352734671170765e+00;5.577089995173273306861005949031e-01;6.412715009095827367602282720327e-01;7.710407451608529416642312526164e-02;0.000000000000000000000000000000e+00;7.613871370045849351626543466409e-03;0.000000000000000000000000000000e+00;1.000000000000000000000000000000e+00;1.160874743300317799390205392163e-05
8.880000000000000000000000000000e+02;2.551489833290349618089010164113e-01;1.290094218864336339525067387513e-02;2.578722878838288472963524711190e-03;1.891043359839203352734671170765e+00;5.839694811165618837378588068532e-01;6.246154393583900343855930259451e-01;7.528792457063651633042411503993e-02;0.000000000000000000000000000000e+00;6.769890032538463872646694596824e-03;0.000000000000000000000000000000e+00;0.000000000000000000000000000000e+00;8.728835157063112977710375717244e-06
8.890000000000000000000000000000e+02;2.553204215916939912034422377474e-01;1.290224616822402067817243676018e-02;2.559215748598341402808564737370e-03;1.928432740240156650912695113220e+00;5.473945711845327188882492919220e-01;6.203868615213081749715229307185e-01;7.475296165420880489804744684079e-02;1.358056480192029649017859682658e-03;0.000000000000000000000000000000e+00;0.000000000000000000000000000000e+00;1.000000000000000000000000000000e+00;8.760989508894707466363227510442e-06
8.900000000000000000000000000000e+02;2.555032778497391410255090704595e-01;1.287703754956531082553894407283e-02;2.559492702384684285898952538219e-03;1.888475216150049762475759962399e+00;5.220133477579627090392477839487e-01;6.203868615213081749715229307185e-01;7.474109145812452004165038488281e-02;1.451378064570680529593582619441e-03;0.000000000000000000000000000000e+00;0.000000000000000000000000000000e+00;1.000000000000000000000000000000e+00;9.344724918046040947170079171702e-06
8.910000000000000000000000000000e+02;2.556848701773518084401359828917e-01;1.285017223555338927720725905601e-02;2.559785381588610287534324427838e-03;1.885734324645844450785148183058e+00;5.734655530014995949983358514146e-01;6.203868615213081749715229307185e-01;7.472842506292158570868622291528e-02;0.000000000000000000000000000000e+00;6.816636167536946171174871977883e-03;0.000000000000000000000000000000e+00;1.000000000000000000000000000000e+00;8.724562806634643082667052160772e-06
8.920000000000000000000000000000e+02;2.558689485478828351538993501890e-01;1.285143343031222573635830030980e-02;2.540296497990902468283591630893e-03;1.910883468485896852229188880301e+00;5.104074280942539898475729387428e-01;6.161579100031973066364798796712e-01;7.419391563353058827168240441097e-02;1.464056618017773930481850719332e-03;0.000000000000000000000000000000e+00;0.000000000000000000000000000000e+00;1.000000000000000000000000000000e+00;9.407613082331739773399130466469e-06
8.930000000000000000000000000000e+02;2.560421347924510260263275540638e-01;1.282439728578066255593181921313e-02;2.540584022711977509045855327940e-03;1.882973502828023448785188520560e+00;5.482414116209393117884474122548e-01;6.161579100031973066364798796712e-01;7.418123595049309904059242626317e-02;1.380315638338908655613490594760e-03;0.000000000000000000000000000000e+00;0.000000000000000000000000000000e+00;1.000000000000000000000000000000e+00;8.850858062917052029102034371721e-06
8.940000000000000000000000000000e+02;2.562197329038164439474201117264e-01;1.279898205084705267720046606428e-02;2.540851968039495138718120159638e-03;1.908212697468117502452855660522e+00;5.254533517291521960146383207757e-01;6.161579100031973066364798796712e-01;7.416930119324074976994154440035e-02;1.418312637491980126094870406916e-03;0.000000000000000000000000000000e+00;0.000000000000000000000000000000e+00;1.000000000000000000000000000000e+00;9.076478994874699664382154684628e-06
8.950000000000000000000000000000e+02;2.564012670989870290583212408819e-01;1.277294060868826297561184901497e-02;2.541124160581323052077173940688e-03;1.877707446273585434326491849788e+00;5.558119855792843511110845611256e-01;6.161579100031973066364798796712e-01;7.415705701654574932835117806462e-02;0.000000000000000000000000000000e+00;6.865882269424203668273243295062e-03;0.000000000000000000000000000000e+00;1.000000000000000000000000000000e+00;8.723529659270382773583393798411e-06
8.960000000000000000000000000000e+02;2.565825614229745310623798104643e-01;1.277414429912622148566292423766e-02;2.521644392075549946652390786994e-03;1.877707446273585434326491849788e+00;5.585901179154589835107458384300e-01;6.119274423337408563838835107163e-01;7.362293294730368198308667615493e-02;0.000000000000000000000000000000e+00;6.910123001814628095063053336844e-03;0.000000000000000000000000000000e+00;1.000000000000000000000000000000e+00;8.712436458039059776351301089825e-06
8.970000000000000000000000000000e+02;2.567553570041391508560479906009e-01;1.277533589933471658284247496340e-02;2.502202127826361286594414323758e-03;1.906004984581266992194059639587e+00;5.386438206759907032505907409359e-01;6.076989484390287188375623372849e-01;7.308941229227038094418134051011e-02;1.382624041569871075479936095576e-03;0.000000000000000000000000000000e+00;0.000000000000000000000000000000e+00;1.000000000000000000000000000000e+00;8.831743276775414977367364977034e-06
8.980000000000000000000000000000e+02;2.569329891664888787516929369303e-01;1.274999244384408120245311124563e-02;1.934371504773301116142381061991e-03;1.875111282815332680584674562851e+00;5.304890394998019731431782020081e-01;5.385383206115097465271901455708e-01;6.542220740685716906526181446679e-02;1.424176960056718239944206771952e-03;0.000000000000000000000000000000e+00;0.000000000000000000000000000000e+00;0.000000000000000000000000000000e+00;9.079122739709997874928311401010e-06
8.990000000000000000000000000000e+02;2.570947001032082845917159374949e-01;1.272396079934414066248127284098e-02;1.934509710156742711209543195139e-03;1.922724604740234655153585663356e+00;5.659792198836415266782751132268e-01;5.385383206115097465271901455708e-01;6.541151655027660494212682351645e-02;1.299158810334059529004169242228e-03;0.000000000000000000000000000000e+00;0.000000000000000000000000000000e+00;1.000000000000000000000000000000e+00;8.265222887406571355517308219429e-06
9.000000000000000000000000000000e+02;2.572695047794683054220854501182e-01;1.270028100183228161879078754737e-02;1.934633640902125263291710943747e-03;1.870008194576362026140259331441e+00;5.363241796075168821289480547421e-01;5.385383206115097465271901455708e-01;6.540177963727025756135446954431e-02;1.407018908705453012417119218469e-03;0.000000000000000000000000000000e+00;0.000000000000000000000000000000e+00;1.000000000000000000000000000000e+00;8.934767757725324712316308795046e-06
9.010000000000000000000000000000e+02;2.574382588876999999882855263422e-01;1.267470376132388831802444428831e-02;1.934765587225888757577640930663e-03;1.867377057687158892207435201271e+00;5.540967319245171385233561522909e-01;5.385383206115097465271901455708e-01;6.539124973469728763220132350398e-02;1.361061347275859976721501531927e-03;0.000000000000000000000000000000e+00;0.000000000000000000000000000000e+00;1.000000000000000000000000000000e+00;8.625524688854951460906250737537e-06
9.020000000000000000000000000000e+02;2.576193336509267073353157684323e-01;1.265003140768640108038134428625e-02;1.934890980269481346870419358197e-03;1.918603236168183734378089866368e+00;5.006350469560110205691216833657e-01;5.385383206115097465271901455708e-01;6.538107977956331140489965036977e-02;1.463331335353150637612618112371e-03;0.000000000000000000000000000000e+00;0.000000000000000000000000000000e+00;1.000000000000000000000000000000e+00;9.255593676034521130103517594367e-06
9.030000000000000000000000000000e+02;2.577793684663278739321867760736e-01;1.262357906727762206500198516324e-02;1.935023362437643390521202491072e-03;1.862106570814200834362850400794e+00;5.812152597204252035822946709231e-01;5.385383206115097465271901455708e-01;6.537016237214081371131868536395e-02;1.295980462575344743791916357623e-03;0.000000000000000000000000000000e+00;0.000000000000000000000000000000e+00;1.000000000000000000000000000000e+00;8.179955919483446072446725105820e-06
9.040000000000000000000000000000e+02;2.579550304549111938712258051964e-01;1.260021868567665417892875723282e-02;1.935138499695407323514251274332e-03;1.859693317079192276253252202878e+00;5.282142351900332988279274104571e-01;5.385383206115097465271901455708e-01;6.536050924407987849917844869196e-02;1.425227329884528595579928911263e-03;0.000000000000000000000000000000e+00;0.000000000000000000000000000000e+00;1.000000000000000000000000000000e+00;8.979088016674042428320011433041e-06
9.050000000000000000000000000000e+02;2.581310510344594355558456300059e-01;1.257459694928698967775204664576e-02;1.935262871644025063286309595867e-03;1.857042831338487687276028736960e+00;5.257373701770760021645401138812e-01;5.385383206115097465271901455708e-01;6.534990889056409291146820805807e-02;1.431069728724177880091472658819e-03;0.000000000000000000000000000000e+00;0.000000000000000000000000000000e+00;1.000000000000000000000000000000e+00;8.997562522516003411139628997972e-06
9.060000000000000000000000000000e+02;2.582841475801530006783934823034e-01;1.254894359220024534218307366018e-02;1.935385393339582012564581425806e-03;1.854385273557614510764324222691e+00;6.028728851737530369803153007524e-01;5.385383206115097465271901455708e-01;6.533928205501483843509191729026e-02;1.247208139624794449168421195395e-03;0.000000000000000000000000000000e+00;0.000000000000000000000000000000e+00;1.000000000000000000000000000000e+00;7.825572295942276787573087248884e-06
9.070000000000000000000000000000e+02;2.584511864465744990226880872797e-01;1.252664799110156899908385952358e-02;1.935490249016526579858843426507e-03;1.852072469150433331464000730193e+00;5.512567603720681663759251023293e-01;5.385383206115097465271901455708e-01;6.533003526142674988186342943663e-02;1.363265548233955851836762818152e-03;0.000000000000000000000000000000e+00;0.000000000000000000000000000000e+00;1.000000000000000000000000000000e+00;8.538573820561432263943207887635e-06
9.080000000000000000000000000000e+02;2.586235487333588545233453714900e-01;1.250233973261353527528516593748e-02;1.381933114909940840328572697615e-03;1.849547602560407844052292603010e+00;5.328724677234772943990037674666e-01;5.880003662389602370197394520801e-01;7.496804555918311352424865390276e-02;1.409483484244722232073265821839e-03;0.000000000000000000000000000000e+00;0.000000000000000000000000000000e+00;0.000000000000000000000000000000e+00;8.810920683767675657305402936448e-06
9.090000000000000000000000000000e+02;2.587903852180684083350570290349e-01;1.247727618429973414637679240968e-02;1.381824792276128630041931444339e-03;1.898811418931424466194357592030e+00;5.340867756438230085080931530683e-01;5.880003662389602370197394520801e-01;7.495877878854426135113442342117e-02;1.367047545303168428962314884245e-03;0.000000000000000000000000000000e+00;0.000000000000000000000000000000e+00;1.000000000000000000000000000000e+00;8.528514889908319878265678670726e-06
9.100000000000000000000000000000e+02;2.589651680725010840511401966069e-01;1.245303487159044042442701538675e-02;1.381718061246052812671147869139e-03;1.844415840016814023272218037164e+00;5.227861668152016250132874120027e-01;5.880003662389602370197394520801e-01;7.494980497942335673222657987935e-02;1.434992938880056334224888381357e-03;0.000000000000000000000000000000e+00;0.000000000000000000000000000000e+00;1.000000000000000000000000000000e+00;8.935008554179693285508291611396e-06
9.110000000000000000000000000000e+02;2.591429083446081804709137941245e-01;1.242765865049912793471875716023e-02;1.381604265682834708703352610826e-03;1.841769116310030929284380363242e+00;5.127178337636459914961051254068e-01;5.880003662389602370197394520801e-01;7.494039939933178073871999913536e-02;1.462288944829280741555255218600e-03;0.000000000000000000000000000000e+00;0.000000000000000000000000000000e+00;1.000000000000000000000000000000e+00;9.086413927368425621144618076208e-06
9.120000000000000000000000000000e+02;2.593173081098220644769014597841e-01;1.240187366667985270629603888892e-02;1.381486469902283879471194261157e-03;1.839075917692323036689572290925e+00;5.211272704417453383030078839511e-01;5.880003662389602370197394520801e-01;7.493083010581604030964086859967e-02;1.437809457311418079653031476539e-03;0.000000000000000000000000000000e+00;0.000000000000000000000000000000e+00;1.000000000000000000000000000000e+00;8.915765623166865239362759154584e-06
9.130000000000000000000000000000e+02;2.594820342931445922296518347139e-01;1.237659344708795863820860461146e-02;1.381368858493922007271703655817e-03;1.911825313783821256308215197350e+00;5.285728887384801844007142790360e-01;5.880003662389602370197394520801e-01;7.492143618527942472429259623823e-02;1.360835168547714539924453625019e-03;0.000000000000000000000000000000e+00;0.000000000000000000000000000000e+00;1.000000000000000000000000000000e+00;8.421251814807241100929897925642e-06
9.140000000000000000000000000000e+02;2.596372010784996908761002032406e-01;1.235273375114261107388102800542e-02;1.381255928205806123021393005956e-03;1.833932596134529191544970672112e+00;5.827152627506883009189664335281e-01;5.880003662389602370197394520801e-01;7.491255925456632991377148300671e-02;1.284342364640117311810896261193e-03;0.000000000000000000000000000000e+00;0.000000000000000000000000000000e+00;1.000000000000000000000000000000e+00;7.932569637856146121555542261028e-06
9.150000000000000000000000000000e+02;2.597992180010397778033848226187e-01;1.233027488785584657726701607316e-02;1.381147917341047411804444422501e-03;1.831577198807419204484858710202e+00;5.567480800061919143928435005364e-01;5.880003662389602370197394520801e-01;7.490419385323004997090379220026e-02;1.343526673084263290194884099549e-03;0.000000000000000000000000000000e+00;0.000000000000000000000000000000e+00;1.000000000000000000000000000000e+00;8.283026599147702819718290523365e-06
9.160000000000000000000000000000e+02;2.599677694283168971622899334761e-01;1.230684127165082748789348698892e-02;1.381033449324725473697506039628e-03;1.829116425987008520692711499578e+00;5.338316748644389431177614824264e-01;5.880003662389602370197394520801e-01;7.489545540034928117201218356058e-02;1.400420311081013906642778188427e-03;0.000000000000000000000000000000e+00;0.000000000000000000000000000000e+00;1.000000000000000000000000000000e+00;8.617375241034956351998674861647e-06
9.170000000000000000000000000000e+02;2.601296507332422347502642878680e-01;1.228248062758987256548603994588e-02;1.380912536814471328408537864618e-03;1.826554894192724542989481051336e+00;5.544002534906202761533222655999e-01;5.880003662389602370197394520801e-01;7.488636044598637186986422875634e-02;1.347682004897617904712325831440e-03;0.000000000000000000000000000000e+00;0.000000000000000000000000000000e+00;1.000000000000000000000000000000e+00;8.276439058653237829370902245429e-06
9.180000000000000000000000000000e+02;2.603052832032250463178968402644e-01;1.225910134822393721121258636231e-02;1.612809366062808525202343368221e-03;1.824093279030863046230592772190e+00;5.097135022182446295602176178363e-01;4.193532005800839623788078824873e-01;5.054095482741342154620056703607e-02;1.465017946105678274884565048808e-03;0.000000000000000000000000000000e+00;0.000000000000000000000000000000e+00;0.000000000000000000000000000000e+00;8.979901739138189875263917905102e-06
9.190000000000000000000000000000e+02;2.604575238511290247167551115126e-01;1.223375525544902892027820939802e-02;1.612919967549958756916628210831e-03;1.907168552749601619922259487794e+00;5.601036609924099352042503596749e-01;4.193532005800839623788078824873e-01;5.053254104385604406068921434780e-02;1.272505857307541093925706832124e-03;0.000000000000000000000000000000e+00;0.000000000000000000000000000000e+00;1.000000000000000000000000000000e+00;7.783762609712903705536102272333e-06
9.200000000000000000000000000000e+02;2.606122019010145840489656166028e-01;1.221180100837121126899909029362e-02;1.613014528495936104196539773170e-03;1.904741669595354736088665958960e+00;5.499866451858024252175027868361e-01;4.193532005800839623788078824873e-01;5.052524480651890415039417803200e-02;1.295236225851633142178154223245e-03;0.000000000000000000000000000000e+00;0.000000000000000000000000000000e+00;1.000000000000000000000000000000e+00;7.908583524466947161182285574998e-06
9.210000000000000000000000000000e+02;2.607768817626774371376541239442e-01;1.218951054068130243623890862636e-02;1.613109359769517503133129388004e-03;1.816747012476317424400917843741e+00;5.396072544975422102808693125553e-01;4.193532005800839623788078824873e-01;5.051782884945391072228915163578e-02;1.381565639230621957145306311077e-03;0.000000000000000000000000000000e+00;0.000000000000000000000000000000e+00;1.000000000000000000000000000000e+00;8.420304461022383338102137440018e-06
9.220000000000000000000000000000e+02;2.609426830182805523428157812305e-01;1.216579560121218775425866454043e-02;1.613208947777190153255455484782e-03;1.890107062383691749474223797733e+00;5.131398825369081206915211623709e-01;4.193532005800839623788078824873e-01;5.050993014061615909993108175513e-02;1.393720958194307954491897305616e-03;0.000000000000000000000000000000e+00;0.000000000000000000000000000000e+00;1.000000000000000000000000000000e+00;8.477862151258773007228737583763e-06
9.230000000000000000000000000000e+02;2.611198403801130996093604608177e-01;1.214193671498184530499475641818e-02;1.613307783681561941024895645569e-03;1.811708517018912667495555979258e+00;4.990428848253103399912333770772e-01;4.193532005800839623788078824873e-01;5.050197428866617238574221460112e-02;1.492173289126241461644006847109e-03;0.000000000000000000000000000000e+00;0.000000000000000000000000000000e+00;1.000000000000000000000000000000e+00;9.058936822178565291497839839785e-06
9.240000000000000000000000000000e+02;2.613007349367895137959294515895e-01;1.211646307954522376604256095334e-02;1.613411806175662176199292474621e-03;1.809005133962134692637846455909e+00;4.873952916127665124790269146615e-01;4.193532005800839623788078824873e-01;5.049346979869960561071451365933e-02;1.526905730493307179057582700921e-03;0.000000000000000000000000000000e+00;0.000000000000000000000000000000e+00;1.000000000000000000000000000000e+00;9.250348454734092943979248402364e-06
9.250000000000000000000000000000e+02;2.614593185023627031071669080120e-01;1.209047269590313514187052135185e-02;1.613516338924432091256333521301e-03;1.885801052334277860822453476430e+00;5.310465177120696766976948310912e-01;4.193532005800839623788078824873e-01;5.048478193229718330448108076780e-02;1.341443335233231471184667249474e-03;0.000000000000000000000000000000e+00;0.000000000000000000000000000000e+00;1.000000000000000000000000000000e+00;8.109342008869312810729647333918e-06
9.260000000000000000000000000000e+02;2.616198724060728730833602639905e-01;1.206770498817610892672291811323e-02;1.613606581780911708445813701474e-03;1.803819981084601620224816542759e+00;5.462895862168930527502652694238e-01;4.193532005800839623788078824873e-01;5.047716229878479454740158871573e-02;1.360711515517199800273662191330e-03;0.000000000000000000000000000000e+00;0.000000000000000000000000000000e+00;1.000000000000000000000000000000e+00;8.210332571637790049904649658519e-06
9.270000000000000000000000000000e+02;2.617811602589976693877815705491e-01;1.204467063489837903855761425120e-02;1.613696618599814568834061034863e-03;1.900189062097867420675356697757e+00;5.142415496862029478108979674289e-01;4.193532005800839623788078824873e-01;5.046944484977899242350574127158e-02;1.369583267292699647540987761829e-03;0.000000000000000000000000000000e+00;0.000000000000000000000000000000e+00;1.000000000000000000000000000000e+00;8.248089680804277800427008748851e-06
9.280000000000000000000000000000e+02;2.619458296070813485556527666631e-01;1.202154739018629868441134789236e-02;2.217548936409392042884425322313e-03;1.882683944544217835570520946931e+00;5.063982257751886706387267622631e-01;5.989995479217991025677747529699e-01;7.210475014272677007909351232229e-02;1.401032690885374923372985733749e-03;0.000000000000000000000000000000e+00;0.000000000000000000000000000000e+00;0.000000000000000000000000000000e+00;8.421290444339385575017384311103e-06
9.290000000000000000000000000000e+02;2.621057251648040153924057449331e-01;1.199795627639647921380827710891e-02;2.217648157042727361659695262119e-03;1.796378066972623255281860110699e+00;5.444195745678882536466858255153e-01;5.989995479217991025677747529699e-01;7.209341355625262237616368565796e-02;1.363117488627426125355479591406e-03;0.000000000000000000000000000000e+00;0.000000000000000000000000000000e+00;1.000000000000000000000000000000e+00;8.177312014071614305952932777455e-06
9.300000000000000000000000000000e+02;2.622730262132679790454403701006e-01;1.197506539528066411837148308450e-02;2.217742609466828544728667083064e-03;1.793929392613346163187770798686e+00;5.190240261083204353909081874008e-01;5.989995479217991025677747529699e-01;7.208240099893464813973764648836e-02;1.429034048396359869725902314030e-03;0.000000000000000000000000000000e+00;0.000000000000000000000000000000e+00;1.000000000000000000000000000000e+00;8.556388090814543023071049587802e-06
9.310000000000000000000000000000e+02;2.624316770329274128847885094729e-01;1.195113150768276413793422818799e-02;2.217839444577745372511046184627e-03;1.791365806430883056421521359880e+00;5.459102003635989408536488554091e-01;5.989995479217991025677747529699e-01;7.207087352445182282245639271423e-02;1.357878858178430958592031174703e-03;0.000000000000000000000000000000e+00;0.000000000000000000000000000000e+00;1.000000000000000000000000000000e+00;8.114094402796271718737546041478e-06
9.320000000000000000000000000000e+02;2.625853409398967164278815289435e-01;1.192845129617600870297611237447e-02;2.217929394576841246877751956390e-03;1.882370823888810162927143210254e+00;5.343336084801871832539177376020e-01;5.989995479217991025677747529699e-01;7.205993746529547328005804729401e-02;1.317722247026138380696091978450e-03;0.000000000000000000000000000000e+00;0.000000000000000000000000000000e+00;1.000000000000000000000000000000e+00;7.859192822769453702505884629126e-06
9.330000000000000000000000000000e+02;2.627493584845572716091055553989e-01;1.190649898154188222887395198768e-02;2.218014777091536007813665776212e-03;1.786576031403070530245713598561e+00;5.254817849254985739904100228159e-01;5.989995479217991025677747529699e-01;7.204934088415357318346821102750e-02;1.409166791636811333007783808569e-03;0.000000000000000000000000000000e+00;0.000000000000000000000000000000e+00;1.000000000000000000000000000000e+00;8.389121484723167373543165070693e-06
9.340000000000000000000000000000e+02;2.629057987841794674643836060568e-01;1.188308378296820677633149898611e-02;2.218104026636263329669285226942e-03;1.784058447788883006168703104777e+00;5.495342347884026867887996559148e-01;5.989995479217991025677747529699e-01;7.203802567507733289886573402327e-02;1.346737081447410425485977647497e-03;0.000000000000000000000000000000e+00;0.000000000000000000000000000000e+00;1.000000000000000000000000000000e+00;8.001694786234830053940451921601e-06
9.350000000000000000000000000000e+02;2.630717261736860157483874900208e-01;1.186076589189706889659881028365e-02;2.218187341702094941137124450847e-03;1.781655790121776217205251668929e+00;5.168418416310884833109184910427e-01;5.989995479217991025677747529699e-01;7.202722873096786826430104611063e-02;1.431161865414605667556902091064e-03;0.000000000000000000000000000000e+00;0.000000000000000000000000000000e+00;1.000000000000000000000000000000e+00;8.487337919546667492471346549987e-06
9.360000000000000000000000000000e+02;2.632457638974653457708541282045e-01;1.183711114539201005035895519768e-02;2.218273780089468488752046937407e-03;1.779105952297658665983703940583e+00;4.914737554645827732890950301226e-01;5.989995479217991025677747529699e-01;7.201577224825354839321533972907e-02;1.504184370458507826948113539345e-03;0.000000000000000000000000000000e+00;0.000000000000000000000000000000e+00;1.000000000000000000000000000000e+00;8.902598788139433853968882082164e-06
9.370000000000000000000000000000e+02;2.634193973337031757786519392539e-01;1.181231847675064811076239834620e-02;2.218362313411660104167655305218e-03;1.776429848930823007790991141519e+00;4.912795534409585829216382535378e-01;5.989995479217991025677747529699e-01;7.200375050338288229756500413714e-02;1.503889359875838120997326718964e-03;0.000000000000000000000000000000e+00;0.000000000000000000000000000000e+00;1.000000000000000000000000000000e+00;8.882210036325033478176241286128e-06
9.380000000000000000000000000000e+02;2.635682499610876861062536136160e-01;1.178760201800594861754056807968e-02;2.166947173809100589403353609441e-03;1.894273384481985234017997754563e+00;5.351753638799900958389343941235e-01;5.684239923212401901508883383940e-01;6.818532250212645806630717970620e-02;1.291945473704473072371068376185e-03;0.000000000000000000000000000000e+00;0.000000000000000000000000000000e+00;0.000000000000000000000000000000e+00;7.614469536496249638753055360985e-06
9.390000000000000000000000000000e+02;2.637202539689895153252052750759e-01;1.176642783690419469255772355609e-02;2.167030661525689606838884770923e-03;1.771466695981801509063302546565e+00;5.583804967323215961982896260452e-01;5.684239923212401901508883383940e-01;6.817558933745707094864485497965e-02;1.321718270977053667769585132419e-03;0.000000000000000000000000000000e+00;0.000000000000000000000000000000e+00;1.000000000000000000000000000000e+00;7.775951328084643377662812935291e-06
9.400000000000000000000000000000e+02;2.638825625056674395452205317270e-01;1.174481940854294782783373563007e-02;2.167114348315599386268770487618e-03;1.876235713607333321917280954949e+00;4.918940089775538648808606012608e-01;5.684239923212401901508883383940e-01;6.816564627008744881031532258930e-02;1.413985325803879299425003246427e-03;0.000000000000000000000000000000e+00;0.000000000000000000000000000000e+00;1.000000000000000000000000000000e+00;8.303501148948164156671225555328e-06
9.410000000000000000000000000000e+02;2.640366823579771704544327803887e-01;1.172176173921323297233421101282e-02;2.167201961592866207156893310071e-03;1.817993699170122212649403081741e+00;5.325180758468360808777219972399e-01;5.684239923212401901508883383940e-01;6.815502486470104148708060165518e-02;1.345313970781852582273008245295e-03;0.000000000000000000000000000000e+00;0.000000000000000000000000000000e+00;1.000000000000000000000000000000e+00;7.884724914969875206815184964793e-06
9.420000000000000000000000000000e+02;2.642056696526769998811801087868e-01;1.169988225655947677861234978991e-02;2.167283487731288399436024860734e-03;1.764247135169141111887824990845e+00;4.985669557085929959328041150002e-01;5.684239923212401901508883383940e-01;6.814493522485123855325639397051e-02;1.477937504851607047884343160149e-03;0.000000000000000000000000000000e+00;0.000000000000000000000000000000e+00;1.000000000000000000000000000000e+00;8.645847394658552083736638427247e-06
9.430000000000000000000000000000e+02;2.643698811353989430728006482241e-01;1.167590876836013986939111219954e-02;2.167371015413399690935358776755e-03;1.768046574130587966777738984092e+00;5.098546267294672418302070582286e-01;5.684239923212401901508883383940e-01;6.813386767937985866172567739341e-02;1.439156811968566847606543213089e-03;0.000000000000000000000000000000e+00;0.000000000000000000000000000000e+00;1.000000000000000000000000000000e+00;8.401731819954507744199929952789e-06
9.440000000000000000000000000000e+02;2.645247521869313889197883327142e-01;1.165262943480638996307519050788e-02;2.167454205836688487657459845082e-03;1.761967579235395486847437496181e+00;5.402986916060716904297578366823e-01;5.684239923212401901508883383940e-01;6.812310831563118951326174510541e-02;1.360033473270030228777227598869e-03;0.000000000000000000000000000000e+00;0.000000000000000000000000000000e+00;1.000000000000000000000000000000e+00;7.923983041474161063337337818080e-06
9.450000000000000000000000000000e+02;2.646864721006169096639837334806e-01;1.163068922510778618883975354947e-02;2.167530984185221144822097727456e-03;1.870992746255679461953036479827e+00;4.854108960818118712055024843721e-01;5.684239923212401901508883383940e-01;6.811295679160500604609751462704e-02;1.422922731745977472164743637961e-03;0.000000000000000000000000000000e+00;0.000000000000000000000000000000e+00;1.000000000000000000000000000000e+00;8.274786042139439343093103296223e-06
9.460000000000000000000000000000e+02;2.648445341439760181145857131924e-01;1.160779424021731072447227717248e-02;2.167609420170999150884183492849e-03;1.868330468146100598048064966861e+00;5.370084376056756259032454181579e-01;5.684239923212401901508883383940e-01;6.810235202679218446952802423766e-02;0.000000000000000000000000000000e+00;6.912919491090955236012316476035e-03;0.000000000000000000000000000000e+00;1.000000000000000000000000000000e+00;7.492254704886233045244697814624e-06
9.470000000000000000000000000000e+02;2.650011956206849705885986168141e-01;1.160808400117118235894686506526e-02;2.150753132319179090903293882775e-03;1.754212306121547992887599320966e+00;5.323151668501175937109337610309e-01;5.644945230255189461132658834686e-01;6.760877027156461660517550171789e-02;1.381233296426244818236317435378e-03;0.000000000000000000000000000000e+00;0.000000000000000000000000000000e+00;1.000000000000000000000000000000e+00;8.016736065065212753547561896905e-06
9.480000000000000000000000000000e+02;2.651619544030715536209186211636e-01;1.158591024349032994056329926025e-02;2.037629426094659992191315822652e-03;1.867591512290004418517241902009e+00;4.853747862900279486098042980302e-01;5.647105999648082130804027656268e-01;6.780362401369215141766488841313e-02;1.420131453432224100455472104443e-03;0.000000000000000000000000000000e+00;0.000000000000000000000000000000e+00;0.000000000000000000000000000000e+00;8.226757776711605813749379756405e-06
9.490000000000000000000000000000e+02;2.653153636521518032864719316422e-01;1.156317193998310580149713189257e-02;2.037663563260373993796248370813e-03;1.888128997653729879147022074903e+00;5.011110529562134985326338210143e-01;5.647105999648082130804027656268e-01;6.779331985494639611911082965889e-02;1.357903256621887950333915640044e-03;0.000000000000000000000000000000e+00;0.000000000000000000000000000000e+00;1.000000000000000000000000000000e+00;7.850834417090948560069216255464e-06
9.500000000000000000000000000000e+02;2.654691639897880928167239744653e-01;1.154148767690547569553238815843e-02;2.037694542620654188785911387072e-03;1.746926176265306773771612824930e+00;5.381943846052784641287303202262e-01;5.647105999648082130804027656268e-01;6.778348276615403511513591183757e-02;1.363972355272042441542978963298e-03;0.000000000000000000000000000000e+00;0.000000000000000000000000000000e+00;1.000000000000000000000000000000e+00;7.871135065006010066027478111472e-06
9.510000000000000000000000000000e+02;2.656346717098317378180638570484e-01;1.151976231129660938057313046556e-02;2.037724037835138973795423567026e-03;1.744543417254179606956654424721e+00;4.988954072910767312265534201288e-01;5.647105999648082130804027656268e-01;6.777361666382270000141829768836e-02;1.470651331677639249428946044418e-03;0.000000000000000000000000000000e+00;0.000000000000000000000000000000e+00;1.000000000000000000000000000000e+00;8.470776891859121369163579395867e-06
9.520000000000000000000000000000e+02;2.657937006234556975847738158336e-01;1.149639901647716427879331035911e-02;2.037754032838676350458673169896e-03;1.741977802154425436498286217102e+00;5.178636152855498053781957423780e-01;5.647105999648082130804027656268e-01;6.776299514371543486479509965648e-02;1.415993644234909282220158388554e-03;0.000000000000000000000000000000e+00;0.000000000000000000000000000000e+00;1.000000000000000000000000000000e+00;8.139413969460064789433403897867e-06
9.530000000000000000000000000000e+02;2.659641283664614941351089782984e-01;1.147396569111609754276770445358e-02;2.037781152045993644794652510654e-03;1.739511172658176230143567408959e+00;4.819970758844800418074783010525e-01;5.647105999648082130804027656268e-01;6.775278510142782040226450135378e-02;1.520545469162960100506509775187e-03;0.000000000000000000000000000000e+00;0.000000000000000000000000000000e+00;1.000000000000000000000000000000e+00;8.723343272478917758772434809522e-06
9.540000000000000000000000000000e+02;2.661333137642784008036755949433e-01;1.144994112196555217930704628770e-02;2.037808367098182908694337100997e-03;1.741148963384175241131401890016e+00;4.830314385551277567287797864992e-01;5.647105999648082130804027656268e-01;6.774183854466898913049277553000e-02;1.512688193509319775978405608896e-03;0.000000000000000000000000000000e+00;0.000000000000000000000000000000e+00;1.000000000000000000000000000000e+00;8.660095375787075033346788799360e-06
9.550000000000000000000000000000e+02;2.662907044397363476306850316178e-01;1.142610875442242289456995507635e-02;2.037833496031757948147022929675e-03;1.880560303621269468976606731303e+00;4.787284079844995043906408227485e-01;5.647105999648082130804027656268e-01;6.773096699077672810940242698052e-02;1.410195680298647431458181067399e-03;0.000000000000000000000000000000e+00;0.000000000000000000000000000000e+00;1.000000000000000000000000000000e+00;8.056524604054531729386418037464e-06
9.560000000000000000000000000000e+02;2.664520362495567118443773324543e-01;1.140395308980934017950570336097e-02;2.037855187369133971864165744137e-03;1.731793213775263629017331368232e+00;5.051650861299192829534376869560e-01;5.647105999648082130804027656268e-01;6.772084905576060409604366441272e-02;1.448383444568851919492802338141e-03;0.000000000000000000000000000000e+00;0.000000000000000000000000000000e+00;1.000000000000000000000000000000e+00;8.258648428959826316621967157161e-06
9.570000000000000000000000000000e+02;2.666147929432225449630777802668e-01;1.138125784055324558885491370575e-02;2.037875738386920373285127183749e-03;1.729284913155014979935231167474e+00;4.994531319227993870768500528357e-01;5.647105999648082130804027656268e-01;6.771047347077265021741965256297e-02;1.464152992680993210089512857053e-03;0.000000000000000000000000000000e+00;0.000000000000000000000000000000e+00;1.000000000000000000000000000000e+00;8.331951363860026307816587787247e-06
9.580000000000000000000000000000e+02;2.667613866494996099909542408568e-01;1.135837770476428101873445086767e-02;1.778721763997200390819419801858e-03;1.738704222514021680012774595525e+00;5.492951510623280686473890455090e-01;4.813573679068480770659732570493e-01;5.774599907514740837477518198284e-02;1.321424403217469041929565953808e-03;0.000000000000000000000000000000e+00;0.000000000000000000000000000000e+00;0.000000000000000000000000000000e+00;7.504618740018372896822054785027e-06
9.590000000000000000000000000000e+02;2.669195107523492094259154328029e-01;1.133778308603903411944102685993e-02;1.778753853321679047339021195739e-03;1.741478486640650746863911990658e+00;5.065574435635201711036756933026e-01;4.813573679068480770659732570493e-01;5.773777197582864034730576463517e-02;1.428034892808928684598823721785e-03;0.000000000000000000000000000000e+00;0.000000000000000000000000000000e+00;1.000000000000000000000000000000e+00;8.095374926981320197688987705398e-06
9.600000000000000000000000000000e+02;2.670784753267323452519121929072e-01;1.131558273287286420227815142425e-02;1.778787130384891891979326494777e-03;1.722008596906066335563423308486e+00;5.075608409674041698877999806427e-01;4.813573679068480770659732570493e-01;5.772889428215521867571169423172e-02;1.438503726458226737727752464480e-03;0.000000000000000000000000000000e+00;0.000000000000000000000000000000e+00;1.000000000000000000000000000000e+00;8.138753964141990022203992927174e-06
9.610000000000000000000000000000e+02;2.672358509265344017613585947402e-01;1.129327914191026113743809844436e-02;1.778819188747433324357394290871e-03;1.719531481122423599572357488796e+00;5.113820282298746633387054316700e-01;4.813573679068480770659732570493e-01;5.771996575097151221944713483936e-02;1.426993388377127648311559759975e-03;0.000000000000000000000000000000e+00;0.000000000000000000000000000000e+00;1.000000000000000000000000000000e+00;8.057717334301631333429681569580e-06
9.620000000000000000000000000000e+02;2.673923565734205309851745369087e-01;1.127121303885302711078608695061e-02;1.778849550639249356420723557903e-03;1.759887107861229038618944287009e+00;5.004511812501687417764628662553e-01;4.813573679068480770659732570493e-01;5.771112286088692089336404933420e-02;1.421941143329744907872203008026e-03;0.000000000000000000000000000000e+00;0.000000000000000000000000000000e+00;1.000000000000000000000000000000e+00;8.013500777589901885090452327010e-06
9.630000000000000000000000000000e+02;2.675301846733898480934499275463e-01;1.124928323373164049114869555979e-02;1.778878389212877001585022540553e-03;1.857733105775909443480031768559e+00;5.362411213937989806765926914522e-01;4.813573679068480770659732570493e-01;5.770232529321673436983886062990e-02;1.254697136984819902036369931864e-03;0.000000000000000000000000000000e+00;0.000000000000000000000000000000e+00;1.000000000000000000000000000000e+00;7.057221733247213255502301720856e-06
9.640000000000000000000000000000e+02;2.677035076932871571209204830666e-01;1.122998235261375363225333501305e-02;1.778902668592774851188953455505e-03;1.712484788557044668166895462491e+00;4.609590681812514856297013920994e-01;4.813573679068480770659732570493e-01;5.769457469552846662352862949774e-02;1.580692813621816916053175461343e-03;0.000000000000000000000000000000e+00;0.000000000000000000000000000000e+00;1.000000000000000000000000000000e+00;8.875576200938190048347030403075e-06
9.650000000000000000000000000000e+02;2.678555408619869293573856339208e-01;1.120572655619619245603857393689e-02;1.778931717455839184999222268857e-03;1.872448698468414329809661467152e+00;4.785363088852402357886717254587e-01;4.813573679068480770659732570493e-01;5.768482417266200534822218060071e-02;1.389545230904202502072997127414e-03;0.000000000000000000000000000000e+00;0.000000000000000000000000000000e+00;1.000000000000000000000000000000e+00;7.785431947489497781487478855755e-06
9.660000000000000000000000000000e+02;2.680079313744992974832825893827e-01;1.118446449981223313197009616715e-02;1.778955839992738593297039173535e-03;1.707402062464614900250126083847e+00;5.215561317888979253609704755945e-01;4.813573679068480770659732570493e-01;5.767626775095203994769832434031e-02;1.395519240380417406999224994024e-03;0.000000000000000000000000000000e+00;0.000000000000000000000000000000e+00;1.000000000000000000000000000000e+00;7.804067701419857290123099913259e-06
9.670000000000000000000000000000e+02;2.681553377414250260990513652359e-01;1.116316586519231629504034231104e-02;1.778978747632819872037668318399e-03;1.870028477539516176264555724629e+00;4.904106998426187580264468124369e-01;4.813573679068480770659732570493e-01;5.766768785125220286857938845060e-02;1.352498247080203674225229448780e-03;0.000000000000000000000000000000e+00;0.000000000000000000000000000000e+00;1.000000000000000000000000000000e+00;7.549081132269085448230870605268e-06
9.680000000000000000000000000000e+02;2.683076891255077311981835919141e-01;1.114257656507249179267393657256e-02;1.474200484687721544874161594407e-03;1.867499267301654164441515604267e+00;4.733603951469679826935532673815e-01;4.267103198412538489492362714373e-01;5.135068084291966733490042429366e-02;1.400524655131616703906960452741e-03;0.000000000000000000000000000000e+00;0.000000000000000000000000000000e+00;0.000000000000000000000000000000e+00;7.802726600537892806021267322336e-06
9.690000000000000000000000000000e+02;2.684722306607797426281081243360e-01;1.112130968742886666378311133485e-02;1.474181815682686731358574938611e-03;1.700328622375846920888875501987e+00;4.795151458746716444103697085666e-01;4.267103198412538489492362714373e-01;5.134343126605685897478892343315e-02;1.515577782563407244556530351076e-03;0.000000000000000000000000000000e+00;0.000000000000000000000000000000e+00;1.000000000000000000000000000000e+00;8.427604937637193254808265496791e-06
9.700000000000000000000000000000e+02;2.686340133020365117388905673579e-01;1.109835612912908955896007512365e-02;1.474160401967021050487205435786e-03;1.697751642092717450083227959112e+00;4.863977057092448430530851055664e-01;4.267103198412538489492362714373e-01;5.133559839639739025285436468948e-02;1.493311708193468265518100146494e-03;0.000000000000000000000000000000e+00;0.000000000000000000000000000000e+00;1.000000000000000000000000000000e+00;8.286652574664602291000525813303e-06
9.710000000000000000000000000000e+02;2.687859882488166096692339124274e-01;1.107580254168165356798425591478e-02;1.474138082823086117259525629208e-03;1.707473723202821203059897925414e+00;5.127336024459662189300956924853e-01;4.267103198412538489492362714373e-01;5.132789359089144631820289532698e-02;1.405681360183163230645475572089e-03;0.000000000000000000000000000000e+00;0.000000000000000000000000000000e+00;1.000000000000000000000000000000e+00;7.784524590955604162823347480504e-06
9.720000000000000000000000000000e+02;2.689294820161352017606759545743e-01;1.105462982281744943602319608544e-02;1.474115976533770530979006174732e-03;1.697160692449927177349877638335e+00;5.442355944740628892475342581747e-01;4.267103198412538489492362714373e-01;5.132065291618929242511981669850e-02;1.329816716139548427727534729570e-03;0.000000000000000000000000000000e+00;0.000000000000000000000000000000e+00;1.000000000000000000000000000000e+00;7.350315764558711154302416551642e-06
9.730000000000000000000000000000e+02;2.690840458244771471463252510148e-01;1.103465075157067029620883147345e-02;1.474094091707206727673296065007e-03;1.715885295345574990122372582846e+00;4.979070800629837867390392602829e-01;4.267103198412538489492362714373e-01;5.131381368953944616118079125044e-02;1.435091289658154984493210193364e-03;0.000000000000000000000000000000e+00;0.000000000000000000000000000000e+00;1.000000000000000000000000000000e+00;7.917865588999440574938075421141e-06
9.740000000000000000000000000000e+02;2.692427886735199726864209424093e-01;1.101314345455771392945365505511e-02;1.474069420395517169414256741788e-03;1.688156137534482015283288092178e+00;4.908168347318320190453277973575e-01;4.267103198412538489492362714373e-01;5.130644398407892964319998441169e-02;1.476851146350768471601777598323e-03;0.000000000000000000000000000000e+00;0.000000000000000000000000000000e+00;1.000000000000000000000000000000e+00;8.132386767894513607420579892615e-06
9.750000000000000000000000000000e+02;2.694015801319988856477039007586e-01;1.099106874984716840371046231439e-02;1.474042898351388131139572124084e-03;1.685662982207545068646936670120e+00;4.894006938174318976919607848686e-01;4.267103198412538489492362714373e-01;5.129887193459423816443987220737e-02;1.480342080364930581679039356402e-03;0.000000000000000000000000000000e+00;0.000000000000000000000000000000e+00;1.000000000000000000000000000000e+00;8.135270789291364595106383073020e-06
9.760000000000000000000000000000e+02;2.695675437039735666822082293947e-01;1.096900154520349598974426896802e-02;1.474015170113599599785447757938e-03;1.701127639497957755310153515893e+00;4.621046028976095731977125069534e-01;4.267103198412538489492362714373e-01;5.129129443844671065733109571738e-02;1.550412970114852309611030989345e-03;0.000000000000000000000000000000e+00;0.000000000000000000000000000000e+00;1.000000000000000000000000000000e+00;8.503241132446680161801298714064e-06
9.770000000000000000000000000000e+02;2.697203559183629084650135609991e-01;1.094595283966903406791537634035e-02;1.473984910941578910931193391320e-03;1.680558019445981932094014155155e+00;5.058705219502214189830624491151e-01;4.267103198412538489492362714373e-01;5.128337134598155017117804277405e-02;1.430599864732859599972258912715e-03;0.000000000000000000000000000000e+00;0.000000000000000000000000000000e+00;1.000000000000000000000000000000e+00;7.829639325901390224898661329700e-06
9.780000000000000000000000000000e+02;2.698718863953932789456757745938e-01;1.092474427980925921755073204622e-02;1.969969466076763355000256439098e-03;1.730477992081968618975906792912e+00;4.934924863241358927723467786564e-01;5.252967645543509256356173864333e-01;6.241256308094413063347616343890e-02;1.421419095550106610065244083785e-03;0.000000000000000000000000000000e+00;0.000000000000000000000000000000e+00;0.000000000000000000000000000000e+00;7.764320066661341388121464479610e-06
9.790000000000000000000000000000e+02;2.700259876257465885274200445565e-01;1.090372655920620811875743072505e-02;1.969973979070921421552498031815e-03;1.850452607383120451345348556060e+00;4.922466526500592909343367864494e-01;5.252967645543509256356173864333e-01;6.240328300766939673138722355361e-02;0.000000000000000000000000000000e+00;7.419306397279543975609161776674e-03;0.000000000000000000000000000000e+00;1.000000000000000000000000000000e+00;7.307920272697563609544651325178e-06
9.800000000000000000000000000000e+02;2.701830030703338270114954866585e-01;1.090366473680426211145810810876e-02;1.953596944197901006529116685329e-03;1.857675646266111257887132524047e+00;4.418699757732881261418356189097e-01;5.213994269086226207576828528545e-01;6.191938443307466732878907578197e-02;1.475929452614426146475623546905e-03;0.000000000000000000000000000000e+00;0.000000000000000000000000000000e+00;1.000000000000000000000000000000e+00;8.046519963241371834524601203142e-06
9.810000000000000000000000000000e+02;2.703357195719173766690346383257e-01;1.088189054912320347101584161464e-02;1.953598974479756403277441734190e-03;1.728419683483746416285953273473e+00;4.863140307978437437697039058548e-01;5.213994269086226207576828528545e-01;6.190982988776316808809951908188e-02;1.438453544763368657094515512540e-03;0.000000000000000000000000000000e+00;0.000000000000000000000000000000e+00;1.000000000000000000000000000000e+00;7.826547017056638690340845954108e-06
9.820000000000000000000000000000e+02;2.705028022032401335827955790592e-01;1.086072575862694761239524154917e-02;1.953599559299132922690622748974e-03;1.683496467144617314559695842036e+00;4.545530423593655000580326941417e-01;5.213994269086226207576828528545e-01;6.190053321738119701533875627320e-02;1.576955942031455773152948118820e-03;0.000000000000000000000000000000e+00;0.000000000000000000000000000000e+00;1.000000000000000000000000000000e+00;8.563443009920427174009455173476e-06
9.830000000000000000000000000000e+02;2.706458903691014716841323206609e-01;1.083758490386054103293833605903e-02;1.953598631658320233794867704091e-03;1.858874753151156244967978636851e+00;4.786486657602889716045524437504e-01;5.213994269086226207576828528545e-01;6.189035780019096905091302573965e-02;1.353390182550037691353028712626e-03;0.000000000000000000000000000000e+00;0.000000000000000000000000000000e+00;1.000000000000000000000000000000e+00;7.333740505718674900317334552913e-06
9.840000000000000000000000000000e+02;2.707967207271483323083316463453e-01;1.081777963347646531744317144330e-02;1.953596537345566198223822951263e-03;1.672142033717973763629061068059e+00;5.029136116829298064345721286372e-01;5.213994269086226207576828528545e-01;6.188164016544135670461201925718e-02;1.429318669573645611894918694418e-03;0.000000000000000000000000000000e+00;0.000000000000000000000000000000e+00;1.000000000000000000000000000000e+00;7.731027196730728701925747237134e-06
9.850000000000000000000000000000e+02;2.709450221999170071995877151494e-01;1.079691506397755310087127611496e-02;1.953593033338749292149305603061e-03;1.850488883194307154766988787742e+00;4.603908938498385006177215927892e-01;5.213994269086226207576828528545e-01;6.187244734837836490637386077651e-02;1.408133951909893355133873704688e-03;0.000000000000000000000000000000e+00;0.000000000000000000000000000000e+00;1.000000000000000000000000000000e+00;7.601751338737085617947627363966e-06
9.860000000000000000000000000000e+02;2.710989324212129680802263465011e-01;1.077641262099784426331527953380e-02;1.953588292796537041751125940436e-03;1.847883146970249690355103666661e+00;4.801739234592237171028727971134e-01;5.213994269086226207576828528545e-01;6.186340516864910488159523538343e-02;0.000000000000000000000000000000e+00;7.477280179799096829218463255984e-03;0.000000000000000000000000000000e+00;1.000000000000000000000000000000e+00;7.303763510607552423550478670755e-06
9.870000000000000000000000000000e+02;2.712525991224489230191352362453e-01;1.077630230690119518544012322536e-02;1.937226197312886741275228530412e-03;1.842172365758935947965824198036e+00;5.066779531288954085965769991162e-01;5.175007773080401163312558310281e-01;6.138005395036684463949683276951e-02;0.000000000000000000000000000000e+00;7.529342312487904108342373632468e-03;0.000000000000000000000000000000e+00;1.000000000000000000000000000000e+00;7.293019588143983532064085900659e-06
9.880000000000000000000000000000e+02;2.714107418031273533109981599409e-01;1.077618558305277855768888883858e-02;1.978706857422296572224240662763e-03;1.842172365758935947965824198036e+00;4.655943350359549315342633235559e-01;5.194239266987503711447970999870e-01;6.182670529791140651143521722588e-02;0.000000000000000000000000000000e+00;7.606736721810256757203561051028e-03;0.000000000000000000000000000000e+00;0.000000000000000000000000000000e+00;7.525751057025977471307519317545e-06
9.890000000000000000000000000000e+02;2.715723098699083237761442433111e-01;1.077615242725854342864533208513e-02;1.961894568252759568638410314634e-03;1.667832063067510528497905397671e+00;4.669061276928154202714438270050e-01;5.154728056413439007954480075568e-01;6.133526761323183223995059165645e-02;1.537585674456619843838978134443e-03;0.000000000000000000000000000000e+00;0.000000000000000000000000000000e+00;1.000000000000000000000000000000e+00;8.284628798956836280911741887678e-06
9.900000000000000000000000000000e+02;2.717387633275575309355076569773e-01;1.075380138187725237441938475058e-02;1.961903138779250762441241917600e-03;1.699998860910773013088714833430e+00;4.427558476277042576185749567230e-01;5.154728056413439007954480075568e-01;6.132547052085774580421073665093e-02;1.587473796536120534614311416988e-03;0.000000000000000000000000000000e+00;0.000000000000000000000000000000e+00;1.000000000000000000000000000000e+00;8.535688953442031260809147452662e-06
9.910000000000000000000000000000e+02;2.719034495801822548521897715545e-01;1.073078963640293655157353924778e-02;1.961910407725199825823558796856e-03;1.707805698479149203450333516230e+00;4.435324748111622028545752982609e-01;5.154728056413439007954480075568e-01;6.131537296713480272858376451950e-02;1.574074522529017626862324341630e-03;0.000000000000000000000000000000e+00;0.000000000000000000000000000000e+00;1.000000000000000000000000000000e+00;8.445531286640140975711249504698e-06
9.920000000000000000000000000000e+02;2.720613758124681424988011713140e-01;1.070803728301421287039119079054e-02;1.961916043329095700464836937726e-03;1.848665260754430494927191830357e+00;4.759948413355696295035102139082e-01;5.154728056413439007954480075568e-01;6.130537839772849662001164006142e-02;0.000000000000000000000000000000e+00;7.664627689875675060904303137477e-03;0.000000000000000000000000000000e+00;1.000000000000000000000000000000e+00;7.518678015455754636735870993780e-06
9.930000000000000000000000000000e+02;2.722162602176848578139356504835e-01;1.070797502840158468839781846782e-02;1.945128738600753219231687118906e-03;1.685361968919677710943005877198e+00;4.757881607933158174539300944161e-01;5.115218985018472608317097183317e-01;6.081451372759730245043385821191e-02;1.483740733124967303008245878004e-03;0.000000000000000000000000000000e+00;0.000000000000000000000000000000e+00;1.000000000000000000000000000000e+00;7.943929359462205300017323406081e-06
9.940000000000000000000000000000e+02;2.723633808915786325144381407881e-01;1.068658142303904531877911665561e-02;1.945131458453173110834111270151e-03;1.838506021964016134973007865483e+00;4.573205883959787776404937176267e-01;5.115218985018472608317097183317e-01;6.080517629935704160271114915304e-02;1.412246409710735204484644000900e-03;0.000000000000000000000000000000e+00;0.000000000000000000000000000000e+00;1.000000000000000000000000000000e+00;7.546043123384166802030369181065e-06
9.950000000000000000000000000000e+02;2.725147393878403767608631369512e-01;1.066627243901082690291648447101e-02;1.945132789672395423261064273390e-03;1.846680064173523483361805119785e+00;4.408413677654876017264484744373e-01;5.115218985018472608317097183317e-01;6.079630350548648892727854331497e-02;1.455781381986262024499922951293e-03;0.000000000000000000000000000000e+00;0.000000000000000000000000000000e+00;1.000000000000000000000000000000e+00;7.763880415952580140424334198546e-06
9.960000000000000000000000000000e+02;2.726724427509255033186263972311e-01;1.064539087657307217527069553853e-02;1.945132887910140401938052789887e-03;1.693928579932011846409523059265e+00;5.121500977315035507686502569413e-01;5.115218985018472608317097183317e-01;6.078717165842228292715887505437e-02;0.000000000000000000000000000000e+00;7.723036554765688212198515572027e-03;0.000000000000000000000000000000e+00;1.000000000000000000000000000000e+00;7.511166198603481928175625015331e-06
9.970000000000000000000000000000e+02;2.728298974757952244374337169575e-01;1.064530186365644261192731079291e-02;1.928371901711999026815536062429e-03;1.745738049793491342143170186318e+00;5.265327762562415081504241243238e-01;5.075713961811544328028844574874e-01;6.029688732470941947561016149848e-02;0.000000000000000000000000000000e+00;7.778820369380238727852194813295e-03;0.000000000000000000000000000000e+00;1.000000000000000000000000000000e+00;7.500229314388903346260718818517e-06
9.980000000000000000000000000000e+02;2.729840008663612094252925999172e-01;1.064520642433561432860233963993e-02;2.181883820296120005122197937908e-03;1.648052383663432873817100698943e+00;4.831379724735291869563980071689e-01;5.659831384561616607342671159131e-01;6.717782954497027170237544169140e-02;1.485488841281695868851153718992e-03;0.000000000000000000000000000000e+00;0.000000000000000000000000000000e+00;0.000000000000000000000000000000e+00;7.906667678245387880365917243619e-06
9.990000000000000000000000000000e+02;2.731457407712655216514008316153e-01;1.062394111539694159518365523809e-02;2.181888781447886317688134028003e-03;1.843233124409672685217742582608e+00;4.591053867710723768169600589317e-01;5.659831384561616607342671159131e-01;6.716754010606071356725976784219e-02;0.000000000000000000000000000000e+00;7.085730887984043220584329247913e-03;0.000000000000000000000000000000e+00;1.000000000000000000000000000000e+00;7.730138366425576829771802722657e-06
