iteration,performance_mc,performance_true,alpha,beta,bound,policy_advantage,model_advantage,total_samples,avg_return
0,0.023733132344170564,0.026204405163748216,0.0012655307178208084,0.0001,2.063085334952153e-06,0.0032604271170986673,1.5218815471575488e-05,15584,0.023733132344170564
1,0.029319079306489512,0.02652953694414575,0.0016350113048854934,0.0001,3.4405661255316707e-06,0.004208614478996068,2.8829262476690608e-05,15429,0.029319079306489512
2,0.026392105770881344,0.02683267325496301,0.0014672419893338154,0.0001,2.7984588432460036e-06,0.003814583911296884,6.721927406878662e-06,15496,0.026392105770881344
3,0.024995021886123812,0.02708746141777904,0.0013537165326509627,0.0001,2.3662452930172767e-06,0.0034959243474459076,1.768285462413046e-05,15502,0.024995021886123812
4,0.020643747143930337,0.02736309219880661,0.0014201222313899174,0.0001,2.5843009263582045e-06,0.0036395471731033597,6.893950871431043e-06,15629,0.020643747143930337
5,0.023125750192180092,0.027634598039941616,0.0013126876708906777,0.0001,2.2168389141214662e-06,0.0033775573021376953,1.726688004780845e-05,15544,0.023125750192180092
6,0.02578434259971892,0.02791227238380076,0.0013923636643125023,0.0001,2.5143049912193767e-06,0.0036115636391026436,2.237520362801825e-05,15588,0.02578434259971892
7,0.017842499327006087,0.028109618197858042,0.001028770180766232,0.0001,1.3529295747458596e-06,0.0026301881606603183,1.891066400222123e-05,15645,0.017842499327006087
8,0.0355491285551512,0.02845316960858424,0.0016164503811307875,0.0001,3.3480605787133166e-06,0.004142484814623486,3.129409259749458e-05,15260,0.0355491285551512
9,0.02881749869541276,0.028707711146830964,0.0013579858713274984,0.0001,2.3805473751017324e-06,0.0035059972645733496,2.2066978148422125e-05,15441,0.02881749869541276
10,0.02758245317665317,0.029025007017524987,0.0015075926430679462,0.0001,2.9284127480422693e-06,0.003884885962408199,1.9315461398725047e-05,15476,0.02758245317665317
11,0.027140971914669177,0.02929003454019793,0.001372545237577864,0.0001,2.4309222348504718e-06,0.003542210731269345,2.09526611321674e-05,15483,0.027140971914669177
12,0.029429545403982862,0.029559874390968646,0.0013589024544842512,0.0001,2.356621020296263e-06,0.003468418226075953,1.6169548700416118e-05,15412,0.029429545403982862
13,0.031743914310038514,0.02989485901577999,0.001609810910672607,0.0001,3.3175024533899616e-06,0.00412160512939231,3.3293863962223006e-05,15346,0.031743914310038514
14,0.03074445422911301,0.0302225295867498,0.0015289445108699713,0.0001,3.0156849079606075e-06,0.0039447931386923625,2.5934772264512314e-05,15391,0.03074445422911301
15,0.02386351295016252,0.030474716411533855,0.0012584273484986148,0.0001,2.0075094845519825e-06,0.003190505176078811,2.4772671247287306e-05,15560,0.02386351295016252
16,0.035043949986308,0.030829736004520755,0.0016343398057481653,0.0001,3.447703527835022e-06,0.004219077961277138,2.8391281685908943e-05,15345,0.035043949986308
17,0.024297084541555346,0.031076568879260434,0.0012417637097689555,0.0001,1.9721841700780087e-06,0.003176424233632913,2.004433080362307e-05,15548,0.024297084541555346
18,0.028254380663076985,0.03135870323439462,0.0014068892396605082,0.0001,2.547501636997095e-06,0.0036214672273871735,2.660689742847346e-05,15446,0.028254380663076985
19,0.024430776176232592,0.03167161891486405,0.0014022117384302083,0.0001,2.5075663424858285e-06,0.0035765872924342747,2.0426489622798547e-05,15552,0.024430776176232592
20,0.031392094964541,0.032006563499596456,0.0015381607604672222,0.0001,3.0285926094352782e-06,0.003937940282022708,2.144790387265464e-05,15397,0.031392094964541
21,0.027383949432277482,0.03236065148107107,0.0015215980503392205,0.0001,2.958249436344715e-06,0.0038883454611225504,1.6366961409111846e-05,15523,0.027383949432277482
22,0.030699525572160963,0.03271861513630271,0.0015500269883953423,0.0001,3.0722196399201e-06,0.003964085351959709,2.7908257133389665e-05,15414,0.030699525572160963
23,0.026905545475518863,0.033045975637835644,0.0013944421842391652,0.0001,2.4779915975916857e-06,0.003554097295104029,2.15442384400462e-05,15528,0.026905545475518863
24,0.038993038867619526,0.03345501613795311,0.0017750474420321065,0.0001,4.042479414037145e-06,0.004554784642160597,3.3532283592519575e-05,15349,0.038993038867619526
25,0.036238522367880714,0.03382011729133123,0.0016167226759998957,0.0001,3.3441748453739267e-06,0.004136980194584891,2.4775995758586893e-05,15365,0.036238522367880714
26,0.027306868173926354,0.034106707837693206,0.0013612595813361082,0.0001,2.3794935430328486e-06,0.00349601732932865,2.6130495932255466e-05,15513,0.027306868173926354
27,0.03862169618482732,0.03455285022065701,0.0018460196345129363,0.0001,4.35307433813052e-06,0.004716173389216477,3.841004800806426e-05,15344,0.03862169618482732
28,0.03332726255362352,0.03490446958993567,0.0014905394273345154,0.0001,2.8213575121295734e-06,0.0037856865244751264,2.404059893778707e-05,15324,0.03332726255362352
29,0.03632984145969017,0.03531775412921048,0.0017305916620437617,0.0001,3.8094492783832754e-06,0.004402481951039177,3.2208293172961e-05,15283,0.03632984145969017
30,0.0358431706458689,0.03568015266549364,0.0015648475884550402,0.0001,3.136788820783512e-06,0.004009066242521976,3.373393999635074e-05,15359,0.0358431706458689
31,0.0362500780606292,0.03607948177569416,0.0017197521181626673,0.0001,3.7877407274174435e-06,0.004404984517727071,3.625692466184473e-05,15273,0.0362500780606292
32,0.0363505437417609,0.03651919683773562,0.0017708037681277969,0.0001,3.992474265605091e-06,0.004509222690243292,3.906772780221789e-05,15325,0.0363505437417609
33,0.03464602407602877,0.03689350428661421,0.00165003634719371,0.0001,3.4433520020615675e-06,0.004173668062425204,3.352102358836419e-05,15371,0.03464602407602877
34,0.0402879905309749,0.0373240181502045,0.0018136785471728764,0.0001,4.1954025090080724e-06,0.004626401426589929,4.3916936138093745e-05,15277,0.0402879905309749
35,0.03159830896992294,0.03765469160895628,0.0014718370523126498,0.0001,2.7507518050655773e-06,0.003737848290669691,2.9690354875426004e-05,15453,0.03159830896992294
36,0.037903799372664956,0.03807460271907875,0.001726525942419691,0.0001,3.7968735956693454e-06,0.004398281546060181,4.060459168567004e-05,15314,0.037903799372664956
37,0.04185334758743475,0.038529838102760824,0.0019640612685299704,0.0001,4.894738962163255e-06,0.004984303738983451,4.242446642893126e-05,15274,0.04185334758743475
38,0.044088580239131314,0.038930714479861586,0.0017571693074978616,0.0001,3.9356645451000235e-06,0.00447955075052415,5.2056316381471265e-05,15208,0.044088580239131314
39,0.036104931347917896,0.03935521267622137,0.0017511437304139567,0.0001,3.909925706897532e-06,0.004465568004487281,4.421583347984831e-05,15313,0.036104931347917896
40,0.039148779746348415,0.0397881192910164,0.0017594492787761883,0.0001,3.919337959264253e-06,0.0044551872072043,4.0931706963923964e-05,15326,0.039148779746348415
41,0.03782178849865299,0.040193781627227365,0.001665543357623055,0.0001,3.5051143322795497e-06,0.004208973985861046,4.245500555090654e-05,15333,0.03782178849865299
42,0.04133474571429004,0.04065435642280189,0.0018374609368004616,0.0001,4.282161553053158e-06,0.0046609551988730825,5.249881428269554e-05,15274,0.04133474571429004
43,0.036443577152461576,0.04103292848071251,0.0016503293795275896,0.0001,3.4502935703184374e-06,0.004181339329129669,3.431177479447016e-05,15398,0.036443577152461576
44,0.04357080642429827,0.041536766014081156,0.001983601723369783,0.0001,4.945038250396063e-06,0.0049859184856880755,5.1621905515778096e-05,15262,0.04357080642429827
45,0.04713959455373273,0.04204557464615804,0.001923515520272655,0.0001,4.6537119528083305e-06,0.00483875685302365,6.37839289795477e-05,15145,0.04713959455373273
46,0.042887221337126115,0.04248523087964785,0.0017866316405003727,0.0001,4.027676516062681e-06,0.004508681504078445,4.59762811477019e-05,15227,0.042887221337126115
47,0.0429017480377603,0.043007333818884746,0.0019013876037165447,0.0001,4.4938325006925e-06,0.0047268978633379505,5.7213197666810264e-05,15194,0.0429017480377603
48,0.04437178406292604,0.04344915880825967,0.0018234138094626246,0.0001,4.1923304926972315e-06,0.004598331405565855,5.925590563972836e-05,15288,0.04437178406292604
49,0.04306241277068738,0.0439174808465987,0.001813827286321585,0.0001,4.12823913873633e-06,0.0045519649746898865,5.681586426345452e-05,15199,0.04306241277068738
50,0.04097964237390288,0.04433576268583603,0.0018716217893639793,0.0001,4.433609732290503e-06,0.004737719722527001,5.799750512902328e-05,15317,0.04097964237390288
51,0.04549991124846671,0.04486002238847975,0.002030460239346769,0.0001,5.211882302174617e-06,0.00513369550526275,6.661755152187922e-05,15190,0.04549991124846671
52,0.04278655057687899,0.04535178570910943,0.0018388710800844284,0.0001,4.234373070967721e-06,0.004605405040981239,5.30763513252499e-05,15218,0.04278655057687899
53,0.047785205188750055,0.04588712435977173,0.0020502066800811413,0.0001,5.271552458048704e-06,0.005142459547385798,6.672979391165699e-05,15086,0.047785205188750055
54,0.04037871322007426,0.046343960675552756,0.0017394517876865479,0.0001,3.797083462034301e-06,0.004365839270640989,5.564635876482453e-05,15139,0.04037871322007426
55,0.04661714991545089,0.046844933858393396,0.001883678345131499,0.0001,4.433285180708681e-06,0.004707051171625794,6.308116058239802e-05,15163,0.04661714991545089
56,0.053041653631409336,0.04726456598027015,0.0016674618622050457,0.0001,4.237764510860211e-06,0.0050828922770757776,7.1033910816501e-05,15078,0.053041653631409336
57,0.049905344181839666,0.04779952946552849,0.002026228046346755,0.0001,5.111407493005288e-06,0.00504524404567496,6.424823786207125e-05,15061,0.049905344181839666
58,0.047140154540089726,0.048319786417323235,0.0019978004578054894,0.0001,5.008868516561307e-06,0.005014383190264524,6.677792926661529e-05,15160,0.047140154540089726
59,0.04275953280698519,0.04867883453666201,0.0014754638726444376,0.0001,3.2870076637495543e-06,0.004455558315851313,6.047487375515495e-05,15211,0.04275953280698519
60,0.05578867545315241,0.04917059139305059,0.002037304312782515,0.0001,5.222004023059626e-06,0.005126385872052176,7.17995305276766e-05,15001,0.05578867545315241
61,0.05405277167353428,0.049733702060010355,0.0021354361752261306,0.0001,5.687641712533259e-06,0.005326913329012018,7.786207985053552e-05,14982,0.05405277167353428
62,0.05616232491704995,0.05033236544919108,0.0021265271960436353,0.0001,5.610989453235435e-06,0.0052771386734903536,7.319436102919325e-05,14986,0.05616232491704995
63,0.05023478977063725,0.050835222487789225,0.0019121519130743427,0.0001,4.557425156482782e-06,0.004766802391924384,7.369381078895301e-05,15147,0.05023478977063725
64,0.05580065669056322,0.05141563593217336,0.0020998521379311185,0.0001,5.465951304228034e-06,0.0052060344683253455,7.814027132148562e-05,15007,0.05580065669056322
65,0.051824680383306676,0.051988685625434114,0.0021343835108358113,0.0001,5.650257048426709e-06,0.005294509650905338,7.167025843776378e-05,15046,0.051824680383306676
66,0.05116717175932116,0.05251728568235932,0.0020206943577608517,0.0001,5.0796426753311335e-06,0.005027620981690599,8.789077378618038e-05,15046,0.05116717175932116
67,0.05184781195349493,0.05309410178871325,0.002018428374311658,0.0001,5.032040692274687e-06,0.004986097853475487,7.559640838443856e-05,15057,0.05184781195349493
68,0.050989534582767705,0.053637276893281585,0.002005828330455216,0.0001,4.984060000375959e-06,0.0049695778294694265,8.90085488414309e-05,15104,0.050989534582767705
69,0.050988876749099736,0.05419302123721855,0.002037718592758245,0.0001,5.165855444831604e-06,0.005070234391726416,8.076271940011002e-05,15015,0.050988876749099736
70,0.060710477669875744,0.05475237907097463,0.0021112444291186243,0.0001,5.547220297395016e-06,0.005254929482239818,0.00010148956861583445,14867,0.060710477669875744
71,0.057102648525293384,0.05536123594490558,0.0021959410968223785,0.0001,5.940989889970552e-06,0.005410882740495561,7.961566797794022e-05,15008,0.057102648525293384
72,0.056233893826139886,0.05597878917382888,0.002141196006666826,0.0001,5.568882173809804e-06,0.0052016556695141745,9.64073917692081e-05,14958,0.056233893826139886
73,0.05703263509894944,0.056549513901958365,0.002096729298044338,0.0001,5.445532324880436e-06,0.005194311282777032,8.7181055499287e-05,14987,0.05703263509894944
74,0.049611748593937306,0.057143396851411614,0.001987878214946549,0.0001,4.832452338687449e-06,0.004861919912752186,7.035362351076634e-05,15120,0.049611748593937306
75,0.06278208417836378,0.057829498850334164,0.0023459661853809425,0.0001,6.723121857063774e-06,0.00573164429987047,9.930789184894049e-05,14818,0.06278208417836378
76,0.059211054932687905,0.05847661121381606,0.0021542992084276767,0.0001,5.694341327474171e-06,0.005286490664990038,9.289126270964191e-05,14997,0.059211054932687905
77,0.06787896212863147,0.05917021761366703,0.0024238739654814765,0.0001,7.21645037205872e-06,0.005954476573310816,0.00010413173447738916,14763,0.06787896212863147
78,0.059437537256859366,0.05972259124083265,0.002017119518712925,0.0001,5.004486321579514e-06,0.004962012687054612,8.656176279490367e-05,14920,0.059437537256859366
79,0.05973409964180552,0.0603839059248238,0.002253987963134741,0.0001,6.230835795492223e-06,0.0055287214460778816,8.434059739584285e-05,14913,0.05973409964180552
80,0.06398573335001495,0.06110780277235439,0.002426492654767586,0.0001,7.201129477731878e-06,0.005935422440766971,0.00010267380485334976,14891,0.06398573335001495
81,0.06544363780574734,0.06182513505971593,0.0023181879466993853,0.0001,6.5095189105196804e-06,0.005616040683662319,9.60901536024202e-05,14877,0.06544363780574734
82,0.05781145008226165,0.06245570948955241,0.0020875188636029283,0.0001,5.334479056183136e-06,0.005110831953849896,8.901777753801838e-05,14942,0.05781145008226165
83,0.058757013469705965,0.06306986563675904,0.0020792985185042584,0.0001,5.2511875890439335e-06,0.005050922262784443,9.695380702398984e-05,14993,0.058757013469705965
84,0.057877114278456335,0.06369553219523442,0.002200297612734363,0.0001,5.92574975862159e-06,0.0053863165821986395,0.00010407660953016978,14952,0.057877114278456335
85,0.0578297780429735,0.06428613910100156,0.002056384755708635,0.0001,5.166638596199512e-06,0.005024972668034661,9.865464374786371e-05,14940,0.0578297780429735
86,0.06276918190199199,0.06499238791927095,0.0022925965113512847,0.0001,6.369885145599292e-06,0.0055569177690537475,0.00010707798837354308,14791,0.06276918190199199
87,0.06706595959281653,0.0656737699269833,0.0023347155955804333,0.0001,6.6252076305630775e-06,0.005675387308933435,0.00010506178524928133,14788,0.06706595959281653
88,0.06528405529777034,0.06630620335815524,0.00221227440434876,0.0001,5.941585008704609e-06,0.005371471999156153,0.00010514546977664893,14892,0.06528405529777034
89,0.068367679860974,0.06689662197539967,0.0019465997247605257,0.0001,5.471455787399721e-06,0.005621551999420764,0.00011924528693903598,14761,0.068367679860974
90,0.0847327865129058,0.06769652780079215,0.0026510038017618608,0.0001,8.473958455583439e-06,0.0063930187123471,0.00013556860329688275,14514,0.0847327865129058
91,0.06416304025116024,0.06838036237009881,0.0022910570349826847,0.0001,6.381498651227157e-06,0.005570789861436502,0.00010515807870244238,14887,0.06416304025116024
92,0.061261035803774615,0.06905251138361466,0.002156707091792039,0.0001,5.530622081387624e-06,0.005128765146121117,9.633430009316853e-05,14886,0.061261035803774615
93,0.07045511726944761,0.06974925422904318,0.0022831009012843333,0.0001,6.301210711461975e-06,0.005519870547917788,0.00012287433803593873,14702,0.07045511726944761
94,0.06779949757504672,0.07040128789694236,0.0021449764672167295,0.0001,5.542250272683643e-06,0.005167656016175446,0.00011467120454967098,14803,0.06779949757504672
95,0.070236349265054,0.07104843577399612,0.002251470326768543,0.0001,6.148123149125404e-06,0.005461429427719432,0.0001269709211267115,14759,0.070236349265054
96,0.07793244673650715,0.07167114087663497,0.0021091920950185154,0.0001,6.420680452079318e-06,0.006088284198716337,0.0001499783899502566,14613,0.07793244673650715
97,0.05823461602723194,0.07215689353866403,0.0019803875920966596,0.0001,4.9570615778150035e-06,0.005006152934504002,0.00011943534490901923,14992,0.05823461602723194
98,0.0721452699921198,0.07289150875492767,0.0024094521548804772,0.0001,6.955565385309281e-06,0.005773565888179521,0.00012851146331220394,14739,0.0721452699921198
99,0.07269125095033499,0.0736009329162375,0.002312359373127935,0.0001,6.443484976242211e-06,0.0055730826714241125,0.000123556219957761,14720,0.07269125095033499
100,0.07179288859418717,0.07429866292333778,0.0023954016925482337,0.0001,6.995253164032598e-06,0.005840567939643586,0.00013554008819823059,14780,0.07179288859418717
101,0.07202433527856057,0.07498782782374275,0.0023197395727560465,0.0001,6.486409589912139e-06,0.005592360164986741,0.00012927879181630776,14735,0.07202433527856057
102,0.07326438053468007,0.07571377624015946,0.0024521671309091775,0.0001,7.248218288830101e-06,0.005911683749013238,0.00012734396613061074,14705,0.07326438053468007
103,0.07929718045828182,0.0765440413706342,0.002676125304064576,0.0001,8.451097496740298e-06,0.00631592062143318,0.00012541137031630865,14525,0.07929718045828182
104,0.07602518213283402,0.07739303379580231,0.0026232592142467087,0.0001,8.131217083098409e-06,0.006199324137651686,0.00013401064970698442,14627,0.07602518213283402
105,0.07738287026973811,0.07811913355665948,0.0023777938710572953,0.0001,6.7243545624286e-06,0.00565596088397569,0.00013983728902910007,14587,0.07738287026973811
106,0.08931154256721426,0.07884459520308269,0.0022790035214795175,0.0001,7.33642897025256e-06,0.006438277871102004,0.00015347966505639509,14423,0.08931154256721426
107,0.07881299839126457,0.07959468005738704,0.002477195854513128,0.0001,7.339709516789506e-06,0.005925820926445935,0.00013050671643564596,14566,0.07881299839126457
108,0.07834950681216227,0.08030153148689975,0.0022944900108360106,0.0001,6.328385285327875e-06,0.0055161584974798734,0.00012853506883651135,14508,0.07834950681216227
109,0.07116014510931548,0.08103206817731606,0.0024135125696756925,0.0001,6.8978963421883625e-06,0.005716064153844655,0.00013327724842197283,14731,0.07116014510931548
110,0.08293573520816508,0.0817098022915029,0.0021474175340049995,0.0001,6.539437975497304e-06,0.0060905137188677514,0.00015013043523314537,14566,0.08293573520816508
111,0.08496539827063082,0.08251079388203392,0.00257318404006186,0.0001,7.96373559032112e-06,0.006189790909887402,0.00016754144937890431,14497,0.08496539827063082
112,0.08683271515946114,0.08321375826215091,0.0022382572052473465,0.0001,7.0184008705510224e-06,0.006271308636109521,0.00016110214876911654,14410,0.08683271515946114
113,0.0801063816038414,0.08400466235614767,0.0025263546007698286,0.0001,7.584588320373873e-06,0.006004373509611598,0.0001464243053118599,14623,0.0801063816038414
114,0.07937510369066302,0.08478313009128347,0.0025283914859994213,0.0001,7.57245296388777e-06,0.0059899370851539905,0.00015118367398740402,14623,0.07937510369066302
115,0.086038875532094,0.08552752028054177,0.002504677733089457,0.0001,7.492322521362267e-06,0.005982663895143647,0.00015644305259553538,14467,0.086038875532094
116,0.08146228324185359,0.08630710422281992,0.0025309388461997734,0.0001,7.559708054299731e-06,0.0059738369938496915,0.00014668214061946296,14503,0.08146228324185359
117,0.08576123571211046,0.08710885889552152,0.0025075609620132644,0.0001,7.436751318235024e-06,0.00593146203094837,0.0001822417552299746,14486,0.08576123571211046
118,0.09162064809894613,0.0878745987608854,0.0023438515287955426,0.0001,7.670889826720011e-06,0.006545542439423987,0.00016482923930325274,14383,0.09162064809894613
119,0.08063435133794108,0.08865703680114877,0.0023690285756955945,0.0001,6.518208233855874e-06,0.005502853195379457,0.00015476264232393985,14521,0.08063435133794108
120,0.09687298429413069,0.08958963702986392,0.002750773431832942,0.0001,8.746130932594875e-06,0.0063590340312157274,0.0001780873694160419,14227,0.09687298429413069
121,0.08298400581951032,0.09040144495453896,0.002606902856413922,0.0001,8.042693679469121e-06,0.006170305625068607,0.0001579976528222766,14600,0.08298400581951032
122,0.08668561482940271,0.09118638033469088,0.0025553852751105423,0.0001,7.72100694600042e-06,0.0060429298244793405,0.0001570014847234209,14470,0.08668561482940271
123,0.0835064789291868,0.09205510037451173,0.0025925342100868213,0.0001,7.755395636521631e-06,0.00598286850476076,0.0001556395382955349,14545,0.0835064789291868
124,0.0835462883774805,0.09285732642021585,0.0024768411977928724,0.0001,7.113598010412256e-06,0.005744088895768711,0.00016652818128419018,14497,0.0835462883774805
125,0.0890223547932089,0.09367741990168031,0.002656718699768278,0.0001,8.367787014619578e-06,0.006299339870155938,0.00017701157962537957,14426,0.0890223547932089
126,0.10255168542706933,0.0946522958028449,0.002922193368624227,0.0001,9.797759841089567e-06,0.006705757357667516,0.00018927256191295967,14091,0.10255168542706933
127,0.09984647306198297,0.0954828264417609,0.002692361531914445,0.0001,8.434476934325054e-06,0.006265486142440601,0.00018959738900357713,14190,0.09984647306198297
128,0.09673327873780038,0.09633613233664726,0.00281189118677504,0.0001,9.281610603523445e-06,0.006601685475723214,0.00018341716457595945,14216,0.09673327873780038
129,0.09375025578617657,0.09712998621211757,0.0025984750329100573,0.0001,7.979340219050377e-06,0.0061415561958386294,0.0001645455654041901,14337,0.09375025578617657
130,0.08515508983854517,0.09791252166310548,0.002389928960030779,0.0001,6.566034893863559e-06,0.005494753194487418,0.0001753173355260117,14537,0.08515508983854517
131,0.1009939121293991,0.09887540995781768,0.0028741213496284264,0.0001,9.429119170508501e-06,0.006561392525564393,0.00019789886167297446,14204,0.1009939121293991
132,0.10730789103456605,0.09977606151306308,0.0028676622223360584,0.0001,9.597612003230754e-06,0.006693683745927603,0.00019749604698511547,14086,0.10730789103456605
133,0.11254574417944524,0.10073866070527102,0.003069141501516819,0.0001,1.087791014220703e-05,0.007088568667707886,0.0002338304120385913,14005,0.11254574417944524
134,0.10446487197881657,0.10170744053516716,0.002927121688170591,0.0001,9.856222840370073e-06,0.006734412771564731,0.00021403755451010156,14064,0.10446487197881657
135,0.10244937064646478,0.10262129568948736,0.0028563258646280934,0.0001,9.457389377774872e-06,0.006622066126902694,0.00019299580214602764,14159,0.10244937064646478
136,0.10206849346326735,0.10354982802717264,0.0027614903047787744,0.0001,8.652475511675602e-06,0.0062665260831822915,0.00019264677190904543,14183,0.10206849346326735
137,0.10544533762247629,0.10451295430624494,0.002877386794072211,0.0001,9.451180845311494e-06,0.006569280754872547,0.00021883544158714442,13987,0.10544533762247629
138,0.10832766474375811,0.10537283814767373,0.002716494758965672,0.0001,8.573757964836617e-06,0.006312368493654777,0.0002136813944477933,14072,0.10832766474375811
139,0.1114307568194982,0.1062328426771758,0.00286526443156203,0.0001,9.668534019640509e-06,0.006748790033574391,0.00021894936645240197,14013,0.1114307568194982
140,0.1006457921657849,0.10710463532791414,0.0027168578660306925,0.0001,8.48305963825748e-06,0.006244757772809928,0.00021063613952648481,14193,0.1006457921657849
141,0.11095128521293698,0.10806344281477463,0.0028547960935485857,0.0001,9.304572715997654e-06,0.006518555028868509,0.0002139473926325745,14047,0.11095128521293698
142,0.09913251309172252,0.1088916279919927,0.0024796266859842403,0.0001,8.143335488724454e-06,0.006568194748631779,0.00018635205554964597,14213,0.09913251309172252
143,0.1198180097019888,0.10975763794396526,0.002527098172865936,0.0001,8.393320954558148e-06,0.006642655235700191,0.00023506048739273567,13793,0.1198180097019888
144,0.11643101225353343,0.11066203828468765,0.002785258654055114,0.0001,8.823744113772268e-06,0.006336032095924452,0.00024152738186839035,13929,0.11643101225353343
145,0.10785345882027944,0.11164714839164089,0.002877339668573054,0.0001,9.3509252307648e-06,0.006499702021904256,0.0002254841523983018,14038,0.10785345882027944
146,0.10758376043556678,0.11248897523083082,0.0027086875782866547,0.0001,8.448104164714698e-06,0.0062377841080206355,0.00023051294082041142,14046,0.10758376043556678
147,0.11565202620573775,0.11324925018304373,0.002461329501376892,0.0001,8.060241648679928e-06,0.006549502327234894,0.00024317268961548337,13974,0.11565202620573775
148,0.11544135484364434,0.11403416700324488,0.0024114507288285074,0.0001,7.814678987419132e-06,0.006481309274948806,0.0002402820147789409,13921,0.11544135484364434
149,0.11718408235029883,0.11490771795705196,0.0027834948304428144,0.0001,8.967037852376409e-06,0.0064430066507074335,0.00025138046230228364,13935,0.11718408235029883
150,0.11804326444944749,0.11586461343073146,0.002922691441633405,0.0001,9.739346677461762e-06,0.006664642417414226,0.00024360800610532298,13902,0.11804326444944749
151,0.1253326588422451,0.1167207982211631,0.0025518203829904378,0.0001,8.569189503898314e-06,0.006716138456309544,0.0002839372181826773,13662,0.1253326588422451
152,0.12104472531098276,0.11769904561308027,0.0030368377775995456,0.0001,1.0578801864301825e-05,0.00696698515958517,0.00023978515762748302,13844,0.12104472531098276
153,0.12507338229268034,0.1187737468816957,0.003103741075809445,0.0001,1.072560877782769e-05,0.0069114069220677435,0.0002611476095003461,13695,0.12507338229268034
154,0.12305785006463558,0.119633879679821,0.0026175104467831556,0.0001,9.060648645579607e-06,0.006923104094361785,0.000256266995593619,13811,0.12305785006463558
155,0.11381074236467723,0.12053148346980704,0.0029075595003810266,0.0001,9.708953126120234e-06,0.006678420940206318,0.0002351131683302873,13994,0.11381074236467723
156,0.12240963656418999,0.12141117533332696,0.0030348857308318744,0.0001,1.0703444898241488e-05,0.007053606525941674,0.0002475761483921332,13805,0.12240963656418999
157,0.1258938233250235,0.1223026442935724,0.002701310122119775,0.0001,9.552285715726873e-06,0.00707233548455443,0.0002914106262464725,13783,0.1258938233250235
158,0.1130024909116376,0.12322552607343626,0.002838218356392878,0.0001,9.034207504800904e-06,0.006366111673157223,0.0002557245885588213,13967,0.1130024909116376
159,0.12146021941637353,0.12405394550334684,0.0026045617176670643,0.0001,8.839657768938065e-06,0.006787827455942067,0.0002520799995557474,13726,0.12146021941637353
160,0.12042288233331806,0.12487346981145503,0.0028588419147830084,0.0001,9.427213057803648e-06,0.0065951272150137005,0.00025728982290531123,13895,0.12042288233331806
161,0.12838998274473207,0.12576551990874676,0.0028996437764998865,0.0001,9.649514895021304e-06,0.006655655410658117,0.00025890261355216386,13655,0.12838998274473207
162,0.12239297078159245,0.12666886922385065,0.002854527673611595,0.0001,9.201313210893814e-06,0.006446820113852435,0.0002575206490208732,13818,0.12239297078159245
163,0.1235742853890047,0.1274908359123137,0.0025282817737031183,0.0001,8.290064556800342e-06,0.0065578644303226265,0.0002556013072428075,13798,0.1235742853890047
164,0.12507280131452003,0.1283178345000161,0.0026170948740873398,0.0001,8.766983373211703e-06,0.00669978261775398,0.00025611088135861986,13729,0.12507280131452003
165,0.12514231440061915,0.12923784427227655,0.0029419980031716014,0.0001,9.734259591523401e-06,0.006617448129488495,0.00027503240351946516,13626,0.12514231440061915
166,0.12341109058083419,0.13002595507754813,0.0028444025629820197,0.0001,9.299009393551648e-06,0.006538462251842955,0.00025829700616799927,13714,0.12341109058083419
167,0.1311547537762367,0.13088645556861078,0.0026234865392971533,0.0001,8.858750436073475e-06,0.00675341786845743,0.00027440627942106787,13663,0.1311547537762367
168,0.13290672348892663,0.13167763320073766,0.002660777257969974,0.0001,9.061726117032678e-06,0.006811337619403944,0.0002769147685535347,13672,0.13290672348892663
169,0.12665081159994562,0.1325727871934582,0.002710392696402984,0.0001,9.159291351133708e-06,0.006758645242284769,0.0002632451035912652,13662,0.12665081159994562
170,0.1387380987005139,0.13354924802132706,0.0031616991197556555,0.0001,1.1146908206645258e-05,0.0070512137837497445,0.0002900099061797222,13457,0.1387380987005139
171,0.13122544040440226,0.1345025023414957,0.0030215610617020947,0.0001,1.0228208510660695e-05,0.006770148477422448,0.000305136266549445,13482,0.13122544040440226
172,0.14563003355928428,0.135551007042772,0.0033207155644686256,0.0001,1.2406780739192461e-05,0.0074723537733517205,0.0003172020280157363,13282,0.14563003355928428
173,0.1277347327829115,0.13631896742753263,0.0026346083856907745,0.0001,9.08457397925274e-06,0.006896337253455474,0.0002655639113993602,13713,0.1277347327829115
174,0.12630059070834937,0.1372427850947232,0.00296678655764956,0.0001,9.762875018609916e-06,0.006581447521687954,0.0002760775547978444,13692,0.12630059070834937
175,0.14436223520102132,0.13818455744897673,0.002811100958840801,0.0001,1.001693828571187e-05,0.007126701198125947,0.0003267885406491432,13315,0.14436223520102132
176,0.1352587048613056,0.13913196262175892,0.0030764830652131718,0.0001,1.059040335693814e-05,0.006884746726993164,0.00028155893654234043,13585,0.1352587048613056
177,0.14127288058385878,0.1400642973714854,0.003007765056598365,0.0001,1.0110446244870244e-05,0.006722896273224654,0.00030208211410038004,13386,0.14127288058385878
178,0.14265951524445442,0.1411158944895567,0.003313090615883819,0.0001,1.2121630196689956e-05,0.0073174154299165284,0.00031041924246211943,13446,0.14265951524445442
179,0.14751993695700788,0.1421181479585325,0.0029704620622694987,0.0001,1.0722715932779606e-05,0.0072195609356392266,0.0003242267481230597,13368,0.14751993695700788
180,0.13990440586678388,0.1429868388740314,0.0027958555815658296,0.0001,9.88099017203537e-06,0.007068312281352877,0.00030233801353282333,13428,0.13990440586678388
181,0.13356068499153234,0.14378821539735862,0.0026244740497982635,0.0001,8.549761096647653e-06,0.006515409132968833,0.00028764674487223216,13667,0.13356068499153234
182,0.14835259682602592,0.1446821299935,0.0028652538463378742,0.0001,9.887254819271222e-06,0.00690148611572987,0.00033384659591513825,13223,0.14835259682602592
183,0.14526090371395992,0.14568955654484933,0.0030388108375408725,0.0001,9.827511079231701e-06,0.006467997914068594,0.00030477168438860754,13353,0.14526090371395992
184,0.146504307682399,0.1465961575013067,0.0031544421060837,0.0001,1.116980659336669e-05,0.007081953776754657,0.00033624496391649786,13405,0.146504307682399
185,0.15088161493290267,0.14763412982363835,0.0032587111333827828,0.0001,1.1587707062761779e-05,0.007111834457528538,0.0003148927120808344,13236,0.15088161493290267
186,0.15243536145369974,0.14857524552746992,0.0031368924468585762,0.0001,1.0934587892575877e-05,0.006971605228943224,0.00033763098306105715,13215,0.15243536145369974
187,0.14137331196182967,0.1494352755234657,0.0028297748492160557,0.0001,8.833197526280656e-06,0.006243039108731745,0.00030555311414238854,13390,0.14137331196182967
188,0.15277326337258412,0.15036522039862404,0.0029683502048306974,0.0001,1.06296588358187e-05,0.0071619978117945645,0.00033593772420251384,13229,0.15277326337258412
189,0.1465923666724447,0.15128457541996038,0.002894900896287604,0.0001,1.0103386916912524e-05,0.006980126283334272,0.00032953018754744846,13361,0.1465923666724447
190,0.1560241861161397,0.15229319029959187,0.0032649823181720413,0.0001,1.1618919608213057e-05,0.007117294046920361,0.0003306453580748631,13189,0.1560241861161397
191,0.15147659356433968,0.15333703148440234,0.003181317285745038,0.0001,1.0680928294825377e-05,0.0067147834280377305,0.00031361624413716444,13161,0.15147659356433968
192,0.14656968002487056,0.15430358435202887,0.00313201160011265,0.0001,1.0703777681788338e-05,0.006835081761129715,0.0003299069052636314,13337,0.14656968002487056
193,0.14724918947485283,0.15523364743366574,0.002908925472099288,0.0001,9.087738890563461e-06,0.006248175814559524,0.00033466864076834663,13278,0.14724918947485283
194,0.15498611844800741,0.15604951010987686,0.002730294160763924,0.0001,9.226145317756981e-06,0.006758352598296989,0.00034351493381419356,13135,0.15498611844800741
195,0.15654791740464974,0.1571487189582168,0.0034998287814540334,0.0001,1.3082462187726755e-05,0.007476058404372304,0.00033831698357473584,13076,0.15654791740464974
196,0.1606352231472949,0.15821800198860697,0.0033905544059190046,0.0001,1.2277904109213698e-05,0.007242416808165502,0.00034778757806962196,13039,0.1606352231472949
197,0.1668878144606673,0.15936297405257432,0.003505792763191232,0.0001,1.2723147739647181e-05,0.00725835701027897,0.0003565026026571453,12941,0.1668878144606673
198,0.16347315539404922,0.16021671845559404,0.002859833153036825,0.0001,9.934248503230031e-06,0.006947432225324727,0.0003408503766127929,12996,0.16347315539404922
199,0.1646916359376866,0.16105389545389728,0.002820870584525074,0.0001,9.640974501318432e-06,0.006835460339235378,0.000363359164610186,12931,0.1646916359376866
200,0.1768418315574559,0.16207276950376223,0.003248217895180599,0.0001,1.1034391328716903e-05,0.006794120151292004,0.00038619376071540284,12780,0.1768418315574559
201,0.16165334889771193,0.16294227488564428,0.003028304120557778,0.0001,1.0190496682677262e-05,0.006730167299577753,0.0003650756083144401,12918,0.16165334889771193
202,0.17116680359288364,0.1638996036553016,0.0033464408314742887,0.0001,1.226856084068983e-05,0.00733230405587949,0.0003774814516594139,12884,0.17116680359288364
203,0.16705303952126288,0.16461564833245723,0.0028983374296815676,0.0001,1.0507341417146826e-05,0.007250599125928025,0.00036548479838130314,12860,0.16705303952126288
204,0.1568136631129956,0.16556097332112335,0.0031674817171175873,0.0001,1.0812159008360894e-05,0.006826974848776693,0.00034387559501734323,13207,0.1568136631129956
205,0.18076878811960423,0.16641863376053423,0.0028213415715647597,0.0001,9.515264565103459e-06,0.0067452056574816965,0.00037655400818499703,12639,0.18076878811960423
206,0.1645695476298455,0.16738594312550661,0.0032190163037619807,0.0001,1.102212738972694e-05,0.006848133932621382,0.0003573424536779004,12955,0.1645695476298455
207,0.1568604584482512,0.168128033859903,0.0029750990267557328,0.0001,9.926787457673137e-06,0.006673248432001297,0.00034180161864702,13133,0.1568604584482512
208,0.17195820637112724,0.1690264069637611,0.0031357188316640233,0.0001,1.0656938593580403e-05,0.0067971263787864,0.0003686600341160377,12887,0.17195820637112724
209,0.16881281149655608,0.1699555839783119,0.003183497555683408,0.0001,1.0909915726077122e-05,0.006854043727220685,0.0003806769673106107,12832,0.16881281149655608
210,0.16434863600556793,0.17087950582100347,0.0030364831942565457,0.0001,1.0743913701358428e-05,0.007076550742438061,0.00035472501218556686,12950,0.16434863600556793
211,0.17364188593033786,0.17166638649082572,0.0030477180842233102,0.0001,1.0164199241766944e-05,0.0066700390002490785,0.00040098071046857633,12767,0.17364188593033786
212,0.1803057968111224,0.1726437841946612,0.003295066963666941,0.0001,1.1458812400177772e-05,0.006955131732695192,0.000412596072162129,12672,0.1803057968111224
213,0.16945539762150352,0.17347713949013185,0.0028410728619758375,0.0001,9.551541787377449e-06,0.0067238978029833295,0.00037220207073943793,12867,0.16945539762150352
214,0.17874401149432756,0.17431825007105153,0.0028424806547500754,0.0001,9.924473087741728e-06,0.006982966143433145,0.00041301603875879933,12756,0.17874401149432756
215,0.1660618289811584,0.17515099097359704,0.0028309066063971254,0.0001,9.373745516870573e-06,0.006622433601792658,0.00037514078533618057,12941,0.1660618289811584
216,0.17907059955003274,0.17613164805974604,0.0032877658753048093,0.0001,1.1559555889046556e-05,0.007031860739156111,0.00039395709364206346,12752,0.17907059955003274
217,0.17607057824663724,0.17701539126828364,0.0032237700523035434,0.0001,1.133408386242937e-05,0.0070315709114120006,0.0003809626183177044,12682,0.17607057824663724
218,0.17085561774039112,0.17794832906187086,0.003061380504390839,0.0001,1.1123922101238295e-05,0.0072672587319894495,0.00037460612138040896,12931,0.17085561774039112
219,0.18520063443232548,0.1789556717054536,0.003406750700935085,0.0001,1.2231451143709445e-05,0.007180713951480018,0.0004241226888811204,12492,0.18520063443232548
220,0.17922251487304786,0.17985815615289358,0.0031980754296282296,0.0001,1.0621015326513588e-05,0.006642129343239574,0.0003787746122173001,12715,0.17922251487304786
221,0.18114623545106306,0.18072653477520423,0.003167879339872035,0.0001,1.0770179769268738e-05,0.006799614892973666,0.0003859776098766606,12627,0.18114623545106306
222,0.18061778769401893,0.18148051994622402,0.0027517954121477044,0.0001,9.133805353021236e-06,0.006638433447995713,0.0004156763094782815,12713,0.18061778769401893
223,0.19951910556624813,0.18250581548480158,0.0035753039858166837,0.0001,1.334609802645901e-05,0.007465713729184035,0.00042953053600803685,12290,0.19951910556624813
224,0.17814619730827425,0.18322486815109007,0.0030224923010660687,0.0001,1.012211444112519e-05,0.006697859536353495,0.00039330384977209884,12658,0.17814619730827425
225,0.1870727841030122,0.18413426599782617,0.003182036788202996,0.0001,1.0590101658093453e-05,0.006656178016140438,0.000409176048604088,12523,0.1870727841030122
226,0.1865485947427895,0.18498259695965152,0.0029399918180943656,0.0001,1.0248075894083203e-05,0.006971499601468801,0.00041567054803928597,12572,0.1865485947427895
227,0.18119654376135066,0.18580546638440423,0.003016989125786104,0.0001,1.0823518528937555e-05,0.007175046430515316,0.0004181452883244634,12664,0.18119654376135066
228,0.18912193875651506,0.18672787506034788,0.003155817961665069,0.0001,1.1373562770490454e-05,0.007207996727726047,0.0003996720456770493,12418,0.18912193875651506
229,0.18764187875865992,0.18760181136687665,0.0033493364895149295,0.0001,1.2020175140836241e-05,0.0071776455894863355,0.00042588706690592244,12450,0.18764187875865992
230,0.19137756483740753,0.18841699947039872,0.0032681866162690147,0.0001,1.1522539640319056e-05,0.007051335185671416,0.0004328365909226357,12408,0.19137756483740753
231,0.18172422547653994,0.18925803487497217,0.002962880940068245,0.0001,1.0216394118795391e-05,0.0068962569373847826,0.00042342697405878596,12629,0.18172422547653994
232,0.19425512925916227,0.19009485654369151,0.0031787549499455573,0.0001,1.0780692423963517e-05,0.006782965402317759,0.00043928721582255374,12388,0.19425512925916227
233,0.1969722995782756,0.19090888723812072,0.002888477003912517,0.0001,9.782985655795645e-06,0.006773802001916124,0.00042685605303970987,12263,0.1969722995782756
234,0.18105805476753933,0.19188077499451878,0.0033571608636275693,0.0001,1.157709854303903e-05,0.0068969578839480645,0.00041304672696556666,12615,0.18105805476753933
235,0.17591544556424343,0.19259030198641836,0.002745336656967455,0.0001,8.876441415335171e-06,0.006466559496670428,0.0003979588378168832,12735,0.17591544556424343
236,0.19811046563872645,0.19339888289793267,0.002922311987456438,0.0001,9.9691637995273e-06,0.006822792256486207,0.0004682054176739833,12314,0.19811046563872645
237,0.1927934663377728,0.1942408667113167,0.0030230308815084577,0.0001,1.0483165111637795e-05,0.006935532928731984,0.0004193047689579066,12467,0.1927934663377728
238,0.19489370029711195,0.19500866988258864,0.00306217285482832,0.0001,9.895830946302718e-06,0.006463273900883382,0.0004096330280747545,12417,0.19489370029711195
239,0.19326469155463277,0.19585045271211393,0.003205721526810335,0.0001,1.0702133861151298e-05,0.006676895526730188,0.0004406809807738401,12421,0.19326469155463277
240,0.19171440496400752,0.19682208225361514,0.0033429035289742333,0.0001,1.1115809514199222e-05,0.006650392042638511,0.0004109114781257931,12418,0.19171440496400752
241,0.19898823705207078,0.1975254816438045,0.002952083925929027,0.0001,9.741329020337468e-06,0.00659962878072435,0.0004484735789195692,12294,0.19898823705207078
242,0.1935559067296268,0.19843076862793702,0.003267808722764355,0.0001,1.0903309325305039e-05,0.006673162507554325,0.0004196899628856395,12317,0.1935559067296268
243,0.200349287333408,0.19920379814637018,0.002836166282009848,0.0001,9.190176659668636e-06,0.006480703700599685,0.00045378999179601404,12312,0.200349287333408
244,0.19423441319011875,0.20008639486704613,0.0032471097204672308,0.0001,1.0822693733696532e-05,0.006666047448584053,0.00044310471279366116,12384,0.19423441319011875
245,0.1881639737255778,0.2008921585467892,0.0029646850345155205,0.0001,9.717067548252492e-06,0.006555210712183073,0.0004414716233210268,12493,0.1881639737255778
246,0.1990876987206699,0.20161441819409506,0.0029924240115682963,0.0001,1.0389649011967653e-05,0.006943968482944068,0.00045774057512121204,12244,0.1990876987206699
247,0.20847894296979194,0.20256747346583837,0.0033335589507837034,0.0001,1.103831661800768e-05,0.006622541722511087,0.0004423333288663691,12129,0.20847894296979194
248,0.20175401686373762,0.20338701913059787,0.003286333292534323,0.0001,1.134256322442558e-05,0.006902868464493771,0.0004376709869451409,12259,0.20175401686373762
249,0.21051161594775275,0.20420807323955864,0.003234116168365896,0.0001,1.1122988524084908e-05,0.006878533698253038,0.00047848808002595326,12038,0.21051161594775275
250,0.20280823593487224,0.20510114897064707,0.0032339291296458596,0.0001,1.0413138957473051e-05,0.006439930214929214,0.0004644913342782272,12151,0.20280823593487224
251,0.20792080809365837,0.2058880778665755,0.0033568113852858582,0.0001,1.1616609409633466e-05,0.006921216640621125,0.00044739947809755023,12091,0.20792080809365837
252,0.19839211711548643,0.206714257919015,0.0029229317688758416,0.0001,9.382791621385155e-06,0.006420123604180998,0.0004467765591966421,12266,0.19839211711548643
253,0.2106836221299328,0.20739455155097977,0.002990380463334759,0.0001,9.471646271483956e-06,0.006334743279403006,0.00046613733063457743,12048,0.2106836221299328
254,0.20604499060986547,0.20816402436697073,0.002966605691412238,0.0001,1.0055728365360073e-05,0.006779282055899441,0.00045395859602908526,12171,0.20604499060986547
255,0.20539560202506346,0.20897285478493305,0.003172032541149479,0.0001,1.0285207978504638e-05,0.006484932197308097,0.0004455379360649533,12147,0.20539560202506346
256,0.20512586616073353,0.20987057901733874,0.0033411166034098623,0.0001,1.1295601182698634e-05,0.006761572565992232,0.00044553890904936274,12151,0.20512586616073353
257,0.21531248659227678,0.21066002413362436,0.0031727225052965305,0.0001,1.1136936097405884e-05,0.007020428719381493,0.0004410292284158502,12028,0.21531248659227678
258,0.20369393556432713,0.21138584088090867,0.0031951400592771964,0.0001,1.073249347671573e-05,0.006718011278130719,0.00045961847431207607,12145,0.20369393556432713
259,0.20774502582627266,0.2120294337208029,0.0031752111421838158,0.0001,1.0714875056593817e-05,0.006749078771010135,0.0004693044923305546,12033,0.20774502582627266
260,0.21222779138177594,0.21275756972524024,0.0028501182467533283,0.0001,9.104254428336013e-06,0.006388685408899784,0.00047203287020500045,11965,0.21222779138177594
261,0.2098239104635406,0.2134928375697333,0.003160335532777809,0.0001,1.030667725933314e-05,0.006522520885795934,0.00048820805009905274,12111,0.2098239104635406
262,0.219411646019298,0.21428909278070396,0.0034304640613206086,0.0001,1.2044826947387108e-05,0.007022272632554718,0.0005072622729917366,11885,0.219411646019298
263,0.21403087434462775,0.21508808889527448,0.0029831702464844195,0.0001,9.829990964005353e-06,0.006590298341564457,0.0004934191315981537,11893,0.21403087434462775
264,0.22062496696225503,0.21573361298802735,0.0030702501728932944,0.0001,9.907627961506427e-06,0.006453954826860139,0.0004912513722446079,11844,0.22062496696225503
265,0.2145240984905593,0.21653154385764167,0.003152921754377412,0.0001,1.0617677575334489e-05,0.006735135472736206,0.00046856459103905557,12020,0.2145240984905593
266,0.2118306701202619,0.21736861411907143,0.003283313764361141,0.0001,1.0655373133771187e-05,0.0064906213042630004,0.0004929099463057355,12005,0.2118306701202619
267,0.22613518112513487,0.21821447542689315,0.003346641283456272,0.0001,1.1156889545167711e-05,0.006667514442208362,0.0004913692543670311,11717,0.22613518112513487
268,0.21603676010702638,0.21908872188030215,0.0033434783390567198,0.0001,1.1246800376803429e-05,0.006727604749475624,0.000467456871784377,11960,0.21603676010702638
269,0.2191803622510134,0.21994252404615042,0.0033392248579663685,0.0001,1.0886975727767031e-05,0.006520660447165777,0.0004901295931959888,11846,0.2191803622510134
270,0.21324071250592316,0.22068146832376478,0.002936008273579146,0.0001,9.460358230358537e-06,0.006444367555426451,0.0004809303250006056,11976,0.21324071250592316
271,0.22646600705078163,0.2213658934684628,0.002975477992016255,0.0001,9.859272845664978e-06,0.006627017825115283,0.0004914696638845276,11767,0.22646600705078163
272,0.22003881705044154,0.2221574058649814,0.00305790518878391,0.0001,1.0059962795188713e-05,0.006579643366372279,0.0005183078970324693,11828,0.22003881705044154
273,0.21766430412886373,0.2228021478462598,0.0029625402142164307,0.0001,9.627651045580612e-06,0.006499591802588949,0.0004974699902417685,11854,0.21766430412886373
274,0.2246131945790802,0.22351791768144025,0.0031663505404035436,0.0001,1.1114202845699528e-05,0.00702019735583859,0.0005012927439060364,11751,0.2246131945790802
275,0.23160306148681553,0.22437961301299525,0.00357288809515689,0.0001,1.2614899179174928e-05,0.007061457758094712,0.0005126369379318134,11683,0.23160306148681553
276,0.21316117319201056,0.2251286826633737,0.003114153943115887,0.0001,9.869446897474115e-06,0.006338445097931912,0.00046504963481325485,11999,0.21316117319201056
277,0.22561737826882375,0.22599644347534015,0.0034673349475639803,0.0001,1.1998483298920604e-05,0.006920867744461945,0.0004992223192369678,11679,0.22561737826882375
278,0.22657123279259195,0.22673756922029414,0.0033341049103194835,0.0001,1.137514312833818e-05,0.006823506418847616,0.0004985293800997361,11755,0.22657123279259195
279,0.23820561714227856,0.22752320275700014,0.0032140800906811286,0.0001,1.1070650052202963e-05,0.006888845168669624,0.0005384210730040955,11474,0.23820561714227856
280,0.22911555065659345,0.2282933208255923,0.0030373804503827178,0.0001,9.705737882808494e-06,0.0063908608364062845,0.0004933996751398607,11635,0.22911555065659345
281,0.22652430496418374,0.2289532302692303,0.0030481212903282276,0.0001,9.598590096762798e-06,0.00629803684467504,0.0004887139232048345,11704,0.22652430496418374
282,0.23142401084695163,0.22973600858175386,0.0033561022072120896,0.0001,1.0791393746122042e-05,0.006430908881697284,0.0005333600300244493,11577,0.23142401084695163
283,0.22613122784677786,0.23055839743547768,0.0034236165521098895,0.0001,1.1605737121143317e-05,0.006779811316189011,0.0005203954454044439,11799,0.22613122784677786
284,0.2235997000546004,0.23135330267283213,0.0032384154134458554,0.0001,1.007594788474232e-05,0.006222764283363478,0.0004751475612662908,11810,0.2235997000546004
285,0.2373506548780934,0.23207145688121822,0.003100912259123339,0.0001,1.029245833758052e-05,0.00663834218933386,0.0005313757400011603,11512,0.2373506548780934
286,0.2365614617202799,0.2329188526609488,0.0034379542958884344,0.0001,1.1410417750860157e-05,0.006637911251179959,0.0005300542432527997,11466,0.2365614617202799
287,0.2308640104534848,0.23368085544526873,0.003277968156135318,0.0001,1.0584308299180146e-05,0.00645784693141065,0.0005188861674999289,11671,0.2308640104534848
288,0.2162408508349169,0.23425242178103595,0.003170812150037223,0.0001,1.0460063350040423e-05,0.006597718726363293,0.0004762727280111297,12016,0.2162408508349169
289,0.22665041343964262,0.2349726946106951,0.0031730952766802255,0.0001,9.847635194145189e-06,0.006206958402111417,0.0004948823689371205,11775,0.22665041343964262
290,0.2400196873573912,0.23575909499551131,0.003347209678561063,0.0001,1.084157488047098e-05,0.006477977731667937,0.0005480187363019722,11495,0.2400196873573912
291,0.23684250374341465,0.2362744629321196,0.0029914225210462032,0.0001,9.263430888940154e-06,0.006193328307029268,0.0005104186614332006,11471,0.23684250374341465
292,0.23780278730126875,0.23693272115233746,0.0030752911881149225,0.0001,1.0089224323192167e-05,0.006561475779714121,0.0005375774983566162,11467,0.23780278730126875
293,0.24292003209789198,0.23767167877284306,0.0033822663248166953,0.0001,1.2017778641913458e-05,0.0071063467437412825,0.0005426789873783924,11404,0.24292003209789198
294,0.24782399496786778,0.23849951493468483,0.0035715199457807267,0.0001,1.2223184139470415e-05,0.006844807994932507,0.000520195038335603,11300,0.24782399496786778
295,0.24241955861413636,0.23926011636831512,0.003435011022191178,0.0001,1.167209309856969e-05,0.006795956707658023,0.0005117738679612466,11359,0.24241955861413636
296,0.22871985240079484,0.2399191297498453,0.003104454229949597,0.0001,9.667731076011128e-06,0.006228296737470721,0.0005211358985932621,11605,0.22871985240079484
297,0.23435197849177494,0.24062660295772376,0.003169376359268614,0.0001,1.0591743794020931e-05,0.006683803116689586,0.0005369087775038142,11538,0.23435197849177494
298,0.24611024114538102,0.2413304374804136,0.003281848283450696,0.0001,1.0540347011424599e-05,0.006423421255989301,0.0005390470850397608,11364,0.24611024114538102
299,0.24099772057386298,0.24196768882368608,0.0031391853141798103,0.0001,1.0605104320978164e-05,0.006756596543105967,0.0005462586406544184,11353,0.24099772057386298
300,0.23803671166933843,0.24273300780597795,0.0031895570174689555,0.0001,1.0419942420851149e-05,0.006533786581510807,0.0005432390940266648,11472,0.23803671166933843
301,0.25014862486272826,0.2433434591082677,0.0029486358587680578,0.0001,9.35199045691304e-06,0.006343265770918425,0.0005505469387671858,11201,0.25014862486272826
302,0.24052896830764184,0.24401303868316176,0.003050375151524458,0.0001,9.787277498564593e-06,0.006417097578095138,0.0005570698962459257,11427,0.24052896830764184
303,0.24250748310951364,0.24465301401993045,0.003115370905385235,0.0001,1.0059925206042149e-05,0.006458252010155547,0.0005478788765617064,11350,0.24250748310951364
304,0.24945039470858404,0.2453731550065709,0.002952802359964881,0.0001,8.813284411992186e-06,0.005969437393769223,0.0005681599797690967,11198,0.24945039470858404
305,0.24782772911227585,0.24586393415645127,0.002843990776795536,0.0001,8.904788203578379e-06,0.0062621779762674495,0.0005711276875616721,11129,0.24782772911227585
306,0.24487438255673696,0.24647738670497987,0.0030624211708162293,0.0001,9.316376722963815e-06,0.006084321001791349,0.0005138586994203559,11341,0.24487438255673696
307,0.24162151229107415,0.24720080578934203,0.003145198680536215,0.0001,9.88632523839494e-06,0.006286614133202835,0.000517734519334987,11333,0.24162151229107415
308,0.23942586513811634,0.24782588667254463,0.0029738082520528925,0.0001,8.73655085097949e-06,0.00587566521476187,0.0005112714258461099,11450,0.23942586513811634
309,0.24965931866158875,0.2484731491590227,0.003431555876999139,0.0001,1.1462694408161533e-05,0.006680756379339824,0.0005569388872595137,11259,0.24965931866158875
310,0.246799517638726,0.24913928435878335,0.003158880936054607,0.0001,1.003391611163945e-05,0.006352829571456817,0.0005326322438698931,11223,0.246799517638726
311,0.24544123531187131,0.2497943467829703,0.003117929430837306,0.0001,9.903838499087244e-06,0.006352830440057529,0.0005345466468206043,11346,0.24544123531187131
312,0.2462212022847457,0.2504513388146209,0.0031628711536791664,0.0001,9.39920246170816e-06,0.005943462129827619,0.0005828886791455917,11204,0.2462212022847457
313,0.24549597092320774,0.25111810821690733,0.0032465987417096484,0.0001,1.0223052599756838e-05,0.00629770009358989,0.0005651582931501717,11383,0.24549597092320774
314,0.25377133174975763,0.251649074955115,0.003178979021245399,0.0001,1.0388105369632086e-05,0.006535497906848367,0.0005781198437953036,11096,0.25377133174975763
315,0.25810149769211677,0.25222943743990706,0.003110207644685,0.0001,9.93370284090811e-06,0.006387806844911919,0.0005727499805048791,11038,0.25810149769211677
316,0.2512603931315164,0.25267193727761533,0.0030194652501896015,0.0001,9.265853235778487e-06,0.006137413394770253,0.0005451615792681187,11248,0.2512603931315164
317,0.2474696981312311,0.2533441949755622,0.0030293709460022873,0.0001,8.565980317765956e-06,0.005655286506969417,0.0005358125535990252,11215,0.2474696981312311
318,0.2533295515717887,0.25378449761119803,0.0030589501570301215,0.0001,9.719083330273801e-06,0.006354522193136927,0.000574098743753465,11180,0.2533295515717887
319,0.26092915100587755,0.2543687640799589,0.0030492392383429773,0.0001,9.067670568400947e-06,0.005947496971951937,0.0005676663563647765,10993,0.26092915100587755
320,0.25145228046257423,0.25502745221955647,0.003016961286762808,0.0001,8.91114796885314e-06,0.005907366467015411,0.0005654564189359561,11207,0.25145228046257423
321,0.25683217151245863,0.25558579433302786,0.0032171499902867912,0.0001,1.0185643579748394e-05,0.006332091205259847,0.0005592401994038886,11047,0.25683217151245863
322,0.2532914202596468,0.2561948191346006,0.003130894826510215,0.0001,1.0059178125814147e-05,0.006425752817143585,0.0005486074203613824,11194,0.2532914202596468
323,0.24974250125718178,0.25687041638424213,0.003274735968280056,0.0001,1.0223988732515404e-05,0.006244160647788166,0.0005481887634631612,11230,0.24974250125718178
324,0.2607887699100061,0.2572942437318786,0.0030769406269161572,0.0001,9.755251368862624e-06,0.006340877222996503,0.0005628576686468145,11020,0.2607887699100061
325,0.24576422931503522,0.25792845168374195,0.003249831589710882,0.0001,1.0245859188781078e-05,0.006305470856532962,0.0005435390895914514,11349,0.24576422931503522
326,0.262577735950947,0.25846025544226003,0.002950642278840052,0.0001,9.228421249089342e-06,0.006255194887749791,0.0005528545306201813,10924,0.262577735950947
327,0.25577550549844097,0.25912647004361977,0.0032871769486419416,0.0001,1.0243596481149112e-05,0.006232458210307865,0.0005650430739679746,11132,0.25577550549844097
328,0.2522017850606853,0.2599100504224142,0.0034498491740274275,0.0001,1.0741417858152364e-05,0.006227181141146877,0.0005477419745942014,11222,0.2522017850606853
329,0.26385021546979304,0.2605217226271662,0.0030938220173662243,0.0001,9.366138196426636e-06,0.00605473627367876,0.000579657264904336,10973,0.26385021546979304
330,0.26154497399945353,0.26120138245533847,0.0032297298110044344,0.0001,9.617166629060586e-06,0.005955400105787597,0.0005620282983485861,11063,0.26154497399945353
331,0.2536264930666371,0.2617514465913826,0.00314411283648235,0.0001,9.631828681508726e-06,0.006126897590790581,0.0005472546690481343,11066,0.2536264930666371
332,0.2593407135280457,0.2623561078675767,0.0032319538314063844,0.0001,9.733961302804814e-06,0.006023576951016705,0.0005654359120187423,11061,0.2593407135280457
333,0.2624416882771375,0.2629481126202402,0.003197139163228279,0.0001,9.777184410892396e-06,0.006116208217236302,0.0005847755734691614,10981,0.2624416882771375
334,0.25950897828045605,0.2634537650743033,0.0030026628157863,0.0001,8.932176951905272e-06,0.005949503823702713,0.0005717706907363327,10983,0.25950897828045605
335,0.262444550425065,0.26399001717661663,0.0030701368802573403,0.0001,9.022750898693462e-06,0.005877751546984559,0.0005471436810060358,11004,0.262444550425065
336,0.26347720721360635,0.2645298370758576,0.0032073758105684814,0.0001,9.7649775011025e-06,0.006089075978515742,0.0005696634297698772,10884,0.26347720721360635
337,0.2702116122197167,0.2650739731861603,0.0029394384231041463,0.0001,8.266043101544977e-06,0.0056242328715399685,0.0005663581752409845,10807,0.2702116122197167
338,0.2717596575891361,0.26567307055254297,0.0033660355312770856,0.0001,1.1151775309361346e-05,0.006626059175988748,0.0006000307040445855,10818,0.2717596575891361
339,0.26749565162120414,0.26621063035347126,0.0031016825970442033,0.0001,9.365405377297901e-06,0.006038919253841648,0.000557850191741336,10864,0.26749565162120414
340,0.26554840216442466,0.26673430522290387,0.002910180256692577,0.0001,8.692540595317762e-06,0.005973884659087643,0.0005715542223219764,10914,0.26554840216442466
341,0.2705935482811812,0.26724542422012915,0.003151753975421126,0.0001,9.922203756558749e-06,0.0062963060149598,0.0005691763522985092,10899,0.2705935482811812
342,0.27536735294478937,0.26771639751781817,0.002931959780119466,0.0001,8.81475761191898e-06,0.006012877578804857,0.0005961992977119989,10716,0.27536735294478937
343,0.2701044757789689,0.26823180878729785,0.003019558974232677,0.0001,8.811525442214775e-06,0.005836299616869671,0.0005518820470440418,10780,0.2701044757789689
344,0.26556911454581406,0.2687274191943365,0.0030917638982902204,0.0001,9.107766300739287e-06,0.005891631185535208,0.0005679058648220054,10936,0.26556911454581406
345,0.25897494774927665,0.26911715152286786,0.0027283205392335604,0.0001,8.102774970296609e-06,0.00593975293868721,0.0005467629518373022,11071,0.25897494774927665
346,0.26968977771782243,0.26970436923617774,0.0029268478450329375,0.0001,8.472139990229369e-06,0.005789258915257363,0.0005694016172021905,10775,0.26968977771782243
347,0.26863917590327024,0.2703073210884058,0.003089372918419894,0.0001,9.587690403198902e-06,0.006206884475508816,0.0005653889715982312,10889,0.26863917590327024
348,0.26334563200007866,0.2709678894776826,0.003261464714308209,0.0001,9.308649638914912e-06,0.005708263283105533,0.0005678834843734116,10995,0.26334563200007866
349,0.24885331468212796,0.2715150737960009,0.003068259337430622,0.0001,8.930290203220708e-06,0.005821079133877244,0.0005549960545143094,11226,0.24885331468212796
350,0.2695097524874849,0.27198390800460265,0.0032138504916620425,0.0001,1.0345345611689231e-05,0.006437975654766153,0.0006136270209394577,10820,0.2695097524874849
351,0.2787164320385259,0.27235879972889443,0.002845995988103635,0.0001,8.303977383686797e-06,0.0058355510115950405,0.0005744561464775856,10669,0.2787164320385259
352,0.27573429305659003,0.27280650210162644,0.0030933449391758057,0.0001,9.255438706273647e-06,0.005984097401526566,0.000562181926358002,10718,0.27573429305659003
353,0.2722720994505157,0.27318505553607364,0.0027230495839064787,0.0001,8.01037135724383e-06,0.005883382663750231,0.0005498199416916519,10788,0.2722720994505157
354,0.2675529790443498,0.2736851866231723,0.002866451589364393,0.0001,8.209334043645967e-06,0.005727872100896916,0.0005737687354891031,10856,0.2675529790443498
355,0.27359225123832,0.2742412136982852,0.0032387119547539036,0.0001,9.834589889789924e-06,0.0060731488487911645,0.0005784599270152893,10820,0.27359225123832
356,0.27272598819988025,0.2749407406852399,0.0034704762877022675,0.0001,1.0640949742224588e-05,0.006132270535851865,0.0005640552719668184,10705,0.27272598819988025
357,0.2773051632305806,0.2754349232888005,0.0030010540351045377,0.0001,8.487718427922384e-06,0.005656491571719885,0.0005942125673236314,10632,0.2773051632305806
358,0.28440462725075577,0.27590768313753666,0.002877462442776248,0.0001,7.894844621716853e-06,0.005487365884852147,0.0005835334259221444,10573,0.28440462725075577
359,0.27308992535930643,0.27636210753329127,0.0028264114866895047,0.0001,8.093380266936321e-06,0.005726965309227403,0.0005407093740135449,10784,0.27308992535930643
360,0.2782114535249778,0.2768578034904936,0.0030144339957276726,0.0001,8.893621550802539e-06,0.005900690851687171,0.0006090968422552511,10636,0.2782114535249778
361,0.2817945711022095,0.2773411926582732,0.0029126799206439504,0.0001,7.886557168972284e-06,0.005415327041653572,0.0005676282927739544,10548,0.2817945711022095
362,0.2757333984308364,0.27784370377848483,0.00306840446793431,0.0001,9.169195065673805e-06,0.005976523083246994,0.0006028659057396362,10649,0.2757333984308364
363,0.2803217201356397,0.27830978824171837,0.0026157103657510118,0.0001,6.8197058478264024e-06,0.0052144197133755345,0.000581003601313834,10604,0.2803217201356397
364,0.2779578475137966,0.27877201951379843,0.0030864379113458764,0.0001,9.31244105479566e-06,0.006034426301311767,0.0006089354695329235,10668,0.2779578475137966
365,0.2786008890823374,0.27925182086424627,0.0031891404870618215,0.0001,9.502347707392516e-06,0.005959190412553508,0.0005812550131313592,10579,0.2786008890823374
366,0.2740193250422934,0.279810003097403,0.0030858439324478295,0.0001,8.889972813768503e-06,0.0057617773344205234,0.0005657605686017629,10777,0.2740193250422934
367,0.2793037704078548,0.28030330788858937,0.00289570835794381,0.0001,8.104404838560135e-06,0.005597528367335255,0.0005826755738031514,10705,0.2793037704078548
368,0.28549898348217234,0.2807527173391772,0.003069908004744096,0.0001,9.304275519119758e-06,0.006061598917453783,0.0005644302419867864,10505,0.28549898348217234
369,0.27744588914449725,0.28124249811582025,0.003057167711471862,0.0001,8.851942674601514e-06,0.005790943454874958,0.0005863365488211172,10667,0.27744588914449725
370,0.27816694345086834,0.2817493334686042,0.002952468859706871,0.0001,8.717602981541318e-06,0.0059052971569067275,0.000563362506326376,10722,0.27816694345086834
371,0.2851117480677181,0.2822304984267149,0.0030189361707499297,0.0001,8.164278973118378e-06,0.005408712547301258,0.0005872881726337102,10542,0.2851117480677181
372,0.284161268749861,0.2827233219557102,0.0029832160786323397,0.0001,8.13448811747478e-06,0.005453502463826924,0.0005857523945539504,10479,0.284161268749861
373,0.28702331289441874,0.28328771877814496,0.00316070843501384,0.0001,8.818676290273168e-06,0.005580189676833987,0.0005960816464307088,10484,0.28702331289441874
374,0.2871013284293129,0.2837971308208599,0.0030965271957349855,0.0001,8.809371384515802e-06,0.005689839505785335,0.000592984005116599,10527,0.2871013284293129
375,0.2894051079369672,0.2842370000365555,0.0029891915592018554,0.0001,8.496480557318746e-06,0.0056848016522483375,0.0005922518036782554,10449,0.2894051079369672
376,0.2805324491728769,0.2845727798512372,0.002623803221248857,0.0001,7.031111196902979e-06,0.005359480573818616,0.0005577442605416742,10614,0.2805324491728769
377,0.281494492406313,0.2849609435169457,0.002949995784410482,0.0001,8.459773299042882e-06,0.005735447720806461,0.0005802141792582487,10626,0.281494492406313
378,0.2888748648991455,0.2854160816485049,0.003022708149273337,0.0001,8.518981737408673e-06,0.005636655156043858,0.000610752701999018,10385,0.2888748648991455
379,0.29511749360136397,0.28566208422328154,0.0023482186029247297,0.0001,6.2167774780320375e-06,0.005294888193364092,0.0006036308575453872,10180,0.29511749360136397
380,0.3007297300620026,0.2859866181994083,0.0028175468582492895,0.0001,7.934801018889233e-06,0.005632418141091431,0.0005791429011806431,10217,0.3007297300620026
381,0.2977389281274112,0.28637149663850503,0.0031292329372898157,0.0001,9.35341132512222e-06,0.005978085692286673,0.0006125755491744698,10218,0.2977389281274112
382,0.28973520091101845,0.28690383343777615,0.0028539765519290236,0.0001,7.640126663703297e-06,0.0053540220283444726,0.000587483532502666,10474,0.28973520091101845
383,0.2823165443258375,0.28739270926269594,0.0030002307867621355,0.0001,8.2126218032741e-06,0.0054746600424944,0.0005992099285385289,10602,0.2823165443258375
384,0.2831765984461846,0.2878430233115248,0.003067866370799527,0.0001,8.954450963284506e-06,0.0058375756183610145,0.000583485311564954,10545,0.2831765984461846
385,0.2883468148768551,0.28831647892133383,0.003018040183906515,0.0001,8.38831058910742e-06,0.0055587799220417865,0.0005920913520387263,10488,0.2883468148768551
386,0.2844672190866405,0.2887511116152802,0.0027511711630216215,0.0001,7.3945965019289845e-06,0.00537559901857031,0.0005961004908688191,10505,0.2844672190866405
387,0.29673605683443993,0.28912926595317223,0.002743077972619982,0.0001,7.141421998834527e-06,0.005206867664803255,0.0005777981059244615,10367,0.29673605683443993
388,0.2909827955175469,0.28959144787984253,0.0030012909135169745,0.0001,8.087872708241367e-06,0.0053895959713974075,0.0005922697982268469,10359,0.2909827955175469
389,0.2909273858029443,0.2900105984510597,0.0029044199365218246,0.0001,7.956628734806968e-06,0.005478979561292636,0.0005847261752322746,10360,0.2909273858029443
390,0.2914913614152349,0.29048674554662124,0.003028344896915634,0.0001,8.515769647574262e-06,0.005624042133541371,0.0006087531380676671,10304,0.2914913614152349
391,0.28973041587496806,0.29091241314373406,0.0027858591953586706,0.0001,7.357188065215472e-06,0.005281808985517129,0.0005910953930962947,10410,0.28973041587496806
392,0.28183258505182285,0.2913516182016448,0.003077553538540852,0.0001,8.846075114327145e-06,0.005748770901006843,0.0005841200493782888,10522,0.28183258505182285
393,0.2878599084696619,0.29177559394376934,0.0026668674286914073,0.0001,6.904298545022649e-06,0.005177834091595987,0.00057377011229022,10486,0.2878599084696619
394,0.29098263754558684,0.29211225970205323,0.002613565473059493,0.0001,7.440757888810648e-06,0.005693951780056495,0.0005917095129871247,10394,0.29098263754558684
395,0.30037134923494396,0.29266536753942607,0.0031574714605055805,0.0001,8.597144842241868e-06,0.0054455883131657975,0.000620406353975721,10254,0.30037134923494396
396,0.29388088108813254,0.29312750144927735,0.0029860472482526965,0.0001,8.47962609796769e-06,0.005679498944920978,0.0005880800331964093,10281,0.29388088108813254
397,0.2987335759032559,0.2934559856479133,0.0027169475065940466,0.0001,7.433358242518765e-06,0.005471845314992626,0.0006025508354609531,10284,0.2987335759032559
398,0.2939307806828007,0.29379174791262486,0.002643741621571286,0.0001,6.6409473690273604e-06,0.005023900455960872,0.0006149517225250998,10305,0.2939307806828007
399,0.28999884301679074,0.29408313131926056,0.0025120343696533975,0.0001,6.6173157630113145e-06,0.005268491421098153,0.0005625742881393424,10346,0.28999884301679074
400,0.29055745598492927,0.2945266503149938,0.0028001092222913154,0.0001,7.3415468462616026e-06,0.005243757484755578,0.0005928208895872315,10395,0.29055745598492927
401,0.29685224909783525,0.2949525186900216,0.002924816751070039,0.0001,7.761088777941843e-06,0.005307059852623219,0.0005599152176076791,10208,0.29685224909783525
402,0.2994910343961775,0.29527267256897227,0.002448987664688405,0.0001,6.169697407444568e-06,0.005038569606866161,0.0005762333140747429,10219,0.2994910343961775
403,0.2958365274058147,0.2958230434141245,0.0032868415432717323,0.0001,9.136078296229602e-06,0.0055591839009893505,0.0006204448494481058,10305,0.2958365274058147
404,0.2956116692827827,0.296269917536206,0.0030132795547777123,0.0001,8.345585723855652e-06,0.005539204426368798,0.0005777273232163524,10250,0.2956116692827827
405,0.29453415477329353,0.29665505541723386,0.0027240838728294506,0.0001,7.124891187124356e-06,0.005231036575774648,0.0005886556922163511,10283,0.29453415477329353
406,0.29547793056412974,0.29718886930264765,0.0032440291248171152,0.0001,8.757609058741454e-06,0.005399217283066267,0.0005937257884698778,10310,0.29547793056412974
407,0.30552941804300005,0.29753965635106333,0.0028475991348072094,0.0001,7.617030881477108e-06,0.005349791540790591,0.0006059585052074289,10164,0.30552941804300005
408,0.30615367712779584,0.29795265120701375,0.002834421081955856,0.0001,7.455433065135803e-06,0.005260639015563119,0.0006261539062522684,10092,0.30615367712779584
409,0.2906406724781996,0.29833372664598057,0.002695528744755673,0.0001,6.9250705661800954e-06,0.005138190850053647,0.0006134519548503562,10383,0.2906406724781996
410,0.29867238118422046,0.2985113962104575,0.0026540726584684537,0.0001,7.102791191268871e-06,0.005352371321565531,0.0005522053336161902,10269,0.29867238118422046
411,0.28917321599166323,0.2989027998291613,0.002967119569185195,0.0001,8.307695680527932e-06,0.0055998388247018435,0.0005918496724841832,10444,0.28917321599166323
412,0.2941071407857837,0.29921285812820364,0.002930957764831951,0.0001,8.659489082052363e-06,0.005908982508008856,0.0006244620982560826,10271,0.2941071407857837
413,0.29822395201499974,0.299578546387127,0.002833119176464854,0.0001,7.320691834782527e-06,0.005167937794919897,0.0005894863714450572,10124,0.29822395201499974
414,0.3017855135317883,0.2998849414981795,0.002814315556431898,0.0001,7.638522836278983e-06,0.005428334302329201,0.0005974825736311545,10156,0.3017855135317883
415,0.30118141143100957,0.30029061007680435,0.0026594939811022153,0.0001,6.451765047752529e-06,0.004851874148689462,0.0005893801997994259,10177,0.30118141143100957
416,0.3018533540888367,0.30072547897397583,0.003020886100963929,0.0001,8.34173337792274e-06,0.005522706318030984,0.0005985902578814556,10158,0.3018533540888367
417,0.2975287262392936,0.30107964725811875,0.002514147559242627,0.0001,6.021526844811288e-06,0.004790114106608158,0.0005768504180622273,10279,0.2975287262392936
418,0.29382378695472255,0.30140579051455885,0.0027267752938404267,0.0001,7.178409047573858e-06,0.00526512695328385,0.0006108144436415646,10263,0.29382378695472255
419,0.2952635397403869,0.30184051389099775,0.003011778612102915,0.0001,8.446971530927547e-06,0.0056092911324777716,0.0005990537106810873,10287,0.2952635397403869
420,0.30468382753746404,0.3022484431115938,0.0028026862290535986,0.0001,7.158146817434361e-06,0.005108061504160241,0.0005988423225195177,10109,0.30468382753746404
421,0.29809299546490176,0.302471303856772,0.0027419146104368107,0.0001,7.381093854887633e-06,0.005383897679958574,0.0005721288406462338,10209,0.29809299546490176
422,0.3034652440477541,0.3027293245876891,0.0024633054170171394,0.0001,5.89304330967482e-06,0.004784663135122572,0.0006092072164981819,10117,0.3034652440477541
423,0.2895581344457584,0.3029695795141677,0.002705481938908486,0.0001,7.377280803108792e-06,0.005453579783338062,0.0005929916046227331,10334,0.2895581344457584
424,0.29702923493286926,0.30320398342938604,0.0025848964517325725,0.0001,6.576677960881348e-06,0.005088542681447232,0.0005967764552766456,10241,0.29702923493286926
425,0.29733155629710184,0.30356515504875153,0.0027976922473661285,0.0001,7.542535984422523e-06,0.0053919697504422786,0.0005834637178997862,10311,0.29733155629710184
426,0.30127800028898255,0.3039383297218819,0.0027688556316904124,0.0001,7.1407530228199875e-06,0.005157909239536978,0.0005941113818938271,10153,0.30127800028898255
427,0.30171788951119516,0.3042899603495489,0.002911039998094648,0.0001,7.546835874401373e-06,0.005184975733305605,0.0006278104958373556,10116,0.30171788951119516
428,0.29920149185887623,0.3045523305703054,0.0027573627248675746,0.0001,7.431241138480346e-06,0.005390107780496843,0.0005796997661511254,10177,0.29920149185887623
429,0.3078563729939696,0.30481438893477253,0.0024671552285814974,0.0001,5.743348809765826e-06,0.004655847141866297,0.0005628104565030845,9994,0.3078563729939696
430,0.3006305937988316,0.3050400531634161,0.0025758642918269916,0.0001,6.4346788174865765e-06,0.004996131852057027,0.0005617210894517487,10143,0.3006305937988316
431,0.3158036454574654,0.30531122387510035,0.0026997313254695683,0.0001,7.147111864568045e-06,0.005294683805859783,0.0006124446950200712,9865,0.3158036454574654
432,0.31079206735933473,0.3056621181106968,0.0028336508760212382,0.0001,7.440359691730197e-06,0.005251430057733359,0.0005974959953635474,10041,0.31079206735933473
433,0.3001927769857843,0.3061031725624527,0.002944273694648268,0.0001,7.685025363568506e-06,0.005220319957032107,0.0005879728225483445,10060,0.3001927769857843
434,0.3097365204539154,0.3064034516735444,0.0025703453216212703,0.0001,6.243088294626951e-06,0.004857781747931877,0.0006149066281793688,9927,0.3097365204539154
435,0.300425906077166,0.30672857190240455,0.0028508572544852407,0.0001,7.467820441577763e-06,0.00523899990420683,0.0006096250327867171,10117,0.300425906077166
436,0.30209681798218063,0.30698872674168654,0.0024742859561925823,0.0001,6.386015282699784e-06,0.005161905612984644,0.0006150383169193259,10170,0.30209681798218063
437,0.3161522263581229,0.3074494894896946,0.0028385019029246233,0.0001,6.781328047822605e-06,0.004778103576985823,0.0006111965054120701,9801,0.3161522263581229
438,0.30154017682095335,0.3078890690656909,0.0033328229219356685,0.0001,9.484177748922629e-06,0.005691378132633771,0.0006221061495066207,10113,0.30154017682095335
439,0.3078273387221588,0.3083135271508318,0.0027861122448978263,0.0001,6.575905246749767e-06,0.004720488385772787,0.0005771134807151259,10038,0.3078273387221588
440,0.3144117047563194,0.30868581002615625,0.00280119362385166,0.0001,6.9358496904997674e-06,0.004952067312621485,0.0006176607415530604,9898,0.3144117047563194
441,0.31226589193211474,0.3090850042709714,0.0028999705031534243,0.0001,7.473592084777841e-06,0.005154253863376242,0.0006160356969875354,9955,0.31226589193211474
442,0.3184423729161328,0.30935857020333435,0.0026552384032481023,0.0001,6.72663187738668e-06,0.005066687698670011,0.0005800940624028528,9781,0.3184423729161328
443,0.30615405649414174,0.30967448122172847,0.0028191945818729536,0.0001,7.234084785288888e-06,0.005132022338438853,0.0006203485823341828,10007,0.30615405649414174
444,0.3123288913858533,0.3100468852108358,0.002654683245371314,0.0001,5.986086032444216e-06,0.004509830724913423,0.0005988715832664024,9866,0.3123288913858533
445,0.30381867196272133,0.31036762861031514,0.0028968935326184843,0.0001,7.712773263048477e-06,0.005324857939171102,0.0006061459694012969,10099,0.30381867196272133
446,0.30830860058984844,0.3105332487729025,0.002296018993138386,0.0001,5.592074768045953e-06,0.004871104973223456,0.0005935427583900087,10030,0.30830860058984844
447,0.30609672499470775,0.31072294689864066,0.002510438605530835,0.0001,6.172332509889082e-06,0.0049173339641053965,0.0005911799378000344,10108,0.30609672499470775
448,0.3053063274039758,0.3110085574643179,0.002834002019670092,0.0001,7.62837040454875e-06,0.00538346151597787,0.0006207707795764161,9990,0.3053063274039758
449,0.3276271013340366,0.31126767341280204,0.0023223429222857185,0.0001,5.525796573795457e-06,0.0047588119056567275,0.0005824906830659375,9590,0.3276271013340366
450,0.2967159420153855,0.31162060971967137,0.0028166936974804856,0.0001,6.80565585819503e-06,0.0048323719858376106,0.0006207275880798301,10230,0.2967159420153855
451,0.3125886178930695,0.31185157438390393,0.002476330835597679,0.0001,6.065979521351316e-06,0.004899167295542118,0.0005616196070323123,9858,0.3125886178930695
452,0.31559870896025455,0.3121647118697366,0.002803957473066253,0.0001,7.023692298735966e-06,0.005009842243474002,0.0005667372541313707,9854,0.31559870896025455
453,0.3067921167122664,0.31252883743555937,0.0026942662344333003,0.0001,6.460859072499395e-06,0.004796006415348439,0.0005971183817695657,9957,0.3067921167122664
454,0.3143680391452758,0.31279858067430866,0.002564395901783077,0.0001,6.068393885349422e-06,0.004732805789566223,0.0005641734545150277,9944,0.3143680391452758
455,0.31236922237053655,0.313098025939786,0.002731470281203309,0.0001,7.041345907011864e-06,0.005155718482801799,0.0005826828790384778,9880,0.31236922237053655
456,0.321929881358529,0.31349467399447356,0.002899562299780421,0.0001,7.145675005557961e-06,0.004928795636568382,0.0005977649890624957,9740,0.321929881358529
457,0.3194321178624397,0.3137980005075175,0.0028617969535846832,0.0001,7.397858547181917e-06,0.005170079266396148,0.0005951780464938077,9788,0.3194321178624397
458,0.3093058483262845,0.31413152749371437,0.0027731972739616015,0.0001,6.894373321801756e-06,0.004972147770759144,0.0005540324949213853,9940,0.3093058483262845
459,0.31234267603375143,0.314440215195926,0.0026648435650017616,0.0001,6.488129599540403e-06,0.004869426246816941,0.000591660144312051,9892,0.31234267603375143
460,0.3040644451994378,0.31465714061093736,0.0023730291463193464,0.0001,5.82932315120917e-06,0.004912980660394045,0.000595364118815027,10028,0.3040644451994378
461,0.3257142619231135,0.31487939486121175,0.0025049072926157413,0.0001,5.993586391893331e-06,0.004785475621841915,0.0005881316497393328,9687,0.3257142619231135
462,0.31384194367990087,0.3151602978746658,0.0027271382377296134,0.0001,6.735146261023931e-06,0.004939350831464305,0.0006061290460267226,9885,0.31384194367990087
463,0.3115395319929528,0.31547763475737717,0.002761038241836556,0.0001,7.264011266176543e-06,0.005261796925597633,0.0005965085411022939,9930,0.3115395319929528
464,0.31282456766723443,0.31575893805806443,0.0026809971943804176,0.0001,6.440007384189265e-06,0.004804188081724241,0.0005722231432925323,9906,0.31282456766723443
465,0.3080174214653115,0.3159992827816398,0.002514486671762165,0.0001,5.825046264906439e-06,0.004633189215375095,0.000597626655705432,10038,0.3080174214653115
466,0.3160993297063492,0.316322570575693,0.0026861490077767954,0.0001,6.427004691421066e-06,0.004785292753911971,0.0006174653104789015,9803,0.3160993297063492
467,0.3247552219089762,0.31661557265702944,0.002679908596440962,0.0001,6.410365002834643e-06,0.004784017642503101,0.0005885705286422551,9701,0.3247552219089762
468,0.32829192677417496,0.3168787115720739,0.0027260267423999053,0.0001,6.665640443854961e-06,0.004890370545658513,0.0005778862680901116,9622,0.32829192677417496
469,0.325890143472397,0.3171935970458703,0.002844714756534556,0.0001,7.217191541848144e-06,0.005074105602517533,0.0006137107357488562,9746,0.325890143472397
470,0.3111595676130909,0.31738737119132215,0.0023192611513577713,0.0001,5.595584839682386e-06,0.004825316749178114,0.0006019742748325946,9985,0.3111595676130909
471,0.3208838766144002,0.3177317770186217,0.0027756976476230777,0.0001,6.67544137623507e-06,0.004809919684120836,0.0005748638235492102,9677,0.3208838766144002
472,0.3154964309423417,0.31802480539216477,0.002415733756683431,0.0001,5.276305334894541e-06,0.004368283814635598,0.0005588571142610302,9864,0.3154964309423417
473,0.3147066475503714,0.3182972689968874,0.0027698713958389915,0.0001,6.778053629908333e-06,0.004894128759978235,0.0005939588941186822,9883,0.3147066475503714
474,0.313367779389792,0.3185848317795077,0.0027362514490929337,0.0001,6.580971113670513e-06,0.004810209321845843,0.0005997952934000225,9897,0.313367779389792
475,0.33215127767684716,0.3189263995346119,0.0027264764259863606,0.0001,6.416969901376826e-06,0.004707152308537091,0.0005812629451130608,9508,0.33215127767684716
476,0.32088930933708515,0.31924176366157997,0.002824231605121249,0.0001,6.940641499581889e-06,0.004915065384153518,0.0005926903737364986,9761,0.32088930933708515
477,0.31875463555616634,0.31953577746339423,0.0026128696293800393,0.0001,6.051597012950973e-06,0.004632146162138864,0.0005913651956927819,9814,0.31875463555616634
478,0.3118087705379846,0.3199273773395499,0.0029044679106448156,0.0001,6.944229827207839e-06,0.0047817569626143076,0.0006008257724888518,9855,0.3118087705379846
479,0.3259804977093548,0.32031705814503225,0.0029369821224351886,0.0001,7.0058826443416874e-06,0.0047708037381805945,0.0006003924970661886,9700,0.3259804977093548
480,0.3263121683021084,0.32057269834102653,0.002616370282544933,0.0001,6.327234331916037e-06,0.0048366505109219944,0.000616787948162597,9620,0.3263121683021084
481,0.32058721581155675,0.3208283249483247,0.002715939502141477,0.0001,6.6551379157492375e-06,0.004900799823045956,0.0005825736251134217,9737,0.32058721581155675
482,0.31620096933734276,0.32108828735564326,0.0025181513293633813,0.0001,5.811929066322109e-06,0.004616028432089054,0.0005802575771677322,9868,0.31620096933734276
483,0.32838982867820843,0.3213195221708759,0.0025733523021834745,0.0001,5.996405053796479e-06,0.004660384082434858,0.0005903981702462055,9537,0.32838982867820843
484,0.32023936165154954,0.3215187770983782,0.002286508139797983,0.0001,5.33647099502542e-06,0.004667790944752033,0.0005903325391884634,9687,0.32023936165154954
485,0.3183390878406369,0.3217782460118044,0.002401008551326812,0.0001,5.212546299240756e-06,0.0043419639604034485,0.0006005019456750083,9783,0.3183390878406369
486,0.3167516765530354,0.3219240711681294,0.0022613300308311256,0.0001,5.258505909985909e-06,0.004650808009703215,0.0006149676536956892,9824,0.3167516765530354
487,0.3277956513580287,0.32208235545215347,0.002351545265504733,0.0001,5.789025067615269e-06,0.0049235922884714005,0.0006281063040218141,9695,0.3277956513580287
488,0.32029413113768823,0.3222926517171248,0.0027053912262426996,0.0001,6.664866760738356e-06,0.004927100151791837,0.0005964558901921495,9809,0.32029413113768823
489,0.32102845201790275,0.322551606571,0.002701454052139687,0.0001,6.26034425838162e-06,0.004634796030251275,0.0005852594650216792,9731,0.32102845201790275
490,0.3274129222338522,0.32291369778592527,0.002672971563741242,0.0001,6.140358690119022e-06,0.004594406295534718,0.0005804835398731183,9602,0.3274129222338522
491,0.31924868212049484,0.3232099184296021,0.002498824956785631,0.0001,5.397253924350921e-06,0.004319833535914168,0.0005933210928802356,9722,0.31924868212049484
492,0.32116578842537885,0.3234902386234955,0.0028674970283674196,0.0001,7.1449772015172025e-06,0.004983424311051594,0.0006058848921107029,9767,0.32116578842537885
493,0.3240078263823084,0.3236575336040193,0.002467026386627548,0.0001,5.742595844345115e-06,0.004655479872832092,0.0005700275976628557,9696,0.3240078263823084
494,0.3270817108911689,0.32394174264802716,0.0026375121943051113,0.0001,6.043175312065841e-06,0.004582481419509036,0.0005769749302194529,9565,0.3270817108911689
495,0.32031324491003765,0.3241377002005391,0.00259275936614669,0.0001,6.320702437565348e-06,0.004875656815741491,0.000622251754144073,9769,0.32031324491003765
496,0.32940137088154,0.32432836204573495,0.0024307115242719187,0.0001,5.309595399399612e-06,0.004368758156926925,0.0005915696469728788,9570,0.32940137088154
497,0.32479752952349006,0.3245968947733092,0.0026685142578077425,0.0001,6.22263927335617e-06,0.0046637481925753226,0.0006270243892429498,9707,0.32479752952349006
498,0.3347257278391981,0.32475349510716106,0.002495942676069316,0.0001,5.770377215113511e-06,0.004623805883395424,0.00060178781101996,9440,0.3347257278391981
499,0.3220668711752157,0.3249258441797107,0.0022497815236413236,0.0001,5.20874659567242e-06,0.004630446593091354,0.0005891063989630045,9721,0.3220668711752157
500,0.13908107226521904,0.13401784737300282,0.0016271986556637328,0.0001,3.3420407279510104e-06,0.004107723069114501,0.0004101939662426426,13487,0.13908107226521904
501,0.1291677893239826,0.13448707729119513,0.0017160213947567569,0.0001,4.0167379293235995e-06,0.0046814543706699685,0.0003769082689974783,13641,0.1291677893239826
502,0.13295767505809408,0.13509242880105926,0.0021938821009627337,0.0001,6.028881996212788e-06,0.005496085677135661,0.00038751682581943467,13594,0.13295767505809408
503,0.12575270787068177,0.13551117165560797,0.0015997450844844499,0.0001,3.287907434851517e-06,0.004110539193700492,0.0003730474602890023,13751,0.12575270787068177
504,0.1400226813627123,0.13597999548572634,0.0017414397016765229,0.0001,3.895144336878616e-06,0.0044734759786729025,0.00041641409523876375,13460,0.1400226813627123
505,0.13982819140388944,0.1364479215808475,0.00180447471744512,0.0001,4.350816517563654e-06,0.004822252676084918,0.0003559513455997897,13503,0.13982819140388944
506,0.13658465399284153,0.13688679217042188,0.0016476344200256952,0.0001,3.5740751756810065e-06,0.004338432278715406,0.0003987594803653001,13571,0.13658465399284153
507,0.13414533872024362,0.13749133005717332,0.002248476738764167,0.0001,6.417222710311867e-06,0.005708062351437955,0.0003625625414437273,13613,0.13414533872024362
508,0.1418922795653082,0.1379763199787189,0.0018817903594082583,0.0001,4.6214229020118066e-06,0.004911729809759515,0.0004020461276071361,13390,0.1418922795653082
509,0.13932835359225515,0.13846809518412523,0.0020431777608597703,0.0001,5.272827440612268e-06,0.005161398622891684,0.00039656091906666827,13506,0.13932835359225515
510,0.13656145240556938,0.13887929430965987,0.0016656794575379541,0.0001,3.5086248350746555e-06,0.004212845177619906,0.000401545614018592,13485,0.13656145240556938
511,0.13641876055097876,0.13934302988193473,0.00181947600710162,0.0001,4.057734220963828e-06,0.004460332760779514,0.0004220613854412188,13510,0.13641876055097876
512,0.13820891530284388,0.13977697263132435,0.0017043896955725572,0.0001,3.737796542638867e-06,0.0043860820707241205,0.0003928352802051838,13527,0.13820891530284388
513,0.14085829404657574,0.1403275045488485,0.0021168232520817616,0.0001,5.510397353975068e-06,0.005206289517611771,0.00039038876633046217,13452,0.14085829404657574
514,0.13696093429764084,0.14081157241718034,0.0018940618642821494,0.0001,4.607244711411943e-06,0.00486493582738185,0.0003991168098924212,13493,0.13696093429764084
515,0.1366900150719378,0.1412687715279778,0.0017991017301367174,0.0001,4.131648403794162e-06,0.004593012540186029,0.0004249864115116442,13544,0.1366900150719378
516,0.13367343645165602,0.14171475438136552,0.0017861748461969668,0.0001,3.999056410634514e-06,0.00447778829620079,0.0003911155479903223,13534,0.13367343645165602
517,0.14051149662858517,0.14223729293822251,0.0021342827123853087,0.0001,5.80805684737147e-06,0.005442631206884763,0.0004192631543434584,13446,0.14051149662858517
518,0.14018770504685002,0.14261884499092178,0.001750865569476534,0.0001,4.12952075740755e-06,0.004717119154547287,0.0004145327728446811,13489,0.14018770504685002
519,0.13433555176707396,0.1431216059884553,0.0018777996330864991,0.0001,4.4752898631724275e-06,0.004766525442138349,0.0003882198219778133,13590,0.13433555176707396
520,0.13377805476179977,0.14358215289416382,0.0017726005784578123,0.0001,3.7470562860731097e-06,0.004227750268854252,0.00040087827690087497,13585,0.13377805476179977
521,0.14531232249755593,0.144012835876627,0.0019677560770571755,0.0001,4.95057584083544e-06,0.005031696660532377,0.0004291882298058353,13351,0.14531232249755593
522,0.1493510822691484,0.14446179577569085,0.0017751057284149069,0.0001,3.7960098592338667e-06,0.004276939450388163,0.00043306497740855734,13292,0.1493510822691484
523,0.1388715553336147,0.14496852951519315,0.001968422491401741,0.0001,4.656593229484381e-06,0.004731294475474476,0.0003978628024501919,13551,0.1388715553336147
524,0.1457063830764831,0.14538028184468757,0.0015937801288404033,0.0001,3.1854460958421918e-06,0.003997346984316898,0.00041931782504498746,13430,0.1457063830764831
525,0.14779165662287447,0.14577332835051082,0.0017959002348423617,0.0001,4.471941968498123e-06,0.004980167474492988,0.00041972283295143084,13338,0.14779165662287447
526,0.13747396720809674,0.1461935276508191,0.001758332974993324,0.0001,3.910622488523858e-06,0.004448102315249712,0.00043369683940407773,13471,0.13747396720809674
527,0.14340910738582632,0.14664725937752643,0.0018056208655506303,0.0001,4.094923142333657e-06,0.004535750799584272,0.0004179372712913891,13434,0.14340910738582632
528,0.15034996745482854,0.14715262015144634,0.001984223373834269,0.0001,4.658775831051412e-06,0.004695817912928721,0.0004168584297615443,13288,0.15034996745482854
529,0.15654463385657807,0.14758737364424068,0.0019717116115791564,0.0001,4.895286475494714e-06,0.0049655197512115355,0.0004521584092068422,13152,0.15654463385657807
530,0.14170118891814648,0.14797386849517943,0.0018061416770251556,0.0001,4.2400044310655635e-06,0.004695096165489247,0.000415293254257037,13442,0.14170118891814648
531,0.14524006863314676,0.14838921865212165,0.0017239317737512995,0.0001,3.7024832020269314e-06,0.004295394119884775,0.00041887838265034855,13463,0.14524006863314676
532,0.14666514397926933,0.148814085968387,0.001794966914921281,0.0001,3.861694279200966e-06,0.004302802739258647,0.000424700130452051,13388,0.14666514397926933
533,0.1630759834820263,0.1493074400832089,0.0020657477817641223,0.0001,5.1698741212661215e-06,0.005005329466553864,0.0004538597535192293,13121,0.1630759834820263
534,0.14609662691747696,0.14974234527450023,0.0018962110724137526,0.0001,4.4505154306733855e-06,0.004694113957480662,0.00040973439757370115,13386,0.14609662691747696
535,0.1432191424154723,0.15019736189621152,0.0019148880178924566,0.0001,4.314307799786576e-06,0.004506067988805888,0.00043220532216795406,13361,0.1432191424154723
536,0.1495623412059539,0.15065677161479357,0.001902456440916748,0.0001,4.349315568569445e-06,0.004572315533777599,0.00043342738573091824,13347,0.1495623412059539
537,0.1479458322392495,0.15109790660923209,0.0018905722318480998,0.0001,4.410932161543238e-06,0.004666240291947375,0.0004012720263382484,13223,0.1479458322392495
538,0.1523377782366887,0.15157695685362038,0.0020430428068816437,0.0001,5.0538938863225155e-06,0.004947418496860984,0.0004796683880086726,13176,0.1523377782366887
539,0.14412989673833518,0.15203506945868073,0.0018888100178695495,0.0001,4.368696782928648e-06,0.004625872101055714,0.0004244878426890338,13449,0.14412989673833518
540,0.15878619358965707,0.15252958692434168,0.001964152474565581,0.0001,4.6686953505925065e-06,0.004753903183229294,0.0004357347453624219,13144,0.15878619358965707
541,0.1525001650073584,0.1529371528072132,0.0017790932497950241,0.0001,3.81770858596631e-06,0.004291746468495861,0.00043815576377840063,13254,0.1525001650073584
542,0.15550713658885434,0.15339969018167268,0.0018301728399529751,0.0001,3.967754508321487e-06,0.004335934204360102,0.0004552326223078101,13232,0.15550713658885434
543,0.15730534638559512,0.15386280864635715,0.0019303297628701546,0.0001,4.317076679202497e-06,0.004472890344687586,0.0004614305456493287,13121,0.15730534638559512
544,0.15683494282285007,0.15433244813970823,0.001953152509309692,0.0001,4.609283973556518e-06,0.004719840311072881,0.0004791748436594011,13264,0.15683494282285007
545,0.15031132032266184,0.15471167472893446,0.0017825032767979855,0.0001,3.830336124237846e-06,0.004297704440822685,0.0004543987034277344,13342,0.15031132032266184
546,0.149113006137936,0.15517576334856892,0.0020132776018888694,0.0001,4.7369499594316564e-06,0.004705709689500764,0.00043631925126583464,13309,0.149113006137936
547,0.15695381752140153,0.15568997894783845,0.0021106972955016803,0.0001,5.091031598472838e-06,0.0048240281629420255,0.0004578795586358008,13174,0.15695381752140153
548,0.15077363743790306,0.15615596756212277,0.0019084345417406908,0.0001,4.3081183354386525e-06,0.004514819074181293,0.00044874519970989604,13340,0.15077363743790306
549,0.1527545183694971,0.1566362685650009,0.0021973956504200177,0.0001,5.946055694716626e-06,0.00541191177253862,0.00045931628215174644,13271,0.1527545183694971
550,0.16083850988927206,0.15706564251748156,0.002031756278031724,0.0001,4.945316133419601e-06,0.004868021018948596,0.0004716259525474369,13087,0.16083850988927206
551,0.16169286407528824,0.15746289739094005,0.0019107448227223354,0.0001,4.4030256102173e-06,0.004608700814318143,0.0004551600436494476,13087,0.16169286407528824
552,0.15184741829483334,0.15773357496972615,0.001675116083809138,0.0001,3.8084065775791773e-06,0.004547036010685341,0.0004439571354838773,13276,0.15184741829483334
553,0.15424407468836981,0.15817743736107537,0.0020045989211695927,0.0001,4.727285393894978e-06,0.004716440125725321,0.0004422015731163247,13220,0.15424407468836981
554,0.16951336892827798,0.15862195756773756,0.0018281728754999645,0.0001,3.916551099177254e-06,0.004284661644053945,0.0005016036867173298,12926,0.16951336892827798
555,0.15938346742258136,0.15897796293697739,0.0018396572125330994,0.0001,4.052197303441476e-06,0.00440538299834874,0.0004704840210885684,13164,0.15938346742258136
556,0.16152506007563655,0.15943240377733559,0.0019065396365298302,0.0001,4.260331036686686e-06,0.0044691764651073156,0.0004554683481346624,13096,0.16152506007563655
557,0.15649324760468086,0.15982507391940604,0.0016959803994489738,0.0001,3.296089439940046e-06,0.0038869428455788166,0.00044859560959307983,13173,0.15649324760468086
558,0.15205508796435807,0.1602063544560425,0.001823078291762405,0.0001,4.00159254982138e-06,0.004389929459313524,0.0004385032032724783,13231,0.15205508796435807
559,0.15411919936699825,0.16064203230473534,0.0019101949962580253,0.0001,4.116109892710812e-06,0.004309622735662129,0.0004518375660691922,13262,0.15411919936699825
560,0.16003654711668014,0.161073513698815,0.0019292328599368374,0.0001,4.322589826820852e-06,0.004481148871746226,0.0004769008187862756,13107,0.16003654711668014
561,0.1572791157060443,0.16131134415606826,0.001725022996654148,0.0001,3.6401832130888265e-06,0.004220446011617607,0.00046198717647677804,13159,0.1572791157060443
562,0.15727776971411794,0.1617280724098633,0.0018939154591368602,0.0001,4.022163126878697e-06,0.00424745793955531,0.00046636177764603957,13177,0.15727776971411794
563,0.15978843299529535,0.16213099394089842,0.0018854141739193986,0.0001,4.129538249567798e-06,0.004380510454085867,0.00047144461510491395,13087,0.15978843299529535
564,0.15733736569889503,0.16252226078684442,0.0018761111257811266,0.0001,4.214627037905746e-06,0.004492939655854307,0.0004366166349256633,13203,0.15733736569889503
565,0.1619173014152125,0.16297703621662257,0.0019862573407612924,0.0001,4.547071735964293e-06,0.004578532340851154,0.0004726030687894037,13047,0.1619173014152125
566,0.1711759565274048,0.16339764357294242,0.0020114562313539447,0.0001,4.82398592932102e-06,0.004796510959698004,0.00047704752591728734,12930,0.1711759565274048
567,0.1661051639626916,0.1638442101065338,0.002015091859879584,0.0001,4.439377977493892e-06,0.00440612963198529,0.0004974190528390539,12960,0.1661051639626916
568,0.1655386954952595,0.16422486943971698,0.0018852843180943958,0.0001,4.245054065748104e-06,0.004503356894241726,0.0004875603198504648,13050,0.1655386954952595
569,0.15722604828080572,0.1646217410958337,0.0018853574850617122,0.0001,4.166606081863805e-06,0.00441996397487177,0.000433465694935487,13222,0.15722604828080572
570,0.1676315946050174,0.16503751098341357,0.001972441760374444,0.0001,4.469535196889237e-06,0.004531981918736856,0.0004968848438392942,12953,0.1676315946050174
571,0.16361833850207574,0.16550182704988645,0.0020108611729562033,0.0001,4.417704691408569e-06,0.004393843544071243,0.0004729955166396185,13003,0.16361833850207574
572,0.1646195065763184,0.1658924094654579,0.001809211993815319,0.0001,3.709112745787487e-06,0.004100252218608835,0.0004996438822563874,12953,0.1646195065763184
573,0.15536739966893648,0.16621216469116853,0.0019328302122871355,0.0001,4.565606472193437e-06,0.004724270598803309,0.0004669838490783519,13177,0.15536739966893648
574,0.16289240169465033,0.16664646754484813,0.0019301041963762742,0.0001,4.287207388667831e-06,0.0044424621185912795,0.0004855998344091314,13138,0.16289240169465033
575,0.17185305784543137,0.16701588216560523,0.002024556958390937,0.0001,4.772408615089512e-06,0.004714521461409011,0.0004902175163877054,12914,0.17185305784543137
576,0.1739866959885994,0.16735178365382333,0.00191410166587475,0.0001,4.185728873787945e-06,0.004373570065177343,0.0005155523419060243,12869,0.1739866959885994
577,0.16283490821278174,0.16776974573685915,0.0018546394274741656,0.0001,3.810589715299305e-06,0.004109251274237115,0.00047240455961188927,13071,0.16283490821278174
578,0.16503530998995403,0.1682113487268744,0.0020322535367553584,0.0001,4.663656973710308e-06,0.004589640898011355,0.0004898443985218028,13113,0.16503530998995403
579,0.17585880305294355,0.16863904300331442,0.0020544594502878905,0.0001,4.8594197284856895e-06,0.0047306066107118735,0.0004989747768537252,12809,0.17585880305294355
580,0.16403685203105856,0.16901656156014683,0.001970033316400216,0.0001,4.619364495865762e-06,0.004689630837621153,0.0004579223751177141,13139,0.16403685203105856
581,0.16493770978567412,0.16938571830136245,0.002001968398824132,0.0001,4.664008887879398e-06,0.004659423086417178,0.0004906677126713247,13011,0.16493770978567412
582,0.17103478018947055,0.16966951644421563,0.0018189312534381541,0.0001,4.074002813277922e-06,0.004479556668870492,0.00048556096347521075,12941,0.17103478018947055
583,0.18147629414875055,0.1698829725110184,0.001763642448884521,0.0001,3.839603434262549e-06,0.004354174437898162,0.0005172971289308878,12703,0.18147629414875055
584,0.1762364293849891,0.17037119014877575,0.0023429144398174795,0.0001,5.989469309731132e-06,0.005112836566236479,0.0005380982841296768,12774,0.1762364293849891
585,0.17206877597206138,0.17078350069932338,0.0020583764108123817,0.0001,4.702894908602257e-06,0.0045695188536931984,0.00048744542699100736,12827,0.17206877597206138
586,0.16682136763764344,0.17124212009133036,0.002148488643827292,0.0001,5.1043916048889164e-06,0.004751611435837997,0.0005038185367973358,12942,0.16682136763764344
587,0.17243543962626978,0.17167673691564506,0.002092639071948924,0.0001,4.821632072732708e-06,0.004608183166762921,0.0004939185281169099,12899,0.17243543962626978
588,0.17138496144925658,0.1721003351920042,0.0020874448535188137,0.0001,4.950348048925e-06,0.004742973727502481,0.0004899730496722431,12982,0.17138496144925658
589,0.17927659828848638,0.1724500445513837,0.0019483293548670094,0.0001,4.372467105957527e-06,0.004488427067050977,0.0005056496463561581,12682,0.17927659828848638
590,0.17694673933016475,0.1729033813335119,0.0020968229501975265,0.0001,4.680338264654073e-06,0.004464218845194509,0.000495772537292311,12805,0.17694673933016475
591,0.17324955507806558,0.1733105935490361,0.0021035381720982214,0.0001,5.026685979997654e-06,0.00477926766119359,0.0004993338601117388,12843,0.17324955507806558
592,0.1694937633533804,0.17369837974665453,0.00183971523608851,0.0001,3.911845431228331e-06,0.004252664058537077,0.0004946104470811997,13010,0.1694937633533804
593,0.1748602747283582,0.17412736597392797,0.0021482872549841237,0.0001,5.006583552797841e-06,0.0046610000978056735,0.0005142445063126412,12863,0.1748602747283582
594,0.18085537793325135,0.1745751083871057,0.0020568746986561943,0.0001,4.4978736751370805e-06,0.0043735028468925696,0.0005378505754573615,12649,0.18085537793325135
595,0.18016189514771114,0.1749681939392921,0.002030762404953821,0.0001,4.657577135656426e-06,0.004587023203004723,0.000501424818552111,12761,0.18016189514771114
596,0.17901566181967632,0.1754302996128971,0.002185875487793613,0.0001,5.10433153236741e-06,0.004670285714690582,0.000525700293763387,12691,0.17901566181967632
597,0.1640487032688478,0.17585588271426483,0.0021952138569922815,0.0001,5.4893375190371716e-06,0.005001187015608815,0.0004843898206276046,13030,0.1640487032688478
598,0.17344641877802663,0.17627368521085227,0.00209141729001832,0.0001,4.759416187984431e-06,0.0045513788287967535,0.0005135147192499381,12815,0.17344641877802663
599,0.17550000486987724,0.17665566043872794,0.002092213073387063,0.0001,4.989833568032449e-06,0.004769909557972942,0.0004980604613092261,12827,0.17550000486987724
600,0.17288134200334887,0.17713332171054072,0.0022601763681696268,0.0001,5.585258003565758e-06,0.004942320504031198,0.0004992351415317257,12879,0.17288134200334887
601,0.17717762407611026,0.1774551116940736,0.0020678404324386704,0.0001,5.007001273508048e-06,0.0048427346665265965,0.0005128431273215093,12756,0.17717762407611026
602,0.17478326419785478,0.1777976522003754,0.0022309376868804003,0.0001,5.80863811128944e-06,0.005207351281435266,0.0005179708748446235,12816,0.17478326419785478
603,0.17067572536986364,0.1781801848988534,0.001975682041596916,0.0001,4.288496728577599e-06,0.004341282289645421,0.0004975188943935706,12974,0.17067572536986364
604,0.18277778069528336,0.17861326760801846,0.002127709698984238,0.0001,4.8061993719023495e-06,0.004517720978756468,0.0005269528096485706,12749,0.18277778069528336
605,0.17524941556707202,0.17892752508563273,0.0020294442163743217,0.0001,4.730014253692209e-06,0.0046613887837159244,0.0005027744774811452,12785,0.17524941556707202
606,0.18244789734976546,0.17922265842993754,0.0018569926848654244,0.0001,4.411235878002867e-06,0.004750945885737344,0.0005151795485283121,12683,0.18244789734976546
607,0.17873212378037492,0.17962457143461075,0.00199287201781372,0.0001,4.250571082789853e-06,0.004265774264273068,0.000520315120315523,12838,0.17873212378037492
608,0.19441733587576315,0.17997288283250704,0.0021788143397200254,0.0001,5.276506031770859e-06,0.004843465489995704,0.0005550565087065685,12441,0.19441733587576315
609,0.1856741954061036,0.1803641984059342,0.002025088602262819,0.0001,4.382508909985257e-06,0.004328214484134939,0.0005157421853275958,12666,0.1856741954061036
610,0.1841675454332154,0.1807071152288548,0.002016579529484597,0.0001,4.436084481962605e-06,0.004399612727494454,0.0005563730146449251,12635,0.1841675454332154
611,0.17930892941851523,0.18109448475405554,0.0020671129391714865,0.0001,4.706121534440364e-06,0.004553327924430303,0.0005094595256580221,12684,0.17930892941851523
612,0.18691096587446027,0.181464096062546,0.001971019286319125,0.0001,4.284184847259988e-06,0.004347176993139112,0.0005480267124980832,12614,0.18691096587446027
613,0.19066359915272807,0.18175483686988925,0.0018874237121712077,0.0001,4.080056782862992e-06,0.004323413716329206,0.0005436903398105602,12583,0.19066359915272807
614,0.17882185845835596,0.18210750507801168,0.0020670553153685203,0.0001,4.7622187455495385e-06,0.004607732275128319,0.0005345493818894602,12703,0.17882185845835596
615,0.1901276955771134,0.182521743379915,0.002153041871594048,0.0001,4.949238172387243e-06,0.004597437920445991,0.0005580650847428759,12473,0.1901276955771134
616,0.18192252487518162,0.1829224953331286,0.0021901102614443036,0.0001,5.201738025869143e-06,0.004750206523792799,0.0005350476113732811,12719,0.18192252487518162
617,0.19057298268098444,0.18323767083375542,0.0020768415733968125,0.0001,4.799120237530722e-06,0.004621556404691418,0.0005768433880865465,12487,0.19057298268098444
618,0.18070880601125366,0.18365176540768693,0.0020552857961883483,0.0001,4.3592978912558395e-06,0.0042420357298633814,0.0005155683667020017,12814,0.18070880601125366
619,0.19058948629721395,0.18395550314251602,0.0019966128834363536,0.0001,4.5560675728893685e-06,0.004563796628466064,0.0005340756050926042,12599,0.19058948629721395
620,0.18859032113219837,0.184347466050241,0.002097568394469449,0.0001,4.665328161662074e-06,0.004448320420886303,0.0005561990206550619,12571,0.18859032113219837
621,0.19385832149096832,0.18465301773729392,0.0020999528877270733,0.0001,4.923167318071916e-06,0.004688835970411323,0.0005564474422533753,12441,0.19385832149096832
622,0.19447909534102453,0.18499408247840268,0.002051147469064786,0.0001,4.651637256122555e-06,0.004535643903013423,0.00056686752064354,12514,0.19447909534102453
623,0.18738625282327445,0.18533524541229335,0.002128919719791547,0.0001,4.942841295750288e-06,0.004643520607939378,0.0005178730894963663,12673,0.18738625282327445
624,0.17900885915757117,0.18564104223017425,0.0018940222064485286,0.0001,3.988087671421283e-06,0.004211236444687018,0.0005319691932304874,12744,0.17900885915757117
625,0.19161311270161682,0.18605437633156996,0.002039165648941127,0.0001,4.264922206635031e-06,0.00418300711259006,0.0005587878592138955,12445,0.19161311270161682
626,0.18433736279347535,0.18649716972307379,0.002203786068855165,0.0001,4.863414703958812e-06,0.004413690396441506,0.0005398277849763642,12619,0.18433736279347535
627,0.19413358210072243,0.1869049360302692,0.002129953610442946,0.0001,4.752906619841248e-06,0.004462920315764842,0.0005349468540532906,12462,0.19413358210072243
628,0.19336626908661303,0.1873348934342349,0.002244682543688475,0.0001,5.14865267951078e-06,0.004587421677054149,0.0005573307240834993,12457,0.19336626908661303
629,0.18359093262535806,0.1875797382077325,0.0018091994861650737,0.0001,3.6480158298520387e-06,0.0040327402895572,0.000507674225711711,12737,0.18359093262535806
630,0.18328816428693337,0.1879928936803149,0.0022566883345395846,0.0001,5.316957881394693e-06,0.00471217739730947,0.0005312601405005298,12736,0.18328816428693337
631,0.1928499682086532,0.18842830933854482,0.002200226368156465,0.0001,4.751590696184362e-06,0.004319183484893551,0.0005413687342635267,12448,0.1928499682086532
632,0.18322067217998894,0.18871321010570766,0.0020703053344757537,0.0001,4.576998942208128e-06,0.004421568998533371,0.00054881404862104,12695,0.18322067217998894
633,0.19624630331406395,0.18895612715250748,0.001728729550994319,0.0001,3.7119948286274452e-06,0.0042944772089913135,0.0005496219787740714,12370,0.19624630331406395
634,0.18900630367855525,0.18936198345737737,0.0022887740497619905,0.0001,5.487075767086034e-06,0.004794772789089105,0.0005453696913294303,12612,0.18900630367855525
635,0.18157226127032344,0.1897164973532725,0.0021307131662297147,0.0001,4.958275725476947e-06,0.004654099673350766,0.0005435057465956925,12745,0.18157226127032344
636,0.1991730738159227,0.1900838952881656,0.001977487873736231,0.0001,4.009410393824496e-06,0.004055054341495592,0.0005461520341361423,12318,0.1991730738159227
637,0.19597978569168933,0.19042798943019928,0.0021053135814909922,0.0001,4.652377033778006e-06,0.0044196523260759775,0.000543747212534672,12417,0.19597978569168933
638,0.18916529872436216,0.190729282437148,0.0020026532908684093,0.0001,4.39995094664821e-06,0.004394121505415708,0.0005523926194164356,12530,0.18916529872436216
639,0.19035887146528926,0.19099898077580169,0.002066469787796698,0.0001,4.766976058626239e-06,0.0046136421512446716,0.0005486326238808431,12471,0.19035887146528926
640,0.1960426164245391,0.1913529704145358,0.002000222600534041,0.0001,4.112714166662361e-06,0.004112256471419034,0.0005570403151201744,12417,0.1960426164245391
641,0.20274319032714477,0.19166435694094927,0.002207771985253902,0.0001,5.13531998591043e-06,0.0046520383628473735,0.0005688668594235886,12335,0.20274319032714477
642,0.1920342143916408,0.19208628464152594,0.0023509613550386516,0.0001,5.795868709265166e-06,0.004930637159852316,0.0005508447166375307,12536,0.1920342143916408
643,0.2009964371223899,0.1924227904327113,0.002082227934553495,0.0001,4.58301379864445e-06,0.004402028925452116,0.0005732720204856062,12275,0.2009964371223899
644,0.19673874710538725,0.19270907236831303,0.0019188368413436546,0.0001,3.942126925289248e-06,0.0041088714166325835,0.00057730885262926,12486,0.19673874710538725
645,0.18570617810474896,0.19305629508700362,0.002002411914303185,0.0001,4.154364788606397e-06,0.004149360837230201,0.0005508017675690966,12681,0.18570617810474896
646,0.1838940434297197,0.19335880300398778,0.002010234375805584,0.0001,4.384767786404251e-06,0.004362444339006085,0.0005352974894568396,12617,0.1838940434297197
647,0.19620537685126882,0.19362712454828312,0.0019847652331545216,0.0001,4.845434101218626e-06,0.004882626942751764,0.0005613711381179499,12365,0.19620537685126882
648,0.1904268207647606,0.19401047368447855,0.002164835594171967,0.0001,4.73307525427909e-06,0.004372687946392949,0.0005394611517898325,12525,0.1904268207647606
649,0.19991700102264479,0.19426501504679888,0.001955638169470902,0.0001,4.13348313387158e-06,0.004227247349124805,0.0005572588639850268,12379,0.19991700102264479
650,0.1898567467392674,0.19461569572558504,0.002055946036886093,0.0001,4.526611629632519e-06,0.004403434281269815,0.0005504262474610197,12466,0.1898567467392674
651,0.18744638877260475,0.19494668767639872,0.0020314272363154734,0.0001,4.213242055446778e-06,0.004148061008661673,0.0005198637810575299,12609,0.18744638877260475
652,0.19032968908387177,0.1952833149734098,0.002078628980472275,0.0001,4.4072274737628946e-06,0.004240513834038387,0.00058354597821156,12589,0.19032968908387177
653,0.19739268112989383,0.1956597561248713,0.0021876751386173863,0.0001,4.930043820727484e-06,0.004507107781864979,0.0005629631791173432,12344,0.19739268112989383
654,0.19580167228044737,0.1959799902418441,0.002006440991312699,0.0001,4.092599800458177e-06,0.004079461911093257,0.00054455403572349,12408,0.19580167228044737
655,0.19795161111617587,0.1963073578768668,0.0019905180739815194,0.0001,3.9591520754704955e-06,0.003978011681703778,0.0005359240874587134,12464,0.19795161111617587
656,0.19154988647584306,0.19667882412876236,0.0023037484261891022,0.0001,5.299893797281939e-06,0.004601104649303318,0.0005305948806577759,12589,0.19154988647584306
657,0.19388449425089685,0.19700187228891303,0.001951864582116227,0.0001,3.918615913173443e-06,0.004015253874758923,0.000553704719596368,12437,0.19388449425089685
658,0.18793763141914893,0.19730153001744838,0.001983756074132786,0.0001,4.068585660577598e-06,0.004101901149672559,0.0005554853172473424,12610,0.18793763141914893
659,0.19554343311093464,0.19746187385689357,0.0018124317652920008,0.0001,4.386449889218954e-06,0.004840402792777419,0.000555016913699514,12451,0.19554343311093464
660,0.19831779253811588,0.19771176757176862,0.0018852185556811963,0.0001,3.759917859809955e-06,0.0039888402843047165,0.0005554698545061118,12360,0.19831779253811588
661,0.19432406745202932,0.19802494420864195,0.002064957125719845,0.0001,4.569274718121074e-06,0.004425539553542277,0.0005597772241776184,12427,0.19432406745202932
662,0.1997468238076247,0.1981742557185072,0.0017864263174919,0.0001,4.089205796073007e-06,0.004578085036067039,0.0005754993128498521,12289,0.1997468238076247
663,0.20442049437711823,0.19855436635859014,0.002243679601325835,0.0001,5.099704377889729e-06,0.004545840123408184,0.0005719562878996502,12243,0.20442049437711823
664,0.20206973535046852,0.1987863526014368,0.0018705193388680076,0.0001,3.869277129778997e-06,0.004137115344790381,0.0005750913841928863,12294,0.20206973535046852
665,0.2007561236672996,0.19910330035488563,0.00200087274938269,0.0001,3.981159082055625e-06,0.003979422562763069,0.0005566391599594784,12294,0.2007561236672996
666,0.19583946456572762,0.19940857478675433,0.0020481515005192855,0.0001,4.257825665757063e-06,0.004157725309555998,0.0005452050627357571,12476,0.19583946456572762
667,0.1895707213456304,0.1995890562293871,0.0017370061627080386,0.0001,3.5023641263768223e-06,0.004032644444872371,0.0005572122308044022,12545,0.1895707213456304
668,0.19290236960606955,0.19986924271419682,0.002045924945518856,0.0001,4.500721542103638e-06,0.004399693695471546,0.0005576742617478083,12477,0.19290236960606955
669,0.20439189230712135,0.20025027141953167,0.0024297229247202453,0.0001,6.036797087651442e-06,0.004969123866949982,0.0005699286263337362,12307,0.20439189230712135
670,0.19933127443760063,0.2004746778371757,0.0020766710547177295,0.0001,4.7416230372837375e-06,0.004566561494187379,0.0005739973692703511,12322,0.19933127443760063
671,0.19456522311139568,0.20071334067368068,0.0018465927169483132,0.0001,3.653190339718759e-06,0.003956682278868766,0.0005749986567476319,12413,0.19456522311139568
672,0.20175392409942722,0.20103704371934644,0.0020331509586590424,0.0001,4.197914171572662e-06,0.004129466288466237,0.000556001821491329,12282,0.20175392409942722
673,0.19837578325639982,0.20132635454110204,0.0021164008220291887,0.0001,4.702161612005178e-06,0.0044435454409782185,0.0005482679235318054,12366,0.19837578325639982
674,0.20786629890301683,0.20149010921580796,0.002031192553313498,0.0001,4.717972369067168e-06,0.0046455195607828575,0.0005864252515710611,12161,0.20786629890301683
675,0.19734757581646944,0.20181814671152853,0.0021088613342842987,0.0001,4.390945014055399e-06,0.004164280450943531,0.0005816204817825681,12430,0.19734757581646944
676,0.19995159686171826,0.20219946596230734,0.0022753974883179804,0.0001,5.210215600680601e-06,0.004579609169325486,0.0005596693069341678,12343,0.19995159686171826
677,0.2020629496636453,0.20241903944747752,0.0020610993223839067,0.0001,4.49233730376434e-06,0.00435916625169564,0.0005762423381722397,12294,0.2020629496636453
678,0.20822669569572433,0.20278842473663045,0.002200195502625433,0.0001,4.789222040775006e-06,0.0043534513501733456,0.0005850632743508854,12144,0.20822669569572433
679,0.20760951106080294,0.20308488844183192,0.0019943876027611555,0.0001,4.0111089694071995e-06,0.004022396613230015,0.0005712614750266996,12264,0.20760951106080294
680,0.20405590148834196,0.2033601062739268,0.0020765757936011733,0.0001,4.558609129790621e-06,0.004390505893247591,0.0006021792875553721,12238,0.20405590148834196
681,0.2000965150770278,0.20357617987388893,0.0018184825895106622,0.0001,3.546149092149519e-06,0.0039001188272072013,0.0005680653131014404,12372,0.2000965150770278
682,0.2001815498342947,0.20387270803851465,0.002095869751929189,0.0001,4.526821245358622e-06,0.004319754356101385,0.0005788681074318613,12365,0.2001815498342947
683,0.20875387238755028,0.20418946997066345,0.0021123692305645425,0.0001,4.381967509493968e-06,0.004148865118928912,0.0005725677619813037,12184,0.20875387238755028
684,0.2053739383921362,0.20435049319670673,0.002085439861120727,0.0001,4.852704519311716e-06,0.004653890634567467,0.0005722634470850252,12204,0.2053739383921362
685,0.20558948411227895,0.2046603437251609,0.002209737187537234,0.0001,4.9505099158752924e-06,0.004480632306679571,0.0005940533167505068,12154,0.20558948411227895
686,0.2012168262555681,0.2048558421510917,0.001977956519687384,0.0001,4.211752743793723e-06,0.004258690928614943,0.0005737179087658984,12255,0.2012168262555681
687,0.20359757872185194,0.20516515981947459,0.0020759871348753427,0.0001,4.264473890713548e-06,0.004108381809379196,0.0005731907587695134,12299,0.20359757872185194
688,0.20607103678303204,0.20538191661022426,0.0018728395468110008,0.0001,3.764167168257636e-06,0.0040197433620697675,0.0005678153764496821,12223,0.20607103678303204
689,0.1986336021501452,0.20568271665080423,0.0021616071543487107,0.0001,4.768485967323336e-06,0.004411982036356716,0.0005391109178100341,12357,0.1986336021501452
690,0.20319135291349338,0.2060316321949367,0.0020875219172950417,0.0001,4.199430469754334e-06,0.00402336419556816,0.0005957107419691876,12204,0.20319135291349338
691,0.2097128383626929,0.20636088428350885,0.002057557118167827,0.0001,4.026628598351873e-06,0.0039139896169078665,0.0005792897894947183,12200,0.2097128383626929
692,0.20121021984293572,0.2065203168544157,0.0019352417559700837,0.0001,4.2173385769930805e-06,0.004358461741519258,0.0005810696752421197,12296,0.20121021984293572
693,0.21695870984039564,0.2068380191121319,0.0021699645303931954,0.0001,4.663637587374477e-06,0.004298353749154997,0.000585319515163006,11993,0.21695870984039564
694,0.20266083928757198,0.20717668640138237,0.002215726863707124,0.0001,4.864207872834159e-06,0.004390620479905065,0.0005582340886955814,12289,0.20266083928757198
695,0.21068949956859073,0.20745534778427704,0.0021206414333151684,0.0001,4.588210831804624e-06,0.004327191537168016,0.0005872461825210396,12061,0.21068949956859073
696,0.18979556434706574,0.20765243926030952,0.0019042992769498373,0.0001,3.868040082717037e-06,0.004062428767932499,0.0005559736806798534,12538,0.18979556434706574
697,0.21055722304497884,0.20797817028771737,0.0022876470718938575,0.0001,5.216599805481401e-06,0.00456066835621001,0.0006000874812744222,12119,0.21055722304497884
698,0.21015782862232443,0.20823177902787618,0.0020057298588294858,0.0001,4.155729481372626e-06,0.004143857621781478,0.0006186413550431188,12164,0.21015782862232443
699,0.20900125411034487,0.20853739986224196,0.002175572718268732,0.0001,4.494168633224355e-06,0.004131480961758617,0.0005795852169765284,12195,0.20900125411034487
700,0.2041001035457058,0.20887055397244766,0.002164097936455317,0.0001,4.603446927928302e-06,0.004254379481058527,0.0005804509684661358,12187,0.2041001035457058
701,0.2138108626435451,0.20918389981940877,0.002211825445029354,0.0001,4.880660917184771e-06,0.004413242399533024,0.0005986746344941113,12056,0.2138108626435451
702,0.2113903168896585,0.20941916403499194,0.001940881562319414,0.0001,4.07969615618202e-06,0.0042039619885993005,0.0005986848845396306,12165,0.2113903168896585
703,0.2093566884098025,0.20968307654062676,0.0019038547574203241,0.0001,3.6231165086151393e-06,0.0038060849909836323,0.0005640326346197174,12141,0.2093566884098025
704,0.20999292091863053,0.20999200852572136,0.002028233807130468,0.0001,4.046663346648274e-06,0.0039903322116235365,0.0005929089035048695,12035,0.20999292091863053
705,0.2021986515450151,0.2102679312196756,0.0019234769067584196,0.0001,3.575199331902193e-06,0.0037174341104280516,0.000559316034890432,12257,0.2021986515450151
706,0.21056173202967915,0.210538232954661,0.0020317706783278262,0.0001,4.181113354350936e-06,0.004115733531297978,0.0005772179681362783,12096,0.21056173202967915
707,0.2062700134264531,0.21077539596043135,0.002034725832719797,0.0001,4.31785044310341e-06,0.004244159457426049,0.0005833417736029117,12144,0.2062700134264531
708,0.20955063353626913,0.21106306325604285,0.0021259990343927677,0.0001,4.449199179571018e-06,0.004185513829117807,0.0005781102485840864,12231,0.20955063353626913
709,0.21769470077663788,0.2114017382767421,0.0021718049192701494,0.0001,4.336327910147018e-06,0.003993294122940168,0.0005785925799085875,11879,0.21769470077663788
710,0.20694944174210125,0.21159544209166592,0.0021530872925532222,0.0001,4.917092903548996e-06,0.004567481235484974,0.0005915120575265876,12199,0.20694944174210125
711,0.215262573506789,0.2118428300034077,0.00222853435624821,0.0001,5.035650741031429e-06,0.004519248919733116,0.0005941307079795654,12035,0.215262573506789
712,0.22092474076554508,0.21218525975855718,0.002213815589155082,0.0001,4.692832954387378e-06,0.004239587956084843,0.0005957385712849835,11916,0.22092474076554508
713,0.20382431231307568,0.21244701897271473,0.002204202506254945,0.0001,4.865023339670042e-06,0.004414316130994669,0.0005688382610818572,12231,0.20382431231307568
714,0.21551004295659779,0.21272129775823123,0.0019496323598814616,0.0001,3.696812293411285e-06,0.003792317330674643,0.0006076640050275725,11974,0.21551004295659779
715,0.2131504997884468,0.2129447263484831,0.002036396420630115,0.0001,4.162265609817084e-06,0.004087873625832801,0.0005937302131542601,12000,0.2131504997884468
716,0.19974097594705004,0.21317079308395168,0.002036858850337669,0.0001,4.189900631716632e-06,0.004114080493129932,0.000553444912415885,12363,0.19974097594705004
717,0.2140331483884948,0.2134953626529798,0.002159524158679298,0.0001,4.380907383394636e-06,0.004057289533703455,0.0005905718857397609,12046,0.2140331483884948
718,0.20205184317621988,0.213789575087337,0.0020677224498224715,0.0001,4.203905477256763e-06,0.004066218343392942,0.0005771765126084711,12262,0.20205184317621988
719,0.20426394362641964,0.2140127358409427,0.001925798098381624,0.0001,3.85398670620264e-06,0.004002482616886371,0.000578275114678324,12249,0.20426394362641964
720,0.2093254475064696,0.21418560983579757,0.0018384193460680152,0.0001,3.606440972062974e-06,0.003923414948582192,0.0005698161706864826,12168,0.2093254475064696
721,0.21720343432575068,0.21429576869173717,0.0017254157026105972,0.0001,3.625226889619735e-06,0.004202148947798117,0.0006012622394842418,12035,0.21720343432575068
722,0.21000847292553426,0.21447303801046913,0.002008473129017481,0.0001,4.3343146953426475e-06,0.004316029557699821,0.0005947841668268295,12131,0.21000847292553426
723,0.21450865924649445,0.2147627904851484,0.002192448423360857,0.0001,4.632350140629124e-06,0.004225732374153718,0.0006021801767361691,12088,0.21450865924649445
724,0.22222859710147946,0.2150228578293656,0.0021440842139216947,0.0001,4.587444821861376e-06,0.00427916477540832,0.0005997441740035931,11819,0.22222859710147946
725,0.21458689891078767,0.2152965273659856,0.001991178514763658,0.0001,3.752812582817024e-06,0.0037694386063245175,0.0005498742380882552,12089,0.21458689891078767
726,0.21820803902957578,0.21550945491592186,0.002103138905922991,0.0001,4.4509655048709824e-06,0.004232688095242683,0.000585334566558146,11966,0.21820803902957578
727,0.21596655306652257,0.2157386980077631,0.001994296416523679,0.0001,3.885931626979478e-06,0.0038970451882505684,0.0005903990417931771,12013,0.21596655306652257
728,0.2022907348400148,0.21594387516332247,0.002095740108994445,0.0001,4.42525843581766e-06,0.004223098481367463,0.0005754688315849404,12354,0.2022907348400148
729,0.2171113388104609,0.21621625723196422,0.0021771111509818726,0.0001,4.62914120016293e-06,0.004252553846940885,0.0005801854302931553,12012,0.2171113388104609
730,0.2056165697811602,0.2163921217091784,0.001852031414410023,0.0001,4.058737053358883e-06,0.004383011024304705,0.000569925037373493,12274,0.2056165697811602
731,0.21135397640899267,0.21664954006905834,0.0021339675185513057,0.0001,4.581762639379909e-06,0.004294125941045575,0.0005953427818573161,12155,0.21135397640899267
732,0.22351722625586112,0.21698775762383604,0.002151526128249367,0.0001,4.2640120787672705e-06,0.003963709315709562,0.0005949438755839071,11873,0.22351722625586112
733,0.2149383544501488,0.2171826266982607,0.001909676452437366,0.0001,3.940105652312734e-06,0.004126464090064976,0.0005935357185684905,11994,0.2149383544501488
734,0.21351029506132604,0.2174513479064914,0.002094278591268172,0.0001,4.352344594692112e-06,0.004156414158879013,0.0005871039640831526,11971,0.21351029506132604
735,0.22176745040085877,0.21770359382756777,0.0019443618461438491,0.0001,3.710255101977259e-06,0.0038164245089828456,0.0006017693832207622,11865,0.22176745040085877
736,0.20971312248610982,0.21802998120526654,0.0023128785056180184,0.0001,4.792341159749914e-06,0.004144049199393087,0.0006032449262459658,12180,0.20971312248610982
737,0.22024384768342392,0.21820962871511396,0.0020582736132951545,0.0001,4.237840511481508e-06,0.0041178592429186485,0.0006296280109791223,11861,0.22024384768342392
738,0.2187883167818041,0.21844635829788,0.0019488285195228782,0.0001,3.685576079002651e-06,0.0037823503115656087,0.0005952095089139854,12001,0.2187883167818041
739,0.2272332093827786,0.21871275143598157,0.0020687172622729203,0.0001,4.120501938301992e-06,0.0039836298690472125,0.0006145751114215152,11774,0.2272332093827786
740,0.20819379823379608,0.21896647250567564,0.0020816747992000806,0.0001,4.191869822282902e-06,0.004027401228946711,0.0005914999957796655,12132,0.20819379823379608
741,0.21622741053280506,0.21922324904943735,0.0019907777344484578,0.0001,3.877852087421608e-06,0.00389581621325091,0.0005945799762181159,12051,0.21622741053280506
742,0.21995824658911994,0.2194489144320103,0.002133689594117415,0.0001,4.388594404550349e-06,0.004113620291020502,0.0005926942675250663,11954,0.21995824658911994
743,0.22270621804566343,0.21975220341566343,0.002170106524909685,0.0001,4.474963683815565e-06,0.00412418803634702,0.000598934211919211,11846,0.22270621804566343
744,0.2155358892422985,0.22001252207318805,0.002006625304097285,0.0001,3.798884455419292e-06,0.0037863416230847196,0.0005794135565588351,12039,0.2155358892422985
745,0.22201291094253112,0.22026196787845542,0.002221472938198206,0.0001,4.93056388788166e-06,0.004439004232822881,0.000607300702925333,11973,0.22201291094253112
746,0.21118136803789972,0.22046724765311265,0.002128639187342475,0.0001,4.466883046188493e-06,0.004196937717533263,0.0005852155847374101,12128,0.21118136803789972
747,0.22232783582722065,0.2207380985483457,0.0021919530795770133,0.0001,4.635743498659044e-06,0.00422978351302448,0.0005923743320015724,11779,0.22232783582722065
748,0.21959485000002998,0.22099409945729998,0.0021166656989834937,0.0001,4.306422053456854e-06,0.004069062068256663,0.0005897866501769495,11989,0.21959485000002998
749,0.22398500159418516,0.22125481187996893,0.0020335150039338654,0.0001,3.8530074130716165e-06,0.0037895047792791446,0.000592594274623386,11891,0.22398500159418516
750,0.21532019330668287,0.22146596369861188,0.0020338023583147454,0.0001,4.080800747112711e-06,0.0040129767088028685,0.0005917239415500689,12056,0.21532019330668287
751,0.23144464051461802,0.2217362217812581,0.002079825066092478,0.0001,4.020001216903904e-06,0.003865710902750661,0.000608141031377127,11695,0.23144464051461802
752,0.21590999948582107,0.22190267838716582,0.0018927539133501946,0.0001,3.543137102521298e-06,0.0037438962112617247,0.0005590084125113818,12029,0.21590999948582107
753,0.23001358476095318,0.2221003764658963,0.0021967894986110554,0.0001,4.747036436422212e-06,0.004321794545561674,0.00062273568405394,11720,0.23001358476095318
754,0.2237210271411843,0.22237683601182345,0.002182390736261845,0.0001,4.525015552441793e-06,0.004146842705346674,0.0006055840687098056,11858,0.2237210271411843
755,0.21980111170368766,0.22265633747150154,0.002160817566047704,0.0001,4.275472168501882e-06,0.003957272687598554,0.000597178193265663,11868,0.21980111170368766
756,0.2204626764705988,0.22286230664089685,0.001975763099970106,0.0001,3.974965843156584e-06,0.004023727179859495,0.0006195739621704562,11835,0.2204626764705988
757,0.22287359446121308,0.22318146960865434,0.0023123440872715906,0.0001,4.7716882191804995e-06,0.004127143745990475,0.0006219506975997858,11870,0.22287359446121308
758,0.23170358227192447,0.22350803709091882,0.0023680453002757175,0.0001,5.067481146407007e-06,0.004279885309471898,0.0006116840097309991,11632,0.23170358227192447
759,0.22378280053659064,0.22385673769181547,0.0024182437011187143,0.0001,5.293888145690654e-06,0.004378291686021243,0.0005994627634808046,11769,0.22378280053659064
760,0.21753834399370053,0.22396980936705407,0.00172276353996715,0.0001,3.503315034292467e-06,0.004067087505647199,0.0005970394374256396,11984,0.21753834399370053
761,0.22801120218646842,0.22415413163044604,0.0021488224207846926,0.0001,4.562288482942607e-06,0.004246315041032178,0.0006138244542931022,11717,0.22801120218646842
762,0.22386390652145827,0.22426191594300834,0.0020445391841863447,0.0001,4.512057234431172e-06,0.004413764499433464,0.0006076997005780272,11814,0.22386390652145827
763,0.22092802571017695,0.22447801933029565,0.0020560198900168615,0.0001,4.228120621791464e-06,0.004112918014384372,0.0006086375698595031,11922,0.22092802571017695
764,0.2242033272418772,0.22466142951712298,0.001883129479642831,0.0001,4.088714173924118e-06,0.004342467385407418,0.0006015592172728432,11831,0.2242033272418772
765,0.21169512242202243,0.22496198579534982,0.0024378521701403227,0.0001,5.564510776353161e-06,0.004565092866999288,0.0005917479324562165,12114,0.21169512242202243
766,0.2241944315503981,0.22524637839160067,0.0023318438089159925,0.0001,5.003299235646878e-06,0.004291281617161802,0.0006157898102051103,11812,0.2241944315503981
767,0.22265452949742584,0.2255139191681892,0.0020265694391774468,0.0001,3.8144047450583996e-06,0.0037643958024025145,0.000625068609871785,11908,0.22265452949742584
768,0.22208048080474627,0.225796702715523,0.0021376456191315413,0.0001,4.1135396369598415e-06,0.003848663782382267,0.0006043154603725897,11939,0.22208048080474627
769,0.2234231743687168,0.22611449936130357,0.0022427252948831362,0.0001,4.4191317804576395e-06,0.00394085873159772,0.0006100654873386345,11824,0.2234231743687168
770,0.22499611181440632,0.22633572297725685,0.0019867755068247663,0.0001,3.838653408917082e-06,0.003864204481815823,0.0006314509955168279,11799,0.22499611181440632
771,0.21932803263710565,0.2265582990417948,0.0021643339955515727,0.0001,4.588428530664484e-06,0.004240037388032747,0.0006275598361296538,11938,0.21932803263710565
772,0.23086965699601453,0.22679450551816088,0.0019866285381743756,0.0001,3.6697805394294087e-06,0.003694480844216378,0.0006019416441846121,11629,0.23086965699601453
773,0.21734966194058478,0.2269078771694472,0.001988398582680045,0.0001,4.271632879111377e-06,0.004296555948409393,0.0005740138911688265,11965,0.21734966194058478
774,0.2280235344708251,0.22716607835434877,0.0022921857508424676,0.0001,4.6828313612045365e-06,0.004085909145437636,0.0006366435395042633,11652,0.2280235344708251
775,0.22368530539387138,0.22742261953514165,0.002106096070695067,0.0001,4.168434653870991e-06,0.003958446826687539,0.0006176273397524789,11863,0.22368530539387138
776,0.22543875468068655,0.22751162130705177,0.0018441338386443512,0.0001,3.614729363672973e-06,0.0039202462293411525,0.0006039052934646276,11845,0.22543875468068655
777,0.23387944907387215,0.22776160518262095,0.0020864141683772336,0.0001,3.9996687550320825e-06,0.003834012264346283,0.0006138559351884748,11634,0.23387944907387215
778,0.22730192074214828,0.22800176580275933,0.0021606045120930485,0.0001,4.319345267890947e-06,0.0039982747825576415,0.0006368284760480741,11778,0.22730192074214828
779,0.22680424190587378,0.22819610783618555,0.0019870053491064382,0.0001,3.7895572258416075e-06,0.0038143402357178166,0.0006242131254151556,11769,0.22680424190587378
780,0.22845560698528106,0.22845524869874148,0.0020245876561960654,0.0001,3.673961325737378e-06,0.003629342809133066,0.0006070859588348217,11762,0.22845560698528106
781,0.23711715411600298,0.22874288558147884,0.0021352836932448417,0.0001,3.996392364198823e-06,0.003743195695112329,0.000632483264648143,11526,0.23711715411600298
782,0.2379014236814922,0.22897878998724164,0.0021465616928005387,0.0001,4.344574748018323e-06,0.004047938396170779,0.000631028712990953,11593,0.2379014236814922
783,0.2297935593778489,0.22921945392536924,0.0021066672798467426,0.0001,4.124746845787357e-06,0.003915897764441879,0.0006221573254440337,11656,0.2297935593778489
784,0.23099776007216583,0.2294898985239975,0.0022127698104739504,0.0001,4.591990796880473e-06,0.004150445993202447,0.0006189898323854244,11660,0.23099776007216583
785,0.22804997159961288,0.2296943723697914,0.002128762480352956,0.0001,4.339068142891819e-06,0.00407661087879789,0.0006154990367794402,11700,0.22804997159961288
786,0.22248736053042492,0.22980025634964896,0.001539321767441572,0.0001,2.702078448311652e-06,0.0035107389572001414,0.0005952014143648714,11888,0.22248736053042492
787,0.2271480023011807,0.2299609211372905,0.001995308135423052,0.0001,4.016257203913008e-06,0.004025701226403777,0.0006057189832124144,11693,0.2271480023011807
788,0.23226444105164418,0.23010445976159566,0.002012228141156337,0.0001,4.003297930416599e-06,0.003978970225628674,0.0006088347570592212,11672,0.23226444105164418
789,0.2312688990782601,0.2303481491482517,0.0021602329743749763,0.0001,4.3689163169033624e-06,0.004044856613826505,0.0005826706985531077,11740,0.2312688990782601
790,0.23198008899446687,0.23058172168696764,0.002133212391201188,0.0001,4.2409040636232e-06,0.003976072969682306,0.0006318336073038976,11634,0.23198008899446687
791,0.22808407292616445,0.23080593076357755,0.002009783064553196,0.0001,3.6514705895008604e-06,0.003633696247025184,0.000579303304444818,11781,0.22808407292616445
792,0.22775371177522968,0.23107696415632734,0.0022697228086134237,0.0001,4.7503875948307055e-06,0.004185874659939399,0.0006131245425663192,11655,0.22775371177522968
793,0.2283173384320027,0.23128952282610377,0.002233309020748415,0.0001,4.785677539953259e-06,0.004285728034492519,0.0006052591969557732,11747,0.2283173384320027
794,0.22598311574630187,0.2314499964453833,0.0018298159538981747,0.0001,3.3980198052702087e-06,0.0037140563760319047,0.0006012240175652494,11770,0.22598311574630187
795,0.23924712398885953,0.2316907792128875,0.0023468162909034535,0.0001,5.08959301892351e-06,0.004337444766044444,0.0006125963293728037,11546,0.23924712398885953
796,0.22969774281583427,0.2318871654786985,0.001866434688178834,0.0001,3.2296236935708145e-06,0.00346074118106121,0.0006054269320399299,11754,0.22969774281583427
797,0.23190833834745142,0.23200359737230744,0.0018299431674258899,0.0001,3.4909593348085486e-06,0.0038153745940855046,0.0006190816472749585,11640,0.23190833834745142
798,0.2296533449037525,0.23204427400616237,0.0022229892007466397,0.0001,5.367839258067045e-06,0.004829388515485489,0.0006580436380504394,11682,0.2296533449037525
799,0.23171014958957895,0.23232487106280283,0.002259429928219243,0.0001,4.354623013822871e-06,0.0038546209903972902,0.000624466294050177,11662,0.23171014958957895
800,0.23422464857710723,0.23249764947786977,0.0018552879863345153,0.0001,3.3418202235136866e-06,0.0036024813917068556,0.0006133025503782574,11613,0.23422464857710723
801,0.23441706034492643,0.2327428970427336,0.00201061334693945,0.0001,3.6612094951623593e-06,0.0036418832101512127,0.000619409639636853,11595,0.23441706034492643
802,0.23405845754727433,0.23298087108961368,0.002145203910399857,0.0001,4.3081829082888365e-06,0.004016571932768675,0.0006079003006298688,11619,0.23405845754727433
803,0.23466940124297203,0.23328002680013404,0.0023446741010401135,0.0001,4.691859761078941e-06,0.0040021423523189,0.0006440463810231368,11548,0.23466940124297203
804,0.23607145194559476,0.23339951207348147,0.0017876513773661343,0.0001,3.638736107576789e-06,0.004070968370732307,0.0006256569349076624,11577,0.23607145194559476
805,0.23761689199657007,0.23354459371695951,0.0019575552974266308,0.0001,3.7539667704489265e-06,0.003835362173813254,0.0006066909906516707,11574,0.23761689199657007
806,0.23443471904650143,0.23380908806813355,0.0021882689829703047,0.0001,4.183179177890545e-06,0.003823276946705515,0.0006215954712855071,11621,0.23443471904650143
807,0.23984011494838617,0.23398753460077815,0.002079490667486283,0.0001,4.1664716888435775e-06,0.004007204027397791,0.0006308657072345067,11512,0.23984011494838617
808,0.23144125354841144,0.2341295345262664,0.002021419240821772,0.0001,3.938321897546917e-06,0.003896590888237378,0.0006186834495519574,11663,0.23144125354841144
809,0.2379785758835829,0.23426922409528522,0.0020618184984803343,0.0001,4.278918588881732e-06,0.004150625859682133,0.0006680365677228242,11390,0.2379785758835829
810,0.2256342681267583,0.23448475345850478,0.001995957300411285,0.0001,3.6409630693647744e-06,0.0036483376358948374,0.0006024888553319488,11844,0.2256342681267583
811,0.23844823380192764,0.2347066050215852,0.0020853257090868906,0.0001,3.991556246767825e-06,0.003828232903257708,0.0006508940564596876,11497,0.23844823380192764
812,0.23553684820827975,0.2348509201331056,0.002360476081499803,0.0001,5.61275335363224e-06,0.004755611291825503,0.0005883920964381543,11454,0.23553684820827975
813,0.2329402087686155,0.2350341777462975,0.0018816901366894311,0.0001,3.2324532040352193e-06,0.0034356912873256228,0.000648116571345218,11670,0.2329402087686155
814,0.23398481690809303,0.23519156217422005,0.0020441684751800666,0.0001,4.226521876564389e-06,0.004135199155922883,0.000636836821243834,11621,0.23398481690809303
815,0.24109823913811096,0.23543465854957393,0.0021436699078704645,0.0001,4.141863469168617e-06,0.0038642735562614402,0.0006200283467876602,11474,0.24109823913811096
816,0.23916116457442593,0.23555751956962145,0.001666930008132152,0.0001,3.1125111460286795e-06,0.003734423318128811,0.0006031269616832785,11544,0.23916116457442593
817,0.23014049263409478,0.2357922645158006,0.0020663756117860524,0.0001,3.878434531874543e-06,0.0037538524068450986,0.0006152387549757166,11642,0.23014049263409478
818,0.23421490616874072,0.2360690350200711,0.002200394939253369,0.0001,4.1577877192603485e-06,0.0037791285964974596,0.000620130798045357,11543,0.23421490616874072
819,0.24059814410098201,0.23618328369706415,0.0018320863864914674,0.0001,3.3121852268885357e-06,0.003615752238879442,0.0006378138893030746,11450,0.24059814410098201
820,0.24142702879106467,0.2364320709628948,0.0020972017605385427,0.0001,3.845437224503412e-06,0.0036672077020533673,0.000594323174998075,11547,0.24142702879106467
821,0.24087975939639833,0.2366202711763556,0.0019979389234193188,0.0001,3.739452641786699e-06,0.003743310266348797,0.0006206977585352558,11548,0.24087975939639833
822,0.24321106836777578,0.23682321351622232,0.002056303157974738,0.0001,3.804236824097028e-06,0.0037000739014025905,0.0006226439918888862,11381,0.24321106836777578
823,0.23158635107912834,0.23701828519798737,0.0021160318845829997,0.0001,4.169435493884664e-06,0.003940805924771142,0.0006168487615297097,11588,0.23158635107912834
824,0.23016749649753893,0.23719158980497435,0.00203938456266196,0.0001,3.906628498466191e-06,0.003831183750226059,0.0006353556231704374,11674,0.23016749649753893
825,0.24035952596917315,0.2374513090622954,0.0021358865022259956,0.0001,4.0870595314421724e-06,0.00382703811947188,0.0006215777785026916,11448,0.24035952596917315
826,0.23348549214473374,0.23760529900056898,0.002006355566318349,0.0001,4.071865869637881e-06,0.004058967351544504,0.0006350513096992703,11647,0.23348549214473374
827,0.2327181956775502,0.23784547724888538,0.0021894289947512217,0.0001,4.221663667038241e-06,0.0038564061014620247,0.0005878884335439013,11699,0.2327181956775502
828,0.2294748891784758,0.23794536372794695,0.0018395467504487854,0.0001,3.5265307640432883e-06,0.003834130079252335,0.000593681778194283,11735,0.2294748891784758
829,0.22769954973646128,0.23811565698863885,0.00197448724886549,0.0001,3.5965007731005097e-06,0.0036429718907194804,0.0006240592333988336,11620,0.22769954973646128
830,0.2391972334050099,0.23829012552459589,0.00203776089252586,0.0001,3.8141760235691746e-06,0.003743497127223203,0.000609029801176992,11532,0.2391972334050099
831,0.22851675008171543,0.23856773467763634,0.002274495881626648,0.0001,4.376558775881495e-06,0.0038483769623284766,0.0006311638867410499,11800,0.22851675008171543
832,0.23940970921348295,0.23873303396401302,0.0019058753168476003,0.0001,3.6180539753759235e-06,0.0037967373242026566,0.0006153983895634101,11477,0.23940970921348295
833,0.2393157872432436,0.23887263196696157,0.0020950897846343315,0.0001,4.21348992504075e-06,0.004022252369271282,0.0006255753636226693,11567,0.2393157872432436
834,0.23581116969358434,0.23907934397470618,0.0020864741078085638,0.0001,3.8329861775664284e-06,0.0036741277193151813,0.0006265822264783472,11606,0.23581116969358434
835,0.23883465624557382,0.23922631312355225,0.0019205562703598475,0.0001,3.386925546766259e-06,0.0035270255800749464,0.0006082719890045294,11620,0.23883465624557382
836,0.22481710188561155,0.23939177363086434,0.001997092114763469,0.0001,3.7376682234332487e-06,0.003743110491301429,0.000610028845036205,11733,0.22481710188561155
837,0.24460423959699926,0.23953533652939402,0.0019055570055283757,0.0001,3.455033088000304e-06,0.003626271035688368,0.0006235577109089201,11337,0.24460423959699926
838,0.2382938121855147,0.23977141678866906,0.002101283101134281,0.0001,3.8842162731609795e-06,0.0036969947277111443,0.0006334198098173682,11477,0.2382938121855147
839,0.23713047005639656,0.23994973028825456,0.002012505911854286,0.0001,3.682146994649507e-06,0.003659265767082238,0.0005933251463395867,11550,0.23713047005639656
840,0.23975343057527176,0.24017311042548967,0.0020839807729366314,0.0001,3.906733570998799e-06,0.003749299054706387,0.0006353841187776917,11510,0.23975343057527176
841,0.23709794313775345,0.24028823224178802,0.0018872415562983847,0.0001,3.6001772042784927e-06,0.003815279705200898,0.0006281628245200165,11565,0.23709794313775345
842,0.22495932588583367,0.240554581165074,0.002215898127995512,0.0001,4.081281486087143e-06,0.003683636386099613,0.0006141487698583673,11740,0.22495932588583367
843,0.24382403256477758,0.24083513863952638,0.0023365858625249993,0.0001,4.485802582413022e-06,0.003839621436008777,0.0006110827531639552,11413,0.24382403256477758
844,0.2299268921314352,0.24104404003445956,0.0020456025012258387,0.0001,3.5984010563217333e-06,0.0035181821044561403,0.0006209433795561553,11698,0.2299268921314352
845,0.2394702500467208,0.24122753754630213,0.0021813060166905444,0.0001,4.433884157745472e-06,0.004065348120638768,0.0006266995793113282,11515,0.2394702500467208
846,0.24070745705460267,0.241480829176325,0.0021985285257918675,0.0001,4.1662069355620355e-06,0.003789995796448854,0.0006202696500049118,11507,0.24070745705460267
847,0.2483372038449012,0.24166332959418574,0.002101880700573103,0.0001,4.092513197556471e-06,0.0038941441314348612,0.0006594669836630164,11318,0.2483372038449012
848,0.24485812204245883,0.2419254446419607,0.0022566476047834244,0.0001,4.278724062983343e-06,0.003792106533526737,0.0006532919711346027,11374,0.24485812204245883
849,0.24177822895884596,0.24211106846508865,0.0020535524375827987,0.0001,3.75820494032195e-06,0.0036601986601770627,0.0006168142971952389,11480,0.24177822895884596
850,0.2419100035474848,0.24214601121892176,0.001727907214914814,0.0001,3.1777093636263765e-06,0.003678101851994452,0.0006253140536512212,11485,0.2419100035474848
851,0.24413494684848178,0.2423290244169522,0.0020865525330597923,0.0001,3.917573076193571e-06,0.003755067762850627,0.0006371331621235819,11421,0.24413494684848178
852,0.23717191922871061,0.24246500973917584,0.0017438467010388295,0.0001,2.9663087800329127e-06,0.0034020292933614497,0.0006360395718829903,11607,0.23717191922871061
853,0.24293318555758248,0.2425951040896591,0.00169864577372925,0.0001,3.189902185880124e-06,0.003755817999507845,0.0006357642279776607,11453,0.24293318555758248
854,0.23862468649255325,0.24286260751721822,0.002337648255758055,0.0001,4.54678194777195e-06,0.003890047988676135,0.0006330884491652725,11534,0.23862468649255325
855,0.24006793235956014,0.24307200014584945,0.002176584144869689,0.0001,4.020756446281761e-06,0.003694556404592832,0.0006205558130114466,11499,0.24006793235956014
856,0.24894015008514678,0.2433383115902284,0.002248478696291078,0.0001,4.331186405911535e-06,0.003852548314605725,0.0006249839721126804,11345,0.24894015008514678
857,0.2388780195086483,0.24338989769275177,0.001742381570899807,0.0001,3.056371358646233e-06,0.0035082686934846887,0.0006039051452006944,11495,0.2388780195086483
858,0.23708609455469049,0.24358331484963985,0.0021311969345515452,0.0001,4.080903776988112e-06,0.0038296824763844094,0.0006552453711876366,11540,0.23708609455469049
859,0.24293892537130474,0.24370326112639912,0.0018897691494500068,0.0001,3.434452551660389e-06,0.00363478528862633,0.0006133730353967213,11377,0.24293892537130474
860,0.23552060605808395,0.24381074014264437,0.002021774981043733,0.0001,4.075129798582429e-06,0.004031239714400522,0.0006269156197641727,11588,0.23552060605808395
861,0.2438798857943824,0.24389019583249766,0.001797553958135272,0.0001,3.321343394491102e-06,0.0036954032778371373,0.0006031297554779801,11386,0.2438798857943824
862,0.24708630379064211,0.2440539237376734,0.002141216353864878,0.0001,4.17164578310118e-06,0.003896519635273095,0.0006190037534307633,11282,0.24708630379064211
863,0.24567754870459474,0.2441531380302583,0.0019875575524774714,0.0001,3.8343559050356945e-06,0.0038583596236055717,0.0006344635132567353,11316,0.24567754870459474
864,0.24395357747892055,0.2443361309940576,0.001937672375797426,0.0001,3.314884276875631e-06,0.0034215116221713486,0.0006238473742547428,11390,0.24395357747892055
865,0.24115138147158177,0.2443379539206087,0.0016468366762915339,0.0001,3.3363772924644237e-06,0.0040518617790047265,0.000625005404554746,11421,0.24115138147158177
866,0.24667630454502448,0.24453906360176209,0.001952896256695694,0.0001,3.2471798885123477e-06,0.0033255016771926073,0.0006394392907325663,11356,0.24667630454502448
867,0.24728585815844784,0.24469550473728177,0.0020088181789529006,0.0001,3.930799710464093e-06,0.003913544542406549,0.0006061689731093748,11446,0.24728585815844784
868,0.24348981458457986,0.24489054186926898,0.0019283235002950253,0.0001,3.218916596251146e-06,0.0033385649200029614,0.0006113535930289035,11507,0.24348981458457986
869,0.24254511007068408,0.24500644059840837,0.001896678027830178,0.0001,3.51065080075272e-06,0.0037018943112542358,0.000627285725400181,11423,0.24254511007068408
870,0.2431754256992768,0.24519262208872006,0.0019092368558628376,0.0001,3.193613413137669e-06,0.0033454344895247536,0.0006294867478994865,11413,0.2431754256992768
871,0.24427852654301424,0.2453218388130985,0.00177860778332031,0.0001,3.0751413226003145e-06,0.003457919560949668,0.0006461020913980729,11364,0.24427852654301424
872,0.24035794026546764,0.2455611163100954,0.002185784586278762,0.0001,4.099714473698997e-06,0.0037512520670471435,0.0006073345591581822,11518,0.24035794026546764
873,0.25049307927243736,0.24578828308296602,0.0021833571984142207,0.0001,4.152905551532458e-06,0.003804146709982889,0.0006669171949978232,11225,0.25049307927243736
874,0.24910814980449889,0.245949614585646,0.0019772306273293425,0.0001,3.466625761550573e-06,0.003506546695802468,0.0006249852172936013,11256,0.24910814980449889
875,0.24501897441331877,0.245987889169828,0.001850751063875861,0.0001,3.400348370700132e-06,0.00367456049284023,0.0006116746016620578,11286,0.24501897441331877
876,0.249493623921831,0.24612055947226813,0.0018231642115553533,0.0001,3.1901839550672268e-06,0.0034996123057348303,0.0006251290576139383,11264,0.249493623921831
877,0.2399436009407526,0.24624537251141976,0.0019524648494338116,0.0001,3.5682601146999717e-06,0.0036551337820342512,0.0006051982985114894,11492,0.2399436009407526
878,0.25140736798036223,0.24643808118911903,0.0022183959178835836,0.0001,4.388390294682461e-06,0.003956363478047793,0.0006602128876100779,11208,0.25140736798036223
879,0.2460949055050749,0.24659309794425288,0.001954372900108572,0.0001,3.4298962636391373e-06,0.003509971166146026,0.0006351339529037182,11221,0.2460949055050749
880,0.24302582763993902,0.24671551380013618,0.0018504019723503884,0.0001,3.1627414573699973e-06,0.003418437187842671,0.0006206504970461946,11345,0.24302582763993902
881,0.2510365567200284,0.24678049767027505,0.0019590943059110454,0.0001,3.6996286691921166e-06,0.0037768765475245086,0.0006777227026681547,11246,0.2510365567200284
882,0.2468026075541052,0.24685085993112074,0.0017479959307148704,0.0001,3.0854008790113914e-06,0.0035302151736126388,0.0006226340488325014,11309,0.2468026075541052
883,0.24567752999745723,0.24692706109530904,0.00202990495507802,0.0001,4.138176348928637e-06,0.00407721192913644,0.0006153019239996881,11399,0.24567752999745723
884,0.2466329806790054,0.24707863077217937,0.0021286043650812327,0.0001,4.068089755394539e-06,0.003822307068546569,0.0006166389242487645,11354,0.2466329806790054
885,0.25006135649442335,0.2471760680509733,0.0019373078063520473,0.0001,3.6405049115512235e-06,0.003758313366223716,0.0006372706172006524,11281,0.25006135649442335
886,0.24501424018314943,0.24727273806588926,0.0018957649226830737,0.0001,3.48414884124248e-06,0.0036757182280927193,0.0006178046784798617,11427,0.24501424018314943
887,0.2561907504489408,0.24750330295452183,0.0022713858893652896,0.0001,4.2823331354333625e-06,0.003770678646445238,0.000640521126018355,11168,0.2561907504489408
888,0.24136750696676756,0.24762307366844558,0.001830059967277007,0.0001,3.180605249884825e-06,0.0034759574076879338,0.0006255138543936126,11484,0.24136750696676756
889,0.25085506905902916,0.24783952122421218,0.002017942376781497,0.0001,3.4716921695880742e-06,0.0034408238902492593,0.0006256943186120436,11194,0.25085506905902916
890,0.24903536817632593,0.24792601895474714,0.0018899277393261684,0.0001,3.5500036415825447e-06,0.00375676124299679,0.0006104829486847481,11315,0.24903536817632593
891,0.24831092859384224,0.2479530035420206,0.001577396208829133,0.0001,2.9757515040832708e-06,0.0037729918297345296,0.0006577585677999186,11251,0.24831092859384224
892,0.2490048568546414,0.24806860094808014,0.0020048050419416265,0.0001,3.6468851843507506e-06,0.0036381444659763936,0.0006255865883610779,11310,0.2490048568546414
893,0.24863800512116968,0.24819779035984962,0.0019419357461366302,0.0001,3.46432782453399e-06,0.0035679118955671643,0.0006347339097279342,11217,0.24863800512116968
894,0.24408285115438294,0.24842798800243104,0.002098234592024292,0.0001,3.790983138334205e-06,0.003613497892699231,0.0006191168613405858,11419,0.24408285115438294
895,0.24516940748680538,0.24851110112900998,0.00211284330071396,0.0001,4.1987639244038275e-06,0.003974515216518901,0.0006411469205237328,11398,0.24516940748680538
896,0.24500393147911337,0.2487274808206461,0.002068067215553543,0.0001,3.5536004982950958e-06,0.0034366392654640397,0.0006383188407476188,11420,0.24500393147911337
897,0.24903050282239106,0.24877707524814985,0.001631091123713105,0.0001,2.966143275059248e-06,0.003637004986339399,0.0006350491781194095,11240,0.24903050282239106
898,0.2479310019518533,0.24898190695062478,0.0022147860072171325,0.0001,4.225480394028852e-06,0.0038157008218939813,0.0006153311963682938,11366,0.2479310019518533
899,0.26675562442699424,0.24921709647517187,0.0022236360218899675,0.0001,4.111337995265099e-06,0.003697851586133857,0.0006351746492604266,10910,0.26675562442699424
900,0.2510588068736745,0.249294573618297,0.0018634822050210007,0.0001,3.6850656872989673e-06,0.0039550317973199405,0.0006451166591678876,11284,0.2510588068736745
901,0.24635075922654148,0.24945939458094463,0.002034465537598755,0.0001,3.701325537240207e-06,0.003638622005471588,0.0006274302906256409,11349,0.24635075922654148
902,0.24930179028598598,0.2495484595182138,0.0018771722465084197,0.0001,3.4554136435313336e-06,0.0036815094085888775,0.0006258205098974989,11309,0.24930179028598598
903,0.25788926408584995,0.24967079047208912,0.001866714505902535,0.0001,3.229380909209175e-06,0.0034599623016780554,0.0006110913996386007,11145,0.25788926408584995
904,0.24830037511538752,0.2498796189281794,0.0021632447675382343,0.0001,4.014428623281509e-06,0.0037114881159286623,0.0006311953925055413,11312,0.24830037511538752
905,0.25291549379114514,0.2500203069252447,0.0022701660829842606,0.0001,4.754556113671346e-06,0.004188729757975432,0.0006289536330550429,11172,0.25291549379114514
906,0.24467954829700983,0.25010542988159934,0.0018548936850124973,0.0001,3.3276152429662314e-06,0.003587930963217239,0.0005971994067992553,11330,0.24467954829700983
907,0.24547802179970218,0.25021893948105123,0.0017838020957571868,0.0001,3.131204991858991e-06,0.003510708950624772,0.0006193740134703865,11432,0.24547802179970218
908,0.25471275600201554,0.25024782222939773,0.001829255834114414,0.0001,3.440241232575748e-06,0.0037613560316906137,0.000623631625446697,11170,0.25471275600201554
909,0.25585857651700655,0.2502682360242895,0.0014800160975689586,0.0001,2.6594049506946774e-06,0.0035937513856274363,0.000636731402704451,11108,0.25585857651700655
910,0.24935737653786386,0.2506284977032754,0.0001,0.008671991831333404,2.900732062985805e-06,0.003621645525435466,0.000668988652066059,11206,0.24935737653786386
911,0.24206131360827599,0.25084802900947634,0.0021514321074968075,0.0001,3.858314532502794e-06,0.0035867406822257994,0.0006499940139776737,11484,0.24206131360827599
912,0.24466853167020114,0.2509671603331205,0.0018478550264837503,0.0001,3.334505855317031e-06,0.0036090556970393944,0.0006456566524556416,11444,0.24466853167020114
913,0.25367947068637375,0.25097232708149797,0.0017621038944332246,0.0001,3.0959592819777688e-06,0.0035139350088929638,0.0006684495361467327,11201,0.25367947068637375
914,0.2496796307140756,0.2511439248568701,0.002137815268385056,0.0001,3.863498128209502e-06,0.0036144359013097135,0.0006074595500131051,11247,0.2496796307140756
915,0.2596230935950312,0.25125637682564494,0.00178648950062155,0.0001,3.0892932358230775e-06,0.0034585070158523294,0.0006506393820684552,11131,0.2596230935950312
916,0.25084130728930454,0.2514294665652312,0.0019732544025822443,0.0001,3.2506815593102235e-06,0.0032947414738376457,0.0006180229915014304,11257,0.25084130728930454
917,0.25427011181641523,0.25161193238756646,0.001992550305771678,0.0001,3.384904055025698e-06,0.0033975594445178007,0.0006323263262369385,11211,0.25427011181641523
918,0.24915099103491867,0.25181020006028876,0.002271938467870988,0.0001,4.433560690345008e-06,0.003902887998986748,0.0006342588018569971,11244,0.24915099103491867
919,0.2566049728015953,0.2520309806945543,0.0022208754253096098,0.0001,4.10781812196813e-06,0.0036992782892317907,0.0006311438639719164,11175,0.2566049728015953
920,0.25014847533926615,0.25212194180122227,0.0018146656213019479,0.0001,3.1823247441006173e-06,0.0035073400925702556,0.0006287362744035725,11336,0.25014847533926615
921,0.24897433428622834,0.2522726912031409,0.002143004953111027,0.0001,4.011710677563385e-06,0.003744005044635604,0.0005981223341339397,11328,0.24897433428622834
922,0.2540841223811149,0.25238762996008385,0.0019756963210437553,0.0001,3.487709304646772e-06,0.0035306127439709203,0.0006220720030115009,11191,0.2540841223811149
923,0.25140822028527693,0.2525206734888298,0.0019162672723029189,0.0001,3.2441750310837605e-06,0.0033859316787109733,0.0006174219985621426,11159,0.25140822028527693
924,0.24570057872459677,0.2526115264364755,0.0017661088580314462,0.0001,3.3542460533620787e-06,0.0037984590112987862,0.0006132630785285975,11331,0.24570057872459677
925,0.260166166952007,0.25262750076863383,0.0019508614607553299,0.0001,3.7707913059419655e-06,0.003865770462739059,0.0006228483930732379,11029,0.260166166952007
926,0.2530933950278367,0.2528372614620541,0.002144494417063883,0.0001,3.792146110666023e-06,0.003536634164669926,0.0006139848104208898,11187,0.2530933950278367
927,0.2548059400602962,0.2530413455296805,0.002056308718951897,0.0001,3.418663993306435e-06,0.003325049358394912,0.000618849655193013,11271,0.2548059400602962
928,0.2544813392817491,0.25304749965275225,0.0014527204464510335,0.0001,2.5409532853118074e-06,0.003498199934501237,0.0006130841229011448,11249,0.2544813392817491
929,0.23978885317549736,0.25314719748661335,0.001715801917732325,0.0001,2.89210982783244e-06,0.00337114651515808,0.0006035923459966179,11520,0.23978885317549736
930,0.25342402617144066,0.25333620930139283,0.001963652588267626,0.0001,3.1731882924897174e-06,0.0032319243347308894,0.0006206378016627919,11131,0.25342402617144066
931,0.2523027605065622,0.2534834692259956,0.002145476628858213,0.0001,4.132804855018879e-06,0.0038525750403706695,0.0006341857494214309,11243,0.2523027605065622
932,0.2536801957790129,0.2536111599673139,0.001991386356210706,0.0001,3.5560928515761426e-06,0.003571474556391785,0.0006307223400224459,11175,0.2536801957790129
933,0.2472740567464088,0.2537863014642477,0.002264164111450619,0.0001,4.548832210579393e-06,0.004018111750446409,0.0006636330174718209,11246,0.2472740567464088
934,0.25357903994209086,0.25397762189677864,0.002201413869267855,0.0001,4.039250324744698e-06,0.003669687359685864,0.0006295404099741084,11113,0.25357903994209086
935,0.2504038376690771,0.2539988976835681,0.0016485227355638142,0.0001,3.115383366316132e-06,0.0037796061881435134,0.0006106935874550334,11268,0.2504038376690771
936,0.2502157961504687,0.2540122260180256,0.0017277174907619406,0.0001,3.436034736482754e-06,0.003977542341100486,0.0006027220750799533,11315,0.2502157961504687
937,0.26143173271050446,0.2540941282295664,0.0017987690302688397,0.0001,3.485871832522432e-06,0.0038758415047889074,0.0006475357996859237,11010,0.26143173271050446
938,0.2618969100846602,0.25426963334090114,0.0021464551884673743,0.0001,3.996142649947973e-06,0.0037234810877196317,0.0006591290349352093,11002,0.2618969100846602
939,0.2513440311912422,0.2544085448584516,0.0020010233353220685,0.0001,3.5538097069953336e-06,0.0035519922674198514,0.0006213226719984944,11179,0.2513440311912422
940,0.2525420927414886,0.25447451094065965,0.0017351019838262427,0.0001,3.276247822577876e-06,0.0037764325706701133,0.0006234123440863288,11236,0.2525420927414886
941,0.24796738557137557,0.2545900538653506,0.0018269484849921594,0.0001,3.1489131998245346e-06,0.0034471833504796916,0.0006326919692367034,11327,0.24796738557137557
942,0.2455237843168625,0.25458238451072,0.0017224966056119781,0.0001,3.0481040498398034e-06,0.003539169876920432,0.0006122813379835109,11402,0.2455237843168625
943,0.25892211627725686,0.25470710559502674,0.0020292663319746787,0.0001,3.6438095489211764e-06,0.003591258073429313,0.0006353414729195701,11119,0.25892211627725686
944,0.2470369668843963,0.25484448896427364,0.0018390914429574584,0.0001,3.066650184586217e-06,0.0033349621589829287,0.0006325457687277051,11323,0.2470369668843963
945,0.2554221871696014,0.25496982104142957,0.0018976290309475651,0.0001,3.371739893786333e-06,0.0035536343919682573,0.0006456320519791043,11093,0.2554221871696014
946,0.2595414023689443,0.25498935560254615,0.0017078136029863443,0.0001,2.8483403252231893e-06,0.0033356571469421235,0.000629224526089733,11101,0.2595414023689443
947,0.25737404390768404,0.25515351419849913,0.0021489128428561323,0.0001,3.947185285670661e-06,0.003673657867319024,0.0006645748521863603,11193,0.25737404390768404
948,0.2569970410370037,0.25528803654561216,0.0018168133940855335,0.0001,2.9090902622464047e-06,0.003202409528371682,0.0006044479991638808,11173,0.2569970410370037
949,0.24954674965463491,0.2554589137821249,0.001995146718129349,0.0001,3.380551203644656e-06,0.003388774542670488,0.0006414804657295152,11230,0.24954674965463491
950,0.2501653084051639,0.255588036490802,0.0020314146684073907,0.0001,3.839538648847504e-06,0.003780162375077918,0.0006546111672646078,11260,0.2501653084051639
951,0.24789294940947648,0.2557785917024249,0.0020416010524492685,0.0001,3.4239002184493837e-06,0.0033541324974747616,0.0006052306444398418,11351,0.24789294940947648
952,0.2598701640130332,0.2558841023503121,0.0019382968778929386,0.0001,3.561235417131739e-06,0.00367460264498083,0.0006648450529391279,11004,0.2598701640130332
953,0.25363703608861976,0.256032038388456,0.0020483994746600155,0.0001,3.6164295364910303e-06,0.0035309807303004408,0.000632265107158331,11166,0.25363703608861976
954,0.2413590961341231,0.2560594614600609,0.0016844812694327704,0.0001,3.3847038566861983e-06,0.004018689810455367,0.0006179296331830259,11449,0.2413590961341231
955,0.250783973627522,0.2562237070787575,0.002004153440690164,0.0001,3.4395923010413454e-06,0.0034324640331499408,0.0006072705453495334,11258,0.250783973627522
956,0.2546843691348067,0.2562851849745692,0.0018741932087341017,0.0001,3.4873173172526353e-06,0.0037214064174398505,0.000615430720329376,11211,0.2546843691348067
957,0.26094738074633794,0.2564611251269364,0.0021631744756879967,0.0001,3.829074797773427e-06,0.003540236666814027,0.0006383000515833295,11046,0.26094738074633794
958,0.2552388272916941,0.2563887073596427,0.0017822931446143983,0.0001,3.5323070025804787e-06,0.003963777803055735,0.0006340947414680612,11167,0.2552388272916941
959,0.263512147124863,0.256589765925081,0.002294000791100358,0.0001,4.289000540848004e-06,0.003739319147131339,0.0006260687881342048,10920,0.263512147124863
960,0.25709856525059516,0.2567490117235855,0.0019853007822968065,0.0001,3.3097638038054844e-06,0.0033342693795510416,0.0005932404977685253,11152,0.25709856525059516
961,0.2544510031394246,0.2569500827693957,0.002217457267257808,0.0001,4.084297353435225e-06,0.003683766459667584,0.0006456585478993686,11189,0.2544510031394246
962,0.2613543556890616,0.25713021259293567,0.0021907535759569325,0.0001,4.015269060147115e-06,0.0036656510382672533,0.000629184799655694,10995,0.2613543556890616
963,0.25680709449822203,0.25730174840834225,0.0019911155102103795,0.0001,3.350447308369259e-06,0.003365397227019997,0.0005954705254780357,11121,0.25680709449822203
964,0.2560823349672391,0.257465864806531,0.0019238575855444558,0.0001,3.107099026674866e-06,0.003230071757931656,0.0006112702897017509,11101,0.2560823349672391
965,0.26002425020286113,0.25746487311816924,0.0018539300906343379,0.0001,3.5451866673206845e-06,0.0038245095489093314,0.0006617034871699305,11069,0.26002425020286113
966,0.249420888913571,0.2575518391703808,0.0018568795155665572,0.0001,3.325469888067049e-06,0.0035817831584537742,0.0006183910996747778,11231,0.249420888913571
967,0.26305065530165445,0.25764797136784584,0.0017599125988840547,0.0001,2.8756549249610116e-06,0.003267951973051887,0.0006205570054409963,10975,0.26305065530165445
968,0.2601923631450733,0.2577230947860669,0.0019942881334480455,0.0001,3.832265789534692e-06,0.0038432418317696716,0.0006474403257961867,11088,0.2601923631450733
969,0.24824679549845519,0.257708105566535,0.0017526338985274744,0.0001,3.5685069109362366e-06,0.004072164659070465,0.0006371120299696394,11207,0.24824679549845519
970,0.25202006888775347,0.2577314884586161,0.0015506993894093776,0.0001,2.6316208825346884e-06,0.0033941083623396616,0.000591280249353829,11255,0.25202006888775347
971,0.25914605362986465,0.25780261362114304,0.0016629591312920257,0.0001,2.731292829983611e-06,0.0032848586337314856,0.000585946525481075,11132,0.25914605362986465
972,0.2696279559864286,0.2579575172555942,0.0018994342753092853,0.0001,2.94170212133546e-06,0.0030974508142499026,0.0006178494780154275,10858,0.2696279559864286
973,0.2628428688364383,0.2580350665371562,0.0017183612892685423,0.0001,2.8916969266793046e-06,0.00336564486727959,0.0006120692670789963,10902,0.2628428688364383
974,0.2574617627698929,0.2581561176844921,0.002212037331231726,0.0001,4.481812030351293e-06,0.00405220288742206,0.0006474937887197614,11104,0.2574617627698929
975,0.25688938778282155,0.2583634379159216,0.0021626801833514154,0.0001,3.7169454647776403e-06,0.003437351017863071,0.0005998692599490528,11055,0.25688938778282155
976,0.25571647527920116,0.2587096111933227,0.0001,0.008388090606388253,2.6327283196255335e-06,0.003214056873505149,0.0006277300623387363,11131,0.25571647527920116
977,0.2572020784541055,0.2589090679202424,0.0021900575861488985,0.0001,3.8518498715339826e-06,0.0035175786206674674,0.0006017560751745443,11083,0.2572020784541055
978,0.25854422327394844,0.2589609626222529,0.0018103388348217082,0.0001,3.2758055417519227e-06,0.003618997149861773,0.0006480126798924749,10964,0.25854422327394844
979,0.2566618204737879,0.25905307271876554,0.0019258455346803528,0.0001,3.2711868462601624e-06,0.003397143527196854,0.0006257626654274959,11131,0.2566618204737879
980,0.2587730441702152,0.25919662599355864,0.00202036150524197,0.0001,3.5184235825823197e-06,0.003482964383803118,0.0006487183504651669,11083,0.2587730441702152
981,0.2533484224368293,0.2593272856892418,0.0017691464038590168,0.0001,2.9299693597723922e-06,0.0033122972224133474,0.0006048085870766096,11260,0.2533484224368293
982,0.2638668069439811,0.2594635377520753,0.002065469159563222,0.0001,3.6030390053165743e-06,0.003488833506551604,0.000632618145983387,10931,0.2638668069439811
983,0.25974020866697595,0.25980755622243756,0.0001,0.008608575339132432,2.7064287698521004e-06,0.0036612550924510706,0.0006287750674723962,11070,0.25974020866697595
984,0.2703719776318073,0.26016857178455616,0.0001,0.008905622964712064,2.8298812640806723e-06,0.003220356040141038,0.0006355268520335719,10866,0.2703719776318073
985,0.254596826827396,0.2602703512599059,0.0018746616588374782,0.0001,3.2184869506189194e-06,0.0034336723487637536,0.0006224690999830778,11219,0.254596826827396
986,0.25797066613902864,0.2604150001311752,0.0018186281061368438,0.0001,2.7871083418937795e-06,0.0030650668297590496,0.0005859818329018047,11166,0.25797066613902864
987,0.2618590865841073,0.2605359320932392,0.0019467044338455162,0.0001,3.3942266905694934e-06,0.0034871515485938916,0.0006052962223652144,11031,0.2618590865841073
988,0.26380810908568525,0.26061471843829254,0.001883654187980925,0.0001,3.1913343732928154e-06,0.003388450378690351,0.0006071447412801911,10944,0.26380810908568525
989,0.26127510043132696,0.2605716504887744,0.0015594656099124284,0.0001,2.9095618672787114e-06,0.0037314857715164324,0.000595416504850523,11037,0.26127510043132696
990,0.262511499768433,0.26071951262521453,0.002005612514899734,0.0001,3.4123532741849376e-06,0.003402804129745402,0.000608287271110252,10922,0.262511499768433
991,0.2510070589520525,0.26077710473305243,0.0018881092427364952,0.0001,3.3766583738176827e-06,0.003576761659112252,0.000597478853467211,11307,0.2510070589520525
992,0.25563253438188316,0.26093880926264357,0.0020277959774812966,0.0001,3.520842786649706e-06,0.003472580896449856,0.0006116555981738653,11096,0.25563253438188316
993,0.26315383157229405,0.26104115003696127,0.0019136496855026775,0.0001,3.3138059704182676e-06,0.0034633360489360375,0.0006048606061042908,10975,0.26315383157229405
994,0.2679317600754795,0.26119365009749573,0.0020281110225954593,0.0001,3.5251823761681074e-06,0.003476320908366034,0.0006167819397718191,10887,0.2679317600754795
995,0.26938737218540787,0.26139910111462167,0.0021074444104712932,0.0001,3.3909751575256426e-06,0.003218092150546747,0.0005888671917633804,10804,0.26938737218540787
996,0.26253608056247335,0.2615951808856162,0.002092252892257717,0.0001,3.3901971422876665e-06,0.00324071449950714,0.0006037166096156462,10987,0.26253608056247335
997,0.2575721379665302,0.26169287856883827,0.002174152510251974,0.0001,4.143520886354715e-06,0.0038116193475999523,0.0006358138853602244,11025,0.2575721379665302
998,0.26477932590267794,0.26172109567541163,0.0019279205196350109,0.0001,3.6074548172259813e-06,0.003742327321573335,0.0006253803778215043,10888,0.26477932590267794
999,0.2604857844594849,0.2618380089850014,0.001779310895187279,0.0001,2.790495424445668e-06,0.0031366024138822102,0.0006218054593860583,11016,0.2604857844594849
