iteration,performance_mc,performance_true,alpha,beta,bound,policy_advantage,model_advantage,total_samples,avg_return
0,0.003205713970801251,0.0028123270151188015,0.0002461358582440057,0.0001,6.571153958115217e-08,0.0005339452776198852,3.9883095003100906e-21,31838,0.003205713970801251
1,0.002399389645659903,0.0028184056722775877,0.00022091163053019122,0.0001,5.399824679414226e-08,0.0004888673961126053,8.092724011305531e-22,31809,0.002399389645659903
2,0.0030787552681356915,0.0028260224988229995,0.0002607533382170168,0.0001,8.212232558364214e-08,0.0006298851331697569,2.648246801718251e-21,31800,0.0030787552681356915
3,0.0018997698171681222,0.002831946746703549,0.00020962680896312945,0.0001,3.978716759145474e-08,0.0003795999928468383,6.255427956280694e-22,31814,0.0018997698171681222
4,0.0044076675009241395,0.0028417764380518217,0.00034729284762704556,0.0001,1.4190975905091902e-07,0.0008172339857877784,1.4594180220133245e-21,31737,0.0044076675009241395
5,0.002958051769913801,0.002850664132335037,0.00027026896601529764,0.0001,8.829356406819657e-08,0.0006533755271272917,8.987504611424152e-22,31805,0.002958051769913801
6,0.0026276654169111093,0.0028585029079477415,0.0002502576101434456,0.0001,7.065575325588393e-08,0.0005646641731724733,1.1807502115298218e-21,31776,0.0026276654169111093
7,0.002102397102589547,0.002865009384667728,0.00022358604271801056,0.0001,5.402592468272964e-08,0.00048326741710678054,4.9820790155979775e-22,31821,0.002102397102589547
8,0.003301434523053203,0.002874126410342726,0.0002882478825764833,0.0001,9.995870836964281e-08,0.0006935607469249659,7.740790551723258e-22,31816,0.003301434523053203
9,0.0025724705288555057,0.002880283725298608,0.0002230877766643572,0.0,5.518619702162042e-08,0.0004947487293725629,-5.239119668056127e-07,31762,0.0025724705288555057
10,0.0029795875513027085,0.0028888410020877194,0.00027392319507600393,0.0,9.135093717993326e-08,0.0006669821236174368,-6.537059151501107e-07,31844,0.0029795875513027085
11,0.004081649982292064,0.002898748295356897,0.00030981762528959933,0.0,1.1223277833813804e-07,0.0007245086733411594,-5.746061849216583e-07,31699,0.004081649982292064
12,0.0033554879958609435,0.002907684013446797,0.00031062447346265495,0.0,1.1050178284494154e-07,0.0007114814979845862,-1.034396840690752e-06,31772,0.0033554879958609435
13,0.001916449912896734,0.0029143416486573717,0.00021518551772452087,0.0,5.5120892576054256e-08,0.0005123104301714178,-2.7503727368299704e-07,31807,0.001916449912896734
14,0.003193561362190355,0.00292190304624462,0.0002623395779131902,0.0,8.206816312962136e-08,0.0006256636057924755,-8.396548847750525e-07,31752,0.003193561362190355
15,0.0031917303357658086,0.002932746532958712,0.00031495220143755995,0.0,1.1685193239859896e-07,0.0007420296277672797,-3.9146154654002166e-07,31772,0.0031917303357658086
16,0.0032600119501629736,0.00294216681721382,0.0002893681883291521,0.0,9.613113695499147e-08,0.0006644209061822904,-9.031416704279692e-07,31757,0.0032600119501629736
17,0.0029250561285318094,0.0029514604543659576,0.00028145883708104543,0.0,8.133987200861305e-08,0.0005779876933492156,-8.021123619549948e-07,31794,0.0029250561285318094
18,0.0034000881329588643,0.0029614581071658918,0.00030009386257198717,0.0,1.0477336418348975e-07,0.0006982706229678822,-5.646746365135594e-07,31831,0.0034000881329588643
19,0.002899222634892953,0.0029698488288701815,0.00025177639385680345,0.0,7.51842837778538e-08,0.0005972306031248861,-1.6040133459649062e-05,31763,0.002899222634892953
20,0.0021413185958973537,0.0029766328189429645,0.00025988507787328997,0.0,6.411025672741765e-08,0.0004933738962779183,-5.4096070795406685e-06,31840,0.0021413185958973537
21,0.00237601272221916,0.0029825781344740717,0.00022636641296790023,0.0,5.979187585460674e-08,0.0005282751541686131,-1.3380505202280093e-05,31858,0.00237601272221916
22,0.0028066503721031065,0.0029915289757566554,0.00027073511768127724,0.0,8.441524432799374e-08,0.0006236002558587285,-1.666147086787757e-05,31668,0.0028066503721031065
23,0.0028843408305915244,0.003000088496151811,0.00031080719172671905,0.0001,8.05040298108004e-08,0.0005180319629256489,1.097889528216955e-06,31796,0.0028843408305915244
24,0.003047957403215943,0.00300943263346669,0.0002916339010213907,0.0,1.025100307552692e-07,0.0007030049002962127,-1.8913161514204843e-05,31807,0.003047957403215943
25,0.0029716607246293705,0.003019233813255141,0.00027409368508101193,0.0,8.802328149626474e-08,0.0006422860962320115,-1.8217345679578236e-05,31769,0.0029716607246293705
26,0.0030928358879955455,0.003029234261510282,0.0002803415778339448,0.0,8.016720734101721e-08,0.0005719252061034114,-1.359518599009025e-05,31766,0.0030928358879955455
27,0.0037443276384943455,0.0030377967119410636,0.00029457337301871776,0.0,1.0354157722184107e-07,0.0007029934590541679,-2.2338051659409262e-05,31745,0.0037443276384943455
28,0.002867959999826694,0.003046796256537617,0.000288755231714355,0.0,8.96231104137066e-08,0.0006207548855936529,-1.133827047332326e-05,31768,0.002867959999826694
29,0.0037335432245230483,0.003057934462528242,0.0003139656890191836,0.0,1.229641554377334e-07,0.0007832967724713394,-1.5524227432439776e-05,31839,0.0037335432245230483
30,0.002892498461807805,0.00306774388237845,0.00026719779885252503,0.0,8.841267535121313e-08,0.0006617769736943896,-2.1875728475965324e-05,31787,0.002892498461807805
31,0.004351287071014086,0.00307988224434125,0.0003485877083109253,0.0,1.3959086533239578e-07,0.000800893789449895,-1.9024730224842988e-05,31797,0.004351287071014086
32,0.002261999696851119,0.0030877621177509075,0.0002353703424088958,0.0,6.660343010901747e-08,0.0005659458148156238,-1.5356875140573927e-05,31869,0.002261999696851119
33,0.0029605273211623677,0.0030959665437888693,0.00024717568276533513,0.0,7.157759532014642e-08,0.0005791637309896792,-1.7918296614336286e-05,31770,0.0029605273211623677
34,0.002736694636993764,0.0031029517120863335,0.0002684088877366973,0.0,8.588045686342426e-08,0.0006399226015769712,-1.681052399014431e-05,31759,0.002736694636993764
35,0.0026382846152265427,0.0031113558967305944,0.0002550127363651956,0.0,7.381614908165181e-08,0.0005789212737668291,-1.5587662501412757e-05,31811,0.0026382846152265427
36,0.0024127451915019046,0.003116840069170692,0.00020478168277074152,0.0,4.602653117689954e-08,0.0004495180482370336,-1.1607896540624406e-05,31903,0.0024127451915019046
37,0.003758899996881603,0.003126996600272063,0.0002980949396743053,0.0,1.0068460444607829e-07,0.0006755203865995511,-2.1071925965584755e-05,31771,0.003758899996881603
38,0.0024976038287913135,0.003135060979974148,0.00026572957708346026,0.0,8.140511561518841e-08,0.0006126914174075602,-1.6773080130831187e-05,31724,0.0024976038287913135
39,0.003567500431879942,0.0031439795992439633,0.00029611532029944865,0.0,1.0422749102984563e-07,0.000703965542373457,-1.7427250060111724e-05,31771,0.003567500431879942
40,0.0039964362854269415,0.0031556109530106874,0.0003200350094717795,0.0,1.222441813087195e-07,0.0007639425543504413,-1.871153171702986e-05,31771,0.0039964362854269415
41,0.0036273328857623056,0.003164570020712295,0.000279835083224275,0.0,9.302566187626678e-08,0.0006648606086443491,-1.7873372643825224e-05,31736,0.0036273328857623056
42,0.0029099581363818123,0.0031737586343072843,0.0002832409638868288,0.0,9.213213757596058e-08,0.0006505565883667357,-1.2178577024612558e-05,31750,0.0029099581363818123
43,0.003974698797544649,0.003185002292975382,0.000345707888079812,0.0,1.3367303321791132e-07,0.0007733293790915805,-1.9514773770789348e-05,31794,0.003974698797544649
44,0.004328659855911915,0.0031984920493407596,0.0003758049032602341,0.0,1.6829693132312655e-07,0.0008956611787823628,-1.960486003457262e-05,31729,0.004328659855911915
45,0.003210083493806106,0.003207416764961193,0.0002695126493783016,0.0,8.871799036374922e-08,0.0006583586378479785,-1.551606655826918e-05,31817,0.003210083493806106
46,0.0025742587689217633,0.003216038518883758,0.0002583966164403288,0.0,8.392899055872816e-08,0.0006496136963009327,-8.164262560189168e-06,31878,0.0025742587689217633
47,0.0038415282526267094,0.00322726029363891,0.0003023734227944024,0.0,1.0975778455493328e-07,0.000725975077707558,-4.411169915246355e-07,31779,0.0038415282526267094
48,0.0035881872280081727,0.0032374217962460234,0.00029731477276500543,0.0,9.98737756935445e-08,0.0006718386359663584,-1.5806512023922292e-05,31765,0.0035881872280081727
49,0.002766941663561144,0.00324531022060188,0.0002508363651584668,0.0,7.229149592880751e-08,0.0005764036317711517,-6.808209059852427e-06,31851,0.002766941663561144
50,0.002987277299082953,0.0032555151563529944,0.00027113603386133447,0.0,8.548670045210804e-08,0.0006305816252798625,-1.2208536601836833e-05,31779,0.002987277299082953
51,0.0024442615015165038,0.00326388929285715,0.00022571268379715349,0.0,6.156867407601136e-08,0.0005455490851488233,-1.2604056733861856e-05,31872,0.0024442615015165038
52,0.0032691972255126395,0.0032729742712099843,0.00029092260558154904,0.0,1.0283090864372746e-07,0.0007069296553161988,-1.715157563711853e-05,31793,0.0032691972255126395
53,0.0027821065668242914,0.0032820815197007044,0.00026908053092973046,0.0,8.614622152623566e-08,0.000640300665593175,-1.5960358196139944e-05,31836,0.0027821065668242914
54,0.0036201625940587515,0.0032892909818237432,0.0002604159701134057,0.0,8.12840142584812e-08,0.0006242628992613911,-1.8655705744186656e-05,31747,0.0036201625940587515
55,0.004658199035346629,0.003301607816054601,0.0003519582516630493,0.0,1.48787364166503e-07,0.000845483027964044,-1.5881852652429896e-05,31705,0.004658199035346629
56,0.003381685908616445,0.003312001426541389,0.00027526116345819984,0.0,8.988576493649206e-08,0.0006530944199118142,-1.438038506801715e-05,31767,0.003381685908616445
57,0.003912566362605575,0.0033199173589280404,0.00028106851852457786,0.0,9.459262397194422e-08,0.0006730929843619084,-1.5620820222135457e-05,31764,0.003912566362605575
58,0.0032610044374638673,0.0033296983455772945,0.00027154827115360986,0.0,8.847831795534384e-08,0.000651658120152739,-1.5297248432293993e-05,31811,0.0032610044374638673
59,0.0035280983886384447,0.0033411288146027404,0.00030660382103339667,0.0,1.1161018283536913e-07,0.0007280416953656428,-2.532091326444229e-06,31834,0.0035280983886384447
60,0.003932680574714216,0.0033520573737749818,0.0003011250656717542,0.0,1.0719282663752577e-07,0.0007119488801000237,-1.13918671272345e-06,31856,0.003932680574714216
61,0.003096209433794519,0.0033626067293644293,0.00027758375234118764,0.0,9.410290218704064e-08,0.0006780144831486792,-5.365935215339002e-07,31789,0.003096209433794519
62,0.0035787002629455735,0.003372630794741437,0.00029152902782316945,0.0,9.226974772744067e-08,0.0006330055597990605,-1.4950101455191911e-06,31791,0.0035787002629455735
63,0.004385206332954544,0.0033854836645215145,0.0003714590944987988,0.0,1.6948262452147628e-07,0.0009125237585051202,-1.8314779194736227e-06,31761,0.004385206332954544
64,0.0044958924484721375,0.0033964114927396184,0.00033402062082619875,0.0,1.3716337241520348e-07,0.0008212868539429117,-1.8338447510036475e-06,31726,0.0044958924484721375
65,0.0022936847077374674,0.0034035599417355598,0.00023542884659668946,0.0,6.396295148182317e-08,0.000543373952737384,-1.2081337401746359e-06,31893,0.0022936847077374674
66,0.0025281343692609096,0.0034114060741569983,0.00025487457595393514,0.0,7.745430208450809e-08,0.0006077836661001984,-1.0500340223293595e-06,31838,0.0025281343692609096
67,0.0032675432688692727,0.0034215285503222236,0.00028752217111170495,0.0,9.502745465156654e-08,0.0006610095790814509,-1.4653532610128473e-06,31731,0.0032675432688692727
68,0.002852162369659277,0.003431147495825511,0.0002841918923803454,0.0,9.800552116755028e-08,0.0006897137025737917,-1.6566443759307684e-06,31859,0.002852162369659277
69,0.003278783112749913,0.0034415097722214215,0.00028172591836652684,0.0,9.426587439619233e-08,0.0006692027126418091,-6.903313140833278e-07,31769,0.003278783112749913
70,0.003855296788362622,0.003451683569207901,0.00030240551308735445,0.0001,1.0892665667392368e-07,0.0007204012622776393,5.937406314980552e-07,31766,0.003855296788362622
71,0.0026509156716759824,0.0034607130037984614,0.00026011690114512945,0.0,7.689188215740066e-08,0.0005912101967914776,-1.613704169635462e-07,31788,0.0026509156716759824
72,0.0030037932458211627,0.003470083139892604,0.00026271790791607114,0.0,8.299455657039356e-08,0.0006318149929612508,-2.0027126805386263e-06,31815,0.0030037932458211627
73,0.002210337417337692,0.003478417298580736,0.00023519687324019724,0.0,6.66701777236781e-08,0.0005669308167680485,-1.069856143424161e-06,31845,0.002210337417337692
74,0.0015634727418329794,0.0034830544202121517,0.00018317692233916884,0.0001,3.578679316173339e-08,0.0003907347356286603,4.398577463565303e-07,31849,0.0015634727418329794
75,0.003134104203991203,0.0034928792086982674,0.0002714146565416876,0.0,8.378766312152939e-08,0.0006174144328765099,-8.10301920636973e-07,31814,0.003134104203991203
76,0.004148829667843704,0.0035034507791756107,0.00028686341034034335,0.0,9.783779526137711e-08,0.0006821211192134921,-3.542766002960621e-08,31799,0.004148829667843704
77,0.003078634355860765,0.003512332756997648,0.0002563533361375896,0.0,7.568545387471612e-08,0.0005904776197965633,-3.767820677908228e-07,31839,0.003078634355860765
78,0.0030160553812393913,0.0035209222439463576,0.000247129429794468,0.0,7.349823237647704e-08,0.0005948156999156586,-1.0693151897993204e-06,31780,0.0030160553812393913
79,0.0048622608200702255,0.003534421797665197,0.0003491202142171322,0.0,1.494894528971135e-07,0.0008563781002044174,-8.136517149684766e-06,31727,0.0048622608200702255
80,0.00393962164489378,0.003547087070196193,0.000335022713578829,0.0,1.37611584492504e-07,0.0008215059989365453,-5.310167169063711e-06,31803,0.00393962164489378
81,0.0033263429603120065,0.003556281292178881,0.00027316880851480357,0.0,8.792591029282697e-08,0.000643747803937594,-5.916292406062579e-06,31763,0.0033263429603120065
82,0.0022492780094559373,0.003563289382840317,0.00020279412000734977,0.0,4.913743435374887e-08,0.00048460413301892587,-3.1077827868890815e-06,31758,0.0022492780094559373
83,0.004181737795868471,0.003575894243455055,0.00033224598159968625,0.0,1.34025967569176e-07,0.000806787591072569,-6.394634187809836e-06,31743,0.004181737795868471
84,0.0031703950966522855,0.003586409666451091,0.0002970007094789338,0.0,1.0176385839930488e-07,0.0006852768707377313,-2.200907339916475e-06,31812,0.0031703950966522855
85,0.004486699502934264,0.003598655141415677,0.00031970079109025647,0.0,1.2041915783106672e-07,0.0007533241154668932,-5.736375184105594e-06,31767,0.004486699502934264
86,0.0032091555634254777,0.003607275335594097,0.0002665716750166764,0.0,8.47297174800097e-08,0.0006356993290806992,-5.3195769181119254e-06,31833,0.0032091555634254777
87,0.003131618739515648,0.0036161195860375454,0.0002772331237786441,0.0,9.214425652054486e-08,0.0006647420428311961,-5.848829095533732e-06,31759,0.003131618739515648
88,0.0019553030719859257,0.0036243247969665227,0.0002093957185641162,0.0,4.909891898034975e-08,0.0004689581937685687,-2.4160496639157155e-06,31781,0.0019553030719859257
89,0.0032140015814005707,0.003634895276718711,0.00027840779235883777,0.0001,9.530812313018087e-08,0.0006846656289514982,1.096709567663179e-06,31825,0.0032140015814005707
90,0.002928142872466208,0.003641852211080937,0.00025143798165310307,0.0001,6.84938213276125e-08,0.0005448168242307174,7.817327501126461e-07,31815,0.002928142872466208
91,0.004669714924652532,0.0036546037042049224,0.00033683483952389603,0.0001,1.3361813336016585e-07,0.0007933747800496543,1.517102990943523e-06,31740,0.004669714924652532
92,0.0032483165271219383,0.003662884531024987,0.00026775322448326696,0.0001,8.325705325885026e-08,0.0006218939355036849,3.162260954773282e-07,31793,0.0032483165271219383
93,0.0026450730829937217,0.0036724460397871994,0.0002532217513353314,0.0001,7.708548639184084e-08,0.0006088377952157801,8.666652016111561e-07,31867,0.0026450730829937217
94,0.00321629829618778,0.003681329661835017,0.0002695658704953006,0.0001,8.605561603990155e-08,0.0006384756043618049,8.531480134869421e-07,31842,0.00321629829618778
95,0.0039779122621715,0.0036943516501485485,0.0003190722053191814,0.0001,1.1280973681374937e-07,0.0007071110233553625,1.218085813537736e-06,31743,0.0039779122621715
96,0.00328241407905699,0.003704119857631811,0.00026620751694606204,0.0001,8.136295414436342e-08,0.000611274655785538,1.1901223220493898e-06,31773,0.00328241407905699
97,0.003967978936624421,0.003712048675766393,0.0002522893186169428,0.0001,7.574594390473438e-08,0.0006004688927773539,8.469012886125402e-07,31776,0.003967978936624421
98,0.004409697301609445,0.0037209761324357568,0.00028366015005818265,0.0001,9.576570656698688e-08,0.0006752143827558716,9.436629287075139e-07,31678,0.004409697301609445
99,0.004383264275369205,0.003733791236157496,0.00032784423906214127,0.0,1.2833061918816332e-07,0.000782875548188839,-5.393410282169081e-06,31805,0.004383264275369205
100,0.002846219560895276,0.0037442192171148283,0.00026320740696415476,0.0,7.59865470690634e-08,0.0005773891240029709,-2.5905010778293863e-06,31833,0.002846219560895276
101,0.0026411064346838625,0.0037540237236998847,0.00023334811297553583,0.0,6.626015962261761e-08,0.0005679082532762053,-2.8834309819017918e-06,31756,0.0026411064346838625
102,0.0033497881446574182,0.003765391740499106,0.00029311189706022215,0.0,1.0082154648912075e-07,0.0006879389577858463,-3.450002226838304e-06,31769,0.0033497881446574182
103,0.004122293729727155,0.003778486455376899,0.0003203466487986827,0.0,1.1495100153195382e-07,0.0007176663277922607,-4.567889882184118e-06,31798,0.004122293729727155
104,0.0036230789673606166,0.0037879355990322063,0.00026419952284229085,0.0,8.561379944303385e-08,0.0006480995765775056,-4.97623400517964e-06,31833,0.0036230789673606166
105,0.0033831678026409323,0.003798124690199343,0.0003016195765929,0.0,1.0977605545273489e-07,0.0007279106793581978,-3.936824640653042e-06,31780,0.0033831678026409323
106,0.005145256398890064,0.0038130161914040625,0.00036044392713200567,0.0,1.5514553425018495e-07,0.0008608580840002104,-5.112004583493601e-06,31724,0.005145256398890064
107,0.0041797444479132785,0.0038244968262235576,0.00030917131833211535,0.0,1.1425123483258453e-07,0.0007390804260171025,-3.828289590418771e-06,31782,0.0041797444479132785
108,0.00402840016221651,0.0038372953339668057,0.0003284516278130837,0.0,1.1414684071916526e-07,0.0006950602831788935,-1.0847863297798205e-06,31763,0.00402840016221651
109,0.00320989565435951,0.00384634518057767,0.0002716727354937378,0.0,8.749376675639796e-08,0.0006441115012692521,-8.84869945344543e-06,31826,0.00320989565435951
110,0.003242692062763823,0.003855866553883478,0.000255218051155839,0.0,7.827910104577633e-08,0.0006134291888153182,-7.080967052756068e-06,31756,0.003242692062763823
111,0.003939964480212327,0.003868008123528141,0.00032718915829676586,0.0,1.2420415632315212e-07,0.0007592192661255414,-1.581099186271598e-06,31798,0.003939964480212327
112,0.00483747021795547,0.003882629404354741,0.0003648418637080329,0.0,1.6324603719794176e-07,0.0008948865436592577,-1.4530068628155613e-05,31698,0.00483747021795547
113,0.005208031165877406,0.003897655320353246,0.00036925603018939096,0.0,1.6663704984438536e-07,0.0009025556048951584,-9.530736029214971e-06,31773,0.005208031165877406
114,0.004100709782686228,0.003910120409364408,0.0003223743722165991,0.0,1.1755390357955973e-07,0.0007293005506068999,-1.0060235290626248e-05,31842,0.004100709782686228
115,0.003724589328978954,0.003920611393287771,0.0002951129545491503,0.0,1.045524492709428e-07,0.0007085588596452472,-1.1067238796305444e-05,31863,0.003724589328978954
116,0.00347780792679996,0.003931762874713895,0.0002969593768062557,0.0,9.798158130504638e-08,0.0006598988882507806,-6.965442723003518e-06,31747,0.00347780792679996
117,0.0032739087503170033,0.003943785247848599,0.0002789873938195631,0.0,9.243031875030064e-08,0.0006626128692401102,-8.837333317573448e-06,31769,0.0032739087503170033
118,0.004579163029375643,0.00395728507045272,0.00034009022139982754,0.0,1.3893812531544693e-07,0.0008170662757874715,-8.224714626889272e-06,31697,0.004579163029375643
119,0.004431064336855204,0.003970749516472546,0.0003528513023616477,0.0,1.461677224476902e-07,0.0008284947311764691,-1.2815351060250756e-06,31806,0.004431064336855204
120,0.0033536478070655914,0.003982190767323486,0.00027962409018305906,0.0,9.146508909910787e-08,0.0006542003519026504,-5.694416384678132e-06,31709,0.0033536478070655914
121,0.004029277211299977,0.003994948053388607,0.00031226841660814516,0.0,1.172456223102097e-07,0.0007509284709848656,-2.5742981493188406e-06,31818,0.004029277211299977
122,0.003643623928920466,0.004008386752712432,0.0003121369148675369,0.0,1.172368472645008e-07,0.000751188607821367,-2.9471725776219368e-06,31694,0.003643623928920466
123,0.004963536744694107,0.004023726565337622,0.0003638572349263426,0.0,1.5595914664062425e-07,0.0008572546134595664,-6.280512283119019e-06,31745,0.004963536744694107
124,0.0036510777584951885,0.00403385822129068,0.00028063369095836124,0.0,9.147073755953685e-08,0.0006518870720558547,-3.99755125160743e-06,31809,0.0036510777584951885
125,0.003530442081380378,0.004044701985338086,0.00028786964677600727,0.0,9.699543964476408e-08,0.0006738844524322961,-2.312032122247582e-06,31759,0.003530442081380378
126,0.003952265279003203,0.004058307090617374,0.000317438428917718,0.0,1.200897767581345e-07,0.0007566177615455785,-4.322463337272109e-06,31810,0.003952265279003203
127,0.003867503050457988,0.004070749525083665,0.000301642307184565,0.0,1.0457610513752985e-07,0.0006933782340654434,-3.378554090004446e-06,31739,0.003867503050457988
128,0.004185336668510058,0.004083280223654718,0.00031991145472830935,0.0,1.1955102706771523e-07,0.0007474007279248326,-5.755421445186357e-06,31771,0.004185336668510058
129,0.005152344652529096,0.004098478336001312,0.00035522606671684525,0.0,1.5343742053914046e-07,0.0008638860428080422,-6.545217652779293e-06,31697,0.005152344652529096
130,0.005276196408742952,0.004116800513977202,0.0004094418465137639,0.0,2.0649744185052355e-07,0.0010086777578245504,-4.2789821493084874e-05,31744,0.005276196408742952
131,0.004620305869942465,0.004130571978146243,0.0003331104069763843,0.0,1.2917235186784965e-07,0.0007755527846778276,-3.45049046965879e-05,31745,0.004620305869942465
132,0.004761982425974622,0.004146211214208684,0.00036061108662870003,0.0,1.5669375332630543e-07,0.0008690456790511477,-7.253597462927814e-05,31726,0.004761982425974622
133,0.00557008818372833,0.004163903196297547,0.00039648616829363775,0.0,1.8497393796059453e-07,0.0009330662845398569,-7.696897086364856e-05,31656,0.00557008818372833
134,0.004332914732968864,0.004176674131040176,0.00030014389192263937,0.0,1.086797437888552e-07,0.0007241842776988238,-4.102091906580921e-05,31723,0.004332914732968864
135,0.003437611865772057,0.004186328950394197,0.00028825629150145923,0.0,1.021704698447096e-07,0.0007088863130273941,-1.4974292193139004e-05,31841,0.003437611865772057
136,0.0049947544792939055,0.004200690351393494,0.0003173024964839352,0.0,1.1630951984354603e-07,0.0007331144326463546,-6.354246441228506e-05,31746,0.0049947544792939055
137,0.002848899284487928,0.004210737876233034,0.00024756148070610327,0.0,7.463037981055885e-08,0.0006029240057677434,-4.463349988103232e-05,31878,0.002848899284487928
138,0.003906477499750196,0.004225395370581176,0.00033510372477836916,0.0,1.3530210566502898e-07,0.0008075237346556804,-2.363300263364123e-05,31759,0.003906477499750196
139,0.0036309486325379666,0.004237757863834158,0.0002811953613899251,0.0001,9.630384675133021e-08,0.0006849604223576686,7.025482855857103e-07,31775,0.0036309486325379666
140,0.004659835094352868,0.004249447419812649,0.0003061286447356581,0.0001,1.0785270040396627e-07,0.0007046233814355857,1.0280203221710388e-06,31695,0.004659835094352868
141,0.0038448699446320656,0.004261239519813103,0.00027721851455733194,0.0001,8.817236865815048e-08,0.0006361217886110232,2.223141079037711e-06,31810,0.0038448699446320656
142,0.00488915588305805,0.004275866045272252,0.000353939832137547,0.0001,1.4694952071886398e-07,0.0008303644143773956,2.085997842446951e-06,31692,0.00488915588305805
143,0.003009014043626396,0.004284466778261825,0.0002585537632597806,0.0001,8.073343300445372e-08,0.000624500158006497,4.6143922918325753e-07,31758,0.003009014043626396
144,0.004302318103282842,0.004298016071927382,0.0003050583589344115,0.0001,1.1157350963333041e-07,0.0007314896075823909,9.293909230457704e-07,31787,0.004302318103282842
145,0.004259004689712815,0.004312870464400307,0.00032596091626099587,0.0,1.2827214975651497e-07,0.0007870400612925497,-1.4134792119520076e-07,31751,0.004259004689712815
146,0.0038414861031820253,0.004326056376415497,0.00032718392930954554,0.0001,1.2890848962790177e-07,0.0007879879057625884,1.278003128314138e-07,31795,0.0038414861031820253
147,0.003672628524421071,0.0043380563619996315,0.00027393624224243066,0.0001,9.048363779012779e-08,0.000660618230354863,3.755759134630149e-07,31755,0.003672628524421071
148,0.004352661091209185,0.004349319028444081,0.0002963459918014011,0.0001,1.0510397211785176e-07,0.0007093328408388807,1.090305193958909e-06,31721,0.004352661091209185
149,0.004253131524893809,0.0043649301494738234,0.00033207485233452926,0.0001,1.3091949760666634e-07,0.00078849389941024,4.192767897166284e-06,31772,0.004253131524893809
150,0.004014992980699703,0.004379040103629893,0.00032836478611537363,0.0001,1.275164839865928e-07,0.0007766757543958371,1.4474754886395477e-06,31726,0.004014992980699703
151,0.003831156421800857,0.004392983982484099,0.0003109039744166403,0.0001,1.1813905632766203e-07,0.0007599713483838882,1.7663358323553438e-06,31734,0.003831156421800857
152,0.00618010012769969,0.004410132341702032,0.0003761780827653896,0.0001,1.6679421606113304e-07,0.0008867832747457393,2.962011980543826e-06,31669,0.00618010012769969
153,0.0038169570793535274,0.004419216546613866,0.00025060456527943207,0.0001,7.342135744829698e-08,0.0005859538701254691,2.4834593554694473e-06,31764,0.0038169570793535274
154,0.004306819285474859,0.0044310966407523,0.00029074460379875845,0.0001,1.001443613998133e-07,0.0006888819953413761,3.316804148124162e-06,31783,0.004306819285474859
155,0.004610554091694703,0.004445196412238728,0.0003261776531269495,0.0001,1.3003020516972617e-07,0.0007972968345511884,2.1883246972138415e-06,31753,0.004610554091694703
156,0.0050740928948917845,0.004459433159362551,0.00034993790578100454,0.0001,1.5241378964866914e-07,0.000871090482801549,3.7203125702000495e-06,31633,0.0050740928948917845
157,0.005301533584466799,0.004476242355786396,0.00037327287958320685,0.0001,1.7222411845026201e-07,0.0009227786312392473,2.3121856335598133e-06,31827,0.005301533584466799
158,0.005049791306171973,0.0044910523075416455,0.0003563902919725903,0.0001,1.4811931499425485e-07,0.0008312196955446059,2.6479874765595315e-06,31741,0.005049791306171973
159,0.003764390608959034,0.004506509881929737,0.00032200047785836623,0.0,1.2271810757631515e-07,0.0007622231394966651,-9.21927339009733e-06,31782,0.003764390608959034
160,0.003785438724619382,0.004518523915394137,0.00028303661179717007,0.0,9.500134689111865e-08,0.0006713007641513078,-1.1690173301437906e-05,31803,0.003785438724619382
161,0.005161858432193261,0.004534872303886578,0.0003633449676499486,0.0,1.568132073941716e-07,0.0008631643278750321,-1.212187503362198e-05,31703,0.005161858432193261
162,0.0027854371401279648,0.004543989050550286,0.00022443733330274702,0.0,5.5665106352200855e-08,0.0004960414163994127,-4.5657139562553436e-06,31844,0.0027854371401279648
163,0.0027826022874848787,0.004555458302900377,0.00026691300791066043,0.0,8.655121074869095e-08,0.0006485349771912269,-7.63811273399717e-06,31810,0.0027826022874848787
164,0.003974328523401642,0.004569443947155424,0.00031353512598791356,0.0,1.1694722606263742e-07,0.0007459912231151133,-1.239175790091675e-05,31708,0.003974328523401642
165,0.004836045882193978,0.004585460690988795,0.0003635914941695137,0.0,1.579861572633104e-07,0.0008690310955935295,-1.0038508446817956e-05,31713,0.004836045882193978
166,0.0045463939362224036,0.004599719776248925,0.0003229163393422431,0.0,1.2516241950953704e-07,0.0007752002872600606,-1.2587048090498372e-05,31680,0.0045463939362224036
167,0.004058358906359333,0.004613615732173355,0.0003118492676524999,0.0,1.1465416883327479e-07,0.000735317864918229,-1.2453118620806807e-05,31784,0.004058358906359333
168,0.0035699113622198915,0.004625351716956478,0.00029927614373411794,0.0,1.0661313836921751e-07,0.0007124733501239875,-1.1755138980311612e-05,31731,0.0035699113622198915
169,0.004595719010067791,0.0046423042978196195,0.0003555524513414755,0.0001,1.461724599318112e-07,0.0008222272656555304,2.96238651161598e-06,31721,0.004595719010067791
170,0.00417237031269177,0.004655208554124492,0.0003137311508398996,0.0001,1.1768943713421262e-07,0.0007502566246236149,1.1938966137842538e-06,31783,0.00417237031269177
171,0.004058823561299364,0.004669562085476945,0.00032122136018988135,0.0001,1.229808820883374e-07,0.0007657079966017239,9.117541289640801e-08,31764,0.004058823561299364
172,0.0029137322223956037,0.0046824047886782775,0.0002812252718804447,0.0001,9.01478903321258e-08,0.0006411080322144715,1.224825298734431e-06,31819,0.0029137322223956037
173,0.005482049614069381,0.004700212618399995,0.0003963548121500849,0.0001,1.9230829493650505e-07,0.0009703845596994294,3.809006967756172e-06,31692,0.005482049614069381
174,0.003616936579507457,0.004712338163878503,0.0002488696439380194,0.0001,7.36250097426697e-08,0.0005916752929578336,6.956114791456299e-07,31757,0.003616936579507457
175,0.005997470932623126,0.004733207849822193,0.0004173163544078959,0.0001,2.058610431624349e-07,0.000986594658886629,4.4882272392491106e-07,31677,0.005997470932623126
176,0.004447830033243096,0.004749782023994703,0.000337446956881914,0.0001,1.3439746777843268e-07,0.0007965546290314518,2.7010102874776425e-06,31720,0.004447830033243096
177,0.004967770418575055,0.004766965761965518,0.0003593565291328974,0.0001,1.565135716415374e-07,0.0008710768217802745,1.4991429859169887e-06,31684,0.004967770418575055
178,0.0057828492221400065,0.004784123313507501,0.0003865905801098552,0.0001,1.766807046867661e-07,0.0009140455757435153,4.176781956892351e-06,31662,0.0057828492221400065
179,0.004262986276650022,0.004799899441390286,0.00033526129019024006,0.0,1.2366810184034805e-07,0.0007377416090606466,-8.997228546249286e-07,31779,0.004262986276650022
180,0.005778568837462448,0.004817886322194802,0.00039147757247660935,0.0,1.795040232959909e-07,0.0009170590394764756,-1.189203786172013e-06,31744,0.005778568837462448
181,0.003910226080834694,0.004831351194784452,0.0003184583167157303,0.0,1.1506938975403322e-07,0.0007226653141971429,-8.424323020151789e-07,31714,0.003910226080834694
182,0.0036230091132271516,0.0048459074089723525,0.00030513063808031756,0.0,1.0821094281215817e-07,0.0007092761545871017,-7.464055808487694e-07,31784,0.0036230091132271516
183,0.0046925697838701656,0.0048619341742753225,0.0003436451254098868,0.0,1.397533946075924e-07,0.0008133588069430629,-1.0909922011526103e-06,31743,0.0046925697838701656
184,0.006245751589365014,0.004880960613458511,0.00041592459006244966,0.0,2.1079719680026805e-07,0.001013631806518665,-9.772110959502755e-07,31765,0.006245751589365014
185,0.0045778276536610615,0.0048951607330932085,0.000299516575421964,0.0,1.0919453188093691e-07,0.0007291384907636702,-8.810006433631904e-07,31732,0.0045778276536610615
186,0.005302553828236595,0.0049106027052115185,0.00033557741151968583,0.0,1.330526750760301e-07,0.0007929775396591309,-9.887259710906137e-07,31704,0.005302553828236595
187,0.005088189101318231,0.004927591332145525,0.00035622501376792755,0.0,1.5536174592388828e-07,0.0008722674709480278,-7.313485464051933e-07,31729,0.005088189101318231
188,0.004851917073544548,0.004943149459857482,0.00033930793404504574,0.0,1.367275398528574e-07,0.0008059200869420624,-9.585205103649199e-07,31691,0.004851917073544548
189,0.005287040685749805,0.004960930925545283,0.00036111604491754297,0.0001,1.5196447165671106e-07,0.0008416378823123771,1.6712676926030118e-06,31755,0.005287040685749805
190,0.005430156151817974,0.004976370600433616,0.000330518120709653,0.0,1.29939759046581e-07,0.0007862791835291105,-1.4899963813085284e-06,31700,0.005430156151817974
191,0.004862521621981667,0.00499322085516506,0.00034458939876037326,0.0001,1.3796786906237467e-07,0.0008007667650757722,9.457108249273499e-08,31737,0.004862521621981667
192,0.004630724608785274,0.0050048146152436475,0.0003077199479298156,0.0,1.1734708100698514e-07,0.0007626875137373251,-1.8528321357018893e-06,31741,0.004630724608785274
193,0.0050138879705787665,0.005020571132972512,0.0003153862446891162,0.0,1.2167841939411977e-07,0.0007716152587064227,-8.564451272063896e-07,31738,0.0050138879705787665
194,0.005505581821259714,0.005038126264183145,0.00038257275346689084,0.0,1.7650605685297875e-07,0.0009227319784457895,-2.2817982057050216e-06,31696,0.005505581821259714
195,0.004649394101901995,0.005057030916890253,0.0003670525208957288,0.0,1.6315699865726673e-07,0.0008890117319402138,-6.206113515505865e-07,31792,0.004649394101901995
196,0.003300694436229833,0.005070505805057072,0.0002985860958507645,0.0,1.0238340574473018e-07,0.0006857881674162227,-3.9318607305741664e-08,31757,0.003300694436229833
197,0.005906445145376244,0.005090190428247488,0.00038022281860727956,0.0,1.645749334488317e-07,0.0008656762582090901,-3.0408978581500087e-06,31600,0.005906445145376244
198,0.005272227977045107,0.005107420672654175,0.0003636737523413845,0.0,1.628265539562039e-07,0.0008954539771314419,-3.5007229293495593e-07,31791,0.005272227977045107
199,0.005608669480796067,0.005127375620096095,0.00040026700673934513,0.0,1.9109580317981057e-07,0.0009548416430148218,-5.40676793257802e-06,31775,0.005608669480796067
200,0.004351328799544943,0.005143852370175403,0.0003361166290686055,0.0,1.3607975991668673e-07,0.0008097175096261674,-4.212654031422114e-06,31797,0.004351328799544943
201,0.007079720468139511,0.005166070200217199,0.00043846017299923874,0.0,2.4057300660160514e-07,0.001097353973821576,-6.354315603938789e-06,31699,0.007079720468139511
202,0.006208326470425282,0.005186062197010363,0.000430561771276805,0.0,2.2114754588701156e-07,0.0010272511896781353,-5.673918322838368e-06,31761,0.006208326470425282
203,0.0049353693218208185,0.005203474976639237,0.0003450522673166864,0.0,1.442076423005122e-07,0.0008358596998764798,-5.38858843393476e-06,31806,0.0049353693218208185
204,0.00490997152535333,0.005220265856931729,0.0003574157704987016,0.0,1.5254201526678504e-07,0.0008535830137206505,-3.870374716235195e-06,31694,0.00490997152535333
205,0.004231562247500102,0.005237291590086814,0.00032897109225714616,0.0,1.2586899478285774e-07,0.000765228299661479,-4.232019613264547e-06,31791,0.004231562247500102
206,0.004703880970490701,0.005254821274689879,0.00035605712804509553,0.0,1.4803446819367156e-07,0.0008315208798455656,-4.429979590402772e-06,31695,0.004703880970490701
207,0.004979530960675115,0.00527124741873061,0.00034111602343169173,0.0,1.4217486549379993e-07,0.0008335865554686873,-5.031323066215169e-06,31660,0.004979530960675115
208,0.0044285728927623245,0.0052867254152296084,0.00030823307675820064,0.0,1.1532344682076559e-07,0.0007482872898240786,-3.507928579932012e-06,31796,0.0044285728927623245
209,0.0037864888627953024,0.005301765403257297,0.0002958796809002208,0.0,1.0382105889462426e-07,0.0007017789026860261,-3.7111437379970633e-07,31828,0.0037864888627953024
210,0.006137325061566872,0.005322031159443985,0.0003908848037357891,0.0001,1.755388801063097e-07,0.0008981617009852436,6.22988632020007e-07,31692,0.006137325061566872
211,0.005551806296241864,0.005340823264509716,0.00037485350672470074,0.0001,1.680187121240106e-07,0.0008964499950505017,3.5069454198168904e-07,31748,0.005551806296241864
212,0.0038691517007371397,0.005354900512976877,0.00029631681221722704,0.0001,9.945746342465485e-08,0.0006712913970722897,7.752491913882279e-07,31710,0.0038691517007371397
213,0.005046509686457066,0.005373814246097257,0.00037221311949512027,0.0001,1.6444954201298899e-07,0.000883631088748579,4.314067778720193e-07,31773,0.005046509686457066
214,0.004058595722051322,0.005387713856813442,0.00028282668520814057,0.0001,9.501621984809005e-08,0.0006719042071872728,8.779043256390144e-08,31722,0.004058595722051322
215,0.005839020948587199,0.0054074013282184715,0.0004021312146199646,0.0001,1.926724002789989e-07,0.0009582563763973634,1.8787834841641138e-06,31684,0.005839020948587199
216,0.006017032637108272,0.005425168504857873,0.000419643419702532,0.0001,2.2038007597524507e-07,0.0010503206561964607,2.3234615730733405e-06,31718,0.006017032637108272
217,0.00416089494739952,0.005440969931350518,0.00032381188130106405,0.0001,1.203507708984846e-07,0.0007433375848651362,3.1993056153509983e-07,31777,0.00416089494739952
218,0.0051995979206501,0.005458598294049933,0.0003435568115247109,0.0001,1.4230829544281304e-07,0.0008284411233836199,1.3086780436714944e-06,31761,0.0051995979206501
219,0.004213525200730945,0.005475059522835304,0.00031365647303576946,0.0001,1.1954796067096285e-07,0.0007622859462385753,3.3919674133733596e-06,31798,0.004213525200730945
220,0.0066689040846934465,0.005495933234541312,0.00041115931812371403,0.0001,2.0651407867688238e-07,0.0010045452921718498,4.758961844424843e-06,31670,0.0066689040846934465
221,0.006017442228122175,0.005516912285198773,0.000399993562556981,0.0001,1.8498079985232136e-07,0.000924918884543148,3.523464259486187e-06,31652,0.006017442228122175
222,0.005670291711520699,0.005536192948196508,0.000384832929039751,0.0001,1.744191485208795e-07,0.0009064668605989433,3.4529444771232817e-06,31673,0.005670291711520699
223,0.005650235996370683,0.005556838313963957,0.00040212609575968587,0.0001,1.9493103234961338e-07,0.0009695020263798343,3.108124501137606e-06,31723,0.005650235996370683
224,0.0062615363442504075,0.005576603953659079,0.00038755656390102006,0.0001,1.8066642038470198e-07,0.0009323357528313891,2.6709519728391667e-06,31742,0.0062615363442504075
225,0.005640305157732221,0.005597035939483061,0.0003970244270433355,0.0001,1.8419111811317661e-07,0.0009278578624738977,2.8476712395244907e-06,31757,0.005640305157732221
226,0.0048413801639248,0.005613826505195707,0.0003379655769725808,0.0001,1.3510119891654e-07,0.0007994968015781134,4.2367749018326725e-06,31698,0.0048413801639248
227,0.006125335534826236,0.005635283368771028,0.00040285506316260056,0.0001,1.93179978658297e-07,0.0009590544904251364,3.1489080355828477e-06,31674,0.006125335534826236
228,0.004951355024051241,0.005652467416488953,0.0003501939464470402,0.0001,1.4543723872448184e-07,0.0008306096675858806,1.6404770043149326e-07,31771,0.004951355024051241
229,0.00524571985815988,0.005671406034529624,0.0003618259680744933,0.0001,1.524003736334292e-07,0.0008423959974152699,3.5864065312858496e-06,31734,0.00524571985815988
230,0.005296166812521104,0.005688635139716331,0.0003549473586337463,0.0001,1.8487966298894891e-07,0.0010417300396350754,4.992758298115379e-06,31714,0.005296166812521104
231,0.005669239726683494,0.00570543322377978,0.00033931624131399113,0.0001,1.352650762732415e-07,0.000797280293742686,3.0430866205598666e-06,31730,0.005669239726683494
232,0.005813840207006963,0.005728729181152006,0.0004255774956449512,0.0001,2.1600548536754355e-07,0.0010151170472028508,2.8554011118561145e-06,31706,0.005813840207006963
233,0.004217408485473877,0.005742871863016441,0.000322978981578501,0.0001,1.2300994345510762e-07,0.0007617210436042552,3.1324683644221833e-06,31691,0.004217408485473877
234,0.006394243084965745,0.005766244959639183,0.00046750417464577987,0.0001,2.586738309009853e-07,0.0011066161327734796,5.021134218395956e-06,31744,0.006394243084965745
235,0.00494977166444434,0.005782147098293852,0.0003651133802779491,0.0001,1.6327475519533135e-07,0.0008943783712940649,4.215903040961955e-06,31668,0.00494977166444434
236,0.005322798415660957,0.005800584920770461,0.0003540497110041277,0.0001,1.5148413020902328e-07,0.0008557223773994675,2.92459643937271e-06,31698,0.005322798415660957
237,0.00531859303713198,0.005820760618133641,0.00036476573451783156,0.0001,1.4940441791922965e-07,0.0008191801135965856,1.5583683348886298e-06,31750,0.00531859303713198
238,0.004884235494669577,0.005838151381475221,0.00034318400440953075,0.0001,1.44405248188441e-07,0.0008415616481712146,2.6876898316515807e-06,31762,0.004884235494669577
239,0.0052468381118713926,0.005858597717182742,0.0003740709794118982,0.0001,1.6420294872427733e-07,0.0008779240184974074,2.671653972643854e-06,31756,0.0052468381118713926
240,0.007028060175092058,0.005881520995272216,0.00042054065917069227,0.0001,2.111770994254499e-07,0.001004312400336709,3.0023592915497854e-06,31668,0.007028060175092058
241,0.005953287672425622,0.005898812130530372,0.000318435525557349,0.0001,1.4392582049548253e-07,0.0009039558023155432,4.203628514053485e-06,31683,0.005953287672425622
242,0.005105616082378164,0.00591484804388932,0.00033341580042832425,0.0001,1.3296747528095755e-07,0.0007976075225597599,2.259512188284356e-06,31779,0.005105616082378164
243,0.005502109590917418,0.005936460539951384,0.0003887936377568292,0.0001,1.8250494046215928e-07,0.0009388267848987121,4.032386351156296e-06,31723,0.005502109590917418
244,0.005219188342512485,0.005954558067332713,0.00033117411808267883,0.0001,1.3155139092909424e-07,0.0007944545406549672,2.147976357221999e-06,31695,0.005219188342512485
245,0.005101382889256148,0.00597290130380122,0.0003424969301910052,0.0001,1.3754369001003913e-07,0.0008031820310525597,3.399511256603047e-06,31712,0.005101382889256148
246,0.007282884978148342,0.005996071865565723,0.0004387993793681213,0.0001,2.331322342396888e-07,0.0010625914493106316,4.994122415625292e-06,31616,0.007282884978148342
247,0.0064632903783363,0.006015925876282798,0.0003988428787948717,0.0001,1.9494202026467947e-07,0.0009775379259808212,3.395526275800034e-06,31578,0.0064632903783363
248,0.005169867951281636,0.006035276450157074,0.00034048200422948853,0.0001,1.4003179941683664e-07,0.0008225503708116901,2.8747667973515806e-06,31761,0.005169867951281636
249,0.006250768101535565,0.0060574758844274745,0.00038354379311045396,0.0001,1.78522207887712e-07,0.000930909122214895,5.52317646354375e-06,31675,0.006250768101535565
250,0.006073287291271649,0.0060798726525306684,0.0004106550388009787,0.0001,2.0404931923994222e-07,0.0009937748229546667,7.014955620582163e-06,31627,0.006073287291271649
251,0.005511468672762436,0.006101573772378822,0.0003926459956759988,0.0001,1.7884811329726928e-07,0.0009109891111424961,4.636929077628582e-06,31716,0.005511468672762436
252,0.0052489083741095585,0.006122807542414886,0.00036764643148177615,0.0001,1.62432767991199e-07,0.0008836357656813031,4.922642417477059e-06,31643,0.0052489083741095585
253,0.004526081177123548,0.006142289587285214,0.0003471290083791844,0.0001,1.4454268725587314e-07,0.0008327894458073223,4.241887665083453e-06,31697,0.004526081177123548
254,0.006744888128720347,0.006166284290311626,0.00044672853467527456,0.0001,2.1668064863985697e-07,0.0009700774936947396,7.884689919765114e-06,31677,0.006744888128720347
255,0.006666969227804862,0.006190181002160178,0.00042336298402456733,0.0001,2.0575276694187089e-07,0.0009719922369497059,5.7095211694656625e-06,31675,0.006666969227804862
256,0.005246338597317346,0.006204374243846121,0.0002886762889163682,0.0001,1.2510234501195366e-07,0.0008667310050407141,4.2674751800610655e-06,31703,0.005246338597317346
257,0.008742230655454462,0.0062312120406537485,0.0004677372439937543,0.0001,2.6566131237618767e-07,0.0011359425223779487,6.6042478618168406e-06,31618,0.008742230655454462
258,0.005931987545034616,0.0062509476170090296,0.0003836841184115344,0.0001,1.786053683263809e-07,0.0009310021434601639,6.975794416696429e-06,31688,0.005931987545034616
259,0.007153821719546113,0.006276253550066794,0.0004602930397272004,0.0001,2.5610524628507703e-07,0.001112792174467212,7.105829812806166e-06,31702,0.007153821719546113
260,0.005521295973692228,0.006296908330761513,0.0003559996716661914,0.0001,1.539125881709938e-07,0.0008646782591154314,3.734434167945376e-06,31670,0.005521295973692228
261,0.0066272743679368085,0.00632097829269721,0.0003954785624649435,0.0001,1.8256674179062456e-07,0.0009232699777844864,5.1148194295709525e-06,31728,0.0066272743679368085
262,0.0063209204894933025,0.006343960774282016,0.0003991080434272628,0.0001,1.8993071236096385e-07,0.0009517759187711214,4.412316035642268e-06,31741,0.0063209204894933025
263,0.007863186185503643,0.006370030940146598,0.0004362524749933701,0.0001,2.3265443088891638e-07,0.001066604520203362,6.874269411338566e-06,31629,0.007863186185503643
264,0.008838857957501903,0.006398512476493179,0.00048006349552845966,0.0001,2.760457418108968e-07,0.0011500384610874125,7.207566734587801e-06,31652,0.008838857957501903
265,0.006186355048998469,0.006423973416311758,0.00041941993461629205,0.0001,2.137584227411619e-07,0.0010193050215255963,4.8467543995884585e-06,31621,0.006186355048998469
266,0.0062934646210429865,0.00644326232888552,0.00037629534378655675,0.0001,1.7690578199722958e-07,0.0009402496465519626,6.208805351620804e-06,31779,0.0062934646210429865
267,0.004923166796275,0.0064616513105310806,0.0003521499744739444,0.0001,1.4452233469160721e-07,0.0008207999157603255,4.349070455626358e-06,31743,0.004923166796275
268,0.004928094169353874,0.0064827527327831775,0.00034831842549328006,0.0001,1.4735411107274352e-07,0.0008460885229603587,4.561366211817411e-06,31731,0.004928094169353874
269,0.006903716193699547,0.006507137436609492,0.0004295942955305147,0.0001,2.2255716601072375e-07,0.0010361271940814924,7.166998327533562e-06,31689,0.006903716193699547
270,0.005560525609193142,0.006531365093116676,0.00039755437388530444,0.0001,1.852940930185084e-07,0.0009321698121825531,3.963750413761964e-06,31692,0.005560525609193142
271,0.008071068975410076,0.006557895603840882,0.00046338771032436416,0.0001,2.5551478877594835e-07,0.0011028121078010115,8.459980344712078e-06,31661,0.008071068975410076
272,0.007290502543287078,0.006579540235594773,0.0003954620471079237,0.0001,1.8449254732915585e-07,0.0009330480569671803,6.778735745519502e-06,31709,0.007290502543287078
273,0.007068105530103967,0.00660163261253476,0.00040087385035859836,0.0001,1.9161357032261694e-07,0.0009559793942718419,5.026705452029821e-06,31656,0.007068105530103967
274,0.006470589834155366,0.00662410610935241,0.0004056640743557321,0.0001,1.9095090630851346e-07,0.0009414237955962851,5.075125285702954e-06,31664,0.006470589834155366
275,0.008045652471666291,0.006650068773721899,0.0004748811202625448,0.0001,2.677632566201598e-07,0.001127706473031074,8.951156719919522e-06,31632,0.008045652471666291
276,0.0066370855464167565,0.006674731173319409,0.0004352903883947485,0.0001,2.3448477149107922e-07,0.0010773716936677857,5.997929693252575e-06,31732,0.0066370855464167565
277,0.007931640323162946,0.006699539628186139,0.00045117197729889664,0.0001,2.4489115107627263e-07,0.0010855778434751269,9.701011332953877e-06,31637,0.007931640323162946
278,0.006694901000045963,0.006724994643550321,0.0004271239463255965,0.0001,2.1866606683988948e-07,0.0010238998244935691,5.2677853276400075e-06,31708,0.006694901000045963
279,0.006809761740371324,0.006750094733080728,0.0004299202696759825,0.0001,2.1852736125799175e-07,0.0010165948277930186,2.0376614311768524e-07,31701,0.006809761740371324
280,0.007166057688132225,0.006773543532796355,0.0004159773608827721,0.0001,2.0566169831131187e-07,0.0009888119770502125,6.3757506680599185e-06,31648,0.007166057688132225
281,0.008698166538462017,0.0068012438492408974,0.0004986963135932107,0.0001,2.9029846416966333e-07,0.0011642294368610926,7.565136661441051e-06,31635,0.008698166538462017
282,0.006961426386400651,0.006824449696408102,0.0004028257276876743,0.0001,1.845394493329486e-07,0.0009162247426064545,9.856152529564918e-07,31669,0.006961426386400651
283,0.006540493470340223,0.00684778827934046,0.00039336914350782804,0.0001,1.813811978177356e-07,0.0009221933179622975,2.5113936507572397e-06,31734,0.006540493470340223
284,0.006350503986280931,0.006873605758036327,0.00043139064425332075,0.0001,2.1778843286447992e-07,0.001009704015447263,8.30705158463835e-06,31615,0.006350503986280931
285,0.008257150967911972,0.006901988705849438,0.0004601645487510597,0.0001,2.5704686596006907e-07,0.001117195432189308,5.703291457599366e-06,31626,0.008257150967911972
286,0.006956567265910356,0.006932339698851569,0.0004926240513280745,0.0001,2.8180133307150055e-07,0.0011440827231710957,3.196246600904745e-06,31727,0.006956567265910356
287,0.005666621544109405,0.006953390722339874,0.0003473835251549574,0.0001,1.4232461880251071e-07,0.0008194091457792878,2.5554693218855106e-06,31698,0.005666621544109405
288,0.006438721238840128,0.0069819048451255335,0.0004757056216458555,0.0001,2.549163629668297e-07,0.0010717399642445474,2.846154083429241e-06,31743,0.006438721238840128
289,0.007619892093848353,0.0070090411872275465,0.00044494249469251735,0.0001,2.3631078645435387e-07,0.0010622082146487678,7.333297824047642e-06,31694,0.007619892093848353
290,0.00654175788849398,0.007031413935300435,0.000390713384437253,0.0001,1.8002945128345367e-07,0.0009215422785822974,6.601587375533576e-06,31647,0.00654175788849398
291,0.008970511567024931,0.007059794586324569,0.0005033736606978481,0.0001,3.119823048082496e-07,0.0012395654725983688,1.1599441587256275e-05,31580,0.008970511567024931
292,0.008630499210397453,0.007093840672009863,0.0005304213865109481,0.0001,3.246481426446257e-07,0.0012241140757167594,1.0907128932723883e-05,31603,0.008630499210397453
293,0.0068457223603586095,0.007121135362120803,0.00042349851014622254,0.0001,2.1207505692622872e-07,0.0010015386210119365,8.172114175794943e-06,31656,0.0068457223603586095
294,0.006634542605222149,0.007144244408191426,0.00040099688445851455,0.0001,1.922716869567202e-07,0.0009589684828417255,7.245669562462994e-06,31661,0.006634542605222149
295,0.006693146233389459,0.007170783225213581,0.0004417587343266712,0.0001,2.2937597361612593e-07,0.0010384671803523745,1.0207081999129765e-05,31651,0.006693146233389459
296,0.008551862704877336,0.007193476906084395,0.00042336980467783396,0.0001,2.1046980499719985e-07,0.0009942598771651096,1.0595434152858527e-05,31622,0.008551862704877336
297,0.006932310439953233,0.0072194496665038835,0.0004122644349180769,0.0001,2.023206249903147e-07,0.0009815089920648568,5.934034100949847e-06,31681,0.006932310439953233
298,0.005917136738558603,0.007244931581940403,0.00042126693251522693,0.0001,2.0932779034811912e-07,0.0009938011944032792,7.017684017922538e-06,31772,0.005917136738558603
299,0.008689203197399539,0.0072799047112243045,0.0005325770567840518,0.0001,3.409455511768024e-07,0.0012803613930933875,9.513177772505269e-06,31632,0.008689203197399539
300,0.0071311445895322146,0.007308373958774997,0.0004494769127696795,0.0001,2.3785730713926231e-07,0.001058373858063517,4.071239784334729e-06,31653,0.0071311445895322146
301,0.0076941118987579,0.007337776089351112,0.000471225635134517,0.0001,2.7071461540693197e-07,0.001148980850032292,6.761651020835607e-06,31642,0.0076941118987579
302,0.006505520033041379,0.007367197958792219,0.00043800155428466416,0.0001,2.1546427675770093e-07,0.0009838516537211523,4.669429743171574e-06,31666,0.006505520033041379
303,0.009010238079169055,0.007394959356514954,0.0004321015417721398,0.0001,2.739423671689115e-07,0.0012679536668414367,7.546456505742575e-06,31568,0.009010238079169055
304,0.007909226048133492,0.0074249594844132995,0.0004686959176919907,0.0001,2.598466021881928e-07,0.0011088067652381566,6.0292583342795555e-06,31622,0.007909226048133492
305,0.007535546927050659,0.007449968052141984,0.0004111682479199433,0.0001,2.0686950842444486e-07,0.0010062523527581508,6.4378495204261335e-06,31606,0.007535546927050659
306,0.0073078128321442245,0.00747555307731405,0.0004252844905967674,0.0001,2.146459826013425e-07,0.00100942304432568,3.768008365123964e-06,31698,0.0073078128321442245
307,0.008457499735476106,0.0075088576820565,0.0004960474567233178,0.0001,2.8311827791188524e-07,0.0011414967421949755,8.995250720533022e-06,31554,0.008457499735476106
308,0.00821970975325471,0.007540778946294374,0.00047030997974256754,0.0001,2.6039575366914145e-07,0.0011073367135933355,4.989564469125371e-06,31679,0.00821970975325471
309,0.00466778248387416,0.007562076914450473,0.0003408927822903949,0.0001,1.396231654436371e-07,0.0008191617581665129,3.0371616525490456e-06,31673,0.00466778248387416
310,0.006051812346161613,0.007585779314127747,0.0003632829054255406,0.0001,1.5946640033688525e-07,0.0008779185475302791,2.973937070122252e-06,31581,0.006051812346161613
311,0.007992756653384458,0.0076149898864427265,0.000446806898452696,0.0001,2.3580124843036366e-07,0.001055495110961579,3.0735357624411265e-06,31643,0.007992756653384458
312,0.0063409472403070394,0.0076385399763190896,0.00038516451727697057,0.0001,1.7087435353670258e-07,0.0008872798291220962,3.7697970104570935e-06,31669,0.0063409472403070394
313,0.006634605858461108,0.007663341957215936,0.00038621429539934996,0.0001,1.7976088947216966e-07,0.0009308867725172881,3.1846405017110505e-06,31681,0.006634605858461108
314,0.009036514835664398,0.0076966592376820474,0.0005069899987450604,0.0001,3.1057742317270625e-07,0.0012251816562120384,5.966327462951494e-06,31581,0.009036514835664398
315,0.007220382307135106,0.007724693433124214,0.0004485727249585067,0.0001,2.4535790769323553e-07,0.0010939492931315933,4.885189513092685e-06,31668,0.007220382307135106
316,0.009843139326448626,0.007762290544122992,0.0005489627354030831,0.0001,3.680178742044035e-07,0.0013407754314477523,5.339943536200112e-06,31534,0.009843139326448626
317,0.005409335459848766,0.007785183118830147,0.0003667646480427583,0.0001,1.6313106972951355e-07,0.000889568122773356,1.9106192866291073e-06,31705,0.005409335459848766
318,0.008501272268767044,0.00781959968262084,0.0005087562018433545,0.0001,3.021904618890295e-07,0.001187957850121987,5.860519849553827e-06,31655,0.008501272268767044
319,0.006328298105755166,0.007844167299259108,0.00039868276478885825,0.0001,1.8961038236335786e-07,0.0009511842452671621,4.4891889427235144e-06,31757,0.006328298105755166
320,0.007898138394239982,0.007874761046695739,0.00045653806468972004,0.0001,2.4373924874462837e-07,0.0010677718577980235,5.784502102460232e-06,31612,0.007898138394239982
321,0.008461147569460549,0.007908205021083244,0.0005024451931767694,0.0001,2.956790260579402e-07,0.0011769603135755938,5.035223223787627e-06,31647,0.008461147569460549
322,0.009880950586802936,0.007939764734642375,0.0005578712040144025,0.0001,3.679071189752421e-07,0.0013189679493324194,5.616996193091849e-06,31607,0.009880950586802936
323,0.008777043411271642,0.00797249132949818,0.0005003132194457337,0.0001,2.8411923545090784e-07,0.0011357654541515657,5.9426704789511915e-06,31519,0.008777043411271642
324,0.0071456611796898,0.008004020048570471,0.00044576153001012897,0.0001,2.4219391796196944e-07,0.0010866523989024627,2.595079619838099e-06,31657,0.0071456611796898
325,0.007742978860151431,0.0080310438609774,0.00043696339658106444,0.0001,2.2902081534298168e-07,0.0010482379857668202,4.7190775989162556e-06,31636,0.007742978860151431
326,0.007755944104973609,0.008065165465120894,0.0004949238306846544,0.0001,2.849837506440624e-07,0.00115162670688065,5.7216636524508516e-06,31642,0.007755944104973609
327,0.009301374599329,0.00810039948798161,0.0005363690761746315,0.0001,3.462080057383322e-07,0.0012909320134839894,6.1041299357065834e-06,31579,0.009301374599329
328,0.008514403315205421,0.008134171525835345,0.0005082408509114237,0.0001,3.1198631827627696e-07,0.0012277105144806628,4.5961603710591505e-06,31637,0.008514403315205421
329,0.007993268237727894,0.008166271995790524,0.0004646680077616708,0.0001,2.5334018349273865e-07,0.001090413711557596,6.5297158383236636e-06,31624,0.007993268237727894
330,0.006392623054374083,0.008189615464881176,0.0003735892428505337,0.0001,1.6830475927508445e-07,0.0009010150184780355,4.94613848685666e-06,31579,0.006392623054374083
331,0.007102765508797068,0.008217573418483056,0.0004216501287868346,0.0001,2.0938628149839295e-07,0.0009931754656441632,4.6461474276145805e-06,31667,0.007102765508797068
332,0.010004753121574882,0.008255971353973832,0.0005609998341682689,0.0001,3.7142535404554546e-07,0.0013241549512976805,4.747855987449388e-06,31554,0.010004753121574882
333,0.009666731523039079,0.008290487009264916,0.0005011475804876498,0.0001,3.037085531217614e-07,0.0012120523572167418,9.291206170763634e-06,31534,0.009666731523039079
334,0.00834964832536328,0.008324811671407212,0.0004956878635926351,0.0001,2.9293614161550613e-07,0.001181937921547525,4.31736663332526e-06,31706,0.00834964832536328
335,0.007763510962574169,0.008357167739917742,0.00047345680831411196,0.0001,2.6122017971071524e-07,0.001103459386890516,2.0291071530513783e-06,31704,0.007763510962574169
336,0.009446393395311514,0.00839089147429977,0.0005073209129206584,0.0001,2.986170029190624e-07,0.0011772311975073815,6.526080425454775e-06,31556,0.009446393395311514
337,0.006054443408188174,0.008417983078125576,0.00040253288202096884,0.0001,1.902711221367739e-07,0.0009453693381842145,3.6470160085597825e-06,31658,0.006054443408188174
338,0.01139750676069939,0.008458979393238161,0.0005729403074990418,0.0001,3.9460770590975907e-07,0.001377482787455721,6.432661871172316e-06,31540,0.01139750676069939
339,0.007692652307923825,0.008490139975956922,0.0004293712046857881,0.0001,2.157628715949112e-07,0.0010050178923982829,6.961634805497741e-06,31597,0.007692652307923825
340,0.0090428039523065,0.008525786795040872,0.0004932764860820121,0.0001,2.933556538735513e-07,0.0011894167354443,6.6748022207325895e-06,31650,0.0090428039523065
341,0.007381989594573174,0.008555313748320087,0.00044796268498969175,0.0001,2.3398537554328984e-07,0.0010446645820451502,6.05130571209527e-06,31725,0.007381989594573174
342,0.004712678558757642,0.00857855872196195,0.00035313851882627883,0.0001,1.457926076135722e-07,0.0008256964326527781,2.2069088205854995e-06,31753,0.004712678558757642
343,0.00730315468232789,0.00860991575342185,0.00046635218582991543,0.0001,2.5605623919436234e-07,0.001098123894235372,5.519205483521135e-06,31556,0.00730315468232789
344,0.007942581447083577,0.008640633020493432,0.0004700497111019806,0.0001,2.640158614509031e-07,0.0011233529357222514,5.867058822486614e-06,31623,0.007942581447083577
345,0.006622333942233585,0.008672675894823302,0.00044403488169598895,0.0001,2.306757322319215e-07,0.0010389982487450389,3.5622386862647176e-06,31658,0.006622333942233585
346,0.007734568044280594,0.008703189962125797,0.0004164983142854304,0.0001,2.0826302771663798e-07,0.0010000666056665633,7.21091961903471e-06,31648,0.007734568044280594
347,0.008644187981393683,0.008738344967918702,0.0004764185040480039,0.0001,2.7497580459297867e-07,0.0011543456110817733,8.127802487032246e-06,31603,0.008644187981393683
348,0.007163589579909238,0.008768801521213928,0.0004201476606449245,0.0001,2.0480962371627965e-07,0.0009749411595051982,5.347486605965992e-06,31584,0.007163589579909238
349,0.008294791951372765,0.00880259624581496,0.0004922041446131266,0.0001,2.870695004192618e-07,0.0011664651895399985,1.1112107811177664e-05,31679,0.008294791951372765
350,0.009118442116841619,0.00883891727482504,0.0005085968146165004,0.0001,3.075628415330016e-07,0.0012094564208582964,6.188191391103169e-06,31646,0.009118442116841619
351,0.010869399645823105,0.008877944752491372,0.0005842510241746361,0.0001,4.0899453118439927e-07,0.0014000644047211747,1.265819531166272e-05,31471,0.010869399645823105
352,0.00790309630674213,0.008909131693849165,0.0004675167680026462,0.0001,2.6475313450898556e-07,0.0011325931073663093,5.883944335685264e-06,31665,0.00790309630674213
353,0.008705384549271835,0.008941856144582934,0.00048165927487100297,0.0001,2.7982796883381995e-07,0.0011619332728878228,9.00377621363176e-06,31645,0.008705384549271835
354,0.007664029716869743,0.00897045026756671,0.00041098808969744635,0.0001,2.0279274955278212e-07,0.0009868546297877893,8.503658423444914e-06,31597,0.007664029716869743
355,0.008505011407009827,0.009002847002195405,0.00047624897424891665,0.0001,2.7636498024326604e-07,0.0011605903432300973,9.148045538289076e-06,31653,0.008505011407009827
356,0.00907156871361417,0.009032330116449178,0.00039945455206928166,0.0001,2.269862872547143e-07,0.0011364811645222942,1.0784944269667444e-05,31645,0.00907156871361417
357,0.008273020075926799,0.00906782275847787,0.0005204360926738792,0.0001,3.2647354385165565e-07,0.001254615306076528,9.589493460475502e-06,31665,0.008273020075926799
358,0.009691310543896305,0.009111510856149894,0.0005816431622573828,0.0001,4.024107796175755e-07,0.0013837032934619275,1.2715596522979117e-05,31515,0.009691310543896305
359,0.009574156934505444,0.009148678459784128,0.0004884334851891584,0.0001,2.8187219977743575e-07,0.0011541886800339805,6.683434044376418e-06,31625,0.009574156934505444
360,0.009305837687430195,0.009188280261837076,0.0005191468310862798,0.0001,3.219014858456416e-07,0.001240117310056904,5.148705277440101e-06,31669,0.009305837687430195
361,0.007294579613972467,0.00921837754733518,0.0004207107627242515,0.0001,2.0669138618798642e-07,0.0009825818804804817,5.937016450377347e-06,31619,0.007294579613972467
362,0.010554662755660279,0.009263392122375298,0.00058900607489639,0.0001,4.1503376389404817e-07,0.001409268194617705,7.207911238248901e-06,31562,0.010554662755660279
363,0.009949947057035138,0.009304338062552191,0.0005624581957635694,0.0001,3.80079031068143e-07,0.0013514925515563472,6.10361112307661e-06,31594,0.009949947057035138
364,0.009103892823907441,0.009338998108828218,0.0004939618507383575,0.0001,2.9426899545614414e-07,0.0011914644623518228,4.788186177051633e-06,31572,0.009103892823907441
365,0.00852660426035784,0.00937686567739588,0.0005055711856723956,0.0001,3.0351404041107783e-07,0.001200677764130931,3.8365068565615844e-06,31617,0.00852660426035784
366,0.008594929366724385,0.009416383403541227,0.0005403795308375882,0.0001,3.4791952950845735e-07,0.0012876858195171909,4.752935747397685e-06,31529,0.008594929366724385
367,0.009559436951469887,0.00945252761822881,0.0005194438456967635,0.0001,3.2159650793047094e-07,0.0012382339711777424,6.761719055217947e-06,31614,0.009559436951469887
368,0.009473568289142042,0.009490679570796148,0.0005044654430090641,0.0001,3.0174189869497254e-07,0.0011962837212203287,6.627267200355352e-06,31569,0.009473568289142042
369,0.009982838201907021,0.009530258193704571,0.0005237006975334568,0.0001,3.2313721866459967e-07,0.0012340530390221832,1.1018642424134684e-05,31553,0.009982838201907021
370,0.010597221627541925,0.00957243423045969,0.0005959928474444882,0.0001,4.102165249076314e-07,0.0013765820400918137,1.3860747677809174e-05,31478,0.010597221627541925
371,0.009013665853919302,0.009608164432498992,0.0004912266778420094,0.0001,2.925092114925924e-07,0.001190933736651292,1.045358979486252e-05,31589,0.009013665853919302
372,0.01093297975581817,0.009652101818215523,0.0005786312254481316,0.0001,3.922378073588375e-07,0.0013557436588565077,1.2817034942580907e-05,31563,0.01093297975581817
373,0.01025484136397733,0.009695647108932417,0.0005518605795327304,0.0001,3.641178748120199e-07,0.0013196009583446768,1.4011751631452115e-05,31569,0.01025484136397733
374,0.009164278780620908,0.009736781545226694,0.0005354266604054731,0.0001,3.338924836693478e-07,0.0012472015622699644,1.2966339979338475e-05,31515,0.009164278780620908
375,0.011003009186757819,0.009781124398914126,0.000583452352837681,0.0001,4.0569620879909945e-07,0.0013906746860337573,1.5410683908461347e-05,31537,0.011003009186757819
376,0.011436673729553032,0.009829971889286094,0.000620652919332955,0.0001,4.6760070261213365e-07,0.0015068025559750405,1.4583674800416758e-05,31601,0.011436673729553032
377,0.00836926821455929,0.009866189326244073,0.00046911942522166836,0.0001,2.548822943168726e-07,0.0010866413992404412,1.088483394479046e-05,31659,0.00836926821455929
378,0.007854597886770207,0.009899763999722146,0.00046495548159275013,0.0001,2.55155603062052e-07,0.0010975485316916435,8.449090355310155e-06,31715,0.007854597886770207
379,0.010778645505995724,0.009942540729218019,0.0005637015165355732,0.0001,3.854359559243725e-07,0.0013675178959716315,8.634122094658621e-06,31544,0.010778645505995724
380,0.008924025370449205,0.009982273281533225,0.0005131843626670857,0.0001,3.124561043764073e-07,0.0012177148296278256,6.3001009202110865e-06,31582,0.008924025370449205
381,0.00924189547098235,0.01002433686971581,0.0005555165707699735,0.0001,3.5358319397699126e-07,0.0012729888272708316,1.0772233814909038e-05,31589,0.00924189547098235
382,0.00916945134258435,0.010067506550795701,0.0005560458336729846,0.0001,3.522831054416035e-07,0.0012671009622159462,5.8301920421951516e-06,31597,0.00916945134258435
383,0.008801323108860098,0.010105242158977873,0.0004737955711032486,0.0001,2.601575206399784e-07,0.0010981846876879542,6.857847588699339e-06,31612,0.008801323108860098
384,0.011109657629130175,0.010151645212573415,0.0005736482331781855,0.0001,3.8313779477937176e-07,0.0013357935146306368,1.1725253094760041e-05,31540,0.011109657629130175
385,0.008722544648090712,0.010191653769116198,0.0005274978304037692,0.0001,3.201749974894898e-07,0.0012139386326742397,1.1930444655818013e-05,31586,0.008722544648090712
386,0.01105304390353982,0.010237382656654847,0.0005690021067889541,0.0001,3.795659262257344e-07,0.0013341459432118323,1.2937545480555285e-05,31596,0.01105304390353982
387,0.011296002588510785,0.010287938895626724,0.0006124528809347037,0.0001,4.3294412868492974e-07,0.001413803876713539,1.2368089115922314e-05,31559,0.011296002588510785
388,0.013166985446673092,0.010345473338291533,0.0006973456479009338,0.0001,5.813131322988145e-07,0.001667216635103735,1.1370127406591361e-05,31462,0.013166985446673092
389,0.013304545187138701,0.010394677477060603,0.0006398442043166434,0.0001,4.815620757519406e-07,0.001505247910360464,1.6578256291010447e-05,31474,0.013304545187138701
390,0.010896087342133197,0.010439447103382266,0.0005693570486337637,0.0001,3.795523722343055e-07,0.0013332666141398762,1.3079331724867998e-05,31482,0.010896087342133197
391,0.008603272187864273,0.010480134677729291,0.0005078089946211825,0.0001,3.0817185356202e-07,0.0012137313707564843,8.280422818224872e-06,31625,0.008603272187864273
392,0.009051201129380109,0.01051876287931193,0.0004964941964215477,0.0001,2.914388290298469e-07,0.0011739868507240358,1.1315496252726506e-05,31571,0.009051201129380109
393,0.010060174012018145,0.010556343027686202,0.00048166921006064797,0.0001,3.2195807689309043e-07,0.001336843087199001,1.5109735732108909e-05,31546,0.010060174012018145
394,0.010318078931288145,0.010597247735257975,0.0005373455553677654,0.0001,3.5121648006310775e-07,0.0013072276361259976,1.2325854401488961e-05,31526,0.010318078931288145
395,0.010683290495825906,0.010641003179618705,0.0005454524899195189,0.0001,3.5800072356331474e-07,0.0013126742665200315,1.1760898505238474e-05,31591,0.010683290495825906
396,0.010941334921993562,0.010688028907279929,0.0005754084021555677,0.0001,3.909476209218794e-07,0.0013588526669312782,1.2151907226634182e-05,31591,0.010941334921993562
397,0.009264068236616262,0.010725316945792499,0.0005019892376573199,0.0001,2.980596000420664e-07,0.0011875139054098012,8.816381247458531e-06,31632,0.009264068236616262
398,0.00888799454659776,0.010761731110352408,0.000522768801338815,0.0001,3.2195709631339235e-07,0.001231737990059306,9.568584064686549e-06,31582,0.00888799454659776
399,0.00947334689603016,0.01080457774673414,0.0005273530793715948,0.0001,3.1922039870015736e-07,0.0012106515015729014,1.2036293270607961e-05,31606,0.00947334689603016
400,0.011323269348165651,0.01085422020835906,0.0005802528237997223,0.0001,4.027193248577894e-07,0.001388082257732503,1.569037629163796e-05,31524,0.011323269348165651
401,0.010544289398002803,0.010900935129778107,0.0005604046934093113,0.0001,3.6668957122890545e-07,0.0013086598864762923,1.591931331387879e-05,31498,0.010544289398002803
402,0.009659087019555595,0.01093915531827901,0.0004901808155144793,0.0001,2.894682130554308e-07,0.0011810670833847852,1.492000881480449e-05,31596,0.009659087019555595
403,0.013838070077576599,0.010996842910522534,0.0006784996225468234,0.0001,5.523575603143062e-07,0.001628173522752956,2.1511425749286643e-05,31452,0.013838070077576599
404,0.009694929586579136,0.01104019414167379,0.0005042199293678297,0.0001,3.0182713384913155e-07,0.0011972043002249039,1.5234753691470762e-05,31552,0.009694929586579136
405,0.012429515838101281,0.011096028414993572,0.0006419468135603662,0.0001,4.812834062629146e-07,0.001499449474929613,2.0582138785776668e-05,31486,0.012429515838101281
406,0.01245538857761623,0.01114548151348898,0.0005868411238480599,0.0001,4.112336417928276e-07,0.0014015161006313552,1.7422588203685893e-05,31570,0.01245538857761623
407,0.00893177402973338,0.011180670420897543,0.00040307067517304405,0.0001,2.2834064017797495e-07,0.00113300547145954,1.623879414458089e-05,31598,0.00893177402973338
408,0.010192203090328701,0.011223319206709449,0.000545402434294193,0.0001,3.551149232617973e-07,0.0013022124615976551,1.3137647781367722e-05,31595,0.010192203090328701
409,0.009616398814653569,0.011260637292381751,0.00047664688545751813,0.0001,2.6601386290828324e-07,0.001116188402880027,5.368586428931352e-06,31564,0.009616398814653569
410,0.010626589607087018,0.011311314271351824,0.0005797418679062304,0.0001,4.0314505974051197e-07,0.0013907743499585164,5.97317477314309e-06,31540,0.010626589607087018
411,0.010870269073498369,0.011354742791672328,0.0005364073324609032,0.0001,3.3686620541983275e-07,0.0012560089507888512,8.829174858608117e-06,31433,0.010870269073498369
412,0.010794659138891976,0.011403891705747649,0.0006037453384386794,0.0001,4.2279620295410256e-07,0.001400577945818938,8.090033337843117e-06,31495,0.010794659138891976
413,0.010262320167464766,0.011446643473709186,0.0005224316322237693,0.0001,3.1755859362610396e-07,0.0012156943570755547,6.5051094356015274e-06,31597,0.010262320167464766
414,0.010996759570668767,0.011488611593522588,0.0005247810337173213,0.0001,3.299836073110571e-07,0.0012576049289494944,7.405036224568703e-06,31478,0.010996759570668767
415,0.015603656895969186,0.011549938002071977,0.0007087380370135986,0.0001,5.938990655528168e-07,0.0016759339404311437,7.24160956745767e-06,31384,0.015603656895969186
416,0.011606039108659927,0.011597428200616298,0.0005577975758986694,0.0001,3.7226983266815924e-07,0.0013347846916272241,7.574889427312598e-06,31529,0.011606039108659927
417,0.011719248318656901,0.01165197831508655,0.0006133468727001685,0.0001,4.394601954136149e-07,0.001432990742999819,8.715688903415718e-06,31592,0.011719248318656901
418,0.011867172736435897,0.011703847306334877,0.0006320980312966085,0.0001,4.782951929592309e-07,0.0015133576416244002,7.956797695321117e-06,31535,0.011867172736435897
419,0.011002915583780068,0.011752100961627323,0.000542391944722233,0.0001,3.4531945925701205e-07,0.001273320751228543,7.51371859310204e-06,31503,0.011002915583780068
420,0.013749953909544858,0.011813795466317377,0.0006948531379594328,0.0001,5.622668936301561e-07,0.0016183762090543584,8.628211935293294e-06,31428,0.013749953909544858
421,0.011974915743536128,0.011864123685267843,0.0005830028707304044,0.0001,4.022107720723659e-07,0.0013797900225378421,9.421074768137118e-06,31440,0.011974915743536128
422,0.011498424260311266,0.011913123104095527,0.0005933215430622275,0.0001,4.146892507157982e-07,0.0013978567121480897,7.755249221249475e-06,31336,0.011498424260311266
423,0.011474819821552044,0.01196484262663406,0.0006055150919263169,0.0001,4.304917276755176e-07,0.0014219025534309977,1.0493332202679166e-05,31532,0.011474819821552044
424,0.010951658732474293,0.012015327602429756,0.0005703744621818511,0.0001,3.9166397479457876e-07,0.0013733573319406626,7.580649620709256e-06,31530,0.010951658732474293
425,0.010722700305088971,0.012068797191768675,0.000604359481696638,0.0001,4.248723403677791e-07,0.0014060252324494722,4.283807537402433e-06,31557,0.010722700305088971
426,0.012274938206592772,0.012121914286976784,0.000611339322206605,0.0001,4.512445585178814e-07,0.0014762490882776265,2.3908074878507554e-06,31512,0.012274938206592772
427,0.012394007892352819,0.012177313783124841,0.0005934423684679892,0.0001,4.092432325283155e-07,0.0013792181154331936,5.116114545032855e-06,31451,0.012394007892352819
428,0.009781553081063571,0.01222206683480005,0.0005158444679722544,0.0001,3.0164737833006235e-07,0.0011695284026823644,6.5726261054429674e-06,31611,0.009781553081063571
429,0.013096695351764918,0.012275670858405904,0.0006400896057516955,0.0001,4.8732146135193e-07,0.001522666379747377,1.5783379388715852e-05,31462,0.013096695351764918
430,0.011629482538512165,0.012329082696874993,0.0006006797666487133,0.0001,4.197612027642906e-07,0.0013976205827814182,1.68907536279882e-05,31619,0.011629482538512165
431,0.010232325874521855,0.012377602494966273,0.0005541906973887818,0.0001,3.651131373558801e-07,0.001317644410403165,1.151714875715632e-05,31530,0.010232325874521855
432,0.011980672721453593,0.01242511798271223,0.0005665841816213477,0.0001,3.768879326818573e-07,0.0013303863570752995,1.416385088782807e-05,31509,0.011980672721453593
433,0.013987154253882066,0.012475189906693192,0.0005649766696627589,0.0001,4.5280322044611024e-07,0.0016029094465666827,2.1115448177125075e-05,31485,0.013987154253882066
434,0.012746579905313641,0.012538165575582284,0.0006881827886968235,0.0001,5.438953827700605e-07,0.0015806712742700447,1.5639194408143006e-05,31475,0.012746579905313641
435,0.011424285606886138,0.012589422110088188,0.0005886724629407607,0.0001,4.120978467151401e-07,0.001400092148548862,1.2889527871755592e-05,31506,0.011424285606886138
436,0.012789573232556944,0.012646299320680093,0.000614075353070106,0.0001,4.3280367521198863e-07,0.0014096109640230991,1.762397414170668e-05,31422,0.012789573232556944
437,0.013438792481788423,0.012705518226249131,0.0006427325742557471,0.0001,4.772818844036537e-07,0.0014851647590954067,1.6928869184509175e-05,31470,0.013438792481788423
438,0.013764551818641297,0.012760584925286065,0.0006403624094234912,0.0001,4.810457706417024e-07,0.00150241726735578,1.99610554440724e-05,31471,0.013764551818641297
439,0.011337938247573997,0.012810563387421262,0.0005797671273608287,0.0001,4.024835486094232e-07,0.0013884317672220494,7.0756802922698155e-06,31452,0.011337938247573997
440,0.012187490556865946,0.012871006162361781,0.0006396972529131368,0.0001,4.848236424766763e-07,0.0015157909159960376,7.839921172470152e-06,31564,0.012187490556865946
441,0.012177746225671322,0.01292796867028478,0.0006296757673833217,0.0001,4.749308973897373e-07,0.001508493488206981,9.71165741589418e-06,31566,0.012177746225671322
442,0.012264257381655885,0.012981091350442522,0.0005671307962760272,0.0001,3.7912651033932735e-07,0.0013369984942761012,9.019701841185191e-06,31526,0.012264257381655885
443,0.01174513555129493,0.013027451733937786,0.0005506602802743074,0.0001,3.5746623404494096e-07,0.0012983185708141931,9.2132891537038e-06,31440,0.01174513555129493
444,0.013605479414872248,0.013086061064620073,0.0006745306156693977,0.0001,5.464548271601249e-07,0.0016202521115155858,9.064985756496927e-06,31433,0.013605479414872248
445,0.0118450267434605,0.013136774725494986,0.0005877626296486493,0.0001,4.094819062690148e-07,0.0013933580857762036,9.400763273250271e-06,31490,0.0118450267434605
446,0.013845831647990555,0.013194005950332491,0.0006206668834664236,0.0001,4.515219529781822e-07,0.001454957449820531,1.0501417025773321e-05,31419,0.013845831647990555
447,0.012788270594847915,0.013250986956842063,0.0006426723329123674,0.0001,4.603390548515628e-07,0.0014325777889502924,1.2166584043583188e-05,31463,0.012788270594847915
448,0.012605407965076143,0.013310496618916588,0.0006231289861395252,0.0001,4.566974944592133e-07,0.0014658200938094505,7.367258723200582e-06,31457,0.012605407965076143
449,0.014074014082031771,0.01337113229744261,0.0006792655226664141,0.0001,5.524193754670784e-07,0.0016265196952690631,1.0777421507748097e-05,31462,0.014074014082031771
450,0.014464762239370824,0.013430937026914789,0.0006158407021990365,0.0001,5.339039504600812e-07,0.0017339027724332715,9.098321208244356e-06,31360,0.014464762239370824
451,0.011820026887939195,0.01348348097747315,0.0005672049954049729,0.0001,3.780759972789344e-07,0.0013331194201101695,1.0224632323104398e-05,31515,0.011820026887939195
452,0.01356192136877769,0.013546382151836019,0.0006785577366674566,0.0001,5.317643760521567e-07,0.0015673371544292342,6.781630539547425e-06,31493,0.01356192136877769
453,0.011942814755845538,0.013595889226419956,0.0005589567177495513,0.0001,3.695447046443309e-07,0.0013222659032784386,1.2946863794104398e-05,31520,0.011942814755845538
454,0.014158581100620002,0.013666099136624829,0.0007139885876518478,0.0001,6.015419477833531e-07,0.0016850183831696604,1.5556654946964763e-05,31398,0.014158581100620002
455,0.013290132364106689,0.013721741653301459,0.000620174828047926,0.0001,4.5875849378356133e-07,0.001479448932900286,9.359077424417168e-06,31484,0.013290132364106689
456,0.014274040571005502,0.013788786341363555,0.0006841666418495977,0.0001,5.418715553532969e-07,0.0015840338368102373,1.2132864024103066e-05,31392,0.014274040571005502
457,0.014212186077503346,0.013846821204451954,0.0006385223844648918,0.0001,4.83449248358686e-07,0.0015142750203309982,1.1019081524455818e-05,31469,0.014212186077503346
458,0.01337658144703166,0.013905473310138378,0.0006278178297358159,0.0001,4.6319225102294095e-07,0.0014755625886504406,1.3023100046587917e-05,31369,0.01337658144703166
459,0.012999014941812548,0.013967626369732563,0.0006383668091519821,0.0001,4.777046154971334e-07,0.0014966461559357221,1.5446208376492755e-05,31447,0.012999014941812548
460,0.012506864497163588,0.014028582857321413,0.0006341646866858114,0.0001,4.772973413628677e-07,0.0015052788380799207,1.6820707713175106e-05,31484,0.012506864497163588
461,0.015105150890962983,0.01409834509638843,0.0007170405691158331,0.0001,6.054417498601345e-07,0.0016887238349893962,1.8046183449792893e-05,31381,0.015105150890962983
462,0.01478492638378772,0.014164741162903829,0.000677271059731154,0.0001,5.375466806427898e-07,0.0015873900794053466,1.961035425841242e-05,31443,0.01478492638378772
463,0.014376288633192288,0.014229793689404722,0.0006766537504359912,0.0001,5.309889298414162e-07,0.0015694553662025277,1.725061156333823e-05,31374,0.014376288633192288
464,0.015321901216146412,0.014297253100141164,0.0006885147300298492,0.0001,5.636805421230049e-07,0.001637381213611995,2.0000202287695483e-05,31362,0.015321901216146412
465,0.01664806946084699,0.014360154828631516,0.0006287100649639876,0.0001,5.646547538753475e-07,0.001796232589047833,1.8462539341758843e-05,31434,0.01664806946084699
466,0.015437461752874823,0.014423748098347983,0.0006866091560674821,0.0001,5.575748812829427e-07,0.0016241405357202733,1.9736229788056525e-05,31373,0.015437461752874823
467,0.011449135734073954,0.014475528700562516,0.0005392215070777929,0.0001,3.4930010273351416e-07,0.0012955718499674793,1.0642171817218023e-05,31484,0.011449135734073954
468,0.011280945407054543,0.014530804387080657,0.0005627470385984445,0.0001,3.689969879717256e-07,0.0013114133444068754,9.763259645824248e-06,31591,0.011280945407054543
469,0.01535075179022638,0.0145980826240905,0.0006920415655192796,0.0001,5.651821461469044e-07,0.0016333763008087952,1.5438938896388916e-05,31433,0.01535075179022638
470,0.014943620167934907,0.014658473037445526,0.0006562884685221875,0.0001,5.135359087048691e-07,0.0015649700804929128,1.5941828023675916e-05,31293,0.014943620167934907
471,0.016751507695136728,0.014726926854459295,0.0007212963211780473,0.0001,6.265483265186296e-07,0.0017372841317014568,2.0965358477079347e-05,31336,0.016751507695136728
472,0.012505082367009306,0.01477907075606729,0.000589135364026798,0.0001,4.1098513530644216e-07,0.0013952146158645728,1.3852767003769416e-05,31450,0.012505082367009306
473,0.015208105923293655,0.01484599813787218,0.0006694794917505635,0.0001,5.235738145411413e-07,0.0015641220410563847,1.6696897907007746e-05,31381,0.015208105923293655
474,0.015754591197789145,0.014918566016822253,0.0007300463809348065,0.0001,6.382708999973646e-07,0.0017485763005360682,2.0458096499847853e-05,31358,0.015754591197789145
475,0.015270652496756049,0.014981249336434022,0.0006649016632711534,0.0001,5.313130147211944e-07,0.0015981702079289877,1.9334061071868623e-05,31359,0.015270652496756049
476,0.018179172833938925,0.015053732459530891,0.0007356945367819658,0.0001,6.287344757841182e-07,0.0017092269803559875,2.011214402417501e-05,31335,0.018179172833938925
477,0.01718559769937298,0.01511915703934869,0.0007069309040927171,0.0001,5.967898308065413e-07,0.001688396496323691,2.124445366558321e-05,31361,0.01718559769937298
478,0.01552822161523823,0.015183726596536516,0.0006359110793713972,0.0001,4.783885152433319e-07,0.0015045767584871222,2.0297008840194926e-05,31428,0.01552822161523823
479,0.014880269259869502,0.015248259153333938,0.0006379981223515306,0.0001,4.82641519543906e-07,0.0015129872726427095,1.8741365539564603e-05,31456,0.014880269259869502
480,0.015340069636269516,0.015326030937844043,0.0007520543629843001,0.0001,6.556435587677156e-07,0.0017436068216292037,2.0300378970324928e-05,31433,0.015340069636269516
481,0.020162081084017115,0.015419693926144383,0.0008911723355588669,0.0001,9.378260593780718e-07,0.0021047019122063474,2.5745998762667942e-05,31211,0.020162081084017115
482,0.016567526873766877,0.015504231664256898,0.0007923383173772816,0.0001,7.229190960956408e-07,0.0018247737872593988,2.3266157357708756e-05,31337,0.016567526873766877
483,0.016565635390795027,0.015580343024585042,0.0007687590845290873,0.0001,6.836965294616603e-07,0.0017787016588700652,2.578727798393941e-05,31359,0.016565635390795027
484,0.011312229119926217,0.01564425997264154,0.0006007109549355787,0.0001,4.209017885326132e-07,0.0014013454726416682,1.595506570683079e-05,31548,0.011312229119926217
485,0.016149115801845988,0.015713582947605435,0.0006821268819469223,0.0001,5.566533982532356e-07,0.0016321110133189261,2.209769468681058e-05,31303,0.016149115801845988
486,0.01670683034052696,0.015789875031544175,0.0007494655985907561,0.0001,6.556891305608696e-07,0.0017497511074391744,2.4042015904409904e-05,31432,0.01670683034052696
487,0.018154494956666274,0.015878089600520125,0.0008474227970986909,0.0001,8.188310425574581e-07,0.0019325206859217804,2.663802626193919e-05,31297,0.018154494956666274
488,0.014659818322349824,0.015942348084434274,0.0006429475011323804,0.0001,4.842504066447872e-07,0.0015063450928478894,2.0335032211821e-05,31471,0.014659818322349824
489,0.015374700157191343,0.016020637141198165,0.0007437697037251748,0.0001,6.477828171105713e-07,0.0017418908403129276,1.909718087715858e-05,31437,0.015374700157191343
490,0.015783823940276408,0.01609155539420055,0.0006969704916549963,0.0001,5.662507530496219e-07,0.0016248916125703602,2.1769478555932886e-05,31395,0.015783823940276408
491,0.017231340188030984,0.016157316966954362,0.0007361632343759066,0.0001,6.418356891640181e-07,0.001743731985496787,2.1863994797832865e-05,31289,0.017231340188030984
492,0.01438034889921503,0.016222940765406278,0.0006425801792985395,0.0001,4.841603432968854e-07,0.0015069258557754142,1.744125337000437e-05,31469,0.01438034889921503
493,0.0156356775858857,0.016296333682633755,0.0007080907709678488,0.0001,5.840645939139683e-07,0.0016496884802371984,2.2588372064610988e-05,31424,0.0156356775858857
494,0.017728219887758172,0.016368947191851082,0.0006763280367920991,0.0001,6.338993315763336e-07,0.001874532171054124,2.1938809654268915e-05,31373,0.017728219887758172
495,0.016669368467447262,0.01643373679590207,0.0006700408635432976,0.0001,5.364386201442249e-07,0.0016012116553830468,2.3483337722873283e-05,31414,0.016669368467447262
496,0.016875910069677112,0.016512839153692383,0.0007451824000472658,0.0001,6.527580988997627e-07,0.0017519418033983603,2.750452601067654e-05,31392,0.016875910069677112
497,0.01810989701267861,0.01659101038173886,0.0007246216065700295,0.0001,6.033416466270703e-07,0.0016652598850397703,2.2352419256423827e-05,31221,0.01810989701267861
498,0.01767083400525959,0.01667974023230962,0.000801421791579759,0.0001,7.460469947910037e-07,0.0018618086072264123,2.9237613341680733e-05,31350,0.01767083400525959
499,0.015957672107996618,0.01675505892218973,0.0007122214424790974,0.0001,6.001648953361963e-07,0.0016853322844286873,1.6530446459437643e-05,31463,0.015957672107996618
500,0.017835535400505774,0.016843707618592517,0.0007988788480128287,0.0001,7.324240788044528e-07,0.0018336299192958257,2.2132387128743122e-05,31315,0.017835535400505774
501,0.014874768550564566,0.016914637689315275,0.0006599118237055673,0.0001,4.959999727861296e-07,0.0015032310529033035,1.7492476073898858e-05,31450,0.014874768550564566
502,0.016251033093601073,0.016983545244183725,0.0006958206996890425,0.0001,5.769062126115134e-07,0.0016582036518008989,2.26978424016985e-05,31439,0.016251033093601073
503,0.016170181480067488,0.017061394691833508,0.0007307356989391594,0.0001,6.289418409343658e-07,0.0017213934993115239,1.9889363053455065e-05,31337,0.016170181480067488
504,0.015063051640762588,0.017128126930961867,0.0006538735368834185,0.0001,4.962015295278273e-07,0.0015177293514366432,1.9527067211786573e-05,31414,0.015063051640762588
505,0.016836540762765036,0.017200595392067558,0.000704365949578695,0.0001,5.951573532952283e-07,0.0016899094956285491,1.880314043552449e-05,31405,0.016836540762765036
506,0.01827053571378629,0.01729355316962729,0.0008590393973911375,0.0001,8.565590912703366e-07,0.0019942253961149313,2.6889543476661088e-05,31203,0.01827053571378629
507,0.01792333227515112,0.01737725264937261,0.0007942323106906815,0.0001,7.37312199929807e-07,0.001856666343097083,2.1960425929080752e-05,31418,0.01792333227515112
508,0.020467435416070837,0.01746817275792064,0.0008228009296605922,0.0001,7.867479526052954e-07,0.0019123652495867532,2.7422268430090624e-05,31226,0.020467435416070837
509,0.018210102914343693,0.017552579671952628,0.0007830357459432862,0.0001,7.306225370016462e-07,0.0018661281832580954,3.624525010441578e-05,31372,0.018210102914343693
510,0.01622350886296582,0.017634682372938932,0.0007346113572272198,0.0001,6.348026212806285e-07,0.001728267920269248,3.2525116778816703e-05,31416,0.01622350886296582
511,0.017042037226139586,0.01771549591358105,0.0007867813023597641,0.0001,7.080684657096056e-07,0.0017999117762100391,3.4452305164416274e-05,31394,0.017042037226139586
512,0.019231705393127657,0.01780406844157891,0.0008040901393767306,0.0001,7.613821610921288e-07,0.0018937731575275737,3.448545207660102e-05,31259,0.019231705393127657
513,0.016979645477486857,0.017887365282435445,0.000767436799031673,0.0001,6.809278417301431e-07,0.0017745509274231205,3.417800734019997e-05,31341,0.016979645477486857
514,0.015112045567948235,0.01795761310038773,0.0006439692148801648,0.0001,4.874748090360679e-07,0.0015139692947178582,2.736719789943063e-05,31421,0.015112045567948235
515,0.016465398847084485,0.018036124500766772,0.0007390841913712538,0.0001,6.382528241645378e-07,0.0017271451117912848,3.081974497274387e-05,31439,0.016465398847084485
516,0.017766524565719685,0.018114521208656205,0.0007366383157068024,0.0001,6.464388799252501e-07,0.0017551052290973859,3.483497591279083e-05,31305,0.017766524565719685
517,0.021281623098193904,0.01821962317841717,0.000929293247269009,0.0001,9.734869104497326e-07,0.0020951124164747758,4.252256674048218e-05,31202,0.021281623098193904
518,0.02162211598710711,0.018322121755281306,0.0009107015282326466,0.0001,9.781559782147017e-07,0.0021481373378453867,3.746010614706762e-05,31239,0.02162211598710711
519,0.0180871645449447,0.018401447860946087,0.000708369466908547,0.0001,5.91551903763096e-07,0.001670178999512037,1.4725991538997696e-05,31308,0.0180871645449447
520,0.017859048041500514,0.01848692724729917,0.0007468758417717091,0.0001,6.442109428958501e-07,0.0017250817521897042,1.479777429183895e-05,31340,0.017859048041500514
521,0.019524692190567197,0.018577432522071332,0.0007952834500590624,0.0001,7.475187676964432e-07,0.0018798801047373182,1.7864753761207043e-05,31297,0.019524692190567197
522,0.017419809033352773,0.018662104795588427,0.0007726584004876562,0.0001,6.886242846365126e-07,0.0017824805482005858,1.4253219666949436e-05,31333,0.017419809033352773
523,0.023162347442356283,0.01876844939348243,0.0009207288784129767,0.0001,1.0022355867019403e-06,0.0021770482282025376,2.1015623664204845e-05,31199,0.023162347442356283
524,0.016911951425014372,0.0188482005825149,0.0007532276340755597,0.0001,6.705505433495139e-07,0.0017804724973280728,1.6422554964417153e-05,31352,0.016911951425014372
525,0.017124777288190483,0.018927455216094104,0.0007119222058911924,0.0001,5.993121744749475e-07,0.0016836451216596662,1.4746137262931064e-05,31353,0.017124777288190483
526,0.022595052325802372,0.019017622371949813,0.0007705679548651517,0.0001,8.15673614988368e-07,0.00211707120660399,2.072806375787807e-05,31175,0.022595052325802372
527,0.02097336320652737,0.019109580465030206,0.0008363895068952348,0.0001,8.228336317123479e-07,0.0019675847794092785,1.8879814829971112e-05,31202,0.02097336320652737
528,0.018376094933164444,0.019197750044421293,0.0007706431064226532,0.0001,6.941426363840856e-07,0.0018014632988967226,1.640446068935724e-05,31321,0.018376094933164444
529,0.0203531775151876,0.019284797935903705,0.0008095686156826062,0.0001,7.594202658466385e-07,0.0018761109339850482,2.774078007075613e-05,31257,0.0203531775151876
530,0.016894439323039204,0.01936640581791568,0.0007192775483925021,0.0001,6.082611162827328e-07,0.0016913112821111194,1.694122568779473e-05,31319,0.016894439323039204
531,0.019720526437407307,0.019460345425731683,0.0008220643531625645,0.0001,7.818224522540675e-07,0.0019020954971379496,2.7749867069765103e-05,31319,0.019720526437407307
532,0.02103900369871187,0.019557800351861974,0.0008344395082739592,0.0001,8.002033793103858e-07,0.0019179422148062212,2.411572045109426e-05,31167,0.02103900369871187
533,0.018892353606013133,0.01965933610794516,0.0008510293218261646,0.0001,8.316011007308956e-07,0.0019543418291309176,2.061561373389507e-05,31218,0.018892353606013133
534,0.019410948573194003,0.019758918197425566,0.0008240555410662003,0.0001,7.82065973711771e-07,0.0018980904435152485,2.7479496210003265e-05,31244,0.019410948573194003
535,0.020202694409554252,0.019852032211028027,0.000825083646371165,0.0001,7.953821682102997e-07,0.00192800371624987,2.3455222526436214e-05,31318,0.020202694409554252
536,0.01788083459948081,0.019936696919263964,0.0007352311997966062,0.0001,6.291798143465383e-07,0.0017115155464582955,2.1181029256648366e-05,31248,0.01788083459948081
537,0.019711853720690967,0.020031658623045203,0.0007990025507180778,0.0001,7.356758423877456e-07,0.0018414855915705913,2.108509870277199e-05,31276,0.019711853720690967
538,0.023259032875134304,0.020135103240548617,0.0008898202146827229,0.0001,9.289625140240737e-07,0.0020879779953196665,2.7372914205452234e-05,31193,0.023259032875134304
539,0.019591091467337444,0.0202355613746122,0.000854461026102595,0.0001,8.378457354218689e-07,0.0019611093070996755,2.5780848241383482e-05,31295,0.019591091467337444
540,0.020875760781889983,0.020331028578732646,0.0008511978417330316,0.0001,8.395152565183993e-07,0.0019725502470945024,2.640650768435237e-05,31220,0.020875760781889983
541,0.020915088253730868,0.02041036471040193,0.0006752158348254584,0.0001,6.18604606098988e-07,0.0018323166436370547,2.5785703455191096e-05,31278,0.020915088253730868
542,0.02120780820231059,0.020512604517803096,0.0008333439598221174,0.0001,7.972089468326286e-07,0.0019132770746974588,2.990769507161792e-05,31259,0.02120780820231059
543,0.019588727894118793,0.02060765737165632,0.0008192479046022637,0.0001,7.791673438870294e-07,0.0019021527904067256,2.4679402516460784e-05,31337,0.019588727894118793
544,0.021888092142898777,0.02071704597170541,0.000886858471508824,0.0001,8.976558686855322e-07,0.00202434976385429,3.082218072613781e-05,31220,0.021888092142898777
545,0.02352568359696038,0.020830559391138488,0.0009171177610603225,0.0001,9.606853671082903e-07,0.0020950098403886485,2.5336273116745866e-05,31007,0.02352568359696038
546,0.022614053112450662,0.02094054978815263,0.000894243257083562,0.0001,8.96361993694762e-07,0.0020047386135582613,3.4514182538626916e-05,31209,0.022614053112450662
547,0.020316817915313146,0.021044233810383284,0.0008520240815316113,0.0001,8.506053970670116e-07,0.0019966698489036847,2.9815480038025882e-05,31253,0.020316817915313146
548,0.019749793619038974,0.021132018546701516,0.0007960806658080256,0.0001,7.511726081100089e-07,0.0018871771175288255,2.4192262399279068e-05,31234,0.019749793619038974
549,0.02303713215136389,0.021246707650827916,0.0009328822864489355,0.0001,9.96969660779153e-07,0.0021373964866975214,4.458383065028369e-05,31128,0.02303713215136389
550,0.022944780957697766,0.02134197617450786,0.0008015753009191554,0.0001,8.570692868510517e-07,0.002138462315064504,4.094702077481371e-05,31178,0.022944780957697766
551,0.022127245194337362,0.021446446177441212,0.0008462928495543512,0.0001,8.342287406558372e-07,0.001971489517121959,4.1874323048761115e-05,31226,0.022127245194337362
552,0.02105959288378545,0.021539159027612255,0.0008309596783968228,0.0001,7.963678742251978e-07,0.0019167425205555986,3.8996653428170205e-05,31230,0.02105959288378545
553,0.02275153943489635,0.021640648206208934,0.0008310592222368559,0.0001,8.032993487535789e-07,0.0019331939945060493,4.4580231519951814e-05,31177,0.02275153943489635
554,0.022190621422481665,0.02174550509761093,0.000916075944682437,0.0001,9.895001365479148e-07,0.002160301538953587,4.559405703204579e-05,31194,0.022190621422481665
555,0.019380206820662466,0.021851271824903876,0.0008397958513198686,0.0001,8.022085305903086e-07,0.001910484623922622,3.693333131977098e-05,31294,0.019380206820662466
556,0.023590823099037723,0.021970431538757593,0.0009568525087167982,0.0001,1.0656892451586762e-06,0.002227489054896946,4.513603036946514e-05,31150,0.023590823099037723
557,0.021706793154147246,0.022069519023256868,0.0008081855329221871,0.0001,7.613824708826182e-07,0.0018841774317084315,4.582006619926565e-05,31251,0.021706793154147246
558,0.02138817733733247,0.022186598417225915,0.0009085979783240318,0.0001,9.2713676090251e-07,0.0020408074484441936,4.4606160835768883e-05,31280,0.02138817733733247
559,0.021308724146166434,0.022285179835723257,0.0008095922774194501,0.0001,7.791142407179669e-07,0.0019247076891626706,2.7080117043244296e-05,31240,0.021308724146166434
560,0.0213478521030228,0.022380235318904564,0.0008144060515431415,0.0001,7.50638306862798e-07,0.0018434006118704144,3.104047805515699e-05,31174,0.0213478521030228
561,0.021950264112191246,0.022491123321291516,0.0008829491449290974,0.0001,9.000180725505912e-07,0.0020386634444792724,2.90039794282772e-05,31129,0.021950264112191246
562,0.021544403218115717,0.022601293265912186,0.0008853593314359711,0.0001,8.900565309126452e-07,0.002010610831805558,2.8391961645270443e-05,31125,0.021544403218115717
563,0.022792889546061817,0.02271863728531264,0.0009189032579816936,0.0001,9.373530354558703e-07,0.002040156082403495,3.216830511766562e-05,31227,0.022792889546061817
564,0.023003108291352353,0.02283519998593489,0.0008973640246973908,0.0001,9.081569145786575e-07,0.0020240546524804273,2.8666337160944044e-05,31133,0.023003108291352353
565,0.020407779637559752,0.022946635171656446,0.0008759413975288694,0.0001,8.674753016542191e-07,0.001980669720831704,2.524651156706765e-05,31185,0.020407779637559752
566,0.023090855612794416,0.023062904649069134,0.0009150587098474493,0.0001,9.458802196941418e-07,0.0020673650980314274,3.27588219343285e-05,31173,0.023090855612794416
567,0.024107790837326448,0.023176767093155373,0.0008866066469136179,0.0001,8.955962835435266e-07,0.002020278748554847,3.0861568343920214e-05,31041,0.024107790837326448
568,0.023546499556538987,0.023286378687593767,0.0008539187655117219,0.0001,8.347508157741803e-07,0.0019551059175375893,3.280487443140029e-05,31260,0.023546499556538987
569,0.02285206447213436,0.02340050661278495,0.0008830635880533907,0.0001,8.985031464416888e-07,0.0020349681689907123,3.1802498091935134e-05,31246,0.02285206447213436
570,0.023516798735275346,0.023516012414244704,0.0008799646200525968,0.0001,8.877117055246492e-07,0.0020176077203458227,3.4924810069347335e-05,31188,0.023516798735275346
571,0.023093158375140123,0.02362752956545849,0.0008697547278516287,0.0001,8.539987290419638e-07,0.0019637690987927515,3.233637988136604e-05,31118,0.023093158375140123
572,0.019915411736206617,0.023730009924524127,0.0008067823839885886,0.0001,7.574624327973541e-07,0.0018777366681027286,3.0847673772459996e-05,31260,0.019915411736206617
573,0.021566464002826913,0.023821599680809765,0.0007721228548938178,0.0001,7.071996730465797e-07,0.0018318319903736918,3.0206841175003e-05,31185,0.021566464002826913
574,0.023343765773505595,0.02394133922561087,0.0008991186661022098,0.0001,9.157248267254196e-07,0.0020369387518005817,3.2690456211133846e-05,31014,0.023343765773505595
575,0.023932749284429667,0.024058178443370434,0.0009283350640335367,0.0001,9.966455374571007e-07,0.0021471677114656444,3.543378176028453e-05,31114,0.023932749284429667
576,0.02212455294262941,0.02417366609849266,0.0008798710878476947,0.0001,8.773350334739584e-07,0.0019942353955965534,3.2163468658281633e-05,31156,0.02212455294262941
577,0.023659257071080627,0.024294144092785217,0.0009172734316992975,0.0001,9.63948928648367e-07,0.0021017700836763594,3.533153416655104e-05,31179,0.023659257071080627
578,0.023637961680021087,0.02439988744847333,0.000827847263105619,0.0001,7.81783188095135e-07,0.0018887135899014085,3.71903207349991e-05,31207,0.023637961680021087
579,0.02263089764738738,0.024504939289051106,0.0008446542680224297,0.0001,8.289245489706539e-07,0.0019627546567932376,3.680849985486587e-05,31250,0.02263089764738738
580,0.021223043257967762,0.024608896083382813,0.0007888817983647486,0.0001,7.122757529247444e-07,0.00180578574483833,3.4571555177031786e-05,31211,0.021223043257967762
581,0.02499092680807969,0.02472055826518759,0.0009191547649893457,0.0001,1.0068940427978532e-06,0.0021909129586235128,4.406198990428687e-05,31048,0.02499092680807969
582,0.021585037153537424,0.024840000542360133,0.0008845206519885479,0.0001,8.692033569392497e-07,0.001965365884866877,3.517051824302678e-05,31123,0.021585037153537424
583,0.02461521247132402,0.024965485078736596,0.0009373469528037621,0.0001,9.968522634357344e-07,0.0021269653898249342,4.439190946141589e-05,31188,0.02461521247132402
584,0.025904486259730262,0.0250728909551655,0.0008870962517995138,0.0001,8.918907286421076e-07,0.002010809372337822,3.916294991070766e-05,31105,0.025904486259730262
585,0.025995643236562845,0.025202608380250825,0.0009829734357804357,0.0001,1.1115537262213142e-06,0.002261614985228552,3.7678914387963005e-05,31103,0.025995643236562845
586,0.024619292258023437,0.025318653236240437,0.0008587562303394513,0.0001,8.239760970360078e-07,0.0019189988216104224,3.921905375120778e-05,31219,0.024619292258023437
587,0.025214471971995524,0.025430536097381707,0.0008745060664975925,0.0001,8.931874561593067e-07,0.0020427244369762543,3.948306481764772e-05,31080,0.025214471971995524
588,0.023929686891839698,0.025557486383732703,0.0009567906660184199,0.0001,1.041153762259044e-06,0.0021763459850453843,3.980393427022996e-05,31153,0.023929686891839698
589,0.024739495218814796,0.02567415281856281,0.0009009439480267284,0.0001,9.5550547806919e-07,0.002121120809262249,4.313780372714723e-05,31076,0.024739495218814796
590,0.024971933376597123,0.02578148247698541,0.0007765178499940125,0.0001,8.021699987135033e-07,0.0020660696949070484,4.492613488470597e-05,31142,0.024971933376597123
591,0.024161151615123,0.025898136347730756,0.0009042915472347224,0.0001,9.247013933585157e-07,0.0020451399688213513,4.512305692047755e-05,31190,0.024161151615123
592,0.024765964004318915,0.02602827915699335,0.0009530706815929496,0.0001,9.908094486370519e-07,0.0020791940572152025,4.4920609338027325e-05,31126,0.024765964004318915
593,0.026147427151579146,0.026156531334447713,0.0009672250793877668,0.0001,1.059200979631294e-06,0.0021901851021103504,4.2754641864596146e-05,30988,0.026147427151579146
594,0.025287026659246592,0.026278364999115355,0.0009394134547449255,0.0001,1.0268161838799681e-06,0.0021860793640831443,4.0320127134755326e-05,31135,0.025287026659246592
595,0.02854488718822525,0.02642207583503937,0.0010698185608208662,0.0001,1.285518197449662e-06,0.0024032452689235276,4.861483568439433e-05,30880,0.02854488718822525
596,0.02862684466200668,0.026549438640102507,0.0009265178647437613,0.0001,1.0001017905350028e-06,0.0021588397344320873,4.5070037748562706e-05,30967,0.02862684466200668
597,0.024302619841022752,0.0266728840882176,0.0009212444817075511,0.0001,9.699190867172351e-07,0.0021056714172538963,4.5218680672331324e-05,31008,0.024302619841022752
598,0.025725046439104757,0.02680172088288852,0.0009386612002947578,0.0001,1.0063384368069987e-06,0.0021441994970943486,4.405938652537278e-05,31112,0.025725046439104757
599,0.029097122222732624,0.026935647204742254,0.0009835638077092459,0.0001,1.1186528687854735e-06,0.0022746930296080226,6.25182753162447e-05,30905,0.029097122222732624
600,0.025664705213405227,0.027064520723492445,0.0009559490881745121,0.0001,1.0538412603753418e-06,0.0022048062462986717,5.143272703743154e-05,31024,0.025664705213405227
601,0.02569448928608564,0.027211338809903767,0.0010463366239896622,0.0001,1.2440511902195084e-06,0.0023779177020029447,5.2265455617384134e-05,31106,0.02569448928608564
602,0.027539556438910234,0.027340389529570356,0.0009669368047564605,0.0001,1.0905400708616975e-06,0.002255659450539518,5.636330947558096e-05,31070,0.027539556438910234
603,0.024415828092041313,0.02746727363856199,0.000927247029983147,0.0001,9.792551765880079e-07,0.0021121775426033037,4.898515568627906e-05,31164,0.024415828092041313
604,0.029592163062747513,0.027617471755859636,0.001071271323479009,0.0001,1.3037915330539196e-06,0.002434101435329734,5.738272785218077e-05,30947,0.029592163062747513
605,0.025686878085168143,0.027746403487104353,0.0009089318927511341,0.0001,9.471419394750452e-07,0.002084076809337733,4.849735441046687e-05,31136,0.025686878085168143
606,0.02812467205152898,0.027890407420938335,0.001015710155587442,0.0001,1.1498110617201457e-06,0.0022640534908408894,5.563745459898117e-05,30963,0.02812467205152898
607,0.02667596105278815,0.02802105793522801,0.0009419136627763131,0.0001,1.0044488328658023e-06,0.002132783231756433,5.685475692512724e-05,31021,0.02667596105278815
608,0.030073442774971988,0.028163276233185756,0.0010411788419822244,0.0001,1.2374654448846188e-06,0.0023770468530242097,5.7841268914271606e-05,30937,0.030073442774971988
609,0.03122445894684562,0.028305490855639815,0.001017839431290212,0.0001,1.1944634329161395e-06,0.002347056708938931,3.627329876314781e-05,30877,0.03122445894684562
610,0.02893261180691003,0.0284613746911325,0.0010953383230034764,0.0001,1.3131334160411616e-06,0.0023976763863067974,3.1461574035608085e-05,31049,0.02893261180691003
611,0.0330194475322431,0.02860858300249405,0.0010414999790130382,0.0001,1.2288726366286287e-06,0.002359813079964056,3.946961417355924e-05,30873,0.0330194475322431
612,0.0285542230904519,0.02874761919015787,0.0009696415763530118,0.0001,1.0708156308078254e-06,0.0022086834082246072,3.058530262051337e-05,31003,0.0285542230904519
613,0.029525581120946824,0.02889532245108699,0.0010852584257271794,0.0001,1.3524635736256017e-06,0.0024924267650248935,3.150245126711611e-05,30979,0.029525581120946824
614,0.030274398872668674,0.02903439852920019,0.0009587115803281806,0.0001,1.1818064010419954e-06,0.002465405498987393,3.301721680090713e-05,30897,0.030274398872668674
615,0.03006676791121909,0.029187667094822834,0.0010582475304473724,0.0001,1.2576416464199716e-06,0.0023768383298533287,3.3449276071139715e-05,30862,0.03006676791121909
616,0.02635541371824316,0.029327970922508266,0.0009941713880735627,0.0001,1.1033584489757287e-06,0.002219654402071944,3.274271041113277e-05,31060,0.02635541371824316
617,0.02843236965616413,0.029465576568051877,0.0010074228624001279,0.0001,1.1398668594684e-06,0.0022629362544993896,3.320530243264588e-05,31041,0.02843236965616413
618,0.033140453930407196,0.029624362349825097,0.0010960789532441025,0.0001,1.3665774599671793e-06,0.00249357485776453,3.465366504382872e-05,30838,0.033140453930407196
619,0.03131668848015505,0.029785738533180457,0.0011038366650392268,0.0001,1.381656120968189e-06,0.0025033705886533296,3.482839991777329e-05,30959,0.03131668848015505
620,0.032547301677618705,0.029949627381562524,0.0011198436098817006,0.0001,1.4093259909063653e-06,0.0025170050147542396,3.8804043345556395e-05,30866,0.032547301677618705
621,0.027986783411834956,0.03009771484402469,0.0010104164397773336,0.0001,1.1566887693350457e-06,0.002289528799808416,3.452972842638076e-05,31006,0.027986783411834956
622,0.03286142862283839,0.0302713267093186,0.0011792389338667834,0.0001,1.5414782153872677e-06,0.0026143611292288047,3.738819976231595e-05,30838,0.03286142862283839
623,0.0319971413111228,0.030434135954510597,0.0011065236594487416,0.0001,1.3457744993142188e-06,0.0024324369168656893,3.7194325194073645e-05,30804,0.0319971413111228
624,0.03247108952542402,0.030584165344997884,0.0010443935414827575,0.0001,1.2457688732036765e-06,0.0023856311317954353,3.441243667872391e-05,30816,0.03247108952542402
625,0.029674414711702842,0.03074226013176541,0.0010694611098160374,0.0001,1.2627787112204875e-06,0.00236152338711541,3.4861941230744444e-05,30882,0.029674414711702842
626,0.02957924951005741,0.030898737311597053,0.0010860988151899593,0.0001,1.3286871461038012e-06,0.002446715027253598,3.321514736175639e-05,30962,0.02957924951005741
627,0.02987874826476388,0.031053519843146114,0.0010565325382027894,0.0001,1.2456810699700114e-06,0.0023580552892180154,3.3237428721931566e-05,31003,0.02987874826476388
628,0.03223195043192238,0.031208088865714977,0.0010555424753253835,0.0001,1.2712785681424665e-06,0.002408768188604783,3.402703755379313e-05,30742,0.03223195043192238
629,0.03193097781905914,0.03136201898955017,0.001065019101366436,0.0001,1.2885636386463343e-06,0.002419794418697443,5.243531774853745e-05,30956,0.03193097781905914
630,0.03376353924877069,0.03151220378364222,0.0010541234610825013,0.0001,1.2559316354805453e-06,0.0023828928618869804,6.11192547910085e-05,30843,0.03376353924877069
631,0.030963678048500948,0.03164219348415028,0.0009065417371262498,0.0001,1.0949960256029947e-06,0.0024157652775572093,5.443810159635708e-05,30849,0.030963678048500948
632,0.031189670587780584,0.03179351738819224,0.0010278981293638794,0.0001,1.1940267075126465e-06,0.0023232393821974884,5.7329624599976015e-05,30896,0.031189670587780584
633,0.032110385187411564,0.03194443639248338,0.0010238030287351247,0.0001,1.1694493101631802e-06,0.002284520122211391,5.438930302168638e-05,30913,0.032110385187411564
634,0.03508500297187844,0.032115477962551986,0.0011505958765503943,0.0001,1.4695467947502141e-06,0.002554409979559578,6.511853552719167e-05,30635,0.03508500297187844
635,0.033924480367342746,0.0322935241991753,0.0011665520367365062,0.0001,1.5169718030912754e-06,0.0026007786285043707,5.985743895858539e-05,30780,0.033924480367342746
636,0.03175198998293305,0.03245019408088841,0.0010686837262471657,0.0001,1.2782315628469769e-06,0.002392160620496521,5.714589119364982e-05,30858,0.03175198998293305
637,0.032520730761025976,0.03261297804342578,0.0011012683803405872,0.0001,1.3592701574714385e-06,0.0024685538634116773,5.658459600481721e-05,30783,0.032520730761025976
638,0.03013722200433517,0.032782802088772836,0.001102797906756583,0.0001,1.3265686095813512e-06,0.0024058235900771626,5.496731923133745e-05,30830,0.03013722200433517
639,0.028383297953887245,0.03293714687116043,0.0010529387305438392,0.0001,1.2341663205545745e-06,0.0023442319761894067,5.227293193163866e-05,30954,0.028383297953887245
640,0.03256389588032069,0.03310982774811678,0.0011254823012698575,0.0001,1.3925342324601164e-06,0.00247455554101375,5.8212266700398526e-05,30867,0.03256389588032069
641,0.03312062482550011,0.03324765130856418,0.0009214430671185377,0.0001,1.0942496286351685e-06,0.002375078108855965,6.707197611956974e-05,30740,0.03312062482550011
642,0.03023360546301298,0.033379174406042746,0.0008747749893797442,0.0001,9.734838392813812e-07,0.0022256782626390035,5.1328286756973256e-05,30902,0.03023360546301298
643,0.03473333122571909,0.03354009024017334,0.0010994317045604886,0.0001,1.372775589649385e-06,0.0024972457751673972,6.146825732836145e-05,30859,0.03473333122571909
644,0.037356953233390416,0.03373892926059607,0.0012630218335645447,0.0001,1.6931718561493913e-06,0.002681144238608863,6.333150512415552e-05,30741,0.037356953233390416
645,0.03345188558744926,0.033900325878620005,0.0010644306937600064,0.0001,1.2757559132648564e-06,0.0023970671284541077,5.8588220424321566e-05,30814,0.03345188558744926
646,0.031241335779990304,0.03405628717389895,0.0009953295773532985,0.0001,1.0975730325860501e-06,0.0022054464321348295,5.054369463775275e-05,30926,0.031241335779990304
647,0.03194023609469198,0.03422035467622394,0.0010537663187524366,0.0001,1.2224155612736282e-06,0.0023200885044814433,6.136780324301553e-05,30838,0.03194023609469198
648,0.03185297049853756,0.034389607216783406,0.0011024729321546971,0.0001,1.3447159952880654e-06,0.002439453987609334,5.3771441536985065e-05,30869,0.03185297049853756
649,0.03675956985432159,0.034562614925417026,0.00113544894374101,0.0001,1.4700061069124351e-06,0.0025892949480742756,5.6432268415665147e-05,30725,0.03675956985432159
650,0.034024751116704506,0.03474032091796102,0.0011346210257020563,0.0001,1.4276325084557807e-06,0.002516492249158561,5.0667539662041184e-05,30862,0.034024751116704506
651,0.03417907397686738,0.03492645249059639,0.0011705604762789104,0.0001,1.4829850929860069e-06,0.002533803460886125,5.359472543091762e-05,30828,0.03417907397686738
652,0.03597280125121864,0.03506594248663599,0.0009736775600728228,0.0001,1.2319533924243783e-06,0.0025305161440348674,5.137368725595395e-05,30708,0.03597280125121864
653,0.03416343871732002,0.0352375525213233,0.0010880358613415539,0.0001,1.3028309986376592e-06,0.002394830988440513,4.6365313193794366e-05,30785,0.03416343871732002
654,0.03565290589905361,0.035396558984947556,0.0010876974763133504,0.0001,1.3396244270699188e-06,0.002463229815721282,5.067063180466475e-05,30796,0.03565290589905361
655,0.03606518431466486,0.03557546325199642,0.0011303045143641216,0.0001,1.4034579386871958e-06,0.0024833271403445515,5.357636647082011e-05,30799,0.03606518431466486
656,0.03468180703147729,0.035767689936245683,0.0012130047383351753,0.0001,1.5493598338322146e-06,0.00255458166793096,5.4554614081548605e-05,30635,0.03468180703147729
657,0.03441544101486127,0.03593395876129751,0.0010687808504317195,0.0001,1.2746811564306035e-06,0.0023852993921358403,4.950898066317439e-05,30794,0.03441544101486127
658,0.040099547295555496,0.036087560536946665,0.0010458233377815,0.0001,1.4215873717044901e-06,0.002718599442846812,5.791409330633074e-05,30656,0.040099547295555496
659,0.03394532319428086,0.03626534664133965,0.001124482723719186,0.0001,1.3830747257528904e-06,0.002459930591336113,3.465104982197564e-05,30747,0.03394532319428086
660,0.03443422900228572,0.036440058307093806,0.0011003931613135303,0.0001,1.3382607085822982e-06,0.0024323319257724707,3.281664783049889e-05,30861,0.03443422900228572
661,0.03668488620329031,0.03661568518988975,0.0011238311111228861,0.0001,1.4074516169610636e-06,0.00250473866229739,3.0244876774144895e-05,30740,0.03668488620329031
662,0.03369696972557144,0.03676271142807925,0.0009442683993595877,0.0001,1.1476566744282647e-06,0.002430784881092318,3.1827648154673974e-05,30786,0.03369696972557144
663,0.0368028638406631,0.03692579464254628,0.0010570932926574341,0.0001,1.4578668564155915e-06,0.0027582558068278903,3.8118431294147874e-05,30574,0.0368028638406631
664,0.03491091814158642,0.03709143489980129,0.001107036469631305,0.0001,1.3662933549986794e-06,0.0024683800262763145,4.019389162443382e-05,30741,0.03491091814158642
665,0.03653374675810315,0.037268204499092634,0.0011286169179551325,0.0001,1.4101113615780264e-06,0.002498830806351752,3.533813002728349e-05,30803,0.03653374675810315
666,0.038674396981709463,0.03743290929458107,0.0010576537942312927,0.0001,1.4077768751574928e-06,0.0026620750246174295,4.114770321160557e-05,30691,0.038674396981709463
667,0.03976393759553422,0.037623819458852,0.0011912058967693193,0.0001,1.5695294485135428e-06,0.002635194222544193,3.900028717096512e-05,30585,0.03976393759553422
668,0.0359962771201331,0.03778560140805387,0.0010644447192830761,0.0001,1.2644232042924811e-06,0.002375742359159984,3.0574125137237035e-05,30732,0.0359962771201331
669,0.0371078384252075,0.03793711103789625,0.0009691825655602479,0.0001,1.227571814256919e-06,0.0025332106826484358,6.590870354185095e-05,30655,0.0371078384252075
670,0.041208794708243277,0.03813308749013746,0.0012206208151212044,0.0001,1.555517435598974e-06,0.0025487316230053234,7.677694360267112e-05,30499,0.041208794708243277
671,0.035657467075597596,0.03831688275315586,0.00114557933974656,0.0001,1.4378767712541928e-06,0.002510304998294223,6.305108788020976e-05,30690,0.035657467075597596
672,0.04040251130710362,0.038521100465139874,0.001272071156865691,0.0001,1.7954145482395143e-06,0.002822820938198632,7.248647441032931e-05,30606,0.04040251130710362
673,0.03837642931124796,0.03872470898424076,0.0012593947016678337,0.0001,1.6576647613935849e-06,0.0026324785378218866,6.669503970489933e-05,30757,0.03837642931124796
674,0.036578741126536585,0.038893382515205285,0.0010824094614872838,0.0001,1.3332693222864982e-06,0.0024635211899469555,6.931741071784878e-05,30696,0.036578741126536585
675,0.03386913433945436,0.039060324773291834,0.001114564835165793,0.0001,1.377337392079742e-06,0.0024715249371291374,6.449217242153924e-05,30856,0.03386913433945436
676,0.041697158659701715,0.039276611047707355,0.0013223581948931286,0.0001,1.8724811878192294e-06,0.002832033249463941,7.922711861713729e-05,30557,0.041697158659701715
677,0.04039650074859265,0.03946978757627348,0.001221659489575886,0.0001,1.6558681759761476e-06,0.0027108505931566942,6.966367764560905e-05,30635,0.04039650074859265
678,0.03878754479532037,0.03963112311765791,0.0010030686973758944,0.0001,1.2983961149455586e-06,0.002588847839320006,7.396259592607369e-05,30663,0.03878754479532037
679,0.04137069172412568,0.03983471524044073,0.0012342913006951547,0.0001,1.6641110403233672e-06,0.00269646401847949,9.677342366708156e-05,30535,0.04137069172412568
680,0.04329582858823534,0.04004054494447158,0.001248642213629793,0.0001,1.7321822478297022e-06,0.0027745053449606868,9.31033229631079e-05,30573,0.04329582858823534
681,0.04421039889487798,0.04024252610223312,0.0012554311837340677,0.0001,1.7470971886326266e-06,0.0027832623743440582,9.734181249688904e-05,30516,0.04421039889487798
682,0.0421531095703255,0.040442093805170165,0.0011909120314200028,0.0001,1.5399699359376593e-06,0.00258620266704578,9.290860992395414e-05,30509,0.0421531095703255
683,0.0422435125385038,0.04064191668638562,0.0012047601294206648,0.0001,1.5907738480312168e-06,0.002640814232118015,9.158265259914784e-05,30557,0.0422435125385038
684,0.040165582895108576,0.040829491186332674,0.0011685397623804816,0.0001,1.5273917535479266e-06,0.0026141887554368064,9.032142555612157e-05,30670,0.040165582895108576
685,0.0386647935242556,0.041006363523882164,0.0011119754102512662,0.0001,1.395993500067287e-06,0.0025108351986881487,8.512132659818986e-05,30680,0.0386647935242556
686,0.0388485710239871,0.041201289849741904,0.0011884295618277908,0.0001,1.547091033756358e-06,0.00260358894367614,8.535088327399469e-05,30610,0.0388485710239871
687,0.046190477245632904,0.04138999105532101,0.0011245239893867532,0.0001,1.6121537238725347e-06,0.002867264263080248,9.764263904267767e-05,30430,0.046190477245632904
688,0.038561193901562874,0.041602646187329395,0.001259148943208893,0.0001,1.7042777444570328e-06,0.0027070312112779066,8.272882694485969e-05,30616,0.038561193901562874
689,0.03772550182315601,0.04179647446781147,0.0011891372385637068,0.0001,1.560459267228598e-06,0.0026245234218943312,7.131053798994325e-05,30723,0.03772550182315601
690,0.04375121613952346,0.0420095712966941,0.0012802019677151816,0.0001,1.7981574718105925e-06,0.00280917779718746,8.927890442392438e-05,30472,0.04375121613952346
691,0.0389232227448581,0.04220116873873905,0.001168424640743899,0.0001,1.4990392060923745e-06,0.0025659150856968986,7.239108212123344e-05,30535,0.0389232227448581
692,0.04008389493241053,0.04238873389040395,0.0011397040943787607,0.0001,1.4424758000094332e-06,0.0025313163427665136,7.559577866528687e-05,30657,0.04008389493241053
693,0.04419281580876633,0.042601706111510956,0.0012974456319986782,0.0001,1.8499171372378664e-06,0.0028516295274556075,8.694041527282504e-05,30564,0.04419281580876633
694,0.04161396230111472,0.04281098523088241,0.001249354541079784,0.0001,1.7277523325303454e-06,0.002765831916754543,8.291142761021675e-05,30616,0.04161396230111472
695,0.04426428572894083,0.04300576362735129,0.0011893231892069547,0.0001,1.5590773644366983e-06,0.002621789230354277,8.85863411782372e-05,30484,0.04426428572894083
696,0.04466519082758842,0.043187004675557805,0.0011953120969533683,0.0001,1.625159949375895e-06,0.0027192227929728648,8.701436876234922e-05,30450,0.04466519082758842
697,0.042854550209883935,0.04338819638057294,0.0012842387936113553,0.0001,1.827922749522768e-06,0.0028467022778256705,8.640637098937206e-05,30522,0.042854550209883935
698,0.044983701576808685,0.04360413957647388,0.0012932740247220235,0.0001,1.8137185136055009e-06,0.0028048479733370378,8.616687431113785e-05,30507,0.044983701576808685
699,0.04285103454032632,0.043832122733410195,0.0013296020119096992,0.0001,1.931781346427492e-06,0.002905803885860381,7.46741837323172e-05,30574,0.04285103454032632
700,0.04625869305645824,0.04405644704393634,0.0013140640542734382,0.0001,1.88507517849283e-06,0.0028690765451842614,8.405527707477382e-05,30417,0.04625869305645824
701,0.046279038402381664,0.044277205838303704,0.0013205585794490867,0.0001,1.9078969653244114e-06,0.0028895302260962203,8.589872833285569e-05,30450,0.046279038402381664
702,0.044103120774689086,0.044478722433247596,0.0012652491089698297,0.0001,1.7356048395179306e-06,0.002743499010927684,8.413176168445864e-05,30505,0.044103120774689086
703,0.04728591822388481,0.04470701916719609,0.001331921861881013,0.0001,1.8740866657644479e-06,0.002814109024560585,8.966486509360045e-05,30352,0.04728591822388481
704,0.04626737665666269,0.04489228210121174,0.0011056533994274224,0.0001,1.5379766646368042e-06,0.002782023128465514,8.710301176428567e-05,30343,0.04626737665666269
705,0.04426890696885653,0.04511066467423583,0.0012689304677934625,0.0001,1.7367564820655349e-06,0.0027373548451170423,8.521449422988769e-05,30441,0.04426890696885653
706,0.04813934575020488,0.045350763241030774,0.00138188168799427,0.0001,2.0886527212104444e-06,0.00302291106301874,8.790728648496265e-05,30344,0.04813934575020488
707,0.0476665627561096,0.04558666622891301,0.001353163945882823,0.0001,1.9725739131390516e-06,0.002915498774765413,8.090547560674078e-05,30306,0.0476665627561096
708,0.04304993432915197,0.045785597638705,0.0011980845602087519,0.0001,1.5835999356330996e-06,0.002643552864677892,7.497030008258962e-05,30543,0.04304993432915197
709,0.043884389235584395,0.04599769320140331,0.0012489818558514693,0.0001,1.7082128453365477e-06,0.0027353685521268145,0.00011223798059277052,30547,0.043884389235584395
710,0.041934142287822634,0.046232185277464366,0.0013101184062488964,0.0001,1.8048589835139242e-06,0.0027552608602478285,9.969049017403587e-05,30630,0.041934142287822634
711,0.04719588830870548,0.04645532324248912,0.0012988705491534859,0.0001,1.8575947458714988e-06,0.002860323143183361,0.00011756827498461906,30338,0.04719588830870548
712,0.04702629097530703,0.04667017457952418,0.0012438635511145856,0.0001,1.6717840026615855e-06,0.0026880504717154132,0.00011451205741285103,30368,0.04702629097530703
713,0.047699628650206896,0.046878083598143876,0.0012304811393405726,0.0001,1.6601346360141432e-06,0.0026983503979651846,0.00011871583340944536,30278,0.047699628650206896
714,0.0446249437469683,0.047112395385369196,0.001319542545672991,0.0001,1.8450661598013763e-06,0.0027965239405908786,0.0001123683078266098,30486,0.0446249437469683
715,0.048688170868735114,0.047334837825186854,0.0013019444992309786,0.0001,1.807288338809783e-06,0.00277629090929344,0.0001143931194292738,30233,0.048688170868735114
716,0.047034041992704625,0.04757877106264793,0.0013706913187729534,0.0001,2.0167150533476528e-06,0.0029426246824894487,0.00011459389313973672,30525,0.047034041992704625
717,0.04909322603952998,0.047823165049986606,0.0013878370975885204,0.0001,2.0714244746514054e-06,0.0029851118380545857,0.00011727733299496897,30292,0.04909322603952998
718,0.04861752145072941,0.04803568017392039,0.0012631177861645237,0.0001,1.7804924452856821e-06,0.0028192025554357437,0.00011830226751868169,30356,0.04861752145072941
719,0.04772135735233804,0.048248658151950466,0.0011854612886596004,0.0001,1.7133572158284644e-06,0.0028906168969309075,0.00013581859580309637,30377,0.04772135735233804
720,0.04833594534033288,0.0484723904833251,0.001326844351555722,0.0001,1.8347335045638419e-06,0.0027655595057741638,0.00013623299769129535,30355,0.04833594534033288
721,0.04987924216840413,0.048718042127759736,0.0013728529840083298,0.0001,2.0217692980923673e-06,0.0029453544139728515,0.0001441922148660295,30336,0.04987924216840413
722,0.04729302081578096,0.048965863366866695,0.001365360603045917,0.0001,1.930332944692946e-06,0.0028275796743902812,0.00013257000311689792,30434,0.04729302081578096
723,0.04711579834522899,0.04917079146557614,0.001260920926746489,0.0001,1.735536710927018e-06,0.002752808164434488,0.00013713527754328426,30443,0.04711579834522899
724,0.05441712556236634,0.0494382025993034,0.0014884641086139099,0.0001,2.3403928161296264e-06,0.0031447084314435384,0.00015530446450630315,30098,0.05441712556236634
725,0.04579432481122705,0.04965580865678044,0.0012673132077995705,0.0001,1.741821838151331e-06,0.0027488419238929063,0.0001346219714960634,30363,0.04579432481122705
726,0.04959065744708695,0.04988442267653706,0.0013478628715869211,0.0001,1.9911367824721926e-06,0.0029545094303664674,0.00014069361002898474,30098,0.04959065744708695
727,0.05088235915369874,0.05013513211914628,0.0014242567911191132,0.0001,2.1680912490729414e-06,0.003044522957646365,0.00014714476935799936,30269,0.05088235915369874
728,0.05132020172699388,0.05038489577302161,0.001393445839512966,0.0001,2.046097922213667e-06,0.002936745532827906,0.00014158912540478727,30281,0.05132020172699388
729,0.050387666245279475,0.05063251552708663,0.0013718606812967314,0.0001,1.9395786680025696e-06,0.002827661284335682,8.490733907686574e-05,30335,0.050387666245279475
730,0.05118378920000713,0.05088330762010122,0.0013944106380205826,0.0001,1.9683427343217256e-06,0.0028231894976301396,9.102776258669868e-05,30194,0.05118378920000713
731,0.04734876039374207,0.05111450013604378,0.0013410314500731792,0.0001,1.969606079981688e-06,0.0029374494981071596,8.520495773713879e-05,30288,0.04734876039374207
732,0.04854491949399628,0.05133573585785254,0.0013328894921412842,0.0001,1.948611870317978e-06,0.0029238911129647175,8.856111206573954e-05,30317,0.04854491949399628
733,0.05040529243453205,0.05156674126466583,0.0013010613013458843,0.0001,1.8182154704422414e-06,0.0027949727942278915,9.385631925071436e-05,30259,0.05040529243453205
734,0.050440846419591026,0.05180793821702619,0.0013620932997565741,0.0001,1.987129130989034e-06,0.0029177577356032255,9.218576176321227e-05,30276,0.050440846419591026
735,0.05365814353831434,0.05205279097665634,0.001430348715435355,0.0001,2.242131733855829e-06,0.003135084066787715,9.449451148896104e-05,30021,0.05365814353831434
736,0.04852198140912533,0.05227602166150371,0.001292495983952857,0.0001,1.815725815311029e-06,0.0028096424868694313,9.276931532477828e-05,30345,0.04852198140912533
737,0.05243711071122978,0.05252471001876764,0.0013711772932392373,0.0001,1.942539158861192e-06,0.00283338875058554,9.647332453680782e-05,30076,0.05243711071122978
738,0.05483237212163489,0.05279196253933901,0.0014608655678836422,0.0001,2.2274972825774913e-06,0.003049558195562743,9.665902925435368e-05,30196,0.05483237212163489
739,0.054199940103595357,0.05306757475153073,0.0014824326633624567,0.0001,2.242411673160319e-06,0.0030253133630691546,0.00015458487613516868,30153,0.054199940103595357
740,0.05545518582443974,0.05331811176181256,0.0013726360547573792,0.0001,1.9863713712984755e-06,0.0028942433275214773,0.00015256646603005632,30094,0.05545518582443974
741,0.04955942153225516,0.05356365771362505,0.0013849160374440786,0.0001,2.0509604424162983e-06,0.002961855285034366,0.00013827794661649045,30305,0.04955942153225516
742,0.050310999944789034,0.05381776520989191,0.001390202003200499,0.0001,2.0486679627597907e-06,0.0029472953686491363,0.0001386054742411016,30248,0.050310999944789034
743,0.04886028603244828,0.0540523598450955,0.0012862610254990368,0.0001,1.7242348199766867e-06,0.0026810029780817263,0.00013866797246690204,30311,0.04886028603244828
744,0.054032875794146826,0.05430619410882191,0.0013992612763216023,0.0001,2.0450936648923124e-06,0.0029231047832160165,0.0001552921349023583,30194,0.054032875794146826
745,0.053159284941729786,0.054572281043927855,0.0014475725521195686,0.0001,2.220821987270032e-06,0.0030683394542377227,0.0001509241667379419,30184,0.053159284941729786
746,0.050833268305779875,0.05483009128126703,0.0014095334687786582,0.0001,2.138486548284559e-06,0.0030343182274877507,0.000145270535761103,30179,0.050833268305779875
747,0.0593469984504667,0.05507258232210897,0.0014837737917994334,0.0001,2.4001342359861864e-06,0.0032351754010635876,0.00016960746851936654,29902,0.0593469984504667
748,0.052827375758611364,0.05533180587407303,0.0014012483438755805,0.0001,2.0678239526945268e-06,0.002951402528655738,0.0001475925686621081,30114,0.052827375758611364
749,0.049610658987715876,0.05555441846155047,0.0012318524794320072,0.0001,1.7786063442845437e-06,0.002887693736030207,0.00012408412954909148,30218,0.049610658987715876
750,0.052249055242799686,0.05580019978730202,0.0013556245460740579,0.0001,1.9347448827643857e-06,0.0028543963568194207,0.00012796813716635266,30191,0.052249055242799686
751,0.052661177893640845,0.056024335371979435,0.0013250892412893958,0.0001,1.924735778454312e-06,0.0029050658906285016,0.00012313449164356918,30181,0.052661177893640845
752,0.05920258168875622,0.05626547398135904,0.001330584794952472,0.0001,2.1510648388493875e-06,0.00323326231745527,0.00014043072389318295,29994,0.05920258168875622
753,0.054123421145924534,0.05653233135511352,0.0014403695985349158,0.0001,2.1775245285762348e-06,0.0030235635781137317,0.00012732046969298765,30174,0.054123421145924534
754,0.05490655132820135,0.05678832998167591,0.0013884677783259278,0.0001,2.0370564212829113e-06,0.0029342509103653597,0.00013500660137519602,30193,0.05490655132820135
755,0.05529270170215068,0.05703602328450062,0.0013830504509961697,0.0001,2.067579148470402e-06,0.00298988246882995,0.00013831400754095747,30171,0.05529270170215068
756,0.05816168878324917,0.05729311052622881,0.0014405222509327846,0.0001,2.21928889519255e-06,0.003081228205611526,0.00014293323286762393,29967,0.05816168878324917
757,0.061819423727750844,0.05756930779693975,0.0015228767734434912,0.0001,2.518611285609166e-06,0.003307702014410719,0.00014918708396265267,29905,0.061819423727750844
758,0.05867875341706577,0.057853274511050275,0.0015498355336634219,0.0001,2.5565001924262793e-06,0.0032990599801042825,0.0001410120381932477,29887,0.05867875341706577
759,0.0579329803421542,0.05811364239570857,0.0014141053301098899,0.0001,2.1199664608995383e-06,0.002998314787109665,5.477613950755595e-05,29995,0.0579329803421542
760,0.05863539808777054,0.058409807413588095,0.0015529838065552115,0.0001,2.4286029560077246e-06,0.0031276603732202325,6.572946951694424e-05,29987,0.05863539808777054
761,0.05936244432395199,0.05868014376782754,0.0014620832773661004,0.0001,2.218564333045262e-06,0.003034798861856815,6.80046732529854e-05,30074,0.05936244432395199
762,0.06197178413263904,0.05896179256995789,0.0015085694156667122,0.0001,2.344348847072586e-06,0.0031080423913227764,6.848316077698916e-05,29917,0.06197178413263904
763,0.06398237261743395,0.0591970099183989,0.0014729475919476724,0.0001,2.370647293705502e-06,0.0032189160112218312,6.286089747628265e-05,29829,0.06398237261743395
764,0.056763926261384254,0.059467779366767066,0.001471560229549981,0.0001,2.296726361516815e-06,0.0031214846873364854,5.544456841661153e-05,30016,0.056763926261384254
765,0.0616018786249756,0.05971911206435824,0.0014467703305616464,0.0001,2.2467486556750167e-06,0.00310588157389544,6.339005028459084e-05,29983,0.0616018786249756
766,0.05824349808631551,0.0599674986393906,0.001401173623137152,0.0001,2.1253296831929003e-06,0.0030336421526896886,6.496265970758189e-05,30028,0.05824349808631551
767,0.06366237582017137,0.060255831629951066,0.001538587426962541,0.0001,2.3925229826920315e-06,0.003110025391817114,6.95037502255052e-05,29835,0.06366237582017137
768,0.06178711785859259,0.06055386616467497,0.0015870156165336503,0.0001,2.580483807057099e-06,0.003251995481548412,6.599678642258945e-05,29875,0.06178711785859259
769,0.0590065077237559,0.0608351227419008,0.0015283868624918662,0.0001,2.458082201061498e-06,0.0032165707012868014,0.00015503872906151534,30021,0.0590065077237559
770,0.06223506143952638,0.06113591671794803,0.0016040361890025264,0.0001,2.633741016722106e-06,0.0032838922647498428,0.00016250067010318222,29855,0.06223506143952638
771,0.061854963743703445,0.06143151694564657,0.0015604196476811938,0.0001,2.5154468983644446e-06,0.0032240646317193387,0.000161956846632231,29856,0.061854963743703445
772,0.059599342752772594,0.061713843291448904,0.0015112569291107823,0.0001,2.3831246767223876e-06,0.0031538312656400635,0.00015846344192183297,29907,0.059599342752772594
773,0.061010704449330294,0.062001845293903866,0.001521588968753972,0.0001,2.3841889331124203e-06,0.0031338146924985003,0.00015787558232443146,29861,0.061010704449330294
774,0.061953779726425434,0.06229870121372836,0.0015581915789435968,0.0001,2.516135457028281e-06,0.003229558535715023,0.00016479723236974346,29825,0.061953779726425434
775,0.05879572010963788,0.06255066042745885,0.001314456632531001,0.0001,2.0576677561594134e-06,0.0031308263889959637,0.00015179021343689198,30044,0.05879572010963788
776,0.060374756085530425,0.0627999949087623,0.0013345446195498457,0.0001,2.033348707654204e-06,0.003047254738234337,0.00015594728436897046,29896,0.060374756085530425
777,0.06037811921773541,0.06306933827540248,0.0014522975835440915,0.0001,2.189407222607064e-06,0.0030150944922240778,0.00015809186274231914,29881,0.06037811921773541
778,0.06532786984618286,0.0633200428944853,0.0014097488504218444,0.0001,2.1599974959553443e-06,0.003064372062171216,0.00017177055432082672,29867,0.06532786984618286
779,0.06552683082341881,0.06362545746555516,0.0015806087110491682,0.0001,2.5501653935447704e-06,0.0032268142971982414,0.00013170489613313667,29744,0.06552683082341881
780,0.06174401169647678,0.06386458777912908,0.0013723454889959792,0.0001,1.9952840773979936e-06,0.0029078451357868514,0.00012985323420094814,29887,0.06174401169647678
781,0.06662979672360528,0.06416542856525269,0.0015998350463171701,0.0001,2.6310732369225074e-06,0.0032891806476914648,0.00013236540490539785,29693,0.06662979672360528
782,0.05689799351752402,0.06439495142472845,0.001220995632993077,0.0001,1.7774702061348577e-06,0.0029115095224012746,0.00012429792295573708,30139,0.05689799351752402
783,0.06270402505998189,0.06467963518475726,0.0015072547764455842,0.0001,2.3703785421498423e-06,0.0031452924604288613,0.00012633283528306705,29922,0.06270402505998189
784,0.06435216571832242,0.06495550840691253,0.0014487482750532286,0.0001,2.3639129584589023e-06,0.0032633867444943803,0.0001331068144884926,29912,0.06435216571832242
785,0.06110617654784663,0.06524679352499897,0.0015209533520013747,0.0001,2.3948849438237487e-06,0.003149189211716973,0.00012396691671424652,29859,0.06110617654784663
786,0.06541929793049214,0.06553488807495762,0.0015089141500057774,0.0001,2.3872725089128836e-06,0.0031642257565200017,0.00013916096452848891,29768,0.06541929793049214
787,0.06470174323639392,0.06578858534537846,0.0014536337715153431,0.0001,2.267793015728867e-06,0.0031201710639465973,0.00012677933846156193,29715,0.06470174323639392
788,0.06252225945742089,0.0660727888875659,0.0014848010802562524,0.0001,2.2620591459511814e-06,0.003046952451786722,0.00011890180442028575,29957,0.06252225945742089
789,0.06172979184394063,0.06637509344239147,0.0015769161522526365,0.0001,2.513992178178245e-06,0.0031884918859978553,0.00011125271149945363,29929,0.06172979184394063
790,0.05976469770019188,0.06666788390257705,0.0015107422426196308,0.0001,2.3292655573800834e-06,0.0030836041935798798,0.00011261941484151269,30131,0.05976469770019188
791,0.0700366589255508,0.06699293574902389,0.0016874497713282078,0.0001,2.8231474832425264e-06,0.003346052168439242,0.0001235845106901847,29530,0.0700366589255508
792,0.0672819465331469,0.06728251262256918,0.0015228450326191976,0.0001,2.4383776320549013e-06,0.0032023975911206733,0.00012087141575052045,29683,0.0672819465331469
793,0.06650860311016307,0.06757411548539251,0.001541730836236157,0.0001,2.4585084021129167e-06,0.0031892835562852178,0.0001216473937210865,29665,0.06650860311016307
794,0.06686743190323181,0.06787856321238507,0.0016600734632191193,0.0001,2.8581218551093413e-06,0.0034433679212810685,0.00011720728894623143,29709,0.06686743190323181
795,0.06841483240682483,0.06815565160000499,0.0015179069231803614,0.0001,2.4600237082238456e-06,0.0032413366994460168,0.00012434171677146475,29648,0.06841483240682483
796,0.07185817431827118,0.06847033324053647,0.0016348173174985032,0.0001,2.7362922742922527e-06,0.0033475205394559423,0.00013352215795647175,29575,0.07185817431827118
797,0.06676417688659286,0.0687135491625498,0.0013476221452946267,0.0001,2.1774882557321797e-06,0.0032316005837914183,0.00011838423906319626,29756,0.06676417688659286
798,0.07054523210121091,0.06902359478533283,0.0016199487509219502,0.0001,2.7284528751681636e-06,0.003368566905113928,0.00012531541517681673,29661,0.07054523210121091
799,0.06885188165442829,0.06932927686631397,0.0015803361275111688,0.0001,2.7514310197142855e-06,0.0034820833009081985,0.00015773213651780566,29644,0.06885188165442829
800,0.0704069976304479,0.06964265957378571,0.0016210098261954223,0.0001,2.651165651212337e-06,0.0032710050344787033,0.00016911752140765776,29622,0.0704069976304479
801,0.07349927703456532,0.06995103801397964,0.0016809334113836885,0.0001,2.969532300393907e-06,0.003533194450516021,0.00018295054032596287,29526,0.07349927703456532
802,0.06530781751858768,0.07022082726170144,0.0014743346000374805,0.0001,2.264953332492211e-06,0.0030725092288204203,0.00015912048898292222,29767,0.06530781751858768
803,0.070330915572293,0.07053282829119074,0.001600258669118088,0.0001,2.5437758498282814e-06,0.003179205835804246,0.00016666697317976062,29570,0.070330915572293
804,0.07673341260469058,0.07086874335122104,0.001710904553484703,0.0001,2.884384940074731e-06,0.0033717660452769606,0.0001773149198712695,29404,0.07673341260469058
805,0.07123265901835263,0.07118923835475513,0.0016381869527544457,0.0001,2.6831103343808347e-06,0.0032757071222786335,0.00016452810211567079,29631,0.07123265901835263
806,0.0732231515658131,0.07148450864647928,0.0015347037892888596,0.0001,2.4206685947316253e-06,0.0031545743375707685,0.00017368243754084024,29554,0.0732231515658131
807,0.07318171425301355,0.07180137202783345,0.001627205591931097,0.0001,2.675721341345474e-06,0.003288731743073773,0.00016649745564077716,29483,0.07318171425301355
808,0.0745793755342376,0.07213075167781427,0.0016824581041266235,0.0001,2.828140722699399e-06,0.0033619151832223583,0.00018031947449543962,29392,0.0745793755342376
809,0.0747780368253027,0.0724697329424529,0.0017245816816561996,0.0001,3.0287506281486735e-06,0.0035124467114135377,0.00012051586416633405,29531,0.0747780368253027
810,0.07517063547003955,0.07277222197351467,0.001577840461319821,0.0001,2.5498197904282977e-06,0.0032320375258921195,0.00012166460325099707,29489,0.07517063547003955
811,0.07193664479064174,0.0730998855910986,0.001694110335985554,0.0001,2.8708927135228002e-06,0.003389262968934841,0.00013088612051695132,29598,0.07193664479064174
812,0.07509711663266215,0.07346115709580826,0.0018200844026129825,0.0001,3.187266087427994e-06,0.003502327785296368,0.00013554134917226845,29379,0.07509711663266215
813,0.07766685549838848,0.07376357417522214,0.0016612156739428036,0.0001,2.8593708310665906e-06,0.003442504035951011,0.00013768198786626612,29236,0.07766685549838848
814,0.07643629258516935,0.07404683389998704,0.0014779725479333583,0.0001,2.5662341762590155e-06,0.003472641193298709,0.00013362023334693423,29322,0.07643629258516935
815,0.07285459402298214,0.07436946858824912,0.001656505568326996,0.0001,2.7347984802519754e-06,0.0033018886655648387,0.0001262312766922777,29393,0.07285459402298214
816,0.07631759296709216,0.07469543434302045,0.0016474471872294579,0.0001,2.7301505561323094e-06,0.0033144013080305826,0.00013553110212012785,29395,0.07631759296709216
817,0.0746401835386003,0.07504342857237346,0.0017857713438108984,0.0001,3.16381546934763e-06,0.003543360106334709,0.0001293630860667607,29428,0.0746401835386003
818,0.07496002224481571,0.0753458890850013,0.0015853855873939106,0.0001,2.562752635321596e-06,0.0032329707746798697,0.00013033362559788445,29336,0.07496002224481571
819,0.07356910304225633,0.07564820678257529,0.001574722829165191,0.0001,2.5127432280853045e-06,0.003191346669454696,0.0001438207087266061,29390,0.07356910304225633
820,0.07394113669495916,0.075973839736828,0.001662897378187407,0.0001,2.672639157907793e-06,0.0032144366729605703,0.00014131798520807394,29530,0.07394113669495916
821,0.07562138352571343,0.0762808325454092,0.0015920193926410799,0.0001,2.7013356145963807e-06,0.00339359636833946,0.00014802362450045602,29439,0.07562138352571343
822,0.07849028514168405,0.07659807596169177,0.0016611584086158716,0.0001,2.8562725877806224e-06,0.003438892489682013,0.00014917647635961554,29254,0.07849028514168405
823,0.08064093634091363,0.07693137906999031,0.0017361731492637768,0.0001,3.1117685230725156e-06,0.00358462924552434,0.0001520341973038507,29270,0.08064093634091363
824,0.07021708666086318,0.07718693423420295,0.0013152959330215656,0.0001,1.988144082816144e-06,0.0030231129480479384,0.0001464012324127317,29562,0.07021708666086318
825,0.07892243644535951,0.07748022999606646,0.0015571453050708744,0.0001,2.801368178803178e-06,0.0035980819126904436,0.00014707774425153466,29450,0.07892243644535951
826,0.08122844030382004,0.0778058734108243,0.0016686677386556702,0.0001,2.8020257067229866e-06,0.0033583986096361934,0.00015478913898029698,29263,0.08122844030382004
827,0.07786220535885693,0.07814709491878387,0.0017559002969658052,0.0001,3.0434584541888507e-06,0.0034665504179798197,0.00015005809867283879,29480,0.07786220535885693
828,0.07475796373852944,0.07848886578419588,0.0017341799795068326,0.0001,2.929001951703325e-06,0.0033779676692338202,0.00014564365352134594,29493,0.07475796373852944
829,0.0787478004670077,0.07882979819930055,0.0017938493253009055,0.0001,3.225593463692263e-06,0.003596281380155708,0.00016266666825435415,29374,0.0787478004670077
830,0.0780530877221623,0.07915245149100791,0.0016378897547283987,0.0001,2.6504618559908753e-06,0.0032364349900099163,0.0001492900308285415,29403,0.0780530877221623
831,0.07552189103617649,0.07946804472228976,0.0016124447515138897,0.0001,2.5834445391825907e-06,0.003204382087208941,0.00015693004230079473,29385,0.07552189103617649
832,0.07821257375439825,0.07975418904485745,0.0014674689247998864,0.0001,2.4413813014744438e-06,0.003327336286602956,0.00015038197227576258,29276,0.07821257375439825
833,0.08145226923423896,0.08003115362852908,0.001481082456958837,0.0001,2.5306319694010208e-06,0.0034172735724616763,0.00016308484097471088,29159,0.08145226923423896
834,0.08206548064885276,0.08033778842136427,0.0016643409767153102,0.0001,2.821062257345812e-06,0.0033900051693894723,0.00017164651637471378,29019,0.08206548064885276
835,0.0808724900896351,0.080672944777818,0.001734070380173031,0.0001,3.0061321835418773e-06,0.0034671397630837977,0.00015691611177822722,29226,0.0808724900896351
836,0.08434599654389051,0.0810197095027541,0.0017938105051931899,0.0001,3.260515751937116e-06,0.0036352956374129,0.0001720206492491927,29040,0.08434599654389051
837,0.08172267273675234,0.08138120414230411,0.0018284995942795138,0.0001,3.2535455302437783e-06,0.003558705225226781,0.00016240449380341886,29202,0.08172267273675234
838,0.0826125986420814,0.08170773199917974,0.0017023455286880483,0.0001,2.949986621610955e-06,0.0034657906657580015,0.00016856448851405026,29196,0.0826125986420814
839,0.0776050200979868,0.08203344597475318,0.00163860675282808,0.0001,2.7906490648764658e-06,0.0034061242089477167,0.00019475475992461922,29369,0.0776050200979868
840,0.0773998504406502,0.08234146263808326,0.0016077058490093134,0.0001,2.6278961665583194e-06,0.00326912559057698,0.00017964364688616492,29411,0.0773998504406502
841,0.08109721754951671,0.08264699823958065,0.0015842061594055416,0.0001,2.704364136815503e-06,0.0034141568264452267,0.00019660317233973938,29227,0.08109721754951671
842,0.0834440156714458,0.08300001516985103,0.0017728620175467128,0.0001,3.0689641184089922e-06,0.0034621578983973327,0.0001948932622837724,29092,0.0834440156714458
843,0.0860389336661947,0.08330147887914595,0.0016341058390699848,0.0001,2.896333575813945e-06,0.0035448543253016338,0.00020223787014178143,29013,0.0860389336661947
844,0.08793314347418793,0.08366200382068124,0.0018725375700197225,0.0001,3.4532639196011216e-06,0.0036883253771669315,0.0002098298458784881,28937,0.08793314347418793
845,0.08218874602221793,0.08396089313390984,0.001586329909487004,0.0001,2.605020605363744e-06,0.0032843364924086565,0.00019626763749466437,29291,0.08218874602221793
846,0.08912877498591465,0.08434811709855965,0.0019570478762827906,0.0001,3.6532244723574757e-06,0.0037334032719694072,0.00020463699845533855,28893,0.08912877498591465
847,0.08470988763698914,0.08468817913293816,0.0017504287668729818,0.0001,2.9860043214160352e-06,0.003411740458025404,0.0002020787104040319,28960,0.08470988763698914
848,0.08875113992832778,0.08504699861863801,0.0018687423812685277,0.0001,3.5213626968820104e-06,0.0037686978496112035,0.00021352076517112235,29040,0.08875113992832778
849,0.08480100395911852,0.08539522320172904,0.0017671262960273781,0.0001,2.9744673858769982e-06,0.0033664457289372084,0.0001522912006303669,29194,0.08480100395911852
850,0.08613807680387642,0.08574198903065414,0.0017700394981073004,0.0001,3.1095454197547412e-06,0.0035135322382125055,0.000152722809381351,28920,0.08613807680387642
851,0.08754949420849642,0.08604643274530614,0.0015780996936516835,0.0001,2.752808695200347e-06,0.003488763994156055,0.00015907870859502375,28993,0.08754949420849642
852,0.08584254546226879,0.08638748904767157,0.001747011635269202,0.0001,3.006458530090683e-06,0.0034418300020393503,0.000147795352071302,29017,0.08584254546226879
853,0.0879214270980598,0.08669515865836219,0.0015696286310367949,0.0001,2.716788219172756e-06,0.003461695544350796,0.0001603939121817132,28974,0.0879214270980598
854,0.08735185734105419,0.086987508072378,0.0015743860701821165,0.0001,2.789398406415027e-06,0.003543474449176706,0.0001521209478908549,29043,0.08735185734105419
855,0.0837133714256661,0.08733766456029697,0.001797525641352504,0.0001,3.1446357870715983e-06,0.00349884943472127,0.00014737015148204297,29129,0.0837133714256661
856,0.08597061976222763,0.08765806893253013,0.0016070572827000303,0.0001,2.8250756766595957e-06,0.003515836936332676,0.0001588613509877054,29003,0.08597061976222763
857,0.08617363426328974,0.08796277577723305,0.0015238048129170225,0.0001,2.5276136987686266e-06,0.003317503235772055,0.0001616189577169083,28977,0.08617363426328974
858,0.08752498055912987,0.08827603647192887,0.0016867457722965734,0.0001,2.867659365369255e-06,0.0034002271266580027,0.00015978275755617528,28995,0.08752498055912987
859,0.08466858084344397,0.08857378893426042,0.0015956492151635872,0.0001,2.6010683384043093e-06,0.0032602006928416855,0.00016940826097549102,29123,0.08466858084344397
860,0.09047120086438905,0.08890016145146619,0.0017006340546743964,0.0001,2.8965041017542605e-06,0.0034063813949777987,0.00018185603550608054,28921,0.09047120086438905
861,0.09154656915937212,0.08923682404921375,0.0017812273612651324,0.0001,3.165369120594461e-06,0.0035541438329874174,0.00018669390131829066,28922,0.09154656915937212
862,0.09349287497744035,0.08959226139858321,0.0018217792120747056,0.0001,3.265347452120584e-06,0.003584789452506589,0.00018194315325802943,28638,0.09349287497744035
863,0.09415882521688934,0.08991416011150823,0.0017740740709758943,0.0001,3.183450834248662e-06,0.0035888589843348405,0.00018782394355370012,28787,0.09415882521688934
864,0.08949766285033903,0.09020443075802745,0.0015279692491799973,0.0001,2.58767613793279e-06,0.0033870788163066715,0.00017418363326388259,28961,0.08949766285033903
865,0.08730909777870702,0.0905312662229229,0.001680823032749483,0.0001,2.742316169959626e-06,0.003263063530815326,0.00017977955727384873,29019,0.08730909777870702
866,0.09177964745032988,0.09086976122787639,0.0016967225745515375,0.0001,3.1348539400396217e-06,0.0036951874007666785,0.00019122367264335564,28880,0.09177964745032988
867,0.0912103406521335,0.09120234432887135,0.0016958344941303118,0.0001,2.810828884444501e-06,0.0033149801990388222,0.0001787038965235707,28921,0.0912103406521335
868,0.09047877539277,0.09152362853424179,0.0015988887004581413,0.0001,2.7290407607267162e-06,0.003413671958460578,0.00017968501234160892,28900,0.09047877539277
869,0.08848301041252718,0.09187129005038529,0.0017714791766056193,0.0001,3.0862381460543053e-06,0.0034843628836416047,0.00015555936419078608,29047,0.08848301041252718
870,0.09420497925453059,0.09224311229273395,0.001892783381294056,0.0001,3.5352554651871278e-06,0.003735509831843671,0.00017167995983731693,28832,0.09420497925453059
871,0.09230368724068881,0.09254684327237814,0.0015698207726989645,0.0001,2.6802063892879632e-06,0.0034146654648733346,0.00016922665788555937,28886,0.09230368724068881
872,0.08992883928353604,0.092884755134046,0.0017726152337487376,0.0001,3.1453762348518153e-06,0.0035488538910950843,0.0001652336971867157,28861,0.08992883928353604
873,0.09193404959270289,0.09324099615362139,0.001786651650709271,0.0001,3.029846702190539e-06,0.003391647947698971,0.0001633549641910527,28888,0.09193404959270289
874,0.09856689811416178,0.09358729601426506,0.0018177281050992568,0.0001,3.314071756996956e-06,0.003646388860578234,0.0001795219255718378,28640,0.09856689811416178
875,0.09175720940673235,0.09387951074968288,0.001509352847472289,0.0001,2.4924992433696517e-06,0.00330273898186741,0.00016454279648728308,28912,0.09175720940673235
876,0.09429157792984362,0.09421424884088499,0.0017008362290252032,0.0001,3.096421324793521e-06,0.003641057583266752,0.00016726203814110445,28787,0.09429157792984362
877,0.10149633040349296,0.0945835672294584,0.001856574562651024,0.0001,3.3252478343179876e-06,0.003582132278673287,0.00017632024999364595,28463,0.10149633040349296
878,0.09813405912288645,0.09491950598006123,0.00180010316638555,0.0001,3.260059175622326e-06,0.0036220803746134615,0.00017131831128291367,28580,0.09813405912288645
879,0.09365325993177953,0.09527068141369785,0.0018376833437799328,0.0001,3.250059289386919e-06,0.0035371265679557925,0.00018844324533913827,28661,0.09365325993177953
880,0.09034001054521153,0.09560271202143932,0.0016733126545860496,0.0001,2.7081973908269636e-06,0.0032369293131257974,0.00018422468654236064,28921,0.09034001054521153
881,0.09369583360102114,0.09591698785133262,0.0015639372158953585,0.0001,2.627778880200335e-06,0.0033604659490066857,0.00019404001972675244,28714,0.09369583360102114
882,0.09697552885526639,0.09626375497272602,0.0017543096156344563,0.0001,2.9711601017255837e-06,0.003387269926866411,0.00020077140955154085,28596,0.09697552885526639
883,0.09117309088404463,0.09657986245902976,0.0016776578197565122,0.0001,2.793434074888023e-06,0.0033301595140461356,0.0001891339320410921,28906,0.09117309088404463
884,0.10152633527356257,0.09693570810626614,0.0018533086914449702,0.0001,3.361432650308205e-06,0.0036274935371801396,0.0002038501717774942,28556,0.10152633527356257
885,0.10063815584421112,0.09730653977107331,0.0019266362385501191,0.0001,3.599062937123284e-06,0.0037361104967398944,0.00020390949130815193,28537,0.10063815584421112
886,0.10022610814543392,0.09762757840425448,0.0016457898965095321,0.0001,2.93826705916354e-06,0.003570646612177112,0.0002064028502708036,28496,0.10022610814543392
887,0.09741987803971869,0.09795490251722307,0.0017016226665780181,0.0001,2.958569326506203e-06,0.003477350630802207,0.00019677525898951213,28642,0.09741987803971869
888,0.09247211798424199,0.09827028515692877,0.0016483121777496638,0.0001,2.6464267284740477e-06,0.0032110746546652903,0.00018498516861703812,28816,0.09247211798424199
889,0.10230404095222384,0.09865473985316438,0.001934409379016503,0.0001,3.5316866642181803e-06,0.003651436663333145,0.00016865952667432176,28588,0.10230404095222384
890,0.10731469534486501,0.09905139797918054,0.002011895693066797,0.0001,3.865611359435667e-06,0.0038427552409968043,0.0001665495192085135,28155,0.10731469534486501
891,0.09808036708690865,0.09941093717507125,0.0018611677981708733,0.0001,3.2499073314503717e-06,0.0034923313573814573,0.00016738619272843057,28697,0.09808036708690865
892,0.09873804750934645,0.09977519886317104,0.0018781928092455257,0.0001,3.389106217198252e-06,0.0036089012805449548,0.00016190801863534484,28590,0.09873804750934645
893,0.10281651427336597,0.10015222623382057,0.0019195493626024695,0.0001,3.534058611464521e-06,0.003682175285842241,0.00015780606289646305,28470,0.10281651427336597
894,0.09776693522151571,0.10047606528267994,0.0017369258352306354,0.0001,2.929439930377159e-06,0.0033731318527922957,0.00016660541854744508,28595,0.09776693522151571
895,0.10367250001235451,0.10081738735298906,0.001803804576105119,0.0001,3.2158362545053155e-06,0.0035656149198258916,0.00017593963008016137,28386,0.10367250001235451
896,0.10497737479760415,0.10116172275312424,0.0018442431739803479,0.0001,3.3360632683753735e-06,0.0036178127867761574,0.00017276878413224499,28387,0.10497737479760415
897,0.10056557422759205,0.10149016882853633,0.0016648190872621854,0.0001,2.9206727987530797e-06,0.003508696916199058,0.0001721860277433373,28449,0.10056557422759205
898,0.10578898270045334,0.10185024020599465,0.0018230644649882292,0.0001,3.476299376554776e-06,0.0038136878243383685,0.0001629863257127827,28270,0.10578898270045334
899,0.10379099088672553,0.1022132491057294,0.001869844312945912,0.0001,3.3717535357401647e-06,0.003606453769862815,0.00029303970233891726,28439,0.10379099088672553
900,0.10114037007320902,0.10255383022303614,0.0017621351365993624,0.0001,2.981869711359224e-06,0.00338438255889245,0.00027861573714722256,28543,0.10114037007320902
901,0.10025989075329442,0.10289104120262467,0.0017853643870277425,0.0001,3.081205706151268e-06,0.003451626713895453,0.0002731673679330878,28477,0.10025989075329442
902,0.10161994256219792,0.10323744019412115,0.0018151654574280105,0.0001,3.2358906307857483e-06,0.0035653946779824986,0.000271878870286251,28349,0.10161994256219792
903,0.10051827672166938,0.10356739794843224,0.001695831295553242,0.0001,2.8940804099138375e-06,0.003413170186801727,0.000274690530817963,28509,0.10051827672166938
904,0.10236710009314985,0.10391132267411736,0.0018720375872341977,0.0001,3.4129815434351677e-06,0.003646274590541321,0.0002917013877934976,28526,0.10236710009314985
905,0.10473388251948482,0.10428847687021495,0.0019615522182365726,0.0001,3.6723507340975934e-06,0.0037443313514223153,0.0002954888805645349,28242,0.10473388251948482
906,0.09910524943849326,0.1046065953158868,0.0016472335673667615,0.0001,2.860551869718691e-06,0.003473158787422622,0.0002704840582933295,28519,0.09910524943849326
907,0.10332843000260379,0.10495155968186107,0.0017934300881614674,0.0001,3.0957841350838688e-06,0.003452361099012794,0.000287104738394483,28411,0.10332843000260379
908,0.10502070083127793,0.10527479897453534,0.001690034556927198,0.0001,2.963852132697476e-06,0.0035074455969543237,0.0002888987847551571,28368,0.10502070083127793
909,0.1016711374749669,0.10557075113097027,0.0016906287409797337,0.0001,2.8615754987431453e-06,0.00338522045601193,0.0002001220896191201,28468,0.1016711374749669
910,0.10290431107021183,0.1059023813758194,0.0016598637913315909,0.0001,2.840174798782441e-06,0.0034221781493335313,0.00019598985863107435,28369,0.10290431107021183
911,0.10748844927030418,0.10625105330640225,0.001881632273448204,0.0001,3.4461970566108235e-06,0.0036629867644600513,0.00021077733470800222,28258,0.10748844927030418
912,0.10938594671785085,0.10661809277133538,0.0019314292714749316,0.0001,3.475704295734538e-06,0.0035991007768877026,0.0002064368734862059,28257,0.10938594671785085
913,0.10525715550143411,0.10696097641281402,0.001803780820299316,0.0001,3.0788801422585844e-06,0.0034138073845886453,0.00020083110169570568,28320,0.10525715550143411
914,0.10294837587141997,0.10729855283697937,0.001737497019443482,0.0001,2.871691892154036e-06,0.0033055502944964307,0.00020420392734665522,28447,0.10294837587141997
915,0.1128785655610921,0.10767833544539197,0.001969980064566737,0.0001,3.5964601190271746e-06,0.0036512654962507483,0.0002162170239638381,28039,0.1128785655610921
916,0.10258991582203772,0.10798394629242922,0.0016502881189074277,0.0001,2.884595051510656e-06,0.00349586841044508,0.0001958296869663582,28515,0.10258991582203772
917,0.10811488349764027,0.10828355446004985,0.0017569761525058041,0.0001,3.2877478245513466e-06,0.0037425070566408673,0.00021107289448346766,28212,0.10811488349764027
918,0.10404896017600335,0.10862493378559955,0.0018486173981577736,0.0001,3.298682719244165e-06,0.003568810639271754,0.0001936872546260753,28434,0.10404896017600335
919,0.10931843258032448,0.10895184165326728,0.0016422345971662772,0.0001,2.7611679708816817e-06,0.003362696140546736,0.00019895807134277246,28207,0.10931843258032448
920,0.11445759912553845,0.10935574535739861,0.0020340268884723677,0.0001,3.74758819189193e-06,0.0036848954289945618,0.00021015484784377977,28013,0.11445759912553845
921,0.10909755737972858,0.1097204553020405,0.001928819539107484,0.0001,3.522080261143894e-06,0.00365205784131952,0.0002074891345610428,28188,0.10909755737972858
922,0.11425345637189366,0.11007163009570599,0.001920853087735832,0.0001,3.5468910489070135e-06,0.003693037298430608,0.00021411430334975005,27938,0.11425345637189366
923,0.11117250663111153,0.11042247163377573,0.001890926774515553,0.0001,3.5657539438251233e-06,0.003771435247394657,0.0002089982244505494,28139,0.11117250663111153
924,0.11271487516728532,0.11074877768954436,0.0017828012686281365,0.0001,3.165095446355295e-06,0.003550699118349665,0.00021552364574929612,28195,0.11271487516728532
925,0.11887636467300666,0.1111211453575688,0.001963196305589213,0.0001,3.6530872405271405e-06,0.003721571021834967,0.0002224431715934775,27923,0.11887636467300666
926,0.11146559901160824,0.11141873541415928,0.0017736230651303,0.0001,3.120496391861534e-06,0.0035187819252139527,0.0002085327967696425,28148,0.11146559901160824
927,0.1074862133587548,0.11179457032157206,0.0019396436010445655,0.0001,3.443563211353708e-06,0.003550717471497578,0.00020667709976888432,28273,0.1074862133587548
928,0.11565398059413665,0.11219522763686564,0.0020534094371017064,0.0001,3.893029333665591e-06,0.0037917711522358895,0.00020883873738023745,27868,0.11565398059413665
929,0.10940542004718132,0.1125687624812932,0.0019267127911943695,0.0001,3.444962342277827e-06,0.003575999866739135,0.0002904722112157534,28083,0.10940542004718132
930,0.110130226643889,0.11291601765666835,0.0018211379001570815,0.0001,3.1311292308531294e-06,0.0034386514393918814,0.000287075749794312,28128,0.110130226643889
931,0.11656474218812991,0.11330943216285591,0.00203236576223001,0.0001,3.8573396552696985e-06,0.0037959108807631547,0.0003024994467528034,27898,0.11656474218812991
932,0.11686958315483473,0.1136713780979252,0.0019154952886726443,0.0001,3.4982205963544477e-06,0.0036525494132419022,0.000312552575788045,27850,0.11686958315483473
933,0.11539518183079558,0.11403811063321613,0.0019019264152116677,0.0001,3.4024353271412963e-06,0.0035778832450388304,0.00029830509362892266,28102,0.11539518183079558
934,0.1150512004182094,0.11437659383822892,0.0018341961969138678,0.0001,3.2278089053564584e-06,0.003519589573664385,0.000302570138113811,27957,0.1150512004182094
935,0.1171560436715523,0.11475926476583802,0.0019987706233735103,0.0001,3.5657379268509434e-06,0.0035679310923959024,0.0003038305072260763,27937,0.1171560436715523
936,0.12026376819565177,0.11513718487683958,0.001960999271302873,0.0001,3.5478034960436384e-06,0.003618362890758756,0.0003159833412350897,27774,0.12026376819565177
937,0.12245385911757539,0.11547373055478066,0.001830474909218103,0.0001,3.4193694625218348e-06,0.003736046252589648,0.0003179138335974866,27588,0.12245385911757539
938,0.10962476512802094,0.11578992025561288,0.001674581140998945,0.0001,2.861983624274617e-06,0.003418148639327619,0.0002912332002825371,28194,0.10962476512802094
939,0.1157064873810635,0.11614582932236338,0.0019017792790040336,0.0001,3.4787642875925417e-06,0.003658431160754237,0.00018543093478763016,28009,0.1157064873810635
940,0.11668910023885173,0.11650353226126152,0.0018543546070759595,0.0001,3.1998482753567497e-06,0.0034511719205664038,0.0001896714927439253,28016,0.11668910023885173
941,0.11326904551000075,0.11680069825467605,0.0017071826478154955,0.0001,3.0318072850497064e-06,0.0035518253292103176,0.00018664736041437645,28049,0.11326904551000075
942,0.11756490328059946,0.11717262544902995,0.0019201879614133216,0.0001,3.3578180212206588e-06,0.0034973847234717518,0.00020068611685195866,27830,0.11756490328059946
943,0.11266277543397207,0.11749065262152354,0.00181034424997611,0.0001,3.1890531710750045e-06,0.003523145579761516,0.00018495358741189952,28125,0.11266277543397207
944,0.11873299321734523,0.11784878963646034,0.0019079823433095385,0.0001,3.3414741053396662e-06,0.0035026258152301643,0.00019396292333126073,27882,0.11873299321734523
945,0.11809942409693783,0.1182048915695501,0.0019461459961717892,0.0001,3.605663493294356e-06,0.0037054398800367063,0.00019508051854541072,27853,0.11809942409693783
946,0.11634757514995572,0.11859041157171055,0.0019980280952886825,0.0001,3.6645112737496834e-06,0.0036681278730669913,0.0001974995958930504,27800,0.11634757514995572
947,0.1153268580675241,0.11893832537277409,0.0019064084674303393,0.0001,3.448945508733998e-06,0.0036182649916393357,0.00019054092651148093,28067,0.1153268580675241
948,0.11661951539791601,0.1192954479791735,0.0018802960876680122,0.0001,3.2675767748635273e-06,0.003475598121268287,0.00019616255615744908,27919,0.11661951539791601
949,0.11789218784433117,0.1195790442931676,0.0016983254003979803,0.0001,2.8535152034771456e-06,0.0033603868879408636,0.0002294485922952539,27957,0.11789218784433117
950,0.1167056624614359,0.11992245435788368,0.0018103434832044834,0.0001,3.2744911325283726e-06,0.0036175357471193333,0.0002266055041171799,27978,0.1167056624614359
951,0.11675659216841361,0.1202900494973665,0.001961366804045844,0.0001,3.5543788771452455e-06,0.0036243897569933252,0.00022890331856230363,27929,0.11675659216841361
952,0.11674933090936612,0.12061775021220386,0.0018288601559016528,0.0001,3.1074141423119207e-06,0.0033981976503609955,0.00021864842564665632,27936,0.11674933090936612
953,0.11941469801730423,0.12100503711212524,0.0020257102827155437,0.0001,3.658600448351517e-06,0.003612165549603687,0.00023324194279429071,27841,0.11941469801730423
954,0.11355158569709876,0.12136282211917569,0.0019196771371146777,0.0001,3.4258885726765423e-06,0.003569234124260851,0.0002118095293438185,27810,0.11355158569709876
955,0.11756248620710172,0.12173806311357636,0.0019849639497550027,0.0001,3.596617330970128e-06,0.0036238616136217952,0.0002287787061206934,27854,0.11756248620710172
956,0.11964774402439514,0.12206610940221618,0.0018309768412949016,0.0001,3.157352008694451e-06,0.00344881697844033,0.00024099222624212084,27769,0.11964774402439514
957,0.12330433229837401,0.12239932370728289,0.0017873358871117113,0.0001,3.207009498953583e-06,0.0035885918501150083,0.00021865354131234463,27735,0.12330433229837401
958,0.12576158291461692,0.12274107927863467,0.0019323549591841612,0.0001,3.527370948135224e-06,0.003650851963165689,0.00022655492021827602,27620,0.12576158291461692
959,0.12375378476093415,0.12314268333324543,0.0020800948399525925,0.0001,3.89497013059764e-06,0.0037449928299292433,0.00023812003425709995,27670,0.12375378476093415
960,0.12490550840762604,0.12352924947406285,0.0020328300735294735,0.0001,3.824387463732521e-06,0.003762623854823715,0.00022945635104671888,27672,0.12490550840762604
961,0.11901831435581359,0.12388225203107484,0.0018817649214636538,0.0001,3.4733629223324486e-06,0.0036916013075967372,0.00023741437226939275,27835,0.11901831435581359
962,0.1231545744962699,0.12421680138146625,0.001836234770626529,0.0001,3.189895408318984e-06,0.003474387327096068,0.00024580233803266473,27518,0.1231545744962699
963,0.12127057630726268,0.12454638120349602,0.001766189188084408,0.0001,3.0778678874009395e-06,0.003485320721206731,0.00023137669574245487,27804,0.12127057630726268
964,0.1220642568172081,0.12486438651475687,0.00173890004761714,0.0001,3.0247846816941567e-06,0.0034789632513255696,0.00023585403135290093,27611,0.1220642568172081
965,0.12179273473762907,0.1252182557727879,0.0019139654726994275,0.0001,3.346534086631268e-06,0.0034969639049040606,0.00023385912194393883,27770,0.12179273473762907
966,0.12971239890019487,0.12559936201378105,0.0019974059604360517,0.0001,3.4374981506525275e-06,0.003441962444031248,0.0002523792603068016,27499,0.12971239890019487
967,0.12521380598349313,0.12595688026008603,0.0019276061128088735,0.0001,3.392669665781325e-06,0.0035200860209325512,0.000258967985366558,27537,0.12521380598349313
968,0.12389445015892084,0.1262827550443467,0.0017743389374853212,0.0001,3.091764691124068e-06,0.0034849764335396546,0.00024363983617153433,27712,0.12389445015892084
969,0.12426416122337192,0.12661258468724426,0.0018994328315312377,0.0001,3.395838478139292e-06,0.0035756341806535154,0.0003177598842432108,27614,0.12426416122337192
970,0.130059841795236,0.1269124835846036,0.0018182016976809692,0.0001,3.1954464801004513e-06,0.003514952696585965,0.00033432665691738027,27282,0.130059841795236
971,0.1292465342898731,0.12726226614361835,0.0019624691057394212,0.0001,3.6187085293226997e-06,0.003687913882302101,0.0003243358381016031,27467,0.1292465342898731
972,0.13078431761007409,0.12759968276727968,0.0018808764720250524,0.0001,3.302531236349362e-06,0.003511693920859864,0.0003255106116652344,27473,0.13078431761007409
973,0.12782520244412074,0.1279600465162279,0.0019222416043519128,0.0001,3.336181622328001e-06,0.0034711366300416756,0.00032359463004182065,27554,0.12782520244412074
974,0.12632999069132209,0.1282855659242285,0.0017920931070077078,0.0001,3.172721731993623e-06,0.0035408001064087314,0.0003229493256873704,27563,0.12632999069132209
975,0.1336640846148648,0.12869154201871016,0.0021338308841837386,0.0001,4.002907579517424e-06,0.003751850823031525,0.0003341586082199985,27263,0.1336640846148648
976,0.13019253219245508,0.1290237260766588,0.0018679728226591837,0.0001,3.207703621191618e-06,0.0034344221524863936,0.00032801414547138657,27402,0.13019253219245508
977,0.12839473522022316,0.12932268573089498,0.0017803489603005814,0.0001,3.122755211893747e-06,0.0035080259898784376,0.0003284578852421644,27419,0.12839473522022316
978,0.12827512233566551,0.1296780727487617,0.001957192931215862,0.0001,3.490945439150194e-06,0.00356729822949189,0.00033382668781585864,27563,0.12827512233566551
979,0.13228904486996418,0.13003020131087567,0.0019130802082577003,0.0001,3.5169891211913606e-06,0.0036767816696973606,0.0003014989656951867,27335,0.13228904486996418
980,0.1394357924633283,0.13039585882280885,0.001960026328042671,0.0001,3.6441760043638464e-06,0.003718496993867431,0.00031513324017360046,27076,0.1394357924633283
981,0.13258715165973126,0.13078758595638088,0.0020758732458205343,0.0001,3.69274173797598e-06,0.003557771887479905,0.0003110548497027679,27275,0.13258715165973126
982,0.12720204072203406,0.13113658505947806,0.001923269246605976,0.0001,3.315158413568807e-06,0.003447419979723713,0.0002991774562394943,27473,0.12720204072203406
983,0.13368399109004964,0.131500814666099,0.0019691843823936425,0.0001,3.44412878965702e-06,0.0034980257008442326,0.00030690817877613685,27283,0.13368399109004964
984,0.12981567998425939,0.13185431626786676,0.002012989838274262,0.0001,3.633543382268697e-06,0.0036100961000217844,0.00029912498253867326,27400,0.12981567998425939
985,0.12657259730383244,0.13220261110466128,0.0019295923554934725,0.0001,3.3765472637471582e-06,0.0034997519078413244,0.00029538405922487386,27458,0.12657259730383244
986,0.13350584788823963,0.13252121469411252,0.0018134253400985685,0.0001,3.247372403988918e-06,0.0035814790189403747,0.00030514822500683064,27227,0.13350584788823963
987,0.13091733819896623,0.13287940357556433,0.0019854155846151414,0.0001,3.4811922708035784e-06,0.0035067643245868664,0.0003007358471654409,27516,0.13091733819896623
988,0.12803372458266535,0.1332246123814524,0.001964375280873865,0.0001,3.5287939135049365e-06,0.003592789980471684,0.00029263347256059183,27644,0.12803372458266535
989,0.12874658322568627,0.13355201819163595,0.0017676316121994322,0.0001,2.957692996098637e-06,0.0033465038480709596,0.0003431664688088394,27589,0.12874658322568627
990,0.13294439465591196,0.13388740863327103,0.0018323604107344713,0.0001,3.175811891022654e-06,0.003466361609231322,0.0003543173745607405,27352,0.13294439465591196
991,0.13606668847810954,0.13423188207368777,0.0019154303803521771,0.0001,3.532412310340093e-06,0.003688374525719501,0.0003496793260505941,27336,0.13606668847810954
992,0.1378620153263012,0.13461480347427454,0.0021171452538054983,0.0001,3.91951286213761e-06,0.0037026395379272307,0.0003520511803704955,27195,0.1378620153263012
993,0.13251203091804226,0.13493672126213568,0.0018495319057453329,0.0001,3.0896541685828476e-06,0.0033410120247022875,0.0003479781085990855,27395,0.13251203091804226
994,0.13328311290148334,0.13523253651195355,0.0018575096194390387,0.0001,3.432849168508884e-06,0.0036961845393248547,0.00036267097303224874,27341,0.13328311290148334
995,0.13461447162033788,0.13559408103826506,0.0020548186906526305,0.0001,3.847076460059372e-06,0.0037444437093741858,0.0003584813375542861,27416,0.13461447162033788
996,0.13738221684802493,0.13594811222107608,0.00195650610306423,0.0001,3.4067994953437146e-06,0.0034825339823965507,0.0003506032580460793,27145,0.13738221684802493
997,0.1312365617421849,0.13623383774098918,0.0016796489867407912,0.0001,2.7745791713501283e-06,0.003303760718165229,0.00034902313320805554,27361,0.1312365617421849
998,0.12800555338436653,0.1365631025143599,0.0018769182455876622,0.0001,3.349174618365449e-06,0.0035688018124804617,0.0003379958760134205,27565,0.12800555338436653
999,0.13468043330297,0.13692308042113455,0.0019805563053413413,0.0001,3.4437922869185244e-06,0.0034776009928432707,0.00029651417115459934,27348,0.13468043330297
