iteration,performance_mc,performance_true,alpha,beta,bound,policy_advantage,model_advantage,total_samples,avg_return
0,0.03999832973963096,0.04577124475212929,0.0016842197819443897,0.0001,3.6955552479790085e-06,0.004388447740131138,6.955026720231744e-06,30500,0.03999832973963096
1,0.04871571037594935,0.046389065230389534,0.002008990506391853,0.0001,5.261780346514481e-06,0.005238233162151312,8.679160953297808e-06,30160,0.04871571037594935
2,0.04317272649772389,0.04695165822636674,0.0017578405001599446,0.0001,4.023578137932006e-06,0.004577864871774093,3.225610095679052e-06,30413,0.04317272649772389
3,0.0447792114938055,0.04753870076385679,0.0018166928528491526,0.0001,4.295444117203706e-06,0.004728861139588987,6.057550627481961e-07,30348,0.0447792114938055
4,0.05267058751397927,0.04818367064674551,0.002031899656504364,0.0001,5.372676402513544e-06,0.005288328471649608,8.161660953321634e-07,30018,0.05267058751397927
5,0.04691491463588304,0.0488113946734018,0.0019134771885708603,0.0001,4.747409561669957e-06,0.004962075942191615,5.875372207188216e-06,30348,0.04691491463588304
6,0.05535323843047516,0.049482399238488614,0.002058870712949738,0.0001,5.512852945825742e-06,0.005355220132232097,1.1911203043673817e-05,29965,0.05535323843047516
7,0.049853002635039265,0.05014807708861985,0.002040601566669632,0.0001,5.392025382339939e-06,0.005284741000311987,6.477109494892971e-06,30150,0.049853002635039265
8,0.054767917104938786,0.05079488336720028,0.0020372349991205404,0.0001,5.3627605019219025e-06,0.005264744130389442,9.234621183824834e-06,29999,0.054767917104938786
9,0.05426876760670714,0.05134803131472724,0.0016709878246100745,0.0001,4.49096369627937e-06,0.005375220130436722,2.334643401861738e-07,29992,0.05426876760670714
10,0.048680118135404835,0.05191961619573255,0.001867634142456026,0.0001,4.5096596574233275e-06,0.004829275236415322,5.738230734367896e-06,30240,0.048680118135404835
11,0.04870452226713312,0.05256828880689817,0.0019860372494328628,0.0001,5.107510878474626e-06,0.005143419016872053,7.410638375671657e-06,30211,0.04870452226713312
12,0.05312354127292877,0.053185399314148576,0.0018839211899108032,0.0001,4.575949661569737e-06,0.004857899243424712,9.721251319919207e-06,29986,0.05312354127292877
13,0.05308493614295173,0.053814670175408565,0.0019146948713561068,0.0001,4.717509208875265e-06,0.004927687726592207,2.0046432205206822e-05,30008,0.05308493614295173
14,0.05040129857328797,0.05448342743542317,0.002000969312775402,0.0001,5.167608519889918e-06,0.005165105218652551,1.0089558548399841e-05,30186,0.05040129857328797
15,0.05977349827527596,0.055188851983849166,0.0020916053262784893,0.0001,5.641496652229959e-06,0.005394417944295113,1.9554660158715765e-05,29820,0.05977349827527596
16,0.05288152632787879,0.055825578124009304,0.0019123284014834687,0.0001,4.704971502214169e-06,0.004920673142295368,1.3603127105739474e-05,30019,0.05288152632787879
17,0.053006335533237595,0.05650594233033113,0.00198769871960361,0.0001,5.074263511631545e-06,0.005105666630044881,1.6807845591177242e-05,30110,0.053006335533237595
18,0.05164384442712633,0.05716342869319974,0.0019503041416589636,0.0001,4.862453029940712e-06,0.004986353590783663,7.99172128860349e-06,30121,0.05164384442712633
19,0.054138093841589185,0.057820052417837955,0.002006694759331682,0.0001,5.167276263216208e-06,0.005150037133636747,2.8399605982030807e-05,29984,0.054138093841589185
20,0.051134937336813874,0.05846383352789916,0.0019123091551072632,0.0001,4.675782666997744e-06,0.004890195347870387,1.2292965504982124e-05,30154,0.051134937336813874
21,0.05811386834727489,0.05916802460634196,0.002048007365430218,0.0001,5.358545610892514e-06,0.005232935878398915,2.7073336503883938e-05,29827,0.05811386834727489
22,0.056660849977572564,0.05990046923404678,0.0021042482140727413,0.0001,5.666201463735103e-06,0.005385487725108487,2.204859103482969e-05,29969,0.056660849977572564
23,0.05795999612801608,0.06065522900482301,0.0021183025903417493,0.0001,5.720434071796602e-06,0.005400960276287737,1.8338898871243483e-05,29932,0.05795999612801608
24,0.06057105587049869,0.061271801210074694,0.0017764838067132651,0.0001,4.9307820162756544e-06,0.005551170235993615,3.1010951110614545e-05,29745,0.06057105587049869
25,0.060278843166438695,0.062016282078215065,0.002164958851164363,0.0001,5.98471859792312e-06,0.005528713485435904,3.148683989788401e-05,29808,0.060278843166438695
26,0.06543189743828909,0.06281697239467367,0.002276707933758589,0.0001,6.602607425812326e-06,0.005800135650172891,3.155460304358103e-05,29551,0.06543189743828909
27,0.06215918270243906,0.0636064043959722,0.002176554888705526,0.0001,5.981279812422553e-06,0.0054960983005393725,3.4786559561143117e-05,29667,0.06215918270243906
28,0.06134172949360099,0.06432836304681991,0.0020369153140459627,0.0001,5.2527128648396085e-06,0.005157517181611294,3.3816111576515926e-05,29740,0.06134172949360099
29,0.07105750127279967,0.06523369024630146,0.0025072313634637968,0.0001,7.95611995342121e-06,0.006346538312626762,3.643734163997535e-05,29359,0.07105750127279967
30,0.06449736758683042,0.06599923701003822,0.00216192806440304,0.0001,5.92657697346137e-06,0.005482677311095307,2.8607075265770764e-05,29592,0.06449736758683042
31,0.06800378731142716,0.0668964791975224,0.0025016363136537013,0.0001,7.906840287850821e-06,0.00632133475573249,3.985129089949504e-05,29532,0.06800378731142716
32,0.06890210708663122,0.06777429832459052,0.0023601840673143546,0.0001,7.031391056603028e-06,0.005958341261581367,3.575330019425507e-05,29471,0.06890210708663122
33,0.06688625094530073,0.06856937956401418,0.0021946816625070024,0.0001,6.066078551973357e-06,0.005527980349591136,2.662023461947829e-05,29514,0.06688625094530073
34,0.07395010197766264,0.06945647161699571,0.0024289522271701844,0.0001,7.407229989129359e-06,0.006099115417975136,5.022035953049548e-05,29291,0.07395010197766264
35,0.06814444616940385,0.07027063363478464,0.002272656915648721,0.0001,6.534534658061032e-06,0.005750568520102186,3.632052771079758e-05,29518,0.06814444616940385
36,0.07045283487159529,0.0711316026987982,0.00241118401694894,0.0001,7.333329267067163e-06,0.006082762008638892,4.2924017204785933e-05,29452,0.07045283487159529
37,0.06974632030516717,0.07201690039709899,0.0024021264194418043,0.0001,7.198072810611006e-06,0.0059930840877922345,5.1294609777555815e-05,29537,0.06974632030516717
38,0.07414518370140763,0.07289105439633134,0.0024174423310323882,0.0001,7.3570406569928515e-06,0.006086631778182662,4.686406327824542e-05,29283,0.07414518370140763
39,0.07107879292056019,0.0737472229985984,0.002324441539355026,0.0001,6.7515172376389434e-06,0.005809152111016154,5.3859952119394964e-05,29338,0.07107879292056019
40,0.07327463957274083,0.07463697571002145,0.0024070825161432077,0.0001,7.2519268237663645e-06,0.006025490838083854,4.493455713550001e-05,29339,0.07327463957274083
41,0.07480243885448862,0.07555086655638867,0.002473899137641243,0.0001,7.631636181483016e-06,0.006169722981317222,4.550402548633226e-05,29276,0.07480243885448862
42,0.07194434644188849,0.07638178110980448,0.0023197562403008617,0.0001,6.7521290356896946e-06,0.005821412541874637,4.700144213502614e-05,29341,0.07194434644188849
43,0.07449076782470007,0.07728189911068709,0.002406549084957305,0.0001,7.263074132397086e-06,0.006036090581153422,5.583175341895167e-05,29252,0.07449076782470007
44,0.07711031317701504,0.07820076287546263,0.002451315473440754,0.0001,7.508398775712183e-06,0.006126015893966618,5.5707613873023805e-05,29221,0.07711031317701504
45,0.07376799762917025,0.07905536906243124,0.0022788612685080535,0.0001,6.440021677941897e-06,0.005651964660541282,5.650268422292816e-05,29189,0.07376799762917025
46,0.07214613845905951,0.07981325225866864,0.0021378781950182925,0.0001,5.699569546925435e-06,0.0053319871639147965,4.0355825727964644e-05,29422,0.07214613845905951
47,0.07673356143540302,0.08074820675246702,0.002454415087064673,0.0001,7.471865765929291e-06,0.006088510297469834,6.222172625261681e-05,29160,0.07673356143540302
48,0.08165133398675797,0.08151536628848746,0.0020119409873738474,0.0001,6.115230160872809e-06,0.006078935912384703,6.786200289711677e-05,28996,0.08165133398675797
49,0.09460651120658443,0.0824986387634941,0.0026138575858040652,0.0001,8.453673181540641e-06,0.006468350247888621,7.650399709983206e-05,28505,0.09460651120658443
50,0.08032099863822645,0.08323159278482689,0.001990261939352846,0.0001,5.969738831982251e-06,0.005998947891173936,7.039701253356334e-05,29104,0.08032099863822645
51,0.08096771072895295,0.0841420243784064,0.0024222173180083835,0.0001,7.291980422775389e-06,0.006020913456907381,6.347512278980474e-05,28999,0.08096771072895295
52,0.08950200968375358,0.08513304560575496,0.0025859196103444264,0.0001,8.238889370488213e-06,0.006372115619936731,6.88643009441036e-05,28737,0.08950200968375358
53,0.08451996482594229,0.08612428827876333,0.002555547028726068,0.0001,8.022267952254793e-06,0.006278317606429544,6.236978002811759e-05,28891,0.08451996482594229
54,0.0770822388380043,0.08692752907612697,0.0020908591968463565,0.0001,6.554110324916167e-06,0.006269298606813633,6.507693800461164e-05,29166,0.0770822388380043
55,0.08572201116774347,0.0878721021180954,0.002467314950138255,0.0001,7.5218263848272595e-06,0.006097175704630474,7.627724960110487e-05,28875,0.08572201116774347
56,0.08489081809998611,0.0888568771080437,0.002572672592815493,0.0001,8.126747347256798e-06,0.006317747054134869,7.71663258856137e-05,28916,0.08489081809998611
57,0.09182721881707598,0.08988912328990095,0.002704676840299392,0.0001,8.926050736004505e-06,0.006600456367287443,8.385614463360792e-05,28612,0.09182721881707598
58,0.08612802733326216,0.09065422691414132,0.0019951172664306772,0.0001,5.902479484374288e-06,0.005916924868214886,7.639606815588456e-05,28925,0.08612802733326216
59,0.0892821411952856,0.0916275228732011,0.002553059781527857,0.0001,7.994447161486495e-06,0.006262640005007862,8.675111268017389e-05,28752,0.0892821411952856
60,0.09250836316612766,0.09266393503652715,0.00268283869627317,0.0001,8.76586491611728e-06,0.0065347685109017305,8.56165755032508e-05,28597,0.09250836316612766
61,0.0896990520191586,0.09367706486199318,0.002605562094989381,0.0001,8.270477385513748e-06,0.006348324917236298,8.588632968233453e-05,28731,0.0896990520191586
62,0.08905528268961932,0.09468830233567818,0.0025394379545440725,0.0001,7.806070525103277e-06,0.006147872611839238,8.63085544814283e-05,28739,0.08905528268961932
63,0.09968411255713841,0.09578120548599163,0.0027509741665797355,0.0001,9.14164043894671e-06,0.006646111439361454,9.319909885082715e-05,28374,0.09968411255713841
64,0.09178403920035114,0.09676140021128504,0.0025386910340864295,0.0001,7.849491786053887e-06,0.0061838890047355415,8.153108162765466e-05,28532,0.09178403920035114
65,0.09870803258492605,0.09783904369518175,0.0027147130701283806,0.0001,8.903926612170868e-06,0.00655975521696648,9.650232868516141e-05,28417,0.09870803258492605
66,0.09948932710764487,0.0989127177036166,0.002701465695765425,0.0001,8.813250249069212e-06,0.006524791532895696,9.805558236787007e-05,28288,0.09948932710764487
67,0.09855000459521236,0.09998728301827556,0.0027619652174626186,0.0001,9.19526354451534e-06,0.006658493370139474,8.961157096493521e-05,28402,0.09855000459521236
68,0.09789334677853348,0.10096875068434813,0.002552625547028433,0.0001,7.884763565643469e-06,0.006177767494979662,0.00010914157743048108,28448,0.09789334677853348
69,0.10441561292164844,0.10204391106141536,0.0027202994256878294,0.0001,8.866648144592506e-06,0.006518876606644557,0.00010140659103663287,28246,0.10441561292164844
70,0.09995059953152158,0.10311779816720082,0.002712598143813036,0.0001,8.80102081832537e-06,0.006488997154553811,0.00010740899947436163,28340,0.09995059953152158
71,0.10547656554447019,0.10421752481655525,0.002739506230229009,0.0001,8.943091907941658e-06,0.006528980886598721,0.00011345592006466995,28096,0.10547656554447019
72,0.10955553659022661,0.10535411470785219,0.002926803039105696,0.0001,1.03252765709182e-05,0.0070556688871507775,0.00011839312814955458,28001,0.10955553659022661
73,0.10462028820126784,0.10626262421590328,0.0023445646182693684,0.0001,7.754211363796378e-06,0.00661462798113888,0.00010995958315427615,28256,0.10462028820126784
74,0.11399595590416443,0.1073939302756319,0.002910223685093491,0.0001,1.0230741400112915e-05,0.007030896939308119,0.00012196638067277317,27814,0.11399595590416443
75,0.10726841708182464,0.10847674874935839,0.0027343859192456334,0.0001,8.910794799428003e-06,0.006517583883613859,0.00012624850553745603,28077,0.10726841708182464
76,0.11779088674265206,0.10964892872867979,0.0029674608690845776,0.0001,1.0519112299322245e-05,0.007089638423820059,0.00013442292296904953,27661,0.11779088674265206
77,0.11510291236511569,0.11079485010192672,0.0028755362564536324,0.0001,9.748961032454302e-06,0.006780621187143429,0.00012434530540356804,27813,0.11510291236511569
78,0.11382187063145678,0.1118110602112124,0.002549696814870874,0.0001,9.27697825712703e-06,0.007276926576540315,0.0001246718090522128,27794,0.11382187063145678
79,0.11414679402138309,0.11291894119242532,0.002814513201382152,0.0001,9.474834750625295e-06,0.00673284086638669,0.00014483324771190971,27855,0.11414679402138309
80,0.10910587366736145,0.11402988242816592,0.002802139650482328,0.0001,9.373552030189008e-06,0.006690281855563874,0.00012160481658677103,27971,0.10910587366736145
81,0.11550948478130013,0.11519487382826535,0.0028920230158612373,0.0001,9.848571399324603e-06,0.0068108527112753425,0.0001306658985311705,27748,0.11550948478130013
82,0.11648886892036056,0.11631511042347939,0.0028739337641624325,0.0001,9.810645582526962e-06,0.006827328941859686,0.00013669008110890797,27674,0.11648886892036056
83,0.1206809167882319,0.11728909702686077,0.0024170385668620636,0.0001,8.221284469240906e-06,0.006802774752505703,0.00014240337433392604,27543,0.1206809167882319
84,0.11772556079180183,0.11842153644073831,0.0028409911081094773,0.0001,9.563114556602375e-06,0.006732238287761551,0.00013792115163627637,27724,0.11772556079180183
85,0.11125273786068361,0.11953438929427926,0.002749127040435727,0.0001,8.802116213747345e-06,0.006403571813365337,0.00012464680602996734,27835,0.11125273786068361
86,0.12078639279636655,0.12055590465411029,0.0024866205235895,0.0001,8.617424832449949e-06,0.00693103330459967,0.00014575150815994065,27593,0.12078639279636655
87,0.12079754780319961,0.12172704221829075,0.0029848465472086965,0.0001,1.0453103920190424e-05,0.00700411478772048,0.00014897594804480014,27534,0.12079754780319961
88,0.11356667250114552,0.12283445669607976,0.0027850221377592283,0.0001,9.086934645841537e-06,0.006525574445273672,0.00013923535450423294,27850,0.11356667250114552
89,0.12217741632913061,0.1239411597775073,0.0028062274681736133,0.0001,9.30856619150444e-06,0.00663422070881714,0.00014738416198586168,27527,0.12217741632913061
90,0.12406860136295356,0.12504003881714693,0.0028327727253186145,0.0001,9.51718664253795e-06,0.006719343601041985,0.00016334720368386282,27394,0.12406860136295356
91,0.12049582454080343,0.12618466151431174,0.0028939746238172337,0.0001,9.756209157468623e-06,0.0067424289606243405,0.00015254944361611878,27678,0.12049582454080343
92,0.13481486575047075,0.1274364564263837,0.0030865163677495583,0.0001,1.1068508194484073e-05,0.007172168798543807,0.00016091282196888557,27068,0.13481486575047075
93,0.12506576475689735,0.12857648673194172,0.0029551887466465945,0.0001,1.0273085281734087e-05,0.0069525747168545406,0.00016126831891326212,27363,0.12506576475689735
94,0.12126296089710355,0.12974011942248626,0.00287451679820712,0.0001,9.540170464992762e-06,0.00663775593236617,0.00015437858247524728,27522,0.12126296089710355
95,0.12707767136496434,0.1309117726794733,0.0029229340744203474,0.0001,9.848070139766724e-06,0.006738482558296985,0.000160291166403168,27315,0.12707767136496434
96,0.13030250821508388,0.13207183442954973,0.0029202501882799304,0.0001,9.961509602308548e-06,0.006822367235716897,0.00016677048241284947,27213,0.13030250821508388
97,0.13468732667931305,0.1333264489180469,0.003109969041216157,0.0001,1.115432212730423e-05,0.007173268916492056,0.0001680462649968392,27075,0.13468732667931305
98,0.1369848224117062,0.13445967117580815,0.0029601522401480843,0.0001,1.0233362189965347e-05,0.0069140783039276475,0.00017830908167716278,26940,0.1369848224117062
99,0.13596808023611645,0.13550536923616124,0.002655591494964904,0.0001,9.628746180062398e-06,0.007251677223939635,0.0001787315107120008,27021,0.13596808023611645
100,0.12945765308797713,0.13668794303456275,0.0030085673396815465,0.0001,1.0404898227571846e-05,0.0069168458291335375,0.0001669538337158675,27201,0.12945765308797713
101,0.13878615554936963,0.13788354030970573,0.0030054583047125103,0.0001,1.0394103103540285e-05,0.006916817370077965,0.0001814482384948512,26952,0.13878615554936963
102,0.13626438235431731,0.13884119842206885,0.0024777072862651028,0.0001,8.401046172822803e-06,0.0067813064274323915,0.00019098592467128438,26966,0.13626438235431731
103,0.14054938867544625,0.1400970485854391,0.003171359654524008,0.0001,1.163367626393612e-05,0.0073367120297065285,0.00019225605753476213,26778,0.14054938867544625
104,0.14022991855129469,0.14114623477296376,0.0025703097934731316,0.0001,8.890373083217966e-06,0.006917744394697924,0.000193337281230729,26878,0.14022991855129469
105,0.13941072528429468,0.142419984310745,0.0032128529109395937,0.0001,1.1629200482065575e-05,0.007239173908316039,0.0001911140804138358,26922,0.13941072528429468
106,0.14083193250059933,0.1436157109451121,0.002996867762390911,0.0001,1.0230496475789898e-05,0.006827459392220879,0.00017934682810937186,26845,0.14083193250059933
107,0.1449993143708079,0.14455241326549664,0.002470377787485351,0.0001,8.32782872359491e-06,0.006742149938185755,0.00019773443622850314,26695,0.1449993143708079
108,0.144826504264376,0.14566762060103283,0.0029957544701927426,0.0001,1.0460539373717246e-05,0.006983575909039185,0.00019208221568325071,26627,0.144826504264376
109,0.14203322505632243,0.14685992656315516,0.002959668601085734,0.0001,9.896633417786123e-06,0.0066876632161827895,0.0001943160707602142,26875,0.14203322505632243
110,0.13722039251772128,0.14798669819473476,0.0028955115044206297,0.0001,9.52372400194178e-06,0.0065782670781323,0.00019410009259403465,26894,0.13722039251772128
111,0.1580338043511469,0.1490323273873566,0.002673111919583252,0.0001,9.602870239506557e-06,0.007184787265475723,0.00021531671317637091,26168,0.1580338043511469
112,0.14888683420638119,0.15006920871773663,0.0026419650853969183,0.0001,9.134699822046171e-06,0.0069150798945352525,0.00020541204293425585,26519,0.14888683420638119
113,0.1516253703061562,0.15117583527959627,0.0028235560916055275,0.0001,1.0574711782887964e-05,0.007490350069068388,0.0002059264863282631,26393,0.1516253703061562
114,0.14865303182823303,0.15239894298651196,0.003204954830832601,0.0001,1.1589457217682394e-05,0.007232212514315915,0.00020958297556998446,26488,0.14865303182823303
115,0.14297439129776673,0.15363644220757783,0.0031919069046143045,0.0001,1.1462148153701563e-05,0.007182006553594391,0.0002127126929300563,26759,0.14297439129776673
116,0.15059504652927247,0.1548709748666237,0.0031736308129914218,0.0001,1.1262529642656974e-05,0.007097567616594361,0.00021174760871557163,26439,0.15059504652927247
117,0.15064967727762518,0.15607487455846894,0.0030242227158086923,0.0001,1.0203876448581742e-05,0.006748098541316045,0.00022672540291298268,26349,0.15064967727762518
118,0.14931213515291725,0.15714875942132914,0.0027196215276331904,0.0001,9.7021438011583e-06,0.007134922048952746,0.00020728861744706865,26516,0.14931213515291725
119,0.1630642133038816,0.1581946978953987,0.002752123022541964,0.0001,9.882086070026556e-06,0.007181427566344103,0.00023175169422897355,26005,0.1630642133038816
120,0.1610522331913184,0.15930830470249507,0.0029115959837198078,0.0001,1.0779036324329456e-05,0.007404211562730852,0.00023932836927820922,26031,0.1610522331913184
121,0.15518489922227663,0.1605350853484249,0.0032068112257154185,0.0001,1.1592453061912517e-05,0.007229894275629723,0.00022416695733763113,26362,0.15518489922227663
122,0.1617951993691998,0.16175774972546736,0.003231027383303668,0.0001,1.1630959793023557e-05,0.007199542692288239,0.00025333781083077374,26000,0.1617951993691998
123,0.15512484600667656,0.16278150955326867,0.002761852399997725,0.0001,9.886609117912716e-06,0.0071594044040303225,0.00023718266581425573,26231,0.15512484600667656
124,0.1610440639624298,0.1639772938916005,0.0031028954183676487,0.0001,1.0709113446643124e-05,0.006902658325672417,0.0002427916763446022,26090,0.1610440639624298
125,0.1637648284525899,0.16503760228436598,0.002751735302522012,0.0001,9.732544061050807e-06,0.0070737501911108695,0.00023440961908558617,25957,0.1637648284525899
126,0.16652630828705411,0.16601904167991613,0.0027226250323656243,0.0001,9.745801296046455e-06,0.007159121201187633,0.00026006304352525766,25800,0.16652630828705411
127,0.16846422621836465,0.16726045156739378,0.0032190267206763977,0.0001,1.1603872578130747e-05,0.007209553436507345,0.0002392439000271639,25736,0.16846422621836465
128,0.16331795350010364,0.16829742039100165,0.002759446878645808,0.0001,9.732092253170665e-06,0.0070536543598524815,0.00024272609382777668,25902,0.16331795350010364
129,0.16942198269277597,0.1695619285730277,0.0032896181698749876,0.0001,1.1937140846867807e-05,0.0072574628606951325,0.00025996702200149167,25825,0.16942198269277597
130,0.16606062079334855,0.17076109702058362,0.003127334211801731,0.0001,1.0819281210687404e-05,0.00691917171491189,0.0002461339675574809,25849,0.16606062079334855
131,0.1723401561001855,0.17182222950737472,0.0028424016755735832,0.0001,1.036897422316213e-05,0.007295924648700272,0.00023880172851112905,25641,0.1723401561001855
132,0.16489038958601906,0.1728433141218268,0.002729489531172324,0.0001,9.55733090913361e-06,0.007003017084318113,0.0002218661590437838,25897,0.16489038958601906
133,0.167959954885471,0.17404986647768175,0.003214751595686899,0.0001,1.1492756652894047e-05,0.007150012254952084,0.00024799457447094843,25817,0.167959954885471
134,0.1713664218008317,0.17526075818348358,0.0031924013816026905,0.0001,1.1197639678137508e-05,0.007015182829244313,0.0002540245261157468,25770,0.1713664218008317
135,0.1817427242033228,0.1764607594700055,0.003189208967607672,0.0001,1.1252689621905986e-05,0.007056727694044449,0.00027867906483858735,25274,0.1817427242033228
136,0.17953749663128657,0.17766390979809282,0.0032489842909964864,0.0001,1.1755905019484965e-05,0.007236664733690876,0.00027548341640911973,25273,0.17953749663128657
137,0.17718211180944032,0.1789588740660561,0.0033861098719749883,0.0001,1.2306432977710933e-05,0.007268773573807906,0.00026259633547375016,25412,0.17718211180944032
138,0.1821067641316585,0.18019166248894283,0.00326889932556171,0.0001,1.1555268390604197e-05,0.007069822126515689,0.000271302226644731,25243,0.1821067641316585
139,0.18150794324757397,0.1813432790534583,0.003196342709856753,0.0001,1.1293651362395882e-05,0.007066608550809632,0.0002746747388431209,25185,0.18150794324757397
140,0.18500407023742868,0.18259864367296694,0.0032758694715779744,0.0001,1.1503991186826246e-05,0.007023473484909529,0.00027507302450504803,25224,0.18500407023742868
141,0.18597224353235453,0.18383412599656318,0.003304240618200861,0.0001,1.185531387139314e-05,0.0071758175273859345,0.00028591022500187575,25118,0.18597224353235453
142,0.1808751172926636,0.18492036309417548,0.0031282724575182356,0.0001,1.102731200916311e-05,0.007050096920209727,0.00029686221693654106,25346,0.1808751172926636
143,0.1861733220890754,0.186223034810098,0.0034443938646616236,0.0001,1.2457929912741271e-05,0.007233742947086065,0.00027534834381541984,25039,0.1861733220890754
144,0.18537938747030838,0.18744400589717897,0.0033655002957089144,0.0001,1.2311568641329504e-05,0.007316337875249643,0.00030463255927948724,25002,0.18537938747030838
145,0.18972774664962086,0.1887081009298025,0.0033869326698602402,0.0001,1.2361781086081203e-05,0.007299691072153084,0.00029387924656735533,24932,0.18972774664962086
146,0.1871824663386605,0.18989013733809212,0.003279229513693027,0.0001,1.1658454720102532e-05,0.007110484137460039,0.0002941364866267028,25107,0.1871824663386605
147,0.18969536699548117,0.19119857022179557,0.0035369976094392244,0.0001,1.3177358351672252e-05,0.0074511547966590016,0.00028960578884441456,24957,0.18969536699548117
148,0.1958809715676768,0.19235220160486124,0.003233208554973114,0.0001,1.1309111804389172e-05,0.006995596858108162,0.00029998375032462245,24713,0.1958809715676768
149,0.1934041887499537,0.1934377564897541,0.0029298705975162984,0.0001,1.0512884369736868e-05,0.007176347227518391,0.0003023291134883593,24790,0.1934041887499537
150,0.1947080800194501,0.19465684415051515,0.003314359073013686,0.0001,1.1690076284507736e-05,0.007054200240216075,0.00030465714624843085,24763,0.1947080800194501
151,0.18756206526530697,0.19580348826458133,0.003222850699567215,0.0001,1.1113019725590402e-05,0.006896391276879645,0.0002946919357537739,25072,0.18756206526530697
152,0.1895704869117903,0.19684691925063266,0.0032696600827984124,0.0001,1.1964694647384676e-05,0.007318616825235496,0.00030762696842253777,24952,0.1895704869117903
153,0.19791437871862377,0.1980244959832813,0.00339226617808714,0.0001,1.2463675895127052e-05,0.007348288866975156,0.00030093149784012264,24657,0.19791437871862377
154,0.18662263314910701,0.199048690524451,0.002850295915980225,0.0001,9.9741278464294e-06,0.006998661290225559,0.0002874823992083102,25103,0.18662263314910701
155,0.20006277161192335,0.20029375405293454,0.00351923354753982,0.0001,1.3079737895564078e-05,0.007433287799104833,0.0003263590342939169,24506,0.20006277161192335
156,0.1934952816707906,0.20144663850341288,0.0032978074979887885,0.0001,1.1584895101505895e-05,0.007025816460524815,0.00032570298548483803,24767,0.1934952816707906
157,0.20737473630312606,0.20267300647259387,0.003427833933114617,0.0001,1.2254459549536542e-05,0.0071499727166781536,0.0003280330560984705,24208,0.20737473630312606
158,0.2050197545630944,0.20395540014355917,0.0035890348968590727,0.0001,1.3450456861915562e-05,0.007495305701087871,0.0003137014422236736,24321,0.2050197545630944
159,0.20212923755379933,0.20490996533992833,0.0028244116059466524,0.0001,9.860250090517066e-06,0.00698216228099107,0.0003317127623440443,24480,0.20212923755379933
160,0.21128644504625316,0.2060651187351749,0.0032918476227782835,0.0001,1.1555184091295653e-05,0.007020485402385184,0.00033157692997620345,24141,0.21128644504625316
161,0.20645754196757707,0.20707815818053843,0.002957443540447251,0.0001,1.0426191784543575e-05,0.007050813746366116,0.00031753299152505047,24175,0.20645754196757707
162,0.19753823045489338,0.20805994868036987,0.0029907191192919446,0.0001,1.0523981751625034e-05,0.007037760038205525,0.00031880255117426663,24739,0.19753823045489338
163,0.2043783089927216,0.20921958062487073,0.0033673268010928556,0.0001,1.1858337496149472e-05,0.007043175905766488,0.0003201671603203657,24349,0.2043783089927216
164,0.20343082901161802,0.21038412701447023,0.0033008295375399877,0.0001,1.1532572093838549e-05,0.006987681104207179,0.000323185072509632,24432,0.20343082901161802
165,0.20869510587165072,0.21157691696062425,0.0034563856831006288,0.0001,1.2511278857750841e-05,0.007239515496735488,0.0003369413262097034,24135,0.20869510587165072
166,0.20364444582609453,0.21255792488730058,0.002813513533457771,0.0001,9.472006118853098e-06,0.006733222361445069,0.0003461707629615757,24499,0.20364444582609453
167,0.19697141135966692,0.21368748607060523,0.003284061392769398,0.0001,1.1276356643641875e-05,0.006867323898675778,0.0003343770208079449,24536,0.19697141135966692
168,0.22171890706122777,0.2148755592910253,0.0034422611420442755,0.0001,1.2239552651414592e-05,0.0071113446344432864,0.00037779280904927213,23683,0.22171890706122777
169,0.21796827660907203,0.2159428170915959,0.0030878206785323733,0.0001,1.1150049214299075e-05,0.00722195384713768,0.0003426598870661349,23923,0.21796827660907203
170,0.21123703629761686,0.21700626672897338,0.0031067344120009823,0.0001,1.0122619803563778e-05,0.006516565924953985,0.0003477269033989009,24184,0.21123703629761686
171,0.21378020812442333,0.21797341703683076,0.002930688194146844,0.0001,1.0256287526069261e-05,0.006999234887254856,0.0003670858905002445,23978,0.21378020812442333
172,0.2188065365515291,0.21913933678098424,0.0033865540632215577,0.0001,1.1703657507635722e-05,0.006911838576409602,0.00034219309090243594,23821,0.2188065365515291
173,0.21598515883360436,0.2201474409490954,0.0029400428853239113,0.0001,1.0224485751306422e-05,0.0069553310275472175,0.0003624725960478474,24017,0.21598515883360436
174,0.22536058164123668,0.22120857108463948,0.0031012024569180554,0.0001,1.1262209664508442e-05,0.007263124430580206,0.0003646096191600386,23629,0.22536058164123668
175,0.21898672844791411,0.2223363608017145,0.0032422281283060904,0.0001,1.1531942828657847e-05,0.007113591254100148,0.00037293871607749793,23731,0.21898672844791411
176,0.2233040501698217,0.22335278196139519,0.0029788500231839724,0.0001,1.0462333415950553e-05,0.007024410987141803,0.0003578507058816454,23459,0.2233040501698217
177,0.22094924322074658,0.2242789197261184,0.0031742222897902374,0.0001,1.0907038433630487e-05,0.006872258737967125,0.00036094567270190774,23683,0.22094924322074658
178,0.21992869154521563,0.2252574323289262,0.003095556284160042,0.0001,1.0029609584241718e-05,0.0064800046670533615,0.0003628271222788289,23803,0.21992869154521563
179,0.2247593404206035,0.2262289400857635,0.0030058954321125642,0.0001,1.0232260429910311e-05,0.006808128001125448,0.0003563241264401158,23648,0.2247593404206035
180,0.21730362328279457,0.22709681049919667,0.0028343858761800357,0.0001,9.374806708229345e-06,0.006615053219827626,0.0003494544571137028,23852,0.21730362328279457
181,0.23118831199548115,0.22816785189227123,0.0032944952520332265,0.0001,1.1092209877204393e-05,0.006733784102653504,0.00037516826504515157,23270,0.23118831199548115
182,0.22799085277944647,0.22921487279820488,0.0033572052681760138,0.0001,1.1751194848064199e-05,0.007000581679921333,0.00036122714353647154,23425,0.22799085277944647
183,0.2331452912438135,0.2302006374512196,0.0030060825778843144,0.0001,1.0323979004325366e-05,0.006868726148961218,0.0003758838051033952,23170,0.2331452912438135
184,0.23314725257121693,0.23121715261028947,0.003342460290585407,0.0001,1.1632076662011948e-05,0.006960188394623935,0.0003757442776905358,23237,0.23314725257121693
185,0.23475286497401238,0.23233122868118405,0.0034099683784008174,0.0001,1.1690564495354638e-05,0.006856699651178112,0.00039066294047698715,23225,0.23475286497401238
186,0.235248555951513,0.2333147302197152,0.0030721152226212234,0.0001,1.0908606586894339e-05,0.007101691047633805,0.00039829077946036424,23136,0.235248555951513
187,0.23317496581613484,0.23437530843526022,0.003327073246662669,0.0001,1.1484165001901726e-05,0.006903463885816941,0.0003869019790042708,23224,0.23317496581613484
188,0.22705655040895067,0.23544447562870874,0.0033195104272242108,0.0001,1.1066661989429398e-05,0.006667647071489026,0.0003823057423513755,23481,0.22705655040895067
189,0.23040712130733373,0.2364703636993064,0.00326587227432052,0.0001,1.0892426275699093e-05,0.006670454543703986,0.0003746391903368929,23375,0.23040712130733373
190,0.23176297497358492,0.23753487453372174,0.0033645398292202963,0.0001,1.1396185707115718e-05,0.0067742908603086365,0.00037918847775433054,23310,0.23176297497358492
191,0.23495939540526056,0.238577140697189,0.0031814007642078685,0.0001,1.0187388267493524e-05,0.0064043413719554205,0.0003683022394286167,23339,0.23495939540526056
192,0.24144769163748148,0.23967430533786432,0.0034666127869234288,0.0001,1.2047973886124814e-05,0.006950862196996178,0.0004064486019955418,22799,0.24144769163748148
193,0.251504712494004,0.24082950130936565,0.003633204078059719,0.0001,1.3089245229565771e-05,0.007205345446246425,0.0004084236852866909,22501,0.251504712494004
194,0.23169778211990877,0.24182353370894194,0.003266155275369159,0.0001,1.0839733074630617e-05,0.006637610377176848,0.0003696983024510437,23390,0.23169778211990877
195,0.2391959845583084,0.24282755411732193,0.0032723217872655504,0.0001,1.063061550464187e-05,0.00649729225653271,0.00039963999841688094,22913,0.2391959845583084
196,0.2411025524396776,0.24387589226645015,0.003458409729342653,0.0001,1.1886738796113887e-05,0.00687410672903307,0.00040810940998511317,22953,0.2411025524396776
197,0.2475452659272785,0.244874398558174,0.003310800265153435,0.0001,1.1181532350079532e-05,0.00675457983241483,0.00040233524711970564,22463,0.2475452659272785
198,0.24499367320934387,0.24594050588896502,0.0033760131375175947,0.0001,1.1385279787533035e-05,0.006744807750306746,0.0004070860247857479,22814,0.24499367320934387
199,0.2442350210300968,0.24694505187304083,0.0032101174895197288,0.0001,1.0777937455675415e-05,0.006714980053448399,0.00040714379678992473,22844,0.2442350210300968
200,0.24924130960276303,0.2479151643171886,0.0032905805254230063,0.0001,1.1059123063396229e-05,0.006721685111762805,0.0004233721243529587,22517,0.24924130960276303
201,0.24550990001729855,0.24894259761859328,0.003315024317623759,0.0001,1.077738140285551e-05,0.006502143194280299,0.0004132591672888351,22691,0.24550990001729855
202,0.25314377441069313,0.24993200998722415,0.003290952898858806,0.0001,1.0968144492943771e-05,0.006665634440861892,0.00040198461762652705,22501,0.25314377441069313
203,0.25441449242995284,0.25090721950763534,0.003189679596264136,0.0001,1.137692991709367e-05,0.007133587919249775,0.00043161219505146353,22270,0.25441449242995284
204,0.2561375840702481,0.25182135308944636,0.0031552988216528564,0.0001,1.002018535904512e-05,0.006351338447111766,0.0004320975597740917,22316,0.2561375840702481
205,0.25558376806596994,0.25288610987936133,0.0034548038102758466,0.0001,1.1587948069391244e-05,0.0067083103445263435,0.00044526266379268296,22312,0.25558376806596994
206,0.26017692392832975,0.25369875418193394,0.003056510785171881,0.0001,9.93610293080448e-06,0.006501598475626336,0.00040664352576220893,22273,0.26017692392832975
207,0.2537805192107965,0.25460985731272157,0.0030703083916832343,0.0001,9.931974539370645e-06,0.006469691817456576,0.0004261667018040236,22309,0.2537805192107965
208,0.25338880209613224,0.25565514724427474,0.003469102071225519,0.0001,1.168095164914602e-05,0.006734279597036778,0.0004301089546227614,22417,0.25338880209613224
209,0.2571954369521793,0.2565398136083026,0.00309501000660895,0.0001,1.0207087412367965e-05,0.006595834837737,0.0004384803520259337,22206,0.2571954369521793
210,0.258128020475478,0.25744163471821635,0.0031131021161409957,0.0001,1.0538508670551811e-05,0.0067704227342309945,0.00044117210701367964,22306,0.258128020475478
211,0.26026224754602884,0.25845028359814537,0.003490105533076942,0.0001,1.193816407535003e-05,0.00684114790352779,0.00043268859841992204,22240,0.26026224754602884
212,0.26585617064693345,0.2595005016179498,0.0035434767602787296,0.0001,1.2170859820050887e-05,0.006869445261491445,0.0004261282507197282,21987,0.26585617064693345
213,0.24838294019277823,0.2604618593400243,0.003292210889236045,0.0001,1.0814629673775142e-05,0.00656982801990833,0.000415851943865832,22617,0.24838294019277823
214,0.25509728865145875,0.2613707003145411,0.0032491480096666875,0.0001,1.0498334918398504e-05,0.006462207869364172,0.00044035633526593723,22235,0.25509728865145875
215,0.2593887466329081,0.26240093609199966,0.0035208183864693407,0.0001,1.175441422335568e-05,0.006677092046853884,0.0004141251408083914,22170,0.2593887466329081
216,0.26675425558642163,0.26332771959995405,0.003348755498977494,0.0001,1.1475809961235812e-05,0.006853775956315608,0.0004299769430164196,21912,0.26675425558642163
217,0.2653026928824456,0.2641352237545963,0.002959669391899585,0.0001,9.711054674628212e-06,0.0065622563798556095,0.00043093232696624236,21950,0.2653026928824456
218,0.2625810757681918,0.2650364902493165,0.0030777431573971465,0.0001,1.0229877487621764e-05,0.006647648594740564,0.0004403464242513665,22004,0.2625810757681918
219,0.26716600145083635,0.26595986506540314,0.0032816857676435485,0.0001,1.0272363581356968e-05,0.006260418765647483,0.00043278504158376674,21880,0.26716600145083635
220,0.26550536497422894,0.26663684528332965,0.0027331716996927178,0.0001,8.577565681632117e-06,0.006276638736305126,0.00044602078602421315,21986,0.26550536497422894
221,0.26753774111113265,0.2675291268814678,0.0032055291275045967,0.0001,1.1059661767148879e-05,0.006900365791252987,0.00046188534325437467,21693,0.26753774111113265
222,0.2647896068483366,0.26849681242703716,0.003375363959746927,0.0001,1.0786936772404046e-05,0.006391569561709021,0.00045168205029367945,21990,0.2647896068483366
223,0.2659189149545086,0.2694366092051438,0.0033358375902106776,0.0001,1.0568696656430832e-05,0.0063364575586327375,0.0004351715038819867,21810,0.2659189149545086
224,0.26657717991761354,0.27028149954758696,0.0030944778498861003,0.0001,9.302343979649091e-06,0.006012222049022898,0.00044515661694990657,21879,0.26657717991761354
225,0.26556007327333697,0.27125838145021564,0.0034512971509940123,0.0001,1.1278141856825348e-05,0.006535595959088666,0.00045570634552109107,22019,0.26556007327333697
226,0.26707713269761457,0.2720257116274543,0.00288450880464663,0.0001,8.892917839179048e-06,0.006165984187570185,0.00044828986579583264,21927,0.26707713269761457
227,0.2825291475676555,0.27287092487025894,0.003185867322938648,0.0001,9.954452123907257e-06,0.006249131627192345,0.00048365380753153536,21271,0.2825291475676555
228,0.27874641908696574,0.27377080001446363,0.003356064074405,0.0001,1.0953059288600134e-05,0.006527324297610148,0.00047459409218725013,21403,0.27874641908696574
229,0.27836208576327875,0.2746488943651284,0.0033704069280503395,0.0001,1.1194862978283836e-05,0.006643033448046979,0.0004701300412758125,21497,0.27836208576327875
230,0.28515882329533065,0.27548820944171487,0.0032820967097010596,0.0001,1.0601061312285856e-05,0.006459932323719628,0.0004542212438190484,21132,0.28515882329533065
231,0.2753574711755151,0.2763784456409646,0.0032605913573106023,0.0001,9.978960557177257e-06,0.006120951363502413,0.00045454295251186,21547,0.2753574711755151
232,0.2695987569894354,0.277177683404116,0.0031828830030020787,0.0001,9.931039157902818e-06,0.006240279110816146,0.0004475029789813835,21718,0.2695987569894354
233,0.2740595418248634,0.277933160163854,0.0028868280894642517,0.0001,8.810959425276358e-06,0.006104249475355164,0.00045095099275381,21628,0.2740595418248634
234,0.28566574957205637,0.2787312282850519,0.0029651966103531975,0.0001,9.204788001088579e-06,0.006208551546935809,0.0004692972819197526,21078,0.28566574957205637
235,0.27979150665649166,0.27963667461063624,0.0034243851743187208,0.0001,1.1406963776194792e-05,0.006662196683796939,0.0004467252875810858,21328,0.27979150665649166
236,0.2749298762825044,0.28041554203016217,0.0031125581371100144,0.0001,9.460196569438958e-06,0.006078727627058994,0.000449387310280013,21558,0.2749298762825044
237,0.27662309786062644,0.28117231464968095,0.0029384903487937575,0.0001,9.253893838207962e-06,0.00629840002163469,0.00047064446577293025,21485,0.27662309786062644
238,0.28211353268688144,0.2820016430903626,0.0032815641776365893,0.0001,1.0253833889771128e-05,0.006249357522640943,0.0004670457568048017,21309,0.28211353268688144
239,0.28525647917192,0.28286589112619753,0.003289006850036671,0.0001,9.935100351045459e-06,0.00604139839412903,0.00047102176176231345,21140,0.28525647917192
240,0.28272121955865803,0.28363889387358143,0.0030667859129318085,0.0001,9.016410808429495e-06,0.0058800392752619115,0.00044917556494502637,21247,0.28272121955865803
241,0.28042879416274114,0.28452235852160346,0.0034049114596040497,0.0001,1.1073100335444741e-05,0.00650419282076275,0.0004638064460785156,21321,0.28042879416274114
242,0.29104094399557806,0.28528173710759164,0.0031192425526654194,0.0001,1.0179670713227274e-05,0.006527014518014098,0.0004768898012793913,20959,0.29104094399557806
243,0.2909296837275736,0.2862211466693215,0.0034838745968631935,0.0001,1.0695752080022493e-05,0.006140147575720846,0.00045073729376895414,20931,0.2909296837275736
244,0.2761547540221772,0.28703574177633806,0.003197149521836627,0.0001,9.609354704572433e-06,0.006011201314758819,0.0004710155088099629,21512,0.2761547540221772
245,0.28541744714848705,0.2878243230658487,0.0031306914637008266,0.0001,9.313529487875744e-06,0.005949822648359039,0.0004670532221348301,21175,0.28541744714848705
246,0.2887682537429578,0.28864500718545794,0.003150289994804956,0.0001,8.947898797299962e-06,0.005680682611477458,0.0004889313752914995,20979,0.2887682537429578
247,0.2998111049691654,0.289433355758291,0.0033136278347054198,0.0001,1.0593130174440153e-05,0.006393675272456705,0.0004764096361496296,20591,0.2998111049691654
248,0.2982753958605778,0.2902926206539366,0.0033918698458061678,0.0001,1.0491607918474578e-05,0.006186326949689291,0.0004886592707077187,20604,0.2982753958605778
249,0.28750281254046434,0.2910451106614108,0.003108461930481668,0.0001,9.437144067225698e-06,0.006071905835284511,0.0004665036263165404,21054,0.28750281254046434
250,0.2888809128655382,0.2918105047569104,0.0031864225182255835,0.0001,9.638627268222512e-06,0.006049811167911248,0.00047731961709713313,20952,0.2888809128655382
251,0.29471678290259606,0.2925891037743563,0.0031524558614867827,0.0001,9.055528624674933e-06,0.005745062911303763,0.0004477282531567501,20881,0.29471678290259606
252,0.2856923510725618,0.2933279021910111,0.0031782157489590335,0.0001,9.728720473852806e-06,0.0061221271570624305,0.0004808084954056222,21064,0.2856923510725618
253,0.28568314607475614,0.2940413685183475,0.0030556957234646686,0.0001,9.639743309129034e-06,0.006309360735825564,0.000528835576405011,21023,0.28568314607475614
254,0.2902723321628385,0.2948151900585388,0.0031832566935747074,0.0001,9.370061401171423e-06,0.005887091305005069,0.0005035019574785031,20898,0.2902723321628385
255,0.29044287239312877,0.2956017334072523,0.0033935479734761437,0.0001,1.0650346411255874e-05,0.006276820893353283,0.0004956514010137942,20897,0.29044287239312877
256,0.29674025989991937,0.2962400011912377,0.002818032900288386,0.0001,8.198116689888799e-06,0.005818325747048473,0.00047257737722410803,20613,0.29674025989991937
257,0.2987531511458821,0.296896689029432,0.002958059537869617,0.0001,8.32990649966161e-06,0.0056320073298191786,0.00048150751486978,20639,0.2987531511458821
258,0.30479348607315476,0.2977435442434701,0.003387679293935481,0.0001,1.0208018064611126e-05,0.0060265551599794015,0.0004880279536312623,20443,0.30479348607315476
259,0.3030629579327805,0.2983768069688395,0.002824774311960756,0.0001,8.265070782874973e-06,0.005851845046790977,0.000503615899791995,20449,0.3030629579327805
260,0.3138240861757749,0.29907568900401404,0.0031138304208525314,0.0001,9.177613686186299e-06,0.005894742131572839,0.0004771344741619594,20040,0.3138240861757749
261,0.29744889584139955,0.29972605114208195,0.0030061294895521334,0.0001,8.659801431816713e-06,0.005761429414078163,0.0004882533993700148,20675,0.29744889584139955
262,0.29515789979363105,0.3004607025319008,0.0031850769831057437,0.0001,9.300928025066047e-06,0.005840315995123473,0.0004840965277198703,20652,0.29515789979363105
263,0.2982436689772703,0.3012301107364082,0.0032545986627287725,0.0001,9.78414580452855e-06,0.006012505269282676,0.0004600592959910395,20638,0.2982436689772703
264,0.3131427148179605,0.3019252912824624,0.003114949192745418,0.0001,9.622856728774282e-06,0.006178499958320665,0.0005037073901937266,20026,0.3131427148179605
265,0.3027232087144521,0.3026215888725018,0.00320080872301664,0.0001,9.73678986068386e-06,0.006083956089389375,0.0004956836287562676,20535,0.3027232087144521
266,0.30142269850699716,0.30328830943428775,0.00293120892923225,0.0001,8.492190969615473e-06,0.005794326624025242,0.00048403538826629873,20586,0.30142269850699716
267,0.3065085814365742,0.3039471166274952,0.0030672445141603647,0.0001,9.010733389497517e-06,0.005875458150074571,0.000503058615599688,20226,0.3065085814365742
268,0.3049971280145559,0.30457464337359114,0.00283218137331997,0.0001,8.106863250791769e-06,0.005724819269811562,0.00046522291795389866,20342,0.3049971280145559
269,0.3102931984333288,0.3052584065045645,0.003030979856233899,0.0001,8.548206225215761e-06,0.0056405562759742085,0.0005007287300005934,20161,0.3102931984333288
270,0.30755978263627093,0.30592026700976505,0.0029680749618241228,0.0001,8.605364039301242e-06,0.005798616375923705,0.0005089101488975839,20170,0.30755978263627093
271,0.31211827292507616,0.3065948873258594,0.0030556231118298864,0.0001,8.659489597140898e-06,0.005667904240948803,0.0004902939527326459,19970,0.31211827292507616
272,0.3083408976024874,0.30719808566820395,0.0026982153288081464,0.0001,7.310361782298314e-06,0.005418664481109031,0.0005162288307027977,20183,0.3083408976024874
273,0.303601358849844,0.3078896396669414,0.0029507953976512084,0.0001,8.549168624190134e-06,0.005794484179414913,0.0004931425548475296,20390,0.303601358849844
274,0.30572763689567484,0.30859527014348315,0.0030811026453653133,0.0001,8.42881167466605e-06,0.005471295600842719,0.0004982903395977982,20246,0.30572763689567484
275,0.3136601321711923,0.3092656567251189,0.0030957755505499813,0.0001,8.73084484888643e-06,0.005640489568008473,0.0005119316374704917,19988,0.3136601321711923
276,0.30390093120772493,0.3099425614180355,0.0030605637773254207,0.0001,8.404543261096674e-06,0.005492153650489373,0.000509844834014367,20439,0.30390093120772493
277,0.31951127740117746,0.31063154530108694,0.0030405811425236336,0.0001,8.973809989256837e-06,0.005902693971066806,0.0005137070764134535,19823,0.31951127740117746
278,0.3133413236049409,0.3112856548456338,0.003132394570844903,0.0001,8.898518174023858e-06,0.005681607455745049,0.0005176985816326725,19996,0.3133413236049409
279,0.30941471116697755,0.31201356926952295,0.003287824852510893,0.0001,9.505813053041856e-06,0.005782432750809291,0.0005143061520853638,20109,0.30941471116697755
280,0.31755026328854485,0.31252645395473566,0.0028326984971942014,0.0001,7.996641120693494e-06,0.005645952881052607,0.0004994408107137083,19857,0.31755026328854485
281,0.3129016339733487,0.3132024246334832,0.003138358300960694,0.0001,8.859492234582416e-06,0.005645940574644014,0.0005176098662302014,20025,0.3129016339733487
282,0.3165077496317429,0.31380271893742107,0.0028681935062539014,0.0001,8.136105970725936e-06,0.005673331281857872,0.0005170735155487151,19862,0.3165077496317429
283,0.3180297217900373,0.3143295119331798,0.0028647970218540707,0.0001,8.00787578900129e-06,0.00559053624247254,0.0005051730999590144,19858,0.3180297217900373
284,0.3110300948964098,0.3149582625617792,0.0029088981700207605,0.0001,8.23340749940581e-06,0.005660842709627783,0.000500297221712274,19985,0.3110300948964098
285,0.3175720242123643,0.31560120103492045,0.0032293948387527873,0.0001,9.554017795733635e-06,0.005916909063633395,0.0005035683980456397,19952,0.3175720242123643
286,0.32301741968340836,0.3161212968813357,0.0028329744057616272,0.0001,8.21127505290897e-06,0.005796928511750125,0.0005049696391743997,19720,0.32301741968340836
287,0.3190532948654883,0.31673298797247096,0.002891924617874298,0.0001,8.088748437410545e-06,0.005594024399817282,0.0005165547239048479,19814,0.3190532948654883
288,0.316544263130915,0.3173788011476202,0.0030766084123762623,0.0001,8.538278251566284e-06,0.005550448485559216,0.0005214209500604318,19876,0.316544263130915
289,0.3113283612595041,0.3179920242752229,0.002938648255947062,0.0001,8.377896140176965e-06,0.005701870663303972,0.0004821484373499686,20080,0.3113283612595041
290,0.32060036727271707,0.3186150277102431,0.003001910745991157,0.0001,8.061167274559092e-06,0.005370690841041308,0.0005503122688482186,19745,0.32060036727271707
291,0.3096020938281986,0.319230882768051,0.0031220602566610586,0.0001,8.838554923387124e-06,0.0056620014969471924,0.000488920033494768,20205,0.3096020938281986
292,0.30733070396270745,0.3197719068612493,0.00290851397240201,0.0001,7.8208729196359e-06,0.005377916691372806,0.0004960350594518267,20165,0.30733070396270745
293,0.32087780260428733,0.3204114411531999,0.003110204247874384,0.0001,8.4559392106283e-06,0.005437545920919737,0.0005111185011250135,19667,0.32087780260428733
294,0.3243330510443254,0.32097006238417214,0.002923211252665215,0.0001,8.415702918944346e-06,0.005757847922397941,0.0005436616306082295,19497,0.3243330510443254
295,0.32131054875589526,0.3216517588668534,0.003177980943506038,0.0001,8.575242121023499e-06,0.00539666050455485,0.0005244968105896629,19605,0.32131054875589526
296,0.32332190205748906,0.3221818190941745,0.003009737514292993,0.0001,8.680190361530795e-06,0.0057680713486204654,0.0005399865931366636,19565,0.32332190205748906
297,0.3208737311121681,0.32274278744047263,0.0028136223825833808,0.0001,7.693459936101561e-06,0.00546872244386801,0.0005238646686670911,19664,0.3208737311121681
298,0.3229353442903815,0.3233929275581021,0.0031244245012362537,0.0001,8.560604996959505e-06,0.0054797963551830395,0.0005247441046175316,19638,0.3229353442903815
299,0.3180247328384094,0.3238769883701127,0.002890373281225308,0.0001,8.105383770633507e-06,0.005608537709148357,0.0005170233125777333,19872,0.3180247328384094
300,0.3200395019379375,0.3244839310885162,0.002996640450842569,0.0001,8.417041873342925e-06,0.005617652175105823,0.0005302629251959872,19597,0.3200395019379375
301,0.33195088123989425,0.325041069638899,0.0028428593551915117,0.0001,7.815345154064174e-06,0.0054982284929376585,0.0005312666168830415,19306,0.33195088123989425
302,0.3270599863091768,0.32560359915032255,0.00297381578725622,0.0001,7.956879852967808e-06,0.005351293033728355,0.0005328075985823967,19533,0.3270599863091768
303,0.3254793994750649,0.32620632411366646,0.003049541170671227,0.0001,8.180795746015535e-06,0.005365263354824543,0.0005224984822286811,19507,0.3254793994750649
304,0.32668130454940075,0.3266973366454932,0.002835917201136257,0.0001,8.053627163494187e-06,0.00567973363980258,0.0005307759352634908,19518,0.32668130454940075
305,0.3199714648786368,0.327287338137108,0.0031173747993543505,0.0001,8.445658775443015e-06,0.005418442965018016,0.0005336060340800861,19726,0.3199714648786368
306,0.32409510520835505,0.32788505692444087,0.0030938016556309187,0.0001,8.466866836513452e-06,0.005473438687385282,0.0005300355356403615,19562,0.32409510520835505
307,0.32279000486745246,0.32846519850589767,0.0028964310458125535,0.0001,7.348413016122828e-06,0.005074115627055318,0.0005192618679298067,19615,0.32279000486745246
308,0.32419331346741764,0.32893707624130764,0.002908900032718761,0.0001,7.855004761363652e-06,0.005400670131673165,0.000505659733375329,19572,0.32419331346741764
309,0.33679057008436253,0.32941790989430375,0.0027424915621239733,0.0001,7.345999910374282e-06,0.005357172296774569,0.0005244851535094275,19164,0.33679057008436253
310,0.32894763106818586,0.3300649819535436,0.003142807971203983,0.0001,8.985353801182776e-06,0.005718041880707439,0.0005347849638737673,19397,0.32894763106818586
311,0.3278233679801764,0.330618637590391,0.0028051089594127282,0.0001,7.203581453169526e-06,0.005136043952230399,0.0005515727640691369,19519,0.3278233679801764
312,0.3280388306421238,0.3311693023747937,0.002817672331383021,0.0001,7.32898266946832e-06,0.005202153982092712,0.0005380514321158363,19421,0.3280388306421238
313,0.3286614294357665,0.331625353610975,0.0028433126659339726,0.0001,7.622143227236954e-06,0.0053614527298096,0.0005556438612552294,19373,0.3286614294357665
314,0.3298071573820158,0.33217368613321163,0.0029127891966709094,0.0001,8.084510874498413e-06,0.0055510442593912235,0.00053746088777244,19302,0.3298071573820158
315,0.33304067099053014,0.33273024039678073,0.0031000044875019645,0.0001,8.504720830171623e-06,0.005486908721880507,0.0005328795066630453,19199,0.33304067099053014
316,0.3333426669322029,0.333304853544223,0.003022562634894277,0.0001,7.850796224779381e-06,0.005194794730898265,0.0005518345245930226,19189,0.3333426669322029
317,0.32812130141414864,0.3338633241692033,0.003008554467748282,0.0001,7.935873254446948e-06,0.005275539026811412,0.0005476220464403539,19266,0.32812130141414864
318,0.3314766400865456,0.33445841599002435,0.003107385670317593,0.0001,8.177588804842627e-06,0.005263324010892301,0.0005290590075903457,19281,0.3314766400865456
319,0.33719293969593694,0.3349582372112089,0.00291590278552728,0.0001,7.814249655810954e-06,0.005359746349978477,0.0005417718698324163,19103,0.33719293969593694
320,0.34289261133301085,0.3354849056814381,0.0027646093902878423,0.0001,7.075923406704083e-06,0.005118931760531538,0.0005701284217587089,18712,0.34289261133301085
321,0.3375015902620328,0.3360075314478505,0.003084878962056821,0.0001,8.351377860485248e-06,0.00541439580820184,0.0005385027553138242,19018,0.3375015902620328
322,0.33656865834213734,0.33653554614200437,0.002855348102184952,0.0001,7.4860498405173215e-06,0.005243528685548982,0.0005339735759345447,19112,0.33656865834213734
323,0.3383650463752496,0.3370989041225259,0.003177605537873836,0.0001,8.51395940399281e-06,0.005358726438832666,0.0005394978682845019,18966,0.3383650463752496
324,0.3445484698148492,0.33765834802827055,0.0030294954497025813,0.0001,7.856170334451905e-06,0.005186454619182993,0.0005263713817816576,18817,0.3445484698148492
325,0.3305093143568367,0.33825697666035714,0.0030603822811050225,0.0001,7.830195743099694e-06,0.005117135719575802,0.0005297831636985792,19283,0.3305093143568367
326,0.3389612453244778,0.3387788523685832,0.0028517497503330234,0.0001,7.429291516032917e-06,0.005210339031442246,0.000536361737915503,18974,0.3389612453244778
327,0.3417723590554086,0.33926759879121626,0.0027685377947813125,0.0001,7.151168332424921e-06,0.005166025434729377,0.0005394523224690358,18834,0.3417723590554086
328,0.3461078084956025,0.33980542355687066,0.0029230837528531673,0.0001,7.3036063779169195e-06,0.004997192687885187,0.0005298232704036932,18680,0.3461078084956025
329,0.3357098267878408,0.3403452109014345,0.0028465994665115278,0.0001,7.285130747833797e-06,0.005118479669190434,0.000534651836005459,19079,0.3357098267878408
330,0.3383360230627014,0.3408308179180457,0.0028553979890022607,0.0001,7.012256362888038e-06,0.004911578974206867,0.0005483685461256703,18980,0.3383360230627014
331,0.3438755555967068,0.3413101481748356,0.002919643090103756,0.0001,7.562878549982197e-06,0.0051806870337109834,0.0005350565348479978,18751,0.3438755555967068
332,0.33458211843079916,0.3417622477957603,0.0028381651150569823,0.0001,7.281057225098447e-06,0.005130820040364187,0.0005257808813544972,19091,0.33458211843079916
333,0.3443419420147178,0.342219639269298,0.0027919885723581856,0.0001,7.142309602339183e-06,0.005116288564395234,0.0005721088698665682,18664,0.3443419420147178
334,0.3460447137352883,0.3427370117674233,0.0028908569873888523,0.0001,7.432112347381908e-06,0.005141805616676261,0.0005427635596423281,18742,0.3460447137352883
335,0.34964715463818397,0.3431559593192962,0.002808287277525518,0.0001,7.234212620841617e-06,0.005152046002370483,0.0005291598845442001,18536,0.34964715463818397
336,0.3409917830895188,0.34367665124742336,0.0029848350115509324,0.0001,7.49635755995768e-06,0.005022962764070863,0.0005499789059767298,18835,0.3409917830895188
337,0.3402417421725994,0.34429800905244023,0.003226785956767849,0.0001,8.154582148152397e-06,0.005054306208968715,0.0005401791831117974,18902,0.3402417421725994
338,0.35631752045897647,0.3447548155309732,0.0028143870543088,0.0001,7.2719094106792525e-06,0.00516766832020921,0.0005451868750458555,18312,0.35631752045897647
339,0.3454690837991629,0.3452793043980161,0.002956121530956316,0.0001,7.199709168852518e-06,0.004871050864085,0.0005573353861437985,18750,0.3454690837991629
340,0.3496690307425728,0.34573808325443056,0.0028037682572027017,0.0001,6.640863374308958e-06,0.004737098622362247,0.0005321936747295397,18494,0.3496690307425728
341,0.3485718550429394,0.34624131060146046,0.00283543619657949,0.0001,6.736971839446543e-06,0.004751982673828911,0.0005428703596908354,18573,0.3485718550429394
342,0.3444554510345772,0.34667957346556233,0.0027110355945905093,0.0001,6.7305507519955874e-06,0.004965298696502144,0.0005627991974314509,18777,0.3444554510345772
343,0.33952887484737926,0.3472095038755407,0.002918458184606095,0.0001,7.032673272518592e-06,0.004819444259721538,0.0005433680086676983,18916,0.33952887484737926
344,0.34304328475890805,0.3476705159140725,0.0028215752236422716,0.0001,6.976894498900573e-06,0.004945389681934014,0.0005317020446119589,18828,0.34304328475890805
345,0.3536442310558905,0.34814010170802717,0.0028226471629239592,0.0001,7.327233472164506e-06,0.005191745938641711,0.0005511606360962937,18387,0.3536442310558905
346,0.3496947146544858,0.3485993673094702,0.0029490288802790556,0.0001,7.458066046725202e-06,0.005057981016462255,0.0005429796059110222,18655,0.3496947146544858
347,0.3467747988640506,0.34907310450999407,0.002790919875970538,0.0001,7.029666704513187e-06,0.0050375267058275055,0.0005700807514045148,18542,0.3467747988640506
348,0.34417631174488583,0.34950975908688986,0.002690933900059169,0.0001,6.494239590683492e-06,0.0048267551949460336,0.0005495427009939806,18722,0.34417631174488583
349,0.3530715965218129,0.3499993341349459,0.003043007181557868,0.0001,7.941943988830635e-06,0.00521979970140245,0.0005656385428316328,18473,0.3530715965218129
350,0.3495347493558596,0.3504470920111519,0.00284519209581556,0.0001,7.131295143686487e-06,0.005012874283022592,0.0005434590519009057,18536,0.3495347493558596
351,0.3513780507238178,0.35083396880719364,0.0026936692586474824,0.0001,6.28887538965763e-06,0.004669374585961853,0.0005384796240263777,18452,0.3513780507238178
352,0.3541438678931016,0.3512722297632055,0.002750647907311929,0.0001,6.784777701512632e-06,0.004933221502815353,0.0005633418124153652,18324,0.3541438678931016
353,0.35108848290437855,0.3517775456731612,0.0029855138671584986,0.0001,7.804094188935338e-06,0.005227973833772867,0.0005604611949239771,18541,0.35108848290437855
354,0.34650351580526195,0.3521200008853702,0.0025465104228218874,0.0001,5.876029235245048e-06,0.004614965784222937,0.0005349648532720334,18574,0.34650351580526195
355,0.3472442101227321,0.3525486425213413,0.002877964007243082,0.0001,7.265981084407961e-06,0.005049389822889647,0.0005591306302841132,18683,0.3472442101227321
356,0.3552142789224967,0.35298912449880393,0.0029483166953543746,0.0001,7.352205619231252e-06,0.004987392047005011,0.0005512126258284026,18206,0.3552142789224967
357,0.356189263957683,0.3534002774615312,0.002834890647081949,0.0001,6.905853893847176e-06,0.004872042525489024,0.0005492289710695371,18342,0.356189263957683
358,0.3596556164116238,0.3538377094056608,0.002862602407311984,0.0001,6.9839497759496866e-06,0.004879440999637595,0.0005288099874212089,18158,0.3596556164116238
359,0.3550834290202317,0.35405658207261437,0.002210702761902945,0.0001,5.261054445932511e-06,0.00475962172445459,0.0005533489492652064,18381,0.3550834290202317
360,0.3572221190411494,0.35443058536656125,0.00281381012760063,0.0001,7.038078491018226e-06,0.005002525523653356,0.0005560643075090369,18241,0.3572221190411494
361,0.3536678102879155,0.3548904371102629,0.0028482434345411187,0.0001,6.868933357216651e-06,0.004823276882808515,0.0005435192669000715,18439,0.3536678102879155
362,0.3507300030387349,0.355287441915506,0.002641093573418975,0.0001,5.9636481581644865e-06,0.004516044579552223,0.0005713248479639,18482,0.3507300030387349
363,0.35520614158224917,0.3557091172888498,0.002821040205772491,0.0001,6.7868205498934096e-06,0.004811573075779656,0.0005439053304352395,18242,0.35520614158224917
364,0.3489898302356568,0.35611848464816664,0.0025744483644214167,0.0001,5.901008442561942e-06,0.004584289608689151,0.0005682940752528977,18577,0.3489898302356568
365,0.35171641679316606,0.35652765352834015,0.0028271073806636414,0.0001,6.716094842106766e-06,0.004751213121965119,0.0005478435254376098,18379,0.35171641679316606
366,0.3569515399140867,0.3569475416811535,0.0027035949045306805,0.0001,6.0943467415736e-06,0.004508328323419091,0.0005372785044361048,18272,0.3569515399140867
367,0.3617832019400373,0.35738797470608863,0.0029931123905207586,0.0001,7.406783693313196e-06,0.004949218557091685,0.0005535472673023962,17961,0.3617832019400373
368,0.3606286513967403,0.35784453883715667,0.0028422989151492984,0.0001,6.477347812073925e-06,0.004557823089999448,0.0005605142818440892,18140,0.3606286513967403
369,0.35310307472424063,0.3582885681832382,0.002915653945985425,0.0001,6.9992573734921595e-06,0.004801157821304181,0.000545399002115244,18336,0.35310307472424063
370,0.35890127525735044,0.3587265418480759,0.002896705927164385,0.0001,6.906362087096821e-06,0.004768424728469093,0.0005745529325655174,18131,0.35890127525735044
371,0.3616828758775682,0.35909749197183893,0.0026327345164038306,0.0001,6.390071413576944e-06,0.004854322662434971,0.0005576529854689782,18024,0.3616828758775682
372,0.36186402509652543,0.3594465559669462,0.0026685849430394667,0.0001,6.375927174067448e-06,0.004778507943468638,0.0005563574038941095,18052,0.36186402509652543
373,0.35718414875982074,0.3598892859155859,0.0028054999458764045,0.0001,6.316796752520384e-06,0.004503152289705067,0.0005753447132469208,18241,0.35718414875982074
374,0.3566821828899444,0.36031299641463,0.0029009114549070607,0.0001,6.837420454261935e-06,0.00471398080261708,0.000565063631148055,18224,0.3566821828899444
375,0.3584461825937223,0.36072717398334875,0.002858627882224961,0.0001,7.147352778074511e-06,0.005000547866000312,0.0005588802152085533,18071,0.3584461825937223
376,0.36406712747354275,0.36112306206132877,0.0029505322072739286,0.0001,7.4557242029982605e-06,0.005053816517994761,0.0005529922296460693,17939,0.36406712747354275
377,0.3620495161012077,0.3615433633478375,0.002776849267243532,0.0001,6.271233184669948e-06,0.004516797694889036,0.0005349050181396816,18067,0.3620495161012077
378,0.36012283589378236,0.36198672221231093,0.002994482521996044,0.0001,7.290439530766919e-06,0.004869248344055987,0.000566164123389339,18142,0.36012283589378236
379,0.3570976668364487,0.36231787026689155,0.0024347095656606153,0.0001,5.286941652307922e-06,0.004342975217147433,0.0005472270351382588,18207,0.3570976668364487
380,0.3712849382063889,0.3626909104487074,0.0026692793238342638,0.0001,6.009856008399206e-06,0.004502980227461845,0.0005778718082650611,17673,0.3712849382063889
381,0.361235529488547,0.3630961126666311,0.002820828770736544,0.0001,6.584411414053332e-06,0.004668423324634541,0.0005545643025191521,18069,0.361235529488547
382,0.3654900298268623,0.3635168041582442,0.0029625822702189298,0.0001,7.102861134818701e-06,0.0047950473519129035,0.0005752637379514303,17814,0.3654900298268623
383,0.3568281612055533,0.36384726695908715,0.0027156506185172396,0.0001,6.611709688730589e-06,0.004869337494040834,0.0005591233572803471,18311,0.3568281612055533
384,0.3615491766863216,0.3642400384453318,0.002785497660379871,0.0001,6.378652578036728e-06,0.004579901587256649,0.0005690803415528356,18062,0.3615491766863216
385,0.36532704211650024,0.3645699276945713,0.0025106876756171674,0.0001,5.520642622919e-06,0.004397713563923826,0.0005606658341504994,17890,0.36532704211650024
386,0.3737134688631639,0.3648529286163344,0.002538332298963921,0.0001,5.835177735006704e-06,0.004597646838744058,0.0005412717542830844,17586,0.3737134688631639
387,0.3650969023514741,0.3652018118380815,0.0027572511739449744,0.0001,6.659274428608173e-06,0.0048303719962373435,0.0005621539975754734,17930,0.3650969023514741
388,0.3568734348384519,0.3656140149369814,0.0028442874297826453,0.0001,6.470986895464178e-06,0.004550163832041883,0.00058735445459732,18282,0.3568734348384519
389,0.3678568291928145,0.3660190678812517,0.002932190458991258,0.0001,7.0624763117311655e-06,0.004817201618042794,0.0005490471948856169,17755,0.3678568291928145
390,0.3670606006345861,0.3664312119960595,0.002880750108944443,0.0001,6.6652259699050545e-06,0.0046274239124109995,0.0005710065314859254,17725,0.3670606006345861
391,0.373155732819513,0.36679435333038923,0.002783626098868084,0.0001,6.42904813112913e-06,0.004619189433339052,0.0005590760927234279,17714,0.373155732819513
392,0.36485723751833243,0.36718616530496145,0.0027186813296696667,0.0001,6.083587219025316e-06,0.004475395591703645,0.0005228132323388329,18000,0.36485723751833243
393,0.36835395234387486,0.36747247579729436,0.002567368778676201,0.0001,5.711008439831525e-06,0.004448919444113722,0.000554882801561509,17748,0.36835395234387486
394,0.35862927701172786,0.36788529460715946,0.0026897971229178632,0.0001,5.783955258165769e-06,0.0043006628335533325,0.0005612378084831808,18090,0.35862927701172786
395,0.36649431576771696,0.36821673489974904,0.002704355607384516,0.0001,6.098155703133135e-06,0.0045098770934425235,0.0005626969604334087,17841,0.36649431576771696
396,0.3666843043317073,0.36857629245376217,0.002689965472559301,0.0001,5.790634141338636e-06,0.004305359455658202,0.0005667962110053693,17868,0.3666843043317073
397,0.3633413849018299,0.36884453005516565,0.0025485902757527773,0.0001,5.886642683069311e-06,0.004619528481352754,0.0005636874660458937,17955,0.3633413849018299
398,0.3668932099850392,0.36920682520473164,0.0027383471206133356,0.0001,6.107453529259227e-06,0.004460686144049757,0.0005657899288784805,17875,0.3668932099850392
399,0.36515965014774887,0.36955350835478357,0.0026070340338384475,0.0001,5.508726103792277e-06,0.004226048476767712,0.0005647593060825668,17995,0.36515965014774887
400,0.3652113237224497,0.36985639136246934,0.002554035139428595,0.0001,5.543682504474484e-06,0.004341116861622156,0.0005601236401393956,18011,0.3652113237224497
401,0.3715774296456088,0.37022856197550325,0.0027584188396889008,0.0001,6.315586779989385e-06,0.004579135473640883,0.0005497361447034766,17759,0.3715774296456088
402,0.37015726737118704,0.3706514027321751,0.0029711461455874427,0.0001,6.830101594307507e-06,0.0045976207561860515,0.0005682259368251924,17640,0.37015726737118704
403,0.37656743926901537,0.3709886501568097,0.002713861668468648,0.0001,6.185833825319506e-06,0.004558695011754219,0.0005649112445904661,17579,0.37656743926901537
404,0.37039313262485885,0.37126382782859274,0.0027633639509277177,0.0001,6.6837701449290075e-06,0.004837415746619354,0.000575066823109176,17652,0.37039313262485885
405,0.3765379457954966,0.37156700556825817,0.002690601595225267,0.0001,6.181330509944007e-06,0.004594757188067811,0.0005947178714697486,17495,0.3765379457954966
406,0.3743748233905221,0.37198466070657826,0.002723629452165168,0.0001,5.814181824163076e-06,0.004269436739671802,0.000566627450113137,17464,0.3743748233905221
407,0.3693596760630269,0.3722975870103335,0.002572952973602905,0.0001,5.762573327017966e-06,0.004479346016922056,0.0005754831280891142,17683,0.3693596760630269
408,0.3865835537291743,0.37260699035307454,0.002468914026027911,0.0001,5.13411750541693e-06,0.00415900873930139,0.00055255132677765,17204,0.3865835537291743
409,0.3646615609919432,0.37294387848294797,0.0027794452292649904,0.0001,6.441978316293481e-06,0.004635441812967134,0.00056858689936599,17942,0.3646615609919432
410,0.3673259068315958,0.37333003644590257,0.0029336767148776073,0.0001,6.720698978974226e-06,0.004581758409092198,0.0005972556398376289,17721,0.3673259068315958
411,0.37169336463601155,0.3736217270540315,0.0027176995143729935,0.0001,6.440087941903621e-06,0.004739367180105213,0.0005700496859093887,17595,0.37169336463601155
412,0.3766968042904157,0.373985025799444,0.0028888370468501366,0.0001,6.771484078605815e-06,0.004688034644244922,0.0005523155723838223,17374,0.3766968042904157
413,0.37041812423214615,0.3742657169591478,0.0025445426540546125,0.0001,5.693964208007036e-06,0.0044754323130987515,0.0005609970329202755,17715,0.37041812423214615
414,0.3751352482937608,0.3745616342565532,0.0027085666100160107,0.0001,6.048515804783263e-06,0.004466211598722697,0.0005525614591541137,17383,0.3751352482937608
415,0.3786336149105003,0.37492374381140275,0.0027479868946224976,0.0001,5.890702560436192e-06,0.004287285774152444,0.00058793848610667,17406,0.3786336149105003
416,0.36932187701651703,0.3752400922554438,0.0024456048932627325,0.0001,4.7427842538665334e-06,0.0038786185511258823,0.0005424984245562742,17751,0.36932187701651703
417,0.3729051655843329,0.37543287351378607,0.002176411102298278,0.0001,4.6154435691870425e-06,0.004241334336434104,0.0005540116771558398,17497,0.3729051655843329
418,0.3737814695865994,0.37566056969775935,0.002273638230689049,0.0001,4.7153262121400656e-06,0.004147824529420442,0.0005621482626465525,17462,0.3737814695865994
419,0.38139601417965874,0.37603059023625124,0.0027842238575169613,0.0001,6.57009545760556e-06,0.004719516672387781,0.0005947807210372016,17225,0.38139601417965874
420,0.38226191702737294,0.3762479041540663,0.0023496885872477894,0.0001,5.106840909373912e-06,0.004346823606404454,0.0005734893714198111,17235,0.38226191702737294
421,0.3735670592764523,0.37660543447681494,0.002665818221540252,0.0001,5.582840024789198e-06,0.004188462648862497,0.0005982975735368769,17524,0.3735670592764523
422,0.36677950735784526,0.37688575972529265,0.0023331499605196283,0.0001,4.647669229719977e-06,0.00398402958092318,0.000557480638667448,17825,0.36677950735784526
423,0.3758170369173272,0.3772514912670894,0.002819521294375898,0.0001,6.185897897373359e-06,0.004387906493001047,0.000588365145889513,17439,0.3758170369173272
424,0.3716412766081062,0.37759046464378415,0.0026817488872522316,0.0001,5.719127432346196e-06,0.004265222191035282,0.0005642645034632954,17512,0.3716412766081062
425,0.3844737230134465,0.3778774039133552,0.002583642098262082,0.0001,5.412620847450371e-06,0.004189915353284602,0.0005684278524757088,17172,0.3844737230134465
426,0.3755427096706844,0.3781304196224848,0.002333651539160088,0.0001,4.555968163084157e-06,0.003904583085034117,0.0005358142907375085,17545,0.3755427096706844
427,0.37367658677361615,0.37846705145629256,0.0027924349136376515,0.0001,6.091986539242594e-06,0.004363207542987407,0.000579589641568809,17529,0.37367658677361615
428,0.3768189700257685,0.3786702593708956,0.0022759699331589946,0.0001,4.913425623028807e-06,0.004317654246169311,0.0005515239609995438,17457,0.3768189700257685
429,0.37217723684845805,0.3789340611049187,0.002620909419594675,0.0001,5.8330501018380835e-06,0.004451164972149375,0.0005716043081179154,17645,0.37217723684845805
430,0.37659558587882985,0.3792325139517868,0.002485418598015218,0.0001,5.275083538392178e-06,0.004244825030765202,0.0005804776128261,17461,0.37659558587882985
431,0.37658790899754807,0.37959125075248523,0.002807326573241278,0.0001,6.001929660267398e-06,0.004275904141310998,0.000538797439363951,17463,0.37658790899754807
432,0.37242770031545025,0.37984892831935624,0.0023975382033251487,0.0001,4.891588061346776e-06,0.0040805089608687995,0.0005633947758382171,17496,0.37242770031545025
433,0.3870185194204798,0.38011729407740297,0.0027587586363672137,0.0001,6.215027204556643e-06,0.004505669414226617,0.0006004601439081526,16981,0.3870185194204798
434,0.3828679148568075,0.38038613317933945,0.002346692220942953,0.0001,4.729327159164964e-06,0.004030632664103362,0.0005764730417053498,17222,0.3828679148568075
435,0.38074997731020166,0.38072123446873696,0.0028163367673986126,0.0001,6.034800686699929e-06,0.0042855675191672046,0.0005748009968622918,17161,0.38074997731020166
436,0.37923892962029115,0.380919985460378,0.002354817266703337,0.0001,5.063890088490346e-06,0.004300877320794932,0.0005633446542487434,17339,0.37923892962029115
437,0.37834012019116586,0.38122258720349966,0.0027159916607746508,0.0001,5.959294508533502e-06,0.004388301035382267,0.0005592848476736361,17447,0.37834012019116586
438,0.38416389598403966,0.38152971974840383,0.0025575250118031897,0.0001,5.110443929589153e-06,0.003996398006669753,0.0005650158824961064,17119,0.38416389598403966
439,0.3790890687634154,0.38185960783976325,0.002746676729617937,0.0001,6.1408417184467375e-06,0.004471470306082165,0.0006092737261961145,17182,0.3790890687634154
440,0.38470522432046395,0.38209942252064766,0.00245496796922533,0.0001,5.075152263802043e-06,0.004134597540515789,0.0005910307228652182,17057,0.38470522432046395
441,0.3839041321655796,0.3823951847685805,0.002623749956656394,0.0001,5.605375107209092e-06,0.004272796722102563,0.0005658758804862606,17184,0.3839041321655796
442,0.38682001839124325,0.38263417663409127,0.002363323675355538,0.0001,4.7495108838866815e-06,0.004019348626186097,0.0005635488706315593,17015,0.38682001839124325
443,0.38376365657746014,0.38296072120578906,0.002703231861116652,0.0001,5.8525931978769775e-06,0.004330071187796216,0.000574432032784892,17190,0.38376365657746014
444,0.37609824928166413,0.3831667722852866,0.002388049203968319,0.0001,5.07812708812881e-06,0.004252950131588811,0.0005610340713926101,17441,0.37609824928166413
445,0.3753776430232404,0.3834635415105292,0.0024916425835980484,0.0001,5.009557318698281e-06,0.004021088218410721,0.0005553427402303189,17497,0.3753776430232404
446,0.3873507740010368,0.38377415785187663,0.0026818179238153224,0.0001,5.893854625495414e-06,0.00439541743170278,0.0005566299387706501,17020,0.3873507740010368
447,0.38885309168014803,0.383986602381718,0.002367323945724886,0.0001,4.571195104928063e-06,0.003861909235686238,0.0005297616676382079,17070,0.38885309168014803
448,0.38344032825562946,0.3842731821395966,0.002557721301502505,0.0001,5.085176925227306e-06,0.00397633387362421,0.0005730543319189136,17122,0.38344032825562946
449,0.3893066749904036,0.38462648100583446,0.002701503631226447,0.0001,5.432605985291269e-06,0.0040219127766450095,0.0005662402778962613,16966,0.3893066749904036
450,0.38266586611284104,0.3848056297717297,0.0023442829910042757,0.0001,5.210733176386845e-06,0.004445481365843634,0.0005457843974257541,17105,0.38266586611284104
451,0.386670911281531,0.3850483856939277,0.002618781862905548,0.0001,5.6594453742864115e-06,0.0043221968614119205,0.0005628342964707201,16982,0.386670911281531
452,0.38402764138455725,0.3853481944352458,0.0026119330586973767,0.0001,5.297420738718836e-06,0.004056321980442153,0.0005734223151628317,17207,0.38402764138455725
453,0.3871390038504323,0.3855547472573341,0.0024317209686775592,0.0001,5.001568412975793e-06,0.004113603885807501,0.0005699308306206322,16990,0.3871390038504323
454,0.3875823397871698,0.3857344316460214,0.0025228961850604823,0.0001,5.494713325031628e-06,0.004355877469369515,0.0005666108630269773,17129,0.3875823397871698
455,0.37279157438776866,0.38591132977858666,0.0023202954802737387,0.0001,5.03339401717398e-06,0.0043385802023629865,0.0005552808145143228,17529,0.37279157438776866
456,0.3870029559932423,0.3861858819018654,0.0024041886009564892,0.0001,4.713197847203286e-06,0.003920822056412857,0.0005734245141269547,16994,0.3870029559932423
457,0.3742812497992152,0.38635126901851424,0.002346667246015287,0.0001,4.990450429338025e-06,0.004253223747688953,0.0005925989892588896,17442,0.3742812497992152
458,0.3874553048224526,0.38662678761732083,0.0026156752278245,0.0001,5.491460320939708e-06,0.004198885444587128,0.0005850682221210497,17018,0.3874553048224526
459,0.3881154652821629,0.3868801144812135,0.0024073718688854616,0.0001,4.906034434012032e-06,0.004075842621093163,0.0005808628227459864,17027,0.3881154652821629
460,0.389737275764503,0.3871712753663248,0.0026823347498482644,0.0001,5.608728492762745e-06,0.00418197504474788,0.000592207841743678,16971,0.389737275764503
461,0.38310602560400986,0.38744740702088126,0.0025301242586766456,0.0001,4.931468901428643e-06,0.0038982029317469135,0.0005426436062434149,17274,0.38310602560400986
462,0.3922477736813079,0.38767444741885,0.0023763531621315815,0.0001,4.889392289103851e-06,0.004115038426963508,0.0005599410996336681,16781,0.3922477736813079
463,0.3864782234499734,0.3878771650210544,0.00248809244970822,0.0001,5.480333073185721e-06,0.004405248746949418,0.0005800637776247203,17040,0.3864782234499734
464,0.3932294567246237,0.3881443995315193,0.0027478338465276204,0.0001,5.918576482349396e-06,0.004307812490066367,0.0005863336729037849,16754,0.3932294567246237
465,0.38445356844914585,0.3884015968017813,0.0025571189607422246,0.0001,5.427034546217202e-06,0.004244647691042078,0.0005907046006574252,17094,0.38445356844914585
466,0.38690812328655033,0.3886675788103342,0.002649831383190141,0.0001,5.541487186936529e-06,0.004182520610247369,0.0005895063494913198,16957,0.38690812328655033
467,0.3877442230833655,0.3889275695534891,0.0027166514104493412,0.0001,5.753411785075023e-06,0.004235664364551942,0.0005848372945112893,17029,0.3877442230833655
468,0.38804877300374707,0.38921544841741507,0.0025892514755148804,0.0001,5.154240699202636e-06,0.0039812592542234244,0.0005634012669628677,16940,0.38804877300374707
469,0.38891931588883666,0.3894795735258991,0.0024906114277683114,0.0001,5.103542737331932e-06,0.004098224781619116,0.0005810644999640014,16979,0.38891931588883666
470,0.39632827694097833,0.3896103233897744,0.002242506818049466,0.0001,4.493995748369099e-06,0.004008010778114806,0.0005638729291402979,16615,0.39632827694097833
471,0.40441808818576563,0.3897863964706516,0.0023429519882844797,0.0001,4.609639131309291e-06,0.003934898499294039,0.0005921371566360345,16329,0.40441808818576563
472,0.38723630779231966,0.39007339204068303,0.0027532121312469496,0.0001,5.950036198584014e-06,0.004322250458695458,0.0005875474830286698,16949,0.38723630779231966
473,0.39223046371619114,0.39030366955608375,0.0024632613291883554,0.0001,4.749451632419764e-06,0.003856230417894563,0.0005507213579574101,16688,0.39223046371619114
474,0.382876957798193,0.39058873712645614,0.0026457553021443665,0.0001,5.487992815306611e-06,0.004148526366636121,0.0005885699546145739,17190,0.382876957798193
475,0.39563566861532506,0.3909106269815442,0.0028535909217555777,0.0001,6.223439118994095e-06,0.004361829911601575,0.0005782098464935811,16707,0.39563566861532506
476,0.39548518626957124,0.3911848796901709,0.0025884008536772654,0.0001,5.237755461789858e-06,0.004047097615772094,0.0005710240031655666,16699,0.39548518626957124
477,0.3951135618809356,0.3914294730246197,0.0023692109229519562,0.0001,4.6829320681728705e-06,0.003953157587453713,0.0005602949188523373,16728,0.3951135618809356
478,0.39097636139596176,0.3917160495199933,0.0025969253974761366,0.0001,5.0127549598114375e-06,0.0038605305833453382,0.000572521113214695,16802,0.39097636139596176
479,0.3949951461129668,0.39198072017350455,0.0026094632692556727,0.0001,5.205968255890186e-06,0.00399006823910968,0.0005901240122904842,16627,0.3949951461129668
480,0.39089209860263496,0.3922256792100468,0.0023483729320660203,0.0001,4.370001629200052e-06,0.0037217271324580204,0.0005541987749393131,16772,0.39089209860263496
481,0.39859411013716717,0.3925070074940573,0.002581621169492532,0.0001,5.00403569700936e-06,0.003876661499481739,0.0005736944134845511,16487,0.39859411013716717
482,0.3950892512689524,0.39280804942697667,0.0026639627390827487,0.0001,5.1277364150520405e-06,0.003849705808436056,0.0005945902071064764,16640,0.3950892512689524
483,0.3967767026260855,0.3930361139986397,0.0023789020119671794,0.0001,4.492154111402177e-06,0.0037766617446235136,0.0005660880126270812,16737,0.3967767026260855
484,0.38816145502137617,0.39317530611782675,0.0022415059897427925,0.0001,4.353170105374373e-06,0.0038841476447483325,0.0005757670318139961,16947,0.38816145502137617
485,0.3857385089932958,0.39349722963547284,0.0027628508826183494,0.0001,5.602950361477652e-06,0.004055919482826193,0.0005717850555253911,17067,0.3857385089932958
486,0.3886712328235037,0.3937285998697053,0.0025562313931550736,0.0001,5.160683259391094e-06,0.004037727784120066,0.0005559360869352445,16989,0.3886712328235037
487,0.3941550418944738,0.3939419948029689,0.002352557185859108,0.0001,4.553553603933926e-06,0.0038711523199560878,0.0005789922738414001,16811,0.3941550418944738
488,0.3902551829343688,0.3941480637144489,0.002335035965869942,0.0001,4.647808189971995e-06,0.003980930707626515,0.0005559058465901608,16907,0.3902551829343688
489,0.39735923924692307,0.3943375060564014,0.0023588506095382155,0.0001,4.414302144252803e-06,0.003742756854887878,0.0005536391057149679,16529,0.39735923924692307
490,0.3923049745748478,0.39458708056731373,0.002564949602960151,0.0001,5.009677728800307e-06,0.0039062582149908525,0.0005816765406837444,16787,0.3923049745748478
491,0.3981640887687271,0.39479119389342554,0.002391308486990226,0.0001,4.680121186184168e-06,0.003914276398587714,0.0005641162394462535,16493,0.3981640887687271
492,0.3971787040191437,0.3950066819223608,0.0024927175385465114,0.0001,4.88027656836352e-06,0.003915627416982976,0.0005515274994555438,16640,0.3971787040191437
493,0.393590447573461,0.3952767914324633,0.0026949153383705655,0.0001,5.519773785441633e-06,0.004096435763194751,0.0005885779161674441,16772,0.393590447573461
494,0.38517099205675587,0.3955354590771389,0.0026164275955399764,0.0001,5.281494672280877e-06,0.004037180070477651,0.0005766079454207365,17104,0.38517099205675587
495,0.38652239194091176,0.39572117736768736,0.002286959517896375,0.0001,4.342979085786574e-06,0.003798037570670598,0.000575481935693637,17091,0.38652239194091176
496,0.39820420299403947,0.3959410556286169,0.002473564930483243,0.0001,4.959347534914315e-06,0.004009878595703928,0.0005767093737097285,16613,0.39820420299403947
497,0.4004553940523664,0.3962508266761353,0.0028920458150668822,0.0001,5.9859420951136825e-06,0.004139590088046547,0.0005665519188173438,16454,0.4004553940523664
498,0.3940064407996033,0.3965088933886808,0.0024387628877386965,0.0001,4.538809511368952e-06,0.003722222881271979,0.0005787064852745855,16765,0.3940064407996033
499,0.40336047035331213,0.3968064349616144,0.0027171629139106073,0.0001,5.3803742393404975e-06,0.003960288293201331,0.0005793235195204209,16431,0.40336047035331213
500,0.4004335504880035,0.39706557110660134,0.0025823950753476625,0.0001,4.8472496210583846e-06,0.0037540728506894397,0.0005522608178076744,16411,0.4004335504880035
501,0.39155976327974396,0.39731434223049333,0.002584111637913929,0.0001,5.142954333509412e-06,0.003980442840047851,0.0005694537574245919,16837,0.39155976327974396
502,0.3964228451727525,0.3975249709469727,0.0026044975973956793,0.0001,5.344685380048642e-06,0.004104196821216471,0.0005730459435956726,16622,0.3964228451727525
503,0.4007535327194185,0.3978085090713787,0.0026477105517786438,0.0001,5.217802447507809e-06,0.003941369228598394,0.0005797126642493079,16520,0.4007535327194185
504,0.4008519079083998,0.39806068882811346,0.002630039018899061,0.0001,5.14301856584525e-06,0.003910982710817825,0.0005859833809165032,16632,0.4008519079083998
505,0.3965559881382056,0.3982028716498446,0.00220984928717111,0.0001,4.230942684800055e-06,0.003829168540462959,0.0005873205835424434,16642,0.3965559881382056
506,0.40657081985265064,0.39841599712685216,0.0024861002973458357,0.0001,4.736390592486356e-06,0.003810297273640113,0.0005521567712873947,16302,0.40657081985265064
507,0.39058568330552995,0.39866494274626857,0.0025661777614708805,0.0001,4.963979336689922e-06,0.0038687727804520215,0.0005732650053607276,16866,0.39058568330552995
508,0.3961408320284454,0.3989178187799033,0.0026672682105232156,0.0001,5.201538495666106e-06,0.003900274052039007,0.0005589670248436482,16675,0.3961408320284454
509,0.3973858605097871,0.39900306152238985,0.002152218482160906,0.0001,4.491699142480627e-06,0.004174017814372448,0.0006053802459428746,16646,0.3973858605097871
510,0.39449617187307384,0.399114653839939,0.0019256783638482947,0.0001,3.5395499694450464e-06,0.0036761590470088413,0.0005917458227216747,16699,0.39449617187307384
511,0.39525924717457994,0.3993691987339065,0.002489805315032043,0.0001,4.5731156055698855e-06,0.0036734724421704683,0.0005484080722861517,16730,0.39525924717457994
512,0.40174388208035317,0.3996401058042554,0.0026542135781551304,0.0001,5.003955142642796e-06,0.0037705745941672905,0.0005783513937534118,16510,0.40174388208035317
513,0.40131525068046714,0.39985291464890715,0.002577081006248896,0.0001,4.997083240571185e-06,0.0038780955883453215,0.000573723614894909,16460,0.40131525068046714
514,0.40027227238816104,0.399978504729576,0.0021950584161807146,0.0001,4.061635951898063e-06,0.0037007087574143886,0.0005627898937171699,16450,0.40027227238816104
515,0.4037339016362424,0.4000923865953394,0.002160664223999608,0.0001,4.359673609057943e-06,0.004035493864000531,0.000581142152166231,16359,0.4037339016362424
516,0.39854175851482376,0.4002729198984727,0.00240183064866589,0.0001,4.6037997651174205e-06,0.0038335756666895947,0.000597683798300472,16434,0.39854175851482376
517,0.39359677457614894,0.4005040843823433,0.0024370431238917465,0.0001,4.473047402121984e-06,0.003670880796708196,0.0005517543549392225,16710,0.39359677457614894
518,0.39716999884599435,0.40069258798021123,0.002301725561833302,0.0001,4.273615680222988e-06,0.0037134015897352197,0.0006059993231754033,16557,0.39716999884599435
519,0.405362025770283,0.4008833478738053,0.0025036722441646917,0.0001,4.9384839812571664e-06,0.0039449923948849846,0.0005626219829807655,16266,0.405362025770283
520,0.40646140564022054,0.4011558291447217,0.0026447841802999484,0.0001,5.021130985125973e-06,0.00379700621512075,0.0005647396052143679,16371,0.40646140564022054
521,0.4069398691492598,0.4014192854805794,0.0026951129023622725,0.0001,5.393467959696509e-06,0.004002405951134086,0.0005761286493600418,16278,0.4069398691492598
522,0.40268222576172874,0.40156796387007776,0.002366066677155786,0.0001,4.583065260994855e-06,0.0038739950190280277,0.0005847350441210801,16346,0.40268222576172874
523,0.3934393323560995,0.4017412344917769,0.0023921238471655113,0.0001,4.8463256284663805e-06,0.004051901939950907,0.0005814409627428602,16746,0.3934393323560995
524,0.3985830760542753,0.4018555755273074,0.0022605603122308904,0.0001,4.383150952911515e-06,0.0038779332090333766,0.0005814436157532221,16602,0.3985830760542753
525,0.4108863381903277,0.40205486563177084,0.0024180526929487795,0.0001,4.606881220268331e-06,0.0038104059797392656,0.0005897244431710244,16107,0.4108863381903277
526,0.403013594790532,0.4022295408814781,0.0022877376094409094,0.0001,4.1071718819050795e-06,0.0035905969853848867,0.0005747313184852757,16340,0.403013594790532
527,0.400509593294579,0.4024492792252995,0.0024985964849426295,0.0001,4.660803073199953e-06,0.0037307369167350534,0.0005755139849753653,16436,0.400509593294579
528,0.40556946429609886,0.4025909955969006,0.002335619015899527,0.0001,4.5353766638622655e-06,0.003883661361710173,0.000551568866521702,16295,0.40556946429609886
529,0.4073145832298418,0.4028282998702145,0.0026001454232964416,0.0001,4.986193606417167e-06,0.0038353190261917846,0.0005622054835584841,16190,0.4073145832298418
530,0.41516643451649693,0.4030537201002996,0.002482412332906077,0.0001,4.441037775971981e-06,0.0035780017018953543,0.0005545255214295178,15937,0.41516643451649693
531,0.4029979180409574,0.40328432552762233,0.0024168418517814773,0.0001,4.323914214832233e-06,0.003578152382329059,0.0005696867032965636,16430,0.4029979180409574
532,0.41471040998850545,0.4035454510764593,0.0026837869850062385,0.0001,5.100566512925873e-06,0.0038010218705297268,0.0005721604104352112,15919,0.41471040998850545
533,0.40697360840326546,0.4036980933762143,0.002237366923670224,0.0001,4.129771247450075e-06,0.003691635201860865,0.0005849019360234834,16287,0.40697360840326546
534,0.3989216425749542,0.4039339120255381,0.0024648145185489348,0.0001,4.444381458216395e-06,0.0036062603695087418,0.0005711322661805882,16540,0.3989216425749542
535,0.41076247401516797,0.4041674578678123,0.0026305623687414995,0.0001,5.100953006444992e-06,0.003878222441755194,0.0005894006759331583,16119,0.41076247401516797
536,0.4047038083788952,0.4043556539162839,0.0023856655423534984,0.0001,4.615827912948735e-06,0.003869635396079154,0.0005607618472659591,16269,0.4047038083788952
537,0.4088607922606523,0.4045857744250304,0.0025197313436127757,0.0001,4.540861957800857e-06,0.003604242943845113,0.0005486316309836074,16211,0.4088607922606523
538,0.40557215871012414,0.40482008238622635,0.0023490774351421044,0.0001,3.968801744898455e-06,0.0033790301550092293,0.0005821018999391683,16394,0.40557215871012414
539,0.4142005938942276,0.4050070350700287,0.002476104006341356,0.0001,4.566729422774975e-06,0.003688641035335739,0.000558816395190648,15936,0.4142005938942276
540,0.4045347091682762,0.4050321009528256,0.0019081759098887787,0.0001,3.812401252101045e-06,0.003995859325488767,0.0005633893041642379,16286,0.4045347091682762
541,0.4040126048006044,0.4052451838640992,0.002382078672444571,0.0001,4.208353606853164e-06,0.0035333456073761045,0.000563466661059179,16349,0.4040126048006044
542,0.40819043186424797,0.40545857290081616,0.002376422605597763,0.0001,4.353465981186856e-06,0.0036638819803616438,0.0005867001683431241,16137,0.40819043186424797
543,0.40977716573528966,0.40554825370975334,0.00214667510482376,0.0001,4.035108932893359e-06,0.00375940348292681,0.0005588786989494702,16017,0.40977716573528966
544,0.3994783587504763,0.40582808315999164,0.0027543179438444605,0.0001,5.416466787828526e-06,0.003933073013544873,0.0006139850635074494,16504,0.3994783587504763
545,0.4031328732500489,0.4060762897580962,0.002678519319606698,0.0001,5.040131798195461e-06,0.003763371622001615,0.0005602917410429956,16368,0.4031328732500489
546,0.40418851907796904,0.40615021366681103,0.0023333181495141667,0.0001,4.561188448358084e-06,0.003909615539833516,0.0005713681262391071,16226,0.40418851907796904
547,0.4052326538116876,0.4063814710456452,0.0026027276998018003,0.0001,4.837732289083935e-06,0.0037174325147055,0.0005628746866421097,16245,0.4052326538116876
548,0.40778319777276995,0.4065428461261853,0.0023525687578605362,0.0001,4.376019679634533e-06,0.003720205554046511,0.0005798068797542648,16257,0.40778319777276995
549,0.4098176018446874,0.4066916473439659,0.002446142477321403,0.0001,4.760190485891403e-06,0.0038919977311411137,0.0005622864086323493,16040,0.4098176018446874
550,0.4039547667435963,0.4068927481795098,0.002573175954900642,0.0001,4.93254336349023e-06,0.0038338173913805987,0.0005969036466981303,16366,0.4039547667435963
551,0.4126334407407267,0.40708341006908455,0.002402376391382958,0.0001,4.5038437584670265e-06,0.003749490524983334,0.0005652682430098949,16014,0.4126334407407267
552,0.40414247949827625,0.407268148986086,0.002367572330132213,0.0001,4.237400445408585e-06,0.003579531988509052,0.0005560904696829004,16437,0.40414247949827625
553,0.40937442500320925,0.40748178269356516,0.0024968274592402787,0.0001,4.6678866959974435e-06,0.0037390542776374,0.0005512232261138553,16154,0.40937442500320925
554,0.4107111174673632,0.40765678472437034,0.002282822083536877,0.0001,4.135344257341109e-06,0.003623010559748955,0.0005776990324725659,16168,0.4107111174673632
555,0.4107614693164212,0.40775728095861086,0.002190729158015834,0.0001,4.024304258881473e-06,0.0036739404724282086,0.0005857668311376913,16151,0.4107614693164212
556,0.41224542674250325,0.4080184469039181,0.0027673234145117976,0.0001,5.1984495543943184e-06,0.003757023503023705,0.0005873537350186912,16076,0.41224542674250325
557,0.4140958975543097,0.4081764890259365,0.002326486186085755,0.0001,4.187185704132607e-06,0.003599579253189055,0.0005819448855671298,16078,0.4140958975543097
558,0.4070934978344925,0.40835385992806544,0.002483139176214505,0.0001,4.651859430766578e-06,0.003746756907809125,0.0005823173143639593,16230,0.4070934978344925
559,0.40545730821240583,0.4084812081833993,0.0023217163524872826,0.0001,4.3160532113819245e-06,0.0037179849353760073,0.0005839769545937385,16318,0.40545730821240583
560,0.415538001049082,0.4086295382563873,0.0021728249243827442,0.0001,3.6672320671393934e-06,0.0033755430784937076,0.0005869531581714379,15792,0.415538001049082
561,0.40598309794718024,0.4088067956960314,0.0022924274194277066,0.0001,3.9058877019147485e-06,0.0034076435038365004,0.0005759530990031253,16257,0.40598309794718024
562,0.4057894467034724,0.4089173177764278,0.002175759154793849,0.0001,3.6637009496662597e-06,0.0033677449469478545,0.0005811451108595185,16297,0.4057894467034724
563,0.4091930878934874,0.40906714266514793,0.002347149584931619,0.0001,4.090994746346776e-06,0.0034859258844092468,0.0005679420710154189,16098,0.4091930878934874
564,0.410969440432314,0.4092863297583008,0.0024637533683940175,0.0001,4.3013164425495236e-06,0.0034916777772714402,0.0005643607833168814,16088,0.410969440432314
565,0.40346456313903656,0.4094800429537857,0.0024953410142924642,0.0001,4.7419464064002166e-06,0.003800639976051337,0.0005955932477746202,16343,0.40346456313903656
566,0.40186933905273625,0.409607772517081,0.0023937268342800956,0.0001,4.7441534419808966e-06,0.003963821914882516,0.0006014475363978946,16373,0.40186933905273625
567,0.41356280930164524,0.4097715596051681,0.0024316956012510856,0.0001,4.4647523571576285e-06,0.0036721309647972005,0.0005661576082129742,15939,0.41356280930164524
568,0.4002209071398971,0.4099382627088181,0.0022499377767351333,0.0001,3.951773473623958e-06,0.0035127846774130307,0.000567355038827413,16478,0.4002209071398971
569,0.40892956930190094,0.41012174186008443,0.0023083286313590125,0.0001,3.929593705316224e-06,0.0034047090625936582,0.0005723508663061607,16198,0.40892956930190094
570,0.41270761659887323,0.4103784117371956,0.0027459758153891753,0.0001,5.014166980813988e-06,0.0036520110284389744,0.0005923604164792568,15961,0.41270761659887323
571,0.40834149296313405,0.41054442473011343,0.002436000832729649,0.0001,4.490014386123997e-06,0.003686381651267937,0.0005804878860069532,16212,0.40834149296313405
572,0.4085291139101609,0.4107417546898967,0.0023740152102958824,0.0001,4.1816407557299455e-06,0.003522842429647931,0.0005727721044690996,16236,0.4085291139101609
573,0.417445155152671,0.4109531165580422,0.0025078517056093368,0.0001,4.338437564019117e-06,0.003459883656051346,0.0005912731994677002,15755,0.417445155152671
574,0.4112245612765986,0.41113478976659623,0.0022975774958435163,0.0001,3.832103327964434e-06,0.0033357772130837684,0.000585350345217189,15958,0.4112245612765986
575,0.40289651496677736,0.4112524126661362,0.0022365690938435452,0.0001,3.7031461847015394e-06,0.0033114525233268605,0.0005780475298785964,16363,0.40289651496677736
576,0.4238737747297241,0.41149793898441217,0.002776331126004099,0.0001,5.383426753210696e-06,0.003878086949202578,0.0005879788421052896,15580,0.4238737747297241
577,0.4143368976390506,0.4116721889147732,0.002459180231016403,0.0001,4.469066624411413e-06,0.0036345986910965903,0.000576454555669602,15999,0.4143368976390506
578,0.4122759711005863,0.4119230580230234,0.0025891633930330686,0.0001,4.424075913918489e-06,0.003417378699098566,0.0005591622826539627,16062,0.4122759711005863
579,0.4106322317755352,0.41207683813782237,0.002237776723564995,0.0001,4.059715307972457e-06,0.003628347068964894,0.0005652805456676823,16135,0.4106322317755352
580,0.40591859981247524,0.41225331612524185,0.0024807387243294724,0.0001,4.48036602371239e-06,0.0036121224535029597,0.0005579297379449123,16224,0.40591859981247524
581,0.4168686366948897,0.4124459856841497,0.0023610210505287618,0.0001,4.035827676199713e-06,0.003418713844415636,0.0005538794206051269,15858,0.4168686366948897
582,0.41312957355279833,0.4126077354106472,0.002488533821793639,0.0001,4.567132041739445e-06,0.0036705404618110693,0.0005689465349690092,15900,0.41312957355279833
583,0.4093017384676654,0.41275548521568445,0.0023824847126065526,0.0001,4.177967372035794e-06,0.003507235408419387,0.0005895115206309379,16075,0.4093017384676654
584,0.4094600292594756,0.4127792327031722,0.001673424930927367,0.0001,2.918025731579458e-06,0.0034874892535064197,0.0005852794309248171,16079,0.4094600292594756
585,0.40636758985445004,0.4128912297501851,0.0023172239781937332,0.0001,4.135128811910557e-06,0.0035690367878325456,0.0005966173405114088,16221,0.40636758985445004
586,0.41328145333665794,0.413121347802208,0.0026821772614348534,0.0001,4.83461180629733e-06,0.0036049905245345436,0.000582417180289261,16102,0.41328145333665794
587,0.4128582399790448,0.4133399663746836,0.002524477013885676,0.0001,4.435086699182506e-06,0.00351366772189858,0.0005575791311645167,15970,0.4128582399790448
588,0.41208513219703546,0.41339561394222135,0.0019010728205384598,0.0001,3.4028181286907363e-06,0.003579892460644324,0.0005672129031920934,15981,0.41208513219703546
589,0.41005164363406643,0.413591016992921,0.0023498930216077837,0.0001,4.0369052610808245e-06,0.0034358204598767626,0.0005860231215369435,16188,0.41005164363406643
590,0.41827212003543235,0.4137312911453719,0.0023800409949290735,0.0001,4.260989411900579e-06,0.0035806016963397373,0.0005693889638062506,15829,0.41827212003543235
591,0.41417277228379085,0.4139250185468551,0.0024373304210232754,0.0001,4.268982857458467e-06,0.003502998871746081,0.0005648868132475561,15887,0.41417277228379085
592,0.4125257262398776,0.4140131469246064,0.0023470058447451667,0.0001,4.422516993410306e-06,0.0037686459139521173,0.0006168226147692359,16092,0.4125257262398776
593,0.42266123179174253,0.4141721275004007,0.0022509413630837035,0.0001,3.650211131079814e-06,0.003243275183391862,0.000574978812606701,15779,0.42266123179174253
594,0.4078456331690751,0.4143908041929326,0.0024328106812260197,0.0001,3.969753473684608e-06,0.003263512039238534,0.0005811322620260017,16194,0.4078456331690751
595,0.4131490255111898,0.41456836336134734,0.0024842802749357904,0.0001,4.443853872763766e-06,0.003577578518493548,0.0005604616661282781,16077,0.4131490255111898
596,0.40807970100998303,0.41477969844569257,0.0024382561644024805,0.0001,3.933904224256469e-06,0.0032268178230735745,0.0005694629967167779,16211,0.40807970100998303
597,0.41334529769186845,0.41483992653963286,0.0018936535851681083,0.0001,3.3268702555676367e-06,0.0035137052327047402,0.0005513450512347358,15859,0.41334529769186845
598,0.4190047400395759,0.4149255676081308,0.001833889306026076,0.0001,3.0294545758316136e-06,0.0033038576165714743,0.0005784786001317779,15789,0.4190047400395759
599,0.4214977215163992,0.4150691822639184,0.002194755595883516,0.0001,3.627455386862765e-06,0.003305566591256375,0.0005781854513520663,15703,0.4214977215163992
600,0.41311848113492633,0.4152012436117722,0.002154992242743827,0.0001,3.58787925593402e-06,0.00332983032121339,0.000586483408618922,15981,0.41311848113492633
601,0.41308975540304704,0.4152789264157683,0.002049335086283233,0.0001,3.4019983319911727e-06,0.003320099631106391,0.0005652401106990628,15896,0.41308975540304704
602,0.4140482719807529,0.4154915971801658,0.0026033921214827387,0.0001,4.699455933835756e-06,0.0036102559388243244,0.000581181477883188,15945,0.4140482719807529
603,0.41720999949468096,0.415659062006865,0.002323447624634409,0.0001,3.932448337247603e-06,0.003385011390447304,0.0005714653896485907,15758,0.41720999949468096
604,0.4095881970294758,0.4158600427583677,0.0026333722208389137,0.0001,4.738515283740859e-06,0.0035988192221692913,0.0005772871554399655,16175,0.4095881970294758
605,0.42102482848355605,0.41602610962701714,0.0022907762709166546,0.0001,3.812033185445604e-06,0.0033281584359350974,0.0005934374783535016,15690,0.42102482848355605
606,0.41536093383459083,0.41619487141540085,0.0021916398248979273,0.0001,3.5266966162831356e-06,0.0032183176963827866,0.00057797455262819,15866,0.41536093383459083
607,0.40991639690271886,0.4163105231481313,0.002211311479404802,0.0001,3.551694748596354e-06,0.0032122971202160357,0.000565050781576802,16106,0.40991639690271886
608,0.4172046078786777,0.4164314407759191,0.0021499879043099675,0.0001,3.6741394775846828e-06,0.0034178233935356836,0.0005765438475694637,15881,0.4172046078786777
609,0.4183104142938548,0.41664376750806065,0.0025063859191802513,0.0001,4.350311756679381e-06,0.0034713822188262296,0.0005826178337547906,15756,0.4183104142938548
610,0.4191336786715877,0.41677116122306845,0.0022637505860706383,0.0001,3.924036790725804e-06,0.003466845521650023,0.0005552074203950118,15730,0.4191336786715877
611,0.41730610778884636,0.4168600240096616,0.0019451179986213333,0.0001,3.0886994382201896e-06,0.003175847882143302,0.0005554376132412217,15840,0.41730610778884636
612,0.41686070372166806,0.41698387011531735,0.0024443173722941826,0.0001,4.444366700826002e-06,0.0036364890674197648,0.0005815927857067856,15856,0.41686070372166806
613,0.41574025922299396,0.41708720503434066,0.001992344719879041,0.0001,3.1378259467373444e-06,0.003149882563422908,0.0005501842867684095,15843,0.41574025922299396
614,0.41558534323423335,0.4171739752200906,0.002149172885686824,0.0001,3.7104093498463426e-06,0.00345287191603535,0.0005892063130078947,15780,0.41558534323423335
615,0.40763783377250173,0.41733022760901184,0.002527941410264072,0.0001,4.4161802520624984e-06,0.0034938944661705423,0.0005679439496078156,16106,0.40763783377250173
616,0.4178975478109588,0.4173564518035395,0.0019255604651408772,0.0001,3.4558999645333e-06,0.0035895003320817144,0.00058088194976572,15776,0.4178975478109588
617,0.41991826040671354,0.41754549066206625,0.002444939092632348,0.0001,4.220207922969991e-06,0.003452198818111494,0.0005826608105302485,15696,0.41991826040671354
618,0.41270120796189247,0.41758819185898444,0.001871682227177261,0.0001,3.302788123645046e-06,0.0035292188766744633,0.0005842119884643686,15906,0.41270120796189247
619,0.413884112961302,0.4177308648599968,0.0022063875772596834,0.0001,3.6379095370925092e-06,0.0032976160440594624,0.0005752379643916372,15943,0.413884112961302
620,0.4123143461399531,0.417901693640984,0.0022498772409556955,0.0001,3.7006217530780043e-06,0.0032896210386181477,0.0005864017830095019,16031,0.4123143461399531
621,0.41550746279572665,0.4180811071879641,0.0023349392687386132,0.0001,3.6658461500835145e-06,0.003139992717723992,0.000560614942433729,15937,0.41550746279572665
622,0.42168550466225085,0.4182621451389703,0.002497270779502316,0.0001,4.26301382649718e-06,0.003414138235619575,0.0005947061527353566,15653,0.42168550466225085
623,0.42329369770929215,0.4184231259090423,0.002308436666024546,0.0001,4.006132214343324e-06,0.0034708617076702813,0.000573115970153624,15613,0.42329369770929215
624,0.4220619300357593,0.41856489516312956,0.002228471121845907,0.0001,3.7426423322173455e-06,0.003358932763837842,0.0005588129726697309,15641,0.4220619300357593
625,0.4210206139499638,0.41864871991225316,0.002024071938191375,0.0001,3.3334624182564703e-06,0.003293818125095999,0.0005750998295571473,15623,0.4210206139499638
626,0.42060320487303066,0.4187225869930162,0.0022449040090462124,0.0001,4.0247386939001185e-06,0.0035856666277771943,0.0005559361780083014,15688,0.42060320487303066
627,0.41812974747279186,0.4189252743981929,0.002547740124672698,0.0001,4.358586038877533e-06,0.0034215311025393297,0.0005907649064850093,15727,0.41812974747279186
628,0.41657563037133616,0.4191099735484636,0.002497026691590511,0.0001,4.316865051244774e-06,0.0034576042505137143,0.0005835425745508627,15821,0.41657563037133616
629,0.4196867663838809,0.4193216245409191,0.0027658119881694664,0.0001,5.197807676133882e-06,0.0037586124424704766,0.0005828010557072786,15878,0.4196867663838809
630,0.42290193241878843,0.41947182937619576,0.0024150622664091004,0.0001,4.1702957696089344e-06,0.003453572048732018,0.0005863637310808532,15608,0.42290193241878843
631,0.41033395972244546,0.4196138624721898,0.002239421285745682,0.0001,3.6010648939106897e-06,0.0032160673981551516,0.0005632596175481972,16136,0.41033395972244546
632,0.415570469810903,0.4196782747013423,0.0017771528052586973,0.0001,2.896123400189359e-06,0.0032592846170791424,0.0005612350591718415,15912,0.415570469810903
633,0.4204158531417393,0.41984228013435243,0.002498612964343387,0.0001,4.337777388776796e-06,0.0034721483084249704,0.000554645887720216,15717,0.4204158531417393
634,0.4189080423501441,0.41998236708663694,0.0024540987183723443,0.0001,4.24409968521527e-06,0.0034587848104416325,0.0005971537477732697,15713,0.4189080423501441
635,0.4201981425538305,0.4201140575202853,0.002136936597119478,0.0001,3.411774082933994e-06,0.0031931448855646504,0.0005729319687768965,15773,0.4201981425538305
636,0.42076320936748757,0.4202142081862476,0.0022505615656616147,0.0001,3.6906488279978434e-06,0.0032797581584157872,0.0005762889217122344,15735,0.42076320936748757
637,0.41973170698916284,0.42038647897194925,0.002415700300921991,0.0001,3.908349469031372e-06,0.0032357900253932054,0.0005853346755859429,15716,0.41973170698916284
638,0.42635180256971905,0.42053114722948676,0.0021577195250454774,0.0001,3.347135173735415e-06,0.0031024747515920703,0.0005991886244563787,15483,0.42635180256971905
639,0.42174617299938355,0.42056944225562565,0.0018003989888974322,0.0001,2.926588767816517e-06,0.0032510446693916053,0.0005809515214770678,15607,0.42174617299938355
640,0.4195105673827569,0.4206843854527652,0.002166447250481254,0.0001,3.5057612329388784e-06,0.003236415040486316,0.0005712907692054836,15759,0.4195105673827569
641,0.4224039942836248,0.42084181578984425,0.0024302209243828978,0.0001,4.192455714356776e-06,0.003450267152498788,0.0005847437495902786,15701,0.4224039942836248
642,0.42021247148857443,0.42099282914780256,0.0023950809581768586,0.0001,4.196986682395548e-06,0.0035046720805548925,0.0005907177323291343,15625,0.42021247148857443
643,0.42696519105519165,0.4211497512540794,0.0023552459268685226,0.0001,3.6876939180815418e-06,0.003131472493816906,0.0005833303781568673,15442,0.42696519105519165
644,0.41848823506011,0.42127703012546436,0.0023456275469627918,0.0001,3.981918619560139e-06,0.0033951840518892935,0.0005728876769956749,15837,0.41848823506011
645,0.416553482792174,0.42152769529649914,0.0028064460766422075,0.0001,4.798322889298506e-06,0.0034195012184516965,0.000591774127008342,15889,0.416553482792174
646,0.4190468548028493,0.4217318170557167,0.0024052612422441953,0.0001,3.626011144244839e-06,0.0030150663724674166,0.0005691034133757496,15765,0.4190468548028493
647,0.41961642590660275,0.42189973231437705,0.0024167028281389252,0.0001,3.869873663919169e-06,0.0032026061449179606,0.0005623462365735353,15800,0.41961642590660275
648,0.4186638636924029,0.4220917429618075,0.0026415879503358004,0.0001,4.544740163710782e-06,0.00344091527456661,0.0005692633355482087,15734,0.4186638636924029
649,0.4262616582945148,0.4222545180285858,0.002337017255897042,0.0001,3.700957404706408e-06,0.0031672486759502594,0.0005320189809402218,15527,0.4262616582945148
650,0.42094854647586666,0.4223930590138561,0.0022661733258402834,0.0001,3.751693523639903e-06,0.003311038463705151,0.000558004998864833,15605,0.42094854647586666
651,0.42084923983757067,0.42251881623972265,0.0021484562129524152,0.0001,3.39845487080921e-06,0.0031636249790160187,0.0005672440056681736,15696,0.42084923983757067
652,0.42097280465515585,0.4226775270467028,0.0024346813668439486,0.0001,4.277138078505202e-06,0.0035135095185368018,0.0005787502684091728,15720,0.42097280465515585
653,0.4148113770608411,0.42273456548319566,0.0020867115213481437,0.0001,3.464540061646465e-06,0.0033205740479241327,0.0005893710378395362,15875,0.4148113770608411
654,0.42126395205882206,0.42288131966834763,0.0021934608064633765,0.0001,3.470708986093075e-06,0.0031645963090528775,0.0005689966439463289,15672,0.42126395205882206
655,0.4241772747359573,0.4230361346558784,0.002276161169159836,0.0001,3.5177483955380863e-06,0.003090948429488003,0.0005686352890536213,15555,0.4241772747359573
656,0.4203199499420504,0.4231948404461392,0.002472537772003936,0.0001,4.131441335779363e-06,0.003341863070856889,0.0005920140943355216,15686,0.4203199499420504
657,0.4238485248546249,0.42328618275125307,0.0022711544956533084,0.0001,3.942199593270479e-06,0.003471538022459794,0.0005587990132840508,15549,0.4238485248546249
658,0.4206647850423487,0.423325050681976,0.0018521434478840897,0.0001,3.1286195420703816e-06,0.003378377139896537,0.0005869821417220818,15672,0.4206647850423487
659,0.42342046642889125,0.42349929050341406,0.002410054488275008,0.0001,4.033993004817299e-06,0.0033476363496699377,0.0005779735647228197,15681,0.42342046642889125
660,0.416862858407934,0.42356290138701513,0.0019441839281647384,0.0001,3.306025554422267e-06,0.0034009390845474935,0.0005859853603413785,15878,0.416862858407934
661,0.42250732518992395,0.42357207698854127,0.0019683504474321215,0.0001,3.5148106790754906e-06,0.003571326115896542,0.0005889124284442604,15590,0.42250732518992395
662,0.42251805267390463,0.42369981463261586,0.0021805979633140672,0.0001,3.5330642313694386e-06,0.003240454490748855,0.0005780813986810652,15588,0.42251805267390463
663,0.4333172506884616,0.4238911247364551,0.002443992052303181,0.0001,3.997074500399169e-06,0.0032709390332365325,0.0005898393469131793,15189,0.4333172506884616
664,0.4288191997027251,0.42399110027658704,0.0021862322653469287,0.0001,3.4005496800101992e-06,0.0031108768577894656,0.0005841047571964475,15445,0.4288191997027251
665,0.42026474163575467,0.4240124352089828,0.0020083924543924706,0.0001,4.048433680796134e-06,0.004031516521526434,0.0006100505937157562,15757,0.42026474163575467
666,0.427647557317793,0.4241211175532288,0.00223865906672384,0.0001,3.5717369360830674e-06,0.003190961043755641,0.0005922470555433963,15512,0.427647557317793
667,0.42320632951048553,0.42416763131260643,0.0020525602466300976,0.0001,3.5399069325276896e-06,0.0034492599555501716,0.0005744121594853037,15574,0.42320632951048553
668,0.42480923998725595,0.42423285309318703,0.0021424069534916683,0.0001,3.541598413348678e-06,0.00330618644378149,0.0006007924119403451,15492,0.42480923998725595
669,0.42612611561530456,0.42429794982515806,0.002028726459418891,0.0001,3.2965279011787417e-06,0.0032498495653504704,0.0005672498882566947,15504,0.42612611561530456
670,0.4230375131951679,0.424441265849672,0.0022212050144453524,0.0001,3.3369728128070335e-06,0.0030046508909401994,0.0005953808769436388,15600,0.4230375131951679
671,0.42519977860450964,0.42448897125066665,0.0019223733487604944,0.0001,3.1620502026884796e-06,0.003289735789072713,0.0005657968199665162,15557,0.42519977860450964
672,0.42189631875365863,0.4244619580153086,0.0015076526076964621,0.0001,2.407952347045972e-06,0.0031943066124829307,0.0005840094630298453,15616,0.42189631875365863
673,0.4182039804796166,0.42455642087542644,0.0019490778566126656,0.0001,2.9744323887325124e-06,0.003052143226235023,0.0005937504973989433,15768,0.4182039804796166
674,0.43034235656292524,0.42468225953110506,0.0021530048176217637,0.0001,3.4168222336531265e-06,0.003174003333097407,0.000571077092515755,15351,0.43034235656292524
675,0.4345076433784977,0.4247196784653452,0.0019755086022229503,0.0001,3.3706953198488907e-06,0.0034124835660609117,0.0005716886649103903,15214,0.4345076433784977
676,0.41705476408440145,0.4248293468519303,0.002037338334299692,0.0001,3.1985954882091243e-06,0.0031399747743013915,0.000599125468765678,15794,0.41705476408440145
677,0.42476610550156074,0.42499221242225793,0.0024508972144752024,0.0001,4.243180164752729e-06,0.0034625525213314986,0.0005769642654270147,15516,0.42476610550156074
678,0.4236584922540081,0.4251632254114817,0.0022580032816914056,0.0001,3.3113200485768543e-06,0.0029329630080045226,0.0005534570406844184,15573,0.4236584922540081
679,0.43268848520251346,0.4252306925215623,0.002144993922768118,0.0001,3.725911449045746e-06,0.003474053151849914,0.000571711603878706,15280,0.43268848520251346
680,0.4269440242723972,0.42529332411342824,0.002002912930699912,0.0001,3.137368527167518e-06,0.0031328057042111883,0.0005557891345419503,15478,0.4269440242723972
681,0.43147774225934976,0.4253766182135008,0.002226945423671265,0.0001,3.657742370358293e-06,0.003284986090344564,0.0005973504934169869,15300,0.43147774225934976
682,0.4228169194088067,0.4255434462581979,0.0023898937308822815,0.0001,3.681915393807091e-06,0.0030812377523144778,0.00056695583090689,15564,0.4228169194088067
683,0.4288868931833562,0.4256404846278376,0.0023145575302373836,0.0001,3.9804200277730835e-06,0.0034394651900182807,0.0005879220534676559,15368,0.4288868931833562
684,0.4281810640456763,0.425767238304675,0.002301925137360936,0.0001,3.657842217522516e-06,0.0031780722649530514,0.0005605516448445081,15357,0.4281810640456763
685,0.4246696460279762,0.42582652789124353,0.002249318018416602,0.0001,3.886781936814939e-06,0.003455964790208743,0.0005989093099484426,15515,0.4246696460279762
686,0.42562665683031486,0.4259268648885173,0.0021802502405504653,0.0001,3.5376975225127024e-06,0.003245221540825985,0.0005748839206307583,15580,0.42562665683031486
687,0.42824748576592553,0.4259519007368534,0.0020475057759312865,0.0001,3.402850514569074e-06,0.0033238983299290793,0.0005964978812388194,15383,0.42824748576592553
688,0.42578940290478784,0.4260381508076672,0.002046548758707057,0.0001,3.1707518191734656e-06,0.003098633057906368,0.0005637660308900813,15488,0.42578940290478784
689,0.4307461110127001,0.4261980542162016,0.0021964962374760887,0.0001,3.1980437200566965e-06,0.0029119501007945706,0.0005561387907916673,15337,0.4307461110127001
690,0.4326464999260233,0.4262989117562758,0.0021923480136013273,0.0001,3.5043899651474483e-06,0.0031969285381757027,0.0005775080012693872,15346,0.4326464999260233
691,0.4285564094291651,0.4264003009372941,0.0019797022938358453,0.0001,2.908316846400434e-06,0.002938135552457553,0.0005622362293785789,15368,0.4285564094291651
692,0.4287847896480086,0.4265637850288826,0.0023187647003647355,0.0001,3.414000141850081e-06,0.0029446714807354686,0.0005654062824929891,15342,0.4287847896480086
693,0.4286957840750987,0.42666545435337977,0.0018897817409389847,0.0001,2.5565033524050883e-06,0.002705606998969972,0.0005227936362289689,15441,0.4286957840750987
694,0.4182035325231319,0.4267345200214377,0.0023357382431441814,0.0001,3.9519184279838434e-06,0.0033838709791933624,0.0005822770237447984,15892,0.4182035325231319
695,0.43195319386462505,0.42689986393903345,0.0023411885936979655,0.0001,3.556259490808283e-06,0.0030379948889047706,0.0005779158935347064,15372,0.43195319386462505
696,0.4292155663553908,0.4269475911397509,0.0018336283459055513,0.0001,2.9194887752077605e-06,0.003184384427440718,0.0005798352634881047,15333,0.4292155663553908
697,0.427387446848021,0.42701861423724774,0.0020200704477210604,0.0001,3.502798621820882e-06,0.003467996500589927,0.0005698390823209029,15399,0.427387446848021
698,0.4211619444171444,0.42713209097684623,0.0023111997119396586,0.0001,3.6975679337447126e-06,0.003199695737796327,0.000556096436190816,15623,0.4211619444171444
699,0.43216773607419434,0.42725906066999075,0.00236006068908776,0.0001,3.7647558188714097e-06,0.0031903889898073842,0.0005403308835101845,15182,0.43216773607419434
700,0.42807994634407753,0.42737613596372626,0.002256680508717435,0.0001,3.51365171884301e-06,0.0031140001478011286,0.0005800648381245799,15401,0.42807994634407753
701,0.42436632065409025,0.42748833007824993,0.0023123770754555563,0.0001,3.754730631896485e-06,0.0032475072268710967,0.0005830219397515944,15470,0.42436632065409025
702,0.42937622861635905,0.4275988848614387,0.0022115519759798898,0.0001,3.3772807900374323e-06,0.0030542178766031795,0.0005700024428136884,15379,0.42937622861635905
703,0.42154118208165503,0.4277267852739357,0.0023620275942992197,0.0001,3.805228927624262e-06,0.003222002094139988,0.0005771933566946986,15626,0.42154118208165503
704,0.4242543338428945,0.42770184324727106,0.0018956565308517299,0.0001,3.214050568827007e-06,0.0033909629898860585,0.0005739483753848351,15536,0.4242543338428945
705,0.43468627887748057,0.4277976502508256,0.0020039662816995537,0.0001,2.9260602227435528e-06,0.002920268918159617,0.0005624855369946332,15198,0.43468627887748057
706,0.43218620243712913,0.4279134425687583,0.002237063605577209,0.0001,3.716959400811543e-06,0.0033230699310871762,0.0005935303304429429,15283,0.43218620243712913
707,0.4274325793600108,0.4280529303463342,0.002259472350879316,0.0001,3.4163814263443657e-06,0.003024052429776197,0.0005422594122916596,15423,0.4274325793600108
708,0.42624093662694906,0.42815246360601367,0.002334714065056587,0.0001,3.801981009598231e-06,0.003256913612250913,0.0005830290442942417,15516,0.42624093662694906
709,0.42862822974043113,0.42828945813287783,0.0023313278008490978,0.0001,3.569741575144639e-06,0.0030624106775928267,0.0005428185986138211,15443,0.42862822974043113
710,0.4325701554989796,0.42838769570063473,0.0021920445365402005,0.0001,3.339183361316819e-06,0.003046638246307895,0.0005751208250158255,15231,0.4325701554989796
711,0.43097510497785063,0.42848623360218663,0.002322401701344302,0.0001,3.927474500942254e-06,0.003382252517873087,0.0006132356424809842,15303,0.43097510497785063
712,0.4261859091803782,0.42860800060155646,0.002198576433264015,0.0001,3.360412398219606e-06,0.0030568984069666606,0.0005857590589885847,15475,0.4261859091803782
713,0.4331455933700855,0.42872066632106354,0.0020793861469933068,0.0001,3.034138082070178e-06,0.0029183017175115817,0.0005642064354369117,15177,0.4331455933700855
714,0.43421406482484565,0.42882793993515145,0.002160440189397516,0.0001,3.278276741509962e-06,0.003034822956542184,0.0005826046936391902,15026,0.43421406482484565
715,0.42542780162841726,0.4289343720566614,0.0021197197173148845,0.0001,3.130403457170382e-06,0.002953601300775522,0.0005706984419246363,15469,0.42542780162841726
716,0.42888798410138806,0.4291075434354554,0.0024145833871446285,0.0001,3.7028312647751955e-06,0.0030670560267160524,0.0005669589619126099,15442,0.42888798410138806
717,0.4279034825853387,0.4292489885832698,0.0022608420265430988,0.0001,3.5176729989840184e-06,0.003111825556748567,0.0005562224813967002,15427,0.4279034825853387
718,0.44039858143457566,0.4293257379766536,0.001959477465898749,0.0001,2.8013356695358117e-06,0.002859268063336395,0.0005722135882738496,15049,0.44039858143457566
719,0.42797949491073506,0.42936010377648437,0.001959120877909801,0.0001,3.177794737952939e-06,0.0032441027746520153,0.0005498452850045891,15468,0.42797949491073506
720,0.42832872367491714,0.42948883855669095,0.0021506127948156184,0.0001,3.2201608701990183e-06,0.0029946449476741786,0.0005705592278229856,15363,0.42832872367491714
721,0.43197960907114685,0.42955212298561196,0.0019291237879836812,0.0001,2.9852629156126914e-06,0.003094941790887236,0.0005606812113423314,15296,0.43197960907114685
722,0.42316296494256767,0.42963025134844524,0.0020681399949591395,0.0001,3.0943677292562598e-06,0.0029924161196035427,0.0005785770748332265,15476,0.42316296494256767
723,0.42827097600845077,0.4297548014516168,0.0021631503319635664,0.0001,3.3573992580335047e-06,0.003104175616852183,0.000566188543499079,15268,0.42827097600845077
724,0.4255413314392503,0.4298053187630866,0.0021448504931924047,0.0001,3.6183826677854586e-06,0.0033740185428028065,0.0005540143020388141,15436,0.4255413314392503
725,0.42648790054736085,0.42992138459335616,0.0021140669898917623,0.0001,3.0970458508404518e-06,0.0029299410715447724,0.0005487874530446412,15420,0.42648790054736085
726,0.434986786614144,0.42996183463888044,0.0019320633228901362,0.0001,3.0319913367515404e-06,0.0031386045175952537,0.0005318020879325956,15003,0.434986786614144
727,0.4324850908722231,0.4300167337932339,0.0019451769033731513,0.0001,3.09050024093086e-06,0.0031776032663883595,0.0005796280335863906,15209,0.4324850908722231
728,0.4351122302244782,0.43011845499986046,0.0021366478789527983,0.0001,3.2040468825620256e-06,0.0029991342177845184,0.0005702555107611962,15119,0.4351122302244782
729,0.42478618682159014,0.43019128107536675,0.001787491948042606,0.0001,2.624804915191465e-06,0.002936857889699317,0.0005641865754975105,15530,0.42478618682159014
730,0.43574377425905453,0.43022027103143495,0.001715029553594387,0.0001,2.5654833096572274e-06,0.0029917657153842574,0.0005551689738868756,15170,0.43574377425905453
731,0.43966329066332077,0.4302336424656129,0.0018926039051111896,0.0001,3.0217887282151174e-06,0.0031932605867022014,0.0005745041317728667,15024,0.43966329066332077
732,0.43579493858446905,0.43033509516579305,0.002102601392372258,0.0001,3.1418413806270232e-06,0.0029885278227484136,0.0005648988763636243,15111,0.43579493858446905
733,0.4314326973959959,0.4304503589708468,0.002411258281311312,0.0001,4.010830055891376e-06,0.0033267527472919,0.0005895914099806363,15277,0.4314326973959959
734,0.42621010999718223,0.4304339337427767,0.001682224281906509,0.0001,2.865394726974821e-06,0.0034066738398608708,0.0005855025862515745,15547,0.42621010999718223
735,0.4346843446255124,0.43051536504538046,0.0019962002184827424,0.0001,2.9134495024880855e-06,0.0029189952746348446,0.0005668656152732054,15139,0.4346843446255124
736,0.43187182992900147,0.4306750286248504,0.0023529730908845078,0.0001,3.5087118170746058e-06,0.0029823645928357323,0.0005738008793508368,15239,0.43187182992900147
737,0.4248009049760768,0.4306913594381799,0.001760205715606488,0.0001,2.8163171665920877e-06,0.0031999863897972988,0.0005365703536096326,15511,0.4248009049760768
738,0.4268112561101036,0.43074164424936795,0.0019182012460662711,0.0001,2.861523358894229e-06,0.0029835486393958556,0.0006036014536950217,15418,0.4268112561101036
739,0.43091293873926806,0.43087541087619524,0.002406604391909186,0.0001,3.7181619079272184e-06,0.0030899651977926946,0.0005623225805844255,15285,0.43091293873926806
740,0.43217308618258277,0.43100216583745765,0.00220167677694085,0.0001,3.219754600749282e-06,0.0029248204227534393,0.0005502641761996714,15324,0.43217308618258277
741,0.43095887376208175,0.4311190788829724,0.002094432316859388,0.0001,2.9281409812029523e-06,0.002796118984254134,0.0005684411935681084,15243,0.43095887376208175
742,0.42483375782040383,0.4311749895203481,0.0019128367885712363,0.0001,2.7749607202936624e-06,0.002901408773475521,0.0005732872357907349,15536,0.42483375782040383
743,0.43974520598757005,0.43126621587670355,0.002059360491083939,0.0001,2.951968225998399e-06,0.002866878566214153,0.0005825610648194466,14963,0.43974520598757005
744,0.4314321268255931,0.4313689287591682,0.0023270049123895816,0.0001,3.884059782678671e-06,0.0033382480303319707,0.0005513561516269803,15273,0.4314321268255931
745,0.4358155142336094,0.4314672746089031,0.0021691475245188044,0.0001,3.3810848886343412e-06,0.003117431940812222,0.0005675338207730138,15186,0.4358155142336094
746,0.4367948478791821,0.4315628892783921,0.0020474658962447586,0.0001,3.0427474357753133e-06,0.0029722081733873982,0.0006009857942891592,15137,0.4367948478791821
747,0.4362524316874046,0.43165795788531863,0.002121786598894446,0.0001,3.3730228854807967e-06,0.003179417654196049,0.0006027629641967978,15102,0.4362524316874046
748,0.43238564641451177,0.43178170781900377,0.002223054974818925,0.0001,3.343968195969673e-06,0.0030084439960753103,0.0005690446222842555,15180,0.43238564641451177
749,0.4370185239487493,0.43189501076814396,0.002114810805616673,0.0001,2.9119568479352837e-06,0.0027538698404618416,0.000549292613517403,15035,0.4370185239487493
750,0.4300440282105034,0.4320127440030608,0.0023152824735812646,0.0001,3.70138600273184e-06,0.003197351549944193,0.0005902564676618377,15215,0.4300440282105034
751,0.432773496376305,0.4321396078394638,0.0023629047942421476,0.0001,3.6599306829533445e-06,0.0030978232317034095,0.0005834427853926921,15294,0.432773496376305
752,0.4298756741431356,0.43226466214264136,0.002209082665406435,0.0001,3.412662890547663e-06,0.003089665175494724,0.0005526842651686535,15263,0.4298756741431356
753,0.43693120300170357,0.4323736310562588,0.0022608120328307035,0.0001,3.622116548042471e-06,0.00320426156216739,0.0005634573398598785,15246,0.43693120300170357
754,0.4377086488822863,0.43248419469413973,0.002221473471981413,0.0001,3.3294864589811613e-06,0.0029975477996696228,0.0005490386024493417,15074,0.4377086488822863
755,0.435114449157349,0.43261030676576484,0.0022732849727333474,0.0001,3.525123704544095e-06,0.0031013478264500776,0.0005502457107735533,15206,0.435114449157349
756,0.4269874252629664,0.4327713479524152,0.0023932906664403176,0.0001,3.5246615705211265e-06,0.002945452150835957,0.000550520393214584,15405,0.4269874252629664
757,0.4302269216117144,0.43292358994986446,0.0025105486651224433,0.0001,3.9270895143510265e-06,0.003128471133746771,0.0005856411461448519,15445,0.4302269216117144
758,0.4442583076687729,0.43300425126431374,0.0020588130383695025,0.0001,3.0591199749868903e-06,0.00297173169003203,0.0005749610245983079,14840,0.4442583076687729
759,0.42344766908307674,0.4331613959139453,0.0025547492920892914,0.0001,4.0924507502202595e-06,0.0032037983240801103,0.0006024126629504505,15594,0.42344766908307674
760,0.4340098558794458,0.43322839861853374,0.0022433131254960973,0.0001,3.6220997155829356e-06,0.00322924131670823,0.0005762730171634792,15119,0.4340098558794458
761,0.4295749706050108,0.4333700084541746,0.002270431102005836,0.0001,3.2606129906572112e-06,0.0028722413005852396,0.0005424428956444914,15397,0.4295749706050108
762,0.43506931317456765,0.4334973225991745,0.0021830269214325247,0.0001,3.1195297999801448e-06,0.0028579856431024467,0.0005571629058634056,15269,0.43506931317456765
763,0.4428257237608716,0.43356516862447037,0.002055194552286189,0.0001,3.2180877382567072e-06,0.0031316623865871203,0.0005626993557965908,14890,0.4428257237608716
764,0.4331738486715331,0.4335917413764231,0.0019494525407333435,0.0001,2.9524780253014047e-06,0.0030290329860410384,0.0005560999577818467,15193,0.4331738486715331
765,0.43619984114526444,0.4336829140753997,0.0019955426405363088,0.0001,2.868222154807765e-06,0.0028746287817101425,0.0005914814909377707,15046,0.43619984114526444
766,0.4347813737178563,0.4337644128531376,0.0022117357067553836,0.0001,3.4087995242742306e-06,0.0030824655168902966,0.0005649285567425365,15180,0.4347813737178563
767,0.4388803865880211,0.4337683660216811,0.0016058435210377848,0.0001,2.346847190320528e-06,0.0029228840289542857,0.0005483867052901278,14873,0.4388803865880211
768,0.42973664539915046,0.4338719374968035,0.002169124342042769,0.0001,3.2657923976066255e-06,0.003011162001465597,0.000563695179961662,15365,0.42973664539915046
769,0.4335009145552655,0.43389463780863385,0.0018888324601240504,0.0001,2.9743867656451007e-06,0.0031494447797130246,0.0005708875522334359,15213,0.4335009145552655
770,0.4378522570152146,0.4339648499778673,0.002359747690613138,0.0001,3.923849286171957e-06,0.00332565155315602,0.0005865628940223259,14961,0.4378522570152146
771,0.43772981112314757,0.4340987846441134,0.002280405296069095,0.0001,3.2674365099050158e-06,0.0028656629727507993,0.0005686592168483867,15109,0.43772981112314757
772,0.43519700504631276,0.434137743514888,0.0019734587772559206,0.0001,3.078904055459872e-06,0.0031203125101412705,0.0005522958500636587,15131,0.43519700504631276
773,0.4286447991792103,0.4341899525775395,0.0020429337765295948,0.0001,3.124397864782512e-06,0.0030587363140963278,0.0005933066713666366,15428,0.4286447991792103
774,0.4368455375049418,0.4343411153972311,0.0023853580129278374,0.0001,3.4695439951322697e-06,0.002909034179631326,0.0005927485328652219,15122,0.4368455375049418
775,0.4290221385298239,0.43446377694293925,0.002146209162162487,0.0001,3.0586083665813986e-06,0.0028502425770092154,0.0005384196995110259,15344,0.4290221385298239
776,0.43547977952547573,0.43458234209712066,0.0022491055402906043,0.0001,3.403390635122318e-06,0.003026439243649339,0.0006006115134400868,15124,0.43547977952547573
777,0.4327054001458245,0.4347048632239906,0.0021764699345570584,0.0001,3.0719686696725545e-06,0.002822890976711555,0.000564029547575218,15241,0.4327054001458245
778,0.43966257466207626,0.43484842917604216,0.0023059073762521465,0.0001,3.358836945008974e-06,0.002913245327718394,0.0005843369051223677,14990,0.43966257466207626
779,0.43489134857751377,0.4350028186839794,0.002508207187434763,0.0001,4.029587926094241e-06,0.0032131220628671036,0.0005554663470223779,15088,0.43489134857751377
780,0.43762673746437597,0.4351012344465959,0.002218037882791652,0.0001,3.30737506636185e-06,0.002982253001196846,0.0005509969344347058,14977,0.43762673746437597
781,0.44046625364251224,0.435152582133125,0.002077011277057699,0.0001,3.243160332786951e-06,0.003122910663615869,0.0005813096533121403,15004,0.44046625364251224
782,0.4371318547271373,0.4352682252302347,0.002275784210640163,0.0001,3.376756105185242e-06,0.002967553856290604,0.0005628129016654125,15134,0.4371318547271373
783,0.43387069809487244,0.4353023628637943,0.0018088788070760025,0.0001,2.6842850481510097e-06,0.00296789927290936,0.0006019947068096631,15202,0.43387069809487244
784,0.43764341340532004,0.43534371379500447,0.002377290172788622,0.0001,3.944394574979962e-06,0.0033183955582107897,0.0005785895262716183,15066,0.43764341340532004
785,0.4454624545549389,0.4354533538539085,0.0022367901017811133,0.0001,3.2308012887087794e-06,0.0028887836065942477,0.0005615086410098099,14883,0.4454624545549389
786,0.4413334280731649,0.4355177569868861,0.0020632289909687613,0.0001,3.0888203418770467e-06,0.002994161438597014,0.0005583750291801967,14879,0.4413334280731649
787,0.43381898449074063,0.43560396476378993,0.0022190824155721464,0.0001,3.280843317360957e-06,0.002956936880160945,0.0005575623954336879,15215,0.43381898449074063
788,0.43800902936343006,0.43566995770524153,0.002180243570931543,0.0001,3.2520294689628623e-06,0.0029831799642215037,0.0005526633934211145,15063,0.43800902936343006
789,0.43765971344362964,0.43574829134170157,0.002097853843110325,0.0001,3.1846669019991222e-06,0.003036118948379611,0.0005583327173519365,14972,0.43765971344362964
790,0.43677158467459404,0.4357402483443564,0.0015877003863181336,0.0001,2.3769616932735625e-06,0.0029942194557069047,0.0005504432674191676,15107,0.43677158467459404
791,0.43901279661992554,0.4358580921382619,0.002039702964693981,0.0001,2.7211343688782544e-06,0.002668167292963179,0.0005400777481732832,14998,0.43901279661992554
792,0.43295128735448907,0.4360030606283637,0.002313573836359327,0.0001,3.418750312222328e-06,0.002955384659434187,0.0005672200166995309,15187,0.43295128735448907
793,0.43778778368387616,0.4360882989847097,0.002117454219328914,0.0001,3.0012582017546266e-06,0.0028347797788098733,0.0005772606039983568,15013,0.43778778368387616
794,0.44511497413522727,0.43612426192317594,0.0016702560718125058,0.0001,2.3744361035538468e-06,0.002843200086052899,0.0005599965621100452,14744,0.44511497413522727
795,0.43362456869337357,0.4362203889378521,0.002233983916493877,0.0001,3.361033301674444e-06,0.0030090040280589068,0.0005999535683725401,15078,0.43362456869337357
796,0.4458155101865755,0.436373124060777,0.002254508895616105,0.0001,3.0415538525425866e-06,0.0026981963641455504,0.00052630657133947,14694,0.4458155101865755
797,0.43690464754414016,0.4364885542097824,0.0022474693340905653,0.0001,3.287382108514392e-06,0.0029254077540903367,0.0005635073255154349,15123,0.43690464754414016
798,0.4428668897472703,0.4365889132488825,0.0019317590531958441,0.0001,2.5648200126885727e-06,0.002655424348544308,0.0005688630779151807,14880,0.4428668897472703
799,0.4384384537550474,0.4366552930230181,0.0021125563393358227,0.0001,3.1024348869052667e-06,0.0029371381289463342,0.0005614854562665243,14925,0.4384384537550474
800,0.43603935741571254,0.436794794094806,0.0023443583806590823,0.0001,3.4244223140760335e-06,0.0029214153794295795,0.0005598289395991518,15102,0.43603935741571254
801,0.42750736014676305,0.43680898935749535,0.0018094997666625878,0.0001,2.771024970072318e-06,0.003062752503343122,0.0005563071907222415,15436,0.42750736014676305
802,0.4380587905042465,0.43690105173795235,0.0022125185946478597,0.0001,3.329680467307396e-06,0.0030098553525036847,0.0005545264894781467,15081,0.4380587905042465
803,0.4371084431026868,0.4369743556072623,0.002404725591238825,0.0001,3.916993501580697e-06,0.003257746759839493,0.0005707649756528034,14994,0.4371084431026868
804,0.4405609061198761,0.43704513961072855,0.002181357809809234,0.0001,3.3075959169916125e-06,0.0030326028147403027,0.0005833356967437859,14978,0.4405609061198761
805,0.4318423593109826,0.4370863030217622,0.0021138026113543557,0.0001,3.421462053963058e-06,0.0032372578551890974,0.0005777730342426182,15316,0.4318423593109826
806,0.4460431748275022,0.4371813170595774,0.002274647337566283,0.0001,3.475262635095604e-06,0.0030556496189109448,0.0005757842174106891,14773,0.4460431748275022
807,0.4391368794124814,0.43724177603696857,0.0022075683398882213,0.0001,3.4775968823158458e-06,0.0031506131153266415,0.0005823833042179818,14994,0.4391368794124814
808,0.4428448393296224,0.43735515715960915,0.0022983332649292236,0.0001,3.3572995667011226e-06,0.0029215080492728364,0.000553056334779231,14836,0.4428448393296224
809,0.43301340529779986,0.43743908883685567,0.002239821054917624,0.0001,3.3309318029102395e-06,0.002974283856826003,0.0005742381043026504,15270,0.43301340529779986
810,0.44207329261847605,0.43754152971615157,0.0021663487953892916,0.0001,3.0303954272364017e-06,0.0027976985365293773,0.0005819907968125874,14879,0.44207329261847605
811,0.4338385790303354,0.4376458130111036,0.0025388943309905903,0.0001,4.185865963019035e-06,0.0032973928153881477,0.0005975106448243474,15122,0.4338385790303354
812,0.43161425210331494,0.4377524240691092,0.0022703430291049283,0.0001,3.266282886631088e-06,0.0028773474710725136,0.0005811407991487215,15200,0.43161425210331494
813,0.43107424457810145,0.43781171392795615,0.002131654425088741,0.0001,3.4186308820469923e-06,0.003207490709386137,0.0005910695240585147,15339,0.43107424457810145
814,0.437787627909051,0.4378826587863651,0.0020853871047172793,0.0001,3.2420327229638193e-06,0.0031092862477476073,0.0005612853193103129,15016,0.437787627909051
815,0.4386359973294539,0.43794376962478476,0.0022913425236056853,0.0001,3.575702747488918e-06,0.0031210547621332036,0.0005943217966509143,14956,0.4386359973294539
816,0.4339650167585485,0.4380619463702644,0.002202491004832591,0.0001,3.2558661376680434e-06,0.0029565307013960022,0.0005971724788750821,15232,0.4339650167585485
817,0.4384381327919512,0.4382023524487896,0.0025364902590933134,0.0001,3.905002599898675e-06,0.0030790598039154675,0.0006063170949427855,15134,0.4384381327919512
818,0.43313308355665936,0.4384440033777977,0.0001,0.008329639813269767,2.4224431932525596e-06,0.002798415382507245,0.0005816441641074127,15164,0.43313308355665936
819,0.4358647986681604,0.4385282111099962,0.002151326080650826,0.0001,3.0333970215587874e-06,0.002820025331205127,0.0005532027863949863,15050,0.4358647986681604
820,0.43299887615775096,0.4386545355734738,0.002502537471114961,0.0001,3.952237975692525e-06,0.003158584453827719,0.0005807294066307058,15261,0.43299887615775096
821,0.4418292752442366,0.43875354049831145,0.0021344161191824587,0.0001,3.064602537636905e-06,0.0028716073778628816,0.0005585269849706792,14806,0.4418292752442366
822,0.43278011462122284,0.4388254100908865,0.002108958305883773,0.0001,3.327695969715884e-06,0.0031557721747575186,0.0005625495080658294,15343,0.43278011462122284
823,0.44116725156634673,0.4388806018549767,0.001959656073573785,0.0001,2.9212208406308827e-06,0.0029813607397991128,0.0005797199228102026,14988,0.44116725156634673
824,0.4371753007843763,0.4389506754843071,0.0021883527804256128,0.0001,3.394501494082649e-06,0.0031023348012676937,0.0005651826297258706,14986,0.4371753007843763
825,0.43990690966655854,0.4390743851301747,0.0023517441439148998,0.0001,3.6026325569358714e-06,0.003063796345582597,0.0005763189270569722,15051,0.43990690966655854
826,0.4491232773760727,0.43910292484233115,0.0018101111560759765,0.0001,2.6060503246851024e-06,0.0028794367858983767,0.0005453029712674659,14540,0.4491232773760727
827,0.43788289917808,0.4391945556986154,0.0021557556657006544,0.0001,3.2723634449548257e-06,0.003035931666116026,0.0005677476324031823,15133,0.43788289917808
828,0.44121101528253903,0.43921254732635917,0.0017911458857591182,0.0001,2.573966012310076e-06,0.0028740997958624525,0.0005600001482890909,14889,0.44121101528253903
829,0.4496000100301856,0.43929043894923153,0.0020665145754629618,0.0001,2.9447120528645687e-06,0.0028499310750855593,0.0005531774660503821,14546,0.4496000100301856
830,0.4405685121264733,0.43934073784689076,0.0021111897550980265,0.0001,3.3112926346554274e-06,0.0031368972179402015,0.0005716143943177047,15002,0.4405685121264733
831,0.4410660100815553,0.43947098423127223,0.0023651680230719835,0.0001,3.399608013547515e-06,0.002874728543921337,0.0005797656456979866,14781,0.4410660100815553
832,0.4359259987562714,0.43944008938314516,0.0016695989949577,0.0001,2.5541550276262666e-06,0.00305960297693037,0.0005749790164800604,15001,0.4359259987562714
833,0.4416550673483085,0.4396639185392621,0.0001,0.007965910998958776,2.1588859832861517e-06,0.0027769464506202206,0.0005420311584119732,14903,0.4416550673483085
834,0.44376750901955214,0.4396784285705083,0.0016721697330179179,0.0001,2.4223268911788386e-06,0.0028972260929601245,0.0005426085042010726,14818,0.44376750901955214
835,0.4473977032586288,0.4397875817893899,0.002255316964926535,0.0001,3.113186514190233e-06,0.0027607529784990925,0.0005577790908744202,14672,0.4473977032586288
836,0.44288519232701284,0.43980591408964476,0.00207325224686195,0.0001,3.3015471620883344e-06,0.003184896740939765,0.000543070011049211,14752,0.44288519232701284
837,0.4384243057745454,0.4398275275027564,0.001726882386198676,0.0001,2.377470956996264e-06,0.0027534833593730783,0.0005429311392485187,15012,0.4384243057745454
838,0.43957031065256197,0.43988488331628706,0.0019873219918053542,0.0001,2.9614422388318192e-06,0.00298033459202204,0.0005828750189606749,14972,0.43957031065256197
839,0.4383551807605267,0.4399846658856756,0.0020338094929852777,0.0001,2.8781604312607413e-06,0.0028303146791158924,0.0005482897326600348,15054,0.4383551807605267
840,0.44556837938752114,0.44009247987934075,0.0021596423361216702,0.0001,2.9543670510824642e-06,0.002735978084582261,0.0005846274760892635,14827,0.44556837938752114
841,0.43870916392562,0.44015392016130184,0.001966802201550424,0.0001,2.7794200072222295e-06,0.0028263340411468127,0.0005494319106420243,15033,0.43870916392562
842,0.4442293193013332,0.4403914747389278,0.0001,0.008378360150349887,2.3439598922750563e-06,0.0025436758962885104,0.0005595271270780048,14823,0.4442293193013332
843,0.44449239096892934,0.44045594524293163,0.0020504732852914937,0.0001,2.8807915114361405e-06,0.002809879584484915,0.0005651913547627117,14764,0.44449239096892934
844,0.44287533281208724,0.44050842919609673,0.001958834207447384,0.0001,2.7801774452696626e-06,0.0028386041398496876,0.0005206886049972254,14818,0.44287533281208724
845,0.4353801608469997,0.44060003401023967,0.0022116919368645174,0.0001,3.085631946783371e-06,0.002790290903856914,0.0005583563470160779,14942,0.4353801608469997
846,0.4335184616678735,0.44082863494050184,0.0001,0.008304252048257611,2.259672188374708e-06,0.002862955514167289,0.0005442205210639843,15201,0.4335184616678735
847,0.43459851969697905,0.4408730572405432,0.0018848996968937127,0.0001,2.703540840992608e-06,0.002868630989169348,0.0005500525632732296,15107,0.43459851969697905
848,0.43305927426222046,0.44088041299968594,0.0018788062671410948,0.0001,2.6063188143955498e-06,0.002774441260898584,0.0005390000774249223,15244,0.43305927426222046
849,0.4406933677309798,0.4408746500721264,0.0016978243764547226,0.0001,2.685355615169846e-06,0.003163290211178634,0.0005616257047319998,14979,0.4406933677309798
850,0.4472603893887369,0.440982583165753,0.002103198725380087,0.0001,2.766306425884606e-06,0.0026305706564981714,0.0005192203778135513,14593,0.4472603893887369
851,0.4410451146777322,0.4409572447127725,0.0016410387898761279,0.0001,2.5524930733794503e-06,0.0031108260074365736,0.0005625269605873068,14836,0.4410451146777322
852,0.4340150911374151,0.44104320419635945,0.0021790428079380498,0.0001,3.1409367846035096e-06,0.002882859183088436,0.0005271436700378806,15088,0.4340150911374151
853,0.44143261152886915,0.44113153583915377,0.002004527714970328,0.0001,2.577111976278114e-06,0.0025712909400369766,0.0005560322027402827,14882,0.44143261152886915
854,0.4406278691677324,0.44119031796173624,0.0020118470562618253,0.0001,3.0494159574979547e-06,0.0030314590246875084,0.0005408726319790396,15045,0.4406278691677324
855,0.4398325997342629,0.4412913886301797,0.002242698950099553,0.0001,3.294544326734381e-06,0.0029380174513285767,0.0005559155139431041,14978,0.4398325997342629
856,0.4448297245876928,0.4413831421325558,0.0021649998346118925,0.0001,3.1726987969960794e-06,0.0029308998054171503,0.0005473692766005716,14781,0.4448297245876928
857,0.43993606543087893,0.4414719545647771,0.0020822675563663836,0.0001,2.8911126639522455e-06,0.0027768887385416687,0.000557028139593241,14966,0.43993606543087893
858,0.44230241601008985,0.44156798667832997,0.0021811929031633126,0.0001,3.1207104058819205e-06,0.0028614712631386758,0.0005539604554645405,14949,0.44230241601008985
859,0.449689677037004,0.44161881149859705,0.002026707974207065,0.0001,2.9198642064567737e-06,0.0028813862121395656,0.0005393381111037279,14582,0.449689677037004
860,0.4441598939379896,0.44168381942833257,0.001953881026171413,0.0001,2.6882428593993787e-06,0.002751695546854182,0.0005292027728789097,14764,0.4441598939379896
861,0.4434688025929907,0.44180533920545106,0.0023714144424930423,0.0001,3.5608550582090243e-06,0.0030031486646977957,0.0005349836537601657,14812,0.4434688025929907
862,0.43758264912506256,0.44189336067578167,0.0022545104554354614,0.0001,3.2413617964412304e-06,0.002875446231465941,0.0005649025442400939,15090,0.43758264912506256
863,0.4416280769547447,0.44200369320673216,0.0023655335431136374,0.0001,3.5585716696113267e-06,0.003008684176109674,0.0005344877562894449,14889,0.4416280769547447
864,0.446033617134831,0.44207741435555825,0.0021236672435552845,0.0001,2.923325553843963e-06,0.0027530919099641523,0.0005391684068387331,14764,0.446033617134831
865,0.43828509270866245,0.4421583864121798,0.0022010289228184834,0.0001,3.0948819507686567e-06,0.0028122137957238367,0.0005815932970011548,15015,0.43828509270866245
866,0.44891089408341733,0.44222522906938944,0.002020831829359413,0.0001,2.760178658471868e-06,0.002731725241428746,0.0005474683810802173,14612,0.44891089408341733
867,0.43492907017926374,0.4421484776356906,0.0016203518776845677,0.0001,2.563560390680995e-06,0.003164202079790524,0.0005227520102891509,15056,0.43492907017926374
868,0.4393902307246443,0.4422524753103913,0.0020110790601989693,0.0001,2.8120840237300767e-06,0.0027965922169681965,0.0005286280255723617,14975,0.4393902307246443
869,0.4400585197852868,0.44225952504697663,0.00194398833592882,0.0001,2.8184389446839624e-06,0.002899645941895364,0.0005580912341122536,14971,0.4400585197852868
870,0.44700649323114183,0.44226513600898865,0.0017432853201769262,0.0001,2.3312326974450893e-06,0.0026745279966087156,0.0005354361495086504,14725,0.44700649323114183
871,0.43205802613963074,0.4422998871272761,0.0017820068665439007,0.0001,2.6293417803754083e-06,0.002950989504855124,0.0005429663165718764,15316,0.43205802613963074
872,0.44208243019463056,0.4422858468632733,0.0017502840199200673,0.0001,2.674045350900322e-06,0.0030555559217439934,0.0005602216801982105,14971,0.44208243019463056
873,0.4362578673798604,0.44236060211771544,0.0023224779875782673,0.0001,3.5083136102596202e-06,0.0030211813666469814,0.0005524258390131752,15036,0.4362578673798604
874,0.44559589216394535,0.4423917169848161,0.0019347345296275356,0.0001,2.857095008884232e-06,0.002953474975643572,0.000554641416903306,14744,0.44559589216394535
875,0.44326704484112045,0.44243996823663717,0.001979023872798098,0.0001,2.661871721050915e-06,0.0026900855089608943,0.0005362512327540122,14871,0.44326704484112045
876,0.44387321923668455,0.4425288183465214,0.0021579697939310017,0.0001,2.9131907862839176e-06,0.0026999365741604657,0.0005583451033214235,14886,0.44387321923668455
877,0.4417031408074794,0.44255791036860975,0.002052063885336122,0.0001,2.8924148634135544e-06,0.002819030035158759,0.0005625299178140166,14870,0.4417031408074794
878,0.44560372519688296,0.4427980627553142,0.0001,0.008786151500860416,2.464774181882137e-06,0.002745675521951028,0.0005610588849146898,14639,0.44560372519688296
879,0.4433617251149441,0.44288679341147963,0.002081003616561067,0.0001,2.7029746849189285e-06,0.0025977606799027957,0.0005275547806873691,14785,0.4433617251149441
880,0.4476350861309579,0.44290670391511844,0.00186371764047503,0.0001,2.591926569924496e-06,0.0027814584287176227,0.0005065596778618955,14612,0.4476350861309579
881,0.4426376747134697,0.4430305757800443,0.0022194999391950626,0.0001,2.9900203634367154e-06,0.0026943189415189576,0.0005258258223782869,14926,0.4426376747134697
882,0.43856973735567045,0.4430660659235339,0.0018342963942390071,0.0001,2.669688573821784e-06,0.0029108584438223848,0.0005379092829001358,15083,0.43856973735567045
883,0.4398293273961608,0.4430047373944129,0.0016584939767892873,0.0001,2.555355057860738e-06,0.0030815367358857726,0.0005232370045504653,14832,0.4398293273961608
884,0.4411229612977735,0.4430806345161804,0.0022223117207217195,0.0001,3.174830769830742e-06,0.002857232619733186,0.0005330356065718315,14836,0.4411229612977735
885,0.44446732945643114,0.44332043392231313,0.0001,0.008686123859065729,2.3696395444043875e-06,0.0024162460022228694,0.0005456149561881249,14650,0.44446732945643114
886,0.4455840466187627,0.44339518718964105,0.0019116912314530998,0.0001,2.6799480320810764e-06,0.0028037456969910515,0.0005356349236322362,14728,0.4455840466187627
887,0.4458698199565233,0.4434624708493895,0.00209683048778763,0.0001,3.0778801307629695e-06,0.002935745305773808,0.0005317005177747296,14703,0.4458698199565233
888,0.4445515339971153,0.44354249058976875,0.0021130407814807122,0.0001,3.0034886586383235e-06,0.002842811823568905,0.0005341888332645702,14789,0.4445515339971153
889,0.452168135035993,0.443611604023889,0.0019104636482969414,0.0001,2.60793108799468e-06,0.0027301551540323604,0.0005346608499976523,14496,0.452168135035993
890,0.4410256904352503,0.4436613894399959,0.0018307734674362335,0.0001,2.4132731789323543e-06,0.002636342750052892,0.0005191113013182174,14961,0.4410256904352503
891,0.4468310684593484,0.4437266877040257,0.0021885237947393476,0.0001,3.211412714819442e-06,0.002934775233003048,0.0005423299279282053,14662,0.4468310684593484
892,0.4396701202890361,0.44374853570059486,0.0017180378063684104,0.0001,2.165263317522562e-06,0.0025206235968689146,0.0005144903949965234,14991,0.4396701202890361
893,0.44237599111042347,0.44386087796143237,0.0021081963739632632,0.0001,2.6785120634510324e-06,0.0025410460776152596,0.000507973713975589,14867,0.44237599111042347
894,0.45501018673424615,0.4440965400533204,0.0001,0.008644463055155913,2.3076167841027697e-06,0.0023195988422176806,0.0005338947646323532,14412,0.45501018673424615
895,0.4468276111551239,0.44414128386481133,0.002141209099522278,0.0001,3.2627805174790436e-06,0.003047605689894553,0.0005193240228863957,14742,0.4468276111551239
896,0.44897456241119194,0.44420264397312936,0.002043510177053245,0.0001,2.9620888734259836e-06,0.0028990204273876777,0.0005279692695943753,14605,0.44897456241119194
897,0.455242476567647,0.4442080763422868,0.0017937248351797598,0.0001,2.39349090907174e-06,0.0026687381053425332,0.0005339970687927513,14376,0.455242476567647
898,0.4427495523632631,0.4444390027225338,0.0001,0.008651340138223555,2.276474950422579e-06,0.002615990745347005,0.0005262710549004087,14862,0.4427495523632631
899,0.44788665157250995,0.4444311088929102,0.0017318008180603757,0.0001,2.6329116565147493e-06,0.0030406633708183854,0.0005148869267668596,14673,0.44788665157250995
900,0.4466862270986538,0.44450043182480237,0.002281322343195556,0.0001,3.3250295772213216e-06,0.0029150019830724975,0.00048118499855145724,14720,0.4466862270986538
901,0.45018033226938575,0.4445287002186401,0.0018791391564901073,0.0001,2.615374875294145e-06,0.002783588289628526,0.0005177717547747624,14607,0.45018033226938575
902,0.4402462534762183,0.4446205565805492,0.002049374801634761,0.0001,2.594924614971758e-06,0.0025324060907763865,0.0005286156303249973,14887,0.4402462534762183
903,0.44459905531324206,0.4446402771067958,0.0018870482124869476,0.0001,2.6712900848048323e-06,0.0028311837155282106,0.0005169802718048453,14821,0.44459905531324206
904,0.4466103118721123,0.44487468177566836,0.0001,0.008956251361749148,2.3815654989778773e-06,0.003010212461446182,0.0005318219426375635,14706,0.4466103118721123
905,0.4442891109183629,0.444921664719007,0.0017585358244077188,0.0001,2.306538589141409e-06,0.002623248906422773,0.0004937411165922608,14827,0.4442891109183629
906,0.4512399958089165,0.4451466201270372,0.0001,0.008569444856117084,2.1339281887128136e-06,0.002539934622035134,0.0004980318385944364,14552,0.4512399958089165
907,0.443560302527617,0.4451638009618001,0.0016473575154496104,0.0001,2.2045235492517077e-06,0.0026764360845496623,0.0004875274626713173,14818,0.443560302527617
908,0.4406185207752499,0.44514796704904463,0.0018425843478758253,0.0001,3.052204394599837e-06,0.00331296029744146,0.000530592497447315,14896,0.4406185207752499
909,0.44367359872657286,0.44513699010744445,0.0018597081345116102,0.0001,2.8426909627487864e-06,0.003057136665690096,0.0005298529237775088,14704,0.44367359872657286
910,0.44461584649033753,0.4451903143975574,0.0021385444569184168,0.0001,3.102828159271857e-06,0.002901813099310497,0.0005231205866556698,14881,0.44461584649033753
911,0.4529732458611695,0.4454207101278884,0.0001,0.008877042276442692,2.266417004279545e-06,0.002431235704407804,0.0005106243574605953,14469,0.4529732458611695
912,0.4355882778301129,0.4456413147536157,0.0001,0.00879811630734159,2.195286516195501e-06,0.0028089319724803725,0.0004990355752318581,15013,0.4355882778301129
913,0.4457999314922171,0.44571617762717025,0.002019096867385109,0.0001,2.605120560351986e-06,0.00258048100854698,0.0004847507864603499,14739,0.4457999314922171
914,0.44681604091567406,0.4457508494995194,0.0016959775009770324,0.0001,2.218035848534573e-06,0.002615643010897006,0.00048342667254052014,14676,0.44681604091567406
915,0.444258955331648,0.44583537792691996,0.002096735535379149,0.0001,2.738127709671256e-06,0.002611800738309254,0.0004918123160886888,14782,0.444258955331648
916,0.44560529175690256,0.4458977976638599,0.0018981413654510025,0.0001,2.6297778866486704e-06,0.0027708978209047457,0.0005045491515086552,14741,0.44560529175690256
917,0.449195023788334,0.44595313181184937,0.0019012580714658184,0.0001,2.613552217217082e-06,0.002749287176150793,0.0004902921683941247,14643,0.449195023788334
918,0.44101255339561474,0.4459024376437674,0.0014202920821867265,0.0001,2.181408582237452e-06,0.003071774615371913,0.00048511068165890274,14828,0.44101255339561474
919,0.4465858611951033,0.44593662115604493,0.00210997563429681,0.0001,3.174277133184627e-06,0.003008828236296213,0.0005076935824640254,14756,0.4465858611951033
920,0.44613185155860524,0.44599202380772973,0.002056473029965397,0.0001,2.900976464370969e-06,0.0028213124335696067,0.0005257197003236875,14626,0.44613185155860524
921,0.44987915899777875,0.4459863812915661,0.001967774241243892,0.0001,3.0076418646681278e-06,0.0030568972818415417,0.0005270548896785613,14668,0.44987915899777875
922,0.4450542516425088,0.4460301141502737,0.0018158088820164234,0.0001,2.653808820343145e-06,0.002923004559153977,0.0005091263404832444,14777,0.4450542516425088
923,0.441316595824673,0.44615190323756515,0.002208277778772329,0.0001,2.9983632778871887e-06,0.0027155671326404415,0.0004933755294733423,14962,0.441316595824673
924,0.4451892859423945,0.4462249109035268,0.0022406860857243586,0.0001,3.305206507456419e-06,0.002950173635222024,0.0005164927685318739,14630,0.4451892859423945
925,0.4438355175555809,0.44622319950395456,0.002030397851374333,0.0001,2.977073869916331e-06,0.002932502975120085,0.0005209043582558489,14763,0.4438355175555809
926,0.44948973561295913,0.44623658937329247,0.0017148007722050957,0.0001,2.373665453253369e-06,0.0027684445817003295,0.0005019095226237584,14583,0.44948973561295913
927,0.44897168747107186,0.4462579335290321,0.0017520978166861666,0.0001,2.2899157892352247e-06,0.0026139131815896685,0.0004964904631362732,14620,0.44897168747107186
928,0.4459816890434692,0.44627596054856833,0.0018805613203805931,0.0001,2.7288810541457442e-06,0.002902198428279345,0.00049934192550064,14678,0.4459816890434692
929,0.4453322769072898,0.4463332903043867,0.001760827112775925,0.0001,2.236954615443764e-06,0.0025407998311852767,0.00048169447940136926,14615,0.4453322769072898
930,0.44232996942751857,0.44640221687379955,0.0021581415953096737,0.0001,3.1169982078188474e-06,0.0028885947192650134,0.000495711087580295,14767,0.44232996942751857
931,0.4455524009711647,0.44647943259019507,0.0018890208771365703,0.0001,2.5014396067441695e-06,0.002648398053213599,0.0005203775597641864,14832,0.4455524009711647
932,0.44069821108883944,0.44651323767715656,0.002169728216045286,0.0001,3.318905721807183e-06,0.003059282445850731,0.0005103912996520161,14943,0.44069821108883944
933,0.4410914789145929,0.44646628441248193,0.0018261544506747846,0.0001,2.5589928384249226e-06,0.0028026028548454327,0.0005117442896218963,14857,0.4410914789145929
934,0.44480435030478277,0.4465167819094061,0.0018850868728613238,0.0001,2.6073190616046926e-06,0.002766258785354664,0.0004876594872620133,14672,0.44480435030478277
935,0.4457447169031309,0.4464871337042855,0.002042819649440416,0.0001,3.205774706834749e-06,0.0031385782956541448,0.00048617786277956526,14696,0.4457447169031309
936,0.4430011433507086,0.4465564577851274,0.0019586793934622706,0.0001,2.5351735921797313e-06,0.0025886560104136456,0.0004892595323380242,14827,0.4430011433507086
937,0.4429951263474137,0.44659990568982966,0.0018452331413936175,0.0001,2.47321745929939e-06,0.002680655797707476,0.000521356765322039,14838,0.4429951263474137
938,0.44877752881574995,0.4466734160157798,0.0021448554298608515,0.0001,2.9086373458668093e-06,0.0027121989718957504,0.000524517635345846,14628,0.44877752881574995
939,0.43773478943214783,0.4466396661345029,0.001696881428811921,0.0001,2.2726921097103192e-06,0.002678669317869257,0.00048120317653658573,15118,0.43773478943214783
940,0.44767671827236516,0.44672446503579694,0.0020684489536059673,0.0001,2.6893705003484784e-06,0.002600374058697505,0.00049056762945467,14666,0.44767671827236516
941,0.44846348116546575,0.44680203321152223,0.002041335571794507,0.0001,2.531448634064789e-06,0.0024801886265465225,0.0005044747209672708,14630,0.44846348116546575
942,0.44681916361404117,0.446804588917901,0.0018626308540706305,0.0001,2.7325725049255255e-06,0.002934099903857715,0.0005059692763835676,14589,0.44681916361404117
943,0.44936647717971645,0.4468833884329326,0.001953085721513339,0.0001,2.4462930313841544e-06,0.002505054442248092,0.00048172580175017,14442,0.44936647717971645
944,0.4465849400487856,0.44693805516968854,0.0020191077070630986,0.0001,2.820100897083032e-06,0.0027934130380642456,0.0004923036367748628,14714,0.4465849400487856
945,0.44459793905784384,0.44687155458131866,0.0017291594591095944,0.0001,2.5933357640879376e-06,0.002999533386496741,0.0004964647225545427,14810,0.44459793905784384
946,0.4472690974067989,0.44694337225620306,0.001941592589299057,0.0001,2.4683239306472915e-06,0.0025425765881588913,0.0004990666206705488,14514,0.4472690974067989
947,0.4428838241112215,0.44716406848928025,0.0001,0.009039911653395205,2.251018487522197e-06,0.002970593333405444,0.0004980178067728704,14771,0.4428838241112215
948,0.44585731534451856,0.4472672420972391,0.002191078042224253,0.0001,2.9571851322884292e-06,0.002699296944518206,0.0004993704002445591,14649,0.44585731534451856
949,0.45521532360406947,0.447352963175357,0.0020463831654957162,0.0001,2.7819114065567303e-06,0.0027188568137803655,0.0005006477093400303,14361,0.45521532360406947
950,0.44985796613339735,0.44744854092786723,0.0022276037812832225,0.0001,3.093112781439785e-06,0.002777076253352364,0.0004598141307964077,14574,0.44985796613339735
951,0.44647649879128953,0.44748153969470394,0.0018519746145780423,0.0001,2.42257052671519e-06,0.0026162027358751392,0.0004896891498546283,14685,0.44647649879128953
952,0.4479840221101013,0.44756960075747476,0.0021471763815754186,0.0001,2.7677230670533725e-06,0.0025780118399240668,0.0004921341328572469,14497,0.4479840221101013
953,0.44909549831045553,0.4477874389398705,0.0001,0.008858209816749776,2.1147979177819347e-06,0.0025558522810172,0.0004774774952345595,14635,0.44909549831045553
954,0.44508690733020345,0.4480116397276981,0.0001,0.00908212063523569,2.188822430113962e-06,0.002639998259835529,0.0004820069052203599,14866,0.44508690733020345
955,0.44249756808229485,0.4482385369191185,0.0001,0.009465004299505406,2.330163986425746e-06,0.003007042938462396,0.0004923746281969484,14863,0.44249756808229485
956,0.4477595568125371,0.4482131875745601,0.0016688238738680476,0.0001,2.349538720102706e-06,0.002815801903237251,0.00048211263217015155,14509,0.4477595568125371
957,0.4429549567016797,0.4482045498977526,0.00187581520203484,0.0001,2.759474848547851e-06,0.002942160662259734,0.0004831012742535048,14822,0.4429549567016797
958,0.45138544561802013,0.4483089313258447,0.0023279487553022776,0.0001,3.245247730846061e-06,0.002788074886489221,0.0004712687387343611,14537,0.45138544561802013
959,0.4440536933042799,0.4484036530282722,0.0021511230917128617,0.0001,2.9030843735131132e-06,0.002699133661571632,0.0004970697241713648,14842,0.4440536933042799
960,0.44946784700242626,0.44851247024715923,0.0021788924227182016,0.0001,2.938147678598128e-06,0.00269691853343796,0.0004893601758953895,14593,0.44946784700242626
961,0.4541282448307721,0.4485523081862761,0.001988534958417226,0.0001,2.747117940697118e-06,0.002762956647122448,0.0004773108129834581,14549,0.4541282448307721
962,0.4510738887497477,0.4485914543115401,0.0018795602313883121,0.0001,2.470283444240232e-06,0.002628575986006673,0.000482664382311056,14656,0.4510738887497477
963,0.4539924591421506,0.448706121266727,0.002288224978231441,0.0001,2.905991777299901e-06,0.002539952849868748,0.0004504135464111799,14469,0.4539924591421506
964,0.4465916263139328,0.4487087113406121,0.0021287187633110966,0.0001,3.225760742768162e-06,0.003030706355733607,0.0005014561801430204,14655,0.4465916263139328
965,0.44941700211438196,0.448726673282048,0.001990452577000496,0.0001,2.994927620575235e-06,0.003009293117737503,0.0004521903157369881,14588,0.44941700211438196
966,0.45467100353587675,0.4487465712428118,0.001862056538652283,0.0001,2.685830357905428e-06,0.0028848000070388563,0.0004737369979394286,14446,0.45467100353587675
967,0.44789934713013035,0.44873727157571547,0.001707538755455503,0.0001,2.454413207071126e-06,0.002874796486146385,0.0004693303490452766,14558,0.44789934713013035
968,0.4441676697562686,0.4487920822424819,0.002004046627910427,0.0001,2.5486034740869307e-06,0.0025434572615152173,0.00045102201102939423,14723,0.4441676697562686
969,0.44461145167637595,0.4488612901340059,0.0023064532988250823,0.0001,3.3404736991101274e-06,0.0028966324189713955,0.00046976446360665167,14797,0.44461145167637595
970,0.45043469513390777,0.4489579184596989,0.002116993596998781,0.0001,2.7858279795839856e-06,0.002631871899408101,0.0004733679983815921,14465,0.45043469513390777
971,0.45439291731930687,0.44917309553205825,0.0001,0.00887530594712222,2.0003644791022555e-06,0.002280206981726477,0.00045077082210351636,14436,0.45439291731930687
972,0.4501870646645812,0.4493871189008879,0.0001,0.009059996033659997,2.044678686489338e-06,0.0024903150254627976,0.00045136414605323905,14589,0.4501870646645812
973,0.4453950665237959,0.4494019938741581,0.0017999083484497164,0.0001,2.243464218932658e-06,0.002492864951557097,0.00044641603774743245,14639,0.4453950665237959
974,0.44142984633069915,0.4493766600975496,0.0017121962586847143,0.0001,2.425040628600416e-06,0.0028326666599111697,0.00046990688022390583,14885,0.44142984633069915
975,0.45304578401140116,0.4494254297117566,0.0020233276079111105,0.0001,2.891615626680489e-06,0.0028582772412874876,0.0004950977044529074,14492,0.45304578401140116
976,0.44541366717133085,0.4496545619989796,0.0001,0.009599872199403092,2.261640131677893e-06,0.002473309313130932,0.00047118130006324843,14658,0.44541366717133085
977,0.45365300823065186,0.4496890828842642,0.0017497677302986112,0.0001,2.4001407990825823e-06,0.002743382172984731,0.00046386140980215703,14458,0.45365300823065186
978,0.44723890329223714,0.44976713014240305,0.0023788410059811522,0.0001,3.575606222665414e-06,0.003006175035385062,0.0004830161196231975,14757,0.44723890329223714
979,0.4524372808935593,0.4498213398899978,0.0019332336519110199,0.0001,2.636614689910186e-06,0.002727673074906251,0.0004699474869168831,14548,0.4524372808935593
980,0.44876233223592715,0.44987057443159195,0.002077502533072481,0.0001,2.944039608606547e-06,0.0028342103672456356,0.00045534282347912334,14652,0.44876233223592715
981,0.43955591101072833,0.45010093868215073,0.0001,0.009881187256899267,2.34036563745732e-06,0.0023953160608307838,0.0004737013026087982,14892,0.43955591101072833
982,0.44899633803762673,0.45020389151720397,0.00211465690649917,0.0001,2.602319542157849e-06,0.0024612215193489783,0.00048710914641609366,14590,0.44899633803762673
983,0.4486171839999673,0.45042802256599956,0.0001,0.0096691017750027,2.1962455439634847e-06,0.0025794027520823857,0.0004542811928283525,14664,0.4486171839999673
984,0.4407293836774933,0.450512694885655,0.002154280481018082,0.0001,3.0135646159138896e-06,0.002797745829725684,0.000468222820934203,14787,0.4407293836774933
985,0.4549182255759677,0.450741226795936,0.0001,0.009980815571572417,2.2903476003222564e-06,0.0027333475036003417,0.0004589499893867743,14451,0.4549182255759677
986,0.4527530362654321,0.4507705558110814,0.0020312492458182323,0.0001,2.8800816202245107e-06,0.002835773725114025,0.00044441756735656007,14468,0.4527530362654321
987,0.4516311155064332,0.45075843530528237,0.0018598615037189136,0.0001,2.630573961758063e-06,0.002828784784778931,0.00043581397906867407,14445,0.4516311155064332
988,0.44977606988799634,0.4508506925134373,0.0020193363201068356,0.0001,2.6164997007821426e-06,0.0025914451938780685,0.0004626121082872876,14531,0.44977606988799634
989,0.4478580742256658,0.45107862793616404,0.0001,0.01034699625775867,2.4149030444960335e-06,0.003144189368875245,0.00046678339961420676,14596,0.4478580742256658
990,0.44826886873316374,0.4510679352282493,0.0018457223744621273,0.0001,2.7763198791163643e-06,0.003008382969757766,0.00045464842102608844,14529,0.44826886873316374
991,0.44944352266126564,0.4511116741262535,0.002014651211819663,0.0001,2.8653127303297204e-06,0.002844475225805193,0.00043633428691626297,14763,0.44944352266126564
992,0.45767983531080303,0.4511453820435142,0.001967048235465061,0.0001,2.8870014065762597e-06,0.0029353641202333794,0.00043278857428964907,14320,0.45767983531080303
993,0.44726511906962385,0.45137771931164933,0.0001,0.010534023332411874,2.4572934179070684e-06,0.0028418061902984485,0.00046654413804956814,14671,0.44726511906962385
994,0.4586195718155398,0.4514572640779103,0.001998797558176452,0.0001,2.5661455244101294e-06,0.002567689272895932,0.0004339101362635208,14347,0.4586195718155398
995,0.4545612643976884,0.45151082376246643,0.0020233521419733887,0.0001,2.766935024708003e-06,0.0027350009593578636,0.0004265198070002612,14336,0.4545612643976884
996,0.45336544816578306,0.4517355500008525,0.0001,0.010346189549623163,2.312543683812799e-06,0.0025796180288032563,0.00044703292409658743,14412,0.45336544816578306
997,0.44952072922113184,0.4517592955364379,0.001927547771242391,0.0001,2.8200174604368046e-06,0.002926015637598623,0.0004487864508759846,14568,0.44952072922113184
998,0.4540474798185127,0.45177163774711604,0.0018772967087431927,0.0001,2.5192701879109248e-06,0.0026839339526648605,0.00043791377625088785,14475,0.4540474798185127
999,0.44980303231369856,0.4518566432627987,0.002038606712875048,0.0001,2.6983365848257968e-06,0.002647236043896207,0.00041965083572240624,14592,0.44980303231369856
1000,0.4520927222133617,0.45209283556471347,0.0001,0.010784956914096337,2.4588497612656686e-06,0.0024758859654423924,0.00045597766979520534,14526,0.4520927222133617
1001,0.45447402141024895,0.4521657339506526,0.0019706737459365266,0.0001,2.457910250671948e-06,0.0024944872338610985,0.0004393134326239536,14433,0.45447402141024895
1002,0.4542552032770244,0.45219107289631516,0.0018145387821643158,0.0001,2.424283047387179e-06,0.002672065288674163,0.00042700878053191134,14408,0.4542552032770244
1003,0.4552437037956274,0.45241716210037414,0.0001,0.010537982373121448,2.294361536105389e-06,0.0025906284701711266,0.000435446075893516,14408,0.4552437037956274
1004,0.459888993509016,0.4526468244276384,0.0001,0.010842454780860633,2.3788822820613083e-06,0.0026805012512969286,0.00043880879932477445,14187,0.459888993509016
1005,0.4561783252092158,0.4525773736639383,0.0016409810568126873,0.0001,2.3683710395085384e-06,0.0028865306271221385,0.00042931332108697,14367,0.4561783252092158
1006,0.45582808487700777,0.4526707883597495,0.0019836875163754594,0.0001,2.344494134148998e-06,0.00236377364357547,0.0004107233877911718,14373,0.45582808487700777
1007,0.44322555771424804,0.452750160808699,0.0021352239711240053,0.0001,2.9657971472698943e-06,0.0027779728846980545,0.00041719925745476566,14738,0.44322555771424804
1008,0.45203512505938037,0.45274171631017557,0.0017279696356068096,0.0001,2.327296802422903e-06,0.0026936778916321963,0.0004224466076802835,14434,0.45203512505938037
1009,0.4579867841504468,0.4527452399278324,0.0020418434751223727,0.0001,2.9902174691447604e-06,0.0029289389765447607,0.0004388043158460858,14197,0.4579867841504468
1010,0.45263947786306225,0.45284707138663616,0.002214482731483234,0.0001,2.845881602520554e-06,0.002570245016644963,0.0004372764759344054,14460,0.45263947786306225
1011,0.4472618157886932,0.4529285600606704,0.002077290466336145,0.0001,2.715509291367153e-06,0.002614472396011788,0.0004239244683943424,14728,0.4472618157886932
1012,0.44442073847791663,0.45302977574883396,0.0023026247298044075,0.0001,3.1020843753302277e-06,0.002694389871851788,0.0004170059313521725,14708,0.44442073847791663
1013,0.4489438090473852,0.4530672533531874,0.0019111427364687302,0.0001,2.53745032344836e-06,0.0026554273263093638,0.0003885823031042203,14627,0.4489438090473852
1014,0.4542502855022541,0.4531295195307665,0.0019969458031795367,0.0001,2.5987583218238627e-06,0.0026027329511758603,0.00041702384140043704,14350,0.4542502855022541
1015,0.45711464998659096,0.45318524930227466,0.0020769698842265953,0.0001,2.6895539350077986e-06,0.0025898824585117303,0.00042274754069820735,14214,0.45711464998659096
1016,0.45197569798366033,0.45324176216890005,0.0019259704737102305,0.0001,2.5126446792265172e-06,0.0026092245063197724,0.00041580201552356665,14519,0.45197569798366033
1017,0.45152105586424107,0.45327554995424363,0.0021084863400363803,0.0001,2.8658189370965958e-06,0.002718366140372669,0.000427930044881519,14470,0.45152105586424107
1018,0.45143147920620696,0.45333455139643175,0.0020835567117324883,0.0001,2.723786493500726e-06,0.002614554696940199,0.0004119968584100635,14454,0.45143147920620696
1019,0.45882419446804623,0.45337710525513764,0.0020294399915464197,0.0001,2.7838955451034833e-06,0.0027435110736949387,0.00042367237116254866,14223,0.45882419446804623
1020,0.4444823886169032,0.4535862154739987,0.0001,0.00997596141040657,1.9611312514127915e-06,0.0025104597066116434,0.00039317137882410186,14756,0.4444823886169032
1021,0.4468381211808653,0.4536681840157768,0.002157637180812133,0.0001,2.9717656273606133e-06,0.0027546481436161044,0.0004088527966085436,14635,0.4468381211808653
1022,0.45816576818082033,0.4538881398438439,0.0001,0.010716744339116027,2.226988794255527e-06,0.002465564956807378,0.00041560920439746537,14324,0.45816576818082033
1023,0.45839586851775715,0.4539153374399635,0.0019502475920230601,0.0001,2.6239243450546494e-06,0.0026908627968951987,0.0004150472472733536,14201,0.45839586851775715
1024,0.4600596554076614,0.45392874628989155,0.0019179003637678554,0.0001,2.803027082175753e-06,0.0029230163726221958,0.0004189187340487583,14212,0.4600596554076614
1025,0.44621813088801143,0.453986111329442,0.0020695731762107143,0.0001,2.9544290729430683e-06,0.0028551095529296337,0.000421275019682215,14770,0.44621813088801143
1026,0.45332830247100164,0.4542019907696009,0.0001,0.010688562231848102,2.1576677721137367e-06,0.0024762134192780165,0.0004037339588452142,14378,0.45332830247100164
1027,0.45900766676509974,0.45423921390028354,0.002012095219680053,0.0001,2.6012252435413713e-06,0.00258558861240672,0.0004029157409048709,14290,0.45900766676509974
1028,0.45118406437390307,0.45423604531003015,0.0016856478218793378,0.0001,2.3987135231007796e-06,0.0028460435115401994,0.0004183919512274227,14458,0.45118406437390307
1029,0.45824910213004943,0.454250165613455,0.0017257852296064318,0.0001,2.220225539625201e-06,0.002573003293267873,0.0003919546678852255,14130,0.45824910213004943
1030,0.4552522996812434,0.4542712198720813,0.0017236397365508061,0.0001,2.206315310029164e-06,0.002560065497728946,0.00037146939329762405,14355,0.4552522996812434
1031,0.45671572915536224,0.45433069171566587,0.001843066892766897,0.0001,2.439761384791268e-06,0.00264750172049218,0.00039745253619255684,14400,0.45671572915536224
1032,0.4514822883059182,0.45453872492290004,0.0001,0.010411493844591507,2.0099749219108452e-06,0.002586235499527338,0.00038610692219829217,14539,0.4514822883059182
1033,0.4547068905185436,0.4545080076914614,0.0018171925951938495,0.0001,2.776829026751735e-06,0.0030561747104802784,0.0003606675656582399,14317,0.4547068905185436
1034,0.4527130964232561,0.45472674925973955,0.0001,0.010901178606291277,2.1399375720888846e-06,0.0025418095608946206,0.00039260664362546736,14502,0.4527130964232561
1035,0.4580100787414133,0.4547137288379723,0.0018066221218944658,0.0001,2.8007703012277935e-06,0.003100560175019712,0.00042909742984083776,14237,0.4580100787414133
1036,0.45311543161123957,0.45493569612181284,0.0001,0.011368579154464672,2.285622838758309e-06,0.002813424925267138,0.0004020947222521996,14412,0.45311543161123957
1037,0.4537918913338477,0.4549914821493554,0.0018144724000690184,0.0001,2.2409403748553166e-06,0.0024700738074275213,0.00038509128765272456,14332,0.4537918913338477
1038,0.45456822658837426,0.4550384679353442,0.0017925749483259324,0.0001,2.2371371381051515e-06,0.0024960040194630536,0.00037993722784202184,14402,0.45456822658837426
1039,0.4580158107819473,0.45512898398865453,0.0020742109192295115,0.0001,2.611010376329383e-06,0.002517593897634356,0.00039520625413899446,14247,0.4580158107819473
1040,0.4537907708663378,0.455219973687959,0.002258025881480808,0.0001,3.1320309867896594e-06,0.0027741320526722046,0.00039516908775257735,14377,0.4537907708663378
1041,0.456034481344899,0.4552714571130836,0.0018270126329392757,0.0001,2.1536995769913123e-06,0.0023576187029713813,0.0003772729753875853,14357,0.456034481344899
1042,0.4562938808741706,0.4552821223944468,0.0018687263541615244,0.0001,2.8291575574308256e-06,0.003027899243921388,0.0003885321057989407,14301,0.4562938808741706
1043,0.4580056899587144,0.4553305805743132,0.00214061325838723,0.0001,2.883940513567291e-06,0.002694499347107749,0.0003792276933883484,14216,0.4580056899587144
1044,0.45794032479093794,0.4554406794775763,0.002141473497596203,0.0001,2.5657065089002336e-06,0.0023962066416233782,0.00039599287261172513,14351,0.45794032479093794
1045,0.4515522899555289,0.45547517192135206,0.001980052124972138,0.0001,2.5640582528231046e-06,0.0025898896503638107,0.0003957262007409921,14589,0.4515522899555289
1046,0.4585050405236545,0.4555563687151255,0.0020804995403366265,0.0001,2.713860268186643e-06,0.002608854475158921,0.0004059079728339538,14179,0.4585050405236545
1047,0.45077550326911686,0.45577661460817875,0.0001,0.01141648135808816,2.263312659141092e-06,0.0025651473619688068,0.00039649916434850006,14451,0.45077550326911686
1048,0.44779010415418397,0.45582686653493376,0.001834452555550647,0.0001,2.3599502587344094e-06,0.0025729204623948683,0.0003887822617293416,14674,0.44779010415418397
1049,0.45878491316866954,0.45586889176735657,0.0020206159045618784,0.0001,2.6338204667327678e-06,0.0026069481694036734,0.00036684166758758126,14229,0.45878491316866954
1050,0.4570233595685109,0.45593506489130026,0.0019690799967779014,0.0001,2.458979456883533e-06,0.0024975922368895903,0.00040210742024712846,14273,0.4570233595685109
1051,0.45203564990898015,0.4561758066395012,0.0001,0.0126199590472761,2.68982036238481e-06,0.002836500491759443,0.00042628036308333067,14444,0.45203564990898015
1052,0.451864367050499,0.4564081761543438,0.0001,0.012316473579435494,2.493063767385424e-06,0.002825273118556233,0.00040483402189861055,14498,0.451864367050499
1053,0.45778534834882295,0.456440433308441,0.0020179004151437414,0.0001,2.658521700493715e-06,0.0026349384543878397,0.00040102546844393274,14237,0.45778534834882295
1054,0.46475752747021093,0.4564246211155713,0.001841253558461281,0.0001,2.6244509634291816e-06,0.002850721945783949,0.00037783891212910046,14059,0.46475752747021093
1055,0.44914929376117085,0.45647062923201287,0.0019037824649449538,0.0001,2.3965043720884646e-06,0.002517624167903823,0.00037241849620339506,14531,0.44914929376117085
1056,0.4598970204563018,0.45649516858117745,0.0018765676253777509,0.0001,2.582558597675182e-06,0.002752427957031727,0.00038484312693169476,14219,0.4598970204563018
1057,0.4590958980141278,0.4565414850033539,0.002066893059534499,0.0001,2.632324004114897e-06,0.002547131301227305,0.0003750272598273089,14202,0.4590958980141278
1058,0.45332175131657326,0.4567658776569945,0.0001,0.011959270358846487,2.2949955828178263e-06,0.0025673570135110266,0.0003838019400774189,14335,0.45332175131657326
1059,0.4586240017316333,0.4568336577265646,0.0018517173340278652,0.0001,2.2780662105766705e-06,0.0024604902365107837,0.0003675226328424213,14270,0.4586240017316333
1060,0.4627505305820351,0.4568386336582641,0.0018381173749348941,0.0001,2.4601901425892925e-06,0.002676858590356812,0.00035913207717130967,14064,0.4627505305820351
1061,0.45523605105398157,0.45705577592530794,0.0001,0.011920793235935957,2.219636461275695e-06,0.0026810474286012758,0.000372397443248066,14389,0.45523605105398157
1062,0.4566211938732678,0.45703392386643743,0.0019117074642873908,0.0001,2.7029944474611667e-06,0.0028278327076247892,0.00037219473970583137,14224,0.4566211938732678
1063,0.4555063351456726,0.45713346375755537,0.0020651176704571017,0.0001,2.5938341742443403e-06,0.002512044917682788,0.0003835244693748478,14262,0.4555063351456726
1064,0.45848642491591235,0.45718402006983555,0.0021229693492782757,0.0001,2.9068878779466466e-06,0.002738511395781452,0.0003818740561340508,14268,0.45848642491591235
1065,0.4594027187911738,0.4572170587818752,0.0018788857967555934,0.0001,2.337437515020634e-06,0.0024881102609395998,0.0003533314644390976,14200,0.4594027187911738
1066,0.45427389004828184,0.4572387312269286,0.001681564820699445,0.0001,2.267279414625768e-06,0.002696630408434325,0.0003554216698699764,14223,0.45427389004828184
1067,0.4571454801427111,0.4574607400331061,0.0001,0.012088910396767278,2.2302619913679875e-06,0.002396916724539831,0.00036897651122708077,14229,0.4571454801427111
1068,0.4636299745294131,0.4576820489660492,0.0001,0.01246279779909459,2.312012444257782e-06,0.0026312319521002814,0.00037102623047061665,14038,0.4636299745294131
1069,0.45704352952879185,0.45772299798538074,0.001980216382092807,0.0001,2.5141865315521096e-06,0.002539304850003283,0.0003726570507085218,14244,0.45704352952879185
1070,0.45828713975244256,0.4579456433601714,0.0001,0.012821333270486296,2.3873632169398735e-06,0.0028394362679615105,0.00037240482975906984,14244,0.45828713975244256
1071,0.4585270777080537,0.4580222077536362,0.002167830733936031,0.0001,3.068208595457322e-06,0.002830671737812773,0.000353373179553612,14229,0.4585270777080537
1072,0.45604936244163796,0.4580752593022763,0.0019324612849911528,0.0001,2.634927391339603e-06,0.0027270170034497387,0.00035367073997773105,14333,0.45604936244163796
1073,0.46104354744952564,0.45812161357925074,0.001968267361177436,0.0001,2.4620981047017456e-06,0.0025017923410861178,0.00036454412814037864,14136,0.46104354744952564
1074,0.456103648636296,0.458339104044605,0.0001,0.012410470763768363,2.1673301890185595e-06,0.002569960544325095,0.00034927445223850034,14288,0.456103648636296
1075,0.4572546726249299,0.4584387764001576,0.0022486571014361067,0.0001,2.9930890420445082e-06,0.0026621124582605054,0.00034814787210111895,14285,0.4572546726249299
1076,0.46047584860527746,0.45847859797525037,0.0022273262939200415,0.0001,3.2989048532284063e-06,0.0029622106668730714,0.00036875691351075346,14183,0.46047584860527746
1077,0.45232799926039335,0.45870256113260316,0.0001,0.01318729328000146,2.3889786638060684e-06,0.0027421672454619635,0.00036231523984212233,14382,0.45232799926039335
1078,0.45600101478054483,0.4587533078289842,0.0017238911592807136,0.0001,2.0622106346379375e-06,0.0023925067699730957,0.0003305290336545291,14260,0.45600101478054483
1079,0.4591553422199901,0.4588025876154749,0.0018822422748328536,0.0001,2.2757294492376475e-06,0.0024181047038057167,0.000346490686430996,14264,0.4591553422199901
1080,0.4617995372413488,0.4590131968449634,0.0001,0.012494534585558253,2.0881476625473877e-06,0.0023860959359052964,0.00033424977108966717,13981,0.4617995372413488
1081,0.46430821174269143,0.45912667110099803,0.0020896968387751707,0.0001,2.3815033813846803e-06,0.002279281221270876,0.0003393387142146098,13980,0.46430821174269143
1082,0.4596391102523336,0.4591806317198629,0.0019093067545886526,0.0001,2.2289897211825107e-06,0.0023348681041698103,0.00032557292412628287,14063,0.4596391102523336
1083,0.4593758491118829,0.459257195097371,0.0019353747099021485,0.0001,2.3125941222077964e-06,0.002389815378257908,0.00034227349103116157,14192,0.4593758491118829
1084,0.46096169875065063,0.45928612654119466,0.0017496004755244109,0.0001,2.052660052010082e-06,0.0023464328922233905,0.00031919644064833417,14125,0.46096169875065063
1085,0.4553507065313084,0.4593374523765059,0.0019695764493616007,0.0001,2.5385601453284687e-06,0.0025777726436069974,0.0003533176262234709,14274,0.4553507065313084
1086,0.45628522229870017,0.4593412626569819,0.0018225567866884615,0.0001,2.2754692428250877e-06,0.0024970077853755726,0.0003415194933795365,14336,0.45628522229870017
1087,0.4664054166420037,0.45955659647485714,0.0001,0.012851573415553645,2.160591049964677e-06,0.002384971177406981,0.0003362375920990058,13949,0.4664054166420037
1088,0.4630537331052551,0.45961906119071777,0.0019560844587058544,0.0001,2.5517300698696527e-06,0.0026090182952098885,0.0003513021903593282,14105,0.4630537331052551
1089,0.46056799080446487,0.45959797608915487,0.001683956841629952,0.0001,2.2926336191462457e-06,0.0027229125622092996,0.00031768348395989703,14141,0.46056799080446487
1090,0.45890021061013053,0.459671405344823,0.0021781377896862185,0.0001,2.8296520594218737e-06,0.0025982305369482727,0.0003550425281282687,14207,0.45890021061013053
1091,0.4594668649707966,0.45989439948619837,0.0001,0.01360183551865044,2.3519442323582007e-06,0.0027002845048774825,0.00034582747734793353,14220,0.4594668649707966
1092,0.45571188791071404,0.4601312051475466,0.0001,0.0145707834354727,2.6259484265535426e-06,0.0026471629928245225,0.000360440251985442,14327,0.45571188791071404
1093,0.4624961823180107,0.46035052355429473,0.0001,0.01345839812872987,2.1686101315232587e-06,0.0022093998016163964,0.0003222686846949326,14120,0.4624961823180107
1094,0.4678033110593169,0.4604200950747462,0.0022507120759173802,0.0001,3.0092048046030332e-06,0.0026740024517587346,0.00034680341288270103,13897,0.4678033110593169
1095,0.45554792566019264,0.4606531945099752,0.0001,0.014810695146915543,2.5707379781542673e-06,0.0026297966809951763,0.0003471461606161876,14287,0.45554792566019264
1096,0.4635539913314053,0.4607280729074723,0.0019611693432579572,0.0001,2.3530312521375163e-06,0.002399620675518602,0.0003026541759026133,14061,0.4635539913314053
1097,0.46082017660188357,0.4608083392462349,0.0020464044462881886,0.0001,2.497651030303961e-06,0.002441014076991724,0.000334807506369739,14163,0.46082017660188357
1098,0.45995298947317387,0.46087276022998275,0.0021075316909808183,0.0001,2.8278353095578596e-06,0.002683551874127995,0.0003350598678822404,14208,0.45995298947317387
1099,0.4624425867377955,0.4610860019370362,0.0001,0.013884030720140248,2.181973262481788e-06,0.002566497776974419,0.00031431409314250597,14045,0.4624425867377955
1100,0.45806901722933663,0.46117787146929173,0.0021041100713990015,0.0001,2.5153120266559636e-06,0.002390855935577132,0.00031180966143006135,14235,0.45806901722933663
1101,0.46409681555903376,0.46115719280846806,0.0018117854609993355,0.0001,2.4502414160074117e-06,0.0027047809674506603,0.0003037861086207938,14047,0.46409681555903376
1102,0.4571905313278447,0.4613748356194808,0.0001,0.014132597010871016,2.2006199358037328e-06,0.0024288154545665684,0.00031142470617551485,14237,0.4571905313278447
1103,0.4670236393322969,0.46137338617203216,0.0018434598605629629,0.0001,2.5356094806253644e-06,0.002750924535835599,0.0002978486195110857,13901,0.4670236393322969
1104,0.4554351862117925,0.4615840358484352,0.0001,0.014092401477815255,2.124362902333821e-06,0.0026847013785498866,0.00030149054519601443,14272,0.4554351862117925
1105,0.45503083480901274,0.4618066499699102,0.0001,0.015285374211799319,2.433167793667709e-06,0.002832564140422839,0.00031836548584979505,14317,0.45503083480901274
1106,0.4591608189185782,0.46202439520244215,0.0001,0.01529278398163447,2.344709931026531e-06,0.0028244051797482583,0.00030664265366493884,14219,0.4591608189185782
1107,0.4654922615804338,0.46211370868826307,0.0019808338140807212,0.0001,2.2040802108363885e-06,0.002225406488084688,0.0002874858718971237,13988,0.4654922615804338
1108,0.46199228262191566,0.4621633527546858,0.0018857327323676286,0.0001,2.381514637496223e-06,0.002525824149540127,0.00027406394749779405,14204,0.46199228262191566
1109,0.4570875179007879,0.4622772719225082,0.0022309977332757762,0.0001,2.7302696159674513e-06,0.002447577220940152,0.00029938800052470434,14340,0.4570875179007879
1110,0.4637256842499316,0.46234687443468336,0.002025924694535983,0.0001,2.3751809901726063e-06,0.0023447870462101417,0.0002871718943143165,14059,0.4637256842499316
1111,0.4637134310014801,0.4625700273245157,0.0001,0.01559690698461646,2.3708788781379337e-06,0.002879935177773534,0.0003040191084650794,13917,0.4637134310014801
1112,0.46200540218239816,0.46264421255003607,0.002146608475086897,0.0001,2.7743954978489114e-06,0.0025849105973893083,0.0002826904900528213,14094,0.46200540218239816
1113,0.4586475111937136,0.46271810817737047,0.0021104953780690903,0.0001,2.721220206939592e-06,0.0025787502168607055,0.00027580881289458357,14210,0.4586475111937136
1114,0.4646238734330686,0.46274353187829764,0.001779030602248416,0.0001,2.2348061540320935e-06,0.002512386410000647,0.0002852916619055568,14083,0.4646238734330686
1115,0.4615614822847988,0.4629530940031876,0.0001,0.014879929675790068,2.089101451436816e-06,0.002419210375101252,0.0002807945328983408,14074,0.4615614822847988
1116,0.4693386359672762,0.4629803486500842,0.0018082398240941498,0.0001,2.2287886005229093e-06,0.002465147123545337,0.000272886368233272,13779,0.4693386359672762
1117,0.45753001341947447,0.46320430015481795,0.0001,0.01620488598237041,2.4197231549620255e-06,0.0026011896553416393,0.000298641182368637,14230,0.45753001341947447
1118,0.46450521599192496,0.46328448360527924,0.0020723608863521675,0.0001,2.577123824559794e-06,0.0024871380670536828,0.00027585391145689477,13971,0.46450521599192496
1119,0.4608844256425272,0.4633131231196389,0.0018220062680051506,0.0001,2.132923907432439e-06,0.0023412915146199817,0.0002525388566022941,14082,0.4608844256425272
1120,0.45875191683697564,0.4635253758552477,0.0001,0.015573355633592538,2.152293476565581e-06,0.0025269679612211137,0.00027640715683946394,14184,0.45875191683697564
1121,0.4632732769560295,0.46348232901344333,0.0017574073483699057,0.0001,2.5634254118361844e-06,0.0029172808617352218,0.00026824947597152226,14016,0.4632732769560295
1122,0.4637589906196774,0.4635508671559744,0.002014074123130769,0.0001,2.346520228130849e-06,0.0023301230090611667,0.0002767551590447308,14034,0.4637589906196774
1123,0.4644824131647709,0.4637538178766645,0.0001,0.015212542138497126,1.9794988896468625e-06,0.0023487783523681496,0.0002602456409487942,13997,0.4644824131647709
1124,0.466788737542723,0.4638414879424708,0.002107041560137088,0.0001,2.4965164535703683e-06,0.0023696888574024516,0.0002635802625286337,13875,0.466788737542723
1125,0.45660509701597873,0.4640642885264135,0.0001,0.01670561416463111,2.3334770418613802e-06,0.002512969174499817,0.00027936441233053066,14287,0.45660509701597873
1126,0.46145428563861113,0.46411850808490396,0.001984210612158493,0.0001,2.565551083474072e-06,0.002585966497460849,0.0002664234486927853,14017,0.46145428563861113
1127,0.4639864788539854,0.46419903923062145,0.0020281702507170983,0.0001,2.4742994654416127e-06,0.002439932707391578,0.00027126937010663835,13953,0.4639864788539854
1128,0.4597487674689159,0.4644198884135579,0.0001,0.016869918710874683,2.3000950575635738e-06,0.002402290015848343,0.00027268596808126716,14191,0.4597487674689159
1129,0.46280624995435293,0.46453159447045006,0.0022972855997596795,0.0001,2.8050224875906875e-06,0.0024420320119397628,0.0002636131296013222,14102,0.46280624995435293
1130,0.46021375816344157,0.46474139687465754,0.0001,0.01682961756403304,2.1963789144354302e-06,0.002428262829409363,0.00026101352643085143,14192,0.46021375816344157
1131,0.46071971002808365,0.4647280500682952,0.0016664794550965017,0.0001,2.0773649407984565e-06,0.0024931179732763774,0.00024948322360987156,13991,0.46071971002808365
1132,0.4671250435857819,0.4649525146423983,0.0001,0.01777384572942415,2.37730441130447e-06,0.0022515075879896897,0.00026750591261956355,13847,0.4671250435857819
1133,0.46441918950924205,0.46507196950881136,0.002228925155338699,0.0001,2.583687684017311e-06,0.0023183261024524652,0.00026888359886231204,13958,0.46441918950924205
1134,0.4661195393012701,0.4651477244980943,0.0019805445459054457,0.0001,2.440173109859802e-06,0.002464143626463325,0.00023993948377531185,13866,0.4661195393012701
1135,0.46407432032947477,0.46511513369443414,0.0015862840062876768,0.0001,2.1069610700978775e-06,0.0026564739501203473,0.0002419297767637115,14006,0.46407432032947477
1136,0.46204260975973843,0.4653176303353107,0.0001,0.016632348750831787,2.0033478787152484e-06,0.002370471026199211,0.00024089777201371642,14095,0.46204260975973843
1137,0.46417887875866415,0.4655173203878872,0.0001,0.016796907710437476,1.982153553470091e-06,0.002585852308659014,0.00023601410302902297,13996,0.46417887875866415
1138,0.46584441179720465,0.46573459812548135,0.0001,0.018229066900021167,2.2547917591881254e-06,0.002397182210439097,0.00024738422120613394,13978,0.46584441179720465
1139,0.4708285274063353,0.46581319501113627,0.0020521775314495585,0.0001,2.3385222750657117e-06,0.00227906430045932,0.00024627802667614106,13761,0.4708285274063353
1140,0.46658948755709795,0.46602420018243007,0.0001,0.018121225616924287,2.146364113993162e-06,0.0021917044117028385,0.00023688950839931806,13976,0.46658948755709795
1141,0.467452555929217,0.4660952806180564,0.002093697866574608,0.0001,2.7594568345707307e-06,0.002635964700184117,0.00022101826483717605,13898,0.467452555929217
1142,0.4680731683378875,0.46631869186100483,0.0001,0.019381589625472498,2.3567321027083555e-06,0.002315492148381408,0.00024319285964150136,13810,0.4680731683378875
1143,0.46130991537260846,0.4663358271978664,0.002000251148783542,0.0001,2.903441286194509e-06,0.0029030767340993587,0.00023137315892482498,14139,0.46130991537260846
1144,0.4694646243688068,0.46629179999664794,0.0016190948575745153,0.0001,2.1594225098835623e-06,0.0026674440966584067,0.00022262589118982073,13820,0.4694646243688068
1145,0.47091743297683564,0.46650198339117604,0.0001,0.01921593323004162,2.224521789944404e-06,0.0024413486436846957,0.00023152888421434069,13727,0.47091743297683564
1146,0.46450194578496673,0.4667220409894069,0.0001,0.02065258861587373,2.475421030295207e-06,0.0027408517546176634,0.00023972017032214358,14039,0.46450194578496673
1147,0.46417063477443116,0.4667606521712655,0.0018489886383830374,0.0001,2.360280434869129e-06,0.0025530502306744538,0.00021836134784395072,13868,0.46417063477443116
1148,0.46117423421714304,0.466785695948436,0.0018368423391639556,0.0001,2.241196252149454e-06,0.0024402706801385484,0.00020554947603213886,14062,0.46117423421714304
1149,0.4623929601556769,0.46686930300859575,0.0021401011028054973,0.0001,2.5734562159848623e-06,0.002404985645408314,0.00022571753813348754,14085,0.4623929601556769
1150,0.4645065903356605,0.46708548012130846,0.0001,0.020413714690512976,2.3078547090556334e-06,0.002435108793514649,0.00022610825555705258,14022,0.4645065903356605
1151,0.4692103101842323,0.46711608937777216,0.0018191964684431204,0.0001,2.3016378497844534e-06,0.0025303895315432422,0.00020340023198383363,13764,0.4692103101842323
1152,0.4646094011996232,0.4673158172093812,0.0001,0.019380273360458423,2.006702096748738e-06,0.0023831670637977113,0.00020708707864183307,14024,0.4646094011996232
1153,0.46541790237575276,0.46752346897530905,0.0001,0.020643369387618928,2.1955145995116842e-06,0.0024904082987020704,0.00021270893896114325,13923,0.46541790237575276
1154,0.4705960308573457,0.4676247626768547,0.0020387983401141006,0.0001,2.289263786640641e-06,0.0022456990881329865,0.00020705444353830596,13818,0.4705960308573457
1155,0.4646281002614733,0.4676931032460001,0.001843724788079894,0.0001,2.102801268602262e-06,0.0022810359574241858,0.0001972101486065374,13872,0.4646281002614733
1156,0.4650863119691636,0.46790375961588143,0.0001,0.020954464209224907,2.1669721970832862e-06,0.0023560416389331275,0.00020682678167731978,13859,0.4650863119691636
1157,0.46680755383017014,0.4681078879264152,0.0001,0.02088882043650054,2.075786462863611e-06,0.0023233224943600026,0.00019874616368825113,13891,0.46680755383017014
1158,0.4686039836276929,0.4681973324570291,0.0020775426595108604,0.0001,2.4085475065458607e-06,0.002318650349266891,0.00019362364085709845,13777,0.4686039836276929
1159,0.46300776746903716,0.4682734063395856,0.0019228735674031207,0.0001,2.1311061304788513e-06,0.002216584768344341,0.00018083940357299527,13971,0.46300776746903716
1160,0.4704594814422183,0.46822535678889393,0.0016685628203958862,0.0001,2.010925524913707e-06,0.0024103683725094525,0.0001818118419188952,13687,0.4704594814422183
1161,0.4741729873648449,0.4684283087834221,0.0001,0.02159106977181084,2.102573010929173e-06,0.00257291289103053,0.00019476320841446015,13682,0.4741729873648449
1162,0.46538625513764503,0.46864369144593243,0.0001,0.023260762188492743,2.351637018898219e-06,0.0027100356799471485,0.0002021977611775413,13990,0.46538625513764503
1163,0.461709876676323,0.46851031972486157,0.0016850946618604072,0.0001,2.553412953268143e-06,0.003030586958775455,0.0001800346440797793,14082,0.461709876676323
1164,0.46926469167843543,0.468714604405018,0.0001,0.023527533406007856,2.276387596482659e-06,0.0025986926620734166,0.00019350839352342587,13705,0.46926469167843543
1165,0.4637540834960763,0.46892480357186733,0.0001,0.02379278860016657,2.2121344929321603e-06,0.0024114882764781215,0.00018594999771625538,13944,0.4637540834960763
1166,0.47333873511016444,0.46895299555015496,0.0018976461008131415,0.0001,2.24066626965067e-06,0.0023615217491718236,0.0001761302589843899,13608,0.47333873511016444
1167,0.4676586015887846,0.4691639054648969,0.0001,0.024607780791447226,2.263000680529597e-06,0.0025293199121586853,0.00018392562090086028,13839,0.4676586015887846
1168,0.46893428201635085,0.46937673690227344,0.0001,0.0249441840782421,2.2143996769080697e-06,0.0022295406206666746,0.00017754837520138486,13842,0.46893428201635085
1169,0.4656499841998474,0.4695781818838287,0.0001,0.02478630283123358,2.076729638476441e-06,0.002383564164411124,0.00016757074684486817,13912,0.4656499841998474
1170,0.4640532144328969,0.46956807460518146,0.0017841188151808544,0.0001,2.47154322211718e-06,0.002770603842173641,0.00017141389721575252,13955,0.4640532144328969
1171,0.4670618635805896,0.4696384708538628,0.002206549672210153,0.0001,2.7808650281933527e-06,0.002520555112097655,0.00016183614015820403,13872,0.4670618635805896
1172,0.4665709775343761,0.4698344876947102,0.0001,0.02429091249497199,1.91011661463553e-06,0.0022566020927841913,0.00015727005850693407,13942,0.4665709775343761
1173,0.47064831019263054,0.4700435167107625,0.0001,0.0265966320411626,2.1657498972549246e-06,0.002403369340885375,0.0001628589585255062,13646,0.47064831019263054
1174,0.46778245290302684,0.47010092820325067,0.001868471523275461,0.0001,2.1607780935022183e-06,0.002312883088219979,0.00015289117553147423,13890,0.46778245290302684
1175,0.4654695938785175,0.4702952939593839,0.0001,0.025856927743251934,1.944419157668423e-06,0.0025812264215858203,0.00015039831313106187,13807,0.4654695938785175
1176,0.47216578614131477,0.4703094998119172,0.0018144758514288695,0.0001,2.196928601639086e-06,0.0024215572777218737,0.00015522562348636195,13705,0.47216578614131477
1177,0.4721714545643525,0.47037524745563,0.0017913914077453959,0.0001,2.038485067337051e-06,0.0022758678628504105,0.0001467837011931193,13675,0.4721714545643525
1178,0.4695897783733419,0.4705845200310116,0.0001,0.028876741728485623,2.2895628710029284e-06,0.0029042373396495616,0.0001585748761082955,13778,0.4695897783733419
1179,0.4727426297798108,0.47061373860231515,0.0017402176117454142,0.0001,2.263498345165203e-06,0.002601396894144688,0.00015284623421755715,13607,0.4727426297798108
1180,0.47074329820704114,0.4708227054180431,0.0001,0.02896511064402037,2.1854576762467338e-06,0.0021989777942614504,0.00015090276734005186,13731,0.47074329820704114
1181,0.4627808070033247,0.4710303081756909,0.0001,0.029789329655905063,2.1743839639251017e-06,0.002288144184342818,0.00014598408148429608,13900,0.4627808070033247
1182,0.4727207570774783,0.4710312029548859,0.0017714896345137666,0.0001,2.429117257841239e-06,0.002742457207216994,0.00013573195499693474,13625,0.4727207570774783
1183,0.4701622766867897,0.4712506930303392,0.0001,0.03234605010748364,2.410079176123565e-06,0.0024504670253449263,0.00014901845314126708,13690,0.4701622766867897
1184,0.47350985377796384,0.4713048868823719,0.0020300810792450827,0.0001,2.552008153768514e-06,0.0025141933293792557,0.0001411392334575097,13560,0.47350985377796384
1185,0.4683545866734292,0.47139147897066447,0.0020276331666261222,0.0001,2.298150336971478e-06,0.00226683048472272,0.00013436637422144647,13832,0.4683545866734292
1186,0.4713276584884111,0.47147110816091914,0.0018168837985313223,0.0001,1.9357910119185317e-06,0.002130891379496397,0.00012635431455120053,13668,0.4713276584884111
1187,0.47278096011428866,0.4716765921278703,0.0001,0.03134640995619293,2.1220408900254233e-06,0.0022755935037578378,0.00013539291376530877,13671,0.47278096011428866
1188,0.4635560748734825,0.47188639638564955,0.0001,0.03313504198203601,2.2367660567699136e-06,0.0023302416581653046,0.00013500909749760174,13921,0.4635560748734825
1189,0.47231613485308466,0.47194423465352414,0.0019641961758069103,0.0001,2.290284501791801e-06,0.0023320323397442015,0.0001274815842807805,13582,0.47231613485308466
1190,0.47266356924770736,0.4721544785609688,0.0001,0.03411249872037587,2.19347009837234e-06,0.0021722795303257703,0.00012860213591226317,13688,0.47266356924770736
1191,0.4734569504961489,0.47225607122692326,0.0020827449822019865,0.0001,2.5250533664783727e-06,0.0024247359979796997,0.00011579904002359881,13504,0.4734569504961489
1192,0.4734804389346789,0.4724657818104773,0.0001,0.0358508139836273,2.2566609666026178e-06,0.0022748639132569213,0.00012589175618903445,13672,0.4734804389346789
1193,0.4736796339277222,0.4726611241040248,0.0001,0.03444908241373838,1.935875013465013e-06,0.0020285697707608775,0.00011239051247954174,13465,0.4736796339277222
1194,0.4722269638731399,0.472713864372502,0.0018475810464167856,0.0001,2.2454719330534402e-06,0.0024307154886745864,0.00010925861979339344,13687,0.4722269638731399
1195,0.4759967925801811,0.472919092116571,0.0001,0.03729096354851579,2.1216230764657813e-06,0.0022958392179850927,0.00011378751711285418,13575,0.4759967925801811
1196,0.4677188756864479,0.47296265801049764,0.0018834503797931148,0.0001,2.152004673774598e-06,0.002285172677616261,0.00011018367898078899,13764,0.4677188756864479
1197,0.465504615701439,0.4731720386370344,0.0001,0.04088409137406937,2.3707448547522685e-06,0.0029006866602601295,0.00011597395344125986,13958,0.465504615701439
1198,0.4660795219369577,0.4733755446976727,0.0001,0.04042573124583165,2.1273951133899813e-06,0.0024135508843856866,0.00010524955506447837,13882,0.4660795219369577
1199,0.47253653881063495,0.4735674402495879,0.0001,0.03962405098402959,1.884892659685478e-06,0.0020419522315883076,9.513881659627287e-05,13666,0.47253653881063495
1200,0.4682424988118958,0.47365340719704996,0.0019021137009987217,0.0001,2.146993079695575e-06,0.002257481325714943,9.152038652629504e-05,13888,0.4682424988118958
1201,0.47056793743777353,0.47365590151392795,0.0014488160465357715,0.0001,1.6356687268512284e-06,0.0022579384467230823,8.381554763625816e-05,13701,0.47056793743777353
1202,0.47337755007147275,0.4738589985798165,0.0001,0.045030080407771615,2.2299129172479534e-06,0.0028178614979306148,9.904103643852696e-05,13543,0.47337755007147275
1203,0.47495752728304597,0.47405152342495577,0.0001,0.04462857739290431,2.003631447307208e-06,0.0023960655599997867,8.979141009436584e-05,13620,0.47495752728304597
1204,0.4765287723215445,0.4742567059814857,0.0001,0.048557429318417056,2.163437803838478e-06,0.002320384054842486,8.910841591928838e-05,13489,0.4765287723215445
1205,0.4686475858434842,0.47430596971577893,0.0020990232871992637,0.0001,2.5863125983345423e-06,0.0024643010052408424,8.46746042166684e-05,13807,0.4686475858434842
1206,0.46894245235974064,0.47439640216648915,0.0021187248454927685,0.0001,2.483721770190854e-06,0.002344543960462402,8.48995213145635e-05,13775,0.46894245235974064
1207,0.47878675629743306,0.47445843922778597,0.0019610345408443744,0.0001,2.410073685436773e-06,0.0024579614843490243,8.032317431382218e-05,13367,0.47878675629743306
1208,0.47406638130243395,0.47464863760845993,0.0001,0.04796818271455654,1.9062324564447567e-06,0.0022842327928146136,7.94790358345715e-05,13619,0.47406638130243395
1209,0.4733730165610046,0.47462858262931074,0.001773563969316056,0.0001,2.7422076152959334e-06,0.0030923131758855233,8.092782238727131e-05,13555,0.4733730165610046
1210,0.47381046652835046,0.47472720306234895,0.0020349098859573887,0.0001,2.2782618105610365e-06,0.00223917710192769,7.793995320558304e-05,13561,0.47381046652835046
1211,0.47648751855492977,0.4749247610826325,0.0001,0.05172956198852035,2.0115569873277343e-06,0.002152890222073157,7.777204793553565e-05,13513,0.47648751855492977
1212,0.4785995543282876,0.475126664410519,0.0001,0.05567270417946542,2.091562420390282e-06,0.002235503092478143,7.513780590387572e-05,13421,0.4785995543282876
1213,0.47247671831251686,0.475326341685797,0.0001,0.05911127967979874,2.1066935579021116e-06,0.002193016714236881,7.127890207466015e-05,13708,0.47247671831251686
1214,0.4722415531973092,0.4753666712011099,0.0018868447118714647,0.0001,2.2291545423821985e-06,0.0023628383707011203,6.558993555345403e-05,13596,0.4722415531973092
1215,0.4770625962055877,0.47557372451761004,0.0001,0.06591856102314068,2.3022590504240504e-06,0.002222217434403838,6.985161734995529e-05,13508,0.4770625962055877
1216,0.4816295757283491,0.4757829565527007,0.0001,0.06960464457335373,2.2538871694562717e-06,0.0021043336273018735,6.476255092664065e-05,13324,0.4816295757283491
1217,0.4664977956596679,0.47597429451524526,0.0001,0.0700053223204711,1.969966638787674e-06,0.002580102255336723,5.6280481925918134e-05,13649,0.4664977956596679
1218,0.47012637717361305,0.4761624582552886,0.0001,0.07340370717013259,1.8781621429705614e-06,0.002241614219039828,5.117349560063559e-05,13657,0.47012637717361305
1219,0.4696452319068433,0.47635807856140866,0.0001,0.08271301130967945,2.0464289098146633e-06,0.002365252574328263,4.948263586131053e-05,13594,0.4696452319068433
1220,0.4785093380449842,0.47655092562488244,0.0001,0.09182491279706939,2.1161155738754712e-06,0.002315337551542027,4.609022779149338e-05,13465,0.4785093380449842
1221,0.4741932286281028,0.47674569790543836,0.0001,0.09818961455536201,2.0036684397356485e-06,0.0022360598031708374,4.081222741954903e-05,13539,0.4741932286281028
1222,0.4767058111356488,0.47695607689631314,0.0001,0.11764898486309427,2.331597576163256e-06,0.002377622114697645,3.963650989214209e-05,13577,0.4767058111356488
1223,0.47573619356249197,0.47714114859017664,0.0001,0.12061042206195113,1.906757765420203e-06,0.002451361120707929,3.161845772234846e-05,13387,0.47573619356249197
1224,0.48019419093410265,0.4773366803735457,0.0001,0.1407947865581918,2.010744584459123e-06,0.00199363342035633,2.8562770449288805e-05,13411,0.48019419093410265
1225,0.4811355908510309,0.47753332227915213,0.0001,0.16487310450938253,2.0335578130781393e-06,0.002193671012550735,2.4668156994185967e-05,13360,0.4811355908510309
1226,0.47268258255073214,0.47761218403310624,0.0020432503017591176,0.0001,2.3252860932763405e-06,0.0022760658263692966,2.0634300790407846e-05,13621,0.47268258255073214
1227,0.48244816121881307,0.4778067187513861,0.0001,0.1982315939323594,2.0561412202506723e-06,0.002299314153116578,2.0744838695614474e-05,13358,0.48244816121881307
1228,0.47601735507075627,0.47799443380365925,0.0001,0.24106204999198305,1.949054335092799e-06,0.0025401508240264613,1.6170561356776136e-05,13396,0.47601735507075627
1229,0.4839868463652559,0.4781860041178855,0.0001,0.31688556772524495,1.9358601065138194e-06,0.002206028803229747,1.2218038962205457e-05,13212,0.4839868463652559
1230,0.4798107401079845,0.4782600552897491,0.0019687550341674115,0.0001,2.2345597263852407e-06,0.002270023123857294,7.952162853019001e-06,13328,0.4798107401079845
1231,0.4802492055464659,0.4784594034992421,0.0001,0.4919194893976,2.180520496109139e-06,0.0022608118765061885,8.865355177447368e-06,13343,0.4802492055464659
1232,0.4743889362217699,0.4786540186009084,0.0001,0.9433442543708705,2.073272058671766e-06,0.0022894849912373926,4.395578918439397e-06,13630,0.4743889362217699
1233,0.4763056570580514,0.4786983866163248,0.0015844475461701591,0.0001,1.60973950150987e-06,0.0020319252668235623,2.458684133023258e-07,13496,0.4763056570580514
1234,0.478949982568656,0.4786799467456135,0.001195495355440658,0.0001,1.3097565233200773e-06,0.0021911528428101715,2.384074145722766e-07,13428,0.478949982568656
1235,0.48269054231707276,0.47868097514963,0.0010812705905178526,1.0,1.3018335774678575e-06,0.00216093961187772,2.5269235233383297e-07,13294,0.48269054231707276
1236,0.4704903870286776,0.47867992932686154,0.0013894169021253144,0.0,1.7005760445991193e-06,0.0024478988876525717,-3.1611142434622724e-19,13633,0.4704903870286776
1237,0.48108657508199465,0.47870336179663586,0.0015913968388566418,0.0,1.6301260137032486e-06,0.0020486731830816405,-3.2147125567076827e-19,13209,0.48108657508199465
1238,0.4813525573289503,0.4787987108573911,0.0020381278694734067,0.0,2.2242516467864842e-06,0.002182641903975501,-3.519618384691979e-19,13418,0.4813525573289503
1239,0.48173332082256864,0.47885903008347974,0.0017522824363116678,0.0,1.9026217825758528e-06,0.002171592596203418,-3.620336133615528e-19,13340,0.48173332082256864
1240,0.47796539277632344,0.4789125564913922,0.001850125680862311,0.0,2.006990554801394e-06,0.002169572127517273,-3.557891314066347e-19,13455,0.47796539277632344
1241,0.4733398901154588,0.4788560341201845,0.001072001394776535,0.0,1.231040059217288e-06,0.0022967135401421855,-3.1940662594634704e-19,13607,0.4733398901154588
1242,0.47462093891071944,0.4789068856563791,0.0017941754576327278,0.0,2.014532777173919e-06,0.002245636310098607,-3.475388519338348e-19,13557,0.47462093891071944
1243,0.4821594515851074,0.4788993311597758,0.0016725909327368251,0.0,2.0994837019778936e-06,0.0025104568736870445,-3.3839929737033974e-19,13189,0.4821594515851074
1244,0.47716069468193667,0.4789008822506752,0.001383717906866887,0.0,1.5898227350361999e-06,0.002297900066402971,-3.3903945301314614e-19,13464,0.47716069468193667
1245,0.4777689937216873,0.4789088077189094,0.0016703714328845669,0.0,1.9533267546432883e-06,0.0023387932961354413,-3.440125286780339e-19,13454,0.4777689937216873
1246,0.47968395838292044,0.4789479580957296,0.0016963625832380554,0.0,1.9077795562932197e-06,0.0022492591797817277,-3.3009478332090993e-19,13302,0.47968395838292044
1247,0.47904453870233127,0.4789500070325765,0.0011842390040344682,0.0,1.203777213394764e-06,0.002032997071188726,-3.3864773247528003e-19,13460,0.47904453870233127
1248,0.4833089079531616,0.47896769739802847,0.0015438539947405844,0.0,1.6337757678452688e-06,0.0021164899963481247,-3.311731123125716e-19,13262,0.4833089079531616
1249,0.48038959216411015,0.4790218401276696,0.00178874364455324,0.0,1.916272083242027e-06,0.0021425899558912363,-3.412488201439844e-19,13382,0.48038959216411015
1250,0.48099020309604285,0.4789744275229819,0.0014915802641704984,0.0,2.160061195413668e-06,0.0028963392011826157,-3.4985453177138445e-19,13294,0.48099020309604285
1251,0.47999326647983864,0.4790386930082022,0.0016630058607819585,0.0,1.699944783427701e-06,0.0020444242843839083,-3.394223693712013e-19,13318,0.47999326647983864
1252,0.4799392079291226,0.47903714509495254,0.0014312491191707175,0.0,1.5112706498761274e-06,0.0021118205484056823,-3.766431791973147e-19,13396,0.4799392079291226
1253,0.48227565509056997,0.4790781359221082,0.0017583852517086918,0.0,2.053121942645478e-06,0.0023352356267210255,-3.520488134051706e-19,13320,0.48227565509056997
1254,0.47828531850424416,0.47904483861242725,0.0012322284597438451,0.0,1.3614429036159855e-06,0.0022097248166123374,-3.813872938824883e-19,13454,0.47828531850424416
1255,0.4771604838714683,0.4789900607225094,0.0011084745544756617,0.0,1.3310664239262948e-06,0.0024016183656212567,-3.3556580875425303e-19,13447,0.4771604838714683
1256,0.47723266694093686,0.47907531946715465,0.0018983066698672131,0.0,1.8466832441229386e-06,0.0019456110790066542,-3.3809491247353355e-19,13477,0.47723266694093686
1257,0.4732942407630978,0.4791066137418104,0.0016912825462951256,0.0,2.0048186460971974e-06,0.0023707672623819063,-3.287112460424276e-19,13674,0.4732942407630978
1258,0.479115675343979,0.47911426392203604,0.001758320411330205,0.0,1.99281448602399e-06,0.00226672507829945,-3.532926320886376e-19,13341,0.479115675343979
1259,0.479156594975207,0.4791088518170561,0.001396210666253803,0.0,1.5632105835309758e-06,0.0022392187960077014,-3.261931218578332e-19,13402,0.479156594975207
1260,0.4847049029185414,0.479166018923182,0.0017995612636142733,0.0,2.020065719433897e-06,0.002245064683573771,-3.523119996815695e-19,13249,0.4847049029185414
1261,0.4729847973704512,0.4792019382682434,0.0018445140990629699,0.0,2.259999834647102e-06,0.0024505096879391727,-3.4387124905210064e-19,13537,0.4729847973704512
1262,0.48079784968108213,0.4792040598352981,0.0016120637307551903,0.0,1.9028852762262558e-06,0.002360806511458237,-3.393177186516696e-19,13345,0.48079784968108213
1263,0.4743727606689873,0.47927354789424037,0.0018075170821984649,0.0,1.8399832084194478e-06,0.0020359234516129665,-3.5875916525618068e-19,13601,0.4743727606689873
1264,0.47414864818079944,0.4793296334606029,0.001884060469599492,0.0,2.1562333113213203e-06,0.0022889215565142507,-3.293441147365772e-19,13562,0.47414864818079944
1265,0.4828771106893027,0.47937622034580185,0.0018389754221985295,0.0,2.190636370681296e-06,0.0023824531249714573,-3.3120371771083564e-19,13216,0.4828771106893027
1266,0.47672014365068316,0.4794299090744838,0.0018826161791060216,0.0,2.207349119920702e-06,0.0023449805057649967,-3.2051433660037506e-19,13510,0.47672014365068316
1267,0.4780548236661225,0.4794892959951784,0.0017210298566512248,0.0,1.7062735677724468e-06,0.0019828517921153433,-3.459248351785802e-19,13367,0.4780548236661225
1268,0.4844653464943747,0.4795077988293525,0.0018383173580445327,0.0,2.1960515112043666e-06,0.0023891973837861877,-3.4863391975115374e-19,13223,0.4844653464943747
1269,0.4816711226074156,0.4795262796772248,0.001687032015178287,0.0,1.8923825589500444e-06,0.002243445935731167,-3.4822049597205933e-19,13339,0.4816711226074156
1270,0.48401233107122027,0.4796227898118113,0.0020384101828504948,0.0,2.1048737263715024e-06,0.0020652111572834328,-3.7039146104299357e-19,13266,0.48401233107122027
1271,0.4849985891358577,0.4796805176968819,0.0017336895187048463,0.0,1.8445790305621163e-06,0.002127923149630748,-3.6951718464532017e-19,13191,0.4849985891358577
1272,0.4787518499181251,0.4796847294563752,0.001454613069149931,0.0,1.7333251767851011e-06,0.002383211334403929,-3.498136375934205e-19,13373,0.4787518499181251
1273,0.4830992659367921,0.47973124884074314,0.0015286561384212174,0.0,1.5440745813561473e-06,0.0020201725457379234,-3.67531974536807e-19,13328,0.4830992659367921
1274,0.4756735352184394,0.47969718952976936,0.0012850749804857748,0.0,1.4199196460695059e-06,0.002209862720279183,-3.348524237018823e-19,13463,0.4756735352184394
1275,0.4741368246164014,0.47971395714568155,0.0016211718812549154,0.0,1.7820457891326492e-06,0.0021984661956426293,-3.5537557626177878e-19,13468,0.4741368246164014
1276,0.4770923359799944,0.4797669315835196,0.0016873536349934484,0.0,1.7121943097013476e-06,0.002029443353417727,-3.193180254370554e-19,13361,0.4770923359799944
1277,0.4777343684365448,0.4798033334595975,0.0016368192243239902,0.0,1.7268428053342416e-06,0.0021099981961018714,-3.574165460862092e-19,13461,0.4777343684365448
1278,0.48785272782686573,0.47982067398046024,0.0016200617121482493,0.0,1.8967467381758198e-06,0.0023415734400150452,-3.5222362349846197e-19,13102,0.48785272782686573
1279,0.4807923975166505,0.47983449154691943,0.0013687261985137146,0.0,1.467957742486736e-06,0.0021449983847474765,-3.6853674796205573e-19,13233,0.4807923975166505
1280,0.4807126184113001,0.4798541918698025,0.0016651460130930277,0.0,1.8715118825809525e-06,0.002247865193641004,-3.7823622793930373e-19,13280,0.4807126184113001
1281,0.4828606198326818,0.4798689663924509,0.0013573571996228222,0.0,1.4709025131461895e-06,0.0021673035123767254,-3.5384134179363616e-19,13301,0.4828606198326818
1282,0.4759049441791494,0.4799101579972661,0.0019097682073700498,0.0,2.2927644643965534e-06,0.0024010918765413206,-3.496862185114629e-19,13556,0.4759049441791494
1283,0.4815113259090762,0.4798613339492879,0.0013890384746363,0.0,1.7076102796550088e-06,0.0024586939970861815,-3.718679858356551e-19,13324,0.4815113259090762
1284,0.4788117832461687,0.4798034109249071,0.0014396541314729105,0.0,1.7495056336542312e-06,0.0024304526975021585,-3.44521658205938e-19,13396,0.4788117832461687
1285,0.48302958174153343,0.4798374137407835,0.0016978443937333458,0.0,1.868051010685102e-06,0.002200497310095059,-3.2425944332998084e-19,13281,0.48302958174153343
1286,0.48210002431785653,0.47988816666597645,0.0018975720569966543,0.0,2.2437646255148507e-06,0.002364879496661777,-3.4531913948709263e-19,13234,0.48210002431785653
1287,0.48455798908488545,0.4799037709293711,0.0017183934010821806,0.0,1.926575242195265e-06,0.002242298231571395,-3.383900726350895e-19,13176,0.48455798908488545
1288,0.481447931764254,0.47994759781978236,0.00181029838175003,0.0,2.0985611751514626e-06,0.002318469923309291,-3.5523781964614835e-19,13351,0.481447931764254
1289,0.480474398285093,0.47999521479597207,0.0017082523603565182,0.0,1.8449719399441756e-06,0.0021600695339406683,-3.4338809675522323e-19,13330,0.480474398285093
1290,0.4888980961066778,0.4800368564045456,0.0017686892976003247,0.0,1.802192061402464e-06,0.002037884283969597,-3.4916913460866493e-19,13168,0.4888980961066778
1291,0.48247942193006876,0.4800093296836913,0.0013787715579691678,0.0,1.675752165061192e-06,0.0024307901557375543,-3.663100626045029e-19,13236,0.48247942193006876
1292,0.48507749285594814,0.480062497048031,0.0019763285593137644,0.0,2.3397191301099038e-06,0.0023677430749898367,-3.302749083281338e-19,13237,0.48507749285594814
1293,0.4795312992930333,0.48006101605220963,0.0012800645571338736,0.0,1.3444961346579192e-06,0.002100669262600803,-3.348157592258521e-19,13435,0.4795312992930333
1294,0.47890593002897186,0.48008881467821796,0.0016954813465345398,0.0,1.9371263145597677e-06,0.0022850458585334903,-3.3783450682517694e-19,13388,0.47890593002897186
1295,0.4795910403249214,0.4800692519314779,0.0012680019775348989,0.0,1.4883147259546027e-06,0.002347495906667291,-3.5296876218152174e-19,13433,0.4795910403249214
1296,0.481095485663233,0.48012335526537353,0.0017411181117766182,0.0,1.959308781819225e-06,0.0022506328187235584,-3.263753142925399e-19,13277,0.481095485663233
1297,0.48300813311919427,0.4801515259032156,0.0018031655273317473,0.0,2.3051186953357748e-06,0.0025567466329580926,-3.381375424778996e-19,13162,0.48300813311919427
1298,0.4851797302822588,0.480198960827491,0.0019467192862844774,0.0,2.2480633622310363e-06,0.0023095917095697005,-3.485774244622306e-19,13229,0.4851797302822588
1299,0.4839030255222894,0.48019229006634934,0.0013723368223626808,0.0,1.4416632559961924e-06,0.0021010341375438074,-3.358152139081819e-19,13263,0.4839030255222894
1300,0.4726729534366919,0.4802046490242199,0.0014400900475682894,0.0,1.4884272156692184e-06,0.0020671307578058054,-3.4986698478370215e-19,13736,0.4726729534366919
1301,0.48675086161406145,0.48024532973045997,0.0017485704162399397,0.0,1.9258030760223566e-06,0.002202717211885045,-3.3865873807465256e-19,13200,0.48675086161406145
1302,0.4786005517865193,0.4802497663360199,0.0016102745573726561,0.0,1.904992984005346e-06,0.0023660474237555563,-3.2895508809811746e-19,13361,0.4786005517865193
1303,0.4771351208793829,0.48023526616195256,0.0015536963716915226,0.0,1.848561823787271e-06,0.0023795663779207074,-3.3097005543537974e-19,13572,0.4771351208793829
1304,0.47589106681743115,0.4802248665058787,0.0016154374568148845,0.0,2.1326564712933856e-06,0.002640345452306508,-3.205577343538021e-19,13454,0.47589106681743115
1305,0.47786791172149307,0.4802645704649491,0.0019110427053367182,0.0,2.332741104973222e-06,0.0024413280754625546,-3.231335282945313e-19,13502,0.47786791172149307
1306,0.48028808346067703,0.48021151684215285,0.0012642482765294874,0.0,1.3933949203713177e-06,0.002204305825429089,-3.3083286475505436e-19,13374,0.48028808346067703
1307,0.48027678427279474,0.480271995413626,0.001903641716566284,0.0,2.0044897978581034e-06,0.0021059527960689208,-3.293663464597782e-19,13314,0.48027678427279474
1308,0.4876732053804129,0.4803117872222366,0.0016835695816991,0.0,1.7454889738484881e-06,0.0020735572711962367,-3.194702248636301e-19,13097,0.4876732053804129
1309,0.4784794392220447,0.48036590956503883,0.0018127282598056273,0.0,1.908295628092815e-06,0.0021054403689799986,-3.3047148549044954e-19,13452,0.4784794392220447
1310,0.4764787161815135,0.48037551324037564,0.001785295551765425,0.0,1.9597804118377563e-06,0.0021954688789761322,-3.4624763206198455e-19,13488,0.4764787161815135
1311,0.48291620410557945,0.4803704907768906,0.0014842537096841526,0.0,1.5771628386781312e-06,0.0021251930561302073,-3.6120016098529004e-19,13170,0.48291620410557945
1312,0.47260373971020553,0.4803634454583068,0.001459073731903759,0.0,1.5686457712718804e-06,0.002150193971657834,-3.357558322023639e-19,13583,0.47260373971020553
1313,0.4840696835810895,0.48037828726783055,0.001560572501173382,0.0,1.70154383896917e-06,0.002180666182045105,-3.62770562834361e-19,13167,0.4840696835810895
1314,0.4797740497566879,0.48041950208573503,0.001606091527027335,0.0,1.578988341052441e-06,0.001966249512535492,-3.315990573272294e-19,13404,0.4797740497566879
1315,0.48443481284577283,0.4805085583224886,0.002107104551328425,0.0,2.2663245398528012e-06,0.002151126804243288,-3.4546640717633195e-19,13275,0.48443481284577283
1316,0.4875177716753696,0.4805471126418768,0.001737756507405763,0.0,1.930146596704484e-06,0.0022214235291064272,-3.5522683393768053e-19,13110,0.4875177716753696
1317,0.4812830811989212,0.4804989016279447,0.0015410660685906117,0.0,1.847885793836584e-06,0.002398191526631399,-3.392903850189879e-19,13265,0.4812830811989212
1318,0.48357725580599725,0.4805215045513843,0.0015539850933695002,0.0,1.6237509074912513e-06,0.0020897895538630655,-3.2015976424846956e-19,13203,0.48357725580599725
1319,0.47788907326961155,0.4805490645306151,0.0015522269978709609,0.0,1.6759848423314169e-06,0.0021594584356929786,-3.0974367044528804e-19,13420,0.47788907326961155
1320,0.48071123085243356,0.4805039735180365,0.001773557231681186,0.0,2.449823250408144e-06,0.002762609750220368,-3.482124595519871e-19,13282,0.48071123085243356
1321,0.4817312014971258,0.4804909261665634,0.001214998978199109,0.0,1.3058187923138757e-06,0.00214949776212879,-3.191949562936818e-19,13317,0.4817312014971258
1322,0.4806342140351476,0.4804840540473521,0.0014625580439550797,0.0,1.59612387269336e-06,0.002182646875849233,-3.506699970706963e-19,13352,0.4806342140351476
1323,0.48102430584428946,0.4805487380345906,0.0019524519500565447,0.0,2.2656852938662556e-06,0.002320861513442765,-3.4036417714652056e-19,13264,0.48102430584428946
1324,0.478718852501999,0.4805571988165761,0.0014139441307438583,0.0,1.5851643721108777e-06,0.0022421881284332536,-3.5641825367442737e-19,13375,0.478718852501999
1325,0.4713746320404866,0.48061949685524896,0.001876218955409474,0.0,2.042609216874504e-06,0.0021773676371676103,-3.2695955484781765e-19,13694,0.4713746320404866
1326,0.4769318228356825,0.48058384649709385,0.0012652902767445874,0.0,1.3716779495411472e-06,0.00216816326617206,-3.133377334413435e-19,13540,0.4769318228356825
1327,0.48136754379615987,0.480624594950229,0.00200152506137826,0.0,2.395837895757851e-06,0.0023940123878419643,-3.221693098984196e-19,13318,0.48136754379615987
1328,0.4780717823977767,0.4806056912252817,0.0013038462980722652,0.0,1.4964292754605957e-06,0.002295407484261088,-3.4063068395025793e-19,13480,0.4780717823977767
1329,0.48659251617122967,0.4806066584550066,0.0014049412917846937,0.0,1.5116808979740635e-06,0.002151948849127751,-3.549614783927276e-19,13090,0.48659251617122967
1330,0.47963037180128554,0.48070276953926505,0.0020315255207003753,0.0,2.1072590360084697e-06,0.002074558271147866,-3.459435574440128e-19,13319,0.47963037180128554
1331,0.4787949018205406,0.4807151118848429,0.0015100197969250826,0.0,1.5964238643345787e-06,0.0021144409730063725,-3.544006008157858e-19,13305,0.4787949018205406
1332,0.48359715534596537,0.4807154949535131,0.0014461483067135707,0.0,1.620055573476271e-06,0.0022405109710468235,-3.4173969357619685e-19,13254,0.48359715534596537
1333,0.4851483937080273,0.48070468891555845,0.001396713086509377,0.0,1.5391208993376476e-06,0.0022039184914980237,-3.4663733817689556e-19,13211,0.4851483937080273
1334,0.48224195628300953,0.48066766229085484,0.0014436336032183478,0.0,1.8079650834591077e-06,0.0025047423105537888,-3.2363994808868142e-19,13324,0.48224195628300953
1335,0.4804524343985137,0.48070068922292586,0.0017986995236845711,0.0,2.116404613437516e-06,0.00235326088161978,-3.6332537495952963e-19,13412,0.4804524343985137
1336,0.48282001863947294,0.48072797058689654,0.0018154699134249597,0.0,2.177780489696621e-06,0.0023991369656885665,-3.5959446424726265e-19,13255,0.48282001863947294
1337,0.4802884181848601,0.4807967839144295,0.0018936839806003754,0.0,2.121072526011852e-06,0.002240154690794169,-3.6469032974529757e-19,13344,0.4802884181848601
1338,0.4765666808296571,0.4807847670867359,0.0011398506062032263,0.0,1.112611483965436e-06,0.001952205802954262,-3.2914579885412957e-19,13442,0.4765666808296571
1339,0.47970824644321325,0.48081031983872285,0.0016348435829378646,0.0,1.762703051076188e-06,0.002156417983313799,-3.383272898063623e-19,13332,0.47970824644321325
1340,0.48672553809928054,0.4808797587992162,0.001833761478209114,0.0,1.8039728028247967e-06,0.001967510850524126,-3.577955790322853e-19,13200,0.48672553809928054
1341,0.4792369328617865,0.4809259889804322,0.0017309814538621715,0.0,1.8404687554573868e-06,0.002126503148085067,-3.180098492558867e-19,13421,0.4792369328617865
1342,0.4784404062083324,0.4809921676458715,0.001948785408553281,0.0,2.150896975159727e-06,0.0022074231115641273,-3.3689952424375633e-19,13450,0.4784404062083324
1343,0.48081795366192037,0.4810569057588659,0.0017413355048326862,0.0,1.7435900320776155e-06,0.002002589423162478,-3.064707956426612e-19,13404,0.48081795366192037
1344,0.4745188563101096,0.4810555650168207,0.0015350139333094126,0.0,1.7106217201928681e-06,0.0022288028571895158,-3.071496475981785e-19,13558,0.4745188563101096
1345,0.47825551584059045,0.48107516434286535,0.0016423162128229533,0.0,1.7391107450840074e-06,0.0021178756338216687,-3.4533424095640647e-19,13419,0.47825551584059045
1346,0.47430430746311003,0.4810916071376382,0.0017226100025334768,0.0,2.1304457553786953e-06,0.00247350909636587,-3.72834411938462e-19,13540,0.47430430746311003
1347,0.48395665542341854,0.4810736816434218,0.0014464680197803271,0.0,1.6936165692010147e-06,0.0023417269459690107,-3.6016573688683357e-19,13189,0.48395665542341854
1348,0.48604812414151444,0.48111181759303523,0.0016562136010215731,0.0,1.7227199091268137e-06,0.002080311269107099,-3.4593780143882846e-19,13186,0.48604812414151444
1349,0.4779915724055045,0.4811728302568725,0.0019252877929493916,0.0,2.161637875038173e-06,0.002245521820638265,-3.4576955515676857e-19,13373,0.4779915724055045
1350,0.48634624118574926,0.48123128731936904,0.0017368315952361578,0.0,1.7582272358268909e-06,0.0020246375534040463,-3.248173158577028e-19,13160,0.48634624118574926
1351,0.48095978061748357,0.4812116045093374,0.001128821613062811,0.0,1.1527149279006027e-06,0.002042333198729182,-3.469970529100116e-19,13304,0.48095978061748357
1352,0.4812299179503211,0.481219385963538,0.0016420807892232744,0.0,1.813117865229625e-06,0.0022083174922072537,-3.1850230436562963e-19,13295,0.4812299179503211
1353,0.4854226681335705,0.4811896111220051,0.0012369952265292286,0.0,1.378793089537049e-06,0.0022292617788116746,-3.6180988069159654e-19,13145,0.4854226681335705
1354,0.47744042201269443,0.48125330779526265,0.0019451689424538241,0.0,2.305631889405616e-06,0.0023706237942469604,-3.3151542717340766e-19,13413,0.47744042201269443
1355,0.48545802582800757,0.4813191485542726,0.001654988312597588,0.0,1.5792469648319547e-06,0.001908469023993585,-3.288717745761738e-19,13198,0.48545802582800757
1356,0.4762826961110473,0.4812412711497438,0.0012656159321867346,0.0,1.6730868340138939e-06,0.0026439092483975446,-3.462070608241325e-19,13467,0.4762826961110473
1357,0.4860746872249729,0.4812782186456547,0.0019861827672552493,0.0,2.3339723103498718e-06,0.002350209002744738,-3.332246352738803e-19,13116,0.4860746872249729
1358,0.4884762598267429,0.481325553706205,0.0015167841899099935,0.0,1.3819755025446915e-06,0.0018222440763002658,-3.400512275355455e-19,13070,0.4884762598267429
1359,0.4756203414437425,0.48135834041873665,0.0017572366113012114,0.0,2.0129123587583795e-06,0.0022909975194152633,-3.6249715781239015e-19,13577,0.4756203414437425
1360,0.47467068107638277,0.48139992106502877,0.0017914622772847257,0.0,2.0324573782179316e-06,0.002269048479545409,-3.5226887106942897e-19,13465,0.47467068107638277
1361,0.47543967539505816,0.4814365839093484,0.0017074533039133598,0.0,1.8431527564966238e-06,0.002158949532935689,-3.2084392443595625e-19,13502,0.47543967539505816
1362,0.47737010372448385,0.48146836403853455,0.00139530270877951,0.0,1.393721274325129e-06,0.0019977332023446517,-3.516911892705699e-19,13435,0.47737010372448385
1363,0.48502989989991907,0.48153894131521247,0.0018827437198284827,0.0,1.8586147994254353e-06,0.0019743683432334107,-3.3547066911228336e-19,13296,0.48502989989991907
1364,0.48257060615292824,0.48160413454907275,0.001948549037411215,0.0,2.143554327771228e-06,0.002200154357540923,-3.176024883986013e-19,13378,0.48257060615292824
1365,0.48045495923017867,0.4816443596131706,0.0015999912239684348,0.0,1.628058723265896e-06,0.0020350845665613668,-3.3451125181315223e-19,13368,0.48045495923017867
1366,0.4790432670627476,0.4816663127881663,0.0016099695097015494,0.0,1.7177584746617271e-06,0.002133901871197746,-3.1844719062476255e-19,13432,0.4790432670627476
1367,0.4831213367451789,0.4816348956270642,0.001500241755127684,0.0,1.6802682398850494e-06,0.002239996632732094,-3.1670445252488594e-19,13208,0.4831213367451789
1368,0.47908820504152677,0.48160582273299757,0.0014593919559949696,0.0,1.6764991621573022e-06,0.0022975310440358234,-3.579987184848134e-19,13356,0.47908820504152677
1369,0.4829218106623312,0.48163844163631664,0.0016301192483966149,0.0,1.6858035338085146e-06,0.002068319278441342,-3.401280252866369e-19,13290,0.4829218106623312
1370,0.4816674812355757,0.48171268169714343,0.0020658455530476513,0.0,2.3521070895007033e-06,0.0022771374036464082,-3.270072302391405e-19,13277,0.4816674812355757
1371,0.48783982927234865,0.48168976007318753,0.001387742169297224,0.0,1.3746090394668475e-06,0.0019810726659159933,-3.4728425229209266e-19,13056,0.48783982927234865
1372,0.4800141159955216,0.4817725228474988,0.0019848506840157622,0.0,1.9972087404273604e-06,0.002012452378923129,-3.316807310186806e-19,13330,0.4800141159955216
1373,0.48561419863221456,0.48179397222293885,0.001562728384523653,0.0,1.5050670376665164e-06,0.0019262042624576593,-3.295647513980034e-19,13163,0.48561419863221456
1374,0.48500067183184525,0.48177468149054664,0.0015428936216959261,0.0,1.6426964152623598e-06,0.0021293709328537268,-3.439755452109534e-19,13227,0.48500067183184525
1375,0.4815508927107827,0.48173821332944106,0.0010685801269503044,0.0,1.1129326912407472e-06,0.002083012145129488,-3.6093577838457596e-19,13277,0.4815508927107827
1376,0.47986873790406603,0.4818058912326054,0.0018280661586877387,0.0,1.7580686940092874e-06,0.0019234191122178006,-3.2682661511554895e-19,13326,0.47986873790406603
1377,0.48306289112070255,0.4818082402860901,0.0015629565224823036,0.0,1.7006049163293426e-06,0.00217613848097121,-3.5989129261525395e-19,13167,0.48306289112070255
1378,0.4780044772608738,0.48184393981560447,0.0016837966232611118,0.0,1.8640050412910105e-06,0.002214050100279781,-3.3263266374110564e-19,13454,0.4780044772608738
1379,0.48376072552658567,0.48187714992774466,0.0015208425167234532,0.0,1.5856762638224826e-06,0.002085260303267572,-3.3344998635565595e-19,13212,0.48376072552658567
1380,0.48385310654092795,0.48192514177273593,0.0015439037029910498,0.0,1.5648203286924633e-06,0.002027095764665751,-3.3569806866632483e-19,13202,0.48385310654092795
1381,0.4785177247442736,0.4818505255063531,0.0014058628514494488,0.0,1.8707741728898833e-06,0.0026613892969162807,-3.1143770066283227e-19,13439,0.4785177247442736
1382,0.47749285086424886,0.4817753985635098,0.0015695919809824914,0.0,1.8412416533225953e-06,0.0023461404946399683,-2.9758309871991102e-19,13390,0.47749285086424886
1383,0.4832314823029564,0.48176152481298784,0.0014399801596507826,0.0,1.55940869072768e-06,0.002165875245261519,-3.286201165270883e-19,13237,0.4832314823029564
1384,0.4745160414394049,0.4818210426423972,0.001835436454041125,0.0,2.019535994952656e-06,0.0022006057365878233,-3.2343143845418587e-19,13524,0.4745160414394049
1385,0.48566971377698015,0.4818510343284184,0.0016726376010381117,0.0,1.6433660797008627e-06,0.001964999565573461,-3.133155542701976e-19,13119,0.48566971377698015
1386,0.4727791133446808,0.48185822893297225,0.0014604318118199256,0.0,1.491343528677189e-06,0.0020423322973480594,-3.413862358059831e-19,13619,0.4727791133446808
1387,0.4826154508350141,0.4818682718992506,0.0014237611349086497,0.0,1.4802978396662835e-06,0.0020794188061064906,-3.3656108121002046e-19,13128,0.4826154508350141
1388,0.49150537774427855,0.4818989590968816,0.001668225853913405,0.0,1.7138701095220632e-06,0.002054721913704411,-3.4917555850301703e-19,12987,0.49150537774427855
1389,0.48054256882924873,0.4819349606024847,0.0016663130190172914,0.0,1.7421187222575037e-06,0.002090986150111122,-3.3848100768033875e-19,13339,0.48054256882924873
1390,0.48117794771761624,0.4820037467158471,0.0017833734373879045,0.0,1.766140019759786e-06,0.0019806732372852198,-3.4735051268595453e-19,13263,0.48117794771761624
1391,0.48419433698877623,0.482067453823219,0.0017970836683554366,0.0,1.887139875023079e-06,0.002100224834551031,-3.377998365415264e-19,13145,0.48419433698877623
1392,0.4822049527132686,0.4821273350106696,0.0018140561952220363,0.0,1.8301579680063316e-06,0.002017752231520396,-3.1180846406362427e-19,13286,0.4822049527132686
1393,0.49090025123936964,0.48215167165163875,0.001459291824266057,0.0,1.4404997651642093e-06,0.0019742449607551265,-3.517339393026356e-19,13028,0.49090025123936964
1394,0.4821994205995018,0.48215201027875926,0.0013090034941793773,0.0,1.3581949077062235e-06,0.002075158567178134,-3.2190487417482306e-19,13309,0.4821994205995018
1395,0.47957307763013735,0.48214322894492717,0.001382639877383961,0.0,1.5673472242269854e-06,0.002267180702458115,-3.511299306775644e-19,13337,0.47957307763013735
1396,0.4814825303999333,0.48208894520608536,0.0014215182573364845,0.0,1.6404607250822714e-06,0.0023080403176193066,-3.3450443866178756e-19,13322,0.4814825303999333
1397,0.47954956805163096,0.48214377178594725,0.0015980000558476236,0.0,1.5610205325596767e-06,0.0019537177446863957,-3.280181629145869e-19,13427,0.47954956805163096
1398,0.4813471238084986,0.4821386323666399,0.0013361602090660612,0.0,1.4418263219882797e-06,0.002158163837248343,-3.6517452880147344e-19,13327,0.4813471238084986
1399,0.48093666859715595,0.48217264377885904,0.0016767797599832725,0.0,1.5846466917163403e-06,0.0018901071321759614,-3.4552578257831267e-19,13350,0.48093666859715595
1400,0.48043021251942497,0.48227269653457877,0.0021603746623814145,0.0,2.312808996698752e-06,0.0021411184244767125,-3.4215992680313453e-19,13250,0.48043021251942497
1401,0.48141282803357,0.48229017828115145,0.0015520205803143553,0.0,1.5850005543571097e-06,0.0020424994029861047,-3.2260317030201414e-19,13385,0.48141282803357
1402,0.48058023490994073,0.4822915837503482,0.0016807949722616217,0.0,1.9429649806191378e-06,0.0023119595342491403,-3.6673180824163014e-19,13372,0.48058023490994073
1403,0.48354770380323103,0.48229115449653764,0.00118035729552303,0.0,1.096365777479572e-06,0.0018576845869262995,-3.3070701773222367e-19,13167,0.48354770380323103
1404,0.4805960345368265,0.48233272290670187,0.00168522080073356,0.0,1.67744010555829e-06,0.001990765963520171,-3.2747273055237244e-19,13378,0.4805960345368265
1405,0.4812221674239815,0.4823729036620047,0.0017094928230485685,0.0,1.8252822317741582e-06,0.0021354663876495257,-3.5154527326574947e-19,13371,0.4812221674239815
1406,0.47979380258624976,0.48241284619487235,0.0016036142669692032,0.0,1.7511641871835303e-06,0.0021840217105241816,-3.182750443311013e-19,13455,0.47979380258624976
1407,0.4801055570174607,0.4824534342161123,0.0017630527983504617,0.0,1.7578161040067584e-06,0.0019940595150087365,-3.335534288303595e-19,13331,0.4801055570174607
1408,0.48142893398012016,0.48244317519166524,0.0016072528859852376,0.0,1.8049768117479175e-06,0.0022460395964901017,-3.4443850246675664e-19,13364,0.48142893398012016
1409,0.4785460229112827,0.4823834098388887,0.0015040353530209763,0.0,1.6027125708884336e-06,0.002131216620233369,-3.3935760904025996e-19,13406,0.4785460229112827
1410,0.4828890339855666,0.48242200689619574,0.0017361334428419367,0.0,1.9272530606704407e-06,0.002220166967713788,-3.4727010917727464e-19,13333,0.4828890339855666
1411,0.481786723220472,0.4824806200274486,0.0017049525559854556,0.0,1.6200632711746015e-06,0.0019004203553784067,-3.3900084645065757e-19,13281,0.481786723220472
1412,0.48495843728947674,0.4824769121780986,0.0014875027138446036,0.0,1.5209080102937912e-06,0.00204491460235773,-3.0665588213826737e-19,13205,0.48495843728947674
1413,0.47870530612158,0.4825230397245458,0.0017492064529422947,0.0,1.8370977997842468e-06,0.002100492822552892,-3.13662798720828e-19,13357,0.47870530612158
1414,0.4789089131102388,0.48256504065402056,0.0016400736935241517,0.0,1.6675425407088714e-06,0.00203349708893348,-3.2024597963731793e-19,13371,0.4789089131102388
1415,0.48263042231860953,0.4825638611422476,0.0012966002005963923,0.0,1.2069245071415842e-06,0.001861675644638092,-3.308810783806994e-19,13219,0.48263042231860953
1416,0.4791914812544038,0.48261494194666055,0.0015951373564382187,0.0,1.4917697717646876e-06,0.001870396634802233,-3.0832685852077013e-19,13303,0.4791914812544038
1417,0.48145994475973936,0.48265206836780183,0.0016469521482866205,0.0,1.5734075039288153e-06,0.0019106900046436488,-3.4335526137294313e-19,13308,0.48145994475973936
1418,0.4798137664679375,0.48258545388399554,0.001041913426596822,0.0,1.1375250845133467e-06,0.002183530906648969,-2.8423270184540443e-19,13404,0.4798137664679375
1419,0.48253373423321283,0.48254176650005254,0.001753417752904444,0.0,2.362595406732712e-06,0.0026948459975601334,-3.239240381815338e-19,13212,0.48253373423321283
1420,0.4828328813846091,0.48248093984727053,0.0011421780514618129,0.0,1.240387006702359e-06,0.002171967855825724,-3.196654141146711e-19,13224,0.4828328813846091
1421,0.48111157882803457,0.4825567416598614,0.001763453677349751,0.0,1.5602983600173808e-06,0.001769593814749149,-3.300026075382215e-19,13242,0.48111157882803457
1422,0.4743187568031273,0.48261246746293107,0.0018591596694317127,0.0,2.002358517562334e-06,0.002154046852978897,-3.123282049046632e-19,13484,0.4743187568031273
1423,0.4798593578456407,0.48267037375538446,0.0016905840917585682,0.0,1.7610500154977246e-06,0.0020833628141689858,-3.1505034237169176e-19,13384,0.4798593578456407
1424,0.47988543107446013,0.4826510526675625,0.0017110776504970784,0.0,1.8566691595903326e-06,0.0021701752215055343,-3.3842306801824374e-19,13391,0.47988543107446013
1425,0.48395789502878206,0.48268669157888544,0.0015751044238002648,0.0,1.5816614429086609e-06,0.0020083258214621423,-3.1982291200172445e-19,13295,0.48395789502878206
1426,0.47727680587199983,0.48267864428230434,0.0017110177823602775,0.0,1.8859252796966686e-06,0.0022044484857370846,-3.694827011628783e-19,13419,0.47727680587199983
1427,0.485361376505886,0.4825947177928649,0.001030795829862077,0.0,1.0999613111525356e-06,0.002134198217118735,-3.3489742461969388e-19,13064,0.485361376505886
1428,0.48829138884377155,0.4826301664221091,0.0014747086926517174,0.0,1.402040002832555e-06,0.001901446719367342,-3.483105643885394e-19,13090,0.48829138884377155
1429,0.48016836452813005,0.48268284624144464,0.0018901182795339874,0.0,1.931540284400741e-06,0.0020438300664199346,-3.122148209130916e-19,13398,0.48016836452813005
1430,0.4836815626202327,0.4827217361064882,0.0016036763474737397,0.0,1.611101469304929e-06,0.0020092601251404446,-3.001464451609288e-19,13329,0.4836815626202327
1431,0.48383089055056655,0.4826159019341396,0.0010280526439662326,0.0,1.2515233846038018e-06,0.0024347457145295947,-3.0122997674681583e-19,13240,0.48383089055056655
1432,0.4797508097665999,0.4826604171814276,0.001614404191394213,0.0,1.6329301742116558e-06,0.002022950860653358,-3.118773088794387e-19,13415,0.4797508097665999
1433,0.4743514804031941,0.48262176236369525,0.0013741776773330777,0.0,1.5841127377275608e-06,0.002305542818599575,-2.881043876447528e-19,13577,0.4743514804031941
1434,0.47990979123931027,0.48260138539296216,0.0016302090116098547,0.0,1.8439206898250927e-06,0.002262189298051045,-3.1502706257114466e-19,13375,0.47990979123931027
1435,0.4855240484653932,0.48261231327924414,0.001431791459020109,0.0,1.6021965773031453e-06,0.0022380306394615018,-3.070707640285393e-19,13211,0.4855240484653932
1436,0.4785184076653506,0.4826259504851214,0.0015994959995814925,0.0,1.7021503947715308e-06,0.0021283584269256037,-3.623394821085807e-19,13392,0.4785184076653506
1437,0.4796782232999145,0.482604845141854,0.0016924463664535485,0.0,1.7415683708825855e-06,0.002058048521244393,-3.3871411736518727e-19,13315,0.4796782232999145
1438,0.48117388319776855,0.48263453629786846,0.0017244815528729544,0.0,2.01792135070424e-06,0.002340322339015365,-3.266610983647368e-19,13287,0.48117388319776855
1439,0.4826560586886669,0.48261146276398975,0.0012814631410080133,0.0,1.3507560847950164e-06,0.002108146604564056,-3.25371055880815e-19,13248,0.4826560586886669
1440,0.4787288648982536,0.4826463492061135,0.0017390343310121545,0.0,1.7821407902451072e-06,0.0020495751676252007,-3.249445979394137e-19,13392,0.4787288648982536
1441,0.4816680079894199,0.4826894614034256,0.0017445151762726966,0.0,1.711680823716112e-06,0.0019623570456672804,-3.285874153462599e-19,13312,0.4816680079894199
1442,0.4840194047507656,0.48270769977209277,0.001491229173160751,0.0,1.4468289209990575e-06,0.0019404514705575605,-3.131857726106112e-19,13295,0.4840194047507656
1443,0.48125134021494115,0.4827446240042751,0.0016022422736189184,0.0,1.6262036666936496e-06,0.002029909825086078,-3.1408059682086007e-19,13302,0.48125134021494115
1444,0.481014213943323,0.48273234587587577,0.0012839532285652923,0.0,1.3890927683747197e-06,0.0021637747193126527,-3.3417969230608193e-19,13308,0.481014213943323
1445,0.47668781947009226,0.482773141473817,0.0017805282182741257,0.0,1.8382195636609624e-06,0.0020648025061268138,-3.1840011575249374e-19,13442,0.47668781947009226
1446,0.48713236786400615,0.4827582680770617,0.0014354199955493383,0.0,1.6954594193722477e-06,0.0023623182408343026,-3.0671410916788067e-19,13044,0.48713236786400615
1447,0.4790959590943368,0.48275579655146017,0.0014995946275185132,0.0,1.6760353212968449e-06,0.00223531785262568,-3.21444492365786e-19,13434,0.4790959590943368
1448,0.48495611509610637,0.4827690370872111,0.0013890306212060494,0.0,1.407446435836713e-06,0.0020265160671759327,-3.1200101002580075e-19,13165,0.48495611509610637
1449,0.48164607924855746,0.48276213896114084,0.001369294852911953,0.0,1.5322036088432769e-06,0.002237945473299459,-3.4484129794841756e-19,13303,0.48164607924855746
1450,0.4821652177527751,0.4827999519541635,0.0015165583531930682,0.0,1.4357770376852546e-06,0.0018934675802777636,-3.5006396104055813e-19,13261,0.4821652177527751
1451,0.4783510866867128,0.4828380133289387,0.0015550268580147891,0.0,1.6068992811757162e-06,0.002066715790654767,-3.346670715247085e-19,13353,0.4783510866867128
1452,0.48392743125478377,0.48286701258590303,0.0014294062151262877,0.0,1.399441340958118e-06,0.0019580736758367566,-2.954575036866616e-19,13247,0.48392743125478377
1453,0.47879377578741555,0.48291027508256723,0.0018510117853178067,0.0,2.001299333674446e-06,0.0021623842155395418,-3.0819102116740976e-19,13437,0.47879377578741555
1454,0.48003602878130036,0.4829461905773277,0.0013880152377281601,0.0,1.2043688600740281e-06,0.001735382764306369,-3.3195802814744465e-19,13308,0.48003602878130036
1455,0.48792171233281145,0.4828941763881802,0.0018489957112960396,0.0,2.3108380631633788e-06,0.002499560219686626,-3.007706512066697e-19,13043,0.48792171233281145
1456,0.4799956669024952,0.4829440463956821,0.0016788347757277465,0.0,1.6723652219900505e-06,0.001992292804710467,-3.03308181312105e-19,13312,0.4799956669024952
1457,0.49019052030017796,0.48294391173254414,0.0013446695929552554,0.0,1.3431128394074612e-06,0.0019976845560337646,-3.127854615718538e-19,13058,0.49019052030017796
1458,0.48764305247888257,0.4829587270064003,0.001615413836484133,0.0,1.734800697538373e-06,0.0021478096303967275,-3.402741601866905e-19,13109,0.48764305247888257
1459,0.47533476968744737,0.482845002290105,0.001139085337675726,0.0,1.610658556213523e-06,0.0028279857582927535,-3.0614049972878512e-19,13417,0.47533476968744737
1460,0.4749416782302871,0.482820246154806,0.0012174321046610796,0.0,1.3382600377494371e-06,0.00219849638041539,-3.1262288069132894e-19,13532,0.4749416782302871
1461,0.4835233860022514,0.4828803461151945,0.001956201108417498,0.0,2.1142733778740725e-06,0.0021616114711073345,-3.394510418022544e-19,13244,0.4835233860022514
1462,0.4831257065561024,0.48296192576390484,0.002119927321648237,0.0,2.2943711268726736e-06,0.002164575269579343,-2.99110594461991e-19,13259,0.4831257065561024
1463,0.4794701114142007,0.48301915702479314,0.0016945719647104463,0.0,1.6033936165881758e-06,0.001892387753342951,-3.3651547997326104e-19,13286,0.4794701114142007
1464,0.48106769595052595,0.4829898232787783,0.0015262340282061705,0.0,1.7682623069360143e-06,0.0023171574925692187,-3.257925837715299e-19,13293,0.48106769595052595
1465,0.48225838753962325,0.483051445088826,0.0020339085608084145,0.0,2.256995903614553e-06,0.002219368114284812,-3.054870306854643e-19,13282,0.48225838753962325
1466,0.4896241870618837,0.4830604126460632,0.0015755128293222912,0.0,1.6532374236441322e-06,0.0020986657713923844,-3.423953697492941e-19,12989,0.4896241870618837
1467,0.4798676259115272,0.48312653001367706,0.0017934237758678686,0.0,1.6741445338289107e-06,0.0018669815314774259,-2.823898579166008e-19,13410,0.4798676259115272
1468,0.4865230869106944,0.4831098244941737,0.001231548910538194,0.0,1.2659933635191658e-06,0.002055936800700703,-3.3265431466823007e-19,13097,0.4865230869106944
1469,0.4913798154410575,0.48306258846551475,0.0013175390858984858,0.0,1.2769969779700198e-06,0.001938457828898763,-3.5411520147995387e-19,12975,0.4913798154410575
1470,0.4856770005125851,0.4830970347518619,0.0017022048688496367,0.0,1.8549367413980564e-06,0.0021794518102296774,-3.229749120380125e-19,13164,0.4856770005125851
1471,0.48021587455156634,0.4830226414792035,0.001338543576288156,0.0,1.6438149353188273e-06,0.0024561246483692416,-3.307765614003275e-19,13344,0.48021587455156634
1472,0.4750915850796618,0.4830770461617124,0.0017599302348993734,0.0,1.7351950926648462e-06,0.0019718907695952604,-3.13049040998091e-19,13557,0.4750915850796618
1473,0.48130949210700746,0.4830956107227532,0.0015356605553822273,0.0,1.5733698101076172e-06,0.0020491114453558444,-3.0067873501356477e-19,13240,0.48130949210700746
1474,0.4838492171217665,0.4830985702268281,0.001579880124073497,0.0,1.6826676146904007e-06,0.002130120619977015,-3.4386969328575776e-19,13138,0.4838492171217665
1475,0.48311002671018594,0.48306044126296593,0.0013915779151861785,0.0,1.483027431476277e-06,0.0021314328364831275,-3.195803322814345e-19,13226,0.48311002671018594
1476,0.4839027256451776,0.48307618590051726,0.0016327321992314421,0.0,1.7899283841977808e-06,0.002192555993004038,-3.2136989531018066e-19,13226,0.4839027256451776
1477,0.4847189784772265,0.483016317538735,0.001012092651491169,0.0,1.0111285194236676e-06,0.0019980947750858954,-3.164787468851888e-19,13130,0.4847189784772265
1478,0.4772744471719874,0.4830666984309116,0.0016971062270013037,0.0,1.7409042851462694e-06,0.002051614987262588,-3.079370765081779e-19,13392,0.4772744471719874
1479,0.4861786018295292,0.48310733619598556,0.0018430701216197991,0.0,1.917072185756099e-06,0.002080303037055652,-3.213885261062255e-19,13108,0.4861786018295292
1480,0.4901910440272398,0.48314241244257783,0.0015567542955357164,0.0,1.484801947300963e-06,0.0019075610731364735,-3.228274492910647e-19,13000,0.4901910440272398
1481,0.483526644556403,0.4831344177258003,0.0012463511232805463,0.0,1.2551533273602192e-06,0.0020141247581283587,-3.168223407057473e-19,13235,0.483526644556403
1482,0.48438741726038526,0.4831613481490278,0.0015590861685335388,0.0,1.552451539609249e-06,0.0019914890798748727,-2.9661751423622133e-19,13187,0.48438741726038526
1483,0.48181432262155555,0.48315812417594106,0.0015973586452994277,0.0,1.9009499137342533e-06,0.002380116599773268,-3.1591833683914893e-19,13260,0.48181432262155555
1484,0.48937100730064914,0.48323670148511744,0.0018385600215433263,0.0,1.6818992171527153e-06,0.0018295831492527428,-3.2724668059459283e-19,13000,0.48937100730064914
1485,0.4804400549457093,0.4832805243289593,0.0017307899909167802,0.0,1.814972270890715e-06,0.002097276134500113,-3.298342997541696e-19,13316,0.4804400549457093
1486,0.4869401237504889,0.4833067161847021,0.0013869730261914866,0.0,1.338965981763941e-06,0.0019307743647194505,-3.2854287528438367e-19,13105,0.4869401237504889
1487,0.48484856147713995,0.4833463176573516,0.0016799174090367012,0.0,1.7890038852077668e-06,0.002129871237221856,-3.422057728512314e-19,13232,0.48484856147713995
1488,0.48917919335814297,0.48335570545637907,0.0016294517644792291,0.0,1.815896451496414e-06,0.002228843456531249,-3.238424017150228e-19,12992,0.48917919335814297
1489,0.48904421985108876,0.4833978523071162,0.002023774171435884,0.0,2.344042526406021e-06,0.002316506020770987,-3.14934221056043e-19,13131,0.48904421985108876
1490,0.4842628255345458,0.48339621087183376,0.001267447527554798,0.0,1.2607838794279036e-06,0.0019894849325403636,-3.3464202867736327e-19,13166,0.4842628255345458
1491,0.48262323303289645,0.4833991918337799,0.0014327851406006216,0.0,1.6351173547819845e-06,0.0022824320387585056,-3.2818101612214546e-19,13284,0.48262323303289645
1492,0.48256225522788687,0.48345758123257887,0.0018243781053241565,0.0,1.965288699458563e-06,0.002154475208536192,-3.336404070701554e-19,13263,0.48256225522788687
1493,0.486458354071136,0.48345487128361897,0.001316010532467186,0.0,1.3406542538986438e-06,0.002037452164437099,-3.4853238431679146e-19,13148,0.486458354071136
1494,0.4794067107129565,0.4834307610573943,0.0013670556284369854,0.0,1.3990543176434823e-06,0.002046814026497345,-3.573038074457649e-19,13206,0.4794067107129565
1495,0.4807870986471453,0.4833964969076756,0.0013989940966817446,0.0,1.5177474356844095e-06,0.002169769607011687,-3.3872689824598897e-19,13344,0.4807870986471453
1496,0.47737393161440833,0.4833945107872038,0.0013379586301619786,0.0,1.3595851061023246e-06,0.002032327570453696,-3.596321288251144e-19,13385,0.47737393161440833
1497,0.48449070423673046,0.48340798189750955,0.0013028943418786094,0.0,1.2582575522509668e-06,0.0019314805687723198,-3.2746959737126873e-19,13121,0.48449070423673046
1498,0.4842733966547172,0.4834398859272497,0.0016918104343526144,0.0,1.722145326759392e-06,0.002035860864539927,-3.1953030143167603e-19,13164,0.4842733966547172
1499,0.48484701161158233,0.48349059999946914,0.0017994884910633013,0.0,1.9359059982662973e-06,0.0021516180935643413,-3.397583508400793e-19,13195,0.48484701161158233
1500,0.48387510529687394,0.48343284473481957,0.0015575540601351725,0.0,1.9552431097634045e-06,0.002510658422467491,-3.345213255852986e-19,13267,0.48387510529687394
1501,0.4870493455545235,0.48347361302010794,0.0017606546729584764,0.0,1.7602450579301256e-06,0.0019995347014554955,-3.208167195118149e-19,13159,0.4870493455545235
1502,0.48337288182621496,0.4834862957167537,0.0015890356922641043,0.0,1.7090817018988225e-06,0.0021510929052369777,-3.160183808087919e-19,13221,0.48337288182621496
1503,0.4890117909425924,0.4834371167380245,0.0017820976237765233,0.0,2.2461461634943172e-06,0.0025207891346989263,-3.0287519254648854e-19,13008,0.4890117909425924
1504,0.48027238277360323,0.48352418768347616,0.0018083716595397744,0.0,1.5516297140693736e-06,0.001716051792654458,-2.910431225932942e-19,13254,0.48027238277360323
1505,0.4815984452513319,0.48359293674132664,0.001787336989174553,0.0,1.602717757918447e-06,0.0017934141883995036,-3.0436024595637565e-19,13252,0.4815984452513319
1506,0.4788448819538873,0.48364283738202496,0.00176476721577759,0.0,1.9275293242603943e-06,0.002184457312021278,-3.2308539621280577e-19,13326,0.4788448819538873
1507,0.4794815226509408,0.48364360695332365,0.0016040436045712014,0.0,1.7552828896567114e-06,0.002188572535876841,-3.0868788397294073e-19,13280,0.4794815226509408
1508,0.4863480031181238,0.48364820251212554,0.0013816076217264119,0.0,1.3969034032892104e-06,0.0020221420051862267,-3.263058715144616e-19,13186,0.4863480031181238
1509,0.4853184905284319,0.4836445095385761,0.0015235238877278742,0.0,1.5856168809931905e-06,0.002081512333039844,-3.3039729728502335e-19,13177,0.4853184905284319
1510,0.48350771145006294,0.48371137420565213,0.0017250781775157735,0.0,1.610353055927188e-06,0.0018669913942638853,-3.059835134590684e-19,13180,0.48350771145006294
1511,0.48567983208325605,0.48375387227621897,0.0015798394531939147,0.0,1.5142014809958657e-06,0.0019169055158543473,-3.384826665259418e-19,13191,0.48567983208325605
1512,0.4860817642071693,0.4837899141938351,0.001609518668645125,0.0,1.5257428810227584e-06,0.001895899576371005,-3.3594179333065428e-19,13241,0.4860817642071693
1513,0.491372392488153,0.4838126750126436,0.0015573503096837586,0.0,1.53268707093073e-06,0.001968326665362738,-3.231760630750266e-19,12974,0.491372392488153
1514,0.47850251103354824,0.48374630568725707,0.0010838765656220404,0.0,1.2585348852805379e-06,0.002322284520577784,-3.221229580857479e-19,13470,0.47850251103354824
1515,0.4793153400585942,0.48372663895326107,0.0014756788198750802,0.0,1.8242256906212818e-06,0.00247238852526962,-2.992529767745824e-19,13352,0.4793153400585942
1516,0.479832679755211,0.48377393484450176,0.0017652105541263174,0.0,1.7382557082689596e-06,0.0019694599085708516,-3.1879806920094523e-19,13362,0.479832679755211
1517,0.48151864466206157,0.48382663848663265,0.0017104192237957772,0.0,1.7286328827992973e-06,0.0020212973039008533,-2.955965193459814e-19,13221,0.48151864466206157
1518,0.4803454830420369,0.48384141298748995,0.0018529139896959832,0.0,2.0166805356184983e-06,0.0021767664843950854,-3.334831046752333e-19,13271,0.4803454830420369
1519,0.4839885912018624,0.48388818634892755,0.0017626702793607026,0.0,1.805250424949714e-06,0.0020483132280467733,-3.0120398534801625e-19,13176,0.4839885912018624
1520,0.4867775436969227,0.48388474622669164,0.001399793656463917,0.0,1.509645790114634e-06,0.0021569547527858063,-3.577479085600106e-19,13213,0.4867775436969227
1521,0.4872159464415372,0.4839523322374904,0.0016948268742650284,0.0,1.569165641882842e-06,0.0018517120134330177,-3.055232895447321e-19,13069,0.4872159464415372
1522,0.4851212114774581,0.4839513925658479,0.0012423504819623968,0.0,1.2991342385229792e-06,0.0020914134254142,-3.272974540549189e-19,13117,0.4851212114774581
1523,0.4845177902808777,0.48393480427382857,0.0012822366262389066,0.0,1.3524516543114993e-06,0.0021095196107110883,-2.933841598228589e-19,13281,0.4845177902808777
1524,0.4837785669414235,0.4839527444759363,0.0017170701168632964,0.0,1.7485735824736307e-06,0.0020366944428197075,-2.8660433969057294e-19,13184,0.4837785669414235
1525,0.4852448493123796,0.48396527321712923,0.0015922750274234441,0.0,1.7069336734603666e-06,0.0021440186450985906,-3.2406665075719785e-19,13175,0.4852448493123796
1526,0.4839668396178708,0.48393851932733023,0.001527866036643243,0.0,1.7080784141059963e-06,0.0022359007571876965,-2.9726316004401143e-19,13191,0.4839668396178708
1527,0.4771452316319069,0.48397344721401225,0.0019831189725730033,0.0,2.3938589620733637e-06,0.002414236357153544,-3.3640935108494166e-19,13483,0.4771452316319069
1528,0.48703486650177574,0.48398562969792835,0.0013137103055105858,0.0,1.2446966535896268e-06,0.0018949332259456757,-2.878290742658646e-19,13164,0.48703486650177574
1529,0.4877210450429347,0.4840009022680152,0.0017483544271209364,0.0,2.0255724152456803e-06,0.002317118753296774,-3.3059107854713866e-19,13142,0.4877210450429347
1530,0.48509634039487814,0.48400083327699894,0.0014428744666868003,0.0,1.5614928730906085e-06,0.0021644195793084978,-3.4196400287566613e-19,13125,0.48509634039487814
1531,0.48266179570231216,0.4840479534494394,0.0016794141702508008,0.0,1.7070342206124058e-06,0.0020328924822129854,-3.2005308806329805e-19,13278,0.48266179570231216
1532,0.4847613229307027,0.4840246618390924,0.0012980150293149407,0.0,1.4497521177542686e-06,0.0022337986618219834,-3.2438272177007014e-19,13076,0.4847613229307027
1533,0.4885188838272616,0.4840959803278144,0.0017928250716543906,0.0,1.5959552203057815e-06,0.0017803803009437602,-3.1210263735727827e-19,13040,0.4885188838272616
1534,0.48320876262393697,0.4841257395802717,0.001596741646030479,0.0,1.4904985331716138e-06,0.0018669251057326817,-3.1295435816813964e-19,13150,0.48320876262393697
1535,0.4820706644935303,0.48405522835974574,0.0011260887261496746,0.0,1.3006440056303066e-06,0.002310020472503036,-2.9981698698110123e-19,13331,0.4820706644935303
1536,0.48109662556035204,0.4840397328534343,0.0015335629207561619,0.0,1.819861513257077e-06,0.0023733770406495595,-3.1050172493373877e-19,13238,0.48109662556035204
1537,0.48726566645539243,0.48403341745841266,0.0012649788773075497,0.0,1.284219559705821e-06,0.002030420559178386,-3.2506712410326263e-19,13062,0.48726566645539243
1538,0.49095188161411707,0.48404292613354427,0.0013934603415167264,0.0,1.2866126775606122e-06,0.001846644126463169,-3.2771208776872663e-19,12950,0.49095188161411707
1539,0.4826631782600209,0.4841041032359219,0.0018298665119540097,0.0,1.857152885598393e-06,0.0020298233488247686,-3.278902823348741e-19,13181,0.4826631782600209
1540,0.4860492556216165,0.48409221773488126,0.0017261496030910415,0.0,2.049809894772642e-06,0.002375008389889285,-3.202588784289737e-19,13194,0.4860492556216165
1541,0.48558097561224167,0.484099219829789,0.0016584088001649875,0.0,1.8692620695955516e-06,0.002254283828462062,-3.0436709430004807e-19,13195,0.48558097561224167
1542,0.4815281553789835,0.48408857084413587,0.001277928960564224,0.0,1.3217886302182857e-06,0.0020686417962305147,-3.082092298461855e-19,13296,0.4815281553789835
1543,0.48016576409321576,0.48414005410002386,0.0019024277232271942,0.0,2.040912633791715e-06,0.002145587565691695,-3.03486629570135e-19,13355,0.48016576409321576
1544,0.4890461596291721,0.48417474910768543,0.0014652170488711565,0.0,1.4862210608660353e-06,0.0020286701714412356,-3.4165891342572894e-19,13084,0.4890461596291721
1545,0.4783514734430968,0.48421249258179433,0.0017178942861261167,0.0,1.822668279546037e-06,0.002121979558656298,-2.976271063469592e-19,13401,0.4783514734430968
1546,0.48077962731326906,0.4842441121228481,0.0015079316271804281,0.0,1.4130531845211108e-06,0.0018741608161150867,-3.517626423530608e-19,13204,0.48077962731326906
1547,0.48002838817290205,0.4842432723076498,0.0014591179161341388,0.0,1.5146621596692415e-06,0.0020761340024968845,-3.1617726787544895e-19,13297,0.48002838817290205
1548,0.47571638233457525,0.48419341991777803,0.001308004254381956,0.0,1.734022251770352e-06,0.0026514015469922057,-3.162155682182664e-19,13453,0.47571638233457525
1549,0.48364983388488836,0.4842016198279579,0.0014221541746511509,0.0,1.4566687176446845e-06,0.0020485383984503646,-3.0142980622388824e-19,13211,0.48364983388488836
1550,0.4827024613133002,0.4841503415748769,0.0017172343995612424,0.0,2.4842155847860212e-06,0.00289327489062733,-3.4984252771386854e-19,13236,0.4827024613133002
1551,0.48366359331379283,0.48411945648785804,0.0013187160428950544,0.0,1.4791949116680265e-06,0.002243386541989227,-3.0932037036197203e-19,13280,0.48366359331379283
1552,0.4815258647998678,0.48416298900090327,0.0016915070987757609,0.0,1.6050335844557297e-06,0.0018977556589829072,-3.2121952250372313e-19,13316,0.4815258647998678
1553,0.48471715841537805,0.4841470861076726,0.0014656451288133916,0.0,1.6054229539603023e-06,0.0021907389754845727,-3.3082947455981084e-19,13150,0.48471715841537805
1554,0.48252435646949937,0.48421749028864775,0.0019330127666956321,0.0,1.9163920878652083e-06,0.0019828033429299735,-3.1443388459167093e-19,13227,0.48252435646949937
1555,0.4831402259290512,0.4842469805122228,0.0015128078289182844,0.0,1.5039055921055577e-06,0.0019882308424869904,-3.155880921499138e-19,13204,0.4831402259290512
1556,0.48939487863930814,0.4842872158568421,0.0018055459422804706,0.0,1.8942638138468946e-06,0.002098272627119496,-3.2452953461460854e-19,13064,0.48939487863930814
1557,0.48246671595153,0.4843178590037453,0.0016177613342357976,0.0,1.6749773976556229e-06,0.002070734863306463,-2.8082000908476547e-19,13224,0.48246671595153
1558,0.4827707734656396,0.4843770179502963,0.0017252219527611264,0.0,1.559560688125363e-06,0.0018079536788056388,-3.370617138834194e-19,13165,0.4827707734656396
1559,0.4856783198818141,0.48437551429984094,0.0014313566572574355,0.0,1.4771305446293225e-06,0.0020639587445096916,-3.174595637261186e-19,13154,0.4856783198818141
1560,0.4890786697603148,0.48439487775586143,0.0013627837446346322,0.0,1.3069340189500238e-06,0.0019180358205702222,-3.31257689757954e-19,13035,0.4890786697603148
1561,0.4791243463037848,0.4844247990280385,0.0014822913471024067,0.0,1.3899254196548503e-06,0.001875374125838198,-3.0494552968108583e-19,13342,0.4791243463037848
1562,0.488923444469026,0.48445722997853824,0.001519383530359688,0.0,1.3537576666315205e-06,0.001781982810240205,-3.1738445366119945e-19,12965,0.488923444469026
1563,0.4888563072908345,0.48449385730925476,0.001559401646065823,0.0,1.4935351786593187e-06,0.001915523409158023,-3.048661569930636e-19,13127,0.4888563072908345
1564,0.4887204177819538,0.4845280407890224,0.0017960664885332167,0.0,1.8166757757927168e-06,0.0020229493589364062,-3.2767840982220465e-19,13037,0.4887204177819538
1565,0.4772120259456757,0.48452673271335517,0.0013901674542738456,0.0,1.4901600672486302e-06,0.0021438569327275983,-3.345042322310198e-19,13374,0.4772120259456757
1566,0.4857023123152967,0.4845661101931793,0.0016358595549398336,0.0,1.5870725608244693e-06,0.0019403530774166503,-3.2158458831063847e-19,13149,0.4857023123152967
1567,0.4863948424571057,0.4846433795783762,0.0019161680361907789,0.0,1.8122294077711062e-06,0.0018915140776209827,-3.204871260783941e-19,13154,0.4863948424571057
1568,0.4897177426274406,0.4846197958926555,0.001383680470800751,0.0,1.3924961015947503e-06,0.002012742292718633,-3.0051799861434216e-19,12931,0.4897177426274406
1569,0.48348413162484005,0.48458962495189684,0.0013196812047676673,0.0,1.4988769631158706e-06,0.00227157431310049,-2.8489569686284074e-19,13207,0.48348413162484005
1570,0.4810646920493837,0.4845449982297722,0.0013578755408416771,0.0,1.4956446350380245e-06,0.0022029185887109375,-3.0678531076619916e-19,13321,0.4810646920493837
1571,0.48500500535809377,0.4845930483962384,0.0017289714252647608,0.0,1.7955448617372643e-06,0.0020770092963940208,-3.173661868196268e-19,13238,0.48500500535809377
1572,0.4911481648759578,0.484599050686349,0.001686124092715403,0.0,1.7676974873344672e-06,0.002096758471065667,-3.4003938481060188e-19,13032,0.4911481648759578
1573,0.4879208993418534,0.48460131242677645,0.001716922548921229,0.0,2.014551304025978e-06,0.002346700269376454,-3.1704675259091863e-19,13003,0.4879208993418534
1574,0.48359829090640105,0.48456291539992025,0.0013331311551561989,0.0,1.4302348714554414e-06,0.0021456776640822934,-3.1283388149747033e-19,13142,0.48359829090640105
1575,0.4869333138353131,0.4845646852774832,0.0014757116646225107,0.0,1.3130975869838246e-06,0.0017796126688741968,-3.059122912709657e-19,13141,0.4869333138353131
1576,0.4774293311764174,0.48460268760821545,0.0016772553940143727,0.0,1.73989131521284e-06,0.002074688591161485,-2.722623285210515e-19,13467,0.4774293311764174
1577,0.4832391527417627,0.4846139846571861,0.0012737603933105385,0.0,1.1654452681273205e-06,0.0018299285709430732,-3.6855152508549714e-19,13231,0.4832391527417627
1578,0.48695882161072945,0.4846428127239789,0.0016450044195832835,0.0,1.7135790292123493e-06,0.002083373161570517,-3.1902703322003946e-19,13067,0.48695882161072945
1579,0.4854645208071876,0.4846339542894174,0.0011781516565771005,0.0,1.1419356626227465e-06,0.0019385206586059168,-3.292899319702704e-19,13172,0.4854645208071876
1580,0.4854491047785856,0.48470995983614995,0.001872555400066162,0.0,1.711326786497172e-06,0.0018277982979159994,-3.2606631597648846e-19,13157,0.4854491047785856
1581,0.4892181902038901,0.4847479721314103,0.0015518077413628952,0.0,1.5251311947901967e-06,0.001965618747913618,-3.300068876073403e-19,13019,0.4892181902038901
1582,0.48124821547987007,0.48471044078098013,0.001891243216246795,0.0,2.4361829769849373e-06,0.0025762767644656364,-3.277193959467004e-19,13372,0.48124821547987007
1583,0.4758624862072729,0.484718021448326,0.0016413509792694702,0.0,1.9118140171775826e-06,0.002329561490898783,-3.067988880760364e-19,13544,0.4758624862072729
1584,0.49049734571497294,0.4847600434464125,0.001773214602176444,0.0,1.7934781535419138e-06,0.0020228551595961345,-2.93988051045193e-19,13043,0.49049734571497294
1585,0.485112940515811,0.4848385269694255,0.0019296617381812722,0.0,1.8118580615960465e-06,0.0018779022517218412,-3.180809657938377e-19,13173,0.485112940515811
1586,0.4817424471128309,0.48489810085558993,0.0018632724471717877,0.0,1.8707426149595697e-06,0.002008018331188357,-3.027903056207394e-19,13180,0.4817424471128309
1587,0.47974458632906036,0.4848485419963551,0.0012454133502126763,0.0,1.3040907624653007e-06,0.00209422961821086,-3.232542046052652e-19,13324,0.47974458632906036
1588,0.4809125111179972,0.48488478769085464,0.0016527494363849037,0.0,1.7263198092723641e-06,0.002089027860204125,-3.2312631764483007e-19,13266,0.4809125111179972
1589,0.48560058521995864,0.4848198875728291,0.0011269618847211218,0.0,1.3679336467088293e-06,0.0024276484684259544,-3.1184547017691504e-19,13195,0.48560058521995864
1590,0.4832103256108802,0.4848101209526654,0.0013570172989723183,0.0,1.3837317574633133e-06,0.0020393723182618615,-3.348250984565529e-19,13309,0.4832103256108802
1591,0.4840097039845484,0.48483527183236963,0.0016276142998808052,0.0,1.6221929677976282e-06,0.001993338308610862,-3.139502742668092e-19,13234,0.4840097039845484
1592,0.4868861263290832,0.4848584108075457,0.0014577700278658153,0.0,1.4432299971452567e-06,0.0019800516810709228,-3.3841904113846738e-19,13071,0.4868861263290832
1593,0.4855229439175618,0.4849047637670345,0.0014841541137353893,0.0,1.2689666518816953e-06,0.0017100200580759093,-3.330184390769381e-19,13133,0.4855229439175618
1594,0.4843161646896704,0.48490492219106573,0.0013862782763274706,0.0,1.399141199638886e-06,0.002018557490990181,-3.0577774536117463e-19,13169,0.4843161646896704
1595,0.4770162781726763,0.4849527380747687,0.0017863581858154922,0.0,1.8929457539754188e-06,0.0021193350460241185,-2.970920582338308e-19,13399,0.4770162781726763
1596,0.48491440239219097,0.48495489432132854,0.0013532448453135054,0.0,1.3393425006345522e-06,0.0019794533195864753,-3.120900089455035e-19,13154,0.48491440239219097
1597,0.4898120298380633,0.48498731480922497,0.0015951295619662104,0.0,1.4763967264387679e-06,0.001851130794189422,-2.8928661955709833e-19,12981,0.4898120298380633
1598,0.48858958756979565,0.4850321316548198,0.0015914570497719172,0.0,1.4858865103343142e-06,0.0018673284466549276,-3.063509262504569e-19,13040,0.48858958756979565
1599,0.48128475928674364,0.4850497033042831,0.0014829386450809798,0.0,1.5250345789233327e-06,0.0020567736689336247,-3.100722569593728e-19,13341,0.48128475928674364
1600,0.47912977212253294,0.48504056368592996,0.0013825133129411775,0.0,1.3288340798600535e-06,0.0019223454377203417,-3.0476785772453223e-19,13351,0.47912977212253294
1601,0.4892807115456076,0.48500447623266574,0.001257793189175214,0.0,1.3249574080360075e-06,0.002106796919300915,-3.1092854024233206e-19,12989,0.4892807115456076
1602,0.48548917907359623,0.4849904858287135,0.001484262409850301,0.0,1.6711273390474814e-06,0.002251795003305416,-3.0010836715742626e-19,13157,0.48548917907359623
1603,0.4780064308017928,0.48491069835677203,0.001689245174744441,0.0,2.0870357169940525e-06,0.0024709683925067793,-3.0021149471677224e-19,13439,0.4780064308017928
1604,0.48140461845089455,0.48491178945963553,0.0014298650569658407,0.0,1.3706717565577599e-06,0.0019172043541875365,-3.4718849502869535e-19,13281,0.48140461845089455
1605,0.48341812014288565,0.48494419008671785,0.0015587528614307276,0.0,1.5551553814391571e-06,0.001995384156038349,-3.301835046943081e-19,13221,0.48341812014288565
1606,0.48883114277253903,0.4849229213290306,0.0017115824474629629,0.0,1.8023669904210554e-06,0.0021060825823408743,-3.0842841335874347e-19,13016,0.48883114277253903
1607,0.4865841410987865,0.4848916790358483,0.0015237724793843543,0.0,1.7116054562514023e-06,0.002246536775546619,-3.1031022587619113e-19,13174,0.4865841410987865
1608,0.4872022416655285,0.4848746688630561,0.0012828154106740634,0.0,1.3589239701234546e-06,0.00211865862978587,-2.9097895967882306e-19,13103,0.4872022416655285
1609,0.4792506439932622,0.48490305443463033,0.001669624276153952,0.0,1.7347369170007677e-06,0.0020779967586441734,-2.8292763405702857e-19,13395,0.4792506439932622
1610,0.48152058582290835,0.4849405665719468,0.0015556276595538056,0.0,1.4224926849618678e-06,0.0018288343952046668,-3.3101447747746775e-19,13247,0.48152058582290835
1611,0.48480927507476584,0.4848947999624348,0.0011642800804657599,0.0,1.2390676612437556e-06,0.002128470085562363,-3.440000499441222e-19,13049,0.48480927507476584
1612,0.48491111822831645,0.48484185468126173,0.001436643502643559,0.0,1.4528108344329876e-06,0.002022507089280923,-3.0491112712134377e-19,13150,0.48491111822831645
1613,0.475288438777354,0.48486066991476695,0.0014228935659165028,0.0,1.3413898904226355e-06,0.001885439533291627,-3.0659551324249063e-19,13503,0.475288438777354
1614,0.48673613385925274,0.48489474370732255,0.001923178032935531,0.0,2.0332631500205702e-06,0.002114482502607422,-3.12188313896717e-19,13060,0.48673613385925274
1615,0.483431941250657,0.4849156251038332,0.0013304264558818407,0.0,1.2576779689979214e-06,0.0018906388450676149,-3.3123111255096895e-19,13202,0.483431941250657
1616,0.4767285672247657,0.48494012016198496,0.0014639914572794866,0.0,1.4822552935016806e-06,0.002024950741524316,-3.2117812998665577e-19,13439,0.4767285672247657
1617,0.4825451423578889,0.48487500363987607,0.001080462697665106,0.0,1.0440645472020694e-06,0.0019326248827623688,-3.2477936957655335e-19,13020,0.4825451423578889
1618,0.4903262852413722,0.4848711678905677,0.0014483288794741966,0.0,1.6099052444486297e-06,0.0022231210980659197,-3.21396325812795e-19,13011,0.4903262852413722
1619,0.4819007233355943,0.4848896543282939,0.0016163870798927634,0.0,1.6962487681218762e-06,0.002098815053921875,-3.377415797263891e-19,13267,0.4819007233355943
1620,0.4800887189225068,0.48490998215845205,0.001608949423555426,0.0,1.7766025903247862e-06,0.002208400791615791,-3.1031069157726146e-19,13317,0.4800887189225068
1621,0.48380483269284724,0.4848896274566643,0.001334544077387066,0.0,1.3771157959080635e-06,0.002063799644001792,-2.8938454885570945e-19,13239,0.48380483269284724
1622,0.48101804672413273,0.4848595283750881,0.0014766494749545026,0.0,1.578628368992418e-06,0.002138122006295444,-3.0592689779907184e-19,13275,0.48101804672413273
1623,0.4813237232682629,0.484899502601378,0.0016209653866331702,0.0,1.5698954432951563e-06,0.0019369882370602759,-3.15059632929755e-19,13289,0.4813237232682629
1624,0.48408999330903535,0.4848581141452224,0.0016708357142910665,0.0,1.960038445153176e-06,0.002346177339146497,-3.149342719381388e-19,13196,0.48408999330903535
1625,0.4841246799482949,0.4847724630292984,0.001738386312244234,0.0,2.4134135911872886e-06,0.002776613660828477,-3.004509396933512e-19,13281,0.4841246799482949
1626,0.48995271779599914,0.4847755541871306,0.0011916922425022369,0.0,1.1247317223820907e-06,0.0018876211193931303,-3.2416829129914736e-19,12955,0.48995271779599914
1627,0.48911148809222627,0.4847367662898753,0.001531510572606412,0.0,1.6386734116881299e-06,0.0021399439755735304,-3.365097425417906e-19,13065,0.48911148809222627
1628,0.484555903743191,0.4847298100400652,0.0013290312832396406,0.0,1.3933128294873621e-06,0.002096734436665823,-3.1621920998673627e-19,13192,0.484555903743191
1629,0.484229823992655,0.48478349661431797,0.0016314212621631199,0.0,1.515767457560725e-06,0.001858217117448809,-3.3055239905651634e-19,13221,0.484229823992655
1630,0.4847105169310125,0.4847366664027952,0.0009622055035628904,0.0,9.626297198206263e-07,0.0020008817581195805,-3.246404778046405e-19,13184,0.4847105169310125
1631,0.48761140408212145,0.48473866726897796,0.001558237764558955,0.0,1.8025921764399033e-06,0.0023136291744926493,-3.14400514966306e-19,13062,0.48761140408212145
1632,0.48842288390232436,0.48481274090916743,0.002015417160419862,0.0,2.05362313590765e-06,0.002037913714577907,-3.1113592528260456e-19,13152,0.48842288390232436
1633,0.48876871084059403,0.4847877910232946,0.0011005647392326112,0.0,1.027558005583227e-06,0.0018673285976792435,-3.376378744134154e-19,13057,0.48876871084059403
1634,0.48633816179624756,0.4847497854518642,0.0014227016858444834,0.0,1.5714123137294055e-06,0.002209053843633637,-3.249285142338429e-19,13141,0.48633816179624756
1635,0.4865480973341244,0.4847592926897016,0.0015793303717628313,0.0,1.571244296052089e-06,0.0019897601213079734,-3.104613769474312e-19,13198,0.4865480973341244
1636,0.4881815129978259,0.484782060696769,0.001324614945201731,0.0,1.1811892762761248e-06,0.001783445491921785,-2.9915487370745795e-19,13052,0.4881815129978259
1637,0.4866011639843914,0.48478150282166615,0.0013680069001643644,0.0,1.3845771011497295e-06,0.00202422531784507,-3.0713494773177253e-19,13076,0.4866011639843914
1638,0.48088889863170714,0.4847831838756149,0.0016594242563500404,0.0,1.837434253844049e-06,0.0022145442876501608,-2.9859240529733976e-19,13271,0.48088889863170714
1639,0.48953875265373065,0.484829682140083,0.0016391091563458377,0.0,1.5850011506378825e-06,0.0019339787646253147,-3.482505341585256e-19,13072,0.48953875265373065
1640,0.48536985363148755,0.48484951800679144,0.0015287617234981158,0.0,1.518078911306986e-06,0.0019860242285937336,-3.4445040533446545e-19,13053,0.48536985363148755
1641,0.48594658160389337,0.48490229572882393,0.0018770734703156496,0.0,1.942892416741636e-06,0.0020701293236166382,-3.438819687299803e-19,13127,0.48594658160389337
1642,0.4802710823028027,0.4849515872605302,0.001801982784348676,0.0,1.9228669229128685e-06,0.0021341679172677394,-3.2323903966016884e-19,13230,0.4802710823028027
1643,0.4811369553780098,0.4849898952326072,0.0017078459294189252,0.0,1.765271907724992e-06,0.002067249600583825,-2.795532963301038e-19,13346,0.4811369553780098
1644,0.4829687468973225,0.4850123505148929,0.0015579794156053949,0.0,1.5767603024258762e-06,0.0020241092874942555,-2.9878241063443746e-19,13182,0.4829687468973225
1645,0.48154795506165127,0.4850776293005908,0.0019014249165439968,0.0,1.9104709928440255e-06,0.0020095150497096365,-2.955767964098553e-19,13274,0.48154795506165127
1646,0.48365359612046366,0.4850334040138211,0.0013223084356228782,0.0,1.349482662478859e-06,0.002041101192617258,-2.8932467012199737e-19,13156,0.48365359612046366
1647,0.4804931484913544,0.48503494780246853,0.0014987162934264478,0.0,1.47685595373316e-06,0.0019708279148106015,-3.2559369019806557e-19,13322,0.4804931484913544
1648,0.48528815587361407,0.48511860254620187,0.0020192568134223335,0.0,1.9776037766811492e-06,0.0019587441909673796,-3.2953526025830237e-19,13072,0.48528815587361407
1649,0.4912601093765517,0.4851030241967415,0.0012624745585807238,0.0,1.2363119416756607e-06,0.001958553435034009,-3.188676004655595e-19,12988,0.4912601093765517
1650,0.48443399706842427,0.48509370690529385,0.0017855326362414298,0.0,1.9627169124845344e-06,0.0021984665781478847,-3.287092332958911e-19,13210,0.48443399706842427
1651,0.494464139241911,0.485021955191434,0.0011986373217433726,0.0,1.1917167484416592e-06,0.001988452598336171,-3.1358424469220303e-19,12843,0.494464139241911
1652,0.4862437306346764,0.48505737583010455,0.001562148636542218,0.0,1.4264059423677387e-06,0.0018262102709061764,-3.144598226853457e-19,13057,0.4862437306346764
1653,0.47758465700282876,0.48512365678818203,0.001910338713833108,0.0,1.987617334655332e-06,0.0020809056742269157,-3.1299737440601116e-19,13433,0.47758465700282876
1654,0.489415515475779,0.4850721276637262,0.0010513660649027112,0.0,1.1478994825298958e-06,0.0021836342656467943,-2.897225507425423e-19,13009,0.489415515475779
1655,0.47855598530345467,0.48504969322466285,0.0015866889427687083,0.0,1.6330989577822675e-06,0.002058499197621653,-2.997333779701455e-19,13375,0.47855598530345467
1656,0.4813923152166443,0.48500944706763915,0.0012956122817653196,0.0,1.4063870671344616e-06,0.002170999900090801,-3.097110931616933e-19,13284,0.4813923152166443
1657,0.4839024040120009,0.48505911334769763,0.0017999823638825034,0.0,1.756391232205387e-06,0.0019515649346884803,-3.3360658033825485e-19,13067,0.4839024040120009
1658,0.4871240808540744,0.485063887201726,0.0013967609826262561,0.0,1.42264539335849e-06,0.0020370634790836794,-3.0959713767486744e-19,13067,0.4871240808540744
1659,0.4842155376067314,0.48504310038089216,0.0014930270421063547,0.0,1.7191567828688126e-06,0.0023029144608706286,-3.1200405048395513e-19,13155,0.4842155376067314
1660,0.4846902396337195,0.4850789454598192,0.001510657803690823,0.0,1.4845139986891791e-06,0.001965387521995028,-3.116704402770051e-19,13136,0.4846902396337195
1661,0.4854958489783572,0.48505149106384915,0.0011921833441479114,0.0,1.2701698552658715e-06,0.0021308297276602193,-2.82268922202121e-19,13162,0.4854958489783572
1662,0.4936098159941621,0.48505769710172164,0.0014087069562919773,0.0,1.314249694447959e-06,0.0018658950870908595,-3.01080180887007e-19,12951,0.4936098159941621
1663,0.48900879679297926,0.4850768699460307,0.0018531855992539375,0.0,2.0062511701527186e-06,0.0021651918415083755,-3.328030658856711e-19,13028,0.48900879679297926
1664,0.48125951678870954,0.4850686252799576,0.0013640825357455015,0.0,1.3609914764812282e-06,0.0019954679292736727,-3.111295193376584e-19,13317,0.48125951678870954
1665,0.4834257638860332,0.48503876082299047,0.001522852663603363,0.0,1.6649320061819082e-06,0.002186596308328815,-3.086340851930541e-19,13216,0.4834257638860332
1666,0.4845929081677164,0.4850627367880691,0.001534853903002432,0.0,1.4754295850975324e-06,0.0019225668087514314,-2.895857055398723e-19,13213,0.4845929081677164
1667,0.4856811202932534,0.48507814058215126,0.001562775548435156,0.0,1.6948801960508379e-06,0.0021690641343191748,-3.1829008422770426e-19,13131,0.4856811202932534
1668,0.48591557545734587,0.48513978732866386,0.0018478001258686544,0.0,1.8221001728070512e-06,0.001972183189402564,-3.0296550255958443e-19,13098,0.48591557545734587
1669,0.4761443933911569,0.4851060041486595,0.0013800837109670218,0.0,1.5076267087150753e-06,0.0021848337122371865,-3.058775934741397e-19,13480,0.4761443933911569
1670,0.49057568581284994,0.48515109400410295,0.0016888414584521941,0.0,1.6720775476105223e-06,0.001980147442783604,-2.9119471379188125e-19,13007,0.49057568581284994
1671,0.49038139694748506,0.48516525731708776,0.0013108156546473794,0.0,1.2993689769625425e-06,0.0019825350305449074,-3.0943603069218757e-19,12948,0.49038139694748506
1672,0.49173017139230213,0.48518751246469627,0.0015416686185022556,0.0,1.5130963945362943e-06,0.0019629333779995865,-3.15450541675197e-19,12991,0.49173017139230213
1673,0.47854503697246953,0.48516742292113646,0.0012876942692701355,0.0,1.2406846613990376e-06,0.001926986383347434,-3.1740123132811045e-19,13312,0.47854503697246953
1674,0.47895794213606213,0.485211623858107,0.0019007789657332803,0.0,2.0197573881679295e-06,0.0021251891193869036,-3.0454821528406547e-19,13431,0.47895794213606213
1675,0.4837777899154963,0.4852491820487738,0.001654171694717061,0.0,1.6971320083643956e-06,0.0020519417830501354,-3.137562496560996e-19,13177,0.4837777899154963
1676,0.4931288425083254,0.485209683214321,0.0015380943055182481,0.0,1.6056978436624611e-06,0.0020879055827743073,-2.9940240404797437e-19,12957,0.4931288425083254
1677,0.48178357823345097,0.4852573673738811,0.0015546877803216193,0.0,1.4971252176751625e-06,0.0019259496815051203,-3.5547590909709186e-19,13276,0.48178357823345097
1678,0.4861934152138533,0.485320773028018,0.0017369916477520816,0.0,1.6069602205342497e-06,0.0018502797323336451,-3.093129492310438e-19,13100,0.4861934152138533
1679,0.4908233585983882,0.4853499929375903,0.001642311831394615,0.0,1.6904790815146655e-06,0.0020586578616792256,-3.2588210826100146e-19,13001,0.4908233585983882
1680,0.4871776719296008,0.4853536549047776,0.0013660774574338578,0.0,1.2738386572966916e-06,0.0018649581696334634,-3.160367920661275e-19,13104,0.4871776719296008
1681,0.4799725232896033,0.48533390480073835,0.001247377034129142,0.0,1.2592874090313247e-06,0.002019096671778149,-3.010722533846872e-19,13337,0.4799725232896033
1682,0.48417453121492304,0.4853318362032111,0.0015133817130169318,0.0,1.5881227919379497e-06,0.0020987735985946616,-2.9985505497811403e-19,13182,0.48417453121492304
1683,0.48319446251773046,0.4853519438811641,0.0016329408460176889,0.0,1.7063920346514795e-06,0.002089961848664535,-3.2201944443220846e-19,13324,0.48319446251773046
1684,0.4864713235733533,0.485315900232783,0.001214968892673546,0.0,1.35981796338248e-06,0.002238440789031549,-3.024076140609921e-19,13170,0.4864713235733533
1685,0.4807558982655681,0.4853157146473642,0.0016568503320582837,0.0,1.7568940040510707e-06,0.002120763680408602,-3.1220256315055917e-19,13291,0.4807558982655681
1686,0.4882420767270945,0.48539504522989674,0.0020004739072818807,0.0,2.0913360205160536e-06,0.002090840588226047,-3.2006690283671727e-19,13086,0.4882420767270945
1687,0.48128709193223673,0.4854414107309062,0.0015293337577538435,0.0,1.4270629759110279e-06,0.0018662544636521693,-3.3062512724540076e-19,13206,0.48128709193223673
1688,0.48755832448734004,0.48544835950505194,0.0015036672520586897,0.0,1.470471715139828e-06,0.0019558472303318262,-3.1301046849983175e-19,13013,0.48755832448734004
1689,0.49653209046390606,0.4854628539870881,0.0013397493023454346,0.0,1.2273306221798666e-06,0.0018321795279627883,-2.9834080418582966e-19,12839,0.49653209046390606
1690,0.48295136910761105,0.48538815286784864,0.001420371472643991,0.0,1.8590339291441439e-06,0.002617672862273969,-3.3523202464487536e-19,13269,0.48295136910761105
1691,0.48949759549000427,0.4854096669021467,0.001652751154349305,0.0,1.6174156313810374e-06,0.001957240359051899,-3.197971080294023e-19,13096,0.48949759549000427
1692,0.4875588367757115,0.4853843733816403,0.0016192523914900902,0.0,1.997807618263504e-06,0.0024675679082061495,-3.517149875193883e-19,13164,0.4875588367757115
1693,0.48997451051392726,0.48531284304108946,0.0012721735729644221,0.0,1.30702282592356e-06,0.0020547869468439473,-3.371933772843622e-19,13073,0.48997451051392726
1694,0.48782792663560925,0.48535101720297136,0.001493390940873255,0.0,1.3464702376225327e-06,0.0018032387913578599,-3.13567684894041e-19,13023,0.48782792663560925
1695,0.4924506688666616,0.48538945144969947,0.0015593394989227456,0.0,1.3562468461884605e-06,0.0017395145151205497,-3.396038024784422e-19,12888,0.4924506688666616
1696,0.4887599014966324,0.485449790697279,0.0017743227533285355,0.0,1.6355394634690061e-06,0.0018435647746734023,-3.2252961160465775e-19,13024,0.4887599014966324
1697,0.485009657435328,0.4854401252267645,0.0012994230761756258,0.0,1.2303540948510394e-06,0.0018936928509414104,-3.081658716466259e-19,13175,0.485009657435328
1698,0.48361621888499184,0.4854986381880203,0.0019431144393286406,0.0,2.011047801892936e-06,0.002069922142709996,-3.3355907696744e-19,13209,0.48361621888499184
1699,0.48560135182527975,0.48548587786204744,0.0012871298234541273,0.0,1.3855933214177852e-06,0.002152996995593532,-3.3134882833159806e-19,13150,0.48560135182527975
1700,0.4863976320283229,0.4855076620958161,0.0015940238028659358,0.0,1.6588649984623625e-06,0.0020813553668142803,-3.222611490779343e-19,13050,0.4863976320283229
1701,0.48822927320053816,0.4854517316441735,0.0011258184433208813,0.0,1.131275240099919e-06,0.0020096939196749017,-3.198108323741536e-19,13031,0.48822927320053816
1702,0.4855467977133301,0.48545193364642103,0.0013667545816576437,0.0,1.2680442847087795e-06,0.001855555198755368,-2.9796675702038234e-19,13110,0.4855467977133301
1703,0.4903522707648025,0.48549155333305216,0.0017859254950786216,0.0,1.8735212299996397e-06,0.0020980956206318804,-3.682630705265214e-19,12898,0.4903522707648025
1704,0.4863392936833303,0.4855660589392814,0.0019866690236941915,0.0,1.924728963954719e-06,0.0019376443091418463,-3.178092681291583e-19,13191,0.4863392936833303
1705,0.4836238860161908,0.48557339421747686,0.0016130049645287571,0.0,1.759697853601158e-06,0.0021818877093354233,-3.277187786514122e-19,13216,0.4836238860161908
1706,0.490618472916891,0.48563931142234174,0.0017322718544302694,0.0,1.6479306452359533e-06,0.001902623587656159,-3.322710383914791e-19,12898,0.490618472916891
1707,0.4875314517336654,0.48568766221191695,0.0019318193095926063,0.0,2.0490939346214874e-06,0.002121413658561693,-2.992296205948712e-19,13087,0.4875314517336654
1708,0.48062219570680886,0.48568898707577973,0.0014594157444567277,0.0,1.5714634435885475e-06,0.0021535514462652713,-3.2717399979382492e-19,13293,0.48062219570680886
1709,0.4872664981064009,0.48575673001451325,0.001835166187447927,0.0,1.7852765048976995e-06,0.001945629248303003,-3.0576886469055553e-19,13030,0.4872664981064009
1710,0.48927503987741827,0.48577058842308996,0.0014280469943743312,0.0,1.281680929132841e-06,0.0017950122568541694,-2.996600797161485e-19,13068,0.48927503987741827
1711,0.48606308934838305,0.48582013515259737,0.0015665486203067817,0.0,1.4028134882741184e-06,0.0017909606763426233,-2.9521511380874784e-19,13093,0.48606308934838305
1712,0.4909467541802098,0.48580150691377844,0.0013745555305157845,0.0,1.5094318907197827e-06,0.00219624723368344,-3.3748734416142837e-19,12982,0.4909467541802098
1713,0.4862561029569598,0.4858342089744372,0.0015934576522131608,0.0,1.6159460788749032e-06,0.0020282259483087083,-3.104297755128798e-19,13148,0.4862561029569598
1714,0.48845156688120817,0.48580694551796677,0.0012298137637673573,0.0,1.2217046057495881e-06,0.001986812380448682,-3.3051022405325857e-19,13105,0.48845156688120817
1715,0.4906749896762277,0.4858309340946657,0.0016084558039723812,0.0,1.4766304658237464e-06,0.001836084600120105,-2.9057435460603273e-19,12969,0.4906749896762277
1716,0.48130076258723364,0.48589092096467573,0.0019795587695921836,0.0,2.06057923785552e-06,0.002081857098165393,-3.4292536706006535e-19,13256,0.48130076258723364
1717,0.4841199392377902,0.4859228024148958,0.0015198617972326908,0.0,1.4878799609594792e-06,0.0019579148099762187,-3.168946874585022e-19,13151,0.4841199392377902
1718,0.4894130713287773,0.48590432449563886,0.001118168970557483,0.0,1.0315501341436332e-06,0.0018450702198064678,-3.379767430426776e-19,13041,0.4894130713287773
1719,0.48250543111052235,0.485897524097851,0.001270843594483057,0.0,1.3599326890075966e-06,0.002140204656043104,-2.7511769816123627e-19,13240,0.48250543111052235
1720,0.48330538223159647,0.48585078107316715,0.001493752300083319,0.0,1.9300991654789613e-06,0.0025842292130647143,-2.708672682331536e-19,13198,0.48330538223159647
1721,0.4904092971407486,0.48585556217508286,0.001642829455131197,0.0,1.7240032936924502e-06,0.002098821990691384,-3.347332895220156e-19,12946,0.4904092971407486
1722,0.48291544839372147,0.48587189839547545,0.0017461225856344174,0.0,1.8861538074098622e-06,0.0021603910549322257,-2.993094267797379e-19,13287,0.48291544839372147
1723,0.48755478486407233,0.48581628038930325,0.0016302133207990674,0.0,1.9925639151955306e-06,0.0024445437781343278,-3.0215917330232536e-19,12964,0.48755478486407233
1724,0.4850726791685147,0.48589370574056423,0.0020066171823772535,0.0,1.989360854496095e-06,0.0019828005779750028,-3.2481004652355325e-19,13213,0.4850726791685147
1725,0.4824054772848384,0.48592630315111485,0.0016508115567754529,0.0,1.6222151840315578e-06,0.0019653547703533734,-3.3262018053132687e-19,13132,0.4824054772848384
1726,0.49250510503060274,0.485920894561256,0.001590414358357118,0.0,1.6766275320913503e-06,0.0021084159901867206,-3.200168643817577e-19,12848,0.49250510503060274
1727,0.4840946868316587,0.48591866227398983,0.0016018903451992092,0.0,1.7188278065891182e-06,0.002145999333525375,-2.851999029701991e-19,13195,0.4840946868316587
1728,0.48814875176012795,0.48595656634176965,0.0017896260685443554,0.0,1.8130960654115838e-06,0.0020262289394189685,-3.3192512969934432e-19,13055,0.48814875176012795
1729,0.4842702700015338,0.4859203681193548,0.001895988746072253,0.0,2.4967889360032196e-06,0.0026337592363621246,-3.090920243165834e-19,13161,0.4842702700015338
1730,0.48620973691534625,0.48596391995397625,0.0016619320929810919,0.0,1.502260545761878e-06,0.0018078482894775768,-3.4458777384466424e-19,13035,0.48620973691534625
1731,0.4857044622896012,0.485975502421284,0.0018450861565850155,0.0,2.0344182715199756e-06,0.002205228481346786,-3.2253307965610653e-19,13184,0.4857044622896012
1732,0.4838923326525564,0.4860288268022023,0.001897644558513799,0.0,1.940573945670787e-06,0.0020452449189858916,-3.210792483263985e-19,13123,0.4838923326525564
1733,0.49449150318297547,0.48608647333082144,0.0016209135729704735,0.0,1.529950413064839e-06,0.0018877630967838264,-3.209358540168308e-19,12895,0.49449150318297547
1734,0.4755983372312008,0.4861051952968174,0.001497273932311809,0.0,1.5025451918878321e-06,0.0020070411425221098,-3.250294454390382e-19,13411,0.4755983372312008
1735,0.4851989920821106,0.4860928451643961,0.0014307127703047755,0.0,1.4763339360849564e-06,0.002063774038684875,-3.405028951677545e-19,13127,0.4851989920821106
1736,0.4868730176574105,0.48607898723467147,0.0013852384930227025,0.0,1.3154613265452493e-06,0.0018992560965798836,-3.1144459326204213e-19,13044,0.4868730176574105
1737,0.48198586038789093,0.48603065247331434,0.00115061603085031,0.0,1.2946004256634094e-06,0.0022502735768537728,-2.885281511507591e-19,13272,0.48198586038789093
1738,0.4846979508644552,0.48603267129006955,0.0015910621525112808,0.0,1.748309444591977e-06,0.002197663292829262,-3.1610863038169386e-19,13155,0.4846979508644552
1739,0.48570717793230705,0.48608229390885027,0.0018313918469226663,0.0,2.0013239831808043e-06,0.0021855770369882113,-2.8737977940354327e-19,13158,0.48570717793230705
1740,0.4814709017167713,0.4860479805334599,0.0012915100440895628,0.0,1.3671451198191047e-06,0.002117126577645565,-3.017852206401329e-19,13247,0.4814709017167713
1741,0.4834769889805925,0.4859758372988181,0.001366908582591213,0.0,1.4042102215149358e-06,0.002054578103318382,-3.17956285221835e-19,13182,0.4834769889805925
1742,0.4890345007194282,0.4859875910682022,0.0014886279370753953,0.0,1.4734099137445568e-06,0.0019795542956680813,-3.1944881177121816e-19,13043,0.4890345007194282
1743,0.4853715902625866,0.4860201174685932,0.001955714105188818,0.0,2.2052193025326435e-06,0.002255155082925309,-3.0558651395306694e-19,13178,0.4853715902625866
1744,0.48075115676001795,0.4860653882141456,0.001752728560676155,0.0,1.7010907465979597e-06,0.001941077226403756,-2.9318800429617784e-19,13272,0.48075115676001795
1745,0.4876063740700953,0.4860526892374837,0.0014046714467277849,0.0,1.568292179214648e-06,0.0022329665529516123,-3.17541004196994e-19,13018,0.4876063740700953
1746,0.48812837182570945,0.48608227593750175,0.0013102543913463863,0.0,1.0840987592118573e-06,0.0016547912624782172,-2.997592845412344e-19,13104,0.48812837182570945
1747,0.4849940101213116,0.48613457357601236,0.0017520187066504803,0.0,1.6620907284886457e-06,0.0018973435867773811,-3.182170121090852e-19,13159,0.4849940101213116
1748,0.49172570479157235,0.48619488897694985,0.001754254472242053,0.0,1.6861402838593856e-06,0.0019223440048630879,-3.296735482847581e-19,12914,0.49172570479157235
1749,0.49678205103749895,0.48621543521185984,0.0015335628617688887,0.0,1.6011010174003944e-06,0.0020880800615549647,-3.747580975737864e-19,12776,0.49678205103749895
1750,0.48403889711488224,0.48616977219854185,0.0012802066335711292,0.0,1.3942928804252134e-06,0.0021782309884394845,-3.145940833322013e-19,13213,0.48403889711488224
1751,0.4857922932160127,0.4861567183814428,0.0018126386270499021,0.0,2.049610259188341e-06,0.0022614659409792167,-3.328162667160333e-19,13134,0.4857922932160127
1752,0.48660498498684857,0.48618529354391726,0.0014947993444013913,0.0,1.3797436391239066e-06,0.00184605866237711,-3.0610164833863557e-19,13037,0.48660498498684857
1753,0.48515001277397984,0.48618266000369126,0.001378045216535536,0.0,1.3205576712318219e-06,0.0019165665326305612,-3.019210561827965e-19,13211,0.48515001277397984
1754,0.4890123349566041,0.4862031722291812,0.0017330880553301344,0.0,1.8099872845272387e-06,0.002088742437478118,-3.6085351626038647e-19,13059,0.4890123349566041
1755,0.48525243867985607,0.4862386429692168,0.0016118606259349119,0.0,1.5433317821219151e-06,0.0019149692687936359,-3.624156361437042e-19,13200,0.48525243867985607
1756,0.4858128235089425,0.4860758002138383,0.0019955704995283188,0.0,3.5145429208967316e-06,0.003522344033174917,-3.2496611990188016e-19,13121,0.4858128235089425
1757,0.4828053961383534,0.48610185642830545,0.001659852253450773,0.0,1.7632133013379678e-06,0.0021245424677676108,-3.123648385034235e-19,13271,0.4828053961383534
1758,0.4877509374751102,0.48607183815878013,0.0012459539361586282,0.0,1.213499062709317e-06,0.0019479035741090521,-3.251847449422212e-19,13093,0.4877509374751102
1759,0.48560057068055706,0.4861098417762285,0.0017625237239907055,0.0,1.7638767692823035e-06,0.0020015353498772023,-3.343855731835662e-19,13113,0.48560057068055706
1760,0.4892306177651154,0.4861466513610825,0.0015620122537870467,0.0,1.4608163645654817e-06,0.0018704288151693829,-3.12311713704883e-19,13021,0.4892306177651154
1761,0.4851540717209768,0.4861488168952214,0.001404114401429501,0.0,1.350381208103617e-06,0.0019234632259719302,-3.2908948171746483e-19,13059,0.4851540717209768
1762,0.496990620810017,0.4861895260590162,0.0016437487539133718,0.0,1.4819091404155248e-06,0.0018030847316385234,-3.0202671939489886e-19,12777,0.496990620810017
1763,0.4875697285187849,0.4862084525696541,0.001434983591383012,0.0,1.423370706910223e-06,0.0019838146100868,-3.1844758324385373e-19,13065,0.4875697285187849
1764,0.4903567253455873,0.4861115243346877,0.0012581847804031753,0.0,1.371174762306e-06,0.002179607929872777,-3.178052551319562e-19,13031,0.4903567253455873
1765,0.48381888597447753,0.48603743247573994,0.0013105661704270752,0.0,1.5142085471319269e-06,0.0023107700798327344,-3.163821092156557e-19,13237,0.48381888597447753
1766,0.4844506655758795,0.4860160494771778,0.001526036189521162,0.0,1.5861505196828095e-06,0.0020787849339018757,-3.0740241718283877e-19,13195,0.4844506655758795
1767,0.48205314535661503,0.4859308213594204,0.0012090105658590946,0.0,1.3360069131696912e-06,0.002210083105800413,-3.006823844981775e-19,13329,0.48205314535661503
1768,0.48048363838901204,0.485988263323043,0.0017446687555044322,0.0,1.5933242327455678e-06,0.0018265062955000804,-3.160546569702681e-19,13296,0.48048363838901204
1769,0.4887213150206758,0.4860104670581987,0.0014991727469694973,0.0,1.3661840861787678e-06,0.0018225839402969952,-3.1612684391761006e-19,13013,0.4887213150206758
1770,0.4857692022935586,0.4860274741764903,0.0015872470885683876,0.0,1.585318661336291e-06,0.0019975700982588214,-3.12546657511965e-19,13117,0.4857692022935586
1771,0.48223218258342093,0.48607842166503273,0.0015553324278578745,0.0,1.3893068189195054e-06,0.0017865078796472696,-3.13449417042296e-19,13284,0.48223218258342093
1772,0.4847625924117709,0.48613160734943867,0.001798991530623683,0.0,1.7342602550944253e-06,0.0019280360419408789,-3.210266305538846e-19,13186,0.4847625924117709
1773,0.4869691350435762,0.48615100166622893,0.001676421631009483,0.0,1.7890943619646504e-06,0.00213442051673757,-3.3190841704935714e-19,13052,0.4869691350435762
1774,0.48802074924836825,0.4861568273391442,0.0014910441478809262,0.0,1.5265151351392834e-06,0.0020475787216746983,-2.9143440221480213e-19,13020,0.48802074924836825
1775,0.48552193490772044,0.48616935115729,0.0016378127857372188,0.0,1.5838457284319826e-06,0.0019340986249769146,-3.2246563949809358e-19,13162,0.48552193490772044
1776,0.4853277865943071,0.4861278682995618,0.0011434992226631903,0.0,1.3558075580212642e-06,0.002371330965776455,-2.9898884345097464e-19,13130,0.4853277865943071
1777,0.48418372038248525,0.48618319837364754,0.0018202825418607476,0.0,1.7129678006289408e-06,0.0018820900176056113,-2.8860549716959135e-19,13145,0.48418372038248525
1778,0.486103008890047,0.48621749411409454,0.0016530695218001164,0.0,1.6586909447483302e-06,0.002006801193626862,-2.8316261535929352e-19,13148,0.486103008890047
1779,0.487099457547034,0.48623768161989556,0.001442681529370228,0.0,1.379129583597504e-06,0.0019118974708153837,-2.8917616842391008e-19,13053,0.487099457547034
1780,0.4829431439377655,0.4862132009645485,0.0014018804242857132,0.0,1.4847339546896497e-06,0.002118203420161391,-3.062346994195726e-19,13202,0.4829431439377655
1781,0.49064574829726126,0.4862253706890174,0.001535770016181954,0.0,1.4744869526042366e-06,0.0019201923947830776,-3.016218515812985e-19,12916,0.49064574829726126
1782,0.48964447825536994,0.48620439459985626,0.0012533762975921576,0.0,1.294408486652067e-06,0.0020654746529653314,-3.1769745396143616e-19,13005,0.48964447825536994
1783,0.4823884839475503,0.4862394665466786,0.0016907220651501572,0.0,1.7348841659110004e-06,0.0020522405209834668,-2.957097940712161e-19,13262,0.4823884839475503
1784,0.4858744339382698,0.4863008367702575,0.001803765001224501,0.0,1.7018957246401783e-06,0.0018870481725555513,-3.2229901101195996e-19,13166,0.4858744339382698
1785,0.4864084581702207,0.4862834579340139,0.001298772049698452,0.0,1.3951646553406978e-06,0.0021484365261242354,-3.282342273520427e-19,13124,0.4864084581702207
1786,0.4881607925034398,0.48629167881744445,0.0015401577454427768,0.0,1.5971672725964455e-06,0.0020740307638257914,-3.16274484209816e-19,13019,0.4881607925034398
1787,0.4928331200416767,0.48624272345259206,0.0015818209237139615,0.0,2.0660315598531545e-06,0.0026122192833336823,-3.4500432322778975e-19,12892,0.4928331200416767
1788,0.4798219578162849,0.486153291195492,0.0011267422372111886,0.0,1.3557491235462568e-06,0.0024064938346535854,-2.952323265003173e-19,13321,0.4798219578162849
1789,0.4879454895634803,0.4861013917771227,0.0012490844722235514,0.0,1.1852055054433943e-06,0.0018977187400841782,-3.314670224459787e-19,13078,0.4879454895634803
1790,0.49337572937899576,0.48606200277688594,0.0014306519056574132,0.0,1.5857308516568636e-06,0.002216794798771387,-3.200215396181201e-19,12856,0.49337572937899576
1791,0.483468623370802,0.4861064112728476,0.001628608994039025,0.0,1.539971434197222e-06,0.0018911493671394041,-2.9214085584860213e-19,13142,0.483468623370802
1792,0.47971339860159357,0.4861561411054533,0.0017617985119457995,0.0,1.8031920226869296e-06,0.0020469900620990003,-3.388051490118449e-19,13335,0.47971339860159357
1793,0.48598650734655896,0.4861807427684331,0.0015575916319995567,0.0,1.466962143720811e-06,0.0018836286913503763,-2.9251342644839313e-19,13101,0.48598650734655896
1794,0.48515986763529684,0.48615232758117777,0.0011263058265072563,0.0,1.1117392332537886e-06,0.0019741338579440017,-3.025012884260316e-19,13181,0.48515986763529684
1795,0.48457863542280954,0.48617351573551915,0.0015666333754768317,0.0,1.5808278763290514e-06,0.002018121024452067,-3.3816605084992007e-19,13148,0.48457863542280954
1796,0.486983278819183,0.48625284824385173,0.0019428693175924316,0.0,1.8449724281879569e-06,0.001899224421819799,-3.400999474872542e-19,13043,0.486983278819183
1797,0.4927082500293838,0.4862115370162801,0.001367469070201445,0.0,1.4338858452559659e-06,0.00209713824831846,-3.072588003680356e-19,12786,0.4927082500293838
1798,0.4842670507472673,0.48626136775367956,0.001658979385945952,0.0,1.5581009888607019e-06,0.0018783849902658928,-3.101202935648023e-19,13164,0.4842670507472673
1799,0.4856565369322705,0.4862222101940361,0.0014778611882610873,0.0,1.6628774370253964e-06,0.002250383798199622,-3.006148348863871e-19,13121,0.4856565369322705
1800,0.4874633174643377,0.48622768495000385,0.0013891299106539756,0.0,1.4164357872217761e-06,0.002039313639938752,-3.122348419568803e-19,13087,0.4874633174643377
1801,0.49253665414663017,0.48623273090682184,0.0016043450396458227,0.0,1.5396110670905951e-06,0.0019193016826735494,-3.004944045340582e-19,12978,0.49253665414663017
1802,0.4906098614119192,0.4862433615110703,0.001329748610697914,0.0,1.227588891301088e-06,0.0018463473192226786,-3.2285085909889687e-19,12923,0.4906098614119192
1803,0.4864359142656667,0.48632425794987266,0.0019416543609743647,0.0,1.8487359703762122e-06,0.0019042894631858946,-3.2706256992075103e-19,13075,0.4864359142656667
1804,0.4837472166003881,0.4863344457688744,0.001482241517683069,0.0,1.6032141108788626e-06,0.002163229260215149,-3.0622206415698223e-19,13205,0.4837472166003881
1805,0.48510837420796327,0.4862908118024374,0.0011386785796950085,0.0,1.0950008612596583e-06,0.0019232834985847386,-3.356752630647923e-19,13144,0.48510837420796327
1806,0.487605218431949,0.48630549950727886,0.00183782745757621,0.0,2.05498219672796e-06,0.0022363167861667943,-3.1214916986888816e-19,13087,0.487605218431949
1807,0.4887150583586558,0.4862470877607618,0.0010074915618163366,0.0,9.580605822936955e-07,0.0019018731642108733,-3.1704968745634633e-19,13110,0.4887150583586558
1808,0.4933229565861631,0.48623652228312403,0.001589842674493532,0.0,1.7242676969475231e-06,0.0021691048109484345,-3.3159785078430276e-19,12923,0.4933229565861631
1809,0.49070403145310015,0.4862328591400211,0.0017197929907038193,0.0,1.8294199427456915e-06,0.002127488543835741,-3.358402649276814e-19,12968,0.49070403145310015
1810,0.4892266537106173,0.48617419556117847,0.001394873269388207,0.0,1.5141198479514242e-06,0.00217097836940487,-3.0847663618597386e-19,13047,0.4892266537106173
1811,0.4855949786571272,0.486224088471657,0.001476513939557267,0.0,1.2150268192236836e-06,0.0016458047386779286,-3.22064676688117e-19,13167,0.4855949786571272
1812,0.48382906324037295,0.48624396440034134,0.0016756702914119948,0.0,1.6586379881001903e-06,0.0019796710565329026,-3.38333657377353e-19,13063,0.48382906324037295
1813,0.48596391933338545,0.48627376779857556,0.0016036256076222128,0.0,1.6841187163847573e-06,0.0021003889042179816,-3.203824162626747e-19,13139,0.48596391933338545
1814,0.4871119930184451,0.486289081286025,0.0015127815183819035,0.0,1.5373422523648517e-06,0.00203247095986368,-3.4565831096671705e-19,13130,0.4871119930184451
1815,0.4839720925842863,0.48634375754755377,0.0017630222069090421,0.0,1.936377207304795e-06,0.0021966566271444544,-2.9969264847274177e-19,13196,0.4839720925842863
1816,0.4840111987028908,0.4863584047607372,0.0014452184675913802,0.0,1.3681769648849647e-06,0.0018933842814300404,-3.2662532822625316e-19,13107,0.4840111987028908
1817,0.4866455889560115,0.4864037108081921,0.0017019308269341944,0.0,1.7013268416880696e-06,0.001999290235259193,-3.1771910496109293e-19,13143,0.4866455889560115
1818,0.48565111654536397,0.48630621943641306,0.001291871363439743,0.0,1.7037851893624444e-06,0.002637700993426989,-2.8862563183791475e-19,13143,0.48565111654536397
1819,0.4843738464369791,0.4862556224786322,0.0012644424317421483,0.0,1.415186180483467e-06,0.002238435131496851,-3.298355662534681e-19,13172,0.4843738464369791
1820,0.48656227637704086,0.4862620602436528,0.0014153230049388107,0.0,1.295800717806622e-06,0.0018311024596998527,-3.214857768244046e-19,13173,0.48656227637704086
1821,0.49212443085987617,0.486176810353554,0.0013493832182522108,0.0,1.4757510794622568e-06,0.002187297217722515,-3.182393805896537e-19,12913,0.49212443085987617
1822,0.4842387530262004,0.4862378108701403,0.001810176255951808,0.0,1.6959211636770084e-06,0.0018737635720288204,-2.890133121190426e-19,13102,0.4842387530262004
1823,0.48223760332253773,0.4862498702703614,0.0014766275832639635,0.0,1.5918532329208279e-06,0.002156065958624676,-3.045254537987401e-19,13252,0.48223760332253773
1824,0.4861795194505356,0.4862945686484821,0.0016805717470238229,0.0,1.734688978314225e-06,0.0020644033572339176,-3.0182487022873726e-19,13136,0.4861795194505356
1825,0.49224419268004793,0.4863506858384167,0.0017829540635816111,0.0,1.7887011024334453e-06,0.002006446648255524,-3.401292902905893e-19,12926,0.49224419268004793
1826,0.49205999252140026,0.48637031657790575,0.0016652831914080893,0.0,1.682145649374382e-06,0.0020202517602450967,-3.317184448067862e-19,12962,0.49205999252140026
1827,0.4880819892750007,0.4863836752707509,0.0015886550929935005,0.0,1.6376612441755307e-06,0.0020616951425116298,-3.3615626886499824e-19,13058,0.4880819892750007
1828,0.4853819100603393,0.4864179564833775,0.0017453848930555468,0.0,1.6707082628580184e-06,0.0019144296132106472,-3.060953843577715e-19,13056,0.4853819100603393
1829,0.4814341649719094,0.4864506823951505,0.0015491272021554484,0.0,1.4780871164436176e-06,0.0019082837282658439,-3.1674216221847086e-19,13314,0.4814341649719094
1830,0.4841850185623323,0.48649738985648516,0.0016237096397129936,0.0,1.5304500647112355e-06,0.001885127768264968,-2.8416908002414926e-19,13127,0.4841850185623323
1831,0.4842915056745578,0.48648865547692655,0.0014291468910411268,0.0,1.4829142923689896e-06,0.0020752440517695053,-3.0630448789484787e-19,13184,0.4842915056745578
1832,0.48426313542510996,0.48649652580086766,0.0014076261324441307,0.0,1.2771350318843908e-06,0.0018145940920645432,-3.234786417087602e-19,13127,0.48426313542510996
1833,0.48574262044456173,0.4865114155124706,0.001497182979417448,0.0,1.4999228335228268e-06,0.0020036600123606065,-3.3911372180313185e-19,13193,0.48574262044456173
1834,0.4900578084350039,0.4865179199052877,0.001444344906078668,0.0,1.4017666398477765e-06,0.0019410414146209857,-3.2938528615675106e-19,13042,0.4900578084350039
1835,0.49047121775338687,0.48653998172885293,0.0016756304765660772,0.0,1.5865780139865411e-06,0.0018937087098558456,-3.229091840994064e-19,13036,0.49047121775338687
1836,0.4816143364137202,0.4865233185546297,0.0012243910974127328,0.0,1.2665199160983284e-06,0.002068815950678861,-3.20348943953293e-19,13317,0.4816143364137202
1837,0.48926147098547457,0.48653745279226623,0.0014319622223362247,0.0,1.4320864231411513e-06,0.0020001734693876542,-3.1645275711199115e-19,12916,0.48926147098547457
1838,0.47622917033068657,0.4865316380237002,0.0013516570795225704,0.0,1.3707935912542513e-06,0.0020283156312671255,-3.416338236245289e-19,13462,0.47622917033068657
1839,0.4879428669587702,0.4865553226278889,0.001353085921294977,0.0,1.1447527658506423e-06,0.0016920621932937593,-3.1986614025035715e-19,13095,0.4879428669587702
1840,0.4892713672439709,0.48656057519065743,0.001647887223730476,0.0,1.6588472307113433e-06,0.0020133018896233154,-3.313205075401555e-19,12951,0.4892713672439709
1841,0.4831027259283227,0.4866324366864061,0.0020323029594386537,0.0,2.0134578112236415e-06,0.0019814543908156126,-3.2588230174454605e-19,13309,0.4831027259283227
1842,0.48618529493066986,0.486695293500433,0.001942258005267701,0.0,1.9351819508710515e-06,0.001992713579372608,-3.1371992359821767e-19,13194,0.48618529493066986
1843,0.4796155121057388,0.48673495192605776,0.0015403237657965572,0.0,1.495739322006007e-06,0.00194211029553583,-3.029249653133874e-19,13270,0.4796155121057388
1844,0.49290131650203434,0.486803556366193,0.0019361989444361223,0.0,1.8154481570979593e-06,0.00187527026839349,-3.4306939035076623e-19,12953,0.49290131650203434
1845,0.4866329919659054,0.48680355633567896,0.0013993841062619576,0.0,1.3737303498455186e-06,0.0019633356470155064,-2.983202532710502e-19,13082,0.4866329919659054
1846,0.4888906054747547,0.4867922894098198,0.0012910463918352506,0.0,1.2235424418864434e-06,0.0018954275378859947,-2.9906705638680736e-19,13026,0.4888906054747547
1847,0.48281795239546743,0.48670871129330706,0.001267411711403129,0.0,1.3245702022586969e-06,0.002090197195341187,-3.1197688181241902e-19,13323,0.48281795239546743
1848,0.48819540843635334,0.48669518102130727,0.0012991307900728536,0.0,1.2107272904748888e-06,0.0018639036188296215,-3.322941918008291e-19,13020,0.48819540843635334
1849,0.48722149235850254,0.48673148132630534,0.0014960063177701626,0.0,1.3738627499298475e-06,0.001836707149709938,-3.0000480094032485e-19,13092,0.48722149235850254
1850,0.4924519049554711,0.48675561628641395,0.0013670784803727922,0.0,1.2562118621681921e-06,0.0018378050422176674,-3.4621582725044574e-19,12886,0.4924519049554711
1851,0.47789139307232764,0.4867881168570606,0.0017202069730748253,0.0,1.8234296024428983e-06,0.0021200118718081523,-3.0951041348482675e-19,13403,0.47789139307232764
1852,0.4836677867580052,0.48684551882430993,0.0017117498802713914,0.0,1.470236726622199e-06,0.0017178172390338922,-3.2879824915535147e-19,13188,0.4836677867580052
1853,0.48737962795249334,0.4868816631394812,0.001820214571472189,0.0,1.7858597512805332e-06,0.001962251900704355,-3.344051092131511e-19,13057,0.48737962795249334
1854,0.48233936654265575,0.48688097428528654,0.0015694138264350712,0.0,1.82215388504076e-06,0.002322082110337703,-3.343973915446515e-19,13259,0.48233936654265575
1855,0.4876148768974041,0.48690619362894405,0.0016457742401300205,0.0,1.6872754142315372e-06,0.0020504336173085783,-3.144078524608371e-19,13033,0.4876148768974041
1856,0.48732745038662706,0.48691136439335236,0.0014964617393654846,0.0,1.4792572272965908e-06,0.0019770064123708388,-3.0828533858467386e-19,13056,0.48732745038662706
1857,0.48790294368209164,0.48696893334418384,0.001890745050631525,0.0,1.8260298645048652e-06,0.001931545306856634,-3.2763958894189324e-19,13086,0.48790294368209164
1858,0.4896437758289461,0.48694762728341,0.001562459059066915,0.0,1.608004828963556e-06,0.0020583001130587584,-3.407271595119486e-19,12942,0.4896437758289461
1859,0.48820244219344067,0.48698725588154396,0.001573098493670418,0.0,1.435449431399346e-06,0.0018249962569731998,-3.1460994900076713e-19,13015,0.48820244219344067
1860,0.4818070446854267,0.4870197016104503,0.0016401326263109411,0.0,1.6870516682172103e-06,0.0020572137169319066,-2.9693378754291654e-19,13261,0.4818070446854267
1861,0.48525092577416223,0.486918017785005,0.0013355881046428384,0.0,1.7694141844243772e-06,0.0026496405265567296,-3.207536646738829e-19,13080,0.48525092577416223
1862,0.4884519380186873,0.48686566034324774,0.0014875346873541636,0.0,1.7588474102843166e-06,0.0023647817092759416,-3.346677369887088e-19,13020,0.4884519380186873
1863,0.4891132314761155,0.4868941892208836,0.0016570228914298407,0.0,1.5263456703968067e-06,0.001842274694322089,-3.116601059064561e-19,12902,0.4891132314761155
1864,0.48622501873776747,0.4868861021579476,0.001530747830611675,0.0,1.8118202996424101e-06,0.0023672354955008115,-3.351481598162328e-19,13157,0.48622501873776747
1865,0.4891623754732653,0.48687895327506514,0.0015557492365908087,0.0,1.5457225235589072e-06,0.001987110116725657,-3.277832495477671e-19,12996,0.4891623754732653
1866,0.4822108673524439,0.4868611422247622,0.0013016459143837483,0.0,1.3700326838205162e-06,0.002105077377312931,-3.303983650354609e-19,13197,0.4822108673524439
1867,0.48623378635772674,0.48688558835532836,0.0015675214855060222,0.0,1.4860953274458745e-06,0.0018961083993896748,-3.2689877334862814e-19,13070,0.48623378635772674
1868,0.4884142875010704,0.486891316233949,0.0017649703571620686,0.0,1.7524332682910455e-06,0.0019857934284050168,-3.1371769021316493e-19,13073,0.4884142875010704
1869,0.48272483292713575,0.4869362147909925,0.0016529608432582553,0.0,1.5006050395217152e-06,0.001815657092715854,-3.0801993799707285e-19,13229,0.48272483292713575
1870,0.4862394737056522,0.48695230221007413,0.001620865028145578,0.0,1.5456196141308423e-06,0.0019071540039323031,-3.5894176179490247e-19,13003,0.4862394737056522
1871,0.4860274372917256,0.48696039155883186,0.001249947515730053,0.0,1.138746663806776e-06,0.0018220711661507995,-3.3190034090983902e-19,13144,0.4860274372917256
1872,0.4817900578192374,0.48702798816955384,0.0019062001304609242,0.0,1.7736136146551356e-06,0.0018608891965884728,-2.8470377878797335e-19,13186,0.4817900578192374
1873,0.491190736810359,0.4870343264192821,0.0019091078790784265,0.0,2.0590009817182888e-06,0.0021570294735907946,-3.4422954400470115e-19,13015,0.491190736810359
1874,0.4903397020141608,0.48708078326185816,0.0016704177434724893,0.0,1.5154275732277749e-06,0.0018144294493393984,-3.0767576654953392e-19,12991,0.4903397020141608
1875,0.48287047876206096,0.4870771749760697,0.0013898489834609433,0.0,1.390455668179415e-06,0.0020008730225019996,-3.0928220237581162e-19,13232,0.48287047876206096
1876,0.4871274684213964,0.48700013938704123,0.0014452969783606438,0.0,1.5998540025256192e-06,0.0022138758005849904,-3.0544398417649373e-19,13090,0.4871274684213964
1877,0.4918584214832216,0.4869768254886203,0.001478219214372513,0.0,1.574953626543982e-06,0.0021308796574025482,-2.9201232852726696e-19,12985,0.4918584214832216
1878,0.48808152332024873,0.4869865931060962,0.0015035585617710534,0.0,1.4830636509958985e-06,0.001972738127670912,-3.1387196110778247e-19,13019,0.48808152332024873
1879,0.4924344777296008,0.48702175775316275,0.0017482503688420743,0.0,1.6802267271664904e-06,0.001922180892522118,-3.399249636874974e-19,12844,0.4924344777296008
1880,0.48583361023691785,0.48701473052278654,0.0015710145719281053,0.0,1.5878581350772237e-06,0.002021442911415451,-2.988764780335968e-19,13136,0.48583361023691785
1881,0.49206605700133177,0.48702680595049136,0.0012626930057041334,0.0,1.125816973190546e-06,0.0017831998246679772,-3.0337768855541026e-19,12980,0.49206605700133177
1882,0.485063082097493,0.4869881211811128,0.0010084533620495907,0.0,1.0215542399937215e-06,0.0020259821196242614,-3.2119575285698902e-19,13088,0.485063082097493
1883,0.48724014197887255,0.4869482952188189,0.0012606700295748532,0.0,1.2391888418405504e-06,0.001965920998785785,-2.883244054587793e-19,13062,0.48724014197887255
1884,0.48572353776072325,0.4869758268110007,0.0013891548345153686,0.0,1.1939908089478676e-06,0.0017190176059307498,-3.150471530794494e-19,13142,0.48572353776072325
1885,0.48477047084639485,0.48689256948654447,0.001421005342980227,0.0,1.672435490321685e-06,0.0023538764278171424,-2.621911594005875e-19,13156,0.48477047084639485
1886,0.491085316017133,0.48692855476868113,0.0017063223741819664,0.0,1.6463530919597498e-06,0.0019297093173838652,-3.084501364492406e-19,12878,0.491085316017133
1887,0.48655566566491315,0.48685409051990824,0.0014051694137415332,0.0,1.7210704071506965e-06,0.0024496269137655314,-3.261832202716071e-19,13109,0.48655566566491315
1888,0.48852271062366154,0.4868806829992143,0.001703102124735065,0.0,1.7681813703319847e-06,0.002076424360761153,-3.173681471630184e-19,13060,0.48852271062366154
1889,0.48587715385121777,0.48691435463135224,0.0015588729354225944,0.0,1.5100313941596705e-06,0.001937337367077088,-2.9062923367104956e-19,13206,0.48587715385121777
1890,0.49184269629926636,0.4869294695412565,0.0015299740712701494,0.0,1.6017360638258276e-06,0.0020938081159716684,-3.3770991500050177e-19,12892,0.49184269629926636
1891,0.4907979620485018,0.4869278465501022,0.001331286785385172,0.0,1.2556582596889226e-06,0.0018863828191994431,-3.2259713531817216e-19,12954,0.4907979620485018
1892,0.4852993055911228,0.4869593576507477,0.0015404321430908079,0.0,1.456104189445355e-06,0.0018905139002406786,-3.209076511341171e-19,13155,0.4852993055911228
1893,0.4851281246026166,0.4869992470465281,0.001667592708437983,0.0,1.5258606255457724e-06,0.001830015947928952,-3.3323726695757377e-19,13090,0.4851281246026166
1894,0.4891992917984572,0.48698136320539437,0.0011797855370500366,0.0,1.1058875171647227e-06,0.0018747263505703075,-3.4259241820866584e-19,13030,0.4891992917984572
1895,0.49117778542042834,0.4869600510643567,0.0011421925709358927,0.0,1.1711747170360677e-06,0.0020507482658137536,-3.145300360491548e-19,12903,0.49117778542042834
1896,0.48553009530781055,0.48695183836007905,0.0014065405721980782,0.0,1.4124017802476416e-06,0.002008334218244986,-3.167779834737706e-19,13197,0.48553009530781055
1897,0.4859313939945934,0.4868708611111666,0.0010904761857875955,0.0,1.0706825021850356e-06,0.001963697174022624,-3.142054681915647e-19,13112,0.4859313939945934
1898,0.4919666220183279,0.4869179392390435,0.00185928329749197,0.0,1.9151094087218753e-06,0.002060051215761697,-3.3397152968530677e-19,12978,0.4919666220183279
1899,0.48258173350080574,0.48694164007609864,0.0016608637069142182,0.0,1.7507975016364053e-06,0.002108297621710668,-3.3268685255788535e-19,13272,0.48258173350080574
1900,0.4860771486417772,0.4869105623149401,0.0013164907205860746,0.0,1.3285258380221908e-06,0.002018283634283056,-3.1453843106685844e-19,13077,0.4860771486417772
1901,0.4814101100539925,0.4868985742961268,0.0015908124375352674,0.0,1.6873340596695113e-06,0.002121348840198647,-3.359364959199418e-19,13167,0.4814101100539925
1902,0.48592231500031285,0.4869297317993142,0.0015094675633870263,0.0,1.3941275246322786e-06,0.0018471778505846903,-3.2367738062779815e-19,13108,0.48592231500031285
1903,0.4814993453218863,0.48698834887847864,0.0018629845838334148,0.0,1.8353100808099462e-06,0.001970290142748767,-3.3858565400082057e-19,13301,0.4814993453218863
1904,0.48147331945676475,0.486978033225005,0.0012810384813688553,0.0,1.1909641719942418e-06,0.0018593729842083051,-3.0499846110110017e-19,13230,0.48147331945676475
1905,0.48880450211279936,0.4870279625118271,0.0019390637316747045,0.0,2.0044036671562578e-06,0.0020673932830718475,-3.0282950599504064e-19,13058,0.48880450211279936
1906,0.4853755705211768,0.48708180150954555,0.001934603725408267,0.0,2.093286669444561e-06,0.0021640469745325295,-3.3300215634611405e-19,13210,0.4853755705211768
1907,0.48977482973682673,0.4870806390376128,0.0016158043781175475,0.0,1.5135515628290551e-06,0.001873434164836687,-3.120397007957164e-19,13082,0.48977482973682673
1908,0.48610617612484697,0.48712207379321215,0.0018744826830665044,0.0,1.964563804518992e-06,0.0020961130473663514,-2.971259508411018e-19,13168,0.48610617612484697
1909,0.48698649603176314,0.48712799883654645,0.001601147012228359,0.0,1.5993461011972572e-06,0.0019977504738573687,-3.091774514118248e-19,13054,0.48698649603176314
1910,0.4850951162291238,0.4871802288546775,0.0018405660391322997,0.0,1.8422164214160214e-06,0.0020017933421008893,-3.021161961520724e-19,13160,0.4850951162291238
1911,0.48592797341579036,0.4871965039632513,0.0017039429414307235,0.0,1.6541477730546065e-06,0.0019415530095927907,-3.493944250816306e-19,13137,0.48592797341579036
1912,0.4830024809076511,0.48717787810028024,0.0015180785074891691,0.0,1.5427885833537352e-06,0.0020325544110435176,-2.9952390757208933e-19,13211,0.4830024809076511
1913,0.4846569677306173,0.48716047811326463,0.0011220394271602944,0.0,1.028097408850898e-06,0.0018325513060674726,-3.027681049361772e-19,13160,0.4846569677306173
1914,0.4895431989152077,0.48719071287006116,0.0015201598911106238,0.0,1.3933923080016072e-06,0.0018332180925831423,-3.221549552834776e-19,13015,0.4895431989152077
1915,0.48568637096336537,0.4871688925225792,0.001129974049605281,0.0,1.0830792916160263e-06,0.001916998522212726,-3.2484470557472214e-19,13079,0.48568637096336537
1916,0.49062385633804834,0.48716565340199935,0.0015689049110444021,0.0,1.6944384213015045e-06,0.002160026919889665,-3.207005191632751e-19,12937,0.49062385633804834
1917,0.49370031893868704,0.4871762226531886,0.0018135102352942751,0.0,1.7746448254016181e-06,0.0019571379205517965,-3.4529554448661656e-19,12755,0.49370031893868704
1918,0.4891890829551192,0.4871303850612023,0.0012944496888147652,0.0,1.4720469561502725e-06,0.0022743980996250543,-3.341249085527584e-19,13027,0.4891890829551192
1919,0.4836797422544634,0.48717634734127646,0.0016110358770381208,0.0,1.572379845980698e-06,0.0019520109618806362,-3.1935199430933244e-19,13169,0.4836797422544634
1920,0.4907565228608594,0.4871980422217128,0.0014647487241500902,0.0,1.4206559392595827e-06,0.0019397947454556177,-3.432571158843297e-19,12926,0.4907565228608594
1921,0.4924139681024319,0.48724905661698353,0.0018334927664334017,0.0,1.7480051705133006e-06,0.0019067489138924767,-3.1962648660273016e-19,12901,0.4924139681024319
1922,0.48795390808560457,0.48719462396518315,0.0015326392955840214,0.0,1.8028889533632812e-06,0.0023526591789182595,-3.4445105111165777e-19,13069,0.48795390808560457
1923,0.48482137513223644,0.487183969765289,0.0015724361756939312,0.0,1.5060803008161925e-06,0.0019156011850866312,-3.6007614245909028e-19,13141,0.48482137513223644
1924,0.48044276098173955,0.48723307922883874,0.001828357383017809,0.0,1.780562644384949e-06,0.0019477183847350762,-2.8881187866594625e-19,13172,0.48044276098173955
1925,0.4898303904508807,0.4871602798650235,0.001379667210872938,0.0,1.5624980276836962e-06,0.0022650361121434176,-3.340918513946494e-19,13014,0.4898303904508807
1926,0.4943284207827468,0.48709868161431136,0.001177816898346579,0.0,1.1338267597148272e-06,0.001925302245716621,-3.4018664868534907e-19,12853,0.4943284207827468
1927,0.4872017418401037,0.4871115194890312,0.0015502322765542475,0.0,1.5707897970788594e-06,0.002026521858479564,-3.265093798373496e-19,13044,0.4872017418401037
1928,0.48660903274526834,0.48712907673306644,0.0016960358941620613,0.0,1.663137742758192e-06,0.0019612058311771485,-3.190072154592111e-19,13077,0.48660903274526834
1929,0.4889403148435658,0.487151087978346,0.0014978807062310919,0.0,1.3883876518260152e-06,0.0018538027041144307,-3.2783906312384593e-19,12927,0.4889403148435658
1930,0.49031475287068227,0.48716103089995005,0.0014961665740335765,0.0,1.4501189298098489e-06,0.0019384458321380807,-3.096606041690141e-19,12984,0.49031475287068227
1931,0.48196602628426033,0.48718589307009585,0.0014116186034536374,0.0,1.2605072099264396e-06,0.0017859033691430643,-3.4234763077342703e-19,13155,0.48196602628426033
1932,0.49195746799028417,0.4872156992498739,0.0015470854896950156,0.0,1.5113206880397111e-06,0.0019537649316815004,-3.294735908775988e-19,12951,0.49195746799028417
1933,0.48777584529425877,0.4872365461424204,0.0015617987244807908,0.0,1.5368070953928453e-06,0.0019679963510070685,-3.2478770638767743e-19,13062,0.48777584529425877
1934,0.48986646832355607,0.4872611698817292,0.001892372387704093,0.0,2.051261148528263e-06,0.0021679254694864166,-3.059502247213388e-19,13048,0.48986646832355607
1935,0.4898344068295735,0.4873063014218886,0.0015597234195247002,0.0,1.3878060859233193e-06,0.0017795540780508766,-3.198912526295664e-19,12932,0.4898344068295735
1936,0.4899078232607287,0.4873385360320093,0.0015917611270670976,0.0,1.4146282536161083e-06,0.0017774378699932623,-3.534709222067292e-19,12985,0.4899078232607287
1937,0.48802303745222414,0.4873549087426684,0.0015275433711185926,0.0,1.4848447713708527e-06,0.0019440950737569268,-3.0392853166623055e-19,13026,0.48802303745222414
1938,0.4868553554755333,0.4873329344385914,0.0014413025612951074,0.0,1.5614460239492914e-06,0.0021667151171177092,-3.622640616956686e-19,13095,0.4868553554755333
1939,0.4838960779180175,0.4873270237741438,0.0013241073513157434,0.0,1.1577696673687064e-06,0.0017487549876046677,-3.2723605824423764e-19,13151,0.4838960779180175
1940,0.491470251875199,0.4873050651590512,0.0015193235601804532,0.0,1.7585723873934126e-06,0.0023149412455429094,-3.1794698671395454e-19,12925,0.491470251875199
1941,0.48394862866217403,0.48735338638203884,0.0017430715765695956,0.0,1.7526954136250393e-06,0.0020110423888322288,-3.351700734348669e-19,13201,0.48394862866217403
1942,0.4854233783838384,0.4873755223918173,0.001587496607350096,0.0,1.4693873549615047e-06,0.0018512006238731514,-3.3523470487540703e-19,13158,0.4854233783838384
1943,0.486065727578102,0.48739074200581095,0.0014307354194962396,0.0,1.434965623352482e-06,0.00200591332792716,-3.070858665629869e-19,13115,0.486065727578102
1944,0.4873301258090833,0.48742537210950915,0.0015552683674461935,0.0,1.424346659715441e-06,0.0018316410074671152,-3.3668696157147266e-19,13042,0.4873301258090833
1945,0.4812602364313897,0.4874482205189029,0.0015107922566004052,0.0,1.4613190058046776e-06,0.0019345068779912163,-2.9879935609810223e-19,13250,0.4812602364313897
1946,0.48319474056219985,0.487450722973389,0.001651094255014326,0.0,1.8257698852507885e-06,0.0022115877148817854,-3.3955671042795064e-19,13196,0.48319474056219985
1947,0.48886189710805905,0.4874143524183734,0.001323987874682016,0.0,1.467999829411067e-06,0.002217542709390203,-3.0388769112996716e-19,13042,0.48886189710805905
1948,0.4877298356421083,0.48742475807523566,0.0017310036810308726,0.0,1.8297377412023206e-06,0.0021140772388336558,-3.313613873026579e-19,13124,0.4877298356421083
1949,0.4835050973422159,0.4874286536737641,0.0016292911247740077,0.0,1.7362734995639542e-06,0.0021313238293184534,-3.248139365533348e-19,13218,0.4835050973422159
1950,0.488155494527601,0.4874144040389521,0.0016986648490785877,0.0,1.9437076794587697e-06,0.0022885122754063014,-3.224141898366747e-19,13063,0.488155494527601
1951,0.4905936181620057,0.48745319360985895,0.001645863949691298,0.0,1.4663643036290383e-06,0.0017818779054053322,-3.229292506028459e-19,12969,0.4905936181620057
1952,0.4877733781068412,0.4873848213710766,0.001218021910984761,0.0,1.268961161436142e-06,0.002083642584738393,-3.3751853697995464e-19,12989,0.4877733781068412
1953,0.483994646668343,0.48738847519538586,0.0015215236489197564,0.0,1.4852987446275062e-06,0.0019523833831725603,-2.881300883796102e-19,13178,0.483994646668343
1954,0.48590475728148486,0.4873083609834088,0.0012875826594452137,0.0,1.569970997411336e-06,0.002438633334946894,-3.2496492719652447e-19,13070,0.48590475728148486
1955,0.49122520805670655,0.4873149080997671,0.0012400042237759514,0.0,1.1757556747425645e-06,0.001896373660990052,-3.213631383696459e-19,13002,0.49122520805670655
1956,0.4854089928560409,0.48723137260509,0.0011252334181885626,0.0,1.1466319755265576e-06,0.002038033988312297,-3.3393129010886834e-19,13020,0.4854089928560409
1957,0.48199654800357083,0.4872028990005681,0.001462539549208415,0.0,1.5213622499253385e-06,0.0020804391248753044,-3.256660261081717e-19,13187,0.48199654800357083
1958,0.48885790021086317,0.48719110518846276,0.0014079061839970932,0.0,1.3194307456485668e-06,0.0018743162870450045,-3.3393598675734616e-19,13110,0.48885790021086317
1959,0.48409138722707495,0.4871690702118996,0.00126829428390311,0.0,1.1179278675149957e-06,0.0017628840273168,-3.113237183597777e-19,13167,0.48409138722707495
1960,0.48719707278141194,0.48714761122457595,0.001534724583602008,0.0,1.6127715870053892e-06,0.002101708155635592,-3.1587815581013187e-19,13094,0.48719707278141194
1961,0.4909267435112224,0.48717266879498416,0.0016203706725931369,0.0,1.6502216347122637e-06,0.0020368446092292637,-3.2910740089804603e-19,12895,0.4909267435112224
1962,0.48654987919442083,0.4871510474672932,0.0015018363048290774,0.0,1.5812502119210485e-06,0.0021057557429349913,-3.2533171522733256e-19,13096,0.48654987919442083
1963,0.4906381993836746,0.4872019415066153,0.0017812427723605923,0.0,1.8423419381816056e-06,0.0020686028505143535,-3.1931295367201063e-19,12889,0.4906381993836746
1964,0.4863825889938146,0.4872540303336945,0.0017326074806755128,0.0,1.5749340995222573e-06,0.0018179929581144583,-3.3570963349509873e-19,13080,0.4863825889938146
1965,0.4902548684413025,0.4872077714974909,0.001823874701149903,0.0,2.152204540345061e-06,0.0023600355210674894,-3.1223293454427384e-19,12948,0.4902548684413025
1966,0.4917132523979991,0.4871565747875863,0.0011725089875631008,0.0,1.1530413127104855e-06,0.0019667931332567837,-3.103592098071334e-19,12933,0.4917132523979991
1967,0.489489694573366,0.48716094523951603,0.001321972140893366,0.0,1.1685314941596952e-06,0.0017678609979935303,-3.278950356929865e-19,12968,0.489489694573366
1968,0.48971222977170903,0.4870244196609449,0.0012045879304888726,0.0,1.4391913478298648e-06,0.002389516466839877,-3.266036868695012e-19,12937,0.48971222977170903
1969,0.4881706890132852,0.48700723449017036,0.0011992687940343648,0.0,1.1655891443498525e-06,0.0019438330258369965,-3.202756149880497e-19,13075,0.4881706890132852
1970,0.4905294136567699,0.48695151634226497,0.0012024850285938923,0.0,1.2737571952076938e-06,0.002118541461920973,-3.5209902082080227e-19,12982,0.4905294136567699
1971,0.48727469422305336,0.4869148026370647,0.001142081476427921,0.0,1.1555824168956168e-06,0.002023642692305845,-3.2813250746134003e-19,13031,0.48727469422305336
1972,0.4907242021832028,0.48687921712107074,0.0013857750119645456,0.0,1.4647737755779448e-06,0.0021140138376451257,-3.360244909771275e-19,12962,0.4907242021832028
1973,0.48639308531209796,0.4868910546137147,0.001538766165599188,0.0,1.4950562639990827e-06,0.0019431883770552171,-3.4218274934406566e-19,13013,0.48639308531209796
1974,0.4873401216406031,0.48692318514692506,0.0017448230798776246,0.0,1.6825384884340341e-06,0.001928606410401267,-3.5043036678655054e-19,13025,0.4873401216406031
1975,0.48563796814875837,0.48695890691117494,0.001739364078212199,0.0,1.6923771527703305e-06,0.0019459722940924898,-3.1790326562700425e-19,13145,0.48563796814875837
1976,0.4883455539426515,0.48699748357769906,0.0014328322461185958,0.0,1.1283453965842516e-06,0.0015749860454925273,-3.1679322904908618e-19,13026,0.4883455539426515
1977,0.49430912462450427,0.48698971016715104,0.0011728330442146628,0.0,1.14960261887517e-06,0.001960385793265148,-3.406732701274131e-19,12838,0.49430912462450427
1978,0.4894761276388542,0.48699789531456367,0.0013394307680575793,0.0,1.1971860986332208e-06,0.0017876042975619572,-3.2575640492217168e-19,13053,0.4894761276388542
1979,0.48214122570840034,0.4869831655153686,0.0012716859849201331,0.0,1.3188407579405343e-06,0.002074161032801447,-2.9593906331803205e-19,13266,0.48214122570840034
1980,0.4898270437289499,0.48705210717940645,0.0017596595082014722,0.0,1.591186780987919e-06,0.001808516674472157,-3.576611438193711e-19,12981,0.4898270437289499
1981,0.48566541875821534,0.4870573589911925,0.0014842875670034437,0.0,1.6539084452196574e-06,0.0022285552772750806,-3.370766632205355e-19,13103,0.48566541875821534
1982,0.48213903189424134,0.4871121843558599,0.0018137944993043883,0.0,1.8521328366757058e-06,0.0020422741797772796,-3.401053566766586e-19,13224,0.48213903189424134
1983,0.4900788469532367,0.48713417688637484,0.0017391107198565423,0.0,1.76047663612385e-06,0.0020245710822472188,-3.2574206912261355e-19,12913,0.4900788469532367
1984,0.48995711312239015,0.48716177699778374,0.0016009885283107355,0.0,1.6272169990123057e-06,0.002032765344957524,-3.380063038161599e-19,12962,0.48995711312239015
1985,0.4872157916204537,0.4872315792756763,0.0019631400502110622,0.0,1.9215745560773366e-06,0.0019576540714665194,-3.3201397681848365e-19,13136,0.4872157916204537
1986,0.4817674363506392,0.48720656207081614,0.0013403887112368547,0.0,1.325224205882616e-06,0.0019773729736350205,-3.5828396392808967e-19,13202,0.4817674363506392
1987,0.4792415199853622,0.4872208676835673,0.0014838643178099133,0.0,1.4573128767551476e-06,0.001964213114722033,-3.784774364045505e-19,13405,0.4792415199853622
1988,0.4881074413513138,0.4872648264312157,0.0019351878939359594,0.0,1.9905721094051303e-06,0.002057239109073306,-3.330425349796049e-19,13042,0.4881074413513138
1989,0.48489493621574176,0.48721326836885753,0.0011089210509836263,0.0,1.1476607160818459e-06,0.0020698691129794264,-2.9154187018500832e-19,13098,0.48489493621574176
1990,0.4939587863070778,0.48722554953915587,0.0017935888405640485,0.0,1.8237264884684973e-06,0.002033605971695242,-3.058526148324311e-19,12869,0.4939587863070778
1991,0.49100145500633713,0.4872657640859376,0.0017066454058486627,0.0,1.6307584410971064e-06,0.001911068855321097,-3.4005116048307696e-19,12984,0.49100145500633713
1992,0.49305226394455565,0.48728171506778634,0.0013376267058818063,0.0,1.1423996882458236e-06,0.0017080994020565953,-3.4534181287671484e-19,12871,0.49305226394455565
1993,0.48995260296784215,0.4872952496963234,0.0015690518993811667,0.0,1.6809351741907762e-06,0.002142612586433548,-3.2553458248440427e-19,12991,0.48995260296784215
1994,0.48550904824287144,0.4872875426689107,0.0011402632397661465,0.0,1.0305210767036529e-06,0.0018075143366280925,-3.2014844283290375e-19,13110,0.48550904824287144
1995,0.48112290241863775,0.4873178603309626,0.0017989231775418283,0.0,1.898792391290167e-06,0.002111032216378252,-2.947123059103309e-19,13168,0.48112290241863775
1996,0.48772128443057655,0.48723472883269103,0.001272211068526487,0.0,1.3878003216185563e-06,0.0021817139560433916,-3.3258034517601687e-19,13032,0.48772128443057655
1997,0.48878900986294177,0.48727471016217966,0.001551781761736956,0.0,1.4898708423373457e-06,0.0019202066670376233,-3.35621614463106e-19,12983,0.48878900986294177
1998,0.4816407138227673,0.48731280251370096,0.0015320572704354287,0.0,1.4502875545462446e-06,0.0018932550140688354,-3.012474503616792e-19,13224,0.4816407138227673
1999,0.4919953641241769,0.4872655468308599,0.0011241529060800205,0.0,1.142707104046286e-06,0.002033010096519636,-3.2925064571409804e-19,12887,0.4919953641241769
