iteration,performance_mc,performance_true,alpha,beta,bound,policy_advantage,model_advantage,total_samples,avg_return
0,0.043450170636072205,0.04556967902681347,0.0013250948842949625,0.0001,2.2677086428337516e-06,0.003422711338954902,1.4781433091590725e-05,7643,0.043450170636072205
1,0.03797195311760065,0.045880906223475425,0.0012684812035606413,0.0001,2.0745811893302516e-06,0.003270968751459428,1.318422266368697e-05,7667,0.03797195311760065
2,0.049295689629886424,0.04627909502816107,0.0015959070519659276,0.0001,3.283976033043271e-06,0.004115497865615526,1.6136801794403958e-05,7562,0.049295689629886424
3,0.045284547308861944,0.04673962395318296,0.0016317098143418674,0.0001,3.4355573729037674e-06,0.004210990634127505,1.5927124044579745e-05,7585,0.045284547308861944
4,0.040625568409552525,0.047164865162953123,0.0014537211234293146,0.0001,2.7151855757623522e-06,0.0037354971761808815,1.1651051493962957e-05,7609,0.040625568409552525
5,0.05455297121848094,0.047665254015557726,0.0016853318943683183,0.0001,3.624850811936346e-06,0.004301646250271648,2.5861245090524863e-05,7521,0.05455297121848094
6,0.037136149900631715,0.04811362902191492,0.0015832194675434673,0.0001,3.2254663591346663e-06,0.004074566319146288,1.197447282999843e-05,7683,0.037136149900631715
7,0.04628122720313832,0.048521125310126506,0.0015727596709958105,0.0001,3.143052383369006e-06,0.003996862891809716,8.227073778518736e-06,7581,0.04628122720313832
8,0.04479727772371383,0.04883796655358687,0.0014975276783302483,0.0001,2.8637444366407555e-06,0.003824629725487073,1.0068680350249785e-05,7572,0.04479727772371383
9,0.05245683501993368,0.049327588566722695,0.0017461106827117109,0.0001,3.919187899891108e-06,0.004489048648170009,7.248167411279447e-06,7507,0.05245683501993368
10,0.05135980348854771,0.04980094856351454,0.0016759070136802764,0.0001,3.6041871301473823e-06,0.004301177930191509,1.5210702656107847e-05,7508,0.05135980348854771
11,0.04727352225450956,0.050185587031794515,0.0014707511194845932,0.0001,2.777127130719463e-06,0.0037764746107317925,1.6444184048167163e-05,7575,0.04727352225450956
12,0.059272975119857206,0.05068150277563005,0.0017583354465012992,0.0001,3.960454477958664e-06,0.004504776930749017,2.0164121470884866e-05,7486,0.059272975119857206
13,0.05539647854410793,0.05110196854032915,0.0014934853153876692,0.0001,2.8659850283907537e-06,0.0038379822002425506,1.4645841342454131e-05,7488,0.05539647854410793
14,0.05434363643719178,0.05158655519930619,0.0016673908448365427,0.0001,3.580153934696479e-06,0.004294318810473555,1.5471224548055326e-05,7519,0.05434363643719178
15,0.05378459609274536,0.05205308294423376,0.0017428015857206332,0.0001,3.837208898348927e-06,0.004403494843920829,1.6277230635214896e-05,7445,0.05378459609274536
16,0.04887250296971956,0.05245694707136415,0.0014913289979362298,0.0001,2.824439392689186e-06,0.0037878152930678295,1.2107788612049474e-05,7543,0.04887250296971956
17,0.060315428713259525,0.05297619972940895,0.0018014198202258838,0.0001,4.163949432247113e-06,0.004622963937107105,1.2918485311818958e-05,7413,0.060315428713259525
18,0.04501207754329442,0.05343071268968201,0.0015341106911094442,0.0001,3.002823465941508e-06,0.003914741593737169,1.770037059008505e-05,7582,0.04501207754329442
19,0.06155307828816026,0.053939987808581696,0.0018152068082074326,0.0001,4.128312938967412e-06,0.004548586883104781,3.2592104175336864e-05,7427,0.06155307828816026
20,0.06473656311394953,0.05453824704354051,0.0018771381535296454,0.0001,4.489261255050417e-06,0.004783090947897586,3.67802550798124e-05,7396,0.06473656311394953
21,0.05635716958379806,0.055067315216391674,0.0017289829226010596,0.0001,3.8002963442605475e-06,0.004395990607638195,1.7845403002500558e-05,7450,0.05635716958379806
22,0.056519972255604116,0.05547363778546607,0.0016389362530132392,0.0001,3.4337314201819764e-06,0.004190195212130973,3.2141346978142097e-05,7499,0.056519972255604116
23,0.055039522277300294,0.05594028738253026,0.0017661417808075902,0.0001,3.9813653536106766e-06,0.004508545573040175,2.644385649794384e-05,7512,0.055039522277300294
24,0.06619169282990843,0.05653343932956578,0.0019495887801559081,0.0001,4.8691934802874635e-06,0.004995097971273793,2.6810613837270004e-05,7385,0.06619169282990843
25,0.059847447948573454,0.05700721780348478,0.001674374564456044,0.0001,3.557453891344586e-06,0.004249292800861795,2.835555887713994e-05,7420,0.059847447948573454
26,0.059267795856753125,0.05754331932038922,0.0017507719202647261,0.0001,3.907304751802446e-06,0.004463522297309452,2.177887409137978e-05,7474,0.059267795856753125
27,0.058311108737112385,0.05808857933719523,0.0018811863968950574,0.0001,4.499736770417593e-06,0.004783935050609036,1.9316323779704714e-05,7448,0.058311108737112385
28,0.04858428339899225,0.05846228276153244,0.0014075312158532626,0.0001,2.4951209464033846e-06,0.0035453863023433008,1.785487450411913e-05,7537,0.04858428339899225
29,0.053502001686944,0.05893419341709152,0.0017354383826895118,0.0001,3.839006829845335e-06,0.004424250227652333,2.3910526198209144e-05,7526,0.053502001686944
30,0.05660371232075924,0.05941712732238024,0.0015720559846550295,0.0001,3.1248984392190676e-06,0.003975556175761504,2.141154539027486e-05,7492,0.05660371232075924
31,0.06318572508324526,0.05997241221873334,0.001777189240814517,0.0001,3.8926475838325785e-06,0.004380678764461246,3.106979762019039e-05,7382,0.06318572508324526
32,0.06536931375496016,0.06050316202738157,0.0019421202055797252,0.0001,4.7875958632442865e-06,0.004930277589913837,2.141107019846436e-05,7393,0.06536931375496016
33,0.05416881471208756,0.06096637685536989,0.0016210874880661112,0.0001,3.3209185405183373e-06,0.004097149061930091,1.9729952878052078e-05,7495,0.05416881471208756
34,0.07271501061276053,0.06150734402302864,0.001832920172021101,0.0001,4.25616363362191e-06,0.004644134205723512,3.624869220970026e-05,7284,0.07271501061276053
35,0.06701207954558333,0.062198980485466654,0.0020358008017570665,0.0001,5.202382145823454e-06,0.005110895075130496,4.252700918140045e-05,7408,0.06701207954558333
36,0.06258514890789167,0.06261261036199421,0.0015292159750916279,0.0001,3.6278967170585942e-06,0.004744780039119351,3.2659804208565844e-05,7412,0.06258514890789167
37,0.06319576408215322,0.06320813912855666,0.001825749996990871,0.0001,4.1908486037782e-06,0.0045908241661622795,2.7638615015860713e-05,7368,0.06319576408215322
38,0.06332674695450907,0.06372803346030981,0.0018103807577932968,0.0001,4.104370333212885e-06,0.004534261994936103,3.677642963205373e-05,7404,0.06332674695450907
39,0.0658867257782574,0.06433317774413384,0.001812064861110685,0.0001,4.1397842231366525e-06,0.004569134705916892,2.7233514961407767e-05,7391,0.0658867257782574
40,0.06327521319497798,0.06487040652419747,0.0017376040625797654,0.0001,3.819467388592821e-06,0.004396245923737284,4.300227015648402e-05,7431,0.06327521319497798
41,0.07549300683137353,0.06553846144859726,0.0019755218372495063,0.0001,4.957105652339436e-06,0.005018527822745963,4.1388084589573136e-05,7309,0.07549300683137353
42,0.06402763539662387,0.06606854266768636,0.001675243494264939,0.0001,3.548768095885834e-06,0.004236719149227864,3.981837838272372e-05,7384,0.06402763539662387
43,0.06263351218818482,0.06662951327507068,0.001749420979038629,0.0001,3.849500319561071e-06,0.00440088505360958,3.8360829411448036e-05,7424,0.06263351218818482
44,0.07105384398687203,0.06724984724088662,0.0018738147134265742,0.0001,4.426800708344492e-06,0.004724907619333791,4.1786815717429126e-05,7351,0.07105384398687203
45,0.06640272574610184,0.06780748366806319,0.001834745664904135,0.0001,4.212415777768016e-06,0.004591825295838062,4.3471777510146155e-05,7378,0.06640272574610184
46,0.0648507393455586,0.06842933657728553,0.001963003270584278,0.0001,4.842344631298036e-06,0.004933608317276757,4.6663997694600076e-05,7410,0.0648507393455586
47,0.07386837627468257,0.06907354225976256,0.001881514353662834,0.0001,4.433059543634432e-06,0.004712225059569045,6.116725199420443e-05,7305,0.07386837627468257
48,0.06869921970653119,0.06959805373022515,0.0018573605580353085,0.0001,4.340499288965106e-06,0.004673835965975749,4.845772408673075e-05,7333,0.06869921970653119
49,0.0640250383843917,0.07005384966526454,0.001599110348724081,0.0001,3.191579492613563e-06,0.003991693875485331,2.910824273737605e-05,7385,0.0640250383843917
50,0.05436141268333242,0.07062338985255698,0.0016510247198099457,0.0001,3.4252657849440746e-06,0.004149260448793725,2.852584044454195e-05,7546,0.05436141268333242
51,0.06415452430410314,0.07120320763614899,0.0017351534558329648,0.0001,3.7287890081797897e-06,0.00429793571933933,5.358521156655948e-05,7421,0.06415452430410314
52,0.08145739472610977,0.07189867300315078,0.0021222291010463464,0.0001,5.606964519683392e-06,0.005284033205386664,4.227237843456541e-05,7260,0.08145739472610977
53,0.06315640124398533,0.07250424085048832,0.001914162720133063,0.0001,4.591552573459601e-06,0.004797452719317843,4.58217091192597e-05,7369,0.06315640124398533
54,0.06965626823629913,0.07309426905006983,0.001919887886295945,0.0001,4.626326913659479e-06,0.004819371950499765,4.095549936142095e-05,7378,0.06965626823629913
55,0.08529773604241156,0.07374171072370972,0.001978362833549983,0.0001,4.847279068930864e-06,0.004900293299821939,4.5305205642824107e-05,7225,0.08529773604241156
56,0.07148222447767424,0.07430547805193552,0.001896566914976866,0.0001,4.484129047618677e-06,0.004728680029381799,4.1209568641466255e-05,7280,0.07148222447767424
57,0.08866839632049235,0.0749670204271245,0.0021621301029462817,0.0001,5.816051535590581e-06,0.005379927440689335,6.463371480883033e-05,7162,0.08866839632049235
58,0.0772394774873196,0.07561752866674729,0.00197411493011712,0.0001,4.833303621088746e-06,0.004896679060931873,5.301010017501017e-05,7330,0.0772394774873196
59,0.069301807294528,0.07620439494398315,0.001882361762407064,0.0001,4.424928685442865e-06,0.004701464695908933,4.529077029775679e-05,7391,0.069301807294528
60,0.07571465005626732,0.07668830961150475,0.0018092997934399044,0.0001,4.114081065916317e-06,0.004547705229208568,5.025279068111876e-05,7303,0.07571465005626732
61,0.07553719901253532,0.07728080739986706,0.001862100439466273,0.0001,4.3210357816262495e-06,0.004641034060294591,3.8009665264324736e-05,7319,0.07553719901253532
62,0.06927940106277859,0.07783520630677776,0.0018489265157408871,0.0001,4.245473726169126e-06,0.00459236610003174,4.525161544991922e-05,7382,0.06927940106277859
63,0.06569891232247746,0.07829549203174896,0.001607396967899173,0.0001,3.246053212079303e-06,0.00403889428299944,4.595697163962542e-05,7406,0.06569891232247746
64,0.07441577233915485,0.07897262472821942,0.002028830668016792,0.0001,5.141084667181995e-06,0.005068027360023566,4.7061469592363105e-05,7325,0.07441577233915485
65,0.07834579891575001,0.07959149006391866,0.0018905691106710055,0.0001,4.400270266869156e-06,0.004654968963612657,5.353408468817494e-05,7303,0.07834579891575001
66,0.07615886147764374,0.0802062446944376,0.0018888550462071486,0.0001,4.412084169637133e-06,0.004671702234109144,5.583140797613087e-05,7291,0.07615886147764374
67,0.07374945726978849,0.08083908202691534,0.001920379485497905,0.0001,4.542749760372138e-06,0.004731095905447375,6.031500874739355e-05,7307,0.07374945726978849
68,0.07788166984636921,0.08139399118870894,0.001891801037487294,0.0001,4.468066008344677e-06,0.004723610908131439,5.6505866426843915e-05,7291,0.07788166984636921
69,0.0849542758094338,0.08211843168595798,0.002136758990530143,0.0001,5.625453119668998e-06,0.0052654072308578785,5.857899441008699e-05,7180,0.0849542758094338
70,0.08411172898207737,0.08285271897747702,0.002175359535723656,0.0001,5.820080404456118e-06,0.005350913546822049,5.630476794761533e-05,7216,0.08411172898207737
71,0.07749046681877585,0.08343149728774531,0.0018280551137799688,0.0001,4.108670793658887e-06,0.004495127923318641,5.699321992638509e-05,7276,0.07749046681877585
72,0.08369928717557591,0.08407880327297163,0.0019006905769518546,0.0001,4.442069964256725e-06,0.004674164241273286,5.75626086673019e-05,7241,0.08369928717557591
73,0.08959352458160882,0.08473217799635271,0.0019947881995683392,0.0001,4.9076272677433715e-06,0.004920449468074208,5.981591166788862e-05,7172,0.08959352458160882
74,0.07813536706335637,0.08540936227867982,0.0019757120182126524,0.0001,4.765995371779751e-06,0.0048245850891683656,5.206085008145795e-05,7283,0.07813536706335637
75,0.07936831966499401,0.08606124010154742,0.0019600518834509456,0.0001,4.691672691909563e-06,0.004787294389013025,4.830077983991015e-05,7252,0.07936831966499401
76,0.08732212376559126,0.08670572737992258,0.001961812889420511,0.0001,4.7752228551585316e-06,0.0048681735968908405,6.123145082760388e-05,7179,0.08732212376559126
77,0.09600196229636516,0.08737853186698628,0.0019613484467968824,0.0001,4.728523128599722e-06,0.004821706348325785,6.80821138493003e-05,7123,0.09600196229636516
78,0.09916576225836629,0.08806509685837469,0.002118996200982868,0.0001,5.558288746228223e-06,0.005246152629863219,7.01156445425603e-05,7087,0.09916576225836629
79,0.09187959663279163,0.08864399537902892,0.001679963098406454,0.0001,4.1051826379531294e-06,0.004887229537181074,6.903524128890575e-05,7195,0.09187959663279163
80,0.08102880854651771,0.08931678422511143,0.0021127536624079937,0.0001,5.482768489994662e-06,0.005190163517450228,6.304658815782861e-05,7263,0.08102880854651771
81,0.09751229757217597,0.09004689351727904,0.0022559025409858886,0.0001,6.298673253647407e-06,0.005584171425149174,8.06936158163216e-05,7102,0.09751229757217597
82,0.10134376997926958,0.09069070244925927,0.001894122623690994,0.0001,5.303386906225914e-06,0.0055998348152258865,5.9619840049217694e-05,7092,0.10134376997926958
83,0.09185892643842015,0.09133560276897927,0.0018900233098603277,0.0001,4.357573378458941e-06,0.0046111318899881345,6.198669600992561e-05,7152,0.09185892643842015
84,0.08891272826760147,0.09206866237545608,0.0021242438585773165,0.0001,5.4998741315018365e-06,0.005178194687294802,6.806590634980466e-05,7186,0.08891272826760147
85,0.08541441227987304,0.09273393589245128,0.0020056729925418747,0.0001,4.930331178627438e-06,0.004916385868445104,7.082387143003104e-05,7266,0.08541441227987304
86,0.07563977104662313,0.09336151916510974,0.001971910401173505,0.0001,4.749123680803255e-06,0.0048167743098033265,6.709244783299236e-05,7338,0.07563977104662313
87,0.10232330749221544,0.09406501608095427,0.0020921397301922615,0.0001,5.276617244661031e-06,0.005044230238078912,8.288151803172343e-05,7069,0.10232330749221544
88,0.09570012606980742,0.09467984550616826,0.001962349900462584,0.0001,4.71763488393993e-06,0.004808148519107467,7.921583826879565e-05,7112,0.09570012606980742
89,0.09679064733884343,0.0954453763030979,0.002129117051751897,0.0001,5.440141862146777e-06,0.005110232767776178,6.661003885060587e-05,7139,0.09679064733884343
90,0.08522182258856023,0.0958898377649616,0.0016424076362422048,0.0001,4.045631253044384e-06,0.004926464251348351,7.747002146232205e-05,7176,0.08522182258856023
91,0.09367800476262314,0.09657596072386956,0.0020612987026851753,0.0001,5.1460382666782574e-06,0.004993005875349078,7.114467316987846e-05,7106,0.09367800476262314
92,0.09836029069781557,0.0972569923937476,0.00198929863185889,0.0001,4.8331603923915715e-06,0.0048591602235962435,9.95169272574533e-05,7075,0.09836029069781557
93,0.08722242105532445,0.09793072384681897,0.001915117122974883,0.0001,4.457490120229388e-06,0.004655057454977232,7.338294631127337e-05,7205,0.08722242105532445
94,0.1053349418729246,0.09862505520007747,0.0021634451470703624,0.0001,5.765345695923323e-06,0.005329782179807506,9.15314853799382e-05,7068,0.1053349418729246
95,0.10816090726182867,0.09931735912895245,0.0022295786755536858,0.0001,6.109159385876092e-06,0.0054801020953960874,8.256204662008616e-05,7075,0.10816090726182867
96,0.10991763129480618,0.09998183800617419,0.0019782684683179565,0.0001,5.647044186430657e-06,0.005709077687753994,8.827482235636661e-05,7016,0.10991763129480618
97,0.09808754067030212,0.10070542725112812,0.00221804787819765,0.0001,5.99257148953827e-06,0.005403464504479261,8.383110637687914e-05,7121,0.09808754067030212
98,0.10023712207510542,0.10145635742604023,0.002136901387770404,0.0001,5.556419259215458e-06,0.005200445178252145,7.981869498446832e-05,7066,0.10023712207510542
99,0.09095869900248249,0.10195791368291923,0.0017950656677782225,0.0001,4.0717132454499354e-06,0.004536561885771623,7.538257859474284e-05,7179,0.09095869900248249
100,0.11492162645263518,0.10275269962725936,0.0022276352633307365,0.0001,5.976303965997415e-06,0.005365603664454214,9.188722023705357e-05,6937,0.11492162645263518
101,0.09822056286325609,0.10337447468928226,0.001953286227667322,0.0001,4.649620661210635e-06,0.00476081855833629,7.76218090371342e-05,7131,0.09822056286325609
102,0.08126075848590136,0.10403924322579541,0.0020010756235802492,0.0001,4.846882120258043e-06,0.004844276811074419,6.959649225549676e-05,7228,0.08126075848590136
103,0.10703649514252532,0.10483980669962722,0.002247945735917888,0.0001,6.076655123472758e-06,0.005406407304570916,8.325329011534101e-05,7052,0.10703649514252532
104,0.0979821367448767,0.10556782211285114,0.0019899817144449212,0.0001,4.759657615305577e-06,0.004783619448114595,6.987241393540573e-05,7106,0.0979821367448767
105,0.10305677979523623,0.1062206936984321,0.001995463703398006,0.0001,4.834394374164429e-06,0.004845384424614798,7.915509386075625e-05,7080,0.10305677979523623
106,0.10039258612235438,0.10680615368915378,0.001763905818370245,0.0001,4.3970212997344655e-06,0.0049855511036264715,7.267017289937636e-05,7102,0.10039258612235438
107,0.11083279714865069,0.10755165899261085,0.0021560021566551955,0.0001,5.592171198194937e-06,0.005187537666354274,9.943833255021761e-05,6991,0.11083279714865069
108,0.11764064304062255,0.10832526100111246,0.002189778472936647,0.0001,5.698653413983831e-06,0.005204776176597931,0.00010964119299389418,6915,0.11764064304062255
109,0.11755125166662864,0.10904065899407614,0.0021424490796849516,0.0001,5.5292459865459704e-06,0.005161612510631103,0.00010980939798066918,6924,0.11755125166662864
110,0.1106249045472021,0.10973225311415208,0.0021652107473298064,0.0001,5.628798670946874e-06,0.005199307899139568,0.00011139766626736114,7001,0.1106249045472021
111,0.10193039199480984,0.11050005002078306,0.0021749629098769133,0.0001,5.689503773573618e-06,0.0052318168256906975,9.470687245341897e-05,7098,0.10193039199480984
112,0.121923990271992,0.11133911018706817,0.0023562790010310357,0.0001,6.677465615285857e-06,0.00566780556323254,0.00011876372623719438,6916,0.121923990271992
113,0.10884451865673804,0.11188410397430146,0.0017179855725615294,0.0001,4.163548035845894e-06,0.0048470116424063,9.929873029249173e-05,6998,0.10884451865673804
114,0.10241330096234129,0.11250955533726434,0.002013297461848489,0.0001,4.921439741765387e-06,0.004888934531558806,9.283482914904887e-05,7075,0.10241330096234129
115,0.12173415374797227,0.1132571085973895,0.0023250604662993107,0.0001,6.568828456069172e-06,0.0056504581719756,0.00010252436780923941,6943,0.12173415374797227
116,0.11328395478675982,0.11401976521459567,0.0020602153811301,0.0001,5.060399268321138e-06,0.004912495377590406,9.970937703246129e-05,6956,0.11328395478675982
117,0.1174881692466454,0.11483708931359043,0.002362690830626171,0.0001,6.572639479105148e-06,0.005563689835257233,9.112855493162123e-05,6933,0.1174881692466454
118,0.10651380615119618,0.11542893834617603,0.002081494984693451,0.0001,5.471885555114151e-06,0.00525764952147604,9.220364404399734e-05,7018,0.10651380615119618
119,0.11059294432318935,0.11614949766836928,0.0021613943664581985,0.0001,5.602290572495656e-06,0.005183959632203478,9.762869815142946e-05,7035,0.11059294432318935
120,0.10383574424455418,0.11688074264671927,0.00209405007558596,0.0001,5.188393720831139e-06,0.004955367382395872,9.511512115685529e-05,7039,0.10383574424455418
121,0.11752054513712361,0.11758597302115575,0.0022425871361746196,0.0001,6.077497969399562e-06,0.005420077437674498,0.00011047666057831831,6944,0.11752054513712361
122,0.11192594177274581,0.1182940137595664,0.0019885965708657735,0.0001,4.699455351298025e-06,0.004726403957593096,0.00010709871465231706,6977,0.11192594177274581
123,0.11694344198233654,0.11918328087079802,0.0023329770874856216,0.0001,6.310200085417518e-06,0.005409568845974711,9.24108197811776e-05,6927,0.11694344198233654
124,0.12309449443756444,0.11973389309846177,0.0019457722608817126,0.0001,4.5824984681112405e-06,0.004710210501237915,0.00010632796465293681,6872,0.12309449443756444
125,0.11383914021869332,0.12045150960912993,0.0021932130775854375,0.0001,5.711752003165344e-06,0.005208570076058047,0.00011204010480373213,6881,0.11383914021869332
126,0.1260909921753162,0.12107188207684956,0.001897089573670333,0.0001,4.988465932441108e-06,0.0052590726359745205,0.00011927762399720646,6831,0.1260909921753162
127,0.12165373620561878,0.12176393546117334,0.0020828522152376953,0.0001,5.144251441525127e-06,0.004939622123827028,0.00010337638353246045,6839,0.12165373620561878
128,0.1370248997711775,0.12253384358574326,0.0024765826252012737,0.0001,7.332090746431667e-06,0.005921135577566916,0.00011819071067211944,6722,0.1370248997711775
129,0.13085979587667496,0.12320466595911267,0.0021160048432206876,0.0001,5.548919709277152e-06,0.00524471361873762,0.00011584035497884507,6755,0.13085979587667496
130,0.1290019638988433,0.12392324584485084,0.0022701554548224625,0.0001,6.100882174200724e-06,0.005374858502522985,0.00010604442203538395,6836,0.1290019638988433
131,0.1149164689369744,0.12452405560143731,0.0020701245446572082,0.0001,5.185602595171906e-06,0.0050099426225880435,0.0001117607208539058,6906,0.1149164689369744
132,0.11581948269166475,0.12516096719020137,0.0019164161144665966,0.0001,5.074767897175521e-06,0.005296102301444069,0.00010931660527251059,6976,0.11581948269166475
133,0.1266534554200593,0.1260099666869096,0.00227381207224869,0.0001,6.083036067059155e-06,0.005350517873751392,0.00010900760195463606,6808,0.1266534554200593
134,0.12586725380850033,0.12673398216479553,0.0021804029283163896,0.0001,5.653902008508089e-06,0.005186107517176913,0.00010384098524442456,6805,0.12586725380850033
135,0.13295105377281988,0.12741052209202047,0.002169332842745078,0.0001,5.895869281028135e-06,0.005435652072244931,0.00012168853354375328,6794,0.13295105377281988
136,0.12535817878758357,0.12809800496327353,0.002141365251532554,0.0001,5.522264017111839e-06,0.005157703958406544,0.00011948049249845563,6865,0.12535817878758357
137,0.14576586465580657,0.1289268394307046,0.0023619334100731366,0.0001,6.604172830762865e-06,0.005592175293848246,0.0001210102458557013,6613,0.14576586465580657
138,0.13979383628425895,0.12962672389961677,0.002137374659786657,0.0001,5.460223747277113e-06,0.005109280885572142,0.0001516336150273734,6684,0.13979383628425895
139,0.14507563788911143,0.1302296141953295,0.0021303986529830833,0.0001,5.467854069013222e-06,0.005133174545859647,0.00012276514806047831,6634,0.14507563788911143
140,0.13273365168897328,0.13094830147665026,0.002440086062165896,0.0001,7.227417205275768e-06,0.005923903519091854,0.00012039454402089128,6849,0.13273365168897328
141,0.13142284709211816,0.13164996240393645,0.002225434267952129,0.0001,5.916521199768355e-06,0.005317183513321926,0.00013239083381943675,6806,0.13142284709211816
142,0.15425200308132675,0.13252887960896753,0.0024282891108379206,0.0001,6.84923359698527e-06,0.005641201096208706,0.00014978659382888044,6543,0.15425200308132675
143,0.14210940202978922,0.133256447267166,0.002229989712799433,0.0001,5.918366610440456e-06,0.00530797660318423,0.00013092457338442377,6739,0.14210940202978922
144,0.11939496550196645,0.13398931246940454,0.0022308606519171755,0.0001,5.817520537571862e-06,0.0052154943273326855,0.00012782146484000296,6900,0.11939496550196645
145,0.12209661015658166,0.13457761949462396,0.001826750658673933,0.0001,4.555783544491056e-06,0.0049878548261186,0.00011373808809847109,6856,0.12209661015658166
146,0.13623346418181922,0.13526543071880898,0.002057758491384853,0.0001,5.017203384839967e-06,0.004876377287077487,0.00012375912739515102,6723,0.13623346418181922
147,0.14292420345909126,0.13611768826059456,0.002585133777528509,0.0001,7.822766714236781e-06,0.006052117520754114,0.0001203405813201106,6673,0.14292420345909126
148,0.13146104495298266,0.13695146688484888,0.002436675075554367,0.0001,6.941136043955673e-06,0.005697219225978662,0.00012460863824812277,6777,0.13146104495298266
149,0.1271825476171572,0.1376802693846924,0.0022122840776644275,0.0001,5.764258848893048e-06,0.005211138033392658,0.00012364162889572455,6876,0.1271825476171572
150,0.1342856015029794,0.13842494658566423,0.0021941007840134033,0.0001,5.60403305130865e-06,0.005108273140541767,0.00011210598022690468,6722,0.1342856015029794
151,0.13449198812255367,0.13916189413452767,0.002339889029647598,0.0001,6.503819393899761e-06,0.005559083624473659,0.00013293401886814243,6803,0.13449198812255367
152,0.14479311556797309,0.13996926270075702,0.002249837043397999,0.0001,5.861940047982428e-06,0.0052109907828070574,0.00016174761069253678,6670,0.14479311556797309
153,0.1570287929709477,0.1408184491101832,0.002372140555874609,0.0001,6.4903212476620655e-06,0.005472121988377777,0.00014890824416439666,6488,0.1570287929709477
154,0.137945265948959,0.14165348362269042,0.002348975415294008,0.0001,6.314251606019877e-06,0.0053761751314281465,0.00012101650505260906,6726,0.137945265948959
155,0.14511204548348075,0.1424383775980485,0.002276665435271298,0.0001,5.979174453546641e-06,0.005252571907065594,0.0001559857710075561,6640,0.14511204548348075
156,0.14133134184714552,0.14321273360388548,0.0023092526622410627,0.0001,6.227383484506032e-06,0.005393418906757944,0.00013382453880327912,6720,0.14133134184714552
157,0.1481960156435089,0.14384398836812862,0.001938929702794391,0.0001,5.009324568935797e-06,0.005167102821434262,0.00015069368807266514,6640,0.1481960156435089
158,0.14975078233192904,0.14474264359078215,0.0024134670549307907,0.0001,6.655805547110852e-06,0.00551555533647151,0.00013551252044800082,6605,0.14975078233192904
159,0.15271770832200476,0.14558306252228076,0.0024468645911933902,0.0001,6.9773286484882025e-06,0.005703077051015073,0.00014514463958579052,6525,0.15271770832200476
160,0.1320547782368641,0.14629150480938286,0.002186801449865576,0.0001,5.576468420026924e-06,0.005100114068764416,0.00012823895102542874,6794,0.1320547782368641
161,0.14459926864598713,0.14706805361506736,0.0024697241779595203,0.0001,7.07233997205892e-06,0.005727230623706384,0.0001613387045092171,6665,0.14459926864598713
162,0.13667810281004167,0.14782268442484972,0.0022271113704560213,0.0001,5.676144888169654e-06,0.005097315709907594,0.0001345050946282489,6736,0.13667810281004167
163,0.16817221073085412,0.14854486251158838,0.0023139742359594147,0.0001,6.257097753316354e-06,0.005408096301229602,0.0001684227073275195,6447,0.16817221073085412
164,0.14464681808473004,0.1492767816528273,0.001969433860545709,0.0001,5.11132662524459e-06,0.0051906557794515595,0.00012513826628556194,6695,0.14464681808473004
165,0.14692712668486682,0.14999578270295866,0.0022836523805830097,0.0001,6.062576345282976e-06,0.00530954395408921,0.00013949320579854905,6625,0.14692712668486682
166,0.15723792788971214,0.15069448338575636,0.0023601788475007606,0.0001,6.9057061727708395e-06,0.005851849896954567,0.0001473575179875046,6583,0.15723792788971214
167,0.15169743176501543,0.15144221539636799,0.002298623660138316,0.0001,6.049458404188684e-06,0.005263548365133131,0.00013385249591483893,6592,0.15169743176501543
168,0.15249076189837263,0.15205197682613852,0.002165442871757443,0.0001,5.615879993214813e-06,0.005186818887221017,0.00016077170787529282,6610,0.15249076189837263
169,0.1454117218463046,0.15287084651289679,0.002300323537565236,0.0001,6.056172995180083e-06,0.005265496697556034,0.00011727984339853263,6665,0.1454117218463046
170,0.1498790608227644,0.15336242821353782,0.0021286617160260527,0.0001,5.702772104890282e-06,0.005358082086933616,0.00014386099121205216,6629,0.1498790608227644
171,0.1626892621793741,0.1540506499400746,0.002356750178101094,0.0001,6.783928865080541e-06,0.0057570199235513035,0.00016673541323685163,6497,0.1626892621793741
172,0.16714801649462152,0.15474235116771376,0.002074576484343133,0.0001,5.625805308625403e-06,0.0054235699200135155,0.0001554361381437579,6473,0.16714801649462152
173,0.1648117253660976,0.1554450911120511,0.002296261246801925,0.0001,6.138102126401414e-06,0.005346170550019202,0.00016010660337876552,6515,0.1648117253660976
174,0.15299912729666731,0.15607576308421317,0.0019952628332995143,0.0001,5.221415918444262e-06,0.005233812639921471,0.0001509968110857884,6583,0.15299912729666731
175,0.1696094201245516,0.15681784901531043,0.002330995855431656,0.0001,6.339400207855e-06,0.005439220488601909,0.00016498802714829232,6441,0.1696094201245516
176,0.15631204127123216,0.15746106600963355,0.002251577495797556,0.0001,5.99944551941448e-06,0.005329104177504091,0.00016601489798982925,6556,0.15631204127123216
177,0.14098788561171122,0.15819849708975198,0.0021504175658883444,0.0001,5.8355348704011615e-06,0.0054273504485539146,0.0001426283445153407,6660,0.14098788561171122
178,0.15171333151778826,0.15906332349324304,0.0024376399171099445,0.0001,6.662243499529399e-06,0.005466142437828246,0.0001455255998809867,6562,0.15171333151778826
179,0.16577989773359317,0.15986606971740266,0.002365422916713864,0.0001,6.393668144649823e-06,0.005405940814619444,0.00016541256587890966,6399,0.16577989773359317
180,0.14458194397935556,0.16046222472665148,0.0019710792923923167,0.0001,5.126760518878855e-06,0.005201983034032546,0.00016012750744912155,6689,0.14458194397935556
181,0.1728738960709694,0.1610661720289629,0.0019772588997559034,0.0001,5.15583273167322e-06,0.005215131647463786,0.00015736255940559945,6432,0.1728738960709694
182,0.17386994082719792,0.1620161493542201,0.0025920418069305885,0.0001,7.493813782060444e-06,0.00578217045884331,0.00015787226091120232,6339,0.17386994082719792
183,0.15281085324304913,0.1626954138537624,0.002301790551399695,0.0001,6.188902424161166e-06,0.005377467919831157,0.00012548402130844766,6622,0.15281085324304913
184,0.16099401755612933,0.16340600381111814,0.0022766715015932297,0.0001,6.30538991482506e-06,0.005539130182296836,0.00014804200126726638,6555,0.16099401755612933
185,0.14424286188321062,0.16406062990628187,0.0023103741408003523,0.0001,6.2113001007041665e-06,0.005376878135030084,0.00015877906919966865,6634,0.14424286188321062
186,0.1507071542964996,0.16472107322832685,0.0021883327713583256,0.0001,5.532068318186483e-06,0.0050559662502816325,0.0001415427067011843,6578,0.1507071542964996
187,0.17611716145815992,0.16543714646607433,0.0020318909510663413,0.0001,5.314816011333181e-06,0.005231398868668569,0.00018233732368105196,6347,0.17611716145815992
188,0.16199495324866864,0.16623710259094615,0.0024274730764247067,0.0001,6.7204672315485645e-06,0.005537006607254961,0.0001588217022240112,6455,0.16199495324866864
189,0.18274020380144954,0.16697454641587814,0.002399973540029576,0.0001,6.563228514482324e-06,0.005469417395661321,0.00015792275558690634,6313,0.18274020380144954
190,0.17137551026287437,0.16776451990260266,0.002437739235293615,0.0001,6.829064456746121e-06,0.005602785037771761,0.0001639412076353127,6412,0.17137551026287437
191,0.1669249732101743,0.1684437813296559,0.002342735386279219,0.0001,6.347057133881315e-06,0.005418501100085265,0.00015677337501103145,6425,0.1669249732101743
192,0.17822661756186292,0.16917851290387076,0.002279385399464997,0.0001,5.913286094643646e-06,0.005188491683794741,0.00016103948019887621,6380,0.17822661756186292
193,0.16182888241722337,0.16970008649008406,0.0019220799454115792,0.0001,5.036163487012191e-06,0.005240326760637197,0.00017164262458834958,6510,0.16182888241722337
194,0.180672598831549,0.17058147471657292,0.002367368092234906,0.0001,6.18930536072824e-06,0.005228849185751463,0.00015808097906618956,6326,0.180672598831549
195,0.15415575349286514,0.1713043276515659,0.002310314338984236,0.0001,6.098968950708317e-06,0.005279774139643542,0.00016389125520217202,6596,0.15415575349286514
196,0.18350647948195456,0.17210737392769826,0.002427161487572586,0.0001,6.601365654553041e-06,0.005439576796478501,0.00015425467337052675,6267,0.18350647948195456
197,0.1718320028880923,0.17270277741424356,0.002121852265853864,0.0001,5.903950243237623e-06,0.00556490226793597,0.00015654519674629643,6431,0.1718320028880923
198,0.175943146840676,0.1735370707041784,0.002428173523119308,0.0001,6.520500981369435e-06,0.005370704292165245,0.00016533936783081623,6349,0.175943146840676
199,0.17346881519360807,0.1743619049653378,0.002484368557579176,0.0001,6.985534727752059e-06,0.005623589709699853,0.00016601538202303556,6378,0.17346881519360807
200,0.18248070788329174,0.17508829118295613,0.0021676227716159314,0.0001,5.928937315462653e-06,0.005470451217895921,0.0001868032230056084,6302,0.18248070788329174
201,0.16019468437303896,0.1756440300513108,0.002103922452782629,0.0001,5.406828823293921e-06,0.005139760561177432,0.000154989216081516,6534,0.16019468437303896
202,0.1898004273032553,0.17633136704890462,0.002437943273340114,0.0001,6.923566650519821e-06,0.005679842288564951,0.00019631601663642074,6225,0.1898004273032553
203,0.17623940040514197,0.1770399296710416,0.0023503850487909335,0.0001,6.266350561947981e-06,0.005332190625677668,0.00018463450194415912,6356,0.17623940040514197
204,0.17370810627747854,0.17788568099541785,0.0025094546251078795,0.0001,7.025991278967033e-06,0.005599616114728507,0.0001655106524426503,6390,0.17370810627747854
205,0.1719951950180983,0.1784953025809089,0.002127503447548566,0.0001,5.850634044735819e-06,0.00549999959010855,0.00019693859674897482,6431,0.1719951950180983
206,0.1789387189630348,0.1792490934454402,0.0021541048137608573,0.0001,5.654304663035762e-06,0.0052497952995740225,0.00018534725608877514,6371,0.1789387189630348
207,0.21202577695430053,0.17992967801676996,0.0021530687178575717,0.0001,5.914720931802373e-06,0.0054942240187186055,0.00018193752213545235,6015,0.21202577695430053
208,0.1732726631385326,0.18061489391145882,0.0022197638930557583,0.0001,5.591706257438206e-06,0.005038109030362308,0.0001862329548760731,6393,0.1732726631385326
209,0.18394575310748734,0.1813355252050715,0.0023423756904135777,0.0001,6.084760385971726e-06,0.005195375285761593,0.00017151519115196637,6235,0.18394575310748734
210,0.17510305141119026,0.18202031501555804,0.002454036961130449,0.0001,6.884153357459876e-06,0.005610472430935759,0.00015710012123332708,6427,0.17510305141119026
211,0.18787698378641332,0.18262484315878702,0.0021744947762075487,0.0001,6.013285134338112e-06,0.005530742313233465,0.0001673626897231912,6275,0.18787698378641332
212,0.19879914751722755,0.18332376092162522,0.0022148373206541502,0.0001,5.918414578458206e-06,0.005344333439992972,0.00017486630831058385,6092,0.19879914751722755
213,0.1782373836377696,0.18395808248405515,0.0021114278807660785,0.0001,5.526088767066862e-06,0.0052344565660105416,0.00019234619919678798,6379,0.1782373836377696
214,0.17493579462514375,0.18470121417565483,0.0024018993934050545,0.0001,6.535601724400078e-06,0.0054420278737277806,0.00017324549395693567,6397,0.17493579462514375
215,0.17745486824743975,0.1853049794778402,0.0021048227442954275,0.0001,5.309887521681753e-06,0.005045448635589685,0.00016215263139761902,6368,0.17745486824743975
216,0.18580701299158908,0.18611147133294265,0.002436557462240503,0.0001,6.480736495355366e-06,0.005319584369166565,0.00016784132040438378,6280,0.18580701299158908
217,0.2020229134397818,0.1868101017071715,0.0021743264471731473,0.0001,5.851982466754118e-06,0.00538280024543905,0.0001896184505792006,6142,0.2020229134397818
218,0.20814600311420445,0.18747707180339365,0.002231264157871396,0.0001,6.240641668341288e-06,0.005593816981575862,0.0001845130432166806,6031,0.20814600311420445
219,0.17622062164924437,0.18820493915636854,0.0022190422150336554,0.0001,5.39207007633631e-06,0.004859817483242002,0.00017083000080130966,6368,0.17622062164924437
220,0.20445083405848857,0.18905287596231907,0.002613055634341022,0.0001,7.497550096307084e-06,0.005738530781950126,0.00019149199355064645,6096,0.20445083405848857
221,0.17890427865854647,0.18968956736773918,0.0021295962525368288,0.0001,5.118044295352003e-06,0.004806586496623723,0.0002035751836818382,6369,0.17890427865854647
222,0.18868830416218546,0.19026126715807717,0.0020051622446610106,0.0001,5.088002729412568e-06,0.0050749037819358455,0.00021336692573517888,6232,0.18868830416218546
223,0.18596857805879752,0.19100871174896397,0.0023781967374014007,0.0001,6.103038512456575e-06,0.00513249254485583,0.00018716505745393472,6320,0.18596857805879752
224,0.19020200451027713,0.1916165661121351,0.00216600286663358,0.0001,5.791116387158574e-06,0.005347284139248787,0.00019162223317706044,6185,0.19020200451027713
225,0.17670068549233844,0.19235918137048577,0.002271508745174239,0.0001,5.6793800351009815e-06,0.005000535478603528,0.00016387195029062248,6401,0.17670068549233844
226,0.1874642565119377,0.19288735955627062,0.002027316638311942,0.0001,5.202780894930671e-06,0.005132677152260536,0.0001842943752360471,6324,0.1874642565119377
227,0.1936519478774693,0.19363072242648827,0.0024741079840486448,0.0001,6.864998194190972e-06,0.0055494733766284915,0.00017443207692094113,6187,0.1936519478774693
228,0.17293757077398156,0.19425165741023148,0.0022116787549526762,0.0001,5.560714441418882e-06,0.005028501023457059,0.00019073515394983493,6406,0.17293757077398156
229,0.20576202044658484,0.19499383849278684,0.00230932125227953,0.0001,6.6015615986953584e-06,0.005717317668279335,0.00019056011059614156,6060,0.20576202044658484
230,0.1998442307920998,0.19569909092477203,0.0022470335580010363,0.0001,6.2056123484816626e-06,0.005523381995240144,0.00019358234492258307,6123,0.1998442307920998
231,0.18734860694343738,0.19636885353869893,0.0024324404070267913,0.0001,6.638570654916934e-06,0.0054583624213276095,0.00019606405500870608,6260,0.18734860694343738
232,0.19565322919389608,0.1969622694407892,0.0023825516618054573,0.0001,6.4497987487974305e-06,0.005414194245769161,0.00020626330602847135,6165,0.19565322919389608
233,0.19058845188473633,0.19769290979963144,0.002400908831981282,0.0001,6.414279132685606e-06,0.005343209244136442,0.00019375687795143774,6225,0.19058845188473633
234,0.19338352004377335,0.19832693259257456,0.002246625205954716,0.0001,6.128751006744797e-06,0.00545596211642284,0.00016481349320078515,6222,0.19338352004377335
235,0.20256640588786348,0.19881373919354434,0.002015115549231469,0.0001,5.1526715572298245e-06,0.005114020939588269,0.00019159783668854232,6089,0.20256640588786348
236,0.20155530815791672,0.19951407147498185,0.0024652031522741243,0.0001,6.859915327371776e-06,0.005565395550499417,0.00018984013140888162,6147,0.20155530815791672
237,0.1810585894344668,0.20015898368291027,0.002180780471953918,0.0001,5.6411596563787724e-06,0.005173523634246825,0.00016944636295151692,6270,0.1810585894344668
238,0.1926488645250034,0.2007518761546473,0.002170597870583194,0.0001,5.582816769541344e-06,0.0051440359775542935,0.00018653493983134304,6225,0.1926488645250034
239,0.1852511510918474,0.20130573484896747,0.002187331858169103,0.0001,5.3823956778894725e-06,0.004921425761516394,0.00021252686782470697,6291,0.1852511510918474
240,0.20260503194960652,0.2019714577185029,0.002352984793971394,0.0001,6.051354657654157e-06,0.005143556110654342,0.00020109263343063967,6100,0.20260503194960652
241,0.18315996478319593,0.20257580194827127,0.0021568509750799075,0.0001,5.106739995200043e-06,0.004735366563757003,0.00017375347233551127,6284,0.18315996478319593
242,0.2027037567742659,0.20312669721250592,0.0019477485078908698,0.0001,4.744785610386139e-06,0.004872072129603689,0.0001955157113064841,6140,0.2027037567742659
243,0.20928274616692244,0.2037881661950392,0.002205865640145893,0.0001,5.983741089821497e-06,0.00542529969270997,0.00021842538557055596,6074,0.20928274616692244
244,0.19860269213445245,0.2044493579243855,0.0021889421849529047,0.0001,5.723962376932649e-06,0.005229889045293173,0.00020503116200099709,6128,0.19860269213445245
245,0.2084944652399487,0.20512955647132985,0.0022124518697721756,0.0001,5.8642589611176914e-06,0.005301140369414277,0.00019924277975348707,6078,0.2084944652399487
246,0.1894412306193906,0.20576685091154656,0.0021652456189592663,0.0001,5.670568877057754e-06,0.005237806581761689,0.0002053718209901421,6180,0.1894412306193906
247,0.19031246126382897,0.20621198418229522,0.00212768430949959,0.0001,5.77139922303631e-06,0.005425052200900692,0.00019929030349351458,6217,0.19031246126382897
248,0.21990650742435228,0.2069481890419792,0.0024710275716507317,0.0001,6.78666965263888e-06,0.005492993870647221,0.00022794367208880896,5961,0.21990650742435228
249,0.2111186673112077,0.2076073185859732,0.0022532187541784545,0.0001,5.485793688178311e-06,0.004869295249744612,0.00020645701116791873,6021,0.2111186673112077
250,0.20831816345996784,0.20817785363678243,0.0024270446921591357,0.0001,6.572839421687395e-06,0.0054163315928394355,0.0002116189142054232,6081,0.20831816345996784
251,0.21086366152901806,0.20880414290084798,0.002236361518683284,0.0001,5.931764928724148e-06,0.005304835447371342,0.0002035448456478513,5991,0.21086366152901806
252,0.19240913186047798,0.20957887818611898,0.002447815713790599,0.0001,6.241587359025603e-06,0.005099719986158684,0.00021656456376930233,6177,0.19240913186047798
253,0.21748755907454784,0.21036534377275862,0.002613087189435922,0.0001,7.457175868316365e-06,0.005707559930234184,0.0002155037324615977,5947,0.21748755907454784
254,0.20899882254609015,0.21118984925764356,0.002550904272798333,0.0001,6.8169192881472435e-06,0.0053447080400779645,0.00021961371240305401,6076,0.20899882254609015
255,0.2281030676488545,0.21174594558410237,0.0021550773264476806,0.0001,5.62646757638892e-06,0.005221592290299209,0.00019535529607689415,5895,0.2281030676488545
256,0.2227835753891229,0.21224712892130146,0.0020848026760149877,0.0001,5.163553282633074e-06,0.004953517512269303,0.0002257829218252289,5947,0.2227835753891229
257,0.2242922873569116,0.21290622025823505,0.0021682848122564886,0.0001,5.480125112617692e-06,0.005054801916833647,0.0002211532814495677,5931,0.2242922873569116
258,0.2340385368083514,0.2135629034185471,0.002425229358780188,0.0001,6.466433235768885e-06,0.005332636447235895,0.00020229364088394442,5774,0.2340385368083514
259,0.2194001417358845,0.21418313432543332,0.0023052248352471807,0.0001,5.853839070647394e-06,0.005078757595477414,0.00020964213503206033,5947,0.2194001417358845
260,0.216494034458779,0.2148726564360755,0.0024758675245740228,0.0001,6.602828492781231e-06,0.005333749424995799,0.00018896168014168727,5981,0.216494034458779
261,0.20649969465903514,0.21545920061008172,0.0022995390677255224,0.0001,5.886330113410181e-06,0.00511957391463878,0.00018843386264530393,6057,0.20649969465903514
262,0.22365372538061531,0.21612330995686552,0.0024516879185934324,0.0001,7.102084869152165e-06,0.005793628801847447,0.0002204278779929093,5978,0.22365372538061531
263,0.21795676071878178,0.21675224390090964,0.002341976930927098,0.0001,5.994554510102049e-06,0.005119225924850623,0.0002088275185362109,5981,0.21795676071878178
264,0.2184434334358307,0.21718536299854102,0.0019073987604526779,0.0001,4.380023275733731e-06,0.004592666585034616,0.00021901852854386126,5981,0.2184434334358307
265,0.20669689604455804,0.21782542535210067,0.0023383466794545385,0.0001,6.0641957516039724e-06,0.005186737967373217,0.00021164523955929829,6087,0.20669689604455804
266,0.2020263122303037,0.21841400868778116,0.002287582665565866,0.0001,6.1727629168872875e-06,0.005396756156447238,0.00021064059806316516,6074,0.2020263122303037
267,0.22342704625859677,0.21882569416435377,0.0021235026023445317,0.0001,5.499253605310134e-06,0.005179417815865617,0.0002293424359091465,5896,0.22342704625859677
268,0.21837485264032563,0.21950515281948946,0.0023226212886969366,0.0001,5.745427041227517e-06,0.004947364487863522,0.00021510996462728344,5923,0.21837485264032563
269,0.22048593095268007,0.2201275082162089,0.00239084783864671,0.0001,6.234909968273834e-06,0.00521564766062484,0.00020350495464367322,5924,0.22048593095268007
270,0.21859283052764644,0.22079596685209668,0.0023283970693446674,0.0001,5.796901443344975e-06,0.004979306596513218,0.00022016021676851617,5924,0.21859283052764644
271,0.20586146445798525,0.2213833858082809,0.0020805140290428075,0.0001,5.10704135354387e-06,0.004909403428433974,0.00020719586790783135,6120,0.20586146445798525
272,0.21598709862727827,0.22201930543957793,0.002254289734864184,0.0001,5.447848440289831e-06,0.004833316992075159,0.00020509655710741168,5986,0.21598709862727827
273,0.22517744266821318,0.2226136258950458,0.0021880350338588724,0.0001,5.640722789832826e-06,0.005155971181946486,0.00022116029758056116,5863,0.22517744266821318
274,0.21570311059687697,0.22315372817470686,0.0022107081938927673,0.0001,5.387713028839654e-06,0.004874196462222903,0.00022210199023448886,5972,0.21570311059687697
275,0.21922507737176075,0.22377225647746368,0.0024035423994573707,0.0001,6.279612989779737e-06,0.0052252982857281275,0.0002077183603490104,5884,0.21922507737176075
276,0.2105741648767448,0.22423074052806918,0.002089555204563268,0.0001,5.275255535818403e-06,0.005049165989295764,0.00021095257535076913,6088,0.2105741648767448
277,0.24287900904644383,0.22486471374335149,0.0024589489069427274,0.0001,6.524612749012201e-06,0.005306830679230676,0.0002266370449906897,5776,0.24287900904644383
278,0.23220616952889933,0.2253752844511851,0.002252732528056481,0.0001,5.6726660163800835e-06,0.005036253479479087,0.00023027960139570936,5770,0.23220616952889933
279,0.22739490832198472,0.2258855362515416,0.0022369586877074247,0.0001,5.796541617310421e-06,0.005182520043095726,0.00022484423779838074,5879,0.22739490832198472
280,0.21332518041392942,0.22627630871269805,0.0020917243780929355,0.0001,5.033499718526154e-06,0.004812775307533863,0.00021629261926727465,6049,0.21332518041392942
281,0.22026393533969307,0.22672271159771573,0.0020373926835984225,0.0001,4.911004287868333e-06,0.004820871624211948,0.00023166342035329873,5912,0.22026393533969307
282,0.22983354060542216,0.2272179025419445,0.002328189199863665,0.0001,6.077962504891554e-06,0.005221192938484097,0.00021978172000379576,5837,0.22983354060542216
283,0.22398638435644527,0.2275623997219865,0.0019949358667227892,0.0001,4.886952949046075e-06,0.004899358451130752,0.00022725571011883623,5956,0.22398638435644527
284,0.22345280358523764,0.22811408782927167,0.002309590158492087,0.0001,5.757525150789307e-06,0.004985754835869537,0.00021640787572245205,5914,0.22345280358523764
285,0.21351527259056213,0.2285979682853509,0.002248179649674204,0.0001,5.685941226548856e-06,0.00505826233893082,0.0002111708460138356,6016,0.21351527259056213
286,0.22743895299473152,0.22922002753190074,0.002380015302386477,0.0001,6.068763888104022e-06,0.005099768797300405,0.00021306477596262811,5851,0.22743895299473152
287,0.24025370855788503,0.2297843576237931,0.002242532088666014,0.0001,5.496031392097069e-06,0.0049016300991852665,0.0002357951502298663,5720,0.24025370855788503
288,0.2401375836850027,0.2303906481621567,0.0023637407996748346,0.0001,5.971904816373816e-06,0.005052926968299853,0.0002195145576590781,5745,0.2401375836850027
289,0.23396525175733496,0.2309866535747129,0.002264228636501415,0.0001,5.446842457460923e-06,0.004811212409959748,0.00022481295933046084,5845,0.23396525175733496
290,0.22394457930163186,0.23148463184770252,0.002172458096360708,0.0001,5.187091508804834e-06,0.004775320193742034,0.00022431582684749826,5921,0.22394457930163186
291,0.23333918921504831,0.23208157929050038,0.0022982025363014395,0.0001,5.570472255562784e-06,0.004847677406646237,0.00024723285073211947,5805,0.23333918921504831
292,0.21554796329387216,0.23258362274068614,0.002038482864447785,0.0001,4.968088848155072e-06,0.004874300328740712,0.00022483583069652396,5935,0.21554796329387216
293,0.22783652640123253,0.23325159769546927,0.002376579791788909,0.0001,5.908022372816442e-06,0.004971869569226061,0.0002075928227869127,5847,0.22783652640123253
294,0.23447454711028937,0.23375270118503727,0.0019224455244199591,0.0001,4.47179143676988e-06,0.004652190535405793,0.00021350515496018106,5772,0.23447454711028937
295,0.22186535882856007,0.2343864673736688,0.002274029279192614,0.0001,5.817338246647518e-06,0.005116326601311787,0.00023547481532756623,5973,0.22186535882856007
296,0.22506821803297478,0.23492703526823522,0.002369281350968513,0.0001,6.067269208618265e-06,0.005121611417013087,0.00024053420808798303,5864,0.22506821803297478
297,0.22718243842963504,0.2354830721768122,0.002203035530018438,0.0001,5.210184119001589e-06,0.004730004621358044,0.00018582457570085818,5893,0.22718243842963504
298,0.23419834127413064,0.23600329222641975,0.002069884570890151,0.0001,4.829052900985071e-06,0.004666011785293268,0.00021584636271688111,5757,0.23419834127413064
299,0.22814398257554075,0.23650065478075044,0.002023754190265217,0.0001,4.831634127782096e-06,0.004774921925818373,0.00021094328005296194,5834,0.22814398257554075
300,0.23515524471262633,0.23702826842334018,0.0021740390783678105,0.0001,5.302649821528317e-06,0.0048781550196506625,0.00021747410704809486,5820,0.23515524471262633
301,0.23613073058295594,0.23748277707126803,0.002087566628078086,0.0001,5.109310202248393e-06,0.004894991262580462,0.0001965068499960076,5762,0.23613073058295594
302,0.23402473471667734,0.23793571879441228,0.002264362805813355,0.0001,5.566032251594882e-06,0.004916201800616994,0.00019908297776110703,5835,0.23402473471667734
303,0.2279932831005133,0.2384764163469012,0.002287702316926492,0.0001,6.136060561499308e-06,0.005364387242255409,0.00021787450627650876,5824,0.2279932831005133
304,0.23509932920899837,0.23884650087033105,0.0022704362675767943,0.0001,5.791134495695019e-06,0.005101340723275019,0.00024426146790635733,5781,0.23509932920899837
305,0.23328609259973587,0.23927993954514853,0.002043812289560721,0.0001,5.217753640083629e-06,0.0051059029899512805,0.0002414126110297083,5804,0.23328609259973587
306,0.22836461952246473,0.23984198393780057,0.0021474998065804073,0.0001,5.332160822958801e-06,0.004965924380174469,0.0002255119360071029,5810,0.22836461952246473
307,0.25758487729856117,0.24035951710430756,0.0020354852366588363,0.0001,4.709839014327647e-06,0.004627730950344448,0.00023089372983439856,5507,0.25758487729856117
308,0.24806971214931064,0.24097447322263005,0.0023993148529260736,0.0001,6.091554882923764e-06,0.005077745320081552,0.00023438546362914876,5681,0.24806971214931064
309,0.23610772577862946,0.2415110505320585,0.002249390313968995,0.0001,5.375766504326305e-06,0.004779754292478388,0.0002448732900638392,5783,0.23610772577862946
310,0.2505416571887408,0.2419856524006104,0.002255471447105947,0.0001,5.7590032156555355e-06,0.00510669574030304,0.00023116400352621067,5676,0.2505416571887408
311,0.23657824803941552,0.24265365493690777,0.002381264180233951,0.0001,5.803887874483253e-06,0.0048746274543238965,0.00023082745116249106,5793,0.23657824803941552
312,0.2372425448803988,0.2432393017086777,0.0022698075017132,0.0001,5.986535221834912e-06,0.005274927690842865,0.00022258020074071105,5728,0.2372425448803988
313,0.2429870161065617,0.24376489665340106,0.002018319136526696,0.0001,4.494686407440895e-06,0.004453890691613571,0.00022511861685511238,5723,0.2429870161065617
314,0.24589265279184008,0.244255833770132,0.0022556846020416552,0.0001,5.504840644281452e-06,0.004880860240211717,0.0002220463946723647,5623,0.24589265279184008
315,0.24113318011862686,0.2449029411866617,0.0023663539728348585,0.0001,6.288522889957055e-06,0.005314946928606367,0.0002390483318091996,5746,0.24113318011862686
316,0.21694819031492035,0.24521034777892278,0.0019284533089447072,0.0001,4.502174662341439e-06,0.004669207848029391,0.00021765349980039424,5909,0.21694819031492035
317,0.24987162963683243,0.24580008333329895,0.0023322061038372815,0.0001,5.811223543478647e-06,0.0049834562510724795,0.000242186890081427,5628,0.24987162963683243
318,0.25355306837134073,0.24614793802167206,0.001991607399465763,0.0001,4.743127750193007e-06,0.00476311521182872,0.0002275487194019464,5593,0.25355306837134073
319,0.24945634218108498,0.24678931884038768,0.0024714813410076915,0.0001,6.669131697439289e-06,0.005396869955506198,0.00023529824291821988,5666,0.24945634218108498
320,0.2505199818074504,0.2471710529824919,0.002181188749847264,0.0001,5.393015413041296e-06,0.004945024050228517,0.00021733927928808632,5627,0.2505199818074504
321,0.2427979912257675,0.24768650993538932,0.0022090371951011063,0.0001,5.229355859506675e-06,0.004734511370929931,0.00023611166080799887,5769,0.2427979912257675
322,0.23314658647186576,0.24832275420414696,0.002381683752383866,0.0001,5.697043437554966e-06,0.004784046943136512,0.00022474601708197581,5811,0.23314658647186576
323,0.2438348799549421,0.24882752832645982,0.0023646621881467096,0.0001,5.934643363118295e-06,0.005019442855615276,0.00023982173211905451,5753,0.2438348799549421
324,0.21668759529793086,0.2493700169077532,0.0023574638308134937,0.0001,6.008687352475807e-06,0.005097586036263708,0.00021454047031740805,5966,0.21668759529793086
325,0.2491004210539787,0.250005967358758,0.002336219706707523,0.0001,5.493126268780892e-06,0.0047025767764988635,0.00023268230338370206,5652,0.2491004210539787
326,0.2514296434363485,0.25061950965453506,0.002379416482213911,0.0001,5.935015746039273e-06,0.004988631280318847,0.00022245909172652898,5607,0.2514296434363485
327,0.267387845242962,0.2511293056417724,0.0020706338940979915,0.0001,4.932382112458867e-06,0.004764127667877772,0.00023760906050823968,5517,0.267387845242962
328,0.26893641081191805,0.25157193310305437,0.002031130212644809,0.0001,4.758984067410596e-06,0.004686045274481688,0.00024173825193486348,5438,0.26893641081191805
329,0.26855950219231384,0.2520179596683466,0.0023165192877070847,0.0001,5.726422749036847e-06,0.004943988836548752,0.00022544504005239666,5491,0.26855950219231384
330,0.2471645903913049,0.2524371492031897,0.0020672706860458234,0.0001,4.612922118484789e-06,0.004462813843994629,0.00024473284206158474,5685,0.2471645903913049
331,0.2540603779161721,0.2530790187821559,0.0023268567855410957,0.0001,5.517102946397745e-06,0.004742107877614633,0.00022997102458238882,5552,0.2540603779161721
332,0.27455582971860004,0.25345117846117565,0.0018792508591222057,0.0001,4.253573742394407e-06,0.004526882317756388,0.00024688530562021584,5375,0.27455582971860004
333,0.25573322489396083,0.2539217461169774,0.0019788522371164017,0.0001,4.499597642058064e-06,0.004547684316859263,0.0002368251638775023,5588,0.25573322489396083
334,0.24359259012694637,0.2544687057949927,0.002370880687936228,0.0001,6.171200642992246e-06,0.005205829778270343,0.00023399818011616156,5678,0.24359259012694637
335,0.265354739418718,0.25487253554346134,0.0020166959334793526,0.0001,4.7022651223795844e-06,0.00466333575063732,0.00024377254446780576,5500,0.265354739418718
336,0.25392150886870496,0.25536441937073906,0.0021004095965185777,0.0001,5.207568574402487e-06,0.004958621959292145,0.0002518345323868672,5604,0.25392150886870496
337,0.28112423849659135,0.2558991128409743,0.0020662609070238687,0.0001,4.636533675815061e-06,0.004487849196637297,0.0002558865095276979,5327,0.28112423849659135
338,0.26185468337869466,0.2563477494451207,0.0021844029692217617,0.0001,5.2547601628934455e-06,0.004811163724764173,0.00023070393950720407,5482,0.26185468337869466
339,0.2483280335649101,0.25684416885532535,0.002257583298859336,0.0001,5.681324515624816e-06,0.0050331028923675655,0.0002177595880230645,5694,0.2483280335649101
340,0.2483519782918147,0.2572264392133166,0.002089440921932562,0.0001,5.167152519211272e-06,0.004945966612381725,0.0002406625360156764,5588,0.2483519782918147
341,0.25118351813218154,0.2578440073150251,0.002302282050950602,0.0001,5.2755355992454615e-06,0.004582875149521507,0.00024163252810629682,5617,0.25118351813218154
342,0.2698889250182075,0.258258943904777,0.0020476185906746604,0.0001,4.87033348426254e-06,0.00475707097644375,0.00022664882842731088,5463,0.2698889250182075
343,0.2679842644470718,0.2585524745456411,0.0019982394261701063,0.0001,4.8854209675891345e-06,0.004889725328813773,0.00022066711029854763,5448,0.2679842644470718
344,0.2559816306023885,0.2590640316400352,0.002058231024249721,0.0001,4.3082979710176855e-06,0.004186408542343465,0.00023560284648039274,5614,0.2559816306023885
345,0.2681748161480569,0.2595879952673405,0.0022828450522278413,0.0001,5.3983393571470364e-06,0.004729483809581178,0.0002481684055114679,5440,0.2681748161480569
346,0.27246757423479256,0.25987419977119824,0.0018791107556734323,0.0001,4.2926017542642374e-06,0.004568758644272527,0.0002197900116724272,5386,0.27246757423479256
347,0.28349901339944705,0.26029137197207763,0.0019764515692442856,0.0001,4.3773996367926955e-06,0.004429554161518295,0.00024121863723142243,5326,0.28349901339944705
348,0.26092162826050824,0.26088544384308643,0.0023601217124247877,0.0001,5.673781982387494e-06,0.004808041850145307,0.00026787761688451447,5536,0.26092162826050824
349,0.2697177388305519,0.26135886169456457,0.0020621110458355105,0.0001,4.433043149821319e-06,0.004299519328771329,0.00023132713255975373,5482,0.2697177388305519
350,0.2733105251161322,0.26176571553211736,0.0023551695174424594,0.0001,5.96105399970149e-06,0.005062101861928609,0.0002487811427735297,5415,0.2733105251161322
351,0.2580224935344936,0.2622379437856232,0.002310671510350227,0.0001,5.678826700818156e-06,0.004915304209517362,0.0002473869112869952,5568,0.2580224935344936
352,0.26397451501612856,0.2626315550441476,0.001993221310749728,0.0001,4.495600645371368e-06,0.004510889604808006,0.00023207977852009962,5455,0.26397451501612856
353,0.24418077501457605,0.26318670949586753,0.00213303714494874,0.0001,4.893352532013452e-06,0.004588155010428614,0.00023228715848728037,5670,0.24418077501457605
354,0.2665588726937316,0.2635069784529612,0.0018581459162601843,0.0001,4.2188008482660995e-06,0.0045408714260256906,0.0002456211563806824,5494,0.2665588726937316
355,0.24959240213688266,0.26399707113246595,0.0022766627028192907,0.0001,5.560458111472879e-06,0.004884744766615731,0.0002319051716160674,5666,0.24959240213688266
356,0.25791269036541525,0.26429360229634036,0.002112483896255911,0.0001,5.015775918791788e-06,0.004748699791446046,0.00024802418790758257,5511,0.25791269036541525
357,0.25978266041569564,0.2644970546898915,0.001678268437473739,0.0001,3.881150008397494e-06,0.004625183816529023,0.00024321984031052657,5585,0.25978266041569564
358,0.2599687503408481,0.26498141814857523,0.0021544326330127173,0.0001,5.1719805365086775e-06,0.00480124600533578,0.00024131041262983056,5543,0.2599687503408481
359,0.270832156267983,0.26545152211531403,0.002075263831528102,0.0001,4.5775185572626e-06,0.004411505166446219,0.0002492579090026376,5391,0.270832156267983
360,0.25730077590617784,0.2658570093104208,0.002170112612812126,0.0001,5.214071393663556e-06,0.00480534637961201,0.00027464418768957243,5556,0.25730077590617784
361,0.27793902489643707,0.26628867094325326,0.002394860783482175,0.0001,6.095643158547426e-06,0.00509060334578968,0.0002461428441181633,5381,0.27793902489643707
362,0.2511726392475321,0.2665639511828374,0.0019691223489652393,0.0001,4.7953067106111475e-06,0.0048705015339763425,0.0002239739502527685,5572,0.2511726392475321
363,0.2502325212475301,0.26706497376689947,0.002246568535325628,0.0001,5.357105064299037e-06,0.0047691445687612225,0.00026430040869294735,5618,0.2502325212475301
364,0.2775697655284798,0.26754337421187113,0.0023484089357093045,0.0001,6.052739541231188e-06,0.005154757716337033,0.00024409249023430243,5349,0.2775697655284798
365,0.26809513963816584,0.26806494679534,0.002306590107702202,0.0001,5.420542126753509e-06,0.0047000480134317315,0.00024272085905450522,5436,0.26809513963816584
366,0.2662217941429851,0.2682098479132683,0.001696963009245475,0.0001,3.740279582820566e-06,0.004408204023826796,0.00025110367355673006,5456,0.2662217941429851
367,0.27228307301615656,0.26860780972105225,0.002055241635496897,0.0001,4.881569345999238e-06,0.004750360504271332,0.000251277761877132,5375,0.27228307301615656
368,0.25350541407074245,0.2690031833840122,0.0020484041763320486,0.0001,4.776376781163539e-06,0.004663510098594217,0.0002361182825735973,5638,0.25350541407074245
369,0.27469061377452286,0.26931381519836595,0.001991795376880104,0.0001,4.488084215315276e-06,0.004506571575987181,0.00026952810490411556,5386,0.27469061377452286
370,0.25676827048422635,0.2694880233362016,0.0017222773293654695,0.0001,3.843028655975045e-06,0.004462729190531601,0.00023719586397703525,5560,0.25676827048422635
371,0.27411632535956965,0.2699976809038451,0.0023100444726126953,0.0001,5.3714376251440426e-06,0.004650505813915231,0.0002564375560912418,5391,0.27411632535956965
372,0.25802274726450336,0.27050956710185853,0.0022426800058582726,0.0001,5.056289858754947e-06,0.004509149629503124,0.00023964091113222173,5555,0.25802274726450336
373,0.2729875144267371,0.2709195781316194,0.002242851300384474,0.0001,5.364184249299443e-06,0.004783361472407826,0.0002696914988408677,5435,0.2729875144267371
374,0.2630262432853738,0.27119239737078177,0.0019139976231327459,0.0001,4.199523597720607e-06,0.004388222374954692,0.0002317342032664555,5487,0.2630262432853738
375,0.2676606732661701,0.2716780012231968,0.002148331968049964,0.0001,4.738328741318776e-06,0.004411169979116166,0.00023938684619425493,5449,0.2676606732661701
376,0.2546594864108338,0.27210361534997707,0.0021622149367544695,0.0001,5.016272439751122e-06,0.004639938753989603,0.00024595898191809865,5605,0.2546594864108338
377,0.2653875584324106,0.2724842748723243,0.0020405003063990305,0.0001,4.440048356140034e-06,0.004351921283438179,0.00023948134376764897,5480,0.2653875584324106
378,0.2758601123768727,0.27301230857643805,0.0022468413312029694,0.0001,5.348758094174253e-06,0.004761135572764724,0.0002532925680553439,5363,0.2758601123768727
379,0.27854742904178104,0.2735422026641603,0.0024298221340462007,0.0001,5.9276161666916644e-06,0.004879053560040503,0.0002729422781445879,5359,0.27854742904178104
380,0.28530392123553777,0.2739921534561619,0.002077067646066066,0.0001,4.502180931040064e-06,0.0043351317320522754,0.0002543696112520161,5369,0.28530392123553777
381,0.28431237968036616,0.2742781331655299,0.0018977788328888678,0.0001,4.184811540300392e-06,0.004410220482784202,0.00026076270218645893,5283,0.28431237968036616
382,0.27422192412417523,0.2748294452040724,0.0021607228254747284,0.0001,4.764720636902962e-06,0.004410302497596946,0.00022090925800769828,5419,0.27422192412417523
383,0.2752464993516878,0.2752230951042617,0.0021941606284157466,0.0001,5.0528641043724325e-06,0.004605737646491961,0.00023588034469631996,5390,0.2752464993516878
384,0.27999672118968544,0.275689200088429,0.002143073997061821,0.0001,4.813044266886822e-06,0.004491720093179762,0.0002508195077069501,5272,0.27999672118968544
385,0.28131045687697054,0.2760572178854878,0.002036165701674044,0.0001,4.573071740200891e-06,0.004491846352623578,0.0002499173768214064,5307,0.28131045687697054
386,0.2730900501798375,0.27653815398970927,0.0023179888961884186,0.0001,5.557955342797588e-06,0.0047954978144518325,0.0002587517735242273,5386,0.2730900501798375
387,0.28232284000746494,0.27675998349880093,0.002123048005762862,0.0001,5.073892652010588e-06,0.004779819050947383,0.00023827758823100558,5353,0.28232284000746494
388,0.2795858460058936,0.27689581071554087,0.0018305095179425976,0.0001,4.206329662146206e-06,0.00459580201131531,0.00027480242226407195,5364,0.2795858460058936
389,0.2615909953023396,0.2773867460728588,0.0020450545131432594,0.0001,4.5180755771726e-06,0.004418538037138475,0.00025381684379122295,5539,0.2615909953023396
390,0.2810824868088498,0.27757433338631066,0.0020191893610545216,0.0001,4.843264494784798e-06,0.004797236542743472,0.0002724986901988401,5330,0.2810824868088498
391,0.2895519472955823,0.2778517581732158,0.0020540166241125755,0.0001,4.928755055363744e-06,0.004799138427122694,0.0002465650703966251,5228,0.2895519472955823
392,0.29015441066910463,0.27824755106506305,0.0021763485382639597,0.0001,5.246238801281563e-06,0.004821138442711394,0.0002569380417869081,5240,0.29015441066910463
393,0.27509653405580015,0.27869950541654553,0.002297993940284535,0.0001,5.4200066073172855e-06,0.004717163533204257,0.00024402795189107978,5442,0.27509653405580015
394,0.2864471845013744,0.27919021148180995,0.0019983390610050712,0.0001,4.171441030147269e-06,0.004174908164032213,0.00022149637703233489,5291,0.2864471845013744
395,0.2695343186049411,0.2795769779957983,0.0020612029363390096,0.0001,4.471485370621636e-06,0.004338714341794635,0.00024630425056250226,5474,0.2695343186049411
396,0.29491323164119837,0.27998745866411034,0.0022511145050280947,0.0001,5.204517447341047e-06,0.004623947325394798,0.00027776173387847536,5173,0.29491323164119837
397,0.307861246655648,0.2802244874058309,0.0017879436785330517,0.0001,3.7793087367113123e-06,0.004227547860805224,0.00027526729225017696,5033,0.307861246655648
398,0.30726544528863386,0.2806315808997051,0.002142224322629771,0.0001,4.726919863284263e-06,0.004413095130468454,0.0002791352620707397,5113,0.30726544528863386
399,0.28540518137215787,0.28090915410989964,0.0018083816854837086,0.0001,3.976394166459715e-06,0.004397737710328671,0.00023872252621878797,5262,0.28540518137215787
400,0.28471519701482456,0.2812859603492094,0.0020678883514208823,0.0001,4.503146154778741e-06,0.004355308788005456,0.00026487388382754235,5277,0.28471519701482456
401,0.28738684683873017,0.28153581229401786,0.0017922434575002339,0.0001,3.765829032754662e-06,0.0042023632637578434,0.0002545703557489964,5276,0.28738684683873017
402,0.28550228937938776,0.2819529534348947,0.0023077846394593017,0.0001,5.678453765269849e-06,0.004921129700040185,0.00027620873204830783,5301,0.28550228937938776
403,0.2988954017031181,0.28247274531064603,0.002375974740818074,0.0001,5.604857000577302e-06,0.0047179432544366936,0.000270567847699902,5174,0.2988954017031181
404,0.2889207118877246,0.28289307838740385,0.0022035707393119734,0.0001,4.9535264770660155e-06,0.0044959087436536455,0.00024309842639140135,5265,0.2889207118877246
405,0.28679254317989383,0.2832507312420869,0.001980407515738554,0.0001,4.20246318066916e-06,0.004244038812488483,0.00025304982481437444,5254,0.28679254317989383
406,0.28016563608503975,0.28363999481849944,0.002239173032533974,0.0001,5.127401334365723e-06,0.004579727658262539,0.0002594656053069437,5354,0.28016563608503975
407,0.2714731836800694,0.2839360607705204,0.00200207648321975,0.0001,4.483879401318997e-06,0.004479228879516131,0.0002453959288767677,5453,0.2714731836800694
408,0.29225900422645923,0.2842375435386719,0.0018493539234652884,0.0001,3.9477727560521116e-06,0.004269353427660661,0.00026010772285582065,5260,0.29225900422645923
409,0.28185529457472014,0.2844689090848417,0.001816908380630686,0.0001,3.8063469436546417e-06,0.004189916216175282,0.0002753931153497095,5299,0.28185529457472014
410,0.28147525804005974,0.2848944885928544,0.002222075683570626,0.0001,4.995117771567849e-06,0.00449590246497928,0.0002609501844158186,5358,0.28147525804005974
411,0.2959005676227837,0.2853642532848223,0.0020946303342623167,0.0001,4.2453407419932945e-06,0.00405354651133553,0.00027077485309788996,5216,0.2959005676227837
412,0.28972733149042235,0.2856578823504453,0.002023038194582949,0.0001,4.416789801289838e-06,0.004366491757908073,0.00027191010549381127,5210,0.28972733149042235
413,0.28587688948649725,0.2859360566501245,0.0018677862727401293,0.0001,4.212444444157424e-06,0.004510627908168072,0.00023007446466553154,5313,0.28587688948649725
414,0.2889005783269739,0.28621506560943466,0.0019819447675741976,0.0001,4.507580393011663e-06,0.004548643803559388,0.0002820582485739697,5220,0.2889005783269739
415,0.2738868712267005,0.2865802862368467,0.00206450131539719,0.0001,4.53141866968993e-06,0.004389843334944186,0.00025052235304100944,5329,0.2738868712267005
416,0.30521758864020254,0.2870545600025063,0.0021439228219926622,0.0001,4.489260133902956e-06,0.0041878934146803186,0.00027058452649051203,5074,0.30521758864020254
417,0.27027369803888446,0.2875441565413527,0.002354757952125923,0.0001,5.421600420909261e-06,0.004604804851398448,0.00024822249021942705,5357,0.27027369803888446
418,0.29566767236194386,0.2878152994418595,0.0020040829795175104,0.0001,4.3033737766686376e-06,0.004294606381722466,0.00026447635005819796,5188,0.29566767236194386
419,0.29678722865997836,0.2882239341709787,0.002074905633166878,0.0001,4.548718049441872e-06,0.004384505952204944,0.0002874345342813047,5239,0.29678722865997836
420,0.28149781407138885,0.28874946039758576,0.0023515697284231174,0.0001,5.440564145108873e-06,0.004627176544543403,0.00025865671510686436,5311,0.28149781407138885
421,0.2842954551561586,0.2891591705424099,0.0019239474890960643,0.0001,3.862239059497477e-06,0.004014911094389678,0.00024876529890455103,5286,0.2842954551561586
422,0.3087298730819337,0.28954560527264517,0.0021118880146011347,0.0001,4.712159083252784e-06,0.004462508476466498,0.00028389047933573025,5064,0.3087298730819337
423,0.2984797191396661,0.2896869744675698,0.00184496946490899,0.0001,4.3758018720562156e-06,0.00474349516919736,0.00025111056719423014,5193,0.2984797191396661
424,0.26390039565550194,0.2901065584610889,0.0022113505068298597,0.0001,5.008038408761706e-06,0.004529393593004949,0.0002493414703172142,5492,0.26390039565550194
425,0.2907789398827098,0.29049339410300123,0.0020442441027348343,0.0001,4.364733641202512e-06,0.004270266584468339,0.00028309740524554464,5255,0.2907789398827098
426,0.28739586544693296,0.29059489218440315,0.0015482346473398444,0.0001,3.2083719049093193e-06,0.004144555103997834,0.00023383802936375282,5263,0.28739586544693296
427,0.2894529073759975,0.29088841978430957,0.0021438811952701124,0.0001,4.954800652867154e-06,0.004622271666730944,0.0002708862294597228,5217,0.2894529073759975
428,0.2926940733456156,0.29120913545950533,0.002201749953288149,0.0001,5.140963131915312e-06,0.004669888262504712,0.000246770823428988,5202,0.2926940733456156
429,0.2793837416512812,0.29126901555263995,0.001659891647154821,0.0001,3.7056933693643495e-06,0.004464982248348784,0.00023985532404927618,5323,0.2793837416512812
430,0.2869742151007747,0.2915687166246665,0.0019354776561855127,0.0001,4.254694564792423e-06,0.004396531834087591,0.0002710793308734192,5265,0.2869742151007747
431,0.2856646685620575,0.29188302034482416,0.002079439605648587,0.0001,4.596430359859179e-06,0.004420835639922833,0.00023022512839270163,5327,0.2856646685620575
432,0.2844684821853077,0.2921403270429016,0.0017325791243859418,0.0001,3.432902434644374e-06,0.003962765551456195,0.0002473271500960826,5319,0.2844684821853077
433,0.3091534029616906,0.2924138009422397,0.0020373336885669145,0.0001,4.274280579502709e-06,0.0041959553346504475,0.00025993095815754843,5024,0.3091534029616906
434,0.2811650879470173,0.292741166598672,0.0018956455353266255,0.0001,3.861236803148116e-06,0.004073796214736752,0.00024204343952267173,5313,0.2811650879470173
435,0.29090296936921234,0.2931586853927657,0.002220142691188793,0.0001,4.956951401233835e-06,0.0044654349658756354,0.00026593902995664185,5288,0.29090296936921234
436,0.2891140327866428,0.2935928978400494,0.0023156010850880955,0.0001,5.302106833043378e-06,0.004579464802627402,0.00025698692669096296,5262,0.2891140327866428
437,0.29650008038870296,0.29401797655308715,0.0021223072578410115,0.0001,4.466520806724116e-06,0.004209117968401837,0.00024907013704297137,5168,0.29650008038870296
438,0.28887986821846273,0.29417815130735775,0.0018510693788861192,0.0001,3.993710045467934e-06,0.004315030102082019,0.00023905594910597915,5231,0.28887986821846273
439,0.28747354607830256,0.2944040508825463,0.0017971847604164545,0.0001,3.8143454872863763e-06,0.004244800614047599,0.00023610457707569035,5240,0.28747354607830256
440,0.3021185080551183,0.29457188410974944,0.0017541912418706706,0.0001,3.6750439175424127e-06,0.004190015124717352,0.0002517218353604093,5157,0.3021185080551183
441,0.27576104988238387,0.29482240700197393,0.0018054734055894717,0.0001,3.943540303460325e-06,0.0043684280158895975,0.00024802488547005845,5416,0.27576104988238387
442,0.3031664707190188,0.29531078531046917,0.0022709818839515283,0.0001,5.071919456999589e-06,0.004466719433423577,0.0002664624058797659,5121,0.3031664707190188
443,0.29526110309078457,0.29574168691671887,0.002138164249509404,0.0001,4.6636884125094435e-06,0.004362329426824448,0.00024001772879667175,5217,0.29526110309078457
444,0.2838748146435115,0.29601285106025116,0.001940428715714579,0.0001,4.3732483363084715e-06,0.004507507336797977,0.00026729128151704623,5254,0.2838748146435115
445,0.28852858082094174,0.29624878160907886,0.0019786449829469798,0.0001,4.436067474411559e-06,0.004483944833604775,0.000268071646849514,5268,0.28852858082094174
446,0.2943489621670294,0.29661767358070923,0.0020589601714029087,0.0001,4.165116505443237e-06,0.004045844658185168,0.00027984259701816064,5165,0.2943489621670294
447,0.30414921465832606,0.2970953967912532,0.002234933351309642,0.0001,4.647282449122842e-06,0.004158766028883675,0.00029352488812307555,5068,0.30414921465832606
448,0.3044497926580394,0.297471703106477,0.002044870072403874,0.0001,4.118596456517172e-06,0.004028223124880987,0.00025181293659110553,5108,0.3044497926580394
449,0.2884878588470857,0.2979234770078879,0.0024006160509916913,0.0001,5.733720224083568e-06,0.004776874020912236,0.00027354136893409213,5264,0.2884878588470857
450,0.30280696525873385,0.2982745079539022,0.002074271587046203,0.0001,4.4123134755659535e-06,0.00425432571426113,0.00028083895446842774,5149,0.30280696525873385
451,0.31349264029154345,0.2984373959580341,0.0018398832699908143,0.0001,3.961693776094825e-06,0.004306462089972268,0.00027030245352650453,5037,0.31349264029154345
452,0.3014624509198198,0.2986392320893584,0.0018703034539585938,0.0001,4.1084700493451784e-06,0.004393372680405833,0.00024933615627617566,5084,0.3014624509198198
453,0.31797582906792476,0.2989491707379342,0.0021553429076436492,0.0001,4.7769207930878546e-06,0.004432631834263692,0.0002724746355579224,4962,0.31797582906792476
454,0.3017455420718569,0.2992541345518375,0.002095761593249963,0.0001,4.4988628107328375e-06,0.004293296360829202,0.00023899774970197684,5168,0.3017455420718569
455,0.29528108956568444,0.29978064891589074,0.002278466360559768,0.0001,5.0590412248140256e-06,0.0044407425208341745,0.0002810284129498214,5192,0.29528108956568444
456,0.29690820059066503,0.30017188409905504,0.0020389515183648877,0.0001,4.202722966648734e-06,0.004122435407408859,0.00028279917049031585,5161,0.29690820059066503
457,0.3125851697640527,0.3003987302307569,0.0021103685201924035,0.0001,4.78725589717817e-06,0.004536890928169942,0.0002690724279775761,5003,0.3125851697640527
458,0.2960520506644253,0.30079579465610307,0.0020778344368789564,0.0001,4.515042444254131e-06,0.004345911651205494,0.0002614406146328789,5155,0.2960520506644253
459,0.30421649460981487,0.301056988885485,0.0019616660131687776,0.0001,4.429849006818157e-06,0.004516415105405634,0.0002670060408448626,5095,0.30421649460981487
460,0.29952880142164773,0.30117420584322496,0.0017512471262606595,0.0001,3.7429259166633816e-06,0.004274583364662466,0.0002642220452417351,5173,0.29952880142164773
461,0.3068955401033273,0.301345980943101,0.0018101734639123777,0.0001,3.886509323782425e-06,0.0042940739119911794,0.00023918059952953598,5050,0.3068955401033273
462,0.30777955313944483,0.30149685639971224,0.0018114392674950068,0.0001,3.8360151030760395e-06,0.004235322897003074,0.00027325598128454616,5055,0.30777955313944483
463,0.2950075883094448,0.3018445276396105,0.00208378073016012,0.0001,4.506005509831725e-06,0.004324836528731579,0.00024214460658798304,5190,0.2950075883094448
464,0.3024803671057788,0.3021459348194996,0.0022676160926902037,0.0001,5.217094268876246e-06,0.004601391113508024,0.00027123673658917795,5160,0.3024803671057788
465,0.3143753690299681,0.30243055557661264,0.001892532033277637,0.0001,3.6810534545202927e-06,0.003890083115946156,0.0002334700130801188,4977,0.3143753690299681
466,0.3000135116709855,0.3026721066450708,0.002080393708332107,0.0001,4.3894517422867e-06,0.004219827934209443,0.0002538706474637104,5140,0.3000135116709855
467,0.2984153450827366,0.3029582586311793,0.0020807378169194293,0.0001,4.380592992428368e-06,0.004210615058569864,0.00025978262599783144,5132,0.2984153450827366
468,0.3080778771152729,0.3030710939709582,0.001709018054792385,0.0001,3.4728970840270494e-06,0.004064201749406263,0.0002810416817734443,5050,0.3080778771152729
469,0.2981032263578773,0.30321473885767053,0.0016935094530476237,0.0001,3.400813731814741e-06,0.004016291406811658,0.0002399939706331679,5172,0.2981032263578773
470,0.3053814423292383,0.3035118735817556,0.002113190136130434,0.0001,4.483390736146525e-06,0.004243244050302337,0.0002979593703917275,5035,0.3053814423292383
471,0.2865761624440939,0.3037803936807124,0.001772281496813229,0.0001,3.5283617906088787e-06,0.003981717122199029,0.00025251281188355424,5240,0.2865761624440939
472,0.30595179235684367,0.3039550716412575,0.0017275088277570482,0.0001,3.4964755087066525e-06,0.004047997269277499,0.00025740114153409823,5054,0.30595179235684367
473,0.3015142174646308,0.30421968005945643,0.0017919339676416219,0.0001,3.870915535569536e-06,0.004320377430719815,0.000266262734441191,5117,0.3015142174646308
474,0.3101063019123406,0.30461175000895446,0.0022221561231131927,0.0001,4.98267133210481e-06,0.004484537589666918,0.0002562428666698204,5056,0.3101063019123406
475,0.306282573860854,0.3049222797880446,0.0021270638688783735,0.0001,4.507060716247148e-06,0.0042378235860155685,0.0002778890633030502,5095,0.306282573860854
476,0.30502060609928194,0.3051225747695224,0.0018169816720231275,0.0001,3.8075913533478574e-06,0.004191116962790577,0.0002651575457745911,5081,0.30502060609928194
477,0.2878147061442829,0.30525375127409293,0.0018563750377172247,0.0001,3.852905921874715e-06,0.004150999494813951,0.0002571145727795332,5257,0.2878147061442829
478,0.308845840987115,0.30553209440366436,0.0019539893255797053,0.0001,3.919791699889383e-06,0.004012091211119046,0.0002782101534418746,5042,0.308845840987115
479,0.3295738543583787,0.3057100960176734,0.0017883711935101714,0.0001,3.623971898688986e-06,0.00405281846614398,0.00027023499487186084,4794,0.3295738543583787
480,0.3037112661365714,0.3060230828688787,0.002096447076468676,0.0001,4.484460859396753e-06,0.004278153176135049,0.00025525448839778554,5036,0.3037112661365714
481,0.32510838246406726,0.30636708747827635,0.0021243595100364438,0.0001,4.506547404426433e-06,0.004242735170893107,0.00027055943218677733,4877,0.32510838246406726
482,0.2984002553519101,0.30650503408034224,0.0019983714159265,0.0001,4.430238191602905e-06,0.004433848639241994,0.0002860268687142118,5125,0.2984002553519101
483,0.30719471633064604,0.3066479236311883,0.0018747133514050677,0.0001,3.7692314328565357e-06,0.004021128275457747,0.0002543117916360794,5038,0.30719471633064604
484,0.3160626712900615,0.3069332805841309,0.0020910096914587813,0.0001,4.456966321043268e-06,0.004262980070583883,0.000280846854760823,4973,0.3160626712900615
485,0.31828841143342046,0.30712276106590053,0.001940150227224914,0.0001,4.256152829255006e-06,0.004387446672459768,0.00026974108558882665,4944,0.31828841143342046
486,0.31013767186244,0.30737279810564544,0.002025976539858502,0.0001,4.706131962065811e-06,0.004645791172285239,0.00028927006867848255,5001,0.31013767186244
487,0.3182972990199655,0.3075400520116326,0.0017080585106521284,0.0001,3.3673894012978576e-06,0.003942943851510338,0.00026375725262563183,4909,0.3182972990199655
488,0.3131892382643473,0.3078013172534017,0.002062865465946077,0.0001,4.382504818015194e-06,0.00424894874664575,0.00027409267404309454,4987,0.3131892382643473
489,0.3289149555342775,0.30803289969524716,0.0019719805171964934,0.0001,4.111655002144113e-06,0.004170076698312956,0.00027129864752647385,4848,0.3289149555342775
490,0.2977953949194595,0.3082477308103818,0.0019062638804024034,0.0001,4.1752228799892235e-06,0.004380529813225914,0.00025950610121175204,5129,0.2977953949194595
491,0.31079309780748904,0.3084570394007963,0.0018825410779261767,0.0001,4.015573033551928e-06,0.004266119959491685,0.0002753522687054254,5030,0.31079309780748904
492,0.30954136777560826,0.30873889645969077,0.0020366167715571066,0.0001,4.142008312840537e-06,0.004067538253329556,0.00028593371185567227,5048,0.30954136777560826
493,0.2990336100007455,0.30895589584596356,0.0020483030988840034,0.0001,4.414677535030817e-06,0.004310570576626193,0.0002658928487209196,5102,0.2990336100007455
494,0.30036107896989506,0.30929147127854817,0.00204413012795693,0.0001,4.026285195637093e-06,0.003939362901187988,0.0002463368397942984,5062,0.30036107896989506
495,0.31867230242092903,0.30959599715272784,0.0018378974846347108,0.0001,3.631882747746875e-06,0.0039522147215612785,0.0002775916742642682,4844,0.31867230242092903
496,0.2991126488110781,0.3098501435484649,0.0018482965284138569,0.0001,3.818336469184883e-06,0.004131735801572538,0.0002694519206193231,5163,0.2991126488110781
497,0.29373620311705173,0.31007188022070753,0.0018586643528223077,0.0001,3.971909942870974e-06,0.004273939979361833,0.0002746144611847818,5238,0.29373620311705173
498,0.31597689494483877,0.31041495961436116,0.0020685502984021924,0.0001,4.121524273411981e-06,0.003984939864982316,0.0002450942152263216,4982,0.31597689494483877
499,0.3190595322045533,0.3106731902404634,0.0020437764649872295,0.0001,4.462567736638355e-06,0.004366982214629073,0.0002711159987846706,5002,0.3190595322045533
500,0.303980193219058,0.3110101740383733,0.002096776369424877,0.0001,4.399637778402425e-06,0.004196573218353465,0.0002610609138659445,5064,0.303980193219058
501,0.3324765846732224,0.3112235401143502,0.0017768595073191743,0.0001,3.622056745260089e-06,0.00407691967805023,0.0002794168829694086,4836,0.3324765846732224
502,0.32337210893766033,0.3113924716878089,0.0016507269721369442,0.0001,3.0419496056487018e-06,0.003685587813120608,0.00026734637435899705,4914,0.32337210893766033
503,0.3035769296947543,0.3114557381742651,0.0016555531242813005,0.0001,3.3257567644397717e-06,0.00401769863577592,0.00026170492062895407,5138,0.3035769296947543
504,0.31258045555352065,0.3117675037381352,0.0021533611115115126,0.0001,4.6022769590470645e-06,0.004274505501603101,0.00027652982022492587,5029,0.31258045555352065
505,0.3146091278652301,0.31196535800105446,0.0018083144951599197,0.0001,3.652378797997313e-06,0.004039539369698314,0.0002704395439568973,5022,0.3146091278652301
506,0.31450680760842886,0.312054438254067,0.0018466708437863272,0.0001,4.182670010681276e-06,0.004529957273929041,0.00025793508813955505,5011,0.31450680760842886
507,0.30119819035927586,0.31234395198579384,0.002095455298664939,0.0001,4.454685083225658e-06,0.0042517586379092285,0.0002668627125086793,5173,0.30119819035927586
508,0.3198693448185612,0.3125726833587368,0.001949930790438075,0.0001,3.912681348508725e-06,0.004013148946306648,0.0002747947919061249,4922,0.3198693448185612
509,0.31752340084880143,0.3129957172324766,0.002196730075478479,0.0001,4.4532547307571374e-06,0.004054439624119187,0.0002744195871512198,4980,0.31752340084880143
510,0.3186155903887401,0.3132634837169377,0.001911196368524855,0.0001,3.598880527966045e-06,0.003766102308726988,0.0002704652298110871,4940,0.3186155903887401
511,0.317162143647408,0.31350657793621656,0.001953526269929473,0.0001,4.206319519442834e-06,0.004306386439937347,0.0002573278994425434,4974,0.317162143647408
512,0.31285167834850963,0.31384381501187686,0.002051182978843022,0.0001,4.1561808924690655e-06,0.004052472095700964,0.0002803542290944182,4996,0.31285167834850963
513,0.30663218023287264,0.3141580492491326,0.002059338968339238,0.0001,4.1306518959868414e-06,0.004011628934811077,0.0002686418863728168,5027,0.30663218023287264
514,0.311253175521271,0.3143644813612859,0.0018981561805419276,0.0001,3.7831267812273893e-06,0.003986106960015585,0.0002514932554347844,5052,0.311253175521271
515,0.3014057801226641,0.3145486493195241,0.0018114048249813378,0.0001,3.545841750227677e-06,0.003915018555020365,0.0002884300349516556,5119,0.3014057801226641
516,0.3126888743777408,0.3149018455316853,0.0020296334284180565,0.0001,3.968386588401165e-06,0.003910446618426283,0.0002819473837010794,5046,0.3126888743777408
517,0.29990084399610567,0.31517784934158033,0.0020317106323303165,0.0001,4.141136666689522e-06,0.004076502431785525,0.00028063744793095923,5085,0.29990084399610567
518,0.32578775402961807,0.3153872378897096,0.0019785480453507207,0.0001,4.11414510449829e-06,0.004158751781808777,0.00026850496747757063,4896,0.32578775402961807
519,0.31310335434359043,0.31568755494689554,0.0020457138552563985,0.0001,4.282920775870464e-06,0.004187213930106238,0.00027184013554401744,4988,0.31310335434359043
520,0.313822094958434,0.31597006133851746,0.0020125307874802566,0.0001,4.091919784375151e-06,0.004066441924596191,0.00026571636286693083,4974,0.313822094958434
521,0.30734357240682864,0.31620909671132125,0.0018650324358818987,0.0001,3.790864213830439e-06,0.004065199232889365,0.00024428393749856335,5027,0.30734357240682864
522,0.33873705765961204,0.31650006033685296,0.001963281354214791,0.0001,3.9099219886216385e-06,0.003983048053940697,0.00026918943855908794,4739,0.33873705765961204
523,0.3018636754994837,0.31673078443445524,0.001848994525265536,0.0001,3.7950931187552448e-06,0.004105034457265609,0.00025550001767114485,5141,0.3018636754994837
524,0.3247672147221851,0.316854876063668,0.0016035286782179767,0.0001,2.9973490942539245e-06,0.0037384415195928014,0.00025326538906844144,4898,0.3247672147221851
525,0.3015622770417121,0.31697407269888933,0.001546222510302897,0.0001,2.9721525675161955e-06,0.0038444047318053416,0.00025459363406917613,5148,0.3015622770417121
526,0.32262753301000485,0.3170452883940221,0.0019835299150049598,0.0001,4.422887703696889e-06,0.004459612804665797,0.0002494840451648114,4910,0.32262753301000485
527,0.31506965281826704,0.31736804366933347,0.001890622889193709,0.0001,3.4582213046664806e-06,0.0036582877785228795,0.000264376046947381,5023,0.31506965281826704
528,0.31897695974110074,0.31767726484829534,0.001844777211756168,0.0001,3.3304010573115182e-06,0.0036106268400194347,0.00027127368409870454,4947,0.31897695974110074
529,0.31394700179315127,0.31781103572866704,0.0016641652307573108,0.0001,3.152220498385956e-06,0.0037883503874810284,0.00028233430396772905,5025,0.31394700179315127
530,0.3165944638147556,0.3179785391194324,0.0018035705451836571,0.0001,3.422819543602351e-06,0.003795603729216819,0.00026885506609730376,4941,0.3165944638147556
531,0.31123884607981733,0.31823088884492623,0.00196886729873785,0.0001,3.939644119126791e-06,0.004001939715949688,0.00026642811061114224,5027,0.31123884607981733
532,0.31389424469198673,0.31825841827212226,0.0017024023554544658,0.0001,3.595634063235167e-06,0.004224188308615553,0.0002600328334733869,5040,0.31389424469198673
533,0.3069267686578704,0.3186533273113181,0.002253777319400655,0.0001,4.788713040311239e-06,0.004249499716843984,0.00023532747091063868,5053,0.3069267686578704
534,0.31346267668250016,0.3189067800045835,0.0018580779619422158,0.0001,3.6431308539033012e-06,0.003921397194868187,0.0002634834072477648,4983,0.31346267668250016
535,0.31684384691705214,0.31918548377667677,0.0020410307418204927,0.0001,4.089818735443205e-06,0.004007601308146197,0.00026246878824534635,5039,0.31684384691705214
536,0.33482512565036976,0.31947663312486985,0.0019364823850315733,0.0001,3.6436603049027935e-06,0.003763174230829253,0.0002797415429465924,4847,0.33482512565036976
537,0.3137987033168784,0.3197307540750326,0.002016162744919478,0.0001,4.015099895998224e-06,0.003982912496638342,0.0002751908718563149,4912,0.3137987033168784
538,0.3127806368083039,0.319809082762362,0.001777831350541469,0.0001,3.974966945871232e-06,0.004471703060766239,0.0002858545373593955,4990,0.3127806368083039
539,0.3416564046749375,0.32011469799091563,0.0020671897833405427,0.0001,4.107456957915244e-06,0.003973952455664389,0.00027264535353272346,4704,0.3416564046749375
540,0.3191815672578781,0.3203883175219362,0.0020170818635103682,0.0001,4.0932392354525944e-06,0.0040585752214627995,0.0002513058273696203,4933,0.3191815672578781
541,0.3134046521764616,0.32063001588817086,0.001904511250107942,0.0001,3.952880334312708e-06,0.0041510706057406276,0.0002597693620850125,4994,0.3134046521764616
542,0.316331945245936,0.3208123273724498,0.0019411054355264019,0.0001,3.978599763386456e-06,0.004099313402115648,0.00029115132100573406,4967,0.316331945245936
543,0.3179597429646384,0.32112804530723715,0.0021266578225424336,0.0001,4.397498806341858e-06,0.004135596013358294,0.00026588916696394457,4955,0.3179597429646384
544,0.32753631111824943,0.3213697291356785,0.0020567915696641965,0.0001,4.28108614392588e-06,0.004162877957171746,0.00028979155976281484,4901,0.32753631111824943
545,0.3318823317605091,0.3215352080237248,0.0017021736358563892,0.0001,3.2749869751967923e-06,0.0038480057571201854,0.0002675270173407839,4867,0.3318823317605091
546,0.33054954687035665,0.3215533070383201,0.0016883707014470801,0.0001,3.4881931681538577e-06,0.004132022861050803,0.0002759887687117242,4848,0.33054954687035665
547,0.3292207895554322,0.32172845704155323,0.0017679732005094866,0.0001,3.5548058684292678e-06,0.004021334562542984,0.0002807361840430563,4905,0.3292207895554322
548,0.312748333154411,0.3219735363871571,0.0020202837533673857,0.0001,4.000121250834496e-06,0.003959959826600733,0.00031120399681773385,5043,0.312748333154411
549,0.32883136147627445,0.32217710033993263,0.0020754870657825816,0.0001,4.371703075145742e-06,0.0042127008616142355,0.0002473599864526169,4847,0.32883136147627445
550,0.3166862121672698,0.32251342259507076,0.0021749646879684562,0.0001,4.6081820219198686e-06,0.004237477553002646,0.00025280744486012966,4888,0.3166862121672698
551,0.34093650495250905,0.32267044611665907,0.001881546682050407,0.0001,4.089431698856801e-06,0.004346883059420413,0.0002811189165927776,4710,0.34093650495250905
552,0.316113435595058,0.3229034462984215,0.0021230727630539383,0.0001,4.621357158067481e-06,0.00435346092558776,0.0002601779937585184,4879,0.316113435595058
553,0.3251164136822773,0.3231117611261912,0.0020118384668480734,0.0001,4.076302091719216e-06,0.00405231549042356,0.0002693138487950243,4883,0.3251164136822773
554,0.32167038827778405,0.3233664024078118,0.0020616892792069273,0.0001,4.202642452767884e-06,0.004076892182690614,0.00029181721055527476,4938,0.32167038827778405
555,0.32241833669872566,0.32352151899495224,0.0019286782764470886,0.0001,3.829693131302559e-06,0.003971313596539721,0.0002710564275119888,4908,0.32241833669872566
556,0.33166333098108697,0.32379700551387447,0.0020445041657320105,0.0001,4.095837510492541e-06,0.00400668052346675,0.00026055054917402767,4768,0.33166333098108697
557,0.32873203998546785,0.3239933500386102,0.001886635854025801,0.0001,3.541520194837572e-06,0.003754323005449613,0.00027602013369701936,4885,0.32873203998546785
558,0.32569859084020314,0.3242175247789937,0.0019858575306062804,0.0001,3.959228176868991e-06,0.0039874241891463815,0.00026953606071143546,4865,0.32569859084020314
559,0.30537993559855986,0.32440222482374725,0.0018903051657997872,0.0001,3.6233408274554675e-06,0.0038336041111356046,0.0002715620774640717,5062,0.30537993559855986
560,0.30491165892832534,0.32465762034124296,0.0020782708707479014,0.0001,4.257896180658786e-06,0.004097537275424073,0.00025599619963126923,5140,0.30491165892832534
561,0.31410877175010193,0.3247129380608853,0.0020328561903229054,0.0001,4.5587268350604825e-06,0.004485046071396088,0.00026237064904946933,4991,0.31410877175010193
562,0.33822917938272423,0.3248881519516524,0.0019721348066164693,0.0001,4.07743191459673e-06,0.004135043812336798,0.00026697453539766865,4778,0.33822917938272423
563,0.3046399759802135,0.3251310389619497,0.0018387004945917907,0.0001,3.621969902365511e-06,0.0039397062360279865,0.0002717592921377853,5072,0.3046399759802135
564,0.32182132257061663,0.32536461524016425,0.0019726603761790235,0.0001,4.2522899005607605e-06,0.004311223515116476,0.0002646188878528787,4899,0.32182132257061663
565,0.30862159376021314,0.3254441589684818,0.0018281023575901373,0.0001,3.6940833043853127e-06,0.0040414403373506625,0.0002676465271224068,5066,0.30862159376021314
566,0.3265922539267545,0.32574135469571364,0.001813270828348884,0.0001,3.0669244536212456e-06,0.003382753867400939,0.0002638256963330224,4888,0.3265922539267545
567,0.31707476629201853,0.32591692359947233,0.0017920070728561965,0.0001,3.2760654833209434e-06,0.0036563086529556774,0.000272771000656802,4961,0.31707476629201853
568,0.31176073994347114,0.32609793603253734,0.0019159949055465551,0.0001,3.84129126533952e-06,0.004009709268244382,0.00027389998485038633,5055,0.31176073994347114
569,0.32147980904229106,0.326530240659548,0.0021120099077434756,0.0001,3.937964839089872e-06,0.003729115876447089,0.0002763883506037571,4935,0.32147980904229106
570,0.321134223738598,0.32686484557701073,0.0020747731348849073,0.0001,4.023512210427524e-06,0.0038785081055627965,0.00025656822870347666,4949,0.321134223738598
571,0.30758938029130967,0.3270628709544827,0.0020197282632091313,0.0001,3.986564529136135e-06,0.00394762464016017,0.00026973696397529864,5065,0.30758938029130967
572,0.3041506225657606,0.32713872663597904,0.001882744853240073,0.0001,3.7754915647872777e-06,0.004010624762340919,0.0002880521527803441,5067,0.3041506225657606
573,0.31437519367076505,0.3273405990259932,0.0018981200555186267,0.0001,3.6402491635851516e-06,0.0038356363740021907,0.00027436767580935344,4980,0.31437519367076505
574,0.3233282005570741,0.32750462675403685,0.001635736888664369,0.0001,3.0366500066782203e-06,0.0037128831998864326,0.00024788638113373276,4877,0.3233282005570741
575,0.322442652466151,0.32763775372192616,0.0019321261199655008,0.0001,4.0110253215691495e-06,0.004151929090054192,0.00024938318138734595,4886,0.322442652466151
576,0.3354439932136737,0.3277745928181948,0.0017931606284641744,0.0001,3.592475455440849e-06,0.004006864079452569,0.0002624226710032304,4781,0.3354439932136737
577,0.3193420980901466,0.3280538060266106,0.00198601960601898,0.0001,3.7938856375703607e-06,0.003820592330581557,0.0002684670934106628,4915,0.3193420980901466
578,0.32634296138909125,0.3281414111539972,0.0016647079906065613,0.0001,3.2360568950369766e-06,0.0038878372823306626,0.00027892324995512245,4901,0.32634296138909125
579,0.3253766838547567,0.3283237009973813,0.002006655004065309,0.0001,4.140088154740424e-06,0.004126357691135713,0.0002668400117529495,4860,0.3253766838547567
580,0.3260754914516689,0.32840104901650047,0.0018399021931593397,0.0001,3.766620900930242e-06,0.004094370793115354,0.0002706791614860531,4849,0.3260754914516689
581,0.3247203069380236,0.32870363499224453,0.0019627609287340766,0.0001,3.6643541574013243e-06,0.003733877217297906,0.0002449404840512723,4897,0.3247203069380236
582,0.3327854979656923,0.3289222108500651,0.002061665788426423,0.0001,4.326844037611896e-06,0.0041974252683451485,0.00027095880876269187,4843,0.3327854979656923
583,0.32752634932860075,0.3292293766455628,0.0020083477523762335,0.0001,3.8027285977276855e-06,0.0037869224522778773,0.0002790536532223297,4855,0.32752634932860075
584,0.34491190743419686,0.3293785202829196,0.001805764631651466,0.0001,3.5937399338892397e-06,0.0039802971781572405,0.00026380323875482945,4726,0.34491190743419686
585,0.33434840351344697,0.32953792906297524,0.0017324811499612302,0.0001,3.30981144336791e-06,0.003820891723343688,0.00027460056941194013,4794,0.33434840351344697
586,0.3162386483832322,0.3297663110758673,0.0019477341963177366,0.0001,3.79285476553628e-06,0.00389463282280181,0.00025331839396448385,4938,0.3162386483832322
587,0.33031653547239564,0.32995403290792397,0.002008085648789505,0.0001,4.1455535801361965e-06,0.004128861318873704,0.0002784493207053625,4853,0.33031653547239564
588,0.33912728212806864,0.3300781476437592,0.0018272416630286765,0.0001,3.774838181137542e-06,0.0041317339216978,0.00026690698125226685,4692,0.33912728212806864
589,0.33127607390164343,0.33026494225751524,0.0019189001381064528,0.0001,3.914359682860915e-06,0.004079795092123508,0.0002854302883721785,4819,0.33127607390164343
590,0.3263565239566795,0.33050128691543523,0.0018767056414806112,0.0001,3.4628748344160345e-06,0.0036903761121366138,0.0002575743162522433,4857,0.3263565239566795
591,0.3305262929002495,0.33073051649557594,0.0019546784358584423,0.0001,3.777346203586374e-06,0.0038649285061841537,0.00025826436890485774,4898,0.3305262929002495
592,0.32444835165990565,0.3310294895820684,0.0022407079979437495,0.0001,4.75695852486469e-06,0.004245942380024572,0.000280678253768089,4909,0.32444835165990565
593,0.3449291629113073,0.33115451731053447,0.0017521563627559643,0.0001,3.4261085615749754e-06,0.003910733807097049,0.0002748397004721111,4673,0.3449291629113073
594,0.3290122887848029,0.33137661738292845,0.0019227125686777828,0.0001,3.55030868710232e-06,0.0036930207301279646,0.00025129643716428944,4815,0.3290122887848029
595,0.3325650435484645,0.33137564819820414,0.0016918003452905193,0.0001,3.567906036928457e-06,0.00421788072908304,0.0002598430035609547,4787,0.3325650435484645
596,0.3276726131612627,0.3315776777219304,0.00195052151759832,0.0001,3.8778278813159545e-06,0.003976195952035155,0.00026743679581472165,4858,0.3276726131612627
597,0.32002902870020083,0.3318602607129266,0.0022036682899625837,0.0001,4.602668029754572e-06,0.004177278450408451,0.0003029473534535821,4981,0.32002902870020083
598,0.3355104543278902,0.3320173725073083,0.0016958197606804892,0.0001,3.359288094201518e-06,0.003961845677341938,0.0002561809195574554,4733,0.3355104543278902
599,0.3357147216473171,0.3322122136622269,0.0019396566914815345,0.0001,4.167303700589072e-06,0.004296949783836264,0.00026350286568135677,4815,0.3357147216473171
600,0.3348666606734412,0.332310910786509,0.0017150971976719323,0.0001,3.403266352892605e-06,0.003968598814705299,0.0002919149690006745,4767,0.3348666606734412
601,0.32685586769772446,0.3325139608612614,0.0020725515105941713,0.0001,4.266381358191112e-06,0.004117032880855155,0.0002564514176339832,4868,0.32685586769772446
602,0.3293179205470063,0.3325879914011153,0.0017071917713353268,0.0001,3.388254524625676e-06,0.003969389475179418,0.000286262087512169,4804,0.3293179205470063
603,0.3541495725436419,0.3326762939108912,0.0015239836756763667,0.0001,2.635909734059629e-06,0.003459236179665471,0.00026873504783917157,4636,0.3541495725436419
604,0.3429651912066715,0.33297124189504523,0.0020318166384503573,0.0001,3.89737156257504e-06,0.003836341812367006,0.0002871970130740905,4731,0.3429651912066715
605,0.33670802807791367,0.33308349668398785,0.0017909842596934961,0.0001,3.316721317620264e-06,0.003703797283163034,0.0002787477212961622,4725,0.33670802807791367
606,0.34719114024510545,0.33328594619458735,0.001894085825938036,0.0001,3.6346916215506376e-06,0.003837937618006909,0.00028574864689870377,4651,0.34719114024510545
607,0.33439030091391003,0.33339274499078086,0.0018137838469365012,0.0001,3.72731196426999e-06,0.004109984737779484,0.0002838184303236809,4815,0.33439030091391003
608,0.3285329059352129,0.3335153863195647,0.0017325084106358862,0.0001,3.3057629480861043e-06,0.0038161580374351926,0.00028358083715337865,4897,0.3285329059352129
609,0.32892382891187794,0.33374873001149885,0.001924103290024102,0.0001,3.507396500853315e-06,0.003645746586514469,0.0002666731979189358,4893,0.32892382891187794
610,0.3282333159300528,0.33392379990974297,0.0018542469635597623,0.0001,3.4526693370995065e-06,0.0037240663244459196,0.0002649636455176979,4877,0.3282333159300528
611,0.32903317298387713,0.33411704616496957,0.0019349485007766516,0.0001,3.680594686168673e-06,0.0038043334845256622,0.0002696384909674742,4846,0.32903317298387713
612,0.33191687814655535,0.33428577586681146,0.0019223242669271438,0.0001,3.7307396541398123e-06,0.003881488381877882,0.0002638344432054844,4803,0.33191687814655535
613,0.32345011626433906,0.33450647047486615,0.002076557861144573,0.0001,4.156221747946978e-06,0.00400299151371214,0.0002801468603130842,4899,0.32345011626433906
614,0.3378926989854226,0.3345117955959679,0.0018497017028127653,0.0001,3.826855675132607e-06,0.004137808457778099,0.0002713610976508001,4754,0.3378926989854226
615,0.3361508530395012,0.3347358263406801,0.002078035466539668,0.0001,4.132262335602573e-06,0.0039770854753346345,0.0002599308529669133,4775,0.3361508530395012
616,0.33731005862996283,0.3350005485081087,0.002044422666617406,0.0001,4.005344722242475e-06,0.003918313749543296,0.0002686025055412181,4801,0.33731005862996283
617,0.35550384409909463,0.33491506301050544,0.0014602311781247539,0.0001,2.9624679439237626e-06,0.004057532791113526,0.00026350267163612366,4616,0.35550384409909463
618,0.3329237732917903,0.3350956965697506,0.001973924520047294,0.0001,3.870098655628949e-06,0.003921222535435372,0.000279888121564642,4833,0.3329237732917903
619,0.3389649162224946,0.33519053853587555,0.001606128630536623,0.0001,2.9067455850928536e-06,0.003619567610997237,0.00024088479423839892,4731,0.3389649162224946
620,0.33188681209976956,0.3353459109804806,0.001968147737725672,0.0001,3.94826567521677e-06,0.004012163924014421,0.0002730262180256063,4808,0.33188681209976956
621,0.33767132384786513,0.33551749298770656,0.001955645814216838,0.0001,3.92914206523663e-06,0.004018255285975801,0.00027283711217700895,4727,0.33767132384786513
622,0.33470434373663577,0.33559185303397393,0.0017598981852599874,0.0001,3.642416864755082e-06,0.004139349531992376,0.0002464776012339141,4725,0.33470434373663577
623,0.33905083191280333,0.3355926842388893,0.0016156250114166102,0.0001,3.2560594720902594e-06,0.004030711890546043,0.00029121076732948595,4761,0.33905083191280333
624,0.32848058241042766,0.33578570463227303,0.0018452241945795748,0.0001,3.7754625374935628e-06,0.004092145061379691,0.0002704988103326241,4887,0.32848058241042766
625,0.32605061110069844,0.33591412498879913,0.0017975119489699002,0.0001,3.5973208027197655e-06,0.004002555648969433,0.00027139975550216367,4885,0.32605061110069844
626,0.3233254640479408,0.3361507972594207,0.002052171975123282,0.0001,4.112872000111592e-06,0.004008311242886471,0.00026978769785470486,4948,0.3233254640479408
627,0.3379525937650838,0.33638924198428966,0.0018679343537514432,0.0001,3.34708677501064e-06,0.0035837306255314155,0.0002906361042120403,4808,0.3379525937650838
628,0.33445213959200776,0.3365972136278669,0.0019512597956618867,0.0001,3.679980633269376e-06,0.0037719022771348495,0.0002455739357989654,4840,0.33445213959200776
629,0.3440549371561483,0.3368375908668814,0.0018866417260491165,0.0001,3.439460301399172e-06,0.003646119190421879,0.0002933885024960734,4710,0.3440549371561483
630,0.32941970656278474,0.3370525570626196,0.0019799262493803145,0.0001,4.220798744038803e-06,0.004263591884152096,0.00029028469014596894,4834,0.32941970656278474
631,0.33590401758503735,0.33708977751014996,0.0017465616252599144,0.0001,3.5950157555216143e-06,0.0041166778240494355,0.00029814152942891643,4763,0.33590401758503735
632,0.33449101464644015,0.3372530985925829,0.0017161414007773853,0.0001,3.1695824107831087e-06,0.003693847615758628,0.0002912415875742679,4761,0.33449101464644015
633,0.3475239485895949,0.33748070220193527,0.002016804198398443,0.0001,3.888609020165224e-06,0.0038562087715338874,0.0002920703039608556,4632,0.3475239485895949
634,0.3283123830115782,0.3375082962868545,0.0016447949310905389,0.0001,3.0805312665381748e-06,0.003745793725781618,0.0002883087446791408,4879,0.3283123830115782
635,0.3365041545196033,0.33763480895892295,0.0017480825932857742,0.0001,3.2477525147178515e-06,0.0037157884040401427,0.0002722616600237861,4790,0.3365041545196033
636,0.345370717242235,0.3379202968309436,0.0019126610410130434,0.0001,3.317101348817407e-06,0.003468572086416838,0.00026272626180303305,4707,0.345370717242235
637,0.353044610288354,0.33818726478686445,0.0019377230137427356,0.0001,3.470517359852482e-06,0.0035820572241118567,0.00027307188421806037,4651,0.353044610288354
638,0.3315547351864259,0.33828062239203827,0.0018997905671714855,0.0001,3.7320475937720775e-06,0.003928904225825859,0.0002648787468762484,4815,0.3315547351864259
639,0.33233495926574286,0.33845955917503645,0.0019049897599905175,0.0001,3.7425503253845962e-06,0.003929207814117831,0.0002738581971256681,4749,0.33233495926574286
640,0.35102659712668066,0.33869570877798594,0.0019867834644484513,0.0001,3.7533048572127855e-06,0.0037782726949106508,0.00025296803490549154,4661,0.35102659712668066
641,0.36575297693000586,0.3388187723936287,0.001879656229826459,0.0001,3.5699052381840095e-06,0.003798466104106285,0.00029740973954345913,4513,0.36575297693000586
642,0.34266346996544905,0.3390674271498041,0.0017992060331794375,0.0001,3.0361878452010675e-06,0.003375030751576257,0.0002583346737707234,4723,0.34266346996544905
643,0.3385439325519001,0.3391887252309562,0.0018393618155749952,0.0001,3.6324280850653108e-06,0.003949661294811421,0.00028488898478175713,4779,0.3385439325519001
644,0.3251907045917188,0.33925174239292727,0.0016665219733926243,0.0001,3.169011079044924e-06,0.0038031434684219685,0.0002452854761403767,4886,0.3251907045917188
645,0.34930099880048093,0.3395380794197419,0.00224547434595343,0.0001,4.737922890877954e-06,0.004219975079578322,0.0002980280194257034,4676,0.34930099880048093
646,0.33820840469008867,0.33975265819224787,0.0019442991090894124,0.0001,3.6777190607832154e-06,0.0037830795103389494,0.0002523345176464167,4750,0.33820840469008867
647,0.34710030418983323,0.33994396954859085,0.001799818112317439,0.0001,3.205242392724983e-06,0.0035617403456373988,0.0002817743784568329,4691,0.34710030418983323
648,0.34649265665050594,0.34004663082387276,0.0017624630408844967,0.0001,3.6277712903050145e-06,0.004116706230031818,0.00027299276617856374,4636,0.34649265665050594
649,0.3376047672026864,0.3401664223595353,0.0016111018039259323,0.0001,2.856125750611936e-06,0.0035455558967808607,0.0002922654271036878,4777,0.3376047672026864
650,0.3425333877899448,0.340287406721714,0.0017256997642485325,0.0001,3.3002888750335797e-06,0.003824870285557131,0.00024365785837269707,4717,0.3425333877899448
651,0.34463843844318864,0.34049607360892264,0.0019234139943995053,0.0001,3.540199692975585e-06,0.003681162457259592,0.00025561101856798286,4704,0.34463843844318864
652,0.3314207475607642,0.3408435353141519,0.0021475676261927365,0.0001,4.054798414891505e-06,0.003776177630391976,0.0002653666907276284,4784,0.3314207475607642
653,0.3426490322364458,0.3409673198085693,0.0016893373323481921,0.0001,3.1637032573221937e-06,0.0037454961738454225,0.00027209017108441254,4725,0.3426490322364458
654,0.35820690720387144,0.3409977190494421,0.001382580249032365,0.0001,2.4437732365598343e-06,0.0035350906224360912,0.0002539920124370321,4565,0.35820690720387144
655,0.34655783269663143,0.3411576425808587,0.002064289871505993,0.0001,4.323396523651339e-06,0.004188749441954316,0.0002626855006087396,4672,0.34655783269663143
656,0.35018913355209175,0.3413646291131911,0.0019211789657176512,0.0001,3.5205874265022416e-06,0.003665028078409275,0.0002620338621478872,4650,0.35018913355209175
657,0.33707310294210374,0.3416151368355902,0.0018099230661056866,0.0001,3.0708739539272224e-06,0.0033933751234351147,0.0002618051128235024,4792,0.33707310294210374
658,0.33774011206399646,0.3415818948720718,0.0015006517927996204,0.0001,2.962292916346483e-06,0.0039480083661780335,0.0002606662030163598,4768,0.33774011206399646
659,0.34941210107148474,0.3417035247674176,0.001676368839185395,0.0001,3.156452456133991e-06,0.0037658209605802738,0.00025672203080584125,4626,0.34941210107148474
660,0.34209741867905175,0.3418345794202096,0.0019935339555408847,0.0001,3.992444672179011e-06,0.00400539420066791,0.00028759357666868643,4685,0.34209741867905175
661,0.3406852426435481,0.342062150099768,0.0018647458032999419,0.0001,3.2504999176919205e-06,0.00348626596927011,0.0002817740412810428,4703,0.3406852426435481
662,0.3526535632690478,0.34236727882197915,0.002109873143329414,0.0001,4.044601894324097e-06,0.003833976376363226,0.00028554881535209676,4609,0.3526535632690478
663,0.3375799195646003,0.34248635771851843,0.0017965015841307516,0.0001,3.2832197081089925e-06,0.003655125870314886,0.0002733682497668152,4783,0.3375799195646003
664,0.3389925477887478,0.342578593716227,0.0017822972338273418,0.0001,3.2651184748969056e-06,0.003663943828140632,0.00030244452559079844,4725,0.3389925477887478
665,0.3489745729150281,0.3428416913554978,0.002054621279675636,0.0001,3.956955652122868e-06,0.003851761578900374,0.0002636644671377794,4656,0.3489745729150281
666,0.3446375255242974,0.34318932666160173,0.002090343755826784,0.0001,3.7833460746295444e-06,0.0036198314885612063,0.0002990413296253125,4704,0.3446375255242974
667,0.3559982314335577,0.3432988944587402,0.0016098272638929974,0.0001,2.844384618400172e-06,0.0035337761785965544,0.0002820756933380854,4595,0.3559982314335577
668,0.3329660651926153,0.3435328851473929,0.0020003081675462413,0.0001,3.7039163471958204e-06,0.003703345721713848,0.0002801759129712484,4775,0.3329660651926153
669,0.3488288353227911,0.34370470377397594,0.0018934948093044621,0.0001,3.55110046385362e-06,0.0037508425651909196,0.0002505552738247052,4645,0.3488288353227911
670,0.3618918380830641,0.34396961618312516,0.0018240276838896894,0.0001,3.0339112819673515e-06,0.003326606617611875,0.0002628639274500619,4512,0.3618918380830641
671,0.3244288850540509,0.3440856728729864,0.0018763608203167174,0.0001,3.515346078034298e-06,0.0037469830322303683,0.0002848104878841936,4927,0.3244288850540509
672,0.3401749911330306,0.34413521825498716,0.0016761904398861444,0.0001,3.1786252163528912e-06,0.0037926778971114996,0.0002800170373982663,4753,0.3401749911330306
673,0.34309418378288403,0.3440924742149085,0.0015096220986280373,0.0001,2.8311855028305783e-06,0.003750853283617925,0.000263955615677738,4759,0.34309418378288403
674,0.34319856032862106,0.34416315652186896,0.0017029592140556389,0.0001,3.0493446049140335e-06,0.003581230342741967,0.00025956030831098903,4770,0.34319856032862106
675,0.342125364662081,0.3443774517310164,0.0019778503091601946,0.0001,3.6767878724501893e-06,0.003717963746216338,0.00028422641831563387,4703,0.342125364662081
676,0.34366087467306927,0.34444018676412413,0.0016363936796156278,0.0001,3.126836540505826e-06,0.003821618941036595,0.0002548792912164766,4702,0.34366087467306927
677,0.3286551693535968,0.34468295049159847,0.0018269164326244459,0.0001,3.1108643502054315e-06,0.003405590200682073,0.0002734774048017648,4878,0.3286551693535968
678,0.35360192860670503,0.34474511416930703,0.0014927411668470664,0.0001,2.570570277690249e-06,0.003444093771621169,0.00023521882724689987,4563,0.35360192860670503
679,0.3274951559388061,0.3448164986764458,0.0018667469314228421,0.0001,3.639442279323847e-06,0.0038992347790279738,0.0002874704674830929,4763,0.3274951559388061
680,0.3517491897670966,0.3448350826673769,0.0015409819662534098,0.0001,2.8468409826662945e-06,0.003694840101974483,0.00025322695534434357,4594,0.3517491897670966
681,0.3405248390280856,0.3448332345355602,0.001556834097578116,0.0001,3.0988472135629274e-06,0.003980960101508104,0.00025909692981566397,4707,0.3405248390280856
682,0.33778261905035684,0.3449674138215472,0.0019343884480506922,0.0001,3.7735293082365182e-06,0.003901521756955437,0.00027047128024989436,4737,0.33778261905035684
683,0.3503194102245392,0.3450719235535881,0.0018504854882337046,0.0001,3.534844758173132e-06,0.00382045120661514,0.0002834048935582831,4647,0.3503194102245392
684,0.3476751871303315,0.3452173494523618,0.0018233517200799982,0.0001,3.2586887584709e-06,0.0035743940377317074,0.0002592010020629524,4659,0.3476751871303315
685,0.3432900188282955,0.345498966656297,0.0019007321257814968,0.0001,3.31419695360763e-06,0.0034872846190727477,0.00026233674628789146,4707,0.3432900188282955
686,0.35587332341576583,0.3456783574545321,0.0019381636557551868,0.0001,3.657178483827836e-06,0.0037738593157169184,0.00028088858089572223,4534,0.35587332341576583
687,0.3481280855366349,0.34578773019500464,0.0018901060859924524,0.0001,3.676739864492038e-06,0.0038905116403151136,0.00027881875998900046,4613,0.3481280855366349
688,0.3526095010499062,0.34593596252640124,0.0017991027296388714,0.0001,3.1688642425531574e-06,0.0035227162855666766,0.00027961847639491514,4566,0.3526095010499062
689,0.3443355139789786,0.3460614778445809,0.0016481813817671286,0.0001,2.9203648857299743e-06,0.0035437421124110136,0.00029222887929621115,4710,0.3443355139789786
690,0.3542248716417724,0.3461805538962896,0.0018848318031744488,0.0001,3.551414712688654e-06,0.0037684155230268647,0.0002648566511801408,4577,0.3542248716417724
691,0.3358248020000545,0.3463457203427103,0.0019283248741787014,0.0001,3.6366908303096234e-06,0.0037718652899279095,0.0002653183860394804,4797,0.3358248020000545
692,0.34191972844971996,0.34640791804335685,0.0017181073191151618,0.0001,3.361847407665031e-06,0.003913431216155237,0.00025443578304029093,4692,0.34191972844971996
693,0.3554190924141026,0.34650852821189204,0.0017165247798024712,0.0001,3.2159391189859847e-06,0.003747034889127623,0.0002870294066791627,4569,0.3554190924141026
694,0.3424959993469035,0.34652897702826735,0.0015904633647058394,0.0001,2.940573154148921e-06,0.003697756539890861,0.00026076980220875157,4701,0.3424959993469035
695,0.3536674984905228,0.3465458326339469,0.0015437472218655904,0.0001,2.794191299501611e-06,0.003620011437008297,0.00026495278401617056,4659,0.3536674984905228
696,0.3457439112721752,0.3466783933703914,0.0017064580495950814,0.0001,3.118671086148473e-06,0.003655139470775141,0.0002623989752308862,4635,0.3457439112721752
697,0.342956106241221,0.34685288350488874,0.001858745056773075,0.0001,3.5120926120000852e-06,0.0037789933581287897,0.00028216349099646705,4695,0.342956106241221
698,0.357238043385385,0.3470672461048899,0.001954201516880899,0.0001,3.7625938834753355e-06,0.0038507736801686775,0.0002896110678887338,4567,0.357238043385385
699,0.34450694937976156,0.34696896616838746,0.0013651736289475402,0.0001,2.6514755841119213e-06,0.003884451805820533,0.00028567599325879156,4671,0.34450694937976156
700,0.3457726481560806,0.34716002716313854,0.0016778125366899545,0.0001,2.9302032963581603e-06,0.0034928852089029733,0.00026174305934097017,4721,0.3457726481560806
701,0.34259585925687097,0.34716802510282735,0.0016493352330115602,0.0001,3.144354071571738e-06,0.003812874434059579,0.0002667990018205183,4693,0.34259585925687097
702,0.34250532397762395,0.3472549285518992,0.0016055068976298392,0.0001,2.878318020485292e-06,0.003585556716990086,0.0002587380379734815,4667,0.34250532397762395
703,0.3439652884230922,0.347300478580027,0.0017050176955173595,0.0001,3.41011402387397e-06,0.004000092236977315,0.00026434600180698706,4681,0.3439652884230922
704,0.3523376509106139,0.3475443320996402,0.0018700415693012297,0.0001,3.266589370062462e-06,0.003493600809401339,0.0002757734887300168,4612,0.3523376509106139
705,0.3529987660902599,0.34768032923500697,0.001766675215711223,0.0001,3.5115763105977785e-06,0.003975350171179141,0.0002820561366004832,4630,0.3529987660902599
706,0.3439465062878829,0.3477556796306043,0.001445179924153233,0.0001,2.45199621049888e-06,0.0033933438591538215,0.00026030814534486706,4730,0.3439465062878829
707,0.3515181731501946,0.3480354806655597,0.00198318863656788,0.0001,3.5227565628572098e-06,0.0035526187452886147,0.00028155896348578183,4587,0.3515181731501946
708,0.33693883848713474,0.3481566721984647,0.0020121647423763265,0.0001,4.128355250086863e-06,0.0041033968672081565,0.00029674096761731953,4794,0.33693883848713474
709,0.362154630278148,0.3482890426214996,0.0015399751114092662,0.0001,2.650741249952005e-06,0.0034425767407711564,0.0002725972734495741,4564,0.362154630278148
710,0.3538440285876177,0.34841437351379134,0.0018682455643923123,0.0001,3.469209745588534e-06,0.003713869109831898,0.00028777318806356864,4588,0.3538440285876177
711,0.3390607989521059,0.34844831976924645,0.0016761076145309904,0.0001,3.2653052744119775e-06,0.00389629549571097,0.000275301474128631,4719,0.3390607989521059
712,0.3508158699019142,0.34857665716792685,0.0016788632681645301,0.0001,3.0310485872898373e-06,0.0036108343600889264,0.0002658525167434656,4619,0.3508158699019142
713,0.34641069137353586,0.34858884969453996,0.001453645920384506,0.0001,2.5161111463180002e-06,0.003461793702351478,0.0002809093973010772,4645,0.34641069137353586
714,0.3524517916552076,0.34861628836471237,0.0015784882066055938,0.0001,2.817553050280346e-06,0.003569938677387089,0.0002623313578329757,4642,0.3524517916552076
715,0.3645678744557539,0.34886658196784814,0.002030790488258769,0.0001,3.750393058420473e-06,0.00369353025839324,0.00025847889391693096,4488,0.3645678744557539
716,0.36015295079090603,0.3489819651821934,0.001642990445713603,0.0001,2.8890232537473733e-06,0.0035167864320630043,0.00025580022755153066,4543,0.36015295079090603
717,0.3464843666191759,0.34922405337418505,0.001945259603183027,0.0001,3.418835425221756e-06,0.0035150428453122854,0.00027263782813986896,4642,0.3464843666191759
718,0.3323236114354496,0.34923384355163756,0.0015822019114471858,0.0001,3.1363845658661183e-06,0.0039645819451670046,0.00026264285557373604,4799,0.3323236114354496
719,0.3621805873949996,0.3492761863978563,0.0018011945265230922,0.0001,3.397011819089846e-06,0.0037719544103292546,0.0002604928248631655,4556,0.3621805873949996
720,0.33584182480883873,0.3494769183477623,0.0017738391743402089,0.0001,2.952410150860522e-06,0.0033288363382308205,0.0002766210004238147,4743,0.33584182480883873
721,0.3337162594376943,0.3497220607637417,0.0018830251527973151,0.0001,3.2211899375745314e-06,0.003421292522608436,0.0002730178820828834,4799,0.3337162594376943
722,0.37955388320732864,0.34989833776116186,0.0017720042383219238,0.0001,2.975630320899873e-06,0.0033584912005828775,0.0002745319501094521,4381,0.37955388320732864
723,0.34407944441228056,0.3500567277171587,0.0017491711755202863,0.0001,3.0830007668204687e-06,0.003525098983984158,0.00025758970548289684,4732,0.34407944441228056
724,0.34927641900078366,0.35015756338536935,0.0015977381545289834,0.0001,2.871063105464337e-06,0.00359390942417687,0.00025291772137595123,4683,0.34927641900078366
725,0.3484397385384554,0.35041787970005456,0.001976688391626436,0.0001,3.4630005097499183e-06,0.00350384058956357,0.0002607513188397724,4689,0.3484397385384554
726,0.35479221182865733,0.3503881256466359,0.0013946825991874843,0.0001,2.3995107936115215e-06,0.003440941752638817,0.00026534543937616994,4623,0.35479221182865733
727,0.36096668893514683,0.3505208214016836,0.0017612237356658704,0.0001,3.0768263287012363e-06,0.0034939641868248763,0.00026992330552924647,4538,0.36096668893514683
728,0.347206119108386,0.3506109888589325,0.0019165853835650796,0.0001,3.636819277721382e-06,0.0037951027999143564,0.0002272490637410958,4673,0.347206119108386
729,0.3634712575298537,0.3507194574918446,0.0016428823561996982,0.0001,2.9123999301214423e-06,0.0035454759364004383,0.0002738226354908908,4501,0.3634712575298537
730,0.33432108688184314,0.35076434008736934,0.0018756693364282084,0.0001,3.638252557107048e-06,0.0038794178552124586,0.00026148181245220934,4804,0.33432108688184314
731,0.3393696313381591,0.35089274986704794,0.001998768451952487,0.0001,3.8346360269351e-06,0.0038369987510952102,0.0002583515957460492,4735,0.3393696313381591
732,0.33543165523872254,0.35106283130129856,0.002030758882999596,0.0001,3.88206578902214e-06,0.003823266091824759,0.0002645745021002235,4738,0.33543165523872254
733,0.3309298986236955,0.3510516459825833,0.0015962535782548105,0.0001,2.8980494505219867e-06,0.00363106399885466,0.0002553034238466992,4886,0.3309298986236955
734,0.3441323379345868,0.3512050043973011,0.0017928803434894276,0.0001,3.0652242840695066e-06,0.0034193294551980594,0.0002502381272891342,4656,0.3441323379345868
735,0.33865900637757906,0.35122284007438476,0.0014473529735482423,0.0001,2.433933172495659e-06,0.0033632890068671733,0.00027720274045609075,4761,0.33865900637757906
736,0.35276979476963033,0.35130961672092287,0.0017617264579421273,0.0001,3.1933818369386615e-06,0.003625286800391079,0.0002756641798191489,4593,0.35276979476963033
737,0.3456512836034515,0.3514328656336475,0.0017651165022616552,0.0001,3.402615073097523e-06,0.0038553999905816187,0.00029532838801713294,4665,0.3456512836034515
738,0.33936652886269364,0.35164856821514356,0.0020642571151316866,0.0001,4.161284658436033e-06,0.004031750335684875,0.00027925120925436687,4696,0.33936652886269364
739,0.34875978076385605,0.35180009794483963,0.0017791336984886834,0.0001,3.116954939999204e-06,0.003503901862627813,0.00025209443442183945,4602,0.34875978076385605
740,0.34236112943799285,0.3519599534749319,0.0018727225110641201,0.0001,3.505932635236122e-06,0.003744209421868889,0.0002899156398801599,4748,0.34236112943799285
741,0.3439317391307136,0.3520088724697604,0.0015985905190316356,0.0001,2.898864809368829e-06,0.003626775931493512,0.00031369010307002456,4681,0.3439317391307136
742,0.35128379147151756,0.3521295043543624,0.0017067140512347669,0.0001,3.106768660239019e-06,0.00364064344345363,0.0002624888015322158,4572,0.35128379147151756
743,0.3533919618029215,0.35226038101484614,0.0017046785354551555,0.0001,2.9475195158283973e-06,0.0034581529062796563,0.000268904876073647,4625,0.3533919618029215
744,0.35845459045116945,0.35245208134690675,0.0018894650445134076,0.0001,3.352891748329228e-06,0.0035490381344341782,0.00028173284492636903,4558,0.35845459045116945
745,0.354900645012197,0.35265907795010587,0.0019602607034802837,0.0001,3.5744076628530334e-06,0.003646869680657234,0.0002643642033573024,4573,0.354900645012197
746,0.358976380898842,0.35285168008353696,0.001952090022374026,0.0001,3.520688889430618e-06,0.0036070968542208388,0.0002575221883728093,4604,0.358976380898842
747,0.3566776010266819,0.35302793506529384,0.001909170426325395,0.0001,3.5707787944556763e-06,0.0037406600743637116,0.0003037413590300938,4590,0.3566776010266819
748,0.3422998943688239,0.3530652153552106,0.0016304494483630398,0.0001,3.1234314041366654e-06,0.0038313747258739827,0.0002715545762946865,4649,0.3422998943688239
749,0.3627222245714166,0.3530618033548719,0.0016407509160144905,0.0001,3.1104260287303934e-06,0.003791466454013454,0.00028462129874621205,4485,0.3627222245714166
750,0.34494405689128294,0.35328524645089365,0.0019561731497290736,0.0001,3.5515271638877517e-06,0.0036310969347264905,0.00026330695522218834,4665,0.34494405689128294
751,0.3500522217776617,0.3533293792092279,0.0016539719772794318,0.0001,2.834635306740602e-06,0.0034276702939105494,0.0002609726761021003,4577,0.3500522217776617
752,0.3570020284877528,0.35322604028121796,0.001455492371469271,0.0001,2.806285658224e-06,0.003856132417088724,0.00028448223010922575,4588,0.3570020284877528
753,0.35242245734545563,0.3534713903230948,0.0019505341656320678,0.0001,3.4779593780084e-06,0.0035661609412326,0.0002546359626007366,4632,0.35242245734545563
754,0.36109568394263863,0.3536081701236216,0.001788600092293105,0.0001,3.063995352928857e-06,0.003426137979228895,0.00025596060235971713,4505,0.36109568394263863
755,0.36084141999406066,0.3537037130054201,0.001827515781572392,0.0001,3.3387157653155158e-06,0.003653829749631918,0.0002731099005099613,4550,0.36084141999406066
756,0.35558228950823406,0.353707113577429,0.0012109641282508112,0.0001,1.8643633305623793e-06,0.003079138823468499,0.00026132758781485387,4559,0.35558228950823406
757,0.35366993306486394,0.3539433861459498,0.0018932983007867374,0.0001,3.170129318980689e-06,0.0033487901168699928,0.0002653560460835606,4588,0.35366993306486394
758,0.3653335652822044,0.3540108479097924,0.0015027461539009143,0.0001,2.4466511766104886e-06,0.0032562401444306897,0.0002635024520547568,4457,0.3653335652822044
759,0.35679170234437246,0.35409154953054545,0.001700203831444649,0.0001,2.8150705816665703e-06,0.0033114506973844758,0.00026169378697521846,4497,0.35679170234437246
760,0.34547296794291943,0.3541714552064049,0.001716632502176024,0.0001,3.356230292461095e-06,0.00391024903490607,0.000253205348783779,4731,0.34547296794291943
761,0.34691207039816213,0.3542937299879856,0.0018325175366387713,0.0001,3.325389437985136e-06,0.0036293125402604453,0.0002939211713986689,4610,0.34691207039816213
762,0.35923691922773443,0.35445331162283383,0.0016782018604748936,0.0001,2.807118475665436e-06,0.003345388349016708,0.00024326496356225666,4595,0.35923691922773443
763,0.3694280503136909,0.35454120921964605,0.0017162135714641313,0.0001,2.9777091456470154e-06,0.0034700915960088584,0.0002590889153260271,4417,0.3694280503136909
764,0.34162505105865554,0.3545834037936277,0.001547834152077319,0.0001,2.7878269420426133e-06,0.0036022295260782597,0.0002728656348290944,4746,0.34162505105865554
765,0.3732388691375535,0.3547329045534958,0.0016494312807619335,0.0001,2.6173092611322535e-06,0.0031735899417685595,0.0002721905653100094,4390,0.3732388691375535
766,0.36692235160495973,0.35477605434769877,0.0016913070326102103,0.0001,3.072279655656787e-06,0.0036330241599188623,0.0002737339480753889,4383,0.36692235160495973
767,0.376510101577073,0.3548562639767283,0.001581231060486386,0.0001,2.6830454579937674e-06,0.0033936159300696563,0.0002677116794908424,4422,0.376510101577073
768,0.3549732422379949,0.35498572839573794,0.001922151561044313,0.0001,3.5786644815461253e-06,0.0037236028147560035,0.0002718154908478796,4586,0.3549732422379949
769,0.36107364202066045,0.35510654993299634,0.0020801641596597414,0.0001,4.214592074434791e-06,0.004052172569999651,0.0002928599937851278,4533,0.36107364202066045
770,0.35572708427104993,0.35520662012434556,0.0016679344810815895,0.0001,3.0669555426906625e-06,0.0036775491813106024,0.00027048056146547684,4594,0.35572708427104993
771,0.35404138345985015,0.3554024172299888,0.0019098499235280092,0.0001,3.3892586319561196e-06,0.0035492407965702797,0.0002594160246291348,4568,0.35404138345985015
772,0.34608488606914745,0.355515921679192,0.0017181377597507881,0.0001,3.181000037248089e-06,0.003702846316245893,0.00026440964848929195,4733,0.34608488606914745
773,0.360927722652746,0.35556472532771816,0.0015574569063672313,0.0001,2.7308638065432473e-06,0.0035068242278535815,0.00027750587337768977,4514,0.360927722652746
774,0.3443420264424694,0.3556476734547922,0.0017820476437796719,0.0001,3.5668012982872066e-06,0.0040030369678805255,0.000262618352109517,4688,0.3443420264424694
775,0.35973110208420755,0.3557270288356226,0.0016907287300854368,0.0001,2.8235746125819377e-06,0.003340068175737754,0.0002752254396646638,4587,0.35973110208420755
776,0.36003102094067835,0.35578471014446666,0.001675704916720227,0.0001,3.0364211429576937e-06,0.003624052316920724,0.00025748149976973194,4564,0.36003102094067835
777,0.36504514185302384,0.3558552361076859,0.001659276166225319,0.0001,2.8950317173471806e-06,0.0034895116030420393,0.0002356563582737907,4481,0.36504514185302384
778,0.3506733129443482,0.35592585682402644,0.001789000813483329,0.0001,3.2232259297151447e-06,0.003603381178390034,0.00028528864493104306,4625,0.3506733129443482
779,0.3448277164151802,0.3560494261056609,0.001959794467694028,0.0001,3.6755295947020935e-06,0.0037509337385025552,0.00027771728917197193,4663,0.3448277164151802
780,0.3329912724109354,0.35610361650549094,0.001530057435323666,0.0001,2.548316905053232e-06,0.0033310081650812858,0.00026225510591221794,4810,0.3329912724109354
781,0.34850743674085755,0.3560387988442645,0.001378056032753933,0.0001,2.3849440655820932e-06,0.003461316534155692,0.00025521731682162353,4678,0.34850743674085755
782,0.3442144328308461,0.3560784156809844,0.0016903047158809369,0.0001,3.3294041338300553e-06,0.003939412938447454,0.00026443463794251004,4714,0.3442144328308461
783,0.35294362378834876,0.35624572573532454,0.0018358375528002135,0.0001,3.1500835560847734e-06,0.0034317672075940843,0.0002738344355433251,4570,0.35294362378834876
784,0.36510574975543486,0.3562966725009293,0.001587951904753916,0.0001,2.79711742345658e-06,0.0035229246113597473,0.0002603611543210955,4520,0.36510574975543486
785,0.37138822950008354,0.35627076504466126,0.0015328848275335304,0.0001,2.847513564892423e-06,0.0037152348483665016,0.00027945072076272456,4411,0.37138822950008354
786,0.35248524327460684,0.3564681156700946,0.0018312691376778161,0.0001,3.0759429732888463e-06,0.003359356535860554,0.00024677992906368355,4589,0.35248524327460684
787,0.3409827720516365,0.35654547401808995,0.0017363228104430068,0.0001,3.094446021777472e-06,0.003564367182376591,0.0002692849801915441,4742,0.3409827720516365
788,0.33898496775962894,0.35668230723387795,0.0019480867863530204,0.0001,3.6397493750841884e-06,0.0037367425317822722,0.00028791549177836453,4729,0.33898496775962894
789,0.35630651561790366,0.3568523985848562,0.002026938808897796,0.0001,3.89818030517648e-06,0.003846371965512096,0.0002828799494995021,4583,0.35630651561790366
790,0.34664937778841054,0.35688622786477675,0.0015737772579841407,0.0001,2.8048617207066924e-06,0.0035644964450680327,0.00032099459253415126,4690,0.34664937778841054
791,0.3544488892617074,0.35695937308707093,0.001853194504161096,0.0001,3.5388546845925665e-06,0.0038191940205375627,0.00023831076693128642,4563,0.3544488892617074
792,0.3627250397789571,0.35702552655608916,0.0017168268379683359,0.0001,3.021621919879488e-06,0.0035200077876872244,0.00026276995790629404,4492,0.3627250397789571
793,0.3524658463349829,0.35706807493936155,0.0015198862023101409,0.0001,2.9760781881276867e-06,0.003916185545475992,0.0002640477711031893,4621,0.3524658463349829
794,0.36625261138271464,0.35719380795310157,0.0017225181989941527,0.0001,2.8307209024080667e-06,0.0032867239417975823,0.00029347662165868756,4438,0.36625261138271464
795,0.3612550181748822,0.3573239144353383,0.0017126002218008777,0.0001,3.056216743992593e-06,0.0035690953499688807,0.00025192732174662233,4533,0.3612550181748822
796,0.3576037146694797,0.35749191806582725,0.0019189023869108028,0.0001,3.5204453818415492e-06,0.003669228206557223,0.0002758901125243661,4550,0.3576037146694797
797,0.3588167782401435,0.35769836689826817,0.0019222837966510838,0.0001,3.3381417139766433e-06,0.0034730997782868515,0.00026485717275821286,4564,0.3588167782401435
798,0.3557208620385374,0.3577855052372946,0.001719835705708849,0.0001,3.1910856413432166e-06,0.0037109191660001915,0.00025670431052787985,4558,0.3557208620385374
799,0.36387801655532037,0.3577074221099268,0.0014728989213750585,0.0001,2.891867348255279e-06,0.003926769591976495,0.00026353406987698864,4486,0.36387801655532037
800,0.36575973856629795,0.35773280724402834,0.0018994676647928629,0.0001,4.0950440262333525e-06,0.0043117807184992725,0.00029133468991454577,4496,0.36575973856629795
801,0.3616772368961552,0.3578404588754987,0.001702969811287978,0.0001,3.0906405566019565e-06,0.0036297068052715095,0.00026045975345996824,4500,0.3616772368961552
802,0.35680676074849915,0.35799729054728113,0.0018550110521307233,0.0001,3.2158769818734936e-06,0.0034672321527999916,0.0002738624554693819,4594,0.35680676074849915
803,0.32813527619552585,0.3580382571403926,0.0018331179178422811,0.0001,3.5594029528187987e-06,0.0038834413413060586,0.0002694436526432146,4808,0.32813527619552585
804,0.35236045232659763,0.35821685732300146,0.0018312946947261672,0.0001,3.1632661788686443e-06,0.00345467737986501,0.0002733966577856797,4600,0.35236045232659763
805,0.3609917650942686,0.35829468259215835,0.0018063934363467286,0.0001,3.5942417187586287e-06,0.00397946720403022,0.00027454440523550096,4601,0.3609917650942686
806,0.34840535497731434,0.35839073919945175,0.001641171376325502,0.0001,2.6252786769314587e-06,0.003199274268125882,0.00025541028160929846,4633,0.34840535497731434
807,0.3481328241568915,0.358529186381776,0.0017859600367467546,0.0001,3.0798464096928393e-06,0.003448953331904318,0.0002615917610992118,4587,0.3481328241568915
808,0.35633010734021764,0.35869268719520264,0.0018305847734865523,0.0001,3.1449495106980915e-06,0.003436005320538294,0.0002786167660306672,4588,0.35633010734021764
809,0.3653281681818701,0.35870240808577464,0.001528543322866366,0.0001,2.724005512307853e-06,0.003564184896244516,0.00029991841119264995,4539,0.3653281681818701
810,0.363128171779058,0.3586738064226599,0.001376476950380542,0.0001,2.443769017542628e-06,0.0035507590837129837,0.0002763886822633666,4511,0.363128171779058
811,0.35474736732727796,0.3586824030555492,0.0015152756200575933,0.0001,2.6372630445034996e-06,0.0034809021007059576,0.0002790660348024532,4560,0.35474736732727796
812,0.3627337438584878,0.35882912376297255,0.0018316930389309677,0.0001,3.475571294359429e-06,0.003794927665814441,0.0002856808298023661,4540,0.3627337438584878
813,0.3533789729951259,0.3589958117462073,0.0018859297816160572,0.0001,3.464577198511637e-06,0.0036741317012798144,0.0002627494277300864,4616,0.3533789729951259
814,0.36463346351767845,0.3590331280629031,0.0015220437657910554,0.0001,2.694690659465724e-06,0.003540884592192008,0.0002847449099599362,4460,0.36463346351767845
815,0.37445605625326606,0.35917692346495034,0.0016940908857036904,0.0001,2.6765653740256637e-06,0.0031598840376428493,0.00031053949851010296,4377,0.37445605625326606
816,0.3700650052711194,0.35938625358913334,0.0019241470008565138,0.0001,3.4016779024363834e-06,0.0035357775688886167,0.0002723533271371367,4402,0.3700650052711194
817,0.3655573065924542,0.35944211255252917,0.0015485961258191062,0.0001,2.6306411071979694e-06,0.0033974527810555276,0.00024670595148311946,4415,0.3655573065924542
818,0.36400608168763515,0.3594100995455731,0.0015294478923037363,0.0001,2.8374992696028564e-06,0.0037104883191919186,0.00028414278052158316,4488,0.36400608168763515
819,0.35871912006703,0.35954181664442586,0.0017433402996128377,0.0001,2.942321108378939e-06,0.0033754982994798803,0.0002740007781586648,4529,0.35871912006703
820,0.37258706127128344,0.3596301400624468,0.0018177129347001985,0.0001,3.2843864606154375e-06,0.003613757043718394,0.0002834561116714722,4362,0.37258706127128344
821,0.36139566367782133,0.3597940185722712,0.0020484602419641946,0.0001,3.853606590826252e-06,0.003762442162051598,0.0002774734928958336,4484,0.36139566367782133
822,0.3532110290008492,0.35981465290860715,0.0013697046818669568,0.0001,2.2193244837814604e-06,0.0032405883007663254,0.0002821255857299615,4631,0.3532110290008492
823,0.3458619769047738,0.35984491571063637,0.0018129353330205453,0.0001,3.4489360484682293e-06,0.0038048086830785414,0.0002832586258559784,4666,0.3458619769047738
824,0.34705246966342035,0.3599152122480793,0.0018111328980958282,0.0001,3.506825165692772e-06,0.003872521082665712,0.00029278049372612387,4686,0.34705246966342035
825,0.3486909433647605,0.3599329866360744,0.0015065624251083566,0.0001,2.526132523772104e-06,0.0033535052801949667,0.00025850327791664997,4644,0.3486909433647605
826,0.36034744350748915,0.3600924913562146,0.00187724224789441,0.0001,3.355026941574718e-06,0.0035744208775802372,0.0003040093583789474,4502,0.36034744350748915
827,0.3502471265044549,0.36017338417183226,0.0016664028870990036,0.0001,3.0566693736885718e-06,0.003668583866906095,0.0002595819336050841,4651,0.3502471265044549
828,0.36257652067106083,0.36028274825630024,0.001786969612888818,0.0001,3.017496124529542e-06,0.003377221529415324,0.00026500028519518175,4558,0.36257652067106083
829,0.3619852855102723,0.36044110552753184,0.0019481254876970663,0.0001,3.491532567180202e-06,0.003584504785990599,0.00026343504420846394,4547,0.3619852855102723
830,0.367601453318688,0.3606213171868943,0.0020478657267970404,0.0001,3.8826470769230076e-06,0.0037918961444758916,0.00027008755173164894,4440,0.367601453318688
831,0.33074833083972177,0.36077338327665565,0.001893938896398612,0.0001,3.4413542720589305e-06,0.0036340710659702705,0.0002953781533789045,4848,0.33074833083972177
832,0.35056660025158753,0.3609020173667581,0.001870115435125277,0.0001,3.3988404048822966e-06,0.0036348990453144,0.00030572871515068017,4677,0.35056660025158753
833,0.37500054502568797,0.3610025283849442,0.0017397870907406956,0.0001,3.2466424450407682e-06,0.00373222960708203,0.0002747690452025896,4402,0.37500054502568797
834,0.3644786316624796,0.3611105733531882,0.0017750959188888619,0.0001,3.0343181842487234e-06,0.0034187653207473807,0.0002552754804315573,4478,0.3644786316624796
835,0.3575476185520988,0.3612808099482587,0.0018944971213969862,0.0001,3.3498521141926335e-06,0.0035364024324539283,0.00030212783766560026,4567,0.3575476185520988
836,0.3659477903493331,0.36128885001739597,0.0015766717348767766,0.0001,2.910342281074313e-06,0.0036917542398916267,0.0002787553033089331,4463,0.3659477903493331
837,0.3533975794487633,0.3613518145600707,0.0018381286965611825,0.0001,3.2842269807656414e-06,0.003573446175896015,0.000275175781042169,4656,0.3533975794487633
838,0.3539661060868669,0.36135505727790607,0.001556327397221791,0.0001,2.8086191515009363e-06,0.003609290894081308,0.0002626243469624243,4577,0.3539661060868669
839,0.3628509536844283,0.3615313656530008,0.0018051407702049408,0.0001,2.9838213996576333e-06,0.0033059154708680967,0.0002751295277527313,4502,0.3628509536844283
840,0.37121016377598837,0.3615708124870063,0.0016196375051989338,0.0001,3.0489672708355955e-06,0.0037649995891656045,0.00028385269431747143,4483,0.37121016377598837
841,0.3668873619076157,0.3615672879868135,0.0017648287397457022,0.0001,3.252285259307853e-06,0.00368566670075475,0.00028379061703214377,4494,0.3668873619076157
842,0.3643192175470853,0.36162611674450096,0.0014708494044985256,0.0001,2.468031172262338e-06,0.0033559263983300772,0.00026932392048628764,4517,0.3643192175470853
843,0.36147361506946996,0.36178537874792227,0.0017667920770014166,0.0001,2.828186800820174e-06,0.003201493642217534,0.0002727815594931576,4508,0.36147361506946996
844,0.376584038907072,0.3619387060615005,0.001920652486504287,0.0001,3.3567044480186974e-06,0.003495379275121361,0.00028844696028934867,4381,0.376584038907072
845,0.3512793482664615,0.36200344625186764,0.0015563393647650007,0.0001,2.6697334264638314e-06,0.003430785710245076,0.0002876447531847415,4594,0.3512793482664615
846,0.3547511710037384,0.36225215517893267,0.0019649320772066855,0.0001,3.3088859811255426e-06,0.0033679392987765754,0.0002803540730435937,4581,0.3547511710037384
847,0.35749277294040194,0.3621933581979829,0.001739940892300181,0.0001,3.198506387898091e-06,0.0036765690168586184,0.0002796477586130497,4547,0.35749277294040194
848,0.3799679585233136,0.3622925430000625,0.0016367435866116286,0.0001,2.8353892890765565e-06,0.003464671329424731,0.0002847635959173676,4335,0.3799679585233136
849,0.35462598180194127,0.3623602868349227,0.0018902876774594935,0.0001,3.4516111598792423e-06,0.003651942718600519,0.00027064108612431245,4613,0.35462598180194127
850,0.36268483607678614,0.36236775264964105,0.0018078914722774423,0.0001,3.463095049365197e-06,0.0038310873218541787,0.00029952110728758314,4523,0.36268483607678614
851,0.3663967131236484,0.36229800411866886,0.0016061595083746245,0.0001,3.1427033264689306e-06,0.0039133141012242705,0.0002768248397807916,4503,0.3663967131236484
852,0.3666166612080114,0.36240675838466485,0.0016668185659075973,0.0001,2.7811386222360567e-06,0.003337062208353435,0.00025498951577359024,4489,0.3666166612080114
853,0.3838515388631112,0.36242727988552603,0.0015060741465293583,0.0001,2.671733966227736e-06,0.0035479447972525903,0.0002864073895880786,4305,0.3838515388631112
854,0.3619966370564528,0.36262560302068536,0.0018895902892778313,0.0001,3.277049665750029e-06,0.0034685293254787634,0.0002870234028134807,4494,0.3619966370564528
855,0.3615865678475295,0.36281605380451554,0.0019518304566182576,0.0001,3.4432506960792476e-06,0.0035282272437177,0.0002716870220009352,4481,0.3615865678475295
856,0.3747408476653212,0.36299596191920946,0.0018750725011270604,0.0001,3.232961919388169e-06,0.003448359375378727,0.00029122748958526504,4411,0.3747408476653212
857,0.36849743958782316,0.3628978110146549,0.0014051443721848104,0.0001,2.537493049128608e-06,0.003611718623877982,0.0002783199991062613,4472,0.36849743958782316
858,0.3648271034644485,0.362896663381325,0.0014382593647086987,0.0001,2.5603384440279847e-06,0.0035603292519448314,0.0002890625156060668,4453,0.3648271034644485
859,0.37396296286964936,0.3628871584533165,0.001404774804049569,0.0001,2.29699789028441e-06,0.003270272051666663,0.00026513143645355764,4360,0.37396296286964936
860,0.34098207918568163,0.3629897395624857,0.0019143498615060248,0.0001,3.5946609257543617e-06,0.003755490047076798,0.00025212477649878194,4730,0.34098207918568163
861,0.3715167600511668,0.36315030342088284,0.0018230056587401843,0.0001,3.054282405591778e-06,0.0033508205429296205,0.00026201619881141374,4486,0.3715167600511668
862,0.366045001218427,0.36335454328248795,0.0019002276332860395,0.0001,3.2515444985700294e-06,0.003422268407861405,0.00027525303412509537,4509,0.366045001218427
863,0.36202976092642614,0.363482590568622,0.0017034186746560569,0.0001,2.7556424309826682e-06,0.00323542587853696,0.0002542850848586451,4575,0.36202976092642614
864,0.37455976852481293,0.36346979623945075,0.0016620749525356462,0.0001,2.9590178265075244e-06,0.003560631031703203,0.00026377910815974316,4441,0.37455976852481293
865,0.3687178453485478,0.36359929139937824,0.001869759833092856,0.0001,3.277779196320333e-06,0.0035060964925087814,0.00028141813484030843,4462,0.3687178453485478
866,0.36549601154849365,0.3635913230257145,0.0014785751554601664,0.0001,2.661744979647813e-06,0.0036004189165743383,0.00028324974188167644,4467,0.36549601154849365
867,0.3735787468777897,0.363638220012967,0.001649634593877496,0.0001,2.8357044829825245e-06,0.0034379789239472112,0.00028163271029099337,4400,0.3735787468777897
868,0.3680337924178791,0.36369550633297326,0.0015600764992104205,0.0001,2.72694890606648e-06,0.0034959169084934384,0.0002506584510505365,4491,0.3680337924178791
869,0.3644097644268014,0.3638961518118886,0.0017022262525069748,0.0001,2.5845267663761494e-06,0.003036643057959841,0.00026961771872213226,4427,0.3644097644268014
870,0.3665283990920167,0.36395645902630736,0.0017591099442359015,0.0001,3.3996404066987482e-06,0.0038651824098185497,0.0002869194203873263,4530,0.3665283990920167
871,0.37023198166098753,0.36413353155604156,0.0017815286163095567,0.0001,2.878105510774225e-06,0.003231051675988491,0.0002552976369547544,4444,0.37023198166098753
872,0.35171797035144947,0.36432699947455754,0.0019124794959733682,0.0001,3.2280485108437023e-06,0.0033757731966697685,0.00026721004279638843,4595,0.35171797035144947
873,0.3494059720310256,0.36434222333827815,0.001606360397239774,0.0001,2.9823327635950493e-06,0.0037131552405296133,0.0002844517953113499,4603,0.3494059720310256
874,0.37961113544436,0.3643826079611816,0.0014449064121993393,0.0001,2.3029591588123216e-06,0.0031876931811893787,0.00027405295230162005,4351,0.37961113544436
875,0.3628996465339683,0.36446309000809973,0.0017265037088330484,0.0001,3.0309425424702765e-06,0.003511075622906023,0.0002733057529787834,4507,0.3628996465339683
876,0.3571468722537644,0.36441036014648737,0.0014273861240606612,0.0001,2.3342005388570776e-06,0.003270594409614532,0.00026485056519094815,4574,0.3571468722537644
877,0.36157740743279426,0.36455446595532637,0.0018338374129397556,0.0001,3.186509572458572e-06,0.0034752367357915323,0.00027318049928097565,4505,0.36157740743279426
878,0.36702361726229027,0.3646565122409226,0.0017505287377600348,0.0001,3.28324531126702e-06,0.0037511469996982048,0.0002627686093791203,4441,0.36702361726229027
879,0.37370018859846194,0.3648082843012768,0.001753591190872013,0.0001,2.824402654836167e-06,0.0032212783338990978,0.00026913322513255703,4410,0.37370018859846194
880,0.3497753427426825,0.36481699785678634,0.0014110880064587081,0.0001,2.4497890524509687e-06,0.0034721988157195133,0.0002602618373117698,4553,0.3497753427426825
881,0.3805386392167391,0.36497380746663843,0.0018905112574362703,0.0001,3.2172199919503194e-06,0.00340354491865148,0.00027099958723150286,4297,0.3805386392167391
882,0.37758831612104926,0.36498619406948396,0.00152281829499226,0.0001,2.631213787618599e-06,0.003455716018478715,0.0002696332568881065,4386,0.37758831612104926
883,0.37594786953808407,0.36522225883352405,0.0019326336993009039,0.0001,3.340939640448985e-06,0.0034573956168284874,0.0002725829010345224,4396,0.37594786953808407
884,0.3580556048866659,0.3651201692996754,0.0014821061509020855,0.0001,3.033988462231118e-06,0.004094158114632312,0.00025776727197631555,4534,0.3580556048866659
885,0.35990243322457405,0.36507694392562173,0.0014394315085931818,0.0001,2.5376861750362994e-06,0.0035259561290505435,0.00026643248946993554,4527,0.35990243322457405
886,0.35609104304822115,0.36513333533340664,0.0016835634203210639,0.0001,2.9548450164061352e-06,0.0035102271535961877,0.0002599757174850504,4601,0.35609104304822115
887,0.36064212763815784,0.3652863434726634,0.0018904567398475099,0.0001,3.3306738849719833e-06,0.003523671094680162,0.00031210897958277656,4559,0.36064212763815784
888,0.3779110126478713,0.36534478960376904,0.0015989796400642676,0.0001,2.6485405826822556e-06,0.003312788376186957,0.00027121507787206947,4385,0.3779110126478713
889,0.3702417839029931,0.3653559445028539,0.0014619410842910939,0.0001,2.3643657378740574e-06,0.0032345568002428164,0.0002476951726174581,4397,0.3702417839029931
890,0.3650901917774075,0.3653796519963054,0.0016782802345120917,0.0001,2.875159254484872e-06,0.0034263160530168977,0.0002685328819433162,4445,0.3650901917774075
891,0.3573125129307407,0.36542383634085307,0.0016015347701650092,0.0001,2.80423752073545e-06,0.003501937732449636,0.00026468356887359096,4564,0.3573125129307407
892,0.36658006666323073,0.36549747136556177,0.001564446361910386,0.0001,2.6032163024262363e-06,0.0033279713076866126,0.00028861670572585645,4460,0.36658006666323073
893,0.3743416853511492,0.36552660710129214,0.0016861268009208653,0.0001,2.8643005178887353e-06,0.003397491240070936,0.0002692545016529058,4413,0.3743416853511492
894,0.36697566379214824,0.36563392379026993,0.0017852787433050028,0.0001,3.131962095596511e-06,0.0035086533207676646,0.00026163921765955296,4453,0.36697566379214824
895,0.3776159096935253,0.36568267331893334,0.001767616408143622,0.0001,3.1039897016490374e-06,0.0035120625576325077,0.00029438897331797534,4375,0.3776159096935253
896,0.36447256739915557,0.36589279158231536,0.0020343387490716317,0.0001,3.6375177692214494e-06,0.003576118058884171,0.0003028657693202974,4552,0.36447256739915557
897,0.38202184246038473,0.3658515501413655,0.0016120032512761226,0.0001,2.7991440846291725e-06,0.0034728764751724476,0.000254520881714438,4321,0.38202184246038473
898,0.35180497453249865,0.36597081254258557,0.0017368597583458391,0.0001,2.8890891669071853e-06,0.003326796136561668,0.00030937603750770537,4595,0.35180497453249865
899,0.3697185175195036,0.3662172187676936,0.0019303862127623733,0.0001,3.138413672264682e-06,0.003251591470676354,0.0002615877195587316,4436,0.3697185175195036
900,0.36285200764323927,0.3663530073937482,0.0018309509088670396,0.0001,3.6483707527850135e-06,0.003985219631085097,0.00027185603551607105,4538,0.36285200764323927
901,0.3699500046100723,0.3664129194532507,0.0017176273031671784,0.0001,3.1597948375529635e-06,0.003679255484267784,0.00027373072801618057,4441,0.3699500046100723
902,0.365972979456424,0.36645535220338976,0.001449725631439417,0.0001,2.5205384863226335e-06,0.0034772627753294504,0.0002728062931520065,4525,0.365972979456424
903,0.3577417418186586,0.3665149250998787,0.0015678853810171863,0.0001,2.6574422555378107e-06,0.0033898425072549122,0.0002756963888454597,4516,0.3577417418186586
904,0.3609429449165759,0.36660670791093775,0.0016593516800562534,0.0001,2.621905339236771e-06,0.0031601563077308437,0.00026666727327276856,4571,0.3609429449165759
905,0.38080278734243866,0.36671322782035226,0.0016343912666414231,0.0001,2.5823880658568605e-06,0.0031600610191261183,0.0002964678927659982,4318,0.38080278734243866
906,0.3857042832186899,0.36668416130251913,0.001646130229391337,0.0001,2.850826924594103e-06,0.003463671189184354,0.0002774599713909229,4267,0.3857042832186899
907,0.37754259678781243,0.36684974353669236,0.0020239742390018444,0.0001,3.7142058057338166e-06,0.0036702105532385987,0.00026532503994532684,4366,0.37754259678781243
908,0.3612457325312446,0.3669427274074807,0.0016660355129219187,0.0001,2.7296823123046075e-06,0.0032768596961264634,0.0002696744011596488,4493,0.3612457325312446
909,0.34812697659664504,0.3668929332819914,0.0018100694623549378,0.0001,3.5435208869681423e-06,0.003915342433718481,0.00027831104808862764,4634,0.34812697659664504
910,0.37168785522098546,0.36696186919661766,0.0014879151923856578,0.0001,2.4238652596856936e-06,0.00325806910513411,0.00026204179735471694,4488,0.37168785522098546
911,0.3647490419307321,0.3671127209423345,0.0018092997882342577,0.0001,3.0318910375820625e-06,0.0033514523765472417,0.00027729724909904415,4506,0.3647490419307321
912,0.3640500702411708,0.3671810963357084,0.0017884707841922549,0.0001,3.190996634781397e-06,0.0035684078968307885,0.0002514356442340905,4533,0.3640500702411708
913,0.3876443622841837,0.3671087760631758,0.0014406637455252511,0.0001,2.839192799948815e-06,0.003941506557331565,0.0002782615746690413,4273,0.3876443622841837
914,0.3815743627353735,0.36707385324270037,0.0016070462195908197,0.0001,2.813958236068462e-06,0.003502025270667003,0.00026092157489848126,4286,0.3815743627353735
915,0.3666524595648616,0.36716285213156846,0.0016678370538405862,0.0001,2.7410421767038295e-06,0.00328694241489831,0.00024764092977193027,4476,0.3666524595648616
916,0.375527105572115,0.36725092304880086,0.0019156049812211007,0.0001,3.565432262110918e-06,0.0037225130411157486,0.00028837336366710405,4400,0.375527105572115
917,0.3695678157863985,0.36724032543262575,0.0015238804748928065,0.0001,2.5791016331977787e-06,0.003384913286429763,0.00026445605090849426,4412,0.3695678157863985
918,0.36954004673921775,0.3672213098672835,0.0016019925429358447,0.0001,2.6919093278072525e-06,0.0033607014460554263,0.0002632576213133122,4458,0.36954004673921775
919,0.37355092703269555,0.36735994449868764,0.0018634039591118054,0.0001,3.5167275218198965e-06,0.003774519748789361,0.0002702127902389555,4394,0.37355092703269555
920,0.3683937490240031,0.367491808161837,0.001783444917894777,0.0001,2.9618432386769666e-06,0.0033214855238402315,0.00029588077915544957,4456,0.3683937490240031
921,0.3571798881548994,0.3676368455175755,0.001693151335714759,0.0001,2.6677309737072555e-06,0.003151202042528679,0.00027268368256942694,4571,0.3571798881548994
922,0.37519932795457533,0.36763582770632397,0.0014770195247216355,0.0001,2.6808069880252003e-06,0.0036300224108823938,0.00027434860975858244,4383,0.37519932795457533
923,0.37417114626737946,0.36773404120193864,0.0016571430642732022,0.0001,2.663413451786864e-06,0.0032144641089935063,0.0002743236660243752,4386,0.37417114626737946
924,0.37585181261235323,0.36800961985617986,0.001966412043548506,0.0001,3.333541555398014e-06,0.0033904812232358416,0.00028118968137701156,4402,0.37585181261235323
925,0.37093623173526424,0.36795995648341634,0.0013356087505914619,0.0001,2.330315003347336e-06,0.003489517423894352,0.00027414867360501345,4458,0.37093623173526424
926,0.3682423391520606,0.3680914401617249,0.0018430856960189544,0.0001,3.282253972355893e-06,0.003561694368791996,0.0002861164929857112,4511,0.3682423391520606
927,0.35164894804064567,0.368024147395221,0.0014653762041470044,0.0001,2.8339047667779276e-06,0.003867818733179913,0.0002932641388410184,4558,0.35164894804064567
928,0.3598593127700964,0.3680928475734693,0.0015606951262694786,0.0001,2.5894076209624143e-06,0.0033182747576739886,0.00026435957329588156,4561,0.3598593127700964
929,0.3641789636010477,0.3681467987973098,0.0017549637594437937,0.0001,2.946919161558123e-06,0.0033583817850370875,0.000280364862002818,4418,0.3641789636010477
930,0.36550210791547144,0.36834154654298357,0.001795069045830888,0.0001,2.832052424056154e-06,0.00315536879278677,0.0002829881429671109,4507,0.36550210791547144
931,0.3641035766000444,0.36848479001906165,0.0016682380788628766,0.0001,2.6218492963575107e-06,0.003143255545568945,0.00029730326805246223,4510,0.3641035766000444
932,0.3709654313672215,0.36829637099229084,0.001579053952454634,0.0001,3.303907521903508e-06,0.004184667049238685,0.0002770815709892363,4464,0.3709654313672215
933,0.37723664329666784,0.36836401157904364,0.0014891258661596518,0.0001,2.193646478895086e-06,0.002946220368265232,0.00025220202346614546,4355,0.37723664329666784
934,0.3533815933462383,0.3684067768409234,0.0015669021112713931,0.0001,2.6748918072837374e-06,0.0034142423933723794,0.0002636298533209622,4598,0.3533815933462383
935,0.35386932214436273,0.36841006105222246,0.0015077626767222472,0.0001,2.7660028866069944e-06,0.0036690162574126825,0.0002516615427915297,4592,0.35386932214436273
936,0.3623827420897534,0.36849898567377115,0.0017291473564315205,0.0001,2.9649359070099498e-06,0.003429361755644416,0.00027950841800080333,4525,0.3623827420897534
937,0.37892209776424945,0.36853453938757824,0.0014520525391868522,0.0001,2.365132154548447e-06,0.003257639914149275,0.00025190306508991755,4403,0.37892209776424945
938,0.369384944995482,0.36855097593587854,0.0017556118552956128,0.0001,3.2425017362672806e-06,0.003693870859309391,0.0002742413773871828,4453,0.369384944995482
939,0.35740870960873805,0.3685823178071935,0.0016120603954394574,0.0001,2.9737638660158563e-06,0.003689395105082513,0.0002462265375114209,4513,0.35740870960873805
940,0.37326995410196645,0.36870905370865137,0.0017827314704854835,0.0001,2.936728930119104e-06,0.0032946396905411193,0.00027127314004668,4436,0.37326995410196645
941,0.3690904310725024,0.3687457782433035,0.001363432948732375,0.0001,2.121086511961056e-06,0.003111391013299326,0.0002697902265547482,4415,0.3690904310725024
942,0.37273026971166245,0.36878557337465623,0.0017213586123943022,0.0001,3.085096020170233e-06,0.0035844895978753167,0.0002599928653537201,4392,0.37273026971166245
943,0.36168815508700414,0.3688848855352116,0.0017919010610749802,0.0001,3.1058282133491264e-06,0.0034665175224416777,0.0002683089550525202,4464,0.36168815508700414
944,0.37954969412857104,0.3689759345468437,0.001620533737164887,0.0001,2.5187271161774693e-06,0.003108515495128124,0.0002565263797929291,4345,0.37954969412857104
945,0.3688714510558761,0.36914612801726826,0.0018583132334590098,0.0001,3.1631109975220847e-06,0.003404281840725379,0.0002651220682640687,4458,0.3688714510558761
946,0.3627774344211602,0.36930999417104626,0.0018555044190455248,0.0001,3.0530721525239782e-06,0.0032908271424052825,0.00028388421592579464,4506,0.3627774344211602
947,0.35029743595547375,0.3694330613977853,0.0018714833196997339,0.0001,3.3921370116717422e-06,0.0036250785416735497,0.0002985125165498031,4628,0.35029743595547375
948,0.36249912025195624,0.36948596625314367,0.0015622270820262857,0.0001,2.652219436034057e-06,0.003395433950093859,0.0002524538381736955,4519,0.36249912025195624
949,0.36345533131174246,0.36944329172009016,0.0014596334785125981,0.0001,2.6950007436193982e-06,0.003692708866017062,0.0002808387155221261,4481,0.36345533131174246
950,0.3521246074044466,0.3695314739769753,0.0018347154260956444,0.0001,3.413935964667007e-06,0.003721488265820072,0.00029032468513679025,4645,0.3521246074044466
951,0.37598463860095244,0.36948647121461686,0.0016839994238098876,0.0001,3.2686151201899888e-06,0.003881967029175177,0.00026437789290524854,4392,0.37598463860095244
952,0.3634569928875432,0.3694540737136076,0.0014514353050728698,0.0001,2.55159100039153e-06,0.0035159555392838215,0.0002685000173871592,4500,0.3634569928875432
953,0.36779134910869116,0.3693429660359885,0.0015514607096040935,0.0001,2.9078444994064366e-06,0.003748524833926951,0.0002637618707845896,4424,0.36779134910869116
954,0.37928211932493955,0.3692759992951309,0.0013700308091245403,0.0001,2.25792186059909e-06,0.0032961621673923062,0.0002563920619570941,4259,0.37928211932493955
955,0.3929863447694189,0.36938580538723376,0.001611516315611194,0.0001,2.671147882108882e-06,0.003315073953931152,0.00028227525814414865,4197,0.3929863447694189
956,0.3574117665064265,0.36943862725839494,0.0019080375322398427,0.0001,3.5418896641206333e-06,0.0037125995734086144,0.00028434418519042844,4537,0.3574117665064265
957,0.3578034629325403,0.36935581296378983,0.001580741803495592,0.0001,3.1723373050012555e-06,0.004013732410930198,0.00028111769682283386,4563,0.3578034629325403
958,0.3739329434006507,0.3694770823975708,0.0016621783372363656,0.0001,2.793774259466999e-06,0.0033615818433924377,0.00024176162952827725,4440,0.3739329434006507
959,0.38543509219400285,0.3696078250204242,0.0017578203300970584,0.0001,2.864232164216484e-06,0.0032588451904619112,0.00029396908537436225,4282,0.38543509219400285
960,0.3647046074782872,0.3697689429341014,0.0017408334366715188,0.0001,3.0502735538592174e-06,0.003504383003685124,0.0002657878764669123,4549,0.3647046074782872
961,0.3626899784817291,0.3697476579014582,0.001638870380386206,0.0001,2.882819739686586e-06,0.003518057040004883,0.0002874305368420802,4531,0.3626899784817291
962,0.3434082483171413,0.369722843218998,0.0012584188602432983,0.0001,1.8953956110854743e-06,0.0030123445713759016,0.00026107852670743346,4676,0.3434082483171413
963,0.3686014749110766,0.3697686116477781,0.0017456093521692122,0.0001,3.0231313980000094e-06,0.0034636975268759434,0.00023479922177123752,4418,0.3686014749110766
964,0.3570977080101091,0.36973403837038377,0.001480134349479387,0.0001,2.4363420437739336e-06,0.0032920552713757065,0.0002538749304696067,4554,0.3570977080101091
965,0.37293066644404443,0.36985585349136607,0.00169309305700053,0.0001,2.813449430122514e-06,0.003323443349424394,0.000264168213554922,4418,0.37293066644404443
966,0.3568032055693154,0.3699934962053237,0.0017622433747624276,0.0001,3.158199639724885e-06,0.0035842945247567177,0.00027684483752834095,4580,0.3568032055693154
967,0.36913691046178126,0.3700374571216021,0.0015609242997887054,0.0001,2.5209631564693306e-06,0.0032300902187384502,0.00030190309933197907,4456,0.36913691046178126
968,0.38002141798969236,0.3701185296864909,0.0015257376241471,0.0001,2.48661647887079e-06,0.0032595597559060383,0.00026364514316832373,4386,0.38002141798969236
969,0.3721725504842629,0.37013035862215105,0.0016526639369650283,0.0001,2.802286218477711e-06,0.0033912353937169616,0.0002788624335153989,4353,0.3721725504842629
970,0.38242145332694366,0.37016356594541355,0.0015794446998756806,0.0001,2.5197571681496737e-06,0.003190687421152517,0.00027234530718405294,4344,0.38242145332694366
971,0.37195260762015614,0.3702139002768301,0.0017324010630004442,0.0001,2.844344095648696e-06,0.0032837016282158287,0.00024831101752192426,4383,0.37195260762015614
972,0.3746090136930058,0.3702587588112839,0.0016533487828060533,0.0001,2.8102908827395476e-06,0.0033995136561203246,0.0002600230233759238,4383,0.3746090136930058
973,0.36851425785101344,0.370290559679693,0.0017305790916995183,0.0001,2.9496995077511373e-06,0.0034089161505521017,0.00027051850043265503,4362,0.36851425785101344
974,0.3834778738099777,0.3704205941652139,0.001759607071463162,0.0001,2.8033809775062636e-06,0.0031863715746211167,0.0002908537382149474,4301,0.3834778738099777
975,0.3761825028193348,0.3706394102074205,0.0019016999125072496,0.0001,3.1286474152613916e-06,0.0032903692056613734,0.0002601579144472041,4336,0.3761825028193348
976,0.379465170527763,0.370587859616736,0.001429158735425293,0.0001,2.622811350042675e-06,0.0036704269232377073,0.0002763762056628061,4357,0.379465170527763
977,0.36523633571002406,0.37065818738838896,0.0017190222912709142,0.0001,3.1431234064260686e-06,0.003656873354565149,0.000300134556568076,4466,0.36523633571002406
978,0.3562319028816394,0.37056937498935455,0.0014368722180859638,0.0001,2.726543191291069e-06,0.003795108788341745,0.00025591807662457815,4607,0.3562319028816394
979,0.37221261704819475,0.3706591773780484,0.0016185139058328129,0.0001,2.6108308514915453e-06,0.0032262075006987737,0.0002447199153905099,4446,0.37221261704819475
980,0.3753945224483979,0.3708085313949564,0.0018006519797780537,0.0001,2.8533444940575577e-06,0.0031692348394932574,0.0002643718674785246,4414,0.3753945224483979
981,0.3599610942702877,0.37092464272006426,0.00169477595051384,0.0001,2.730585916149087e-06,0.0032223562239258813,0.0002757600039953751,4536,0.3599610942702877
982,0.37102432214131686,0.3709055911849676,0.0014032407783575924,0.0001,2.371662205366217e-06,0.003380264088593694,0.00027942270832178977,4423,0.37102432214131686
983,0.37208225842352827,0.3709587110535095,0.0015663537328393514,0.0001,2.3707833403403064e-06,0.0030271365792230776,0.00026956600828187795,4402,0.37208225842352827
984,0.39216404416232253,0.3711204578276281,0.0019167817408423968,0.0001,3.1990992789177654e-06,0.0033379901433241,0.00026647806961231364,4242,0.39216404416232253
985,0.37032260044840964,0.37112657037414115,0.0015640155075194277,0.0001,2.7818065708076337e-06,0.0035572621338258417,0.00025273057468891717,4452,0.37032260044840964
986,0.383918163086973,0.37127638966159326,0.0018127020204479192,0.0001,2.9376223729592338e-06,0.0032411530850871414,0.0002603592736561175,4300,0.383918163086973
987,0.3761985156129195,0.3711780204171361,0.0015904726599987483,0.0001,2.820469867580403e-06,0.0035467065087212797,0.0002482851321343307,4348,0.3761985156129195
988,0.37863865310218525,0.3712275981441239,0.0017900165909599008,0.0001,3.2897559014191698e-06,0.0036756708491232806,0.00028131030288985616,4314,0.37863865310218525
989,0.37431809150063244,0.37123094664919476,0.0015984017854833276,0.0001,2.8092061617259398e-06,0.0035150187984512135,0.0002699294822518089,4372,0.37431809150063244
990,0.3718498067442957,0.3713024260940367,0.0015696248413313249,0.0001,2.610659126664958e-06,0.0033264752925936726,0.00029726436976134046,4393,0.3718498067442957
991,0.36228196788008493,0.3713041184837301,0.0013184430042341294,0.0001,2.1699389801011304e-06,0.0032916689961302145,0.0002812367684549901,4465,0.36228196788008493
992,0.38530083421278705,0.3712934266951704,0.0013359059259821714,0.0001,2.159544460132581e-06,0.003233078644433532,0.00029737028856408553,4306,0.38530083421278705
993,0.392454014145319,0.3713709496834475,0.0014583497387590475,0.0001,2.094778543005137e-06,0.0028728068272397336,0.00028554725926392715,4181,0.392454014145319
994,0.3586194025519102,0.3715051212516729,0.0020049452063895475,0.0001,3.619797160522782e-06,0.0036108689145088585,0.00026507235891393556,4510,0.3586194025519102
995,0.3759205735189679,0.3716589461544032,0.0019178046829671305,0.0001,3.1368211753024793e-06,0.0032712624003497035,0.0002823625014882163,4418,0.3759205735189679
996,0.37514073450704405,0.3717401381261408,0.0016513572784928312,0.0001,2.8358545274504044e-06,0.0034345741704528603,0.0002580479222736975,4342,0.37514073450704405
997,0.37115708617142956,0.37184842541563184,0.0018981634450572062,0.0001,3.3306742837852988e-06,0.003509365110215701,0.0002890340316505157,4392,0.37115708617142956
998,0.3600533724006026,0.3719678976948031,0.0018300634756752909,0.0001,3.159244937677066e-06,0.003452606950161998,0.00026318433404846496,4575,0.3600533724006026
999,0.3742882377674758,0.37208273364127903,0.0017905962424862303,0.0001,2.964264283845831e-06,0.0033109242759606946,0.0002787100193892406,4343,0.3742882377674758
1000,0.3665050174249466,0.3721218465112356,0.0018300811383654874,0.0001,3.313813428354453e-06,0.003621493450628251,0.0002646775394779052,4438,0.3665050174249466
1001,0.37056233956204276,0.3722325053951272,0.0016094398385438418,0.0001,2.4419326874878325e-06,0.0030345125415774444,0.00024421686785477205,4400,0.37056233956204276
1002,0.3579137693693016,0.37224732837798924,0.0015072231211162444,0.0001,2.543005085765568e-06,0.003374424197901405,0.0002880648923708762,4564,0.3579137693693016
1003,0.37987360572103385,0.37230870699715557,0.0016285289541843472,0.0001,2.7912524231729702e-06,0.0034279432563985037,0.0002925241266695043,4387,0.37987360572103385
1004,0.37337590079625294,0.37238161606588505,0.0016893216403115708,0.0001,2.820498971075056e-06,0.003339208950824612,0.00026218614347196394,4420,0.37337590079625294
1005,0.37872441338559854,0.3723509007766608,0.001432129652877764,0.0001,2.290957181134446e-06,0.0031993711973366773,0.00024594994580461244,4376,0.37872441338559854
1006,0.3742371668798416,0.37240830924141166,0.0013892656539146182,0.0001,1.973983588913497e-06,0.002841765479987622,0.0002557269341676659,4406,0.3742371668798416
1007,0.38161646518265707,0.3724392061999254,0.0016426671349864153,0.0001,2.644713829545199e-06,0.003220024036783411,0.00025097854160330095,4318,0.38161646518265707
1008,0.3684929157727965,0.37247824506532123,0.0014841677600670017,0.0001,2.4449684924347858e-06,0.003294733328966005,0.00023301999095230185,4494,0.3684929157727965
1009,0.3826010472750526,0.37261710657533154,0.0017758682450100113,0.0001,2.783225453167231e-06,0.00313449543454339,0.0002651499682139901,4256,0.3826010472750526
1010,0.37634732649717356,0.372667056775676,0.0017541576250293266,0.0001,3.032703624661555e-06,0.0034577321688646456,0.0002586746454682926,4310,0.37634732649717356
1011,0.3825262043820924,0.37266270500685283,0.0016174585232590643,0.0001,2.9364954689010493e-06,0.003630999406382575,0.00028251055869578037,4341,0.3825262043820924
1012,0.3763475006467707,0.37267634962647506,0.001632566695335846,0.0001,2.9311439287128984e-06,0.003590841264968857,0.00026939934697710045,4422,0.3763475006467707
1013,0.3803078330457255,0.37252509893219843,0.001515250496576726,0.0001,3.0102696436169783e-06,0.003973296363100121,0.00028061903155857505,4351,0.3803078330457255
1014,0.3775768908014565,0.37265154219065294,0.0017981892027064377,0.0001,3.0046551569331933e-06,0.0033418676437506293,0.00027934078501536184,4367,0.3775768908014565
1015,0.3681262327642355,0.37279581924834304,0.0017149727024741367,0.0001,2.709770803475956e-06,0.0031601328692481864,0.0002706446207060144,4462,0.3681262327642355
1016,0.3780202497098768,0.3728178035963031,0.0017571289347295047,0.0001,3.13082667645426e-06,0.003563570793894217,0.0002645772665414607,4389,0.3780202497098768
1017,0.36696004963573503,0.3729340490689361,0.002008726603836247,0.0001,3.8709289870499375e-06,0.003854112331322016,0.00025568160667531535,4459,0.36696004963573503
1018,0.36232924925839294,0.3728695362603653,0.0014935020569462965,0.0001,2.681372553349842e-06,0.003590718259648515,0.0002489420832060515,4492,0.36232924925839294
1019,0.3729363977445138,0.37282378360849155,0.0016356704681030605,0.0001,3.324123240847388e-06,0.00406453904459433,0.0002522732723202185,4394,0.3729363977445138
1020,0.36511684621885504,0.37288174285081715,0.0014252338800890354,0.0001,2.1934536353873883e-06,0.003078026232789753,0.0002689473599062395,4509,0.36511684621885504
1021,0.36733234575859625,0.3730222200214269,0.0016512573147670069,0.0001,2.4277586740407292e-06,0.00294049710160804,0.00026239891976415574,4432,0.36733234575859625
1022,0.3667811071338733,0.3730842899491199,0.001690491299461805,0.0001,2.7625463861762758e-06,0.003268335527140277,0.00026706404816517434,4463,0.3667811071338733
1023,0.3852889982660038,0.37318509309176484,0.0016475739334601428,0.0001,2.739041235847163e-06,0.0033249387845008947,0.00027162633869568295,4303,0.3852889982660038
1024,0.3956005405127756,0.37330498957297065,0.001745709941513436,0.0001,2.760528299086333e-06,0.0031626425827570234,0.00026115741742180007,4178,0.3956005405127756
1025,0.3606466789254425,0.37331361491067216,0.00176787802820811,0.0001,3.205548022889823e-06,0.0036264357288708546,0.00025833435496362553,4553,0.3606466789254425
1026,0.37695714762133603,0.37338791161571233,0.001881153726825426,0.0001,3.345885889248448e-06,0.003557270032252873,0.00025075281269981215,4358,0.37695714762133603
1027,0.36557312962487015,0.3735035113815732,0.0017873109557753298,0.0001,2.9438746175947218e-06,0.003294194116678123,0.000294231420637533,4486,0.36557312962487015
1028,0.3668147228294105,0.37362682193874175,0.0018403887250371617,0.0001,3.0360740325069097e-06,0.003299383430471303,0.0002723699247542249,4452,0.3668147228294105
1029,0.3679773128723208,0.37376443095950196,0.0018078657503549122,0.0001,2.930430332812447e-06,0.003241867193111168,0.0002789895710878387,4492,0.3679773128723208
1030,0.3830129939011971,0.3738097715482904,0.0015343639560821093,0.0001,2.506577146418351e-06,0.0032672523836114083,0.0002608970156668646,4290,0.3830129939011971
1031,0.3725140986440335,0.37380152356509205,0.0015947812685725142,0.0001,2.7255688396715154e-06,0.003418109923138446,0.00026711029917450107,4426,0.3725140986440335
1032,0.37395180080389545,0.3736611389389948,0.0017656921082701395,0.0001,3.4430741907350114e-06,0.0038999712063143488,0.00027713426651132164,4376,0.37395180080389545
1033,0.35823358991359644,0.3737471779910862,0.0016084007727068094,0.0001,2.7950090184275833e-06,0.0034755131505238056,0.0002841365283425284,4532,0.35823358991359644
1034,0.3893307379565629,0.37380135151536786,0.0016664137059732177,0.0001,2.7934026238199615e-06,0.003352591992981191,0.0002786219890905803,4250,0.3893307379565629
1035,0.36716290192421797,0.3738646698477526,0.0016827593791378336,0.0001,3.0441787139361753e-06,0.003618079627636209,0.00028300599960389577,4462,0.36716290192421797
1036,0.3845986967341366,0.37384734009645726,0.0013915811016893581,0.0001,2.1642500440064313e-06,0.003110490709278913,0.000275146249236912,4289,0.3845986967341366
1037,0.37323886112152815,0.3738393187380495,0.0014426325385419644,0.0001,2.4036558367872526e-06,0.0033323188997477784,0.00028982312846028693,4396,0.37323886112152815
1038,0.38005070159022925,0.37393866765668016,0.0016350576780113824,0.0001,2.5012237182907315e-06,0.0030594929486925646,0.0002792803042438111,4351,0.38005070159022925
1039,0.38089513906526473,0.3739456348871747,0.001791583822094448,0.0001,3.2642777364569276e-06,0.0036440134100349584,0.00027815712087596696,4364,0.38089513906526473
1040,0.38235659036579556,0.3740962261582339,0.0017345578237254414,0.0001,2.6037113025837796e-06,0.003002161435000871,0.0002663325341437402,4324,0.38235659036579556
1041,0.38341932919075317,0.374181355018978,0.0016848260485081118,0.0001,2.7517306677766574e-06,0.0032664863772889478,0.00022412768348961177,4319,0.38341932919075317
1042,0.3580874122602088,0.3743122183582376,0.001687451523738566,0.0001,2.5706279044960327e-06,0.0030467576322438946,0.00024805382463045364,4555,0.3580874122602088
1043,0.38786962351662985,0.3745013438339674,0.0018564651323890208,0.0001,2.8878216203811786e-06,0.00311109707367888,0.0002801695437151258,4243,0.38786962351662985
1044,0.3777755937873297,0.37453400601886844,0.0017032594092087397,0.0001,2.8294023963827684e-06,0.0033223387830244675,0.00027735584079493456,4364,0.3777755937873297
1045,0.37275285666857816,0.3746587390813555,0.0017522475319926235,0.0001,2.8466774544768914e-06,0.003249172736730526,0.0002867261731479902,4449,0.37275285666857816
1046,0.3803291632606187,0.37458334876743127,0.0015572773839159183,0.0001,2.957980849045212e-06,0.003798913256682754,0.00027058607149999165,4335,0.3803291632606187
1047,0.38755922359231476,0.3746155631642305,0.0014232012571062263,0.0001,2.1743445509631676e-06,0.0030555686205396265,0.0002707964260977712,4328,0.38755922359231476
1048,0.3855093765681503,0.3745650269526608,0.0014325642685743857,0.0001,2.4001329413765553e-06,0.003350820614512526,0.000274265003531914,4296,0.3855093765681503
1049,0.38094033499595237,0.37463532929379395,0.0017676479577890115,0.0001,2.8734995556924205e-06,0.0032512124860954975,0.0002731951630761078,4320,0.38094033499595237
1050,0.382638589576059,0.37463248324474935,0.001451887224919091,0.0001,2.2386983435142768e-06,0.0030838460523530432,0.00026548946513028004,4294,0.382638589576059
1051,0.38221188266329076,0.37471231870873833,0.0018051858766473,0.0001,3.08725043897636e-06,0.0034204238786868725,0.0002988898462946793,4352,0.38221188266329076
1052,0.3798812629015159,0.37479794195251404,0.0017924756871298964,0.0001,3.4073293663831104e-06,0.0038018137605413324,0.00028915703503176694,4366,0.3798812629015159
1053,0.3809449924775635,0.3746495578219894,0.0014156116485684626,0.0001,2.6404029763798027e-06,0.003730405834184693,0.00027106288009985993,4304,0.3809449924775635
1054,0.3676181194111131,0.37461445670913346,0.0015089450482792103,0.0001,2.4165986751347018e-06,0.0032030307238697297,0.0002603212585864915,4475,0.3676181194111131
1055,0.39387836563915024,0.37454283946616773,0.0014318551706408653,0.0001,2.6442703489305566e-06,0.0036934885638566957,0.0002777992030371538,4244,0.39387836563915024
1056,0.3746269835393078,0.3745540342194622,0.0014715640243288895,0.0001,2.558142423636191e-06,0.0034767667343632413,0.0002527322529807302,4401,0.3746269835393078
1057,0.38659313769952786,0.3746077755706667,0.0015852038947753932,0.0001,2.5116507107449593e-06,0.0031688677008970306,0.0002567876381841347,4278,0.38659313769952786
1058,0.3869186378112141,0.3745753647413378,0.0013881206361778151,0.0001,2.2501628196443096e-06,0.003242027761852348,0.0002497210182358697,4267,0.3869186378112141
1059,0.3797981173678447,0.37450002003418725,0.0014294924996364523,0.0001,2.495136836496045e-06,0.0034909407879098442,0.00025955848310322757,4358,0.3797981173678447
1060,0.3794322067952884,0.3746057716081723,0.001809004929646504,0.0001,3.0679246253437897e-06,0.0033918366667395313,0.0002945054743875765,4350,0.3794322067952884
1061,0.3713611207383529,0.37461913578606293,0.0017259172385681615,0.0001,2.9710911891825597e-06,0.003442912699159789,0.00027179714499700735,4421,0.3713611207383529
1062,0.3784088389375113,0.3746285707884656,0.001649742668788856,0.0001,2.8004801832524924e-06,0.0033950509206486603,0.00029604196983049443,4388,0.3784088389375113
1063,0.37629561919927945,0.37483010770366976,0.0019025143839272126,0.0001,3.0997894237384927e-06,0.003258623903110617,0.00027681338665646346,4390,0.37629561919927945
1064,0.37443655530190056,0.3747833914752977,0.0017421551621184803,0.0001,3.1609237490440637e-06,0.00362875112134139,0.00026432941438604164,4394,0.37443655530190056
1065,0.37775381683818665,0.3748538042611003,0.0018457986068780078,0.0001,3.221895206489927e-06,0.003491058227570618,0.0002873964452206305,4347,0.37775381683818665
1066,0.3821162574566918,0.3748697787702961,0.0014134900719288486,0.0001,2.1332733765967436e-06,0.003018448334321413,0.00023649251937584955,4319,0.3821162574566918
1067,0.36657076424488844,0.37510354769632476,0.002076405495111663,0.0001,3.672988464095792e-06,0.003537833503853513,0.0002838183476680983,4491,0.36657076424488844
1068,0.36839543449843426,0.37509912550976043,0.0014303955994697498,0.0001,2.241436210275908e-06,0.00313400881701092,0.00025551682907282527,4459,0.36839543449843426
1069,0.3863422626900267,0.3750102182320728,0.001647458331476795,0.0001,2.8342181667663636e-06,0.0034407160565035327,0.00025890923499416306,4294,0.3863422626900267
1070,0.37125514405178744,0.37494638162762217,0.0014520264991125047,0.0001,2.3229648937304677e-06,0.0031996177688909822,0.00027228194345548656,4427,0.37125514405178744
1071,0.3744584433805847,0.3749816255390814,0.0014986405662211688,0.0001,2.243920094545302e-06,0.0029946074397323445,0.00027952113193794144,4336,0.3744584433805847
1072,0.3898290679266756,0.3749560637839054,0.0016249358915412526,0.0001,2.8064093148518738e-06,0.0034541785057009143,0.0002926007494470095,4234,0.3898290679266756
1073,0.34901969820381296,0.3750409928562205,0.0019424484781286652,0.0001,3.4669527909126607e-06,0.003569672843269117,0.00027212192402220934,4571,0.34901969820381296
1074,0.365851565437723,0.3751039447516859,0.001830657280876531,0.0001,3.265099971947401e-06,0.003567134062782138,0.0002606489197035477,4432,0.365851565437723
1075,0.3550422841386569,0.37522995205371257,0.0019270131558002082,0.0001,3.354662164456509e-06,0.0034817221193941023,0.0002578185714810387,4551,0.3550422841386569
1076,0.38844787369593714,0.3752308151169361,0.0015090279066184893,0.0001,2.6399366068252874e-06,0.003498857238155387,0.0002828287524953033,4273,0.38844787369593714
1077,0.36965990059727355,0.3751774631129193,0.0015289912413038976,0.0001,2.7326573005486607e-06,0.003574457755844693,0.0002446409961788484,4432,0.36965990059727355
1078,0.37884437544252547,0.37519950410571157,0.0016721204066229773,0.0001,2.812686121908757e-06,0.003364214814636789,0.00030241908742683477,4329,0.37884437544252547
1079,0.39381995398256364,0.3751097936765324,0.0013469964850741129,0.0001,2.1396040335825964e-06,0.003176851695295811,0.0002509943668575666,4192,0.39381995398256364
1080,0.3739327133458792,0.37533704072131063,0.0019711710564190178,0.0001,3.2321670044535755e-06,0.003279438376419122,0.00027414178999091615,4383,0.3739327133458792
1081,0.36603797160060547,0.3754765845105381,0.0016811468391723086,0.0001,2.613132437688026e-06,0.003108749785324605,0.00024886103500937166,4444,0.36603797160060547
1082,0.37891464181779316,0.3754411731318604,0.0018883634826068368,0.0001,3.6745870292208937e-06,0.0038918217420178245,0.0002581336797000357,4385,0.37891464181779316
1083,0.38427529765314317,0.3754210919594124,0.0014973626755189744,0.0001,2.6396692871789285e-06,0.0035257580949973116,0.00026925998199943277,4340,0.38427529765314317
1084,0.3813210311490091,0.37543955870015966,0.001596477796932433,0.0001,2.792045669036105e-06,0.0034977569677460056,0.0003056340836141836,4326,0.3813210311490091
1085,0.3695538784951107,0.3754879897574006,0.0015674856499413524,0.0001,2.6977013693116076e-06,0.003442074725739968,0.00026863429618582534,4396,0.3695538784951107
1086,0.3613828026143139,0.3755709283266282,0.001646802492626093,0.0001,2.5928064518885267e-06,0.00314889789576876,0.00025619501885812705,4562,0.3613828026143139
1087,0.3688777084281439,0.3756807786680947,0.0016707834336211471,0.0001,2.997987937064233e-06,0.0035887211672509696,0.00026447095347646694,4464,0.3688777084281439
1088,0.35828112896327435,0.37571775391647977,0.0018785296246139704,0.0001,3.3107595348604903e-06,0.0035248414413915213,0.0002654991323457065,4590,0.35828112896327435
1089,0.3572134954453132,0.3756845036460994,0.0017632391084351348,0.0001,3.553053116575411e-06,0.004030143273907674,0.0002985367638984814,4579,0.3572134954453132
1090,0.37666466568950985,0.37562447353437944,0.0015747986479148336,0.0001,2.6850105230968894e-06,0.0034099731119938024,0.00028124279800247325,4394,0.37666466568950985
1091,0.37604969581318615,0.3757283131535515,0.0017074904435771955,0.0001,2.7121620149623473e-06,0.0031767814867301554,0.00027275665326035665,4344,0.37604969581318615
1092,0.37900231329390494,0.3757812023996142,0.001444346695747322,0.0001,2.276555564663073e-06,0.0031523671863079345,0.00028398849534390163,4325,0.37900231329390494
1093,0.3944220207097281,0.3757400637853185,0.0015870366651274637,0.0001,2.6950308748287273e-06,0.003396305749007096,0.0002974761711931903,4231,0.3944220207097281
1094,0.3795357648058348,0.37594479724220076,0.0018565247074248425,0.0001,2.8825267022216063e-06,0.0031052931218135157,0.0002491148898860972,4298,0.3795357648058348
1095,0.37030205557172663,0.3759676396650117,0.0014928769756360216,0.0001,2.467715405733785e-06,0.00330598628823041,0.0002470459190412278,4454,0.37030205557172663
1096,0.3801843518083943,0.375911095226507,0.0014898893262775853,0.0001,2.4027067196432637e-06,0.003225349262211721,0.0002866658415773983,4363,0.3801843518083943
1097,0.3692889600750858,0.37604794662881624,0.001720558712642255,0.0001,2.740155578865727e-06,0.003185192761783387,0.0002766351656064258,4416,0.3692889600750858
1098,0.36047617905865265,0.3762249795638328,0.0019105841453809964,0.0001,3.2461604543423913e-06,0.0033980816413558823,0.0002602918168902594,4526,0.36047617905865265
1099,0.380586902467126,0.376349095647333,0.0015793383152190989,0.0001,2.2558727020032972e-06,0.002856731430200683,0.00027759476561082006,4317,0.380586902467126
1100,0.37640172495306706,0.3764464424588025,0.0018303657130537415,0.0001,3.1758475219106507e-06,0.0034701781171503016,0.00025437363765307326,4362,0.37640172495306706
1101,0.3923838179888869,0.37656391649508814,0.0017474615502472127,0.0001,2.875385004771654e-06,0.0032909279226943505,0.0002759733522401328,4211,0.3923838179888869
1102,0.36550004092460653,0.3765918663944754,0.0016116637220066562,0.0001,2.595640526256258e-06,0.003221069619938418,0.00023576434280414077,4437,0.36550004092460653
1103,0.3898533448104999,0.37653089847436905,0.001496782894811901,0.0001,2.52836147605967e-06,0.0033783944015172707,0.0002865191920268683,4304,0.3898533448104999
1104,0.36522217568946014,0.37654267643330674,0.001501568567873555,0.0001,2.5134685443261907e-06,0.003347790567946739,0.0002506489517758896,4510,0.36522217568946014
1105,0.38221861447957484,0.3765885265218789,0.0015913763537382978,0.0001,2.467515124224407e-06,0.0031011081928268864,0.00028141205050632897,4369,0.38221861447957484
1106,0.38947248530196243,0.37658370557356224,0.0017374295560943023,0.0001,3.0767004189391268e-06,0.003541669252888124,0.0002867515423304818,4234,0.38947248530196243
1107,0.38232376779838007,0.3766663066226673,0.0016897447133945808,0.0001,2.7009335119763727e-06,0.003196853927775141,0.00029290865046826197,4299,0.38232376779838007
1108,0.3822148571066541,0.37671246320514695,0.0018141892124186616,0.0001,3.2313344243637213e-06,0.00356229041849029,0.0002626649739509809,4349,0.3822148571066541
1109,0.37112664471413154,0.37662654051261885,0.0013435577726742208,0.0001,2.404389801263252e-06,0.0035791386870957513,0.0002828958493019668,4391,0.37112664471413154
1110,0.38399187426097914,0.37671151509596673,0.0015472475251485332,0.0001,2.3087235310735775e-06,0.002984297591107077,0.00028014365287559354,4288,0.38399187426097914
1111,0.3743643340599196,0.37675537933310865,0.0016884633611239095,0.0001,2.7740585430639157e-06,0.0032858972328749735,0.0002496546078391838,4385,0.3743643340599196
1112,0.38001036820695966,0.37676887434765005,0.001541847125849688,0.0001,2.5023437192019636e-06,0.003245903795842225,0.0002626495306990728,4349,0.38001036820695966
1113,0.3739859679246198,0.3768087007874177,0.00174510456501626,0.0001,2.9559229221042734e-06,0.0033876742762136217,0.0002787085866113122,4401,0.3739859679246198
1114,0.38004106311958524,0.37689648824376953,0.0015672282062388465,0.0001,2.4091466486136734e-06,0.0030744044026559812,0.000272763033751916,4352,0.38004106311958524
1115,0.356375208836779,0.3768861989409774,0.0013502766981586956,0.0001,2.0742576779898155e-06,0.0030723446250955464,0.0002727608399652004,4577,0.356375208836779
1116,0.3666313081268441,0.3768973928816166,0.001520937498359236,0.0001,2.5392709850546223e-06,0.003339086567060052,0.0002756356130291378,4431,0.3666313081268441
1117,0.3625559871354267,0.37698427721804906,0.0016781429205521873,0.0001,2.8732581053799977e-06,0.0034243306338110477,0.0002564434491456254,4438,0.3625559871354267
1118,0.384234465538601,0.3769369538835319,0.0014785026377055763,0.0001,2.392253690524976e-06,0.0032360492697360486,0.0002735397325684198,4312,0.384234465538601
1119,0.3725536164867481,0.37683172302189355,0.0013618582333709496,0.0001,2.328898430823966e-06,0.0034201774806755666,0.0002434552052995665,4377,0.3725536164867481
1120,0.3792785923128509,0.3768239928151448,0.0014925419624328552,0.0001,2.4845761512882304e-06,0.0033293216724551602,0.0002740928557487677,4381,0.3792785923128509
1121,0.3773720773235726,0.3766074971389804,0.0015891814762172053,0.0001,3.1269700318425404e-06,0.003935321520718699,0.0002876701156535472,4408,0.3773720773235726
1122,0.37782238251862743,0.3768155144174559,0.0020387518090704436,0.0001,3.4845736726115606e-06,0.003418340238481829,0.0002758490387546861,4329,0.37782238251862743
1123,0.39000165071351056,0.3768116557198334,0.0015396842805994826,0.0001,2.716668869387474e-06,0.003528864850564984,0.0002658313387090381,4207,0.39000165071351056
1124,0.36481613032353544,0.3767495827146734,0.0014306685501550116,0.0001,2.2317357102409037e-06,0.0031198501008484424,0.00029062308218128565,4507,0.36481613032353544
1125,0.378584026667283,0.3768057754334013,0.0017006908088770675,0.0001,2.814850479295556e-06,0.003310243654640723,0.00028168673249197025,4341,0.378584026667283
1126,0.3742833036446469,0.3768109293055904,0.0012335163091726112,0.0001,1.7845271545607452e-06,0.0028933985571017343,0.00023849811430321917,4381,0.3742833036446469
1127,0.37558196276789696,0.37684364450339236,0.0017417133995896103,0.0001,2.935162330772209e-06,0.0033704309003580084,0.00026401021830361245,4347,0.37558196276789696
1128,0.3812868484767888,0.3768607141305189,0.001454373972466179,0.0001,2.364854860179582e-06,0.003252058830741453,0.0002666222354619656,4349,0.3812868484767888
1129,0.3717738589633652,0.37690754133578863,0.0014214998978276606,0.0001,2.262342101253279e-06,0.003183035193615695,0.0002560590348745244,4415,0.3717738589633652
1130,0.3720687899580319,0.3769441293097132,0.0015700545425812115,0.0001,2.494917856051229e-06,0.0031781288972923412,0.0002681948429005111,4444,0.3720687899580319
1131,0.37020050031135515,0.37700449977287137,0.0018026934342610474,0.0001,3.0862713277413773e-06,0.0034240667537644726,0.0002669224684642663,4465,0.37020050031135515
1132,0.37437990903244467,0.37707834825505254,0.0015834197620231544,0.0001,2.5935604258715477e-06,0.003275897507503284,0.00028841320206843615,4304,0.37437990903244467
1133,0.3797816351553321,0.37726820191559485,0.0017999385525111682,0.0001,2.7536635536205315e-06,0.0030597306222246113,0.00026859563524525104,4321,0.3797816351553321
1134,0.3608217388986693,0.3772912248668729,0.001622784715420161,0.0001,2.873789347032598e-06,0.003541799869970473,0.00027674586712090677,4472,0.3608217388986693
1135,0.37349225271282055,0.3773597578711,0.001630240751027894,0.0001,2.5535627116018596e-06,0.0031327430749008025,0.0002673042328746212,4375,0.37349225271282055
1136,0.37998451247347526,0.37747461959298306,0.0016983689762090667,0.0001,2.6646044846007683e-06,0.003137839329293965,0.0002843171264450372,4294,0.37998451247347526
1137,0.3755051404779479,0.37751690814015737,0.0015528020667291932,0.0001,2.3450203457321287e-06,0.0030203725200748303,0.000268082533199063,4367,0.3755051404779479
1138,0.3861102056165315,0.37747759166697686,0.001268754879593467,0.0001,2.035419461337946e-06,0.003208530653281321,0.00027831998366310064,4317,0.3861102056165315
1139,0.37350787189300055,0.37757874962881116,0.0016890976555310913,0.0001,2.6424286611223014e-06,0.0031288050782255824,0.0002716159417685213,4398,0.37350787189300055
1140,0.37343133670703615,0.3774639718176964,0.0015927107069046871,0.0001,2.809971037419388e-06,0.003528539144287357,0.0002676814289180148,4343,0.37343133670703615
1141,0.3642410090915084,0.37762206586596625,0.0019078395240291167,0.0001,3.3251903488929977e-06,0.003485817656058005,0.0002741193488691014,4515,0.3642410090915084
1142,0.38965146614049784,0.3776337047033266,0.0016418127357933428,0.0001,2.6370123069160944e-06,0.0032123180060993494,0.00027308631170755324,4249,0.38965146614049784
1143,0.35682613798355506,0.37766165648553796,0.0014900133843838365,0.0001,2.2436365972993576e-06,0.003011565695736575,0.0002706460316527474,4592,0.35682613798355506
1144,0.36849440401307443,0.37765358479443994,0.001462496475127299,0.0001,2.3314869308799333e-06,0.0031883658805769016,0.0002700169128046341,4416,0.36849440401307443
1145,0.3889026020386354,0.3777298842214915,0.001562521349043886,0.0001,2.4336076137880336e-06,0.0031149751845338555,0.00026454396107765155,4315,0.3889026020386354
1146,0.3797649003773307,0.37782907817719624,0.0018659811485197842,0.0001,3.132116410756465e-06,0.003357071868856832,0.00026967508156089127,4325,0.3797649003773307
1147,0.37843613499643475,0.37789442287667585,0.0016344236458734477,0.0001,2.775876540804463e-06,0.003396765028226222,0.0002756415851436405,4405,0.37843613499643475
1148,0.3671938781241843,0.3781178442740902,0.002011283253070787,0.0001,3.3505551527161834e-06,0.00333175861490481,0.00025627995818360407,4461,0.3671938781241843
1149,0.3772358918123444,0.3780694644648628,0.0013523441145906073,0.0001,2.1403009110800384e-06,0.0031653199625569675,0.0002705286393617765,4325,0.3772358918123444
1150,0.371674932625079,0.3780253167690314,0.0015163176355517155,0.0001,2.7356001680993734e-06,0.003608215197080417,0.0002504773547830849,4422,0.371674932625079
1151,0.3812009939115232,0.3780546343552563,0.0016460107431642242,0.0001,2.6933348244374157e-06,0.0032725604442409143,0.00027159834704795554,4339,0.3812009939115232
1152,0.3791619026950974,0.3780874226093175,0.001463609197824612,0.0001,2.104009347840467e-06,0.002875097192567104,0.0002512500382958208,4377,0.3791619026950974
1153,0.3824914285830921,0.37812021063924195,0.0014622873644474007,0.0001,2.3793842809227494e-06,0.0032543319989938087,0.0002669190454190987,4325,0.3824914285830921
1154,0.37441994547331087,0.3780611949915286,0.0014084069440768138,0.0001,2.3151068268511902e-06,0.00328755383745811,0.00028470604645622436,4403,0.37441994547331087
1155,0.36828782995509496,0.37807575781745506,0.0015619110997897251,0.0001,2.813744083067829e-06,0.003602950364392229,0.00026557930287627826,4435,0.36828782995509496
1156,0.3846999177235302,0.3780798869762468,0.0013358958108477404,0.0001,1.8368756070963077e-06,0.0027500282464852596,0.0002342051361015847,4321,0.3846999177235302
1157,0.3940196563234112,0.37820193383242473,0.0018515906111479113,0.0001,3.067299994796027e-06,0.0033131513805791284,0.0002721165722219155,4187,0.3940196563234112
1158,0.363630968786139,0.37823442069090096,0.001606692147930385,0.0001,2.8045018061936398e-06,0.003491025719900579,0.0002786616890691806,4491,0.363630968786139
1159,0.36788392999902436,0.378315735911634,0.0016907505634729248,0.0001,2.7357250906680986e-06,0.003236107264750774,0.00026459673822080087,4373,0.36788392999902436
1160,0.3716786382523992,0.3783601504783648,0.0016036292896791696,0.0001,2.4594412395359363e-06,0.00306734387475298,0.0002655769232122766,4425,0.3716786382523992
1161,0.3671235789029549,0.3783753094439834,0.0016341406582928899,0.0001,2.614162536979107e-06,0.003199433933318812,0.00023955736587308088,4443,0.3671235789029549
1162,0.38532100325469393,0.37852339432901205,0.0017292975814416918,0.0001,2.703880784602905e-06,0.003127143429355538,0.00027108673547315707,4286,0.38532100325469393
1163,0.37345516214006846,0.37859815711322875,0.0017456944688897605,0.0001,2.964563654892642e-06,0.0033964289945629116,0.0002478925948988911,4377,0.37345516214006846
1164,0.378952890798997,0.37871903986978483,0.0017559638411901778,0.0001,2.716953270023116e-06,0.0030945435279368712,0.00028203013884432515,4329,0.378952890798997
1165,0.39764092340211055,0.378755680191773,0.0015118499939766818,0.0001,2.4186541055799292e-06,0.0031995953503535664,0.0002501190112701962,4150,0.39764092340211055
1166,0.3760162360948508,0.37875963856412365,0.001660036213737588,0.0001,2.9192528694928975e-06,0.003517095404708275,0.0002620222194621513,4351,0.3760162360948508
1167,0.38154456551738575,0.378659063076196,0.0015614394676071114,0.0001,2.6693546143955e-06,0.0034190945851858808,0.0002942140612074198,4324,0.38154456551738575
1168,0.39341887067071,0.37868173500332764,0.0016072776899211216,0.0001,2.534477151435924e-06,0.00315375142370116,0.00032447788517499747,4196,0.39341887067071
1169,0.3808720688134656,0.378615366885097,0.0014331387772428647,0.0001,2.432649214340333e-06,0.003394855059354923,0.00026272323226167487,4338,0.3808720688134656
1170,0.3674341978758085,0.3786779787646912,0.0017527819768705483,0.0001,2.8910192191849538e-06,0.003298777894038637,0.00028124545156623835,4435,0.3674341978758085
1171,0.3799182078129408,0.37878511946133375,0.0017122398034574613,0.0001,2.6457595002602447e-06,0.0030904076577565388,0.00027108927048757306,4298,0.3799182078129408
1172,0.38092047439071247,0.3787778447069712,0.001569121883814866,0.0001,2.5469030263487975e-06,0.003246278128703092,0.0002671465993103503,4374,0.38092047439071247
1173,0.3771532161435318,0.3787222969790775,0.001440806116993772,0.0001,2.5172586585438703e-06,0.003494236495603039,0.00027382880295815385,4395,0.3771532161435318
1174,0.37289089098330586,0.378635295613648,0.001443331793338992,0.0001,2.72317658342553e-06,0.0037734588761822465,0.00026735989841362843,4437,0.37289089098330586
1175,0.36730802355050884,0.37854622412654626,0.001695942501748119,0.0001,3.562486629970659e-06,0.004201187984024896,0.00030036277047158007,4485,0.36730802355050884
1176,0.3897039589057374,0.3785761812029165,0.0015310269631863694,0.0001,2.313409116654446e-06,0.0030220357606763294,0.0002624407567438891,4260,0.3897039589057374
1177,0.37410746814092,0.37865764416249187,0.001992159936596953,0.0001,3.710451688847002e-06,0.003725054018690154,0.0002702762170561347,4409,0.37410746814092
1178,0.37592660319922416,0.3787226343154739,0.0015425994883623774,0.0001,2.4744209016861643e-06,0.0032081184006005447,0.0002817020473937061,4387,0.37592660319922416
1179,0.38043027872571145,0.3787858972368787,0.0018029860430049682,0.0001,3.0398452364800566e-06,0.0033720119446001505,0.00028724209781317786,4311,0.38043027872571145
1180,0.36863917837256116,0.37887883086066554,0.0016220468881327306,0.0001,2.486404935727752e-06,0.003065762098394151,0.0003094094651368757,4445,0.36863917837256116
1181,0.37346087067114836,0.37873652456962703,0.0012835515404233634,0.0001,2.149602444367447e-06,0.003349460269680214,0.0002582372928449773,4408,0.37346087067114836
1182,0.3709946821932053,0.3787760409242188,0.001499117286458938,0.0001,2.4574242567003407e-06,0.0032784949902152313,0.00028743195915224303,4434,0.3709946821932053
1183,0.4014204396165647,0.3789414263073152,0.0019393555907034124,0.0001,3.331939113848872e-06,0.0034361301556259352,0.0002738970575203543,4155,0.4014204396165647
1184,0.3747294010887408,0.3790160874618608,0.0014742723982896434,0.0001,2.2711416604041424e-06,0.003081033956871166,0.00027721371330739785,4414,0.3747294010887408
1185,0.372797392393807,0.3791267022051684,0.0018749843424853742,0.0001,3.1894859611785553e-06,0.0034021467688106137,0.00026231566993811236,4384,0.372797392393807
1186,0.3778207542567729,0.37921902906957394,0.0015679094452350426,0.0001,2.322109007518514e-06,0.0029620447973899553,0.00028234896918843207,4290,0.3778207542567729
1187,0.3903668310098022,0.3791533249141368,0.00125066590142397,0.0001,1.9381604737736304e-06,0.00309940563913496,0.0002700819699933256,4245,0.3903668310098022
1188,0.3765308057895964,0.3793283872146721,0.0017921933961689126,0.0001,2.804101122265645e-06,0.003129239431704011,0.0002749200253846099,4381,0.3765308057895964
1189,0.38373644130784723,0.3794484534214635,0.0018570857457886783,0.0001,3.1312761729673e-06,0.0033722472751385973,0.00027390090325301507,4298,0.38373644130784723
1190,0.3763239818321953,0.3793732214277572,0.0016068266529934662,0.0001,2.8969521373072386e-06,0.00360580543260259,0.0002810923524985582,4335,0.3763239818321953
1191,0.37774854931203183,0.37943940908950224,0.0017069224510194998,0.0001,2.671756741050773e-06,0.003130495752112234,0.0002709790600192919,4420,0.37774854931203183
1192,0.39238729667747324,0.3795927431762188,0.0016842904324913222,0.0001,2.5118117173229418e-06,0.0029826349053204445,0.00029570506855679344,4206,0.39238729667747324
1193,0.3684818070885417,0.3796419294581545,0.001668629364480702,0.0001,2.7106850631794984e-06,0.0032489959974102423,0.0002729637904260771,4423,0.3684818070885417
1194,0.3895396241903029,0.3797109209834059,0.001471994484746461,0.0001,2.3063315341105603e-06,0.0031336143688171594,0.00027800613383094255,4268,0.3895396241903029
1195,0.37736662174480545,0.3796787068214148,0.001603196807101557,0.0001,2.8161264180017787e-06,0.0035131387556754114,0.00028931321456305225,4408,0.37736662174480545
1196,0.36155209196420457,0.3796302636164065,0.001522874455363631,0.0001,2.4369735103044393e-06,0.003200491677723414,0.00026132839851947357,4461,0.36155209196420457
1197,0.387603083636642,0.3797543457283729,0.00157855158933452,0.0001,2.2022589266146172e-06,0.0027902273723509246,0.00023442785335681053,4250,0.387603083636642
1198,0.38818928395800195,0.37980512906975417,0.001638774378324047,0.0001,2.852449204105975e-06,0.0034811981952306793,0.0002608015796201724,4256,0.38818928395800195
1199,0.3814290617212454,0.3797613335422397,0.001372890346382324,0.0001,2.196717910572244e-06,0.0032001359997333675,0.00025540671646193564,4306,0.3814290617212454
1200,0.3844071390383297,0.37971586236021415,0.0013530236958660463,0.0001,2.212764522831283e-06,0.003270843710412524,0.00027031212899915417,4249,0.3844071390383297
1201,0.3896618376473431,0.37969189129103326,0.0012813305942965655,0.0001,1.8221853473379284e-06,0.0028442079748174356,0.0002538297638194828,4211,0.3896618376473431
1202,0.37350475657302507,0.37960689239860035,0.0013320553133768997,0.0001,2.1903405550155823e-06,0.0032886630652939467,0.0002667372896293664,4428,0.37350475657302507
1203,0.3797726881009495,0.3795964419605481,0.0013429208712312049,0.0001,2.02467322502675e-06,0.0030153276613692163,0.00026889506404522746,4308,0.3797726881009495
1204,0.37390001441530524,0.3796044357915489,0.001532042108404755,0.0001,2.6220832444296546e-06,0.0034229910914914843,0.0002809667141413049,4424,0.37390001441530524
1205,0.3868384138577578,0.3796105137275943,0.0014834111008468983,0.0001,2.3388725586797223e-06,0.003153370710714554,0.00027933356534579724,4266,0.3868384138577578
1206,0.3760680236433068,0.37968861920907876,0.0014725136193507278,0.0001,2.2765815491209485e-06,0.0030921025370546406,0.0002704873391950872,4343,0.3760680236433068
1207,0.3873205446957104,0.37973051631235866,0.0016141413785253703,0.0001,2.5785833228082677e-06,0.0031949906707230092,0.00028026693583402685,4260,0.3873205446957104
1208,0.3892626654783112,0.3797840845824597,0.00142298396874303,0.0001,2.0963412976578426e-06,0.0029464018480961688,0.00025585637340761884,4237,0.3892626654783112
1209,0.3915202696993864,0.3798567893473769,0.0017633925008405488,0.0001,2.926628461960562e-06,0.0033193159895661775,0.00027349218056644083,4215,0.3915202696993864
1210,0.39686115862552934,0.3797672988690285,0.0014879830982897334,0.0001,2.487375205638462e-06,0.0033432842194207925,0.0002723727659466866,4191,0.39686115862552934
1211,0.39167311813380995,0.3797409057127426,0.0015929326631350593,0.0001,2.9808244334573422e-06,0.0037425617572443594,0.00027466250216391126,4207,0.39167311813380995
1212,0.3661781703645532,0.37976702274344276,0.0017350318234664213,0.0001,2.8857018046233014e-06,0.0033263963987219046,0.0002569309149769778,4485,0.3661781703645532
1213,0.3602815642593836,0.37975390116527086,0.0013907281277069333,0.0001,2.2670804591442626e-06,0.003260278431101096,0.00025367912032008125,4550,0.3602815642593836
1214,0.39364854079160516,0.37976568506271235,0.001584580392353236,0.0001,2.7849364055597707e-06,0.0035150458998472194,0.0002747190964099883,4240,0.39364854079160516
1215,0.37530603982524724,0.37971299621580634,0.0014849321541596636,0.0001,2.499954990111229e-06,0.003367096581629316,0.0002412914793351101,4405,0.37530603982524724
1216,0.3808547595910833,0.3796873394128207,0.0017177295857265511,0.0001,3.0725603505816054e-06,0.0035774668796683725,0.000259751358337743,4317,0.3808547595910833
1217,0.3630998471663366,0.37964686372182815,0.0013961919276093012,0.0001,2.4705183962231116e-06,0.0035389380891972045,0.0002708354726222893,4487,0.3630998471663366
1218,0.3762417832651468,0.37965347371351843,0.0015458411264465594,0.0001,2.5523311514798917e-06,0.0033021907721487004,0.00025824503790428544,4338,0.3762417832651468
1219,0.3810005970827972,0.3796031134506633,0.0014599952621132933,0.0001,2.4308708784566794e-06,0.003329970913656359,0.00026117681633750476,4290,0.3810005970827972
1220,0.3777145885533,0.37958853017217065,0.0013110836039724359,0.0001,2.136903186924754e-06,0.0032597512171614047,0.00029222288675221443,4376,0.3777145885533
1221,0.3696379647604432,0.3795828776618324,0.0015824944863821592,0.0001,2.8273449280281723e-06,0.0035732761818234753,0.00023812387124983662,4419,0.3696379647604432
1222,0.3874412532951722,0.37957449805224464,0.0014419749657275948,0.0001,2.4309270602429576e-06,0.0033716633339974174,0.0002639515332796576,4264,0.3874412532951722
1223,0.37470334694424057,0.37963077699531866,0.001847706133494114,0.0001,3.1567530199508664e-06,0.003416942729936467,0.00027125043676136227,4407,0.37470334694424057
1224,0.3778546798716432,0.3796162199484624,0.0015592396593566104,0.0001,2.6033018691428987e-06,0.003339194014879149,0.0002632923665945742,4293,0.3778546798716432
1225,0.38691956190497556,0.3795794276464052,0.0015985727580426342,0.0001,2.6879323717222624e-06,0.0033629152732634953,0.00026620295040641773,4272,0.38691956190497556
1226,0.36966847674590697,0.37964130331161283,0.0017500862019099038,0.0001,3.004816447565564e-06,0.0034339067918898493,0.000247209207175461,4439,0.36966847674590697
1227,0.377359460038259,0.37965169788662684,0.0016360390475692126,0.0001,2.858079628230367e-06,0.0034939014841691377,0.0002620364937032771,4398,0.377359460038259
1228,0.37962369757319026,0.379645708310248,0.0014610014207987034,0.0001,2.2870983832099653e-06,0.0031308640096457258,0.000258871894563779,4337,0.37962369757319026
1229,0.37122183148297494,0.37964951201383434,0.0015844057246708226,0.0001,2.8442460027299264e-06,0.0035903000834219393,0.00026537687365312646,4419,0.37122183148297494
1230,0.39625999837833714,0.3795891286499298,0.0013791932241956186,0.0001,2.20195247373468e-06,0.0031931022210740867,0.0002953765899518439,4217,0.39625999837833714
1231,0.39874097568821487,0.3796336769198565,0.0014174115534132331,0.0001,2.1853774758323386e-06,0.0030836174159435707,0.00025852312974851454,4195,0.39874097568821487
1232,0.3609087458285475,0.3795891603705627,0.001288521282717733,0.0001,2.1080422878110867e-06,0.0032720333239119343,0.0002528669108735729,4537,0.3609087458285475
1233,0.37418480966423623,0.37956610661980983,0.0016078063225324522,0.0001,2.734646490677553e-06,0.003401711328476701,0.0002695598822481177,4287,0.37418480966423623
1234,0.3829337348561961,0.3795941269406022,0.0016198841068455125,0.0001,2.5589258941944075e-06,0.0031593937904329985,0.00027695307155696936,4302,0.3829337348561961
1235,0.38000672809211283,0.37957484425794497,0.0017870536025449157,0.0001,3.123395048741851e-06,0.0034955807081487335,0.000258402203692963,4321,0.38000672809211283
1236,0.38867624015228164,0.3795998548113302,0.0015719144563491809,0.0001,2.670774460915241e-06,0.0033981167997121117,0.0002542356737351109,4274,0.38867624015228164
1237,0.3781652338768532,0.37963125559646604,0.0015495481016140219,0.0001,2.6768730051636357e-06,0.003455036990946434,0.0002876943530141262,4363,0.3781652338768532
1238,0.38284355948698573,0.3796605717897563,0.0017648242953157397,0.0001,2.9564165630017494e-06,0.003350380625254057,0.00028798575302676794,4314,0.38284355948698573
1239,0.37627165893303177,0.3796180962412725,0.001510393557124367,0.0001,2.4406931331944027e-06,0.0032318638035522735,0.00029055016602917445,4335,0.37627165893303177
1240,0.36962577817057546,0.37965038482413216,0.0015154891173874954,0.0001,2.439474794041785e-06,0.003219389391917403,0.0002590942649185265,4446,0.36962577817057546
1241,0.38519774067069856,0.3798420421899438,0.0017767629352658985,0.0001,2.560032058828437e-06,0.0028816810706886113,0.0002614279780773481,4242,0.38519774067069856
1242,0.38446438389603754,0.3798798842928169,0.0015401136265129345,0.0001,2.6245927488354364e-06,0.003408310534564826,0.00024867285541625917,4244,0.38446438389603754
1243,0.38416188261300527,0.3798652805907974,0.0017976178547260018,0.0001,3.11416805073308e-06,0.0034647720510183186,0.00028957082289735996,4331,0.38416188261300527
1244,0.3813932071105869,0.37986360136033326,0.001358543767222661,0.0001,2.2186019491511204e-06,0.003266147183004224,0.0002605906245052184,4364,0.3813932071105869
1245,0.39199377179292183,0.3799094389672498,0.0013957736838107547,0.0001,2.035021804714078e-06,0.002915976749408316,0.0002959739662941619,4283,0.39199377179292183
1246,0.37773457442740144,0.3798362925308094,0.0015100769403784257,0.0001,2.766833200486202e-06,0.0036644930155583103,0.0002679858311249529,4323,0.37773457442740144
1247,0.3745280731481623,0.3799189498961678,0.0017261751141014877,0.0001,2.8453841696458084e-06,0.0032967503081249012,0.00027718487411628574,4350,0.3745280731481623
1248,0.37081560259149965,0.380010890174062,0.0015621850948446911,0.0001,2.3896674668953554e-06,0.0030593909451337204,0.00027690672155456273,4407,0.37081560259149965
1249,0.37451479579928365,0.37998822441209124,0.0016194254148508235,0.0001,2.8802039753887734e-06,0.0035570690060512467,0.00027023315409294813,4384,0.37451479579928365
1250,0.38547782625978766,0.3799975176696356,0.0014984604910108488,0.0001,2.2994637349413748e-06,0.0030691015862422577,0.0002615410795400767,4244,0.38547782625978766
1251,0.3836066376249193,0.3801611467856595,0.001731716132380762,0.0001,2.620721896920358e-06,0.003026733825384408,0.0002823717528830678,4328,0.3836066376249193
1252,0.3776880383200183,0.3801923563072901,0.0018530211609295913,0.0001,3.4370038681350407e-06,0.003709621822570903,0.00024718506734725454,4260,0.3776880383200183
1253,0.3709748870515601,0.38023179807492946,0.0014082660305724639,0.0001,2.0985571739344595e-06,0.002980341964339495,0.00025174845647703205,4403,0.3709748870515601
1254,0.3836144446194969,0.380250574416947,0.001405246980274048,0.0001,1.992659924038429e-06,0.002836028046329371,0.00030310923189898295,4242,0.3836144446194969
1255,0.3950968289251582,0.3802481540211039,0.0015172079913247643,0.0001,2.5109462251297056e-06,0.003309956498366779,0.0002555432153728316,4229,0.3950968289251582
1256,0.3911291372371172,0.3802756020418214,0.0016115372278305853,0.0001,2.6148807410067446e-06,0.0032452005400171085,0.0002606908531148902,4233,0.3911291372371172
1257,0.3848658672115804,0.3802010158071525,0.0012485304699334432,0.0001,1.9238503259626432e-06,0.0030817835403972155,0.00024273305410079418,4315,0.3848658672115804
1258,0.36943919433829986,0.3803201331510182,0.0017756442001747833,0.0001,2.861798933139846e-06,0.00322339231345801,0.00026020281243381175,4425,0.36943919433829986
1259,0.38851163407761485,0.3802776252258502,0.00172803111684797,0.0001,3.52632441186832e-06,0.00408132050110364,0.0002648707240481529,4222,0.38851163407761485
1260,0.3779826786177021,0.38023745293568445,0.0015219047106709998,0.0001,2.661987585381466e-06,0.0034982316129474472,0.0002556170151008297,4376,0.3779826786177021
1261,0.3993409459648808,0.38039036788978225,0.0019147946116936257,0.0001,3.1590554101998733e-06,0.003299628472847754,0.00027791024236980866,4192,0.3993409459648808
1262,0.38334277704814074,0.3802897078735452,0.0014646407597219031,0.0001,2.5622302861075535e-06,0.003498783260127288,0.000255222047349465,4319,0.38334277704814074
1263,0.38430795094909476,0.3802529488448089,0.0015767247802359874,0.0001,2.511163135778771e-06,0.0031852903782014852,0.00027595403848738284,4303,0.38430795094909476
1264,0.37792763067610435,0.3802034993685458,0.0013708240151918834,0.0001,2.3418484120071867e-06,0.0034167017590210264,0.00027611878412543684,4377,0.37792763067610435
1265,0.37151579875544205,0.38027174475239833,0.0017691865352011686,0.0001,2.8781236471412812e-06,0.0032536124256835573,0.00026125038064266326,4451,0.37151579875544205
1266,0.3759569723674389,0.38033942111297425,0.001690984758601862,0.0001,2.571521544791158e-06,0.0030414485189296913,0.0002767465223809696,4367,0.3759569723674389
1267,0.3778497987222385,0.3803336191864325,0.0014373746222855939,0.0001,2.2919433527643513e-06,0.0031890688999641472,0.0002505379447920935,4313,0.3778497987222385
1268,0.37918168830994164,0.3803817309324674,0.0015684727437815665,0.0001,2.408785013821666e-06,0.003071503822264858,0.00026594848407621445,4367,0.37918168830994164
1269,0.3817307883101717,0.3805236425573463,0.001984029617502189,0.0001,3.3816136129455964e-06,0.003408833802796661,0.0003135404127613741,4285,0.3817307883101717
1270,0.3790563680780709,0.3804804317376814,0.0014096044057663772,0.0001,2.337826162209415e-06,0.0033169961056391277,0.00029434813437214996,4231,0.3790563680780709
1271,0.393334080471351,0.3804236262671229,0.001435339403313186,0.0001,2.203371608495177e-06,0.0030701750448836654,0.0002806253704733701,4241,0.393334080471351
1272,0.3950222892437869,0.3804357131767969,0.0016234020925897988,0.0001,2.6002335135364137e-06,0.003203437429833891,0.0002837826240755477,4130,0.3950222892437869
1273,0.3742114084543317,0.3804467052645772,0.001414367210228947,0.0001,2.2229584537461578e-06,0.003143396478183798,0.0002627453284367094,4382,0.3742114084543317
1274,0.3807978788998354,0.3803490096592251,0.0012495171154117816,0.0001,1.8887092345654147e-06,0.003023102623036878,0.0002666285328780148,4331,0.3807978788998354
1275,0.38144440336924107,0.38034232221454256,0.0013946875172710903,0.0001,2.243796309068308e-06,0.0032176330271581166,0.0002643951038072678,4295,0.38144440336924107
1276,0.3899249571091506,0.38040705201025926,0.0017466793414945925,0.0001,2.8712144711999415e-06,0.0032876263009363935,0.0002801513952567442,4264,0.3899249571091506
1277,0.40171440598655317,0.3804278371727002,0.001565463177529268,0.0001,2.4158191244949596e-06,0.0030863953354786492,0.0002524425996017076,4169,0.40171440598655317
1278,0.379345765804579,0.3804008796021793,0.0016561950686381508,0.0001,2.805710240445164e-06,0.003388139831562514,0.00027482476079280734,4297,0.379345765804579
1279,0.3782739413985916,0.38043291901091664,0.0014087899859407298,0.0001,2.186034351312445e-06,0.003103421195676238,0.00026639332138021755,4319,0.3782739413985916
1280,0.38861254253356525,0.38047612976457335,0.001696408800698546,0.0001,2.8408739566577996e-06,0.0033492799088144162,0.0002486518114410657,4284,0.38861254253356525
1281,0.37154293252925297,0.38046282286010735,0.0015254649228948363,0.0001,2.629341366532262e-06,0.0034472655871268768,0.0002563201919249939,4411,0.37154293252925297
1282,0.3680978644711695,0.3805149599092794,0.0014935950045105487,0.0001,2.3318651363975124e-06,0.003122486523261592,0.0002624744001123809,4430,0.3680978644711695
1283,0.3863880285224347,0.3805108407177994,0.0017201445637200423,0.0001,2.7891745608804204e-06,0.0032429536676248398,0.0002605533891575815,4344,0.3863880285224347
1284,0.3602571295343131,0.38048531396474616,0.001477988665443065,0.0001,2.586484730817928e-06,0.003500006179063035,0.0002750384299944339,4514,0.3602571295343131
1285,0.37098773594742374,0.38044869456517505,0.0013906971521820903,0.0001,2.255175219559923e-06,0.0032432297945263096,0.0002704685535111817,4446,0.37098773594742374
1286,0.4000060262525854,0.3804142080451266,0.001445613855886683,0.0001,2.5382061901410766e-06,0.0035115963779750025,0.00027259924550098347,4143,0.4000060262525854
1287,0.3870005692179046,0.380542852301527,0.0017699305343104922,0.0001,2.7985150450720823e-06,0.0031622880003731816,0.0002585895592209386,4245,0.3870005692179046
1288,0.3716651051762955,0.38060304102816284,0.0016860179759729053,0.0001,2.6633363021519536e-06,0.003159321359684903,0.0002544550191754237,4402,0.3716651051762955
1289,0.38126354310182264,0.3805722989459036,0.0016596203213992107,0.0001,3.008872029392668e-06,0.0036259763641070817,0.0002843227584198013,4342,0.38126354310182264
1290,0.39299533871209047,0.3805445861776059,0.0015065347880429695,0.0001,2.5997683363392363e-06,0.0034513220099170855,0.0002724010542572993,4202,0.39299533871209047
1291,0.38873856392287115,0.3805871804815944,0.0015755610041701157,0.0001,2.476127932776697e-06,0.003143169862954219,0.0002651461001850982,4270,0.38873856392287115
1292,0.3868851893969635,0.3805251988549847,0.0018100121451089055,0.0001,3.454574827173825e-06,0.003817184140458868,0.00027317485649960995,4254,0.3868851893969635
1293,0.3828458019757826,0.38051340456848304,0.0014807831204082123,0.0001,2.3293552854799615e-06,0.0031461126931779456,0.0002564166525545495,4308,0.3828458019757826
1294,0.37941808034603064,0.3806910069790709,0.0019021157191428163,0.0001,3.1725949456350978e-06,0.0033358590265631367,0.0002649495906092093,4360,0.37941808034603064
1295,0.3888701852425454,0.3805687771725265,0.001318782724705379,0.0001,2.1154286096247787e-06,0.003208153352323254,0.00027454468906397585,4232,0.3888701852425454
1296,0.38508926026506485,0.38060237875886427,0.0015614477103649872,0.0001,2.5610963900996803e-06,0.0032804126236171253,0.00026870796915653733,4322,0.38508926026506485
1297,0.3864075169558618,0.3806235372918983,0.0016185426660326949,0.0001,2.8219556644818897e-06,0.003487032777948264,0.00027058189173999764,4262,0.3864075169558618
1298,0.37462573322100684,0.38070840537991524,0.0014207086932902062,0.0001,2.1433027341203217e-06,0.003017230406546843,0.00028887799882067465,4395,0.37462573322100684
1299,0.3777261788382094,0.380665461846198,0.0013698217832065096,0.0001,2.307953547588785e-06,0.00336971360199321,0.00025704241206826544,4376,0.3777261788382094
1300,0.36227755492276337,0.38066635328859155,0.001579052702987719,0.0001,2.74822707475218e-06,0.003480855413568238,0.0002842963788131789,4567,0.36227755492276337
1301,0.37973059600141573,0.38082358731687993,0.0018472666932530884,0.0001,2.917185663146874e-06,0.0031583806212730743,0.0002447508821556367,4325,0.37973059600141573
1302,0.36884151011001104,0.38088417827597776,0.0015912074680505452,0.0001,2.3953521083883725e-06,0.0030107351259770266,0.0002306411415253795,4416,0.36884151011001104
1303,0.3898361372705159,0.38096087242069687,0.0016474049338939846,0.0001,2.640384756762802e-06,0.0032055078899414276,0.000282414154529984,4250,0.3898361372705159
1304,0.3759983385161731,0.38101240360006816,0.0017058338462506873,0.0001,2.815964270145583e-06,0.0033015692311826154,0.00026393844918081295,4374,0.3759983385161731
1305,0.38567073924208606,0.38104270437716714,0.001649091038707962,0.0001,2.8844931301104835e-06,0.0034982824627686295,0.0002689270560184775,4293,0.38567073924208606
1306,0.405779970778969,0.38113242011012083,0.0016729559760647796,0.0001,2.546728000941128e-06,0.003044584600404947,0.0002751917746389187,4094,0.405779970778969
1307,0.3861257835368319,0.38097317939138,0.0012568917235290728,0.0001,1.9988476567408903e-06,0.0031806202862543647,0.00027613146779357275,4244,0.3861257835368319
1308,0.37801556883479503,0.3810252008686775,0.0017309291387169177,0.0001,2.7722335605832365e-06,0.00320317394695684,0.0002495039179910585,4344,0.37801556883479503
1309,0.3875826419057338,0.380930776951847,0.0014183264955544123,0.0001,2.532216670385475e-06,0.0035707105216216833,0.00024801808343170775,4282,0.3875826419057338
1310,0.3744599852544106,0.3811234625001547,0.0018614775318335024,0.0001,3.026286095051454e-06,0.0032514881789313336,0.0002652850938722794,4403,0.3744599852544106
1311,0.3871500459369028,0.3811700502918379,0.0017776244539513201,0.0001,3.150032983046234e-06,0.003544092764975539,0.0002372792141881724,4237,0.3871500459369028
1312,0.3776818235740861,0.38129217224928974,0.001851624313495035,0.0001,3.1077446379775543e-06,0.003356776658556107,0.00023888519994056152,4362,0.3776818235740861
1313,0.38365789665457173,0.38129216997108745,0.0016050595212379296,0.0001,2.615037348188845e-06,0.00325849267717119,0.0002741226498838695,4311,0.38365789665457173
1314,0.3639850674597447,0.3812525977620872,0.0014650528433853786,0.0001,2.6501871516602543e-06,0.00361787243869828,0.0002683171245816041,4480,0.3639850674597447
1315,0.3771804644575736,0.38132392308699703,0.0018131304131687002,0.0001,3.048140787499247e-06,0.0033622962423008416,0.0002617754243470035,4325,0.3771804644575736
1316,0.3738518176650204,0.38130209482435096,0.0015448434318236844,0.0001,2.5623481092463794e-06,0.003317291651001205,0.0002833351443315227,4413,0.3738518176650204
1317,0.3859950178990214,0.38132571978709107,0.0014271838939778569,0.0001,2.1247380876195995e-06,0.0029775253162330957,0.0002387073358795598,4319,0.3859950178990214
1318,0.3870744406824428,0.38143462143688656,0.001968640758312773,0.0001,3.4686165792245398e-06,0.003523869517155911,0.00027491910214224474,4230,0.3870744406824428
1319,0.36476518768056565,0.3814633487459549,0.0015017535986222444,0.0001,2.414032342094414e-06,0.003214951300012361,0.00026023498545503173,4496,0.36476518768056565
1320,0.37551021434146786,0.3816133901554635,0.0017945217208262772,0.0001,2.8629204517673012e-06,0.0031907336852396366,0.0002660173906254397,4352,0.37551021434146786
1321,0.3885530970675394,0.3817217994892892,0.0018367868148905808,0.0001,3.1287205750753715e-06,0.0034067323978060602,0.00025412590701516486,4269,0.3885530970675394
1322,0.37413087054424765,0.38174473905241096,0.001620975390728107,0.0001,2.49091751722481e-06,0.003073356364905631,0.0002514898317400294,4390,0.37413087054424765
1323,0.3961004500687434,0.38176246877384834,0.001498029022534153,0.0001,2.43628762997052e-06,0.0032526574496522815,0.00027058691253501534,4190,0.3961004500687434
1324,0.36674441038090816,0.3816179610798058,0.0013635186757370394,0.0001,2.6021741963345867e-06,0.0038168515659354673,0.00024885830456726905,4422,0.36674441038090816
1325,0.36957559971250364,0.3815731981386674,0.0015417455266899603,0.0001,2.7056916101870156e-06,0.0035099068728883945,0.0002738783645742497,4385,0.36957559971250364
1326,0.3626151408881303,0.3816810662963302,0.001997948597963261,0.0001,3.617533567177679e-06,0.0036212478848209086,0.0002698853610753934,4494,0.3626151408881303
1327,0.37771173601817015,0.38164246306440663,0.0014313473908557862,0.0001,2.2593716064656047e-06,0.003156985677830107,0.00027054506362108195,4368,0.37771173601817015
1328,0.39642487007562,0.3817268504673067,0.0017553413962054277,0.0001,2.8759268598336308e-06,0.0032767721037635245,0.00028026722323874856,4207,0.39642487007562
1329,0.3975929299772392,0.3817588068240493,0.0018200570736724593,0.0001,3.110270511554017e-06,0.003417772504549214,0.00027691848798920104,4170,0.3975929299772392
1330,0.37081334472369454,0.3818558165710695,0.0016000284970931224,0.0001,2.275624614363568e-06,0.002844480105820422,0.00029151088144131846,4402,0.37081334472369454
1331,0.39241902128324047,0.381887136807596,0.001405402156619511,0.0001,2.1638856903056367e-06,0.00307938290846308,0.00025744282354887653,4242,0.39241902128324047
1332,0.3784661786558125,0.38180331644132665,0.0013214807771274521,0.0001,2.3071750150418606e-06,0.0034918026126071174,0.00024245739966639827,4329,0.3784661786558125
1333,0.3999118749707801,0.3819217166863078,0.0016747846895208746,0.0001,2.563081346001527e-06,0.003060789081771195,0.00026986201022100536,4149,0.3999118749707801
1334,0.38420901368311156,0.3820440523379765,0.0020050958505236026,0.0001,3.5193271734460214e-06,0.003510382979972751,0.00029867201320297435,4303,0.38420901368311156
1335,0.4043886053079877,0.3819956684708323,0.001384370345983247,0.0001,2.26082310830832e-06,0.0032662114077610846,0.000292294375224163,4097,0.4043886053079877
1336,0.3862064768317267,0.3819215944895059,0.0016749728532426788,0.0001,3.0066574864830617e-06,0.0035900969746014634,0.00027194097962396596,4311,0.3862064768317267
1337,0.3831618269249818,0.3820464785654196,0.0017513899728899384,0.0001,2.772216373262896e-06,0.003165732836403659,0.00023795903787565564,4325,0.3831618269249818
1338,0.40399299410763984,0.3820472898297823,0.001511365725888067,0.0001,2.278035790267408e-06,0.003014539434429547,0.0003010691754028832,4048,0.40399299410763984
1339,0.3856122543579466,0.38203731609752817,0.0012879719632280051,0.0001,1.9577656822890953e-06,0.003040074998810388,0.00023127785511767125,4312,0.3856122543579466
1340,0.3851144631416471,0.3820386736967849,0.0016489735731140035,0.0001,2.7524885474289552e-06,0.0033384265124771144,0.0002745297039142846,4259,0.3851144631416471
1341,0.38976722633750577,0.38207274239277356,0.0016787374399240356,0.0001,2.7454208070919164e-06,0.003270816200079685,0.0002685919922674183,4181,0.38976722633750577
1342,0.38544895293908715,0.3819950840948727,0.0014262681938375422,0.0001,2.3187038246590452e-06,0.003251427515073865,0.00026772607884572826,4294,0.38544895293908715
1343,0.38037858471919506,0.38209241821665674,0.0017341843092418048,0.0001,2.8499504533952946e-06,0.0032867907271532265,0.0002812914265309227,4300,0.38037858471919506
1344,0.36710037874855955,0.38208505863473785,0.0014736328174960501,0.0001,2.3939076918333005e-06,0.0032489880293259913,0.00028200541404765716,4427,0.36710037874855955
1345,0.3960833964338293,0.38205407596798224,0.0017304882037192137,0.0001,3.1071969789187228e-06,0.0035911218258993594,0.000277083655996408,4214,0.3960833964338293
1346,0.3712016352834292,0.3821551572029751,0.0018610062969526909,0.0001,3.196322995426011e-06,0.0034350480174729528,0.0002656346385939811,4448,0.3712016352834292
1347,0.382214970829265,0.3822611072332591,0.0016085374140022452,0.0001,2.371687720392639e-06,0.002948874797374566,0.00028607438140094656,4327,0.382214970829265
1348,0.3835049506771063,0.3823852620376416,0.0016505022739971308,0.0001,2.530304164093732e-06,0.003066102002956866,0.0002926263758904143,4277,0.3835049506771063
1349,0.39194784499847,0.3822370772288392,0.0013102981407938441,0.0001,2.39261147431449e-06,0.003652010790254081,0.00027875935187202534,4202,0.39194784499847
1350,0.3849295446682419,0.38219831391581216,0.00165994632788425,0.0001,2.889508303433185e-06,0.0034814478696020513,0.00027423853350623214,4331,0.3849295446682419
1351,0.38525803363957617,0.38231718987331464,0.0016936062642323236,0.0001,2.561612770849926e-06,0.003025039319881178,0.0002674506969123885,4304,0.38525803363957617
1352,0.3717584894445677,0.3822360969241001,0.0011718194734357287,0.0001,1.917397301974511e-06,0.003272513122439889,0.00026234610539606915,4417,0.3717584894445677
1353,0.3738634832987898,0.3822734447532512,0.0015518321340765161,0.0001,2.391750506001763e-06,0.003082486118803148,0.00025696498695864517,4395,0.3738634832987898
1354,0.3868444119563952,0.3823102171656312,0.0015221924799719991,0.0001,2.498626754559254e-06,0.003282931412990842,0.00026993298832873235,4222,0.3868444119563952
1355,0.37178172985909913,0.38239892708506346,0.0020254733782283196,0.0001,3.882382340272357e-06,0.0038335555352184145,0.000289126288305869,4389,0.37178172985909913
1356,0.37748049844744763,0.38237515848365905,0.0014168957357233365,0.0001,2.516219773904794e-06,0.0035517359682365668,0.0002606478713266192,4379,0.37748049844744763
1357,0.3825695911834505,0.3825124849072986,0.0018713200037903538,0.0001,3.119244313460891e-06,0.003333736941990541,0.0002969880971204306,4305,0.3825695911834505
1358,0.3848963798622218,0.38255087076643,0.001486117044460235,0.0001,2.4384308025479655e-06,0.0032816133986722624,0.000276182935505336,4335,0.3848963798622218
1359,0.38210441766924297,0.38275112917268345,0.001993257512399449,0.0001,3.2706115274895915e-06,0.003281674853493953,0.00025215555325777905,4361,0.38210441766924297
1360,0.3768045651067979,0.38280872762957346,0.001588467838530415,0.0001,2.4636611665590428e-06,0.0031019339602598697,0.0002375647822058532,4383,0.3768045651067979
1361,0.38659005318507456,0.3828166726198976,0.0015885696203970779,0.0001,2.726411488881777e-06,0.00343253635707862,0.00022923371532719208,4278,0.38659005318507456
1362,0.384080638508904,0.38284224958498647,0.0015408442003553436,0.0001,2.360471536521307e-06,0.0030638678926486447,0.00026450329179208087,4301,0.384080638508904
1363,0.39445020032494144,0.38296513649936986,0.0016379651329999853,0.0001,2.3652718990328025e-06,0.002888061352930916,0.0002461664263994686,4220,0.39445020032494144
1364,0.37824525415376425,0.38297864282092875,0.0014200565500932297,0.0001,2.1669474046143873e-06,0.003051917058475062,0.0002600845495178165,4345,0.37824525415376425
1365,0.38704295531203914,0.38299261025300513,0.0016808748281030377,0.0001,2.788271255912473e-06,0.003317642943180005,0.000288091686470983,4267,0.38704295531203914
1366,0.39010013270671823,0.3831280227747672,0.0018232182177766495,0.0001,2.846130447275554e-06,0.0031220952264795925,0.0002513816252513102,4271,0.39010013270671823
1367,0.39117186716918595,0.3830896914042645,0.0016571956888933217,0.0001,2.88416757005599e-06,0.0034807809233223883,0.00028700075738857046,4236,0.39117186716918595
1368,0.3768785325975617,0.38311534652845397,0.001675282581978004,0.0001,3.0285620463075736e-06,0.003615583518730022,0.00027795515844354103,4292,0.3768785325975617
1369,0.37048166073422706,0.3829698547195604,0.0017157627413193581,0.0001,3.131646750026577e-06,0.0036504426569124076,0.0002686721682057683,4477,0.37048166073422706
1370,0.39748720368704515,0.38295954566236906,0.0013643397244903893,0.0001,2.0953116267078846e-06,0.003071539425403052,0.000242062398715404,4171,0.39748720368704515
1371,0.3683521097723734,0.38298843217118383,0.001448748618381464,0.0001,2.277123325503779e-06,0.0031435727311309144,0.0002455732721414985,4396,0.3683521097723734
1372,0.3857207870922169,0.38300504983095873,0.0015970907063386857,0.0001,2.6670629106515333e-06,0.003339901609928903,0.00027622086000386454,4264,0.3857207870922169
1373,0.3836885944273636,0.3829034196211052,0.001509512218638069,0.0001,2.7381563528908046e-06,0.0036278690812602482,0.00024833752034968343,4336,0.3836885944273636
1374,0.3753163263839333,0.3829493807368147,0.001769951989533531,0.0001,3.1808949993344748e-06,0.0035943291322526735,0.00026582046921057437,4324,0.3753163263839333
1375,0.3858848388649596,0.38295262883332026,0.001537708643311353,0.0001,2.632070252947687e-06,0.0034233666623342887,0.00028649134072816014,4286,0.3858848388649596
1376,0.38019712933674676,0.3830279323656122,0.0016190656487720366,0.0001,2.519788929388785e-06,0.0031126457797432646,0.0002589849386845048,4344,0.38019712933674676
1377,0.39007052376826273,0.3831261150787846,0.0017242491607993395,0.0001,2.772942621204797e-06,0.003216405939753274,0.00026237844485329197,4289,0.39007052376826273
1378,0.3787833969978636,0.38324759808053566,0.0018486533171964497,0.0001,3.11344464147643e-06,0.0033683380356010527,0.00026342753228762527,4253,0.3787833969978636
1379,0.3831164742946614,0.3831868480983174,0.0015595990877395648,0.0001,2.6124374221419527e-06,0.0033501397156218385,0.000260258676174045,4323,0.3831164742946614
1380,0.38719932960498765,0.38325445375812217,0.0015765737939990184,0.0001,2.5163611594568205e-06,0.0031921895049060894,0.00027138010522968287,4304,0.38719932960498765
1381,0.3926318331893797,0.3831793676059138,0.0017705083548700477,0.0001,3.5786078648452055e-06,0.004042463685643403,0.0002664702540030642,4215,0.3926318331893797
1382,0.4061733527578275,0.38328627027398393,0.001842336468028926,0.0001,3.055357435295998e-06,0.003316828916234672,0.0002475924151563436,4119,0.4061733527578275
1383,0.368708453285122,0.3832810349426592,0.001625651639621623,0.0001,2.740282011873439e-06,0.003371302861062227,0.00024511430962979446,4469,0.368708453285122
1384,0.390999326729236,0.3832943202269081,0.0017934839645310783,0.0001,3.256173305569124e-06,0.0036311150475443242,0.0002605183848191529,4263,0.390999326729236
1385,0.3918318017582467,0.38323845753157854,0.0014031127896048851,0.0001,2.1836168451281457e-06,0.0031125321660606478,0.00029065991281277765,4266,0.3918318017582467
1386,0.3841463670617963,0.383192828319569,0.0014730213927233507,0.0001,2.4483556520628416e-06,0.003324263536371693,0.0002926882428513179,4300,0.3841463670617963
1387,0.38805885890533653,0.38327532107838513,0.0016131653092097001,0.0001,2.472909741062556e-06,0.0030659098939761474,0.00025931257023879855,4286,0.38805885890533653
1388,0.39671155872873415,0.3832981890656124,0.001563306753447736,0.0001,2.4610466022430405e-06,0.0031485140031736157,0.00027073781422061346,4143,0.39671155872873415
1389,0.4045819503435386,0.38316231602928447,0.0013089825425122922,0.0001,2.470177563174104e-06,0.003774194816125146,0.0002642253598582028,4084,0.4045819503435386
1390,0.39961735321180236,0.38315064553784384,0.0016159896568697276,0.0001,2.514632929788324e-06,0.0031121893869782862,0.00028036240132608666,4136,0.39961735321180236
1391,0.3750433229655251,0.383159591991512,0.001555158270188716,0.0001,2.452924383914057e-06,0.0031545655910846914,0.0002817435098585364,4381,0.3750433229655251
1392,0.3725419026548374,0.3831006696142176,0.0015942145123634894,0.0001,3.1274838170844117e-06,0.003923542023774186,0.0002407037108244866,4408,0.3725419026548374
1393,0.3638795748565212,0.38309505104681185,0.0014383794805339913,0.0001,2.4044132736655095e-06,0.0033432252144933033,0.0002737378609734072,4463,0.3638795748565212
1394,0.39914770048192166,0.3831571588724664,0.0015615753213712702,0.0001,2.2325269323954404e-06,0.0028593266067178697,0.0002561590203405124,4171,0.39914770048192166
1395,0.37418162433189234,0.3831448183723942,0.0014396620097993189,0.0001,2.3577344206555394e-06,0.0032753999266594445,0.0002821456773229771,4423,0.37418162433189234
1396,0.3915198583426115,0.3831096430948679,0.0015150794364149026,0.0001,2.3729179102613776e-06,0.003132400656003038,0.0002221948743475634,4241,0.3915198583426115
1397,0.3950188668147262,0.38317181639864156,0.0017078633017516222,0.0001,2.7286478293612818e-06,0.0031953937139614407,0.0002507165708753952,4156,0.3950188668147262
1398,0.3870348137047752,0.3831029691149109,0.0015242012730535613,0.0001,2.520526462253863e-06,0.0033073407125612476,0.000267877114626472,4256,0.3870348137047752
1399,0.3739248415100359,0.3832263999282465,0.0017664771702404218,0.0001,2.723166704977017e-06,0.0030831609384528733,0.00027148777953157893,4350,0.3739248415100359
1400,0.3887752009830887,0.38326404105548595,0.0016866630922586405,0.0001,2.691919862654054e-06,0.0031920066016850536,0.00025186785996404384,4226,0.3887752009830887
1401,0.3864984135850933,0.38334233359491277,0.001633854590348949,0.0001,2.515070986579734e-06,0.003078696233356458,0.00026710298420296155,4294,0.3864984135850933
1402,0.37955412589203674,0.3834271798888126,0.001698030220890896,0.0001,2.7317027579414206e-06,0.0032174960425712484,0.00025896521209872915,4338,0.37955412589203674
1403,0.388668997447683,0.3835340144236949,0.0016531221346703447,0.0001,2.6036629277502256e-06,0.003149994635174892,0.000262087694646565,4235,0.388668997447683
1404,0.4019789447598489,0.3835246094295157,0.0016037374926030634,0.0001,2.5629573371197476e-06,0.0031962304915123642,0.00027926406120965945,4158,0.4019789447598489
1405,0.3863168690123716,0.38348400785097747,0.0014638138602366293,0.0001,2.4342661825079246e-06,0.0033259231226495135,0.00026455252474136455,4270,0.3863168690123716
1406,0.3841194108253847,0.3835174027717614,0.00156498376033456,0.0001,2.4317826850225784e-06,0.0031077417499881473,0.0002897561125648957,4306,0.3841194108253847
1407,0.38476963722685775,0.38350653381185795,0.0015696844480602757,0.0001,2.694532589496648e-06,0.003433215628563299,0.00027917207376026374,4218,0.38476963722685775
1408,0.3820523053951035,0.38348639826070585,0.00167036166262404,0.0001,2.8678446165973958e-06,0.0034338008118459567,0.00024079402961614074,4303,0.3820523053951035
1409,0.38319058559570884,0.383349966534,0.0012727909406686187,0.0001,1.9993516484699544e-06,0.0031416811427329317,0.0002553460258762563,4339,0.38319058559570884
1410,0.3941509956257993,0.38332683269347867,0.0014807829215067452,0.0001,2.482198622053446e-06,0.003352548960421191,0.00028958828234029526,4207,0.3941509956257993
1411,0.37822934785471607,0.3832302891867522,0.0015199091191826055,0.0001,2.562590400743418e-06,0.0033720310884397596,0.00024855121866725093,4278,0.37822934785471607
1412,0.3858135159246289,0.3832430690551022,0.001451250392024003,0.0001,2.3322927817206574e-06,0.003214183843861567,0.00022733892119666745,4323,0.3858135159246289
1413,0.3781267252620361,0.3831479867267894,0.0014807299686474095,0.0001,2.800413591025208e-06,0.0037824770894362048,0.00028196952442982495,4344,0.3781267252620361
1414,0.3891111960128678,0.3831039899428573,0.0015311144092215207,0.0001,2.362915514019392e-06,0.0030865303073214384,0.00025139573614027673,4222,0.3891111960128678
1415,0.3774742264679434,0.38319408919814146,0.0017762816585768057,0.0001,3.021679344668905e-06,0.003402252486342664,0.0002695994546523207,4383,0.3774742264679434
1416,0.3994055917289025,0.3833196368733794,0.0016951593441521906,0.0001,2.4343843849361743e-06,0.002872159945711413,0.00025786110426024537,4162,0.3994055917289025
1417,0.37211473690894326,0.38333773199162213,0.001442259902833411,0.0001,2.1008761875455402e-06,0.0029133115098301434,0.00023815901735693652,4438,0.37211473690894326
1418,0.38757682469411414,0.3834111121535647,0.0015868647924421658,0.0001,2.5936046346012406e-06,0.0032688413618525295,0.00024968929869294016,4254,0.38757682469411414
1419,0.37658502752659,0.3833841304198275,0.0015032852024654422,0.0001,2.2942565439531435e-06,0.003052323724321212,0.00026628333773198005,4372,0.37658502752659
1420,0.39096253043181606,0.3835385802673885,0.0017204567090123913,0.0001,2.540200375099818e-06,0.002952937277402337,0.0002480814790427428,4227,0.39096253043181606
1421,0.3818538767382801,0.38349793785742564,0.0015607663189781663,0.0001,2.5415500368818413e-06,0.0032567976461021966,0.00026530650237136904,4348,0.3818538767382801
1422,0.37057585358548273,0.38362926961424726,0.001809603934211752,0.0001,2.9143358319835885e-06,0.0032209654023028504,0.0002639367220910011,4404,0.37057585358548273
1423,0.4001881922264186,0.3835791514387519,0.0013857118699977982,0.0001,2.3107834745976207e-06,0.0033351572208171845,0.00024546091260154855,4156,0.4001881922264186
1424,0.39679523319084165,0.38363552223395864,0.0016031339136943872,0.0001,2.6783650346673134e-06,0.0033414114838292946,0.00026346360595305934,4169,0.39679523319084165
1425,0.3773857005788575,0.3835661348474969,0.0014874040976515933,0.0001,2.41840183377016e-06,0.0032518423709985518,0.00025063802241722316,4359,0.3773857005788575
1426,0.37345574713169594,0.38353476745912674,0.0014632894362116317,0.0001,2.3800948123965276e-06,0.00325307455038895,0.00024871462943036897,4388,0.37345574713169594
1427,0.4007345438619842,0.38369190903187483,0.001729689936582565,0.0001,2.6318636588848786e-06,0.0030431623647932914,0.0002863194643725219,4131,0.4007345438619842
1428,0.39766112721439245,0.3837816350479338,0.0017486271410461403,0.0001,2.786728355610518e-06,0.0031873328397994784,0.00027108888969351336,4174,0.39766112721439245
1429,0.38565559417843576,0.3838280594055259,0.0015336922859617937,0.0001,2.5159149447344084e-06,0.00328086014093323,0.00027438259306942077,4337,0.38565559417843576
1430,0.38530411381181867,0.38375324895916113,0.0012542056419889106,0.0001,2.1239813704210316e-06,0.0033869746703624084,0.00028066428922884326,4223,0.38530411381181867
1431,0.37466874854889665,0.3837480198285873,0.001532497021031588,0.0001,2.5499913769792397e-06,0.003327890810858129,0.0002663302891425999,4384,0.37466874854889665
1432,0.40248490786036306,0.383818419495341,0.00159643903052224,0.0001,2.40567754361521e-06,0.003013804470601355,0.00022294465812386805,4088,0.40248490786036306
1433,0.37469408597465226,0.38383260883281317,0.0015795548349057228,0.0001,2.784599321260346e-06,0.0035258026625287087,0.0002861903015822774,4371,0.37469408597465226
1434,0.37477215007711934,0.3838077777818877,0.001256647958318634,0.0001,1.9480860521909317e-06,0.003100448362320066,0.00027156654535316486,4429,0.37477215007711934
1435,0.38242458597705975,0.3839876029202688,0.002167772996900172,0.0001,4.08876485168713e-06,0.003772318280127946,0.0002780733832327917,4277,0.38242458597705975
1436,0.3893153580914894,0.38407495044381834,0.0016175908413804062,0.0001,2.3520368950494297e-06,0.0029080739515590587,0.00027128218717472404,4293,0.3893153580914894
1437,0.38322794357021617,0.3840569143404452,0.0013434595835467964,0.0001,2.087098595696479e-06,0.0031070508130753593,0.00026833605994497345,4272,0.38322794357021617
1438,0.37870999715810094,0.3840078963580807,0.0013298987500378488,0.0001,1.9815292454253453e-06,0.002979970084743597,0.0002739668018634295,4356,0.37870999715810094
1439,0.3817895970002546,0.38406073894308046,0.0017534541496908066,0.0001,2.948522222262007e-06,0.0033631015932545838,0.00026041551509947534,4257,0.3817895970002546
1440,0.3889441055209293,0.3840949019555623,0.0015303114379111422,0.0001,2.4782734472969236e-06,0.0032389138392375063,0.00025946037380576725,4234,0.3889441055209293
1441,0.38399557401233275,0.38414310388125467,0.001989187523919798,0.0001,3.739189223644706e-06,0.003759514051522341,0.00025601133783345874,4291,0.38399557401233275
1442,0.39826556615401854,0.38430302998871896,0.0017333837386777802,0.0001,2.418755989893213e-06,0.0027907911398063912,0.000289529479625728,4190,0.39826556615401854
1443,0.38673077110946324,0.3843685768547302,0.0016234741787585804,0.0001,2.4717435339722086e-06,0.0030450050469694226,0.00025900945674941145,4331,0.38673077110946324
1444,0.38086125275165594,0.38439970625493003,0.0015793282528484005,0.0001,2.5637834139350725e-06,0.003246675805756221,0.00026696815287370043,4308,0.38086125275165594
1445,0.39611023268454265,0.3844447980944264,0.0015368059619747193,0.0001,2.3424297093993336e-06,0.0030484391229058322,0.00024234569518157383,4180,0.39611023268454265
1446,0.372997874815966,0.3844554827108517,0.0015687234888782178,0.0001,2.7787958668448197e-06,0.0035427478284677373,0.00025329765207992053,4423,0.372997874815966
1447,0.36766050427160807,0.3844806205550332,0.0014365765042429481,0.0001,2.2033115578264878e-06,0.003067447575982173,0.00026240127904151103,4510,0.36766050427160807
1448,0.39423377784424596,0.38460935457436146,0.0017242506706799919,0.0001,2.600612941457263e-06,0.003016513765288733,0.00026321093310388403,4180,0.39423377784424596
1449,0.3899679039692124,0.38465603411448274,0.0017329468026011977,0.0001,2.8072548192774286e-06,0.0032398626606006216,0.0002885493488712239,4258,0.3899679039692124
1450,0.37924969636290945,0.3846102076932874,0.0016010662743825776,0.0001,2.718772457461775e-06,0.0033962022696533535,0.00026937003953819434,4311,0.37924969636290945
1451,0.3855051042370444,0.3845756475049361,0.0017464777114634897,0.0001,3.1524128176730586e-06,0.0036100235313411963,0.0002652985100756142,4292,0.3855051042370444
1452,0.38115122284424274,0.38450600409292224,0.0015762805126694737,0.0001,2.6990360268523353e-06,0.003424563083992512,0.00028848384858313515,4262,0.38115122284424274
1453,0.39518130454181305,0.3845309284030189,0.001514104443538634,0.0001,2.3713159847177643e-06,0.0031323017310162958,0.0002560515974222911,4126,0.39518130454181305
1454,0.3814562609523051,0.38458063800686515,0.0016285360797128675,0.0001,2.606383794523134e-06,0.003200891680560954,0.0002552208693755061,4304,0.3814562609523051
1455,0.3766961089816119,0.3845631224901742,0.0016025386702496242,0.0001,2.530223448451083e-06,0.00315776897671612,0.0002648763403933753,4340,0.3766961089816119
1456,0.37420325294930734,0.3846406151583184,0.0017995641349585056,0.0001,3.010073546033264e-06,0.0033453362262108764,0.00026138585970116577,4324,0.37420325294930734
1457,0.367833882371423,0.38464979145986145,0.001639410142221045,0.0001,2.8871796859652063e-06,0.0035222176703795472,0.0002808370310832226,4484,0.367833882371423
1458,0.3951720089311168,0.3846764486029319,0.0018442139752515461,0.0001,3.1699699735662178e-06,0.0034377463961402224,0.00027518904365283846,4214,0.3951720089311168
1459,0.3852989936355543,0.3846086704360483,0.0015606533847480775,0.0001,2.7278354445005243e-06,0.003495760777068195,0.0002566640264600191,4234,0.3852989936355543
1460,0.38193824248095165,0.38452074055842655,0.0011213584368813827,0.0001,1.6953456967847174e-06,0.0030237355711161444,0.00023819162059718167,4357,0.38193824248095165
1461,0.3813019404612066,0.3843919797080998,0.001680880921621679,0.0001,3.0664263255070154e-06,0.0036485943603293334,0.00026190236486284886,4253,0.3813019404612066
1462,0.38254967457784933,0.3845183670724408,0.001928240288911678,0.0001,3.377150092447835e-06,0.003502831168779218,0.0002681003255258382,4305,0.38254967457784933
1463,0.39435192206798103,0.3846896310011812,0.0018056501023890924,0.0001,2.676546510220474e-06,0.002964634739232237,0.00023902153750587297,4182,0.39435192206798103
1464,0.38628082007599,0.38463722303614256,0.0015135698311788347,0.0001,2.85493903244713e-06,0.003772457634443702,0.0002456527593140549,4238,0.38628082007599
1465,0.3909054023170849,0.3846330885055689,0.00164567028135926,0.0001,2.6430174738890357e-06,0.0032120862894917264,0.000262419180511525,4232,0.3909054023170849
1466,0.37881935343412104,0.38459537756405604,0.0014442646157081093,0.0001,2.43317647146672e-06,0.0033694330595695665,0.0002723211516866733,4362,0.37881935343412104
1467,0.3771641299297927,0.38449275184439835,0.0011855704874588018,0.0001,1.7463618219621231e-06,0.0029460278244701306,0.00026062752381294206,4332,0.3771641299297927
1468,0.37467959870855344,0.38460624812600275,0.0016351108408118949,0.0001,2.4045135543448397e-06,0.0029411015991440757,0.00025080335555903796,4394,0.37467959870855344
1469,0.38523486079742103,0.3846360929029454,0.0013771424651005913,0.0001,2.0320477786031816e-06,0.002951107572526642,0.00027358943068526585,4234,0.38523486079742103
1470,0.3920755399645739,0.38454362316549623,0.0013885524149640997,0.0001,2.330737239944582e-06,0.0033570749146042745,0.0003003544454644655,4241,0.3920755399645739
1471,0.3762004014435978,0.38447243982047696,0.0014923166296019537,0.0001,2.5873023155682437e-06,0.0034674978007292667,0.00027536820613332087,4414,0.3762004014435978
1472,0.38617705997467394,0.3843875955115582,0.0015473042467899316,0.0001,2.527597050146862e-06,0.0032670976705333355,0.00025822502052086745,4244,0.38617705997467394
1473,0.38732714858871825,0.3843652262193621,0.0016753770443374957,0.0001,3.0521402781009487e-06,0.0036435264389191565,0.0002674287448998682,4278,0.38732714858871825
1474,0.3771866841184046,0.38434165259802544,0.0016131922578935635,0.0001,2.7815584125460174e-06,0.0034485144581316747,0.00023666022529101656,4411,0.3771866841184046
1475,0.37986472383018033,0.3842945070913242,0.0015416247658513575,0.0001,2.6760170671330054e-06,0.0034716840652922213,0.00030235414982956733,4277,0.37986472383018033
1476,0.3729775233084621,0.38434423839074106,0.0013445502735761558,0.0001,1.950888550916256e-06,0.0029019198303792647,0.0002925140655357532,4383,0.3729775233084621
1477,0.38445813134589213,0.38429657924257543,0.0014741427945052239,0.0001,2.345456451778014e-06,0.0031821292489717518,0.00025108295994560534,4324,0.38445813134589213
1478,0.38153758851174724,0.3842460786032128,0.0013408505073792154,0.0001,2.25003529943134e-06,0.0033561314808004798,0.00023589646410499413,4311,0.38153758851174724
1479,0.3648569648572355,0.3841933286631599,0.0011936331714645675,0.0001,1.8363250649325318e-06,0.0030768666770200305,0.00023667402929577517,4423,0.3648569648572355
1480,0.3796579310284517,0.3840231299056649,0.001303992858368361,0.0001,2.2041094535040334e-06,0.0033805544859531766,0.00030248728265940477,4289,0.3796579310284517
1481,0.3948097891728535,0.3839994709763808,0.0014354824270048708,0.0001,2.351608845064524e-06,0.0032764021360695414,0.0002684157157224224,4203,0.3948097891728535
1482,0.391972933551761,0.38395797488088346,0.0014114102315385929,0.0001,2.3202442479091835e-06,0.003287838214662596,0.00028247890070081814,4220,0.391972933551761
1483,0.3874161805727152,0.38392188990851944,0.0015043148033168727,0.0001,2.521234020119351e-06,0.003352003203797857,0.00024413887222545947,4255,0.3874161805727152
1484,0.38240393324157196,0.3838255698347825,0.0013652344958807864,0.0001,2.2676303984677113e-06,0.0033219646958960567,0.0002451545165341553,4283,0.38240393324157196
1485,0.3823222532733167,0.38373159468153406,0.0013125017028313862,0.0001,2.0731914925463637e-06,0.0031591448423632287,0.00023954757779564797,4341,0.3823222532733167
1486,0.3961810004518309,0.3838573068396245,0.0018855116166053441,0.0001,3.2003665480594144e-06,0.0033946930052028224,0.00027347251316153906,4161,0.3961810004518309
1487,0.3930953072728006,0.3839428677753852,0.0017200062912697898,0.0001,2.750041118303501e-06,0.003197710534271698,0.0002841586422854031,4224,0.3930953072728006
1488,0.38418366620677735,0.38389790558887016,0.001445860355480913,0.0001,2.4147316079562336e-06,0.003340200315753261,0.00026516464380635005,4330,0.38418366620677735
1489,0.38077734057883394,0.3839598174170824,0.0016899878715032528,0.0001,2.8176580911801235e-06,0.0033345305474574826,0.00025189664457355,4330,0.38077734057883394
1490,0.3941364429273372,0.3838490873214673,0.0013481655958487188,0.0001,2.2387061175186018e-06,0.0033211144453055945,0.00027316467822085746,4221,0.3941364429273372
1491,0.40252241404744904,0.3839111836105529,0.0016222556210396819,0.0001,2.505292732793267e-06,0.003088653477665448,0.00025668653918483003,4161,0.40252241404744904
1492,0.3719245892046194,0.3839237131597342,0.0016420898889387527,0.0001,2.6204298691770457e-06,0.003191579080814598,0.0002472044638650109,4388,0.3719245892046194
1493,0.38173918225671294,0.3839597511690477,0.001739992747097694,0.0001,2.908816675226528e-06,0.003343481379538427,0.0002515446849175443,4293,0.38173918225671294
1494,0.3666030514996951,0.3839949412294705,0.0015051313320789787,0.0001,2.4805782455746494e-06,0.003296161860039581,0.0002451517902829885,4470,0.3666030514996951
1495,0.4021653207989121,0.38413301924012344,0.0017756837567730447,0.0001,2.733005012778652e-06,0.003078256477094041,0.000260649224419234,4161,0.4021653207989121
1496,0.3815070219140089,0.3842151484105274,0.0017256404635393363,0.0001,2.7753278910816243e-06,0.003216577206806278,0.00028569089133585073,4323,0.3815070219140089
1497,0.4020721012212276,0.38421792420173856,0.0015321689619053336,0.0001,2.3645932108206546e-06,0.0030865958906779525,0.00028621400620442545,4118,0.4020721012212276
1498,0.369914341469031,0.3840877386671107,0.001363215094297123,0.0001,2.3400147017225525e-06,0.003433082147508159,0.0002385620058404162,4394,0.369914341469031
1499,0.3899950668218617,0.3839773413483518,0.0013139490938798941,0.0001,2.3349450723628464e-06,0.0035540875719440616,0.00025467016945305367,4242,0.3899950668218617
1500,0.3906873982048545,0.3840425014034533,0.0016830306470646526,0.0001,2.7179111857069516e-06,0.0032297821676001183,0.00029046125859605174,4203,0.3906873982048545
1501,0.40027237663940074,0.38412361842376713,0.0017167401349039658,0.0001,2.6410796033624092e-06,0.0030768542654362203,0.0002534721414922545,4128,0.40027237663940074
1502,0.3897217101769673,0.3841181539065479,0.0014169245951916663,0.0001,2.19702312344893e-06,0.0031011150923691035,0.00027264497597211774,4246,0.3897217101769673
1503,0.39176448433853206,0.3841114836831113,0.0013498383297348834,0.0001,2.1171053803062347e-06,0.0031368280684725375,0.0002953202536344911,4274,0.39176448433853206
1504,0.3754718071265502,0.3840641114174894,0.0012242931267209879,0.0001,1.668624492223206e-06,0.0027258578126502543,0.00027418626303204856,4360,0.3754718071265502
1505,0.3903022312859145,0.38419537138373494,0.0018981523568357996,0.0001,3.102750199433472e-06,0.0032692319857882475,0.00023800840083377936,4251,0.3903022312859145
1506,0.40768359878137067,0.3842211292704941,0.0015370865816489992,0.0001,2.399257032483509e-06,0.0031218241849584895,0.0002549613628370056,4071,0.40768359878137067
1507,0.3803528269753931,0.38412367212478604,0.001358595115506353,0.0001,2.284350806049517e-06,0.0033628132178263157,0.0002662302596420767,4395,0.3803528269753931
1508,0.3710559429633574,0.3841746000280445,0.0015272777594118412,0.0001,2.393350362606938e-06,0.0031341389578391082,0.0002631543020886605,4348,0.3710559429633574
1509,0.3905251577322249,0.38419183486152214,0.0017117534199310592,0.0001,2.9611645466483767e-06,0.00345980269374036,0.0002525142258126888,4257,0.3905251577322249
1510,0.39909244447505626,0.3841799108793217,0.0016803177312760785,0.0001,2.7668723874664878e-06,0.0032932728566343822,0.00028163836312278755,4172,0.39909244447505626
1511,0.4003044413350091,0.38423049769700957,0.0015252109942199203,0.0001,2.421894588955048e-06,0.0031758158027096342,0.0002569378191898536,4126,0.4003044413350091
1512,0.39452949992813896,0.3842125869406544,0.0014999979517664964,0.0001,2.3519578331251605e-06,0.0031359480596028014,0.0002501539283739443,4141,0.39452949992813896
1513,0.3798391561629723,0.3842847212243886,0.001710698521725743,0.0001,2.795951935015594e-06,0.0032687839493718072,0.0002568391921022207,4329,0.3798391561629723
1514,0.38831801996464554,0.384232478143543,0.0015438229712041198,0.0001,2.5875776462864454e-06,0.003352168862040236,0.00027999920897561726,4242,0.38831801996464554
1515,0.3963482493919685,0.38428290359606465,0.0017472418554722474,0.0001,2.8541959657038223e-06,0.0032670874461536823,0.0002491388994521392,4203,0.3963482493919685
1516,0.37542163409427054,0.3841563239074813,0.0016140532386184842,0.0001,2.9020712718393103e-06,0.003596004397380694,0.0002711839963993518,4404,0.37542163409427054
1517,0.39737238746377734,0.384285497991132,0.00168501381594174,0.0001,2.469434072744276e-06,0.0029310549852840585,0.00027780404592371615,4164,0.39737238746377734
1518,0.3828446474067053,0.38428362622135986,0.001445179053827028,0.0001,2.3338664646287014e-06,0.0032298647817352592,0.0002507681750426228,4305,0.3828446474067053
1519,0.3787285771644883,0.3843032020655288,0.0015575215824069084,0.0001,2.6919351485176075e-06,0.003456690653824057,0.00024077440167168105,4376,0.3787285771644883
1520,0.3811786414816024,0.38433701200442194,0.0015681275706914736,0.0001,2.3270571058048108e-06,0.002967943615427517,0.00023414400483517408,4307,0.3811786414816024
1521,0.39379868969808407,0.3844068759582309,0.0017382474062843096,0.0001,2.7708277358238057e-06,0.003188070611590035,0.00025117182890806253,4156,0.39379868969808407
1522,0.37340588724545143,0.3844418616095251,0.0017644606407327505,0.0001,3.1228953239718897e-06,0.0035397732903523463,0.0002644871704150116,4392,0.37340588724545143
1523,0.37163718796402245,0.38450368759821163,0.001616657973934277,0.0001,2.7513516754298173e-06,0.003403752333258425,0.00025014594863386445,4356,0.37163718796402245
1524,0.4045291329262515,0.3844742437723594,0.0015818154143256613,0.0001,2.4220643890517304e-06,0.0030623856198597897,0.0002525461622963525,4120,0.4045291329262515
1525,0.39408594591124535,0.3845405051212235,0.0019056013287436033,0.0001,3.368014467553377e-06,0.0035348573877978648,0.00029001559332270826,4226,0.39408594591124535
1526,0.3823799665251245,0.3846016462454743,0.0015485852471528601,0.0001,2.4880683629624117e-06,0.003213343750415847,0.0002683943189563668,4272,0.3823799665251245
1527,0.3733144579741561,0.3847429873437836,0.0019656815587105417,0.0001,3.39314537345405e-06,0.003452385620059338,0.0002764347764896259,4398,0.3733144579741561
1528,0.3871547391673242,0.3847499443551663,0.0016292033955397727,0.0001,2.533301374705851e-06,0.0031098650808624663,0.00026629422200236943,4273,0.3871547391673242
1529,0.38346913055154286,0.38479882537049737,0.0015456755926819595,0.0001,2.25035173247039e-06,0.0029118034122098293,0.0002474667312006848,4323,0.38346913055154286
1530,0.3794197238536854,0.384854806775254,0.0017692801561171535,0.0001,2.9444811880664466e-06,0.0033284510402562563,0.0002510701019969068,4366,0.3794197238536854
1531,0.37361296611914646,0.38489152148139905,0.0015374757993338519,0.0001,2.5917295044143338e-06,0.003371408519779319,0.0002420958245473283,4374,0.37361296611914646
1532,0.3715572511289209,0.3848820948736389,0.0016387352006979816,0.0001,2.696197842684167e-06,0.003290583910732842,0.000283476592192246,4457,0.3715572511289209
1533,0.37257069170516083,0.38492842838243463,0.0015921773986115925,0.0001,2.727625324540438e-06,0.003426283185427675,0.0002481864952940344,4429,0.37257069170516083
1534,0.3947360814916531,0.38498785947975134,0.0015725016706878375,0.0001,2.502165755187158e-06,0.003182401394960261,0.0002349883049724527,4202,0.3947360814916531
1535,0.3801483291009835,0.38492631339422945,0.0014491079757748635,0.0001,2.466012410735365e-06,0.0034034902187557755,0.0002659181817687312,4354,0.3801483291009835
1536,0.38275464211754784,0.3848681978730395,0.001403500027253379,0.0001,2.3108911807019052e-06,0.003293040450058661,0.00026323434372896743,4356,0.38275464211754784
1537,0.37385869588441034,0.38496423692253423,0.0017354740555110368,0.0001,2.8274252739550677e-06,0.0032583895621792953,0.00025629086851508716,4339,0.37385869588441034
1538,0.38782075372875496,0.3848956760162531,0.001681476814222159,0.0001,3.028191995166047e-06,0.003601824264899984,0.0002603359232301272,4220,0.38782075372875496
1539,0.39693437428848555,0.3850114736462671,0.0018229418492914215,0.0001,3.1282348874838278e-06,0.003432073150001767,0.0002616170452951436,4190,0.39693437428848555
1540,0.3844244002970027,0.3849729975562426,0.001484529680596526,0.0001,2.666427878237593e-06,0.003592286382803942,0.0002885439728209046,4264,0.3844244002970027
1541,0.3792947873245377,0.38510042361919467,0.0018443829538629549,0.0001,3.0178288166144293e-06,0.0032724535978753853,0.0002661041106812774,4323,0.3792947873245377
1542,0.38560674767356357,0.3850956478085693,0.0015510629606494992,0.0001,2.6438512752069053e-06,0.0034090831156200216,0.0002597609273251153,4240,0.38560674767356357
1543,0.37999795735415454,0.38498467840546646,0.0013429281448522768,0.0001,2.429005620142194e-06,0.0036174766750597612,0.00025668760269376536,4319,0.37999795735415454
1544,0.36167241936199024,0.3848784309106235,0.0014817127959183924,0.0001,2.607229475452789e-06,0.0035192103120588658,0.0002345995759595669,4505,0.36167241936199024
1545,0.3858584860582497,0.3848290541015777,0.0014936300083523905,0.0001,2.32614334512915e-06,0.0031147517552825516,0.0002542377150722703,4282,0.3858584860582497
1546,0.3910558143229006,0.3848554379625209,0.0017632351886158475,0.0001,2.856921737795574e-06,0.0032405452843058086,0.0002635635279332969,4186,0.3910558143229006
1547,0.38658570216101695,0.38481390006400684,0.0013690620537982472,0.0001,2.3071402801363485e-06,0.003370395481688431,0.0002532335267297234,4255,0.38658570216101695
1548,0.3783187876061668,0.3849324643889108,0.0018124518545291246,0.0001,3.2728955024372143e-06,0.003611566833357362,0.00024274452093333925,4358,0.3783187876061668
1549,0.38168973563520303,0.38497219253815607,0.0014165274874330138,0.0001,2.1398325599235762e-06,0.0030212369034946338,0.0002508237311047337,4296,0.38168973563520303
1550,0.37227317442081287,0.38499230266842394,0.001503273111708949,0.0001,2.5110693462454582e-06,0.003340802581629133,0.00025328298814961445,4329,0.37227317442081287
1551,0.3950517695144456,0.3850486826486964,0.0015996517455404429,0.0001,2.601543708859485e-06,0.003252637602043252,0.00029085591585466177,4109,0.3950517695144456
1552,0.3944706200781473,0.38512536364247885,0.0016116081524059122,0.0001,2.356617248904467e-06,0.0029245536458553617,0.0002543200629042959,4206,0.3944706200781473
1553,0.37758221304886364,0.3850154638823724,0.0016730114804638133,0.0001,3.1513003829882157e-06,0.0037672190774382165,0.00024713046117812284,4407,0.37758221304886364
1554,0.3853575115736553,0.38510677421644546,0.0015752156149395958,0.0001,2.3214754623328707e-06,0.0029475018407837355,0.0002404862371079475,4282,0.3853575115736553
1555,0.370170106178762,0.38500251150778847,0.0013688730524538905,0.0001,2.4002349722266488e-06,0.003506877380519548,0.000253044161262863,4409,0.370170106178762
1556,0.38554654963735535,0.38505942050869224,0.001554323740337883,0.0001,2.5196890791815095e-06,0.0032421676563130566,0.0002655269188556603,4309,0.38554654963735535
1557,0.37313370800787293,0.3850915229296878,0.0017627704160569763,0.0001,3.0482736778455284e-06,0.003458503330982839,0.00027496119280799017,4380,0.37313370800787293
1558,0.3874781400894834,0.3851273777341064,0.0015956441892631072,0.0001,2.508958043127878e-06,0.003144758787717647,0.00027845223075263835,4215,0.3874781400894834
1559,0.3810606929971184,0.3851866722276141,0.0014720419544224008,0.0001,2.2074776251287927e-06,0.002999204769262112,0.00025905368998117606,4359,0.3810606929971184
1560,0.3782302881753684,0.385234046153545,0.0015994845819116868,0.0001,2.6717920819874506e-06,0.0033408163007037596,0.00027998615021951063,4374,0.3782302881753684
1561,0.3716715179866287,0.3852537855382455,0.001663784900258093,0.0001,2.7194651533697384e-06,0.003269010498830568,0.0002531588491059007,4390,0.3716715179866287
1562,0.3995969255640317,0.3854441014994844,0.0018106301885322414,0.0001,2.6334777075257906e-06,0.002908907323212784,0.00027736564578929147,4178,0.3995969255640317
1563,0.38274989040344876,0.38538264555802104,0.0016194928551614958,0.0001,2.6614421512515346e-06,0.0032867599789270273,0.0002511438701901229,4352,0.38274989040344876
1564,0.3738733915237888,0.38543968553438057,0.0016582374150130293,0.0001,2.53000737278632e-06,0.003051441669185158,0.00025716615780956926,4385,0.3738733915237888
1565,0.38924509175575006,0.385377793635472,0.0018014588460570611,0.0001,3.2555525377595496e-06,0.003614351274118898,0.00026861671992102986,4201,0.38924509175575006
1566,0.38036527285062627,0.3853216461943857,0.0013729288575033013,0.0001,2.243406691916135e-06,0.003268059637111591,0.00030675024908144205,4321,0.38036527285062627
1567,0.38596816277534535,0.38538068962361227,0.0016648981088832175,0.0001,2.679225633566223e-06,0.003218486007367018,0.0002622865011528422,4289,0.38596816277534535
1568,0.3940001947979336,0.3854478644780352,0.0015982046721037028,0.0001,2.539413237109328e-06,0.0031778323282796073,0.00026266162107988996,4217,0.3940001947979336
1569,0.3800376307770999,0.38543172086185784,0.0015758463249071712,0.0001,2.488718892258215e-06,0.0031585806977781528,0.0002593310142381824,4344,0.3800376307770999
1570,0.36778447743402404,0.3854249859520049,0.001253161729036198,0.0001,1.7704256430199861e-06,0.0028255341700893044,0.0002452646571728472,4416,0.36778447743402404
1571,0.3924634212361414,0.3854314231836956,0.001372552229258032,0.0001,2.0785801047312805e-06,0.0030287810699268034,0.00028193861897169575,4208,0.3924634212361414
1572,0.39590105779833423,0.38537763027078475,0.0014059997170305651,0.0001,2.1171437575450325e-06,0.0030115848984897165,0.0002636607257062402,4198,0.39590105779833423
1573,0.3868190496621895,0.385234366732792,0.0014020134057702099,0.0001,2.4350039649575317e-06,0.0034735815719534277,0.0002390778810405725,4312,0.3868190496621895
1574,0.3885203276673162,0.38520170780762236,0.0015670283445324788,0.0001,2.7047922996264508e-06,0.003452129387529902,0.0002684168622857155,4255,0.3885203276673162
1575,0.383109875185199,0.3852546179221896,0.0017476231010341617,0.0001,2.8219893693324775e-06,0.0032295171283356875,0.00027472597610932984,4305,0.383109875185199
1576,0.3757496281155925,0.3851727624806316,0.0013578477673878565,0.0001,2.3535380513643017e-06,0.003466571301865293,0.000260295567202758,4403,0.3757496281155925
1577,0.38292028533984673,0.385133622345355,0.001445365939671361,0.0001,2.334438518110118e-06,0.003230238729218856,0.00023702721549426185,4334,0.38292028533984673
1578,0.3732150610136144,0.38512309775641895,0.0014532159745370436,0.0001,2.2482081930597674e-06,0.0030941143401289513,0.0002608084859727882,4355,0.3732150610136144
1579,0.3665143555020991,0.3851530826346675,0.001657713288942888,0.0001,2.7144541123693428e-06,0.003274937988945399,0.0002632785530420476,4474,0.3665143555020991
1580,0.38530915514281183,0.3851640968423363,0.0015328602160087834,0.0001,2.5587935981082667e-06,0.0033385870040658744,0.0002495164631063197,4280,0.38530915514281183
1581,0.37747969128795406,0.38503076075694287,0.0016127965011875638,0.0001,3.1023876113174567e-06,0.003847215205431125,0.00027078221136842055,4322,0.37747969128795406
1582,0.3896545869722573,0.3850179974580286,0.0012489975223657023,0.0001,1.841968967598206e-06,0.002949515807059998,0.0002547312831650795,4214,0.3896545869722573
1583,0.3708533919143383,0.3850191083310156,0.0016503967107770864,0.0001,2.898795153567343e-06,0.003512846498830514,0.00026574231547250995,4399,0.3708533919143383
1584,0.38541732476148033,0.38501990590907664,0.001603002691033561,0.0001,2.80449956549419e-06,0.003499057838369498,0.00028298640817624827,4294,0.38541732476148033
1585,0.3886407978750929,0.3851027339289739,0.0016051100713525134,0.0001,2.5726417333222438e-06,0.0032055642528670447,0.00024352407106379548,4191,0.3886407978750929
1586,0.385881083739309,0.3851257424905694,0.0015772787998898656,0.0001,2.633919605352271e-06,0.0033398275631881767,0.00026386303300210314,4277,0.385881083739309
1587,0.3810789078916902,0.38520862454589555,0.0018656825726301553,0.0001,3.2034160779919597e-06,0.0034340419157969917,0.00029000226817004203,4339,0.3810789078916902
1588,0.38605971635292563,0.38502652541454635,0.0014702657427569077,0.0001,2.584611806948063e-06,0.0035158430639914582,0.0002657350740450311,4263,0.38605971635292563
1589,0.3973160825853128,0.3849255260663149,0.001219365298573359,0.0001,1.9687213364284142e-06,0.0032290919525621922,0.0002586537130786441,4178,0.3973160825853128
1590,0.39153275853456704,0.38482030081870144,0.0014935367342302774,0.0001,2.6798735524359824e-06,0.0035886275724140194,0.0002633887763934897,4219,0.39153275853456704
1591,0.3799048944009423,0.38474095776358375,0.0016576395571937916,0.0001,3.0803988981736013e-06,0.003716608818612402,0.0002684874185709143,4346,0.3799048944009423
1592,0.35643630474438437,0.38466765031948924,0.0013935046369617445,0.0001,2.5389596440995428e-06,0.0036439916692853364,0.00027916661701570477,4542,0.35643630474438437
1593,0.37039808090296117,0.38475792975939493,0.0017136785380780072,0.0001,2.7684704443160252e-06,0.003231026569803495,0.0002886147028366463,4449,0.37039808090296117
1594,0.3966593276522681,0.3847663916292692,0.0017169238538213153,0.0001,2.747756063732501e-06,0.0032007896653271925,0.00025980613246786525,4195,0.3966593276522681
1595,0.38787466285618166,0.38478958806470465,0.0015191276945249318,0.0001,2.3441962507588764e-06,0.0030862398983410853,0.00024458233711535427,4251,0.38787466285618166
1596,0.3820808412704343,0.3848378563193873,0.0017352513801454613,0.0001,2.7703381051691525e-06,0.0031930106921302928,0.00025058481468101746,4318,0.3820808412704343
1597,0.37772353189947994,0.3848479018366471,0.001459912737116702,0.0001,2.344899940836881e-06,0.003212383701053271,0.00023945619921556644,4395,0.37772353189947994
1598,0.3760035774373695,0.3847900335181359,0.0014133025035783322,0.0001,2.3423443569410587e-06,0.0033147105464123795,0.0002594005464948356,4404,0.3760035774373695
1599,0.3831978695474637,0.38480048694897817,0.0014847606370361928,0.0001,2.4512615255557e-06,0.003301894547054789,0.00027181569175997456,4326,0.3831978695474637
1600,0.38974507397711144,0.3849979176114011,0.0019032013176878539,0.0001,3.0349708680955317e-06,0.0031893324577797503,0.00024400039860651118,4230,0.38974507397711144
1601,0.3890749642344203,0.38512136183821455,0.0018033296808463196,0.0001,2.9698824927937077e-06,0.0032937765338614216,0.00026976017211697174,4234,0.3890749642344203
1602,0.3770059621345569,0.38512646466392664,0.0014295430033167576,0.0001,2.255092688233913e-06,0.003154984051548998,0.0002553247307265839,4349,0.3770059621345569
1603,0.37837475523975955,0.3850059419963946,0.0015117347648628675,0.0001,2.6749196381319956e-06,0.0035388742791459763,0.0002631857137518572,4371,0.37837475523975955
1604,0.39034019842270445,0.385093119990405,0.001745441718871809,0.0001,2.8946317427635404e-06,0.003316789912222937,0.0002600419006921233,4252,0.39034019842270445
1605,0.40298424864767485,0.3850175128405252,0.0014210780751125927,0.0001,2.53384449015744e-06,0.003566087654904791,0.0002467013235221022,4124,0.40298424864767485
1606,0.3874613398145944,0.3850343741657801,0.0014896530178747588,0.0001,2.3517086951846923e-06,0.003157391240733096,0.0002503742705714078,4261,0.3874613398145944
1607,0.37070379978039214,0.38502111832846264,0.0013831640142432996,0.0001,2.193000394540485e-06,0.003170991107284164,0.00024523913733814776,4431,0.37070379978039214
1608,0.388177590933996,0.38516951651482556,0.0019113963657568134,0.0001,3.115832628563851e-06,0.003260268444980687,0.00027699268413243874,4263,0.388177590933996
1609,0.3880837297778525,0.3851585282908187,0.0014330631858473358,0.0001,2.2237992555348587e-06,0.003103560648960471,0.000240414172596748,4283,0.3880837297778525
1610,0.3890774913760722,0.3852154374938532,0.0016134081483097102,0.0001,2.4580585148389902e-06,0.0030470386769946333,0.0002534833582587325,4270,0.3890774913760722
1611,0.38366124196328893,0.3851888363877227,0.0012933819809282559,0.0001,1.936465252803002e-06,0.0029944212635670204,0.00026687693788479303,4318,0.38366124196328893
1612,0.3867004394132604,0.3852864621298656,0.00182429142500685,0.0001,3.0828872747594205e-06,0.0033798188518567914,0.00027544129237410157,4264,0.3867004394132604
1613,0.39639280883432915,0.3852047362534594,0.0014608106508910627,0.0001,2.319342372956698e-06,0.003175418212541029,0.00028907181845651037,4207,0.39639280883432915
1614,0.3861567782334559,0.38517607432148526,0.001427035886929798,0.0001,2.228653203063677e-06,0.003123471839041864,0.00024687579740821923,4295,0.3861567782334559
1615,0.3899535642498288,0.38518758083274857,0.0014316967516831754,0.0001,2.2620514869002036e-06,0.0031599589567285406,0.00025053716703177736,4297,0.3899535642498288
1616,0.38324219572770113,0.3852611535507391,0.001628176024453344,0.0001,2.6238582458286553e-06,0.003223064590586401,0.00023922650202397235,4338,0.38324219572770113
1617,0.3943977705773009,0.38528387529699115,0.0016167797563054259,0.0001,2.7778433515476705e-06,0.003436266864072372,0.00024097429171960897,4235,0.3943977705773009
1618,0.39527376471968656,0.38534475600263873,0.001575049670424711,0.0001,2.581030673254137e-06,0.0032773959091184266,0.00027678588131633397,4146,0.39527376471968656
1619,0.402826938614977,0.38530600238684576,0.0012588831878191397,0.0001,1.9593473040023015e-06,0.0031128341739103367,0.0002388575533133246,4101,0.402826938614977
1620,0.37797352092373243,0.3853560044394779,0.0014855952173619712,0.0001,2.3041978057291534e-06,0.0031020533437376113,0.00023928081353662974,4322,0.37797352092373243
1621,0.4023595902480309,0.3855390835326258,0.0016424078635273315,0.0001,2.2782256654281005e-06,0.002774250800937167,0.00024275454208346178,4102,0.4023595902480309
1622,0.38343610038183573,0.3856182046455129,0.0017152014055221757,0.0001,2.6741772993079868e-06,0.003118207915056903,0.0002762630081164957,4264,0.38343610038183573
1623,0.3789882124355235,0.3855409178636884,0.001514634889568183,0.0001,2.4610562245056525e-06,0.0032497022767081388,0.00026271784431466504,4380,0.3789882124355235
1624,0.38353153468040946,0.38556860895266964,0.001434040711944558,0.0001,2.2213637990529706e-06,0.0030980484452785206,0.0002502590812059443,4324,0.38353153468040946
1625,0.38526350480458393,0.3857130977464549,0.0017382385182448687,0.0001,2.6567455919802134e-06,0.0030568251296867795,0.0002555000736948622,4303,0.38526350480458393
1626,0.36039221402655186,0.38569823923196284,0.001294420735803668,0.0001,2.0475912225940655e-06,0.003163718203761277,0.00023648050076742393,4460,0.36039221402655186
1627,0.39260246447130054,0.38575217231834286,0.001715042755517282,0.0001,2.7616303257464937e-06,0.003220479859014996,0.00027007088839135746,4223,0.39260246447130054
1628,0.38870632092692026,0.3856717006170758,0.0013783068294127105,0.0001,2.0984974007999568e-06,0.0030450366435376595,0.0002540926272507717,4229,0.38870632092692026
1629,0.3785597372544743,0.3856723765304957,0.001606675109143078,0.0001,2.7017986717590335e-06,0.0033632171885703034,0.0002635626694999576,4336,0.3785597372544743
1630,0.38904512937329916,0.3856691299382746,0.0015729359031996003,0.0001,2.562615509131502e-06,0.0032583851686756424,0.0002632135166918257,4259,0.38904512937329916
1631,0.393755449776734,0.3855429356829545,0.0014064674359546066,0.0001,2.224543901011443e-06,0.0031633066562989235,0.000250445419110403,4204,0.393755449776734
1632,0.39931162460155917,0.38553121355652675,0.001547691030283802,0.0001,2.6417005612284662e-06,0.0034137311770089593,0.00024123204736753583,4147,0.39931162460155917
1633,0.3871725159527488,0.3856469659175225,0.001792665714549259,0.0001,2.9297982005280913e-06,0.0032686497842290105,0.00024564425798729114,4281,0.3871725159527488
1634,0.3828128326289739,0.3855395474862013,0.0016759081159295893,0.0001,3.0513034926841907e-06,0.0036413732515302006,0.00026515524500046484,4311,0.3828128326289739
1635,0.38735747413552085,0.3855314348399811,0.0015417769537421678,0.0001,2.450083542273117e-06,0.0031782593926136036,0.00025852741627593705,4295,0.38735747413552085
1636,0.38939546233735944,0.38557458444611403,0.0015821931486504326,0.0001,2.6191903324542938e-06,0.0033108351337362203,0.0002483795381766097,4234,0.38939546233735944
1637,0.37758308587824985,0.38565170532558046,0.0016116300245037217,0.0001,2.3734956999110703e-06,0.002945459769083111,0.00024388834211761887,4295,0.37758308587824985
1638,0.3811061315445329,0.38548124355083513,0.0012304649004987985,0.0001,2.1343227913489948e-06,0.003469132342554096,0.00025636781031415147,4354,0.3811061315445329
1639,0.38667174768715995,0.3854743382674953,0.0016064428846715654,0.0001,2.699659086573465e-06,0.00336103961408551,0.00026979309819950235,4219,0.38667174768715995
1640,0.3918593269574362,0.38542163419403686,0.0015777922292135736,0.0001,2.9851075350562065e-06,0.0037839044707985254,0.00026473826291035683,4246,0.3918593269574362
1641,0.39161164245171753,0.38546487890782033,0.0014676763409745036,0.0001,2.2569140262000165e-06,0.0030754928224862943,0.0002732282015342221,4180,0.39161164245171753
1642,0.36695796099521055,0.38548456827280364,0.0013901083250219067,0.0001,2.1108317005362006e-06,0.003036931241315941,0.000235839694893294,4409,0.36695796099521055
1643,0.3964858022925823,0.3853677797048831,0.0013532491275821965,0.0001,2.3624733136142356e-06,0.0034915571205062367,0.00022649764969220112,4164,0.3964858022925823
1644,0.3853064262374543,0.3854294182526252,0.0016015313685693328,0.0001,2.4414492213474844e-06,0.003048893414468004,0.0002702004221478644,4262,0.3853064262374543
1645,0.3806676870105282,0.3855377271681266,0.001676786461008594,0.0001,2.6298817023528933e-06,0.003136811709191651,0.00026951181277082433,4334,0.3806676870105282
1646,0.3989429226016374,0.3855942756893285,0.0016085398816567593,0.0001,2.656592580651098e-06,0.003303110617207537,0.00027132800102521105,4165,0.3989429226016374
1647,0.3868849606440873,0.3855908147511051,0.001643721399029683,0.0001,2.7704042137826963e-06,0.003370892677333414,0.000254171577195433,4233,0.3868849606440873
1648,0.39248716790258503,0.3854776418940583,0.0011798842682301809,0.0001,1.8058926255965583e-06,0.0030611351879542992,0.0002674400182457093,4246,0.39248716790258503
1649,0.38651985431839,0.38548320373039074,0.0017424881360613607,0.0001,3.1078965790004764e-06,0.003567193962106877,0.00022888077468839288,4281,0.38651985431839
1650,0.38431666620502647,0.38535598367331264,0.0014529939646553678,0.0001,2.5902956138714496e-06,0.0035654595640193677,0.00025759826810588054,4305,0.38431666620502647
1651,0.38672233877071077,0.38524103803711784,0.00145667936702584,0.0001,2.4900154533482618e-06,0.003418755712085392,0.00026225656001730883,4272,0.38672233877071077
1652,0.3860779426762106,0.38527389229311715,0.0015018307194156638,0.0001,2.3672501600703544e-06,0.0031524860018729804,0.0002555995726704709,4279,0.3860779426762106
1653,0.3915272743896382,0.385173696618225,0.0013169342071760821,0.0001,2.088898711591219e-06,0.003172366091196719,0.0002373418970878292,4256,0.3915272743896382
1654,0.3986511885044209,0.38511928067400075,0.001489013243248275,0.0001,2.25337036638637e-06,0.003026662625875178,0.0002392058904134182,4151,0.3986511885044209
1655,0.3824673817462333,0.38528755292316863,0.0017853927503541566,0.0001,2.8017971624970234e-06,0.0031385779537205466,0.00026488854534488423,4366,0.3824673817462333
1656,0.3693950999926234,0.38523117315093075,0.0016574285438699628,0.0001,2.8214526857081613e-06,0.0034046145713410923,0.0002389663165439125,4440,0.3693950999926234
1657,0.3831855734562597,0.38511997497713557,0.001308660148143684,0.0001,2.0856480758766092e-06,0.0031874556260234133,0.0002698120104832142,4310,0.3831855734562597
1658,0.38540457044733833,0.38522868485650097,0.001669482456128743,0.0001,2.5933807420836697e-06,0.003106808020130137,0.0002838055369012391,4252,0.38540457044733833
1659,0.388965187910782,0.38533524183058554,0.0017828917966272952,0.0001,2.8733266652766475e-06,0.003223220467683045,0.00025653941895280037,4242,0.388965187910782
1660,0.3891309892673279,0.3854856463334232,0.0020292717096859797,0.0001,3.56266784108461e-06,0.003511277296263018,0.0002657010867451373,4267,0.3891309892673279
1661,0.39339761136813844,0.38549261876649776,0.0017432899853492287,0.0001,2.932990462894891e-06,0.0033648910824292185,0.00027246079803887465,4222,0.39339761136813844
1662,0.36510297505131983,0.38535681341496464,0.0012998946325662156,0.0001,2.2521053014702545e-06,0.003465058236334449,0.00024043223141110767,4473,0.36510297505131983
1663,0.3790582674840464,0.38553603118375246,0.0019078500217602923,0.0001,3.0589839184664112e-06,0.0032067341599986104,0.0002369974560839758,4372,0.3790582674840464
1664,0.40259324577373634,0.3855535138951762,0.0016019539818004258,0.0001,2.744746039798094e-06,0.0034267476731301492,0.0002724691996822518,4151,0.40259324577373634
1665,0.3988998323772187,0.3855280695893579,0.0015288132165782028,0.0001,2.6264331218237096e-06,0.0034359110627028783,0.0002524205031235277,4115,0.3988998323772187
1666,0.3969269254326786,0.3855453801325607,0.0016685512926245811,0.0001,2.668141968939778e-06,0.0031981539683360533,0.00027156421392883707,4157,0.3969269254326786
1667,0.3734328362387863,0.3856632638908395,0.0017346174152062905,0.0001,2.783112987009317e-06,0.0032089070046357553,0.00025858731421411063,4463,0.3734328362387863
1668,0.3688439055675955,0.3855384113046836,0.0013027028273479488,0.0001,2.242598539167096e-06,0.003442993278417294,0.0002895958978529622,4420,0.3688439055675955
1669,0.40080742119362534,0.3855727551739214,0.0017070016473824576,0.0001,2.802543377991621e-06,0.003283586026163576,0.00026039449828442056,4122,0.40080742119362534
1670,0.38540841736443643,0.38555961705913516,0.0014337883495139177,0.0001,2.1994091339580324e-06,0.00306796904118195,0.00022779853291026047,4287,0.38540841736443643
1671,0.39637801741799594,0.3856457096235525,0.0017601255175950866,0.0001,2.880721338783255e-06,0.003273313533593073,0.0002586427631974623,4199,0.39637801741799594
1672,0.35806073532384464,0.38562031390384677,0.0017820232229547254,0.0001,3.674885934515632e-06,0.004124397355969808,0.0002708018621043325,4555,0.35806073532384464
1673,0.3840914713959621,0.38563253287876287,0.0013542734894102491,0.0001,2.1466862830020897e-06,0.003170240427488418,0.0002570110617926069,4267,0.3840914713959621
1674,0.3950038002094175,0.38558206240009657,0.0014625288155095328,0.0001,2.4334354185830774e-06,0.0033277093658291967,0.0002748319131633147,4215,0.3950038002094175
1675,0.39385033191654706,0.3856527706828306,0.0018311558813910384,0.0001,3.1788383270346066e-06,0.0034719472649371616,0.0002563633371308511,4212,0.39385033191654706
1676,0.39431523564525484,0.38575268055287926,0.0017594917308367468,0.0001,2.7488032083917824e-06,0.003124542343924012,0.0002625990493657242,4218,0.39431523564525484
1677,0.38922186642135537,0.38586039062428834,0.0018051958552938033,0.0001,2.854263862399627e-06,0.003162276108743983,0.00026630565504256754,4283,0.38922186642135537
1678,0.37930685096990463,0.3859348744814465,0.001888352744178526,0.0001,3.222281321821386e-06,0.003412795974433418,0.00024181559338691463,4347,0.37930685096990463
1679,0.38493580440935593,0.38596519405360524,0.0015052315769991031,0.0001,2.429222329898381e-06,0.003227705778989021,0.0002501457791697065,4336,0.38493580440935593
1680,0.37810939278841094,0.38595320571576885,0.0016159028053436037,0.0001,2.884169135533607e-06,0.003569730959060153,0.0002499008446107727,4341,0.37810939278841094
1681,0.3874015490592907,0.38603908785417357,0.0017027437158637175,0.0001,2.6731011559328013e-06,0.0031397574761588467,0.00023508411849298548,4276,0.3874015490592907
1682,0.3853338541771466,0.3860918325953562,0.0016691301715575412,0.0001,2.8780551989443747e-06,0.003448568898923839,0.00024423806400783774,4286,0.3853338541771466
1683,0.39022282711044765,0.386186876122534,0.0018505178674137971,0.0001,3.022026420689287e-06,0.0032661413044476444,0.00027626131845019246,4222,0.39022282711044765
1684,0.3708297294044387,0.38625909995187824,0.0018174459842609332,0.0001,3.0776370417584557e-06,0.0033867714016380854,0.0002561914348935893,4349,0.3708297294044387
1685,0.3872318939426789,0.3863260908788315,0.001511460352939936,0.0001,2.353068876215333e-06,0.0031136362546836075,0.00027385047501983376,4306,0.3872318939426789
1686,0.3863855279562889,0.3863688091474515,0.0017104014112796027,0.0001,2.799926051653966e-06,0.0032739987621493564,0.0002645595669871596,4262,0.3863855279562889
1687,0.40820070502041417,0.3863731097619272,0.00137549050771582,0.0001,2.059681192824422e-06,0.002994831561934643,0.00025771276664984897,4023,0.40820070502041417
1688,0.40504293239119327,0.38619951356530813,0.0012576812883180204,0.0001,2.1407384547982502e-06,0.0034042622319064636,0.0002283277618812846,4113,0.40504293239119327
1689,0.3818306096837732,0.38624625002466095,0.0017551871000776418,0.0001,2.8597565445054305e-06,0.0032586344149622875,0.00026537747519914296,4357,0.3818306096837732
1690,0.3852821662300983,0.3862289450873624,0.0014997791655397708,0.0001,2.51720197487382e-06,0.0033567634925344217,0.0002571764345698602,4277,0.3852821662300983
1691,0.37898810102445707,0.3862308498168201,0.001498679926008468,0.0001,2.507723349565392e-06,0.003346576284963495,0.00026687510512546126,4376,0.37898810102445707
1692,0.3928779513268391,0.3861943076265144,0.0012524287645243172,0.0001,1.9775322598379866e-06,0.0031579157487477056,0.00026765117324984767,4204,0.3928779513268391
1693,0.39853955457879625,0.3863254945294516,0.00171790675646414,0.0001,2.5272418308179505e-06,0.0029422339964709316,0.0002498956312213484,4186,0.39853955457879625
1694,0.3847813987908338,0.38629674676038617,0.0014001340205262198,0.0001,1.914944057267715e-06,0.0027353725131941454,0.0002650792992484234,4307,0.3847813987908338
1695,0.39448488948321864,0.38630184963612235,0.0013393540177100672,0.0001,1.9411816593257894e-06,0.0028986834453891205,0.0002995474060716648,4115,0.39448488948321864
1696,0.3776573354905165,0.3864308180019096,0.0017981711051589205,0.0001,2.8271589290491823e-06,0.003144482659006269,0.0002650440933929705,4359,0.3776573354905165
1697,0.38533327288392727,0.3863744343208081,0.0012252472579778165,0.0001,1.795944514111363e-06,0.0029315625926401856,0.0002640224674546381,4279,0.38533327288392727
1698,0.38276404797476826,0.3862574552099049,0.0012031597200880919,0.0001,2.0012689681192257e-06,0.0033266887757390996,0.0002722200141228068,4330,0.38276404797476826
1699,0.38745410184120205,0.38607672552198236,0.0014070660367599525,0.0001,2.323117506592648e-06,0.0033020731733985767,0.00027474580274902005,4234,0.38745410184120205
1700,0.3860277104062514,0.38621622838020375,0.001748755537262264,0.0001,2.5905796819184934e-06,0.002962769382819663,0.00028057868619979834,4235,0.3860277104062514
1701,0.37679146378985884,0.38621339141946187,0.0014561572062441158,0.0001,2.1637249281962685e-06,0.0029718287543653217,0.00025412874771536917,4334,0.37679146378985884
1702,0.39317776969687473,0.38621200742531026,0.0016374614619741696,0.0001,2.5947082292469266e-06,0.0031691838733336323,0.00024149640581910904,4214,0.39317776969687473
1703,0.3786671473759642,0.3862824922066075,0.0016935327341316305,0.0001,2.673868270514673e-06,0.0031577402864736664,0.00028687550736209826,4294,0.3786671473759642
1704,0.39126985404484643,0.38642832864457155,0.0019144955322862077,0.0001,3.109810301313013e-06,0.003248699460373681,0.00025798485916851325,4231,0.39126985404484643
1705,0.378281077002733,0.386538714092722,0.0017759451719602105,0.0001,2.9220853248597648e-06,0.003290738217593164,0.0002960987121757121,4264,0.378281077002733
1706,0.3790173801147999,0.38658923377118537,0.0017486472212568517,0.0001,2.870665640506991e-06,0.0032832987758888046,0.0002672001029295489,4367,0.3790173801147999
1707,0.37313462330132646,0.3865929121742168,0.0014665017252176447,0.0001,2.2282126178711095e-06,0.0030388134968479747,0.00026850824933518795,4376,0.37313462330132646
1708,0.37971368565481095,0.38643426964261124,0.0015024238143901603,0.0001,2.6266859174334965e-06,0.003496597820502038,0.00025858290801610484,4339,0.37971368565481095
1709,0.3973073955208334,0.3864451253356138,0.001507546265380902,0.0001,2.5254291405741683e-06,0.0033503835982587036,0.0002810332280635932,4161,0.3973073955208334
1710,0.36249678526731877,0.3863606918869755,0.0013199264970234165,0.0001,2.1103448527619917e-06,0.003197670260459287,0.00024542039921425214,4511,0.36249678526731877
1711,0.3968793923389442,0.38622298010454403,0.0014377446963062797,0.0001,2.6321227863006103e-06,0.0036614606098882728,0.00025020260450277085,4171,0.3968793923389442
1712,0.4008703235904523,0.3861480276119367,0.0013333626630416164,0.0001,2.0946830713099706e-06,0.003141955492486432,0.0002693069519278879,4132,0.4008703235904523
1713,0.3834925029544805,0.3861799907306108,0.0015466916054818092,0.0001,2.438214296061336e-06,0.003152812477186503,0.0002565635575514667,4349,0.3834925029544805
1714,0.3885300822214547,0.38631042330803106,0.0017207364419392856,0.0001,2.5353405860145014e-06,0.0029468087316813604,0.0002575222982152335,4236,0.3885300822214547
1715,0.39956852858308284,0.3862988743714181,0.001328688856434914,0.0001,1.9484972215247645e-06,0.0029329623893330392,0.00025280835773563445,4162,0.39956852858308284
1716,0.38369926304560054,0.3862318717963896,0.0016476089823101018,0.0001,3.1594336568474466e-06,0.003835174110810716,0.0002584514855685929,4325,0.38369926304560054
1717,0.37972983022116685,0.3862375956953349,0.0016151821101596442,0.0001,2.61389638144537e-06,0.003236658411461743,0.0002561549450457225,4350,0.37972983022116685
1718,0.3726673278702193,0.38630826645534755,0.0015782130645441699,0.0001,2.3834184545553624e-06,0.0030204013743147626,0.00024265622007033815,4408,0.3726673278702193
1719,0.38568229995767983,0.3863540202010758,0.001532844033190814,0.0001,2.3428661505068627e-06,0.003056887850005042,0.0002733163487721168,4281,0.38568229995767983
1720,0.373291892302562,0.38639728329083733,0.001537610694823048,0.0001,2.497720294707993e-06,0.00324883314497944,0.0002666424365112277,4366,0.373291892302562
1721,0.38842239986861815,0.386236265879301,0.0014643665803658493,0.0001,2.6441716818613826e-06,0.003611352126324514,0.00026910205041342784,4280,0.38842239986861815
1722,0.3792905891632267,0.38636594600625485,0.0017184300073095308,0.0001,2.714577783645273e-06,0.0031593696247138583,0.0002540712355696148,4342,0.3792905891632267
1723,0.3861483264950456,0.3864072513814658,0.0015465540295533028,0.0001,2.538427965222412e-06,0.00328268901921984,0.0002501603955052139,4341,0.3861483264950456
1724,0.37746234169758625,0.3865107884641523,0.0016700915180283354,0.0001,2.568889189229918e-06,0.0030763454116127464,0.0002534397994963587,4329,0.37746234169758625
1725,0.3784042146928319,0.38652362678946195,0.0016575743720322767,0.0001,2.612973558521763e-06,0.0031527678065124943,0.00026444551473015236,4325,0.3784042146928319
1726,0.39315546101613086,0.3865455557631649,0.0015756114080548891,0.0001,2.55850915875644e-06,0.0032476397996063634,0.0002645029920707691,4209,0.39315546101613086
1727,0.39012454575286964,0.3865878502776492,0.0016662872125650665,0.0001,2.7128622036224728e-06,0.0032561759859470077,0.0002640096608313635,4246,0.39012454575286964
1728,0.3931148004095469,0.3866507033001939,0.0014287262052365595,0.0001,2.1455106714489362e-06,0.003003389541796352,0.00027404259963019,4216,0.3931148004095469
1729,0.39465053482338947,0.3866721743082139,0.0016394186031967574,0.0001,2.5287671405088996e-06,0.003084956014989669,0.00026749143013866456,4185,0.39465053482338947
1730,0.3811408284434018,0.3867663306194448,0.0017381114843977215,0.0001,2.8490432505694494e-06,0.0032783204945644566,0.00024763890574441946,4344,0.3811408284434018
1731,0.3861724912277273,0.38666524093092935,0.0014883599264248644,0.0001,2.3882925596391138e-06,0.003209294361177736,0.0002486120898116399,4256,0.3861724912277273
1732,0.3800063210427261,0.3866077233054146,0.001488905760879228,0.0001,2.6359565663317193e-06,0.0035407970545766913,0.0002722837902054194,4251,0.3800063210427261
1733,0.36522702509050387,0.386554150213343,0.0014872497274549922,0.0001,2.4469640022460352e-06,0.0032905892763998986,0.0002642298014025394,4478,0.36522702509050387
1734,0.3903497703750683,0.38650884694514076,0.0013400452133445421,0.0001,2.148759889537255e-06,0.0032069961045184253,0.0002331102769395483,4266,0.3903497703750683
1735,0.3979245482757419,0.38666619702226945,0.0017595192060409943,0.0001,2.7280754732585103e-06,0.0031009328729031775,0.0002596069084535926,4142,0.3979245482757419
1736,0.3847189823650724,0.3867050158900891,0.0018070123206293408,0.0001,3.1678377248569195e-06,0.0035061606262359454,0.0002513506752221623,4238,0.3847189823650724
1737,0.3918186620910925,0.3867798345569903,0.0018784953190694323,0.0001,3.230742830201792e-06,0.0034397134742951982,0.0002597032394156189,4262,0.3918186620910925
1738,0.37783066955016376,0.3868261450690028,0.0016058584959714342,0.0001,2.5208508606457567e-06,0.003139567859770627,0.00022573757551682888,4335,0.37783066955016376
1739,0.381878693964413,0.38682857676299387,0.0014469464674151165,0.0001,2.219438802018347e-06,0.003067755237667144,0.00025786432869098953,4268,0.381878693964413
1740,0.3796523561782118,0.3868335884062819,0.001478468560265205,0.0001,2.4833046804460213e-06,0.003359293186458521,0.0002569381999298002,4377,0.3796523561782118
1741,0.37816137863178656,0.38683595760688794,0.0014895379699013352,0.0001,2.3026689799450637e-06,0.0030917895702888176,0.00026411597277761306,4335,0.37816137863178656
1742,0.38671338648923614,0.38694267353226264,0.0017322712534384034,0.0001,2.7228084182099145e-06,0.003143628242753995,0.0002553221044201952,4246,0.38671338648923614
1743,0.39431307644524094,0.38697076290392085,0.0015701775305067868,0.0001,2.6580745820671713e-06,0.0033856994262416395,0.0002649482214767337,4183,0.39431307644524094
1744,0.3816688282894263,0.3870311771644721,0.0016803090786041148,0.0001,2.659697166353463e-06,0.003165723735258226,0.0002563532657882831,4297,0.3816688282894263
1745,0.3829283135068179,0.38711010721238204,0.001662017828899166,0.0001,2.606277856000542e-06,0.00313628146543627,0.0002501782093143517,4309,0.3829283135068179
1746,0.391495645216974,0.38705470653168184,0.0015850781537267659,0.0001,2.508285033015938e-06,0.003164872378208695,0.00023800088669209167,4217,0.391495645216974
1747,0.3992021349209197,0.3871340853200871,0.0014923863134034508,0.0001,2.247550308758234e-06,0.003012022140075246,0.0002460309838610145,4145,0.3992021349209197
1748,0.3812336993779752,0.3871586778925381,0.001478285230817248,0.0001,2.164525020749689e-06,0.002928426768564904,0.0002404446047590699,4350,0.3812336993779752
1749,0.3944537712069383,0.3870773017804599,0.0012962733607418833,0.0001,2.173950658190585e-06,0.003354154646742704,0.00024707528301727403,4193,0.3944537712069383
1750,0.365143106227737,0.38720903818969266,0.0016822289339896803,0.0001,2.5075263282127043e-06,0.002981195100794868,0.00025001404888541753,4454,0.365143106227737
1751,0.3927982512514591,0.3872079913591571,0.0015304314107603355,0.0001,2.3445435181931577e-06,0.0030638988480096102,0.0002641384049216748,4194,0.3927982512514591
1752,0.38002242167195494,0.3872395492971651,0.0016109657184860396,0.0001,2.483888121488148e-06,0.0030837256100303204,0.00025028107717498476,4331,0.38002242167195494
1753,0.39984650719104264,0.38734255760414327,0.0016387486476012328,0.0001,2.349603732564782e-06,0.0028675584092826977,0.0002593738934168247,4147,0.39984650719104264
1754,0.40024527259788956,0.3873895356395072,0.001609109766134993,0.0001,2.454506931234438e-06,0.0030507638234401504,0.00024043324029595503,4109,0.40024527259788956
1755,0.381389474813563,0.3874203379000216,0.0015380911678335716,0.0001,2.31751338383054e-06,0.003013492869990013,0.00025908061760336804,4275,0.381389474813563
1756,0.37126274298734097,0.38744129921474724,0.0016174492986734976,0.0001,2.8589779744821905e-06,0.0035351685852865935,0.00025069052269814976,4418,0.37126274298734097
1757,0.37286366038725016,0.38743086065982935,0.0015328814862131746,0.0001,2.7116573301127026e-06,0.003537986927889086,0.00025062261011163,4413,0.37286366038725016
1758,0.4026867755980126,0.38740941972494514,0.0014241725759372023,0.0001,2.381767094333485e-06,0.0033447731469848324,0.00027238341005818387,4086,0.4026867755980126
1759,0.3846486832579631,0.3874523719758768,0.0014874644329647883,0.0001,2.2746217150400595e-06,0.00305838803890769,0.0002586543479206509,4312,0.3846486832579631
1760,0.37434167298740384,0.3874679109199093,0.001489206202580648,0.0001,2.22178949990319e-06,0.00298385743499194,0.00025785895833105603,4418,0.37434167298740384
1761,0.38709078381708767,0.38763068659274047,0.0017717023309985213,0.0001,2.645422673772948e-06,0.002986306026116705,0.00026768466303685705,4281,0.38709078381708767
1762,0.3696110345428871,0.3877141414210041,0.0017749453526939812,0.0001,2.9313750080435925e-06,0.003303059447542317,0.00024143523043934154,4440,0.3696110345428871
1763,0.388731553383691,0.3876305726401257,0.0011542712156640859,0.0001,1.7785417017776736e-06,0.003081670369393083,0.0002594943959035582,4302,0.388731553383691
1764,0.3797507483048537,0.3876880852394805,0.0016455997873497596,0.0001,2.6978593040066088e-06,0.003278876583171555,0.00026227161117438097,4358,0.3797507483048537
1765,0.39308280714874133,0.387760031635042,0.0017831818678489021,0.0001,2.98234551254697e-06,0.0033449706575859805,0.00026080609865640426,4214,0.39308280714874133
1766,0.39227907332112943,0.3877769159019412,0.0014554991853908171,0.0001,2.353497498113888e-06,0.003233938598848406,0.00023121609640833034,4154,0.39227907332112943
1767,0.38432522870516367,0.3877295057986663,0.0013613980926447892,0.0001,2.1647567705124373e-06,0.0031801965673493235,0.00024475929638321386,4320,0.38432522870516367
1768,0.3892621393681124,0.3876924202137973,0.0012341698821770114,0.0001,1.8793952377341806e-06,0.0030456021733718305,0.00025940923200293135,4181,0.3892621393681124
1769,0.3827158530467993,0.3877947320699141,0.0017369752273288595,0.0001,2.749824672172578e-06,0.003166222095638393,0.00027627683752493503,4369,0.3827158530467993
1770,0.3858471334735837,0.38784532662498117,0.0017443042365397519,0.0001,2.8055364748306886e-06,0.0032167971802856445,0.00024188884200420006,4261,0.3858471334735837
1771,0.3970603919551649,0.38781729095367634,0.001631501450041238,0.0001,3.0299792008819037e-06,0.0037143444779718917,0.00024143439980335433,4184,0.3970603919551649
1772,0.371301170694335,0.38779565995432264,0.0013645447656638902,0.0001,2.3093808120829365e-06,0.003384837009666526,0.00025818999136908435,4408,0.371301170694335
1773,0.39338887696497504,0.3877516629118418,0.0015167300618137236,0.0001,2.53998749203478e-06,0.003349294058294636,0.00026734608269385145,4221,0.39338887696497504
1774,0.39317131947240574,0.38774761373830213,0.0014212969227366237,0.0001,2.222002735297104e-06,0.0031267255979401795,0.0002338696631068182,4188,0.39317131947240574
1775,0.38125497274989945,0.38769421692722084,0.0015817785685936564,0.0001,2.7617677825538158e-06,0.003491977748831527,0.0002394648032708657,4343,0.38125497274989945
1776,0.3881355721536303,0.38775714481584933,0.0016170232399171237,0.0001,2.4437968614738854e-06,0.0030225871850785967,0.00025613634419270636,4231,0.3881355721536303
1777,0.38511835251345383,0.38781828497827986,0.0016838795721461307,0.0001,2.697655101064367e-06,0.003204095050130175,0.00027995779596569,4280,0.38511835251345383
1778,0.37321590511977176,0.3877898130955708,0.001454062516490501,0.0001,2.5284251646900015e-06,0.003477739280141218,0.00023384234460014183,4367,0.37321590511977176
1779,0.3981503751052551,0.3876789582642072,0.0016510421780817853,0.0001,2.992123535771264e-06,0.003624527072043156,0.0002745701700813361,4144,0.3981503751052551
1780,0.38338771806978933,0.3875819615534851,0.0015059031811855425,0.0001,2.8168668204506317e-06,0.0037410995018059725,0.0002517954889758118,4310,0.38338771806978933
1781,0.38520248929408263,0.38759410988469783,0.001561377369428446,0.0001,2.6624436048741383e-06,0.003410378114867575,0.00026436770822911365,4291,0.38520248929408263
1782,0.3858790833447774,0.3875365723434074,0.0015078933525822416,0.0001,2.6757031288641472e-06,0.00354892887389158,0.0002554457737619133,4315,0.3858790833447774
1783,0.3838848722819072,0.3874999469845686,0.001522672490900322,0.0001,2.565416320199998e-06,0.0033696232584895843,0.00026060473301508065,4312,0.3838848722819072
1784,0.3888236817302247,0.3874887403484919,0.00135511252731815,0.0001,2.0096525337951705e-06,0.002966030485707921,0.00027003965352970173,4231,0.3888236817302247
1785,0.3972555047747143,0.38744238866298286,0.0014129899785448718,0.0001,2.2811240164305095e-06,0.0032287900849511495,0.00025086516488901983,4174,0.3972555047747143
1786,0.3979936146622882,0.3872651681702511,0.0014445528027864395,0.0001,2.6401220998106636e-06,0.003655279467414492,0.00022345002364443877,4161,0.3979936146622882
1787,0.37855672705820287,0.3872641089224048,0.001536496935329848,0.0001,2.324032439145177e-06,0.003025105206143825,0.00024433751180621955,4374,0.37855672705820287
1788,0.3834720349923098,0.3873256438902237,0.0017331201198934115,0.0001,2.8244335673465973e-06,0.0032593627353657427,0.0002616649387385031,4274,0.3834720349923098
1789,0.3715510390053134,0.3872963256069571,0.0014230625594660422,0.0001,2.2044606786989116e-06,0.003098192224979994,0.0002335271525739927,4352,0.3715510390053134
1790,0.37513105218096954,0.3872255702648143,0.0016407130346150134,0.0001,3.339004330303042e-06,0.004070186875898777,0.0002603099600790091,4324,0.37513105218096954
1791,0.3952672085442386,0.38737194875401926,0.0016283464048310631,0.0001,2.2599010365015237e-06,0.002775700587782466,0.0002587946090991376,4178,0.3952672085442386
1792,0.4170286389029073,0.3873611325265738,0.0016551890419153011,0.0001,2.625686207594496e-06,0.003172672294345526,0.0002780797569728559,3957,0.4170286389029073
1793,0.37817663528817347,0.3873658400469093,0.0012720084099472986,0.0001,1.9206809145583037e-06,0.0030199185784280788,0.0002470445327576496,4372,0.37817663528817347
1794,0.38150256766893165,0.3873587776354889,0.0015195818650528973,0.0001,2.6391551410053743e-06,0.0034735280825604013,0.00026663752563281523,4343,0.38150256766893165
1795,0.4030769246299626,0.3875209934022926,0.0018249595075148803,0.0001,2.7692824412195734e-06,0.0030348974098506057,0.00028051806751783236,4166,0.4030769246299626
1796,0.3903701760241888,0.38747950867600284,0.0015816931822157506,0.0001,2.5347163768059745e-06,0.003205067082928384,0.0002894947090524749,4248,0.3903701760241888
1797,0.38522433830543573,0.38755828247989266,0.0015950403340000694,0.0001,2.3513418385930927e-06,0.002948316463818011,0.00023310164815575844,4297,0.38522433830543573
1798,0.37960525263028055,0.3875848285350209,0.0017808140014932774,0.0001,3.120957408222903e-06,0.003505090824315022,0.00025142106655702355,4352,0.37960525263028055
1799,0.3857174140727904,0.387599571406381,0.0015639482614563328,0.0001,2.4144552226142225e-06,0.0030876407898121974,0.0002620551244736865,4300,0.3857174140727904
1800,0.3863273563508059,0.38771963869965775,0.0018244221216329338,0.0001,3.0406588559503137e-06,0.00333328435332586,0.00024412754221683368,4297,0.3863273563508059
1801,0.38322048450778223,0.38786120003166236,0.001799967442668326,0.0001,2.8817853100215654e-06,0.003202041594429642,0.00029239657926734654,4333,0.38322048450778223
1802,0.3737817120438088,0.3876765322628021,0.0012226960477711426,0.0001,2.1308468869579426e-06,0.003485489121915903,0.00029657719160741534,4376,0.3737817120438088
1803,0.385544671130052,0.38773043236130933,0.0015900478696408756,0.0001,2.567582034435673e-06,0.003229565704855892,0.00025346862555577327,4278,0.385544671130052
1804,0.39532857752381795,0.38786396428704156,0.0017483265339728014,0.0001,2.588879589981679e-06,0.0029615515633671123,0.00025656171326747626,4194,0.39532857752381795
1805,0.3777861540684799,0.3878451959816976,0.001393072351807054,0.0001,2.2347858811050127e-06,0.003208427585553774,0.0002452908011546501,4350,0.3777861540684799
1806,0.3878157294069072,0.3877761292317913,0.001510642111518958,0.0001,2.3507346656619e-06,0.0031122324046669475,0.0002481204141692278,4280,0.3878157294069072
1807,0.36700591677222394,0.38774882538990196,0.0015594496089837056,0.0001,2.5995608930263486e-06,0.0033339466412390002,0.00024883496803616254,4493,0.36700591677222394
1808,0.38874774328428774,0.3875735277267143,0.001341067621374983,0.0001,2.496971002641193e-06,0.0037238554758052753,0.0002519338920253505,4246,0.38874774328428774
1809,0.3927732262732756,0.38756136228170623,0.001585227924745557,0.0001,2.581294243928129e-06,0.0032566853051651215,0.00025993204806628434,4208,0.3927732262732756
1810,0.3837327465445112,0.3876234157622455,0.0018940378427372334,0.0001,3.362921834279714e-06,0.00355106086942769,0.0002444312925165864,4307,0.3837327465445112
1811,0.40548060172034484,0.3876290586806163,0.0015699103768200505,0.0001,2.642261993967805e-06,0.003366131000828046,0.00026711391005647373,4111,0.40548060172034484
1812,0.4063180893321695,0.3877115683245461,0.0015251243014893555,0.0001,2.1257552028856013e-06,0.002787648456994228,0.00023755634657019308,4100,0.4063180893321695
1813,0.38433864489779357,0.38766678783971564,0.00125294673635414,0.0001,1.945038088887345e-06,0.0031047418576580074,0.0002911602487640154,4297,0.38433864489779357
1814,0.39185223460229135,0.3876523251492363,0.0012937792849988248,0.0001,2.0561654529912068e-06,0.003178541312002958,0.0002525263648190503,4239,0.39185223460229135
1815,0.388165391895928,0.38770694385834,0.0017590233562822845,0.0001,2.945191235244131e-06,0.003348666434388712,0.0002809188128379847,4251,0.388165391895928
1816,0.38151230679658577,0.3876838685480795,0.00152020120719671,0.0001,2.708666716691193e-06,0.0035635634334037175,0.0002554810378776244,4331,0.38151230679658577
1817,0.37037435871858704,0.3875682290195553,0.0015300529178105208,0.0001,3.13888094935521e-06,0.004102970443462694,0.00025562664452753254,4469,0.37037435871858704
1818,0.3833320366091064,0.38758316857904285,0.0014518701088419217,0.0001,2.030222022427477e-06,0.0027966992502474965,0.00024117740327764825,4335,0.3833320366091064
1819,0.3844392442396488,0.3875254450196957,0.0014048523678338383,0.0001,2.2839961965240163e-06,0.003251581801503801,0.0002353561840417912,4278,0.3844392442396488
1820,0.38565858046143725,0.38753276526609276,0.0014033541745676577,0.0001,2.1011828128524457e-06,0.002994515356039431,0.00025853567042514737,4288,0.38565858046143725
1821,0.3870595606113992,0.38756718876979224,0.001581054694145629,0.0001,2.5784611937572556e-06,0.0032616976544895624,0.00026463717047591997,4302,0.3870595606113992
1822,0.39062325733483283,0.38758276375101514,0.001375111556405014,0.0001,1.8665974692813228e-06,0.002714830604960098,0.0002485102494474856,4235,0.39062325733483283
1823,0.39294248405340193,0.3874857789586428,0.0014705896897360417,0.0001,2.604396396125344e-06,0.0035419755956439636,0.0002560064930035802,4231,0.39294248405340193
1824,0.41510818212764355,0.3874047745289887,0.0014513489623846488,0.0001,2.427460207254623e-06,0.0033451089574848595,0.00025055836360572074,4019,0.41510818212764355
1825,0.38347827879639956,0.3874593053283858,0.001551035711720202,0.0001,2.4420549108664203e-06,0.003148934473156673,0.00025997564953453734,4348,0.38347827879639956
1826,0.3976977718340754,0.3875384460276622,0.001579176139998163,0.0001,2.269685187316985e-06,0.0028745180855121386,0.00024461618314038346,4146,0.3976977718340754
1827,0.3768755370085439,0.38750449571624695,0.0013544053745022495,0.0001,2.181522689149402e-06,0.003221373349837928,0.0002465950755155521,4367,0.3768755370085439
1828,0.38987130391755176,0.38762333712847874,0.0017132310641424834,0.0001,2.563649488485772e-06,0.0029927655902841624,0.0002525442819271535,4273,0.38987130391755176
1829,0.38855397646740253,0.38763484880553034,0.00152848600735652,0.0001,2.4199355129952705e-06,0.0031664477153840495,0.0002501630424594528,4277,0.38855397646740253
1830,0.37131891713578824,0.3875266646272214,0.0013067903135814542,0.0001,2.194197417073086e-06,0.003358147660368801,0.0002609130986678654,4407,0.37131891713578824
1831,0.3872635317807891,0.3874046220788014,0.0014778377803289083,0.0001,2.6252878525341005e-06,0.003552876895527484,0.0002691489984367944,4287,0.3872635317807891
1832,0.4081680232565722,0.3873993999656071,0.0015048515135305147,0.0001,2.1497097778468243e-06,0.0028570390613535225,0.00025845194646503583,4057,0.4081680232565722
1833,0.38313372555249475,0.3874921321124096,0.0016940018917408642,0.0001,2.5893206286559302e-06,0.003057045734458986,0.0002532238113259847,4320,0.38313372555249475
1834,0.38075546577786246,0.3875797671004594,0.001491985351550899,0.0001,2.110571250824664e-06,0.0028292117595266637,0.0002513294086173809,4341,0.38075546577786246
1835,0.39444061241258094,0.38748409854522003,0.001248923566228187,0.0001,1.992617015380963e-06,0.003190935088844176,0.0002496263035352023,4212,0.39444061241258094
1836,0.37612827724453096,0.3875081571180088,0.0015690128088745076,0.0001,2.3572916587759236e-06,0.0030048086866376416,0.00024613985216773095,4356,0.37612827724453096
1837,0.4007466885591496,0.3876039637564058,0.0016894126696825524,0.0001,2.52853913607716e-06,0.0029933943096949575,0.00026333930871755425,4142,0.4007466885591496
1838,0.3805239093108052,0.3875730885055526,0.0016178946091656744,0.0001,3.006641727795701e-06,0.0037167337238934043,0.0002529399063534356,4331,0.3805239093108052
1839,0.3994247593606502,0.3876059897619244,0.001443579183478077,0.0001,2.1786659852429898e-06,0.0030184225571801833,0.0002608324096604195,4141,0.3994247593606502
1840,0.3774336257325645,0.3877067884282617,0.0017577274069745655,0.0001,2.8274588811672795e-06,0.0032171756211436175,0.00026826194333299863,4379,0.3774336257325645
1841,0.3922438600137184,0.387715015962003,0.0016090911734535879,0.0001,2.5590265242821734e-06,0.0031807104115669734,0.00025630745808136754,4210,0.3922438600137184
1842,0.391850665710866,0.38765402724865267,0.0012903549088892792,0.0001,1.969640388443593e-06,0.0030528661143917907,0.00025843863086763065,4246,0.391850665710866
1843,0.38966080090149985,0.38758942702918525,0.001485822421942917,0.0001,2.293147564221933e-06,0.003086704750656983,0.0002624152530569053,4237,0.38966080090149985
1844,0.3750950807917776,0.3875225984105304,0.0014186501197002957,0.0001,2.624641250739883e-06,0.0037001952973357024,0.00021123896306963672,4357,0.3750950807917776
1845,0.392665363252124,0.3874817742811826,0.0013838812384976292,0.0001,2.2205744637774816e-06,0.0032091980178706445,0.0002571142836651474,4180,0.392665363252124
1846,0.3852126949993469,0.38748570964927215,0.0014239356390969443,0.0001,2.2356639386695756e-06,0.00314011936675372,0.0002572712838661714,4313,0.3852126949993469
1847,0.3903667033239713,0.3874390630150085,0.0012993709574861403,0.0001,2.0180849504487187e-06,0.003106249125889432,0.0002805419514463233,4195,0.3903667033239713
1848,0.37578582385625936,0.3874657689891359,0.0016140457660725354,0.0001,2.7601048440039347e-06,0.00342010728818441,0.0002657508418981253,4387,0.37578582385625936
1849,0.38342481859500055,0.38752362984016786,0.0016832932418201396,0.0001,2.711014614754445e-06,0.0032210841788006383,0.0002462758858850673,4299,0.38342481859500055
1850,0.3987408711668684,0.38754472239841464,0.001415976688066245,0.0001,2.0665915704425497e-06,0.002918962703072222,0.00025208906905684856,4186,0.3987408711668684
1851,0.39189614451414745,0.3875648677293899,0.0017145090132926566,0.0001,2.9880198217070673e-06,0.003485569102921979,0.000268732973430997,4227,0.39189614451414745
1852,0.38274634734424556,0.38761926858710305,0.0015601925875449142,0.0001,2.6054306523744803e-06,0.0033398833876968105,0.000242034311693853,4299,0.38274634734424556
1853,0.393673299060183,0.38764846087571425,0.001674183682919174,0.0001,2.637230175139886e-06,0.0031504669434377773,0.0002396513831694425,4171,0.393673299060183
1854,0.3731041771896836,0.3876985799158523,0.001593441838589298,0.0001,2.607683276959458e-06,0.0032730197159478195,0.00022405733155065114,4387,0.3731041771896836
1855,0.3886487338162108,0.38780111287845054,0.0018042826135043796,0.0001,2.984071611460736e-06,0.00330776519058165,0.00026220179665528215,4293,0.3886487338162108
1856,0.38618004060838207,0.38770209672426775,0.0014124202822894188,0.0001,2.387830823720466e-06,0.0033811902217235025,0.00026062799356002205,4235,0.38618004060838207
1857,0.3905452060090163,0.38771932487759286,0.0014932976530575906,0.0001,2.4222455138735007e-06,0.003244156325986115,0.00022553039135819318,4227,0.3905452060090163
1858,0.3778942552153611,0.38786682366940606,0.001788950883607318,0.0001,2.8176904279371524e-06,0.003150103732591517,0.000259171309362845,4388,0.3778942552153611
1859,0.399317839922866,0.38796047556543467,0.0018674693865982383,0.0001,3.173427496479078e-06,0.0033986393771731475,0.0002707018207035449,4168,0.399317839922866
1860,0.38271657442018436,0.3880990899562326,0.0015818477027547844,0.0001,2.384387986858521e-06,0.0030146871695753193,0.00024517919334225783,4304,0.38271657442018436
1861,0.38660611876595496,0.3881343336766176,0.0016733145837492345,0.0001,2.6345231629820516e-06,0.003148867748560619,0.00026366989604475794,4254,0.38660611876595496
1862,0.39334830986612307,0.3881041701426276,0.0015237514373774741,0.0001,2.4077589492613886e-06,0.0031603040892356797,0.00025367211546976416,4179,0.39334830986612307
1863,0.3992477016997932,0.38797425660047186,0.001190415130190218,0.0001,2.021797535160828e-06,0.0033967940828133827,0.00027556849073191703,4163,0.3992477016997932
1864,0.39078589072587033,0.3880191128159803,0.0014650040838137708,0.0001,2.0988235534218473e-06,0.0028652801403230028,0.0002454983933427507,4248,0.39078589072587033
1865,0.3751143335821567,0.38806907523824585,0.0016144730516807876,0.0001,2.4648881397561664e-06,0.0030534893564064546,0.00023315059813947632,4421,0.3751143335821567
1866,0.3877239235458353,0.38791454112636686,0.001411643712381012,0.0001,2.7056102498827923e-06,0.003833276380084963,0.00023002538703045924,4241,0.3877239235458353
1867,0.3810404291165503,0.3879723593303289,0.0015435844614192834,0.0001,2.197540962484898e-06,0.0028473219540760594,0.0002569994755558378,4283,0.3810404291165503
1868,0.39223870661480736,0.3880357864829673,0.0014680093345426,0.0001,2.041028681419797e-06,0.0027806753450321043,0.0002650506707215201,4184,0.39223870661480736
1869,0.38139684406327246,0.3880671300794059,0.0014182014407181124,0.0001,2.167423028785407e-06,0.003056579928007861,0.0002522601509114696,4339,0.38139684406327246
1870,0.40267801803886444,0.38802714596141546,0.0014537668107955388,0.0001,2.3447013790197653e-06,0.0032256911653343974,0.00027811099690254877,4139,0.40267801803886444
1871,0.37965050588571153,0.38814768257978477,0.001765469864125108,0.0001,2.73261788130537e-06,0.0030956267641074,0.00028005644297701134,4309,0.37965050588571153
1872,0.3813639026608636,0.38826456122868924,0.0017411699965051409,0.0001,2.6349705093569022e-06,0.0030266665686243025,0.00025740718064376126,4338,0.3813639026608636
1873,0.4005144995405289,0.3883971620625332,0.0016409094831774176,0.0001,2.388489270422566e-06,0.0029111773621998366,0.00026424197803922884,4192,0.4005144995405289
1874,0.3892831073133247,0.3884035974588325,0.0015300215443017652,0.0001,2.595518947776993e-06,0.003392787451187785,0.0002666258030185415,4304,0.3892831073133247
1875,0.3869669858416016,0.3883007121225059,0.0015608132736499925,0.0001,2.5709994637737353e-06,0.003294435672963496,0.000261411770643339,4265,0.3869669858416016
1876,0.38630653468493426,0.3883369132162515,0.0015358268022781694,0.0001,2.5655686005397434e-06,0.003340960838467079,0.00024188880706711653,4256,0.38630653468493426
1877,0.3884005477497665,0.38831171984638724,0.0013427014319109243,0.0001,2.0704280378563445e-06,0.003083973828656344,0.0002713237692983167,4258,0.3884005477497665
1878,0.3992738423811687,0.3883417554652187,0.0015908445445858242,0.0001,2.4171916271381245e-06,0.003038878481702861,0.00026435971473776163,4131,0.3992738423811687
1879,0.377060859517103,0.3883462149712721,0.0015783054319821797,0.0001,2.626375155456329e-06,0.003328094933004047,0.00025863572247163976,4399,0.377060859517103
1880,0.3938444791067543,0.3883097737361326,0.0015737301436355004,0.0001,2.7511341595553175e-06,0.0034963226327988824,0.000270386773553223,4182,0.3938444791067543
1881,0.36269652774432354,0.3883614571912467,0.0017207245082556518,0.0001,2.8179321068360867e-06,0.0032752856059366595,0.000253869548706202,4482,0.36269652774432354
1882,0.3885621878632112,0.38847561044073575,0.0017805063107064663,0.0001,2.8843461063336452e-06,0.00323991674614082,0.00023958311507980468,4297,0.3885621878632112
1883,0.3844864241146187,0.38844048234056044,0.001563525657954724,0.0001,2.5467375262563622e-06,0.003257685620059213,0.0002562680087218289,4340,0.3844864241146187
1884,0.3831904975383475,0.38847189872272736,0.001501191335666283,0.0001,2.3666155504504244e-06,0.0031529832263520684,0.00026719452487326654,4287,0.3831904975383475
1885,0.37622199212276797,0.3883407111240589,0.0011860800029631572,0.0001,1.9529859913683927e-06,0.003293177503185774,0.00023500429127543517,4365,0.37622199212276797
1886,0.38147313009748846,0.38835374073778106,0.0015845680512746223,0.0001,2.6253544233695688e-06,0.003313653107239844,0.00023584485834410185,4305,0.38147313009748846
1887,0.38649454082468926,0.3883487830103411,0.001525675069447811,0.0001,2.5851347490664317e-06,0.0033888405215955607,0.0002276598270953403,4298,0.38649454082468926
1888,0.36878849973362904,0.3884215390519875,0.0017107571064332847,0.0001,2.6973456587323843e-06,0.003153394071652888,0.00026295514754401996,4504,0.36878849973362904
1889,0.3782183553473461,0.38842745580575055,0.0016440359575454792,0.0001,2.861546349105152e-06,0.003481123798992082,0.0002729672268915382,4341,0.3782183553473461
1890,0.40570470177431917,0.38855880966762446,0.0017703048959023034,0.0001,2.5910735431576065e-06,0.002927262472306464,0.00026472072978542667,4007,0.40570470177431917
1891,0.3862184931460601,0.3886096564068887,0.0014768936595073632,0.0001,2.17703496899933e-06,0.0029481269081018434,0.0002476428204431082,4277,0.3862184931460601
1892,0.3868720324952571,0.3885095403705351,0.001502303084964994,0.0001,2.664680863814342e-06,0.0035474610822308645,0.00026275871771143556,4275,0.3868720324952571
1893,0.39044384353091327,0.38864352210897424,0.0019629524825769485,0.0001,3.4324075048683062e-06,0.003497188582336204,0.00028393216296666136,4231,0.39044384353091327
1894,0.39185701139632984,0.3886451288032013,0.001596548028869256,0.0001,2.5744642693120617e-06,0.0032250382985789753,0.0002662940763083015,4186,0.39185701139632984
1895,0.4000189895079284,0.3887068900672077,0.001732498985003776,0.0001,2.769328564581609e-06,0.0031969179648039707,0.00022955593124076624,4141,0.4000189895079284
1896,0.3840450281213903,0.388676907870919,0.0015319190835333888,0.0001,2.331616164076624e-06,0.003044046110710658,0.00023613638043054074,4287,0.3840450281213903
1897,0.38708270514058113,0.38865899399365245,0.0018356581417595802,0.0001,3.343019562476952e-06,0.003642311698922853,0.00023817713348095956,4245,0.38708270514058113
1898,0.3771276133032424,0.38872520164979885,0.0015856674652410918,0.0001,2.6286616791225957e-06,0.0033155270404982705,0.00025543731188348113,4370,0.3771276133032424
1899,0.38566687175595793,0.38862802886728576,0.0014169955486724387,0.0001,2.4293517414803542e-06,0.0034288770261224543,0.0002612707345719208,4257,0.38566687175595793
1900,0.3903460828583216,0.3886335175073854,0.0014493708689142625,0.0001,2.2020251186489294e-06,0.003038594421727943,0.00023991781245440668,4230,0.3903460828583216
1901,0.3769794051047019,0.38860589900285747,0.0014966251084064176,0.0001,2.4338929772891473e-06,0.0032525085455511536,0.0002483567182046937,4317,0.3769794051047019
1902,0.3789868836924164,0.38866498188250287,0.0016050112688057825,0.0001,2.428061733864788e-06,0.0030256008553402876,0.00025128618217739365,4324,0.3789868836924164
1903,0.3842334230172653,0.38871226988660834,0.0016412270366323424,0.0001,2.531002161783142e-06,0.0030842803649841666,0.00027441990176452674,4263,0.3842334230172653
1904,0.38863734773627273,0.38878852740961906,0.001656369095819729,0.0001,2.466126786319434e-06,0.0029777503003929925,0.00025122828114842126,4249,0.38863734773627273
1905,0.38209128419393174,0.3886945397538183,0.0013798688322061835,0.0001,2.4333974126473845e-06,0.0035269981549721384,0.000257017756741838,4314,0.38209128419393174
1906,0.39296997493479446,0.38861806046030617,0.0015587050466228383,0.0001,2.5682047874280595e-06,0.0032953056679869606,0.0002627107984752895,4187,0.39296997493479446
1907,0.38445775949320093,0.3886615929790835,0.0018092388302668406,0.0001,3.165226685212332e-06,0.0034989594875603014,0.00025089064622685103,4317,0.38445775949320093
1908,0.392849814457977,0.38875426503424354,0.0018498341081812314,0.0001,3.038055586193871e-06,0.0032846789587860996,0.00028919747588981604,4093,0.392849814457977
1909,0.38705774423883815,0.3888500620291986,0.0016272542080074922,0.0001,2.4007241437544325e-06,0.0029506442594412134,0.0002721776146575955,4211,0.38705774423883815
1910,0.3880438104090187,0.3889168298229206,0.0016566049277950206,0.0001,2.5460842313903735e-06,0.00307385809213941,0.0002456371962181785,4261,0.3880438104090187
1911,0.3908933156728033,0.38903496286299655,0.0018299114841184448,0.0001,2.922736243558878e-06,0.0031944017718069013,0.00026256250397089744,4237,0.3908933156728033
1912,0.3953586111167522,0.38897531980498595,0.0017724791926656033,0.0001,3.2101331518162052e-06,0.0036221955835639887,0.0002550398937751998,4148,0.3953586111167522
1913,0.39404376146812875,0.3890537113208892,0.0016444821515748012,0.0001,2.4888882505523683e-06,0.003026956842515975,0.00025797852152371545,4259,0.39404376146812875
1914,0.40292037304214967,0.3889548565481059,0.0012992147067298673,0.0001,2.0856082196375014e-06,0.0032105674432934836,0.0002467498164080698,4116,0.40292037304214967
1915,0.37906983776799874,0.3891507681934247,0.0018632510457807987,0.0001,2.776569929623604e-06,0.002980349787980479,0.00028226511127256557,4345,0.37906983776799874
1916,0.3761882315352364,0.3891147653689823,0.0015393991916847326,0.0001,2.5826587570086606e-06,0.003355411346139756,0.00027278772882222406,4367,0.3761882315352364
1917,0.39573785439446396,0.3891404486812177,0.0018536145297248093,0.0001,3.337409405288406e-06,0.0036009745842722567,0.00026206194941516114,4163,0.39573785439446396
1918,0.38438631806089985,0.38910293253471956,0.001552560229054969,0.0001,2.5440521642024735e-06,0.003277234746314502,0.0002715501087878024,4280,0.38438631806089985
1919,0.3841147470459334,0.38908006678626483,0.0016477440655338531,0.0001,3.0498234126796417e-06,0.003701816897992017,0.00026316061027296326,4305,0.3841147470459334
1920,0.37001466015202905,0.3891897322901715,0.0017883939384294942,0.0001,2.7734098300574312e-06,0.003101564784426572,0.00024683379643086,4428,0.37001466015202905
1921,0.39102422833698025,0.389243689107749,0.0015971752589164297,0.0001,2.555978222229865e-06,0.0032006233604744356,0.0002530786578827115,4201,0.39102422833698025
1922,0.39782271447547457,0.38919929953890353,0.0012959052337258073,0.0001,2.0540982198146813e-06,0.0031701364673233437,0.00024372818870045814,4172,0.39782271447547457
1923,0.38406615241231057,0.3892136016611305,0.001591643956887621,0.0001,2.7207118659996503e-06,0.003418744316812994,0.00024435138545156495,4286,0.38406615241231057
1924,0.3877983524197635,0.3891865528220214,0.001645575147498785,0.0001,2.799629095210605e-06,0.003402614702179892,0.0002542066587065816,4266,0.3877983524197635
1925,0.39139688936858597,0.3891766907959301,0.0013432138608465921,0.0001,2.0049797884311387e-06,0.0029853470796786636,0.00025286262552915833,4228,0.39139688936858597
1926,0.3949358886390988,0.38920798027158937,0.001719502515308154,0.0001,2.7488085188412105e-06,0.003197213722422027,0.0002701468989586096,4168,0.3949358886390988
1927,0.3822064474326379,0.38920642237370684,0.0014172283164578612,0.0001,2.2155428589103487e-06,0.003126585650571459,0.00023958691579925448,4336,0.3822064474326379
1928,0.3814131903322524,0.3891492507110933,0.0013417224352429752,0.0001,2.3605356898511693e-06,0.003518664707166047,0.0002541226308240535,4321,0.3814131903322524
1929,0.4055440292398598,0.3891496465996759,0.0015257264397847696,0.0001,2.496128601879901e-06,0.0032720526259373507,0.0002516142972913372,4111,0.4055440292398598
1930,0.3889516506768955,0.3891455628939161,0.00166064753296288,0.0001,2.724345242415018e-06,0.0032810637878759492,0.00027415727247633666,4263,0.3889516506768955
1931,0.39438448384691716,0.3891356149679532,0.0016102906041183115,0.0001,2.4845699722289795e-06,0.003085865328748366,0.00026838509403998283,4166,0.39438448384691716
1932,0.4060094200235714,0.3892052184175785,0.0016086033898947603,0.0001,2.505027675937724e-06,0.0031145373579022618,0.00026808263853905334,4140,0.4060094200235714
1933,0.38310491903569227,0.38918707095421934,0.0014537627574879642,0.0001,2.3893681274837135e-06,0.003287150004602446,0.00023461343845225863,4319,0.38310491903569227
1934,0.39439368696088983,0.38915588945287377,0.0013185388489858625,0.0001,2.112707501903586e-06,0.0032046192700784628,0.00028589500071544554,4213,0.39439368696088983
1935,0.36458994643411313,0.38917948406213765,0.0019197139869050522,0.0001,3.43947040726477e-06,0.003583315463372601,0.00024806767515343574,4399,0.36458994643411313
1936,0.37626017823213587,0.3892953487235921,0.001676928220816803,0.0001,2.5535162162996783e-06,0.003045468714285105,0.000261926456605225,4381,0.37626017823213587
1937,0.38902033824894217,0.38923322505921426,0.00125897985771379,0.0001,2.0357909988930275e-06,0.0032340326756138352,0.00024944179517166835,4246,0.38902033824894217
1938,0.37264970312948636,0.3893600881194992,0.001793976352391177,0.0001,2.8990577288401066e-06,0.0032319910181379764,0.00025607736669551446,4418,0.37264970312948636
1939,0.3868314335769006,0.3894867442920361,0.0016925680571796468,0.0001,2.592376559322712e-06,0.0030632464654241805,0.00024044834336962815,4261,0.3868314335769006
1940,0.3883858733126363,0.3893409778393656,0.0012750039216632403,0.0001,2.0764625677173596e-06,0.003257186166154874,0.0002456076690526255,4243,0.3883858733126363
1941,0.381455986463474,0.3892702818517934,0.0013698355685674544,0.0001,2.2915346906696535e-06,0.003345707679449575,0.00022118833336305757,4300,0.381455986463474
1942,0.401022091326651,0.38925512250198363,0.001540481293945494,0.0001,2.401786097996136e-06,0.0031182281893792564,0.0002523816696287831,4137,0.401022091326651
1943,0.37899550766875284,0.3892462501409895,0.001645957758880423,0.0001,2.8680450048590046e-06,0.003484955782595347,0.00024583464286974453,4328,0.37899550766875284
1944,0.390750944839303,0.3892914987038858,0.0016282874357383295,0.0001,2.6159051594443607e-06,0.003213075409205263,0.0002740495678330993,4239,0.390750944839303
1945,0.38461058083373023,0.3893631490898495,0.0016838224783445625,0.0001,2.627443561822626e-06,0.0031208082747603864,0.0002659942466232106,4281,0.38461058083373023
1946,0.3792607170611604,0.38936941711932005,0.0013217773558823866,0.0001,1.775203693684732e-06,0.0026860858007355546,0.0002340190419078823,4380,0.3792607170611604
1947,0.39941005070888497,0.3892599137642459,0.0015514799343085157,0.0001,2.7403593090878294e-06,0.0035325746063344207,0.0002456153935221432,4167,0.39941005070888497
1948,0.38870346403850725,0.38921891505551504,0.0014729071837728657,0.0001,2.311055043130988e-06,0.0031380864573030314,0.0002662701718740453,4232,0.38870346403850725
1949,0.3984564864317678,0.3891351725867457,0.001472006740721505,0.0001,2.629528232307343e-06,0.003572712216003139,0.00022713427070663147,4147,0.3984564864317678
1950,0.38918613339115965,0.38923315816324144,0.001784928081198112,0.0001,2.826378914072977e-06,0.003166938706209164,0.0002471454688480842,4222,0.38918613339115965
1951,0.3682447831139211,0.3891723627482267,0.0014010011678656945,0.0001,2.3473945617590773e-06,0.003351024418252459,0.00024007124807481756,4378,0.3682447831139211
1952,0.39287227287873694,0.3891521613821029,0.0012592081981871051,0.0001,1.7617566987255043e-06,0.0027981976312764223,0.0002531004940536058,4203,0.39287227287873694
1953,0.40306437631019476,0.38929619625108003,0.0018217616803585387,0.0001,2.8541728525729406e-06,0.0031334206700529724,0.00025282858961987915,4143,0.40306437631019476
1954,0.39955392885402957,0.38934045170311216,0.0015642471427162327,0.0001,2.431100193193378e-06,0.0031083325988652925,0.0002562306842323634,4172,0.39955392885402957
1955,0.40712041375273306,0.3893858659676285,0.0015960537460017264,0.0001,2.4217361243824233e-06,0.0030346548547617687,0.00021424468953157248,4084,0.40712041375273306
1956,0.3977149750878011,0.38924661763496515,0.0011994994467044995,0.0001,1.9139959678038513e-06,0.0031913244696566674,0.0002541074524317697,4198,0.3977149750878011
1957,0.3913542748176075,0.38930294346792454,0.0015314020274531084,0.0001,2.2843126617221934e-06,0.0029832958567010117,0.0002497946447930867,4237,0.3913542748176075
1958,0.38625779848053193,0.38940267156832514,0.0015831192957511686,0.0001,2.327679512156303e-06,0.0029406242705820227,0.0002580626966826161,4322,0.38625779848053193
1959,0.41454076141384966,0.38940601856257157,0.0014114817158312658,0.0001,2.098872419131571e-06,0.0029739987356414035,0.00023713145478619684,3979,0.41454076141384966
1960,0.4007483750295848,0.3893874597781237,0.0013023556565123586,0.0001,2.0573091325188626e-06,0.003159366064456204,0.00025902776244351696,4090,0.4007483750295848
1961,0.39369871295490244,0.3893544978487742,0.0013232633338052786,0.0001,2.0970373488196674e-06,0.0031694936226930185,0.0002545832793840671,4236,0.39369871295490244
1962,0.38108490228722974,0.3894920783308249,0.0018389370026756482,0.0001,2.9333410362462606e-06,0.0031902572322795807,0.0002647244508794902,4321,0.38108490228722974
1963,0.37210534345851054,0.38946516838645806,0.0013957385720459404,0.0001,2.0115423896754186e-06,0.002882405673903248,0.00023629710355853114,4440,0.37210534345851054
1964,0.3787224048098115,0.3894363431500317,0.0015625645792649516,0.0001,2.4792599576166345e-06,0.003173321590052818,0.0002532194346533173,4351,0.3787224048098115
1965,0.3828934590953202,0.3894260403202672,0.001606381979042091,0.0001,2.630968782178863e-06,0.003275645290477857,0.00023772030377019007,4261,0.3828934590953202
1966,0.39292447720027796,0.389457708841489,0.001612566525599189,0.0001,2.591111319821653e-06,0.003213648899054086,0.00025340732687936996,4206,0.39292447720027796
1967,0.3888739867289888,0.3893865783265222,0.0015518068969899545,0.0001,2.5276412037208896e-06,0.003257674918991228,0.0002545076402004126,4197,0.3888739867289888
1968,0.3825650121736703,0.38949627779413154,0.001752722568189497,0.0001,2.7137636878634873e-06,0.0030966266277574245,0.0002462142826545819,4278,0.3825650121736703
1969,0.3916219273507139,0.3893857236676591,0.0015746995285711746,0.0001,3.0259152601205247e-06,0.0038431652581570664,0.0002729562895861074,4236,0.3916219273507139
1970,0.3856769126595566,0.38930245399426333,0.0014527004795474162,0.0001,2.5211126800751836e-06,0.003470932536431223,0.00025837611932974617,4285,0.3856769126595566
1971,0.3998566358240667,0.38931815364056876,0.00156534037505537,0.0001,2.52713199246611e-06,0.00322885940046965,0.00026337530896463615,4081,0.3998566358240667
1972,0.38526675671292476,0.38938939285067026,0.001659250707972581,0.0001,2.5949436447490294e-06,0.003127849977439226,0.0002623780883219877,4281,0.38526675671292476
1973,0.39477319076370154,0.3893580065144069,0.0014496206749905125,0.0001,2.2278647304269944e-06,0.0030737209655782205,0.00026111599868613154,4183,0.39477319076370154
1974,0.38642281321569794,0.38935960803164077,0.0015736330816152051,0.0001,2.7610711804898288e-06,0.003509167686861051,0.0002669729921601563,4264,0.38642281321569794
1975,0.40113755640489746,0.3895055963816665,0.0018516627055380915,0.0001,2.8539887565355086e-06,0.0030826227130887124,0.00025551737265731383,4145,0.40113755640489746
1976,0.38918715428962647,0.38957936563830087,0.0014449889085304942,0.0001,1.9449953158227803e-06,0.0026920557027676787,0.00023733989503972594,4189,0.38918715428962647
1977,0.38468633711169836,0.38957178252367564,0.001395589375259445,0.0001,2.1881803994799524e-06,0.0031358513303000194,0.0002616712326012834,4277,0.38468633711169836
1978,0.3823173155357645,0.3896416493187324,0.0015686541870858829,0.0001,2.565498288339379e-06,0.0032709545666089112,0.00026377690222719,4302,0.3823173155357645
1979,0.39519012065521386,0.38956879006669576,0.0013184760874528794,0.0001,1.8977099700822488e-06,0.002878641468194349,0.000256197181398507,4210,0.39519012065521386
1980,0.38100312401389047,0.3896799931233164,0.0017042712057695215,0.0001,2.725442346756553e-06,0.0031983669471502296,0.0002463322224261227,4321,0.38100312401389047
1981,0.38566095927867583,0.38971634828702373,0.001518917864829632,0.0001,2.3441810432760615e-06,0.00308664622038532,0.0002858555353619758,4271,0.38566095927867583
1982,0.4000768534386884,0.38972434819381435,0.0013290364065643872,0.0001,1.9632014067620513e-06,0.0029543229923053903,0.0002549352642140432,4179,0.4000768534386884
1983,0.3814323460815169,0.38968131710815657,0.0015523759823802918,0.0001,2.7871753321062858e-06,0.003590850881153997,0.00021525316914340316,4330,0.3814323460815169
1984,0.39834045963407405,0.38973536946876275,0.0015159901852972177,0.0001,2.122632743197619e-06,0.0028003251785979942,0.00029878188635121706,4195,0.39834045963407405
1985,0.3809386914793251,0.38966514725725054,0.0013860825851935228,0.0001,2.2744895651807777e-06,0.003281896171956041,0.00023940066608383608,4305,0.3809386914793251
1986,0.38474383681928115,0.38968538668148556,0.001470952580997183,0.0001,2.241179779391009e-06,0.0030472495284269135,0.00027190826440512075,4260,0.38474383681928115
1987,0.3714693668034179,0.38966943026780454,0.0017582585757644773,0.0001,3.063853276269935e-06,0.003485099766896112,0.00025148383102973715,4324,0.3714693668034179
1988,0.3893229588959201,0.3898307000944593,0.0017251589367237345,0.0001,2.500401712401268e-06,0.002898749395403305,0.00027888890712051887,4231,0.3893229588959201
1989,0.3806991385604666,0.3898923957401127,0.0017405988840437433,0.0001,2.822517121144825e-06,0.0032431563032920933,0.00025445168910037577,4312,0.3806991385604666
1990,0.39770432830305213,0.3898988060361497,0.0014359614401223777,0.0001,2.2583110881392167e-06,0.0031453645272630096,0.00024246087080038192,4181,0.39770432830305213
1991,0.3962759407119322,0.3898362092264508,0.0013713089686258112,0.0001,2.219653872491925e-06,0.0032372775549134487,0.00023610848384652934,4171,0.3962759407119322
1992,0.3945890190082489,0.389799719421859,0.0015857883659480894,0.0001,2.5317670920086775e-06,0.0031930705841633784,0.00022868977086434284,4166,0.3945890190082489
1993,0.39561800561275495,0.3897588776777924,0.0014401450835123664,0.0001,2.394443658155603e-06,0.0033252811616949034,0.00025492730093099064,4179,0.39561800561275495
1994,0.375877341092071,0.3896048693166394,0.0012643463928462273,0.0001,2.1267956295536663e-06,0.003364260999338861,0.0002532705089322531,4359,0.375877341092071
1995,0.38395341342917244,0.3897165545320771,0.001814278719740169,0.0001,2.9123675097326353e-06,0.0032104962462986154,0.0002491029890380294,4229,0.38395341342917244
1996,0.3805036505214864,0.3897730518840179,0.0016539105122215085,0.0001,2.628037344454965e-06,0.0031779680037525406,0.0002619369752723001,4315,0.3805036505214864
1997,0.3979380487412423,0.3897845053398315,0.001645406130222106,0.0001,2.978146533256727e-06,0.0036199531271403746,0.00025272969381329283,4202,0.3979380487412423
1998,0.37454710117201384,0.38993788022989384,0.0017215878281771925,0.0001,2.5683095580076184e-06,0.002983652086721512,0.00023484415177876212,4401,0.37454710117201384
1999,0.39136040654527016,0.3900477730831573,0.0015831506284449673,0.0001,2.2159431182765043e-06,0.002799409075121412,0.00024905507475105363,4189,0.39136040654527016
