iteration,performance_mc,performance_true,alpha,beta,bound,policy_advantage,model_advantage,total_samples,avg_return
0,0.044731947618920256,0.045815916828372646,0.0017620262027100606,0.0001,4.0425843054329755e-06,0.0045885632111660225,7.601077125421635e-06,30344,0.044731947618920256
1,0.04604456603216882,0.046430531709287404,0.0019308495157757382,0.0001,4.841634830904558e-06,0.005015030732686988,1.4615939533255391e-05,30326,0.04604456603216882
2,0.04965461993694856,0.04707311828730419,0.0020178715900678853,0.0001,5.299799814784073e-06,0.005252861322663031,7.911099662766534e-06,30099,0.04965461993694856
3,0.0430010172804654,0.04765781832601502,0.0017913311750904993,0.0001,4.180558614387244e-06,0.004667544083997799,8.000137098401582e-06,30400,0.0430010172804654
4,0.04604679077659369,0.0481816048935626,0.0017660238995003024,0.0001,4.056372126526132e-06,0.004593790749574663,3.4868709156362514e-06,30290,0.04604679077659369
5,0.05003644037115745,0.04877352701779257,0.0018956617762300504,0.0001,4.674773106466141e-06,0.004932075083312571,1.5075674038482642e-05,30196,0.05003644037115745
6,0.04788581872667791,0.04934433263831235,0.0018075128684552943,0.0001,4.237396141818266e-06,0.004688648380622105,1.1764960710069953e-05,30180,0.04788581872667791
7,0.04752436205379926,0.04998791359496333,0.0019643978624790167,0.0001,4.989251381672667e-06,0.005079675026093102,8.469312939607185e-06,30242,0.04752436205379926
8,0.05109073224848998,0.050628962976501844,0.002020882841092886,0.0001,5.2961319419735235e-06,0.005241404236090593,1.986763002105988e-05,30062,0.05109073224848998
9,0.04843975569139605,0.05123365256557212,0.0019169623436535422,0.0001,4.7612824001388585e-06,0.004967528356414473,2.0620010966830203e-05,30198,0.04843975569139605
10,0.048140007485417385,0.05184451809520518,0.001887884393637157,0.0001,4.613072475250157e-06,0.004887028560432889,1.9979217081624628e-05,30184,0.048140007485417385
11,0.048539523289828204,0.05244727220575252,0.0018826855704971537,0.0001,4.588647372245325e-06,0.004874576449888675,1.990893536963464e-05,30203,0.048539523289828204
12,0.046735293393383615,0.05302137509362586,0.001784811381783092,0.0001,4.107491013751342e-06,0.004602717189810619,2.0405835331296733e-05,30218,0.046735293393383615
13,0.05613393513842074,0.053715843425162446,0.002102005583871019,0.0001,5.693228131415722e-06,0.005416948627635105,2.282765693524651e-05,29864,0.05613393513842074
14,0.05334322708375558,0.05439779150072644,0.002097633231249099,0.0001,5.675677562510997e-06,0.0054115061469838,2.699125688527383e-05,30062,0.05334322708375558
15,0.05124486618064633,0.05500981824774887,0.0018538752870435834,0.0001,4.421062133042255e-06,0.004769535646696734,2.524235774664778e-05,30162,0.05124486618064633
16,0.05265405575025423,0.05563657358102947,0.001904776348296723,0.0001,4.675047161421554e-06,0.0049087622970560765,2.2847473816233756e-05,30178,0.05265405575025423
17,0.05585399578168544,0.05628671505350359,0.001995702785126719,0.0001,5.134221576507249e-06,0.005145276756409645,2.527929671686169e-05,29789,0.05585399578168544
18,0.05809865109853591,0.05693287985298877,0.0020090357595487,0.0001,5.185510315647678e-06,0.005162188170122492,2.6216287572484042e-05,29897,0.05809865109853591
19,0.05868986734518552,0.05764124960609649,0.002042882697616456,0.0001,5.358892576984833e-06,0.005246402628244245,3.211489363273935e-05,29798,0.05868986734518552
20,0.054609449737005336,0.05837934840487743,0.002153605882807523,0.0001,5.945033178661533e-06,0.005521003843945075,2.973458098271792e-05,29975,0.054609449737005336
21,0.060121714722770725,0.05912827702690655,0.002166919351176859,0.0001,6.0161998800838746e-06,0.005552767690054051,3.362749401398384e-05,29714,0.060121714722770725
22,0.05883007439210444,0.05987583094841504,0.0021853391921143922,0.0001,6.120718094363969e-06,0.005601618381668211,2.9650046480198084e-05,29861,0.05883007439210444
23,0.062460903662430706,0.060612678841968234,0.0021207675754582405,0.0001,5.747904998581607e-06,0.0054205892857821895,3.502197188342293e-05,29735,0.062460903662430706
24,0.060161754183157265,0.061364633456367876,0.002149308956776536,0.0001,5.901304722547823e-06,0.005491350793418186,2.5418605774402316e-05,29807,0.060161754183157265
25,0.06398788946148135,0.06215614614524527,0.0022250815578061522,0.0001,6.3150391437567705e-06,0.005676231616411549,4.364298615727665e-05,29603,0.06398788946148135
26,0.06022929944795949,0.06285609882931795,0.0021113383487612347,0.0001,5.679063274506271e-06,0.005379586154761309,3.185327060559453e-05,29835,0.06022929944795949
27,0.05965498001147083,0.06354528212390409,0.001966453279617748,0.0001,4.916569098574669e-06,0.005000443335760697,2.686072954401109e-05,29833,0.05965498001147083
28,0.06074031192961666,0.06436456899665732,0.0022953912717339005,0.0001,6.700534099949069e-06,0.0058382500469190985,4.3333038180564043e-05,29773,0.06074031192961666
29,0.059776934399175655,0.06506260701436435,0.0021528016105869484,0.0001,5.916154332940397e-06,0.005496237371661377,4.525906178918393e-05,29852,0.059776934399175655
30,0.06554832545782197,0.06582697624413249,0.002230797022368466,0.0001,6.3290214747551625e-06,0.005674224424089968,4.934854848125168e-05,29621,0.06554832545782197
31,0.06673948181346702,0.06660894119640756,0.0021851733068558345,0.0001,6.041659929807787e-06,0.005529684909524095,3.968909016756848e-05,29583,0.06673948181346702
32,0.06290263384078587,0.06732720235878256,0.0020436037965912085,0.0001,5.30556698756317e-06,0.005192363604347392,4.0846717333413516e-05,29672,0.06290263384078587
33,0.07346038964740766,0.06820084626986062,0.002411074420785465,0.0001,7.314268027902005e-06,0.006067227095810015,5.279787907739181e-05,29391,0.07346038964740766
34,0.06714828286041495,0.06899916032117233,0.0022312971561945483,0.0001,6.266803430053957e-06,0.005617184078468434,4.242445098457137e-05,29511,0.06714828286041495
35,0.07128650638494512,0.0696830173623362,0.0019131311489853512,0.0001,5.634467525213865e-06,0.00589030974505032,5.4046637388635704e-05,29288,0.07128650638494512
36,0.07344731274029624,0.07052735387844593,0.00237432282874749,0.0001,7.130532293301929e-06,0.006006371338360461,5.1157133117921625e-05,29282,0.07344731274029624
37,0.06721100618157402,0.07138035690172881,0.002291801351235856,0.0001,6.572169702964258e-06,0.005735374664492809,4.268061257524024e-05,29467,0.06721100618157402
38,0.07012858189917104,0.0721757290661818,0.0021419869294476484,0.0001,5.7621574054568346e-06,0.005380198474827029,5.077866461877953e-05,29431,0.07012858189917104
39,0.0737163014353067,0.07306646769888892,0.0024735830018213965,0.0001,7.734914132606609e-06,0.006254016240337265,5.63838484143415e-05,29330,0.0737163014353067
40,0.06570008378590732,0.0738223872106501,0.0021964930798117174,0.0001,6.093526040840434e-06,0.005548413602434631,5.3107418369934614e-05,29600,0.06570008378590732
41,0.07697368260901183,0.0746756327785997,0.00226713820573183,0.0001,6.4162839079262145e-06,0.005660249464901981,6.628401287747548e-05,29277,0.07697368260901183
42,0.07785414449500982,0.07559198150336818,0.002493996636177175,0.0001,7.789880759995555e-06,0.006246905586798198,7.794613302594894e-05,29156,0.07785414449500982
43,0.08029363009883794,0.07648356907894363,0.002454747092843664,0.0001,7.525700078058146e-06,0.006131548215290982,7.102346939528947e-05,28990,0.08029363009883794
44,0.0793943436054882,0.07741018367852667,0.002459318747149136,0.0001,7.522629401983815e-06,0.0061176530376179285,6.584666058646299e-05,29207,0.0793943436054882
45,0.07933929604064152,0.07826823764312535,0.0023103691842777455,0.0001,6.619291890375677e-06,0.005730072869237098,6.79553029913669e-05,29102,0.07933929604064152
46,0.08124542763958034,0.07893850220679585,0.001933215902203542,0.0001,5.687941059859226e-06,0.005884434380428929,6.875355506425388e-05,29077,0.08124542763958034
47,0.07795178569375788,0.0798206873167945,0.002371134907970613,0.0001,6.997971339750347e-06,0.005902634486318376,6.0644801873811496e-05,29180,0.07795178569375788
48,0.07762574420080727,0.08073372464244852,0.002397326302677935,0.0001,7.15603051379065e-06,0.0059700095942692485,7.342455475369637e-05,29091,0.07762574420080727
49,0.08505055634805811,0.08164855317125884,0.002458686692054256,0.0001,7.5369642288057285e-06,0.0061308862598581215,7.70721049969958e-05,28896,0.08505055634805811
50,0.08086424738867418,0.08254976396319351,0.002355071538576566,0.0001,6.863089410110077e-06,0.005828348988717525,7.774805344078977e-05,29064,0.08086424738867418
51,0.08223545419715357,0.08356379823568633,0.0026560032841329074,0.0001,8.685363813793955e-06,0.006540175507824663,7.557313575487433e-05,29079,0.08223545419715357
52,0.08936942204939767,0.08457274017591658,0.002605035307667323,0.0001,8.337461913700196e-06,0.006401035632155,7.973504802520704e-05,28728,0.08936942204939767
53,0.08678103023951586,0.08552623977372459,0.0024883859742926232,0.0001,7.610963223020656e-06,0.006117188652925306,7.44965624966683e-05,28843,0.08678103023951586
54,0.07938294343123178,0.08643737669952545,0.0024018321433517784,0.0001,7.096894849299152e-06,0.005909567718079891,6.847133784800019e-05,29153,0.07938294343123178
55,0.09287033680579182,0.08753921686007923,0.0028020591391478733,0.0001,9.585506084946828e-06,0.0068417585846256256,9.405133666889672e-05,28552,0.09287033680579182
56,0.09027734419805508,0.08854211310674348,0.002567137735284951,0.0001,8.072677012407813e-06,0.006289243386866229,8.292090070247555e-05,28774,0.09027734419805508
57,0.08974971654462965,0.08954804670767624,0.0025562750391747427,0.0001,7.936119757970539e-06,0.0062091282325649946,8.658980720002807e-05,28803,0.08974971654462965
58,0.08893724973566632,0.09046169021598532,0.00248779120108859,0.0001,7.637135338728051e-06,0.006139691574908899,8.95044771825037e-05,28736,0.08893724973566632
59,0.08617762226180034,0.09142331167084197,0.002491660297607366,0.0001,7.596975732487579e-06,0.006097922529634259,8.318418059872481e-05,28802,0.08617762226180034
60,0.09587616926401363,0.09227826132825431,0.002210529172330583,0.0001,7.242478284420035e-06,0.006552709980103288,0.00011428471501731106,28536,0.09587616926401363
61,0.09255645723965272,0.09326213806131867,0.00248157913030736,0.0001,7.515155914521855e-06,0.006056752994687744,8.828204401804598e-05,28687,0.09255645723965272
62,0.09828356343408211,0.09415925961450841,0.002311534981705095,0.0001,7.856918907485852e-06,0.006798009954138981,0.00010671505374000589,28374,0.09828356343408211
63,0.08544544033160789,0.09514870436549788,0.0025356447362219954,0.0001,7.801456404941606e-06,0.006153430165903645,9.746385263284765e-05,28901,0.08544544033160789
64,0.09161295850439755,0.09622671935384355,0.0027508434741836635,0.0001,9.186960569210126e-06,0.006679377184073646,9.912458586447713e-05,28702,0.09161295850439755
65,0.09143953071600322,0.09723486373312709,0.002527331791815952,0.0001,7.730538859744051e-06,0.006117549650407762,0.0001115104524815004,28622,0.09143953071600322
66,0.10303271690488365,0.09832287441281617,0.0027535598645518234,0.0001,9.140630705030171e-06,0.006639137084109063,0.00011864268680688707,28138,0.10303271690488365
67,0.10346501799790174,0.09934771376680943,0.0026391537209207393,0.0001,8.41395382964083e-06,0.006376251419493214,0.00011436387684712345,28178,0.10346501799790174
68,0.10045237275807281,0.10043048048514679,0.0027183161161558936,0.0001,8.84392473198525e-06,0.006506914099815503,0.00011961309749997409,28350,0.10045237275807281
69,0.09946753057614008,0.10154478454811364,0.0027900070400263257,0.0001,9.379239576149293e-06,0.006723452264880874,0.00011619613597507939,28395,0.09946753057614008
70,0.10367420048052226,0.10259069444792489,0.00271593552769416,0.0001,8.932556007754073e-06,0.006577885164555323,0.00011826991563016338,28185,0.10367420048052226
71,0.10408361645892543,0.10365075411886394,0.002650229922681136,0.0001,8.430353325961508e-06,0.0063619788259222775,0.0001154269852096955,28215,0.10408361645892543
72,0.10181092195201884,0.10472430070512384,0.002713880995083093,0.0001,8.834964165351857e-06,0.006510944423398602,0.0001128528238920243,28275,0.10181092195201884
73,0.10702728089629117,0.10589734874210704,0.0029477473365310393,0.0001,1.0442493607585601e-05,0.007085066944627967,0.0001371779401040255,28145,0.10702728089629117
74,0.10610206736952674,0.10706162961910967,0.002887567178570232,0.0001,9.978578372829967e-06,0.006911408639691507,0.00012665172115973835,28130,0.10610206736952674
75,0.11096174965114702,0.10817309295269682,0.0027646732688202343,0.0001,9.112197484418474e-06,0.006591880195887965,0.0001265502543748781,27846,0.11096174965114702
76,0.10628562062367361,0.10907822745654472,0.0022928775905629783,0.0001,7.55474331082883e-06,0.006589748481927364,0.0001374720994068044,28201,0.10628562062367361
77,0.11371795610795152,0.11013662801164947,0.0026725385369699363,0.0001,8.565963441305364e-06,0.006410357286011118,0.00013979123225674124,27808,0.11371795610795152
78,0.1079445906966736,0.11107848278771185,0.0023488468098547695,0.0001,7.890394163214457e-06,0.006718525984844728,0.00013921971602753682,28033,0.1079445906966736
79,0.10781685969728087,0.1121828967268338,0.002834160748509004,0.0001,9.605623969550076e-06,0.006778460942699462,0.00014080945097824632,28046,0.10781685969728087
80,0.11148495258339382,0.11337184120349894,0.002951002456782187,0.0001,1.0281169316112133e-05,0.006967916473592405,0.000139281088715436,27900,0.11148495258339382
81,0.11495773741880444,0.11449425123728679,0.002809366419747743,0.0001,9.375150977041711e-06,0.006674210178595017,0.00013826856472989806,27800,0.11495773741880444
82,0.10664897967865779,0.11539938532400812,0.002299574356221318,0.0001,7.499879291990537e-06,0.006522841300347779,0.00013377021568756095,28142,0.10664897967865779
83,0.1195771801711113,0.11654771241337444,0.002916430547230004,0.0001,1.0099837863079555e-05,0.006926163815333974,0.00014673533667437663,27659,0.1195771801711113
84,0.1163180574661649,0.11772666111131141,0.0029464292964138114,0.0001,1.0229911451509324e-05,0.00694393818576299,0.00014479425647142603,27776,0.1163180574661649
85,0.11717010716050134,0.11886500734834565,0.002794873183739224,0.0001,9.15541172059747e-06,0.006551575773716189,0.0001550840797648736,27629,0.11717010716050134
86,0.12144079532204524,0.12001374305990424,0.002904310273324879,0.0001,9.983787836624097e-06,0.006875152374952398,0.00016284570365940494,27489,0.12144079532204524
87,0.11498730857902048,0.12098310661761574,0.0024313273910656786,0.0001,8.27313744776983e-06,0.006805449137101705,0.00014286145063761318,27783,0.11498730857902048
88,0.12308733877750189,0.12222411102878093,0.0030880945023275728,0.0001,1.1118294708392224e-05,0.007200747710286774,0.00016388751690341301,27458,0.12308733877750189
89,0.12853662107408637,0.12345703713105022,0.0031328784532195543,0.0001,1.1616562305885304e-05,0.0074159036038869315,0.00016054279521363649,27303,0.12853662107408637
90,0.1252702452884902,0.12461921871140236,0.002929078025409642,0.0001,1.0112732410889438e-05,0.006905061813418327,0.00015812444217563025,27353,0.1252702452884902
91,0.12612616035959967,0.12580654320433082,0.0029827894610588335,0.0001,1.048680784393019e-05,0.007031544117235531,0.000171089622756705,27364,0.12612616035959967
92,0.12515887637647707,0.12693251245541512,0.002892365346697816,0.0001,9.784843657220742e-06,0.006765980423871417,0.0001649798329971471,27398,0.12515887637647707
93,0.1192687261170789,0.1280154517324446,0.00277886039128384,0.0001,9.137532326849517e-06,0.006576460160078753,0.00015347928266162158,27670,0.1192687261170789
94,0.12613747234269307,0.1291989240793038,0.0029214209461166387,0.0001,1.00097771534306e-05,0.006852677062329077,0.00015845510151533094,27400,0.12613747234269307
95,0.13496829405312494,0.1302246492867491,0.0025882036816232364,0.0001,9.230788196111187e-06,0.007132968909403561,0.00018092926429930125,27016,0.13496829405312494
96,0.12977286249168574,0.13137515829629298,0.002989662278674242,0.0001,1.051667770609659e-05,0.00703536167353336,0.0001860215568195299,27278,0.12977286249168574
97,0.1292385939337483,0.1326083246861679,0.0031484327138833037,0.0001,1.1595851895869278e-05,0.007366110664989789,0.00018791028653365746,27256,0.1292385939337483
98,0.1270875570915705,0.13384511676670494,0.0030454482440363632,0.0001,1.0688642587390411e-05,0.007019421596358468,0.00018444667344271547,27304,0.1270875570915705
99,0.13683233954659207,0.13510097353913383,0.003148062179317381,0.0001,1.1412329767538729e-05,0.007250383961611174,0.0001797665512822439,27004,0.13683233954659207
100,0.1290768494149898,0.13626069220375417,0.002867903510164159,0.0001,9.383153732208216e-06,0.006543563058487366,0.00018642961760676784,27307,0.1290768494149898
101,0.1378745098053565,0.13736374826331257,0.002782333133224478,0.0001,1.0263934063164771e-05,0.0073779332464547695,0.0002000976434816744,26802,0.1378745098053565
102,0.13623921305136558,0.13857950716305856,0.0030308441147123655,0.0001,1.0540599996025093e-05,0.006955554028568323,0.00018309859564972082,27072,0.13623921305136558
103,0.1361438033226205,0.13976308391990683,0.0030415914295886894,0.0001,1.0700649834300337e-05,0.007036217770870937,0.00017754235485702765,27046,0.1361438033226205
104,0.13977468674216123,0.14098204431393274,0.0030484275496115336,0.0001,1.063782388850089e-05,0.0069792204114258755,0.00018984380668193558,26846,0.13977468674216123
105,0.141562761441486,0.14205879179327102,0.002714076845332873,0.0001,9.75708940918862e-06,0.007189987583414901,0.00019426930859145077,26756,0.141562761441486
106,0.14079347586754895,0.14337774848449691,0.003261616502045945,0.0001,1.2072146204400123e-05,0.007402554038359515,0.00020025259422025668,26784,0.14079347586754895
107,0.1463845580824647,0.1445923087807528,0.0030918066899252913,0.0001,1.0927715953393509e-05,0.007068822244936382,0.00020763128945463306,26564,0.1463845580824647
108,0.1428321628339208,0.14577661671951847,0.0030946251628627885,0.0001,1.1053331329367e-05,0.007143567151209835,0.00021601386177057562,26707,0.1428321628339208
109,0.14515486340052064,0.1469932475991857,0.003126019194530776,0.0001,1.1178008349338182e-05,0.007151592906975755,0.00020164862198027638,26700,0.14515486340052064
110,0.14856764637572584,0.1480500250074863,0.0026812123802046877,0.0001,9.656868008939059e-06,0.007203359256607519,0.00022236770029268997,26576,0.14856764637572584
111,0.14379122196048819,0.1493200222394069,0.0031764849020474626,0.0001,1.1327193188842953e-05,0.007131904314446323,0.00021091678691376452,26725,0.14379122196048819
112,0.15334926032002955,0.1506474258671095,0.0032861851386710174,0.0001,1.210930937778048e-05,0.007369827850099564,0.00022785947718002595,26332,0.15334926032002955
113,0.15364619027297088,0.15174268009106967,0.0027390594257855313,0.0001,9.973742626665451e-06,0.007282604044857546,0.00023349036227831357,26391,0.15364619027297088
114,0.15162995131969395,0.15276865026705028,0.0026253970542829325,0.0001,9.119156705350898e-06,0.00694687814208856,0.0002354312295605981,26550,0.15162995131969395
115,0.14618631430068887,0.15399445149186472,0.0030926659255374627,0.0001,1.0741998027711556e-05,0.006946756155593975,0.00021572196522028753,26648,0.14618631430068887
116,0.15098666777592365,0.1551674626855145,0.003042272304032574,0.0001,1.0404910811865032e-05,0.006840223209522157,0.00021297076462703892,26421,0.15098666777592365
117,0.1531272602408027,0.15642230503173515,0.0031887232561437526,0.0001,1.124983121508192e-05,0.007056009764037521,0.00023436473826805735,26355,0.1531272602408027
118,0.15175391951532757,0.15760831830605482,0.0030578020358756073,0.0001,1.049436461372098e-05,0.00686399216862049,0.00023730586382888987,26338,0.15175391951532757
119,0.15483350665968074,0.1588467689471797,0.003146553228988077,0.0001,1.1117281266490429e-05,0.007066323343314751,0.00023621934760349714,26284,0.15483350665968074
120,0.1593454849131742,0.15989042230574074,0.002723981438307995,0.0001,9.756783127718966e-06,0.007163619392193366,0.00024153819269735424,26188,0.1593454849131742
121,0.16518628667203994,0.1610934644571418,0.0032818338834255494,0.0001,1.2356311838757734e-05,0.007530126312097382,0.0002506269324825265,25855,0.16518628667203994
122,0.158638292589903,0.16221997925690934,0.0030626893495597943,0.0001,1.0788671844185337e-05,0.007045227649833967,0.00025431499314412825,26121,0.158638292589903
123,0.1607303241084563,0.16332231061411584,0.002982691303185833,0.0001,1.0032275147852734e-05,0.006726995272448872,0.0002487236518548086,25950,0.1607303241084563
124,0.1640642858655102,0.16462446044957713,0.003327704761366431,0.0001,1.2309817572192487e-05,0.0073983832430722,0.0002545933174240635,25944,0.1640642858655102
125,0.16234140768115884,0.1658343453180784,0.0031503035799359974,0.0001,1.1015040279180258e-05,0.006993002420042352,0.00025993144410836556,25946,0.16234140768115884
126,0.17188316499813105,0.16705821740987556,0.0032846813056282252,0.0001,1.2092850278827932e-05,0.007363180262332979,0.00025555797573514677,25514,0.17188316499813105
127,0.16154147561585142,0.168266978573944,0.003209050746054272,0.0001,1.1476061224881896e-05,0.007152308974230109,0.0002743732954601659,25990,0.16154147561585142
128,0.17343276578199068,0.16929931107141788,0.002740952466928698,0.0001,9.314927069521434e-06,0.006796854146076475,0.00027068521773467773,25527,0.17343276578199068
129,0.1756897424560463,0.1706429615366912,0.003541623418420417,0.0001,1.3955356244168851e-05,0.00788076799559509,0.00027258403115484653,25479,0.1756897424560463
130,0.17970009254787225,0.17175030348084314,0.0029101435546102757,0.0001,1.0764134530896191e-05,0.0073976656676221705,0.00026338856637185396,25413,0.17970009254787225
131,0.17241324739494174,0.17304616038657572,0.0033519804373821314,0.0001,1.241950251065271e-05,0.00741024760893428,0.00025510548134458717,25486,0.17241324739494174
132,0.16953737113273792,0.17428285906165575,0.0032856243373853137,0.0001,1.194093762249651e-05,0.007268595795707464,0.0002622888426394997,25681,0.16953737113273792
133,0.17545129526999406,0.17542951714252397,0.0030856450686546004,0.0001,1.0689133928538417e-05,0.006928297772886162,0.00027351176232909226,25587,0.17545129526999406
134,0.17170942451916432,0.1763613335338306,0.0025779748774951896,0.0001,8.568079348680218e-06,0.006647139522946112,0.00027788152002163643,25673,0.17170942451916432
135,0.17579242238559623,0.17764972934223097,0.003397580396489665,0.0001,1.2534881935085367e-05,0.007378711007419419,0.00026598797417390883,25526,0.17579242238559623
136,0.17628182743276094,0.17889397351907302,0.0033125958689381903,0.0001,1.1942389723823471e-05,0.007210290778785188,0.0002791694877559242,25529,0.17628182743276094
137,0.17652258185210884,0.1800713252425811,0.003210715881558357,0.0001,1.1258581035142281e-05,0.0070131281935029415,0.0002774799521186945,25517,0.17652258185210884
138,0.17956109117246372,0.18126297072711703,0.00320443850396057,0.0001,1.1186906794131179e-05,0.006982132301995852,0.0002859538596291795,25245,0.17956109117246372
139,0.17916984053813267,0.18253228721048428,0.0033186431745132424,0.0001,1.2049798868971482e-05,0.007261882784815437,0.0002806116486885604,25406,0.17916984053813267
140,0.18051368076146362,0.1837048912911098,0.003194284122340493,0.0001,1.1144354526203811e-05,0.006977685202303294,0.0002859719845719536,25399,0.18051368076146362
141,0.1862714238221165,0.184881903858505,0.0032501761918667044,0.0001,1.1659497784931057e-05,0.007174686599519116,0.00030206866323512156,25017,0.1862714238221165
142,0.17697512059659448,0.1860592666708777,0.0031998204089817403,0.0001,1.1181033415037955e-05,0.006988538096484002,0.00027914307272552925,25403,0.17697512059659448
143,0.19018210185334705,0.1872179975871731,0.003242329314412858,0.0001,1.1527110512784179e-05,0.007110388486168674,0.000316348888216847,24915,0.19018210185334705
144,0.19255351003606172,0.18851998215400406,0.003412598339511834,0.0001,1.2329571476813793e-05,0.007225914244907893,0.0002942379517453666,24879,0.19255351003606172
145,0.192338195674974,0.18974752782538618,0.0033101364893091904,0.0001,1.1795087604478264e-05,0.007126647280299817,0.00031309982610132066,24860,0.192338195674974
146,0.18623043798816663,0.19091023222303713,0.003265106826490342,0.0001,1.1616260628470633e-05,0.00711539391864672,0.0003087767132797383,25124,0.18623043798816663
147,0.18941482634489115,0.19206276490964774,0.0031590415928436535,0.0001,1.0862263678222955e-05,0.006876936158631037,0.0002958758115974434,24914,0.18941482634489115
148,0.19339741322921253,0.1932462106687184,0.003310010729332504,0.0001,1.1843134720951458e-05,0.007155949445118407,0.00031663130411565995,24892,0.19339741322921253
149,0.19682725945433518,0.19450577391973672,0.003357743707057546,0.0001,1.1793442199933336e-05,0.0070246232165635724,0.000325305163213621,24603,0.19682725945433518
150,0.19605356608958363,0.195527079144874,0.002825449440605382,0.0001,9.88666262014968e-06,0.006998293778020222,0.0003289001379446579,24714,0.19605356608958363
151,0.19077227532367658,0.1966566717437338,0.003139909392529438,0.0001,1.0481268119727065e-05,0.006676159601716148,0.0003217794641111419,24891,0.19077227532367658
152,0.18794605332274453,0.1976517280201318,0.002740157804396125,0.0001,9.248938059293314e-06,0.006750660888548053,0.000306685348396591,24958,0.18794605332274453
153,0.2067497545413789,0.19883543068703374,0.0034169472705569523,0.0001,1.2572313527901206e-05,0.007358798677541169,0.0003359202640321831,24162,0.2067497545413789
154,0.2066213467809464,0.20008178962563566,0.003495443197141217,0.0001,1.3091331542182653e-05,0.007490513107401962,0.0003101003628101457,24268,0.2066213467809464
155,0.18892827009989693,0.20108033363839056,0.002851467949276973,0.0001,9.446218309653404e-06,0.006625512527362347,0.0003196874545352605,24998,0.18892827009989693
156,0.20047347029941137,0.2022503031403886,0.003314651125376691,0.0001,1.1811980271837986e-05,0.007127133339256402,0.00032506542005188036,24619,0.20047347029941137
157,0.2076472612156026,0.2034386058885852,0.0033712413837677668,0.0001,1.2003472530328756e-05,0.007121099419415313,0.0003468955975205974,24220,0.2076472612156026
158,0.20326490590827773,0.20459705346989618,0.0032120804492679024,0.0001,1.0740259328709621e-05,0.006687416145605905,0.0003358620327756361,24549,0.20326490590827773
159,0.20603083865693383,0.2056267680538727,0.0029917882649843556,0.0001,1.0835000678062975e-05,0.007243160089151318,0.00034610110660306543,24312,0.20603083865693383
160,0.20792479472873882,0.20673054735411545,0.003259277797168077,0.0001,1.1474236883425141e-05,0.007040968949253042,0.0003385213952831612,24254,0.20792479472873882
161,0.2205419145955373,0.20797311630286808,0.003505108902485461,0.0001,1.2962099935486627e-05,0.007396118235467802,0.0003567885356475648,23851,0.2205419145955373
162,0.20847989924040317,0.20916056600364075,0.0033761916092922397,0.0001,1.2098277446753106e-05,0.007166819213373556,0.0003595903506878543,24217,0.20847989924040317
163,0.20890070305236297,0.21036961470517682,0.0035005099267660916,0.0001,1.2839847631636947e-05,0.0073359869849013125,0.0003528342693814697,24195,0.20890070305236297
164,0.20647555046333937,0.21158563115306267,0.0034458081900452164,0.0001,1.2372965750528248e-05,0.007181459366353116,0.0003412162396191575,24236,0.20647555046333937
165,0.20998609089233294,0.2127268075901596,0.003349469678830967,0.0001,1.191275519234667e-05,0.007113218709001399,0.0003376448964430772,24111,0.20998609089233294
166,0.20681337155861146,0.2137240439610842,0.002827086626661983,0.0001,9.434658646357613e-06,0.006674474391679583,0.0003596859422314439,24228,0.20681337155861146
167,0.20929648320408784,0.2147675219032461,0.003166860236076997,0.0001,1.1429465158315474e-05,0.00721816834738114,0.0003489114218913473,24137,0.20929648320408784
168,0.2166203340957928,0.21578958608637963,0.0029714193418036608,0.0001,1.0179600146901644e-05,0.006851675227181227,0.00037259324012044794,23945,0.2166203340957928
169,0.21572095987719367,0.21693370425959904,0.0033235410582917336,0.0001,1.1567009282075095e-05,0.006960653760071447,0.0003548980521184859,23873,0.21572095987719367
170,0.22228508054706045,0.21807787767674197,0.0033758025807527244,0.0001,1.1828945264195327e-05,0.007008078808659331,0.0003702446514591126,23680,0.22228508054706045
171,0.21855027363022983,0.2192434917822923,0.003348145830648565,0.0001,1.1377498001465742e-05,0.0067962977581904295,0.00034933124751370987,23870,0.21855027363022983
172,0.21960088416107126,0.22041072869777978,0.0034108696769002736,0.0001,1.195334018790992e-05,0.007008969160482769,0.000370496307453134,23838,0.21960088416107126
173,0.21714709229856577,0.22145820229716398,0.0030764406880142833,0.0001,1.0790373110414289e-05,0.007014842283456491,0.00037488082191771376,23913,0.21714709229856577
174,0.21763602211963312,0.22247625976877272,0.003226495903052822,0.0001,1.1024300963357488e-05,0.006833606051026808,0.00036495629136459905,23850,0.21763602211963312
175,0.22541315486770858,0.2235725821745413,0.0033765803139668765,0.0001,1.1897733370759435e-05,0.007047208870788995,0.0003747819818303544,23654,0.22541315486770858
176,0.22030336960722402,0.22468765416790565,0.0033337190400611273,0.0001,1.1362548153918671e-05,0.006816740113594172,0.0003688183383664096,23768,0.22030336960722402
177,0.23894536065891475,0.22570334803869993,0.0030490797026005104,0.0001,1.1004180244446748e-05,0.007218033844809936,0.00040004737836747673,22947,0.23894536065891475
178,0.2266613442350191,0.2267851331605579,0.003168055403628654,0.0001,1.1501152318436783e-05,0.007260701504944323,0.00037563112455911624,23427,0.2266613442350191
179,0.22347356331811327,0.2278851706035939,0.0034105053749386703,0.0001,1.1965447226656363e-05,0.007016817691936069,0.00037132334787369286,23478,0.22347356331811327
180,0.2361046178237963,0.22900964928342282,0.0033741395360659607,0.0001,1.1704875386851248e-05,0.006937991308147507,0.0003908672332982815,23016,0.2361046178237963
181,0.23772271152337723,0.2299515647689777,0.0029192177941568865,0.0001,9.977637333682221e-06,0.006835829346925387,0.00038725250990669243,23099,0.23772271152337723
182,0.22810402062088161,0.2309874828499643,0.003344027596982669,0.0001,1.1582043161749538e-05,0.0069270021408914615,0.00039367495755134925,23478,0.22810402062088161
183,0.2362275581209112,0.23207534083021675,0.003368114553637609,0.0001,1.1522044874160642e-05,0.006841836695676919,0.00037950190537513963,23068,0.2362275581209112
184,0.2359668078283132,0.2332428787817119,0.0034946324815734627,0.0001,1.2052336360443649e-05,0.006897627389428411,0.0003874077493945487,23126,0.2359668078283132
185,0.23789034899819095,0.23430836660845528,0.003400448985299924,0.0001,1.1785482063980319e-05,0.0069317211432541595,0.0003970861187152221,23076,0.23789034899819095
186,0.23980240397428326,0.23539078223823867,0.0034209770301822603,0.0001,1.1896827341047321e-05,0.006955221994234491,0.0004032885795569801,23041,0.23980240397428326
187,0.22832603712423472,0.23646685248555172,0.0032898324008938974,0.0001,1.088445071864789e-05,0.006617024451270174,0.000385105206002082,23500,0.22832603712423472
188,0.2465890924660118,0.2374543437259311,0.0030599820528038617,0.0001,1.0558219224753959e-05,0.006900837353003076,0.00038669727555540074,22718,0.2465890924660118
189,0.2306349284658485,0.23840799532975346,0.0031546306781322906,0.0001,1.0249766526126079e-05,0.0064982354969010106,0.0003814146923696247,23368,0.2306349284658485
190,0.23663620875802832,0.23951074017388335,0.003477440847080934,0.0001,1.224925769162415e-05,0.007044984073219556,0.0003971999224881688,23079,0.23663620875802832
191,0.24258352041132658,0.2403563210185025,0.0029152085860901155,0.0001,9.885472740290291e-06,0.006782000291477401,0.00042175909960749484,22884,0.24258352041132658
192,0.24322813046827255,0.241376169034563,0.00328181934794002,0.0001,1.0916446187003132e-05,0.00665267952293311,0.0003764072371915988,22951,0.24322813046827255
193,0.248122864714664,0.2423389402264195,0.0031262384798597105,0.0001,1.0486995677895515e-05,0.006709018358936017,0.00041429150885791827,22710,0.248122864714664
194,0.24034033098975016,0.24341116004170377,0.0033865150819375185,0.0001,1.1241984037483696e-05,0.006639264119888015,0.0003786571318688711,23013,0.24034033098975016
195,0.2529650560812049,0.24448732726483033,0.003427125688800262,0.0001,1.1704996821534008e-05,0.006830795181971623,0.0004204365584197082,22362,0.2529650560812049
196,0.24457640542927356,0.2455526196309095,0.0033614050511677164,0.0001,1.174935086020824e-05,0.006990737909509977,0.0004088621486418452,22828,0.24457640542927356
197,0.24583255508310137,0.24665434201151093,0.0034694952449345557,0.0001,1.1733739978707178e-05,0.006763946424678559,0.00041012205220608756,22684,0.24583255508310137
198,0.24754234993536345,0.2476164002373951,0.003243412244604951,0.0001,1.064952357420752e-05,0.006566864012998529,0.0004148293320528127,22728,0.24754234993536345
199,0.25284205437595647,0.24853485418802784,0.003016169453423023,0.0001,9.995304774935827e-06,0.006627813807736994,0.0004130973381460874,22428,0.25284205437595647
200,0.2594575441549882,0.24950715166443022,0.0033876651648964756,0.0001,1.2211670143578842e-05,0.007209490636865832,0.00043497278241299664,22120,0.2594575441549882
201,0.23974697096939743,0.250324046694964,0.003128685992469961,0.0001,1.0364111997622081e-05,0.006625217118346904,0.00044258613558648325,22991,0.23974697096939743
202,0.2444013474849206,0.25138246213619386,0.003525097853627008,0.0001,1.2303689870001384e-05,0.0069806231661580665,0.0004141699868800689,22805,0.2444013474849206
203,0.24878209928174366,0.25227319958078337,0.00314495505467858,0.0001,1.0108712722114937e-05,0.006428526033831072,0.00041669365362866805,22632,0.24878209928174366
204,0.2604964731213198,0.2531373707020456,0.002952652067984916,0.0001,9.766237455182718e-06,0.0066152308028949985,0.0004412167117021403,22160,0.2604964731213198
205,0.24339199959712737,0.25413902952780426,0.003371593527265189,0.0001,1.1062561979600098e-05,0.006562215694234831,0.0004222372575742751,22854,0.24339199959712737
206,0.2594100030811518,0.25507112302505397,0.003299431160688219,0.0001,1.0969620880127575e-05,0.006649401273060325,0.00043567327453860433,22190,0.2594100030811518
207,0.2541327329186882,0.25611230986109357,0.0035290547810275896,0.0001,1.2344323026633922e-05,0.006995823977002421,0.00042947217540005545,22321,0.2541327329186882
208,0.2589457586249357,0.25700124976775673,0.0030255260537647662,0.0001,1.0095419191430663e-05,0.006673496781737235,0.00044579577975246217,22224,0.2589457586249357
209,0.2561709009488027,0.257959551144011,0.003229324564547742,0.0001,1.0198447004682096e-05,0.006316148656374129,0.0004460540016605712,22268,0.2561709009488027
210,0.25717753042957037,0.2589177187477246,0.003293242416808328,0.0001,1.0775913473643275e-05,0.006544257670582803,0.00042083594546800135,22297,0.25717753042957037
211,0.25160516943747124,0.259797440187427,0.003045489319937899,0.0001,9.770580590632303e-06,0.006416427420491847,0.0004389875610916155,22468,0.25160516943747124
212,0.25716018765204063,0.26069602666084957,0.0032665603337385584,0.0001,1.0680603370443008e-05,0.006539357782636833,0.00043564480826799404,22297,0.25716018765204063
213,0.261634326350637,0.26173051406461123,0.0034667789402494397,0.0001,1.1220464781898653e-05,0.006473135423564865,0.0004301223190506825,22106,0.261634326350637
214,0.269744794818748,0.2625462079144497,0.0030408974611812766,0.0001,1.0345156814667796e-05,0.006804015555755756,0.00046167995838687176,21643,0.269744794818748
215,0.2697476321007929,0.26346236372678555,0.0031550208304729037,0.0001,1.0735152740593417e-05,0.00680512320990561,0.00046343422304029466,21875,0.2697476321007929
216,0.25169115616195403,0.2643001622829211,0.002915157244991557,0.0001,9.350257958130864e-06,0.006414925283495604,0.0004328841127183078,22589,0.25169115616195403
217,0.26655833226232406,0.2651840020111561,0.0033417312702439536,0.0001,1.1131990209349088e-05,0.006662408978527124,0.000432515139472382,21958,0.26655833226232406
218,0.2670943893880665,0.266074136408583,0.003209838975982009,0.0001,9.956829136104161e-06,0.00620394307042022,0.00045950760595229876,21996,0.2670943893880665
219,0.26262891040509323,0.2669255961787431,0.003194579065435848,0.0001,1.0170875139465706e-05,0.006367583917086778,0.0004530450715038076,22016,0.26262891040509323
220,0.2599405136783225,0.26783272419624643,0.0032030194174214235,0.0001,9.828816905328272e-06,0.006137219682071685,0.0004447407827241066,22243,0.2599405136783225
221,0.26600884169645583,0.26861874089423093,0.002799372997533481,0.0001,8.524469226255651e-06,0.006090270381093577,0.0004471998974207291,21860,0.26600884169645583
222,0.2742462786701732,0.269413581560051,0.002979934456302711,0.0001,9.794756831755457e-06,0.006573806890979804,0.000463205789478864,21554,0.2742462786701732
223,0.27893131805851856,0.27013237832983483,0.0029221455787711106,0.0001,9.41137682380185e-06,0.006441415439513962,0.00047986538860629444,21403,0.27893131805851856
224,0.27084857678881685,0.2710265498207084,0.0032484289941714676,0.0001,1.0348682584130104e-05,0.006371499948250894,0.000467266576119817,21720,0.27084857678881685
225,0.26287559954113815,0.2718877080188528,0.0032342118126153264,0.0001,1.0233408154301918e-05,0.006328223843834602,0.0004396115926207574,21963,0.26287559954113815
226,0.2764178009892464,0.27274582219085397,0.003338887653134491,0.0001,1.0971216838131827e-05,0.006571779573255323,0.0005020344421760954,21433,0.2764178009892464
227,0.2801295087593591,0.27355051414472065,0.0029643372492293525,0.0001,9.301725665672915e-06,0.006275753993976976,0.0004653953663882144,21420,0.2801295087593591
228,0.26701857750744135,0.2743166530389006,0.0028463614595189753,0.0001,8.699477026271632e-06,0.006112700126105423,0.0004650496803470464,21896,0.26701857750744135
229,0.27689077598747447,0.2752529274924509,0.0033495414850358953,0.0001,1.0527946345730127e-05,0.006286201495197964,0.0004545978673921652,21466,0.27689077598747447
230,0.27191455429909933,0.2760036871415026,0.0028480310446328313,0.0001,8.637500877962348e-06,0.006065594610873278,0.00046108987959569427,21591,0.27191455429909933
231,0.28020119642201813,0.27679843463374754,0.0029047080685677025,0.0001,8.892747194927905e-06,0.0061229885998925,0.0004632622885246897,21344,0.28020119642201813
232,0.2717615785864843,0.27776365754168586,0.0034896668865205143,0.0001,1.140457734755462e-05,0.006536198278183464,0.0004568927228040835,21650,0.2717615785864843
233,0.2768000669190904,0.2785806504210687,0.003242231794458145,0.0001,1.0335562522691146e-05,0.006375585200513687,0.00046916890486329194,21462,0.2768000669190904
234,0.27426520411875177,0.2794409929410412,0.0032667772249595937,0.0001,1.0153932575858399e-05,0.006216483020805922,0.0004666171151139232,21610,0.27426520411875177
235,0.27696986036979987,0.28024242789534737,0.0030747902315998213,0.0001,9.100362524453452e-06,0.005919338776953581,0.0004791495718283266,21432,0.27696986036979987
236,0.28642962131256955,0.28109657598737114,0.003236355538058562,0.0001,9.781991574931744e-06,0.006045066099752321,0.0004855910001545333,21103,0.28642962131256955
237,0.2704261786235625,0.2820318911452533,0.003381432188480482,0.0001,1.0462454014062096e-05,0.006188179109257029,0.0004736649823675281,21803,0.2704261786235625
238,0.27665175352892923,0.282838606376412,0.0033710117542054135,0.0001,1.0915447200502835e-05,0.006476065938889454,0.0004588054853092462,21501,0.27665175352892923
239,0.2804383863601042,0.2837451326780942,0.0034076250121055627,0.0001,1.0669734951893693e-05,0.006262270592561996,0.00048042393765596655,21278,0.2804383863601042
240,0.27690304076456734,0.284521123396369,0.0033321936644111825,0.0001,1.07098013163085e-05,0.006428078554192305,0.00045958913563419273,21491,0.27690304076456734
241,0.284918302215722,0.2852999445737612,0.003197908272561392,0.0001,9.984856119067719e-06,0.006244616960867525,0.0004645108292602902,21173,0.284918302215722
242,0.28201700194637097,0.28603922785225455,0.0030415837539254083,0.0001,9.129089076340908e-06,0.006002852339383446,0.0004933722753129976,21319,0.28201700194637097
243,0.28426519447002857,0.28682111074475014,0.003194539518135331,0.0001,9.720610498293966e-06,0.006085766316622646,0.0004874885308362508,21080,0.28426519447002857
244,0.28391588153987557,0.28763885531570565,0.0032276421610605596,0.0001,9.692947724958629e-06,0.006006209636184487,0.0004586571539641174,21237,0.28391588153987557
245,0.2893607407069499,0.2883888558481491,0.003117333832160804,0.0001,9.693985908118092e-06,0.006219408270046348,0.0004948076334173419,20976,0.2893607407069499
246,0.2882525686875884,0.2890325196114183,0.0028439788909133666,0.0001,8.1828958241358e-06,0.005754540478679711,0.000482247200723068,20989,0.2882525686875884
247,0.29191461470228575,0.2897778305848878,0.00304557739792096,0.0001,9.61430227220595e-06,0.006313615460089164,0.00047569938019634473,20869,0.29191461470228575
248,0.28939364615875607,0.29057534339185875,0.003262290095584357,0.0001,1.0113929304657452e-05,0.006200508850115487,0.0004971591851838529,21039,0.28939364615875607
249,0.28788532266769734,0.2913561510254121,0.00321454046349413,0.0001,9.647251319104654e-06,0.006002258443260234,0.000504360073722402,20990,0.28788532266769734
250,0.29680199206514624,0.29224726643636556,0.003476334627726363,0.0001,1.083896129737992e-05,0.00623585612899927,0.0004985739473445431,20736,0.29680199206514624
251,0.29084923198926554,0.2929558220829905,0.0030645681299317352,0.0001,9.290356157772099e-06,0.0060630769256084655,0.00047808166316858807,20962,0.29084923198926554
252,0.2939041396575931,0.2936767340570018,0.002986298097151193,0.0001,8.278965995060788e-06,0.0055446346786066575,0.0005012536322756392,20808,0.2939041396575931
253,0.29484206053795436,0.2943475930712141,0.0028464134837871535,0.0001,8.406457798428815e-06,0.005906701781951946,0.0005048938604295143,20927,0.29484206053795436
254,0.28345020703194723,0.29507015313509755,0.0030015705044197276,0.0001,8.995099540160404e-06,0.005993595370766986,0.0005015768368254192,21181,0.28345020703194723
255,0.2976538125964959,0.2958822458897824,0.0033607145886237894,0.0001,1.015442117494848e-05,0.006043013119484632,0.0004813260378302074,20613,0.2976538125964959
256,0.3021896441809866,0.29665769235859407,0.0032196788011412242,0.0001,9.66960768502116e-06,0.006006566668447634,0.0005010031259813406,20406,0.3021896441809866
257,0.2991848691037304,0.29737079445599335,0.003182205670707726,0.0001,9.545805018041876e-06,0.005999489665869948,0.0005084576119457685,20592,0.2991848691037304
258,0.29302658139569937,0.2979886818294822,0.0029947055839922264,0.0001,8.753894772823416e-06,0.005846247337044495,0.0004889102256107974,20726,0.29302658139569937
259,0.2882524376865052,0.2987064689797835,0.0030671178926771495,0.0001,8.579755339789776e-06,0.005594669419310057,0.00048598797474458085,20942,0.2882524376865052
260,0.30751098973839674,0.2994351501666438,0.0031233904517836133,0.0001,9.027966887421922e-06,0.005780876279663658,0.0005112666327978111,20239,0.30751098973839674
261,0.29083628393624394,0.30020596161201507,0.0032874261432223237,0.0001,1.0025410300509181e-05,0.00609924595335992,0.0004773933140093696,20806,0.29083628393624394
262,0.30121935768792796,0.3009799141090129,0.003235483145985526,0.0001,9.537957907776278e-06,0.005895847684826079,0.0004942340561146239,20522,0.30121935768792796
263,0.3037484488972845,0.30171584140598234,0.0029819799578559045,0.0001,8.791798946164244e-06,0.005896618401476919,0.0005017175948941533,20423,0.3037484488972845
264,0.3030013027505332,0.30249795385013367,0.0032081062431766117,0.0001,9.05139984405563e-06,0.005642830478764373,0.0004808898707457561,20269,0.3030013027505332
265,0.3080652633178099,0.3032874793753382,0.003287324722443285,0.0001,9.628430225306344e-06,0.005857912459679414,0.00048424659828494993,20258,0.3080652633178099
266,0.3079362356180268,0.3040711602324813,0.0033925690838409422,0.0001,1.0462146128305078e-05,0.006167683469225169,0.0005028335224317802,20178,0.3079362356180268
267,0.30875110467106104,0.3047665155458496,0.003065319252344166,0.0001,8.718441196349137e-06,0.005688439264315984,0.000505460685568589,20167,0.30875110467106104
268,0.3024555327457252,0.3054811431590696,0.003112494016967133,0.0001,8.877314197970237e-06,0.005704309244983188,0.0005182569831337906,20448,0.3024555327457252
269,0.30425973437694454,0.3061653857547469,0.003045791796344782,0.0001,8.576118136096704e-06,0.005631453959780704,0.0005310040597468768,20339,0.30425973437694454
270,0.3079538741195625,0.3068988808996286,0.0032001063931026094,0.0001,9.314578554022747e-06,0.005821418046661851,0.0005258377642809194,20274,0.3079538741195625
271,0.31148924371015463,0.3074691699479427,0.0029585002693485333,0.0001,8.388941665767325e-06,0.005671077168848518,0.0005113193512326344,20140,0.31148924371015463
272,0.3141334037560831,0.30811430694617575,0.003054635988848125,0.0001,8.827578341823949e-06,0.005779790701119021,0.0005217846334803097,19964,0.3141334037560831
273,0.30816654270039545,0.3087109041151458,0.002841551898416472,0.0001,7.489268659464427e-06,0.005271252419241762,0.0005142596304404988,20275,0.30816654270039545
274,0.30762319395618964,0.309418115775396,0.0031330604011426825,0.0001,8.749370395158958e-06,0.005585191011298669,0.0005130367167280078,20210,0.30762319395618964
275,0.3209451805153875,0.3100453382826637,0.002907861261429783,0.0001,8.352953692284886e-06,0.005745084060975985,0.0005421480248762971,19723,0.3209451805153875
276,0.3083144464997565,0.3108240135107275,0.003400326999674293,0.0001,1.0092151764748634e-05,0.005935988959717891,0.0005122227812687427,20105,0.3083144464997565
277,0.30610746144146667,0.3114571476827026,0.0029161482784360792,0.0001,8.494058239732803e-06,0.0058255324686631756,0.0005385581757346965,20288,0.30610746144146667
278,0.30874530897555424,0.3120999125543147,0.0029948597334275365,0.0001,8.816332130298073e-06,0.005887642771308035,0.0005304992417423109,20164,0.30874530897555424
279,0.3133248683738002,0.31281140919620587,0.0032218790347151183,0.0001,9.275093268290784e-06,0.0057575676605815815,0.0004952350147573608,19993,0.3133248683738002
280,0.3047457502158347,0.3133962604116268,0.003082847679459237,0.0001,8.808512362632287e-06,0.005714529732573356,0.0005501894807354944,20248,0.3047457502158347
281,0.31822921976409196,0.31395792324688243,0.0028908010827227,0.0001,8.3659171082001e-06,0.00578795764136124,0.0005173265588200238,19769,0.31822921976409196
282,0.3079884887088344,0.31468113900020117,0.0032999914032191564,0.0001,9.433098306296747e-06,0.00571704416993009,0.0005550091950029016,20153,0.3079884887088344
283,0.31649182185516167,0.3153880259277384,0.003344151671977921,0.0001,1.0148793316039635e-05,0.00606957716725633,0.0005300832840268612,19874,0.31649182185516167
284,0.31555369690465424,0.315977102840047,0.0029168188905287456,0.0001,7.900284144881363e-06,0.00541705497762272,0.0005280450579459423,19888,0.31555369690465424
285,0.3140462169899504,0.31649179877986194,0.0027861951407286193,0.0001,7.979392468598484e-06,0.0057278058897998006,0.0005257593825375577,19866,0.3140462169899504
286,0.31404013623563676,0.31710287439175505,0.002846177217941294,0.0001,7.834599169907803e-06,0.005505348802963684,0.0005151391666122748,20005,0.31404013623563676
287,0.3155257598678326,0.317866178837916,0.0035410603165127418,0.0001,1.0779812329093221e-05,0.006088465807162104,0.0005338099013299539,19919,0.3155257598678326
288,0.31381490968019243,0.3184646357583766,0.003044009170489409,0.0001,8.583774367098197e-06,0.00563978219928826,0.0005386124240284579,19904,0.31381490968019243
289,0.3188780829618153,0.3190407844455936,0.0030788061367220203,0.0001,8.953461814603625e-06,0.0058161907031511265,0.0005322573178897641,19822,0.3188780829618153
290,0.3257555887608192,0.31959755255129885,0.0028978017815750423,0.0001,7.703851762671071e-06,0.005317031559338607,0.0005235877221565141,19614,0.3257555887608192
291,0.32184376888336486,0.3202700416438946,0.0031871437976825853,0.0001,9.578688443727092e-06,0.0060108291635237055,0.0005191197923675265,19662,0.32184376888336486
292,0.32588983485089196,0.32087998742060364,0.003087723810775638,0.0001,8.619494618532765e-06,0.005583073582198105,0.0005410729786398429,19518,0.32588983485089196
293,0.319591036764365,0.32154388758204744,0.0031888157218976877,0.0001,8.856804346794127e-06,0.005554917636647486,0.000519978170432685,19773,0.319591036764365
294,0.32504590736164823,0.3221778314967306,0.0032264687430940465,0.0001,9.217527434219562e-06,0.005713693928663534,0.0005292988500940494,19438,0.32504590736164823
295,0.3108647610168253,0.32272969527076856,0.002714868762543132,0.0001,7.158343986700412e-06,0.005273436480955263,0.0005262873553233956,20098,0.3108647610168253
296,0.31938766744091535,0.3233688363509659,0.0031308087199005915,0.0001,8.678755826648804e-06,0.005544098412326111,0.0005219211807253626,19751,0.31938766744091535
297,0.31177607546286984,0.3239319984277288,0.0029217532731248817,0.0001,7.670678687785904e-06,0.005250736780783641,0.000512349095816917,19952,0.31177607546286984
298,0.31435935155650147,0.3244378696485344,0.0027113750182892423,0.0001,7.163678459473914e-06,0.005284166455139709,0.0005121601947220743,19961,0.31435935155650147
299,0.3183949527554323,0.32503310797684964,0.0030453510832142675,0.0001,8.23754886883906e-06,0.005409917374875935,0.0005193177037209719,19858,0.3183949527554323
300,0.31714886291499933,0.3256113460282126,0.00303780424655398,0.0001,8.300297739244995e-06,0.005464669258172692,0.0005102215697353276,19764,0.31714886291499933
301,0.3280868999775116,0.3262709257370434,0.003193554664466968,0.0001,8.612978950655277e-06,0.0053939762149603655,0.0005238989139006686,19306,0.3280868999775116
302,0.327059230150036,0.32683829462293507,0.003006339825477784,0.0001,8.032134637697086e-06,0.0053434642149415516,0.0005367120101468644,19412,0.327059230150036
303,0.33348010174398646,0.3274094810792675,0.0029867622525381575,0.0001,8.473673128821173e-06,0.0056741530877593115,0.0005602317016125246,19128,0.33348010174398646
304,0.32501003454961486,0.3280009052331615,0.003112530705089271,0.0001,8.664766829709913e-06,0.005567666732117522,0.0005374957827533373,19486,0.32501003454961486
305,0.32658216665006046,0.32860730335582966,0.0030513562880156043,0.0001,8.002941477331841e-06,0.005245497884834952,0.000519364948502734,19434,0.32658216665006046
306,0.3309233157880497,0.3291827698462989,0.002925800122604762,0.0001,7.508507417218803e-06,0.005132618157479724,0.0005314686472039826,19273,0.3309233157880497
307,0.3306725663224557,0.3297337086072871,0.002817905165691409,0.0001,7.389886288792105e-06,0.005244950311859698,0.0005288245577168462,19339,0.3306725663224557
308,0.326238339345465,0.3303975429271924,0.0033053958558472655,0.0001,9.116720822355559e-06,0.005516265657699077,0.0005452227271783678,19521,0.326238339345465
309,0.3294743985040654,0.3309170467366873,0.002759461780124825,0.0001,6.842117524742224e-06,0.004959023222588514,0.0005360755586339436,19398,0.3294743985040654
310,0.33910500918650416,0.33148121464389096,0.0031205588505926244,0.0001,8.502119547634468e-06,0.005449100596849716,0.0005471350594627914,18940,0.33910500918650416
311,0.3379358526612898,0.33204230655730615,0.0028842526792424226,0.0001,7.802344641225639e-06,0.005410305898216243,0.000549610812146695,19041,0.3379358526612898
312,0.33829946089600216,0.332578741533623,0.0028463883525437694,0.0001,7.599335516395053e-06,0.005339633651608822,0.0005463767878324569,18889,0.33829946089600216
313,0.3291670447500291,0.33308341083255605,0.002838558742983801,0.0001,7.712849263708029e-06,0.00543434183475839,0.0005461090394117191,19367,0.3291670447500291
314,0.33942245426622775,0.3335514020973198,0.0029313056981807584,0.0001,7.854207633807732e-06,0.005358845813101136,0.0005482742528689725,18895,0.33942245426622775
315,0.3336354965230105,0.3341064213807299,0.003060306624103792,0.0001,8.201716208358303e-06,0.005360061729605389,0.000559090629609733,19263,0.3336354965230105
316,0.33115461895787024,0.33464728096411156,0.0028632012679561157,0.0001,7.047494322818951e-06,0.004922807489429323,0.0005375281856591503,19333,0.33115461895787024
317,0.33714886332807115,0.3351325000209893,0.002892627502207625,0.0001,7.395285350374578e-06,0.005113195767329578,0.000527940960892958,19022,0.33714886332807115
318,0.32857898821989884,0.33562874896207506,0.0027323531437801725,0.0001,7.126024625920784e-06,0.005216034861483555,0.0005388334696384848,19348,0.32857898821989884
319,0.33687161540871435,0.3361236762363027,0.0027802236669656586,0.0001,7.023911652217364e-06,0.005052767326366425,0.0005386985150426626,19021,0.33687161540871435
320,0.32752550291341764,0.33654753468877907,0.0026577029111474874,0.0001,6.809743860152193e-06,0.005124533544806199,0.0005393043597233199,19376,0.32752550291341764
321,0.3315581650553865,0.3370877965437624,0.003020300754687388,0.0001,8.011017744328e-06,0.005304781473762316,0.0005416379049795855,19224,0.3315581650553865
322,0.3403041098486603,0.337608753259398,0.0028372439512276367,0.0001,7.247478384628541e-06,0.005108815815074807,0.0005418822328766323,18949,0.3403041098486603
323,0.3425673405790055,0.3382083847008912,0.0032705005994848016,0.0001,8.985081503154853e-06,0.005494621529542151,0.0005580358142340644,18844,0.3425673405790055
324,0.3330529821653488,0.3386676740608684,0.0026846820506034783,0.0001,6.716870569230595e-06,0.005003848085266363,0.0005501237505416897,19221,0.3330529821653488
325,0.34062051458387943,0.3391798223131904,0.002832668812513809,0.0001,7.342601553805938e-06,0.005184228753724202,0.0005370201470638884,18971,0.34062051458387943
326,0.34178596667065253,0.3397831699069749,0.0031600570802974544,0.0001,8.010777819180447e-06,0.005070020962043127,0.0005448667758825031,18951,0.34178596667065253
327,0.338890371211149,0.3402834391479996,0.00290134275999977,0.0001,7.198351129294087e-06,0.004962082542287874,0.0005674871561073817,18976,0.338890371211149
328,0.3506198194438209,0.3407496701270838,0.003142719748309532,0.0001,8.77642040754158e-06,0.005585238971602487,0.000563732627661438,18525,0.3506198194438209
329,0.3461164533216762,0.34129767766352814,0.0030173628360249073,0.0001,7.711610706462393e-06,0.00511149048062229,0.0005486696546385017,18636,0.3461164533216762
330,0.3329910247381368,0.3417884922946181,0.0029202342176086206,0.0001,7.469155394721675e-06,0.005115449541467372,0.000539583943017854,19164,0.3329910247381368
331,0.3530770815031027,0.34229609307839987,0.0028884376679687547,0.0001,7.066186085009313e-06,0.004892739187948957,0.0005607696387709604,18372,0.3530770815031027
332,0.34153162102065815,0.3427361307137637,0.0028938532991072937,0.0001,7.44905414184386e-06,0.005148190576309981,0.000544497179940391,18885,0.34153162102065815
333,0.3439724906670117,0.34308826455170194,0.0025779111159419553,0.0001,6.704522658547387e-06,0.0052015157676199315,0.0005830833164859582,18765,0.3439724906670117
334,0.33910164688410444,0.343538786504622,0.0027982044883046258,0.0001,6.896153616993223e-06,0.004928984744193203,0.0005448123261487248,19019,0.33910164688410444
335,0.33364114271417133,0.34393236719022524,0.0025895896946409726,0.0001,6.352457719252235e-06,0.0049061499838359175,0.0005431871214341176,19126,0.33364114271417133
336,0.3453779831555689,0.34435554770414695,0.0027474564189064483,0.0001,6.690601231590267e-06,0.004870396622526432,0.0005534926477794933,18651,0.3453779831555689
337,0.3505059165583796,0.3448528616640598,0.0030363313911179798,0.0001,7.8843084622648e-06,0.005193312222327478,0.0005488939891682248,18582,0.3505059165583796
338,0.35297966891259575,0.3454413897607309,0.003162413050199931,0.0001,8.034792868655873e-06,0.005081431641668631,0.0005479730298326843,18371,0.35297966891259575
339,0.35024585885804477,0.34590527328760534,0.002964453683336347,0.0001,7.62844827642297e-06,0.005146613232180797,0.0005695292966141767,18520,0.35024585885804477
340,0.3491932396532809,0.3464077893521107,0.002990553427126733,0.0001,7.640513935927647e-06,0.005109765882543357,0.0005442956646791352,18552,0.3491932396532809
341,0.3383365999722476,0.3469567074075651,0.0030950941807348464,0.0001,7.789272794339677e-06,0.005033302600498137,0.0005372482911965156,18917,0.3383365999722476
342,0.34583377701141815,0.34748051323365003,0.002873388749795605,0.0001,6.816331225893216e-06,0.004744454593119769,0.0005526149431636688,18786,0.34583377701141815
343,0.3419265191658174,0.34781162738115445,0.0024327100542717948,0.0001,5.7452768065907e-06,0.004723355170503858,0.000541725668686148,18814,0.3419265191658174
344,0.3408459051547241,0.3483260397072651,0.0030699369172363274,0.0001,7.822334306179599e-06,0.005096087976440611,0.000583632078645666,18811,0.3408459051547241
345,0.34670931246095904,0.3488190128017967,0.002967297389903747,0.0001,7.414481365093828e-06,0.004997464285394284,0.0005667560571639709,18690,0.34670931246095904
346,0.35143740471098334,0.3492570764835653,0.002801847164773718,0.0001,6.765109808692378e-06,0.004829035568925288,0.0005685658144520446,18400,0.35143740471098334
347,0.3460185801504129,0.34974831994166944,0.0029237398075224693,0.0001,7.101041917948735e-06,0.004857506061023977,0.0005642925629044009,18659,0.3460185801504129
348,0.34994186736164423,0.35016571888012005,0.0027608842258620837,0.0001,6.5072298281863315e-06,0.0047138737417752145,0.0005412339557263805,18554,0.34994186736164423
349,0.34543518281768554,0.35063348879764406,0.00294730396626524,0.0001,7.460738320744191e-06,0.005062754575801883,0.000548011928058063,18597,0.34543518281768554
350,0.34296370320662284,0.351034484065197,0.00277000681615413,0.0001,6.656525685982641e-06,0.004806143903446811,0.0005514156913373703,18696,0.34296370320662284
351,0.3517705792303806,0.35151930865876313,0.002883908872273317,0.0001,6.891747867698017e-06,0.004779449124732858,0.0005589537642274464,18415,0.3517705792303806
352,0.34774038015900155,0.35199177329898323,0.002925385917021027,0.0001,7.2144664454213416e-06,0.00493231775229708,0.0005678809895918735,18551,0.34774038015900155
353,0.34735252802061267,0.35242566578873863,0.002745313676208238,0.0001,6.42335776202726e-06,0.00467950734933798,0.0005562835647031914,18651,0.34735252802061267
354,0.349626198893652,0.3529238399989463,0.0029733217480737476,0.0001,7.1050610058459825e-06,0.004779207639031304,0.0005203308401259167,18588,0.349626198893652
355,0.36204784797628276,0.35341019116369043,0.002979303743027419,0.0001,7.291709500635965e-06,0.004894908427984918,0.0005400406573665379,18097,0.36204784797628276
356,0.3489167246596403,0.35386495231275805,0.0027464304005554987,0.0001,6.177509557189713e-06,0.004498573534534308,0.0005350635548112822,18632,0.3489167246596403
357,0.3522586755917726,0.35426771070697755,0.0027449709393041217,0.0001,6.515081223225053e-06,0.004746921819781955,0.0005471158788675557,18318,0.3522586755917726
358,0.3548803503751134,0.3547455041053603,0.0029938873392622452,0.0001,7.419237020228803e-06,0.004956256651966771,0.0005661199174518521,18398,0.3548803503751134
359,0.3533139099553556,0.3551757468353842,0.0027364193438961233,0.0001,6.5528705830486435e-06,0.004789376012609708,0.0005526239429812473,18425,0.3533139099553556
360,0.34944296301749833,0.35550121181023364,0.002630871697876327,0.0001,6.425808537514166e-06,0.004884927336214199,0.0005730505813706967,18564,0.34944296301749833
361,0.35672617913024257,0.35597237335983245,0.0029778686147127593,0.0001,7.409125468961148e-06,0.004976126503603866,0.0005672813304004544,18191,0.35672617913024257
362,0.3543540122416804,0.35633400479925426,0.0027694395353907754,0.0001,6.946858723421499e-06,0.0050167975394640844,0.0005730408718001539,18262,0.3543540122416804
363,0.35489425078584297,0.3567767201808847,0.0028779531351948388,0.0001,6.945623833703285e-06,0.004826780359113152,0.0005671162564453326,18241,0.35489425078584297
364,0.36245832113887777,0.357209102286022,0.0029098371249493033,0.0001,7.026956957030821e-06,0.00482979400928033,0.000544987808703706,18078,0.36245832113887777
365,0.354285654618059,0.3576019625738389,0.0028771886861631733,0.0001,7.117191152543759e-06,0.004947323188619075,0.0005989934506693188,18342,0.354285654618059
366,0.3585870338270061,0.3579854053114898,0.0028108034569750214,0.0001,6.667598456871835e-06,0.004744265160430311,0.0005791793663211848,18027,0.3585870338270061
367,0.35216949614523096,0.35826059262329146,0.0026157636294798117,0.0001,6.3913782800519954e-06,0.004886816383575933,0.0005388031366886921,18446,0.35216949614523096
368,0.3574428033500444,0.3587023422404486,0.002817804306894382,0.0001,6.479565264123823e-06,0.004599017219379027,0.000554743779164871,18199,0.3574428033500444
369,0.3527085977992963,0.3590279257988205,0.0026332390310181667,0.0001,6.3193987792178805e-06,0.004799715259251968,0.0005633867040566974,18430,0.3527085977992963
370,0.36605368887523,0.3594945679019249,0.0030347094740750544,0.0001,7.524514894079573e-06,0.004958968862331022,0.0005784982103973993,17994,0.36605368887523
371,0.36224564275838517,0.3599269396167988,0.002858402173302327,0.0001,6.6854960967763955e-06,0.0046777854839458125,0.000586726009145524,17987,0.36224564275838517
372,0.35262622702117485,0.36036501775264185,0.002955248064963158,0.0001,7.2102567382809445e-06,0.004879628768741505,0.0005726946911302984,18328,0.35262622702117485
373,0.3621369721591551,0.36068896565814773,0.002586852952026656,0.0001,5.8894537067709885e-06,0.004553373396935397,0.0005902199442524489,18079,0.3621369721591551
374,0.354010076794396,0.361061423855385,0.002770029930099551,0.0001,6.697654604413564e-06,0.004835799448688888,0.0005553050422681155,18325,0.354010076794396
375,0.36222216151381104,0.361503074730253,0.002960347028167534,0.0001,7.150634084871426e-06,0.0048309431406747564,0.000554114406745281,18034,0.36222216151381104
376,0.35975018240219125,0.3619317963005142,0.0029788317821596343,0.0001,7.272759489362141e-06,0.004882960852585934,0.0005713785077780457,18072,0.35975018240219125
377,0.3641666552869183,0.36235576088392935,0.0028821926477809834,0.0001,6.6867796817315616e-06,0.0046400643530055165,0.0005624399970548775,18026,0.3641666552869183
378,0.3697441608547923,0.3626963002344743,0.0026137415710760776,0.0001,6.020220533350093e-06,0.004606592021162649,0.0005662556344454533,17752,0.3697441608547923
379,0.35565629041013275,0.3631297848856324,0.0028511697534687928,0.0001,6.465705819257726e-06,0.004535475877149309,0.0005514070487510074,18156,0.35565629041013275
380,0.3644587911831554,0.36354131776533904,0.002898705620735334,0.0001,6.939568459415841e-06,0.0047880463678512016,0.000563472313495632,17959,0.3644587911831554
381,0.36555834058202197,0.36389243762691215,0.0025675781781353763,0.0001,5.450142670597451e-06,0.00424535674668761,0.0005631534467173327,17838,0.36555834058202197
382,0.3646671165561748,0.3642904844144861,0.0028537279639747858,0.0001,6.790728721249186e-06,0.00475919835876072,0.0005613405669912165,17958,0.3646671165561748
383,0.37383250955759056,0.3646388039459034,0.0025473655154818124,0.0001,5.665045444129549e-06,0.004447768025200776,0.0005449619551964641,17539,0.37383250955759056
384,0.37162102753095333,0.36506199065511663,0.0028838475713743256,0.0001,6.684578668302637e-06,0.0046358751652862415,0.0005721742736881196,17755,0.37162102753095333
385,0.36892456688679764,0.36539556929286265,0.002721646594329753,0.0001,6.334145938513604e-06,0.004654642488639112,0.0005548456734869896,17761,0.36892456688679764
386,0.36970112412002126,0.3657459447426302,0.0026782653667281682,0.0001,6.442368691140995e-06,0.0048108516588191135,0.0006002577357517164,17705,0.36970112412002126
387,0.35626012509052724,0.36617752538886517,0.00289255711163272,0.0001,6.716697672443133e-06,0.004644124498307213,0.0005614547866172658,18323,0.35626012509052724
388,0.36725547349242027,0.36655710632420513,0.002799676819021302,0.0001,6.438436271166687e-06,0.00459941392336663,0.0005959988731186532,17737,0.36725547349242027
389,0.3691110612917164,0.3669781811223939,0.0029197921946875357,0.0001,6.815617145850711e-06,0.004668563165729053,0.0005896796647046907,17714,0.3691110612917164
390,0.3727481589985167,0.3673797804669754,0.0027648458586555335,0.0001,6.413293522694927e-06,0.00463916894507351,0.000562690966250388,17613,0.3727481589985167
391,0.36477751723160634,0.3676834105453174,0.0027253381962554684,0.0001,6.431902639609591e-06,0.004720076685122476,0.0006060375579845053,17925,0.36477751723160634
392,0.37167196761552856,0.3680944970568186,0.0029248530240034228,0.0001,6.759670164740828e-06,0.0046222289525430305,0.0005537318081119474,17581,0.37167196761552856
393,0.37109891231219083,0.36844735473566076,0.0027038906898369333,0.0001,6.4024386768824135e-06,0.004735723009030763,0.0005805674544530062,17630,0.37109891231219083
394,0.36880320028179175,0.3687491603631473,0.00241633401162984,0.0001,4.973703114252274e-06,0.004116734764576248,0.0005830877277250919,17720,0.36880320028179175
395,0.3765441970906743,0.3691086170158402,0.0027614671982473505,0.0001,6.251378641047158e-06,0.004527577691319156,0.0005779766460446681,17422,0.3765441970906743
396,0.3683328566885148,0.36946165560110145,0.0026975927847705914,0.0001,6.051151077270208e-06,0.004486333972593874,0.0005796159619284145,17684,0.3683328566885148
397,0.37234844322480487,0.36978034960263356,0.0025076424599727283,0.0001,5.550689161493692e-06,0.004427018006031097,0.0005912466877933784,17421,0.37234844322480487
398,0.3706847042669678,0.3701028765878011,0.0024974471350388485,0.0001,5.442840235914333e-06,0.004358723081303315,0.0005840287388410618,17654,0.3706847042669678
399,0.3744276535738582,0.3704291010315087,0.002755275180935286,0.0001,6.507122854697065e-06,0.004723392349136034,0.0005724017559892588,17635,0.3744276535738582
400,0.3656216947172985,0.3707560175911116,0.0026291137437885405,0.0001,5.996323794973501e-06,0.004561479174600355,0.0005792427552848843,17870,0.3656216947172985
401,0.3714049688543934,0.37109471551487905,0.0026246483972986786,0.0001,5.847381145556606e-06,0.004455744359187162,0.0005794558232841204,17666,0.3714049688543934
402,0.3754330315166287,0.37142658082370006,0.0028429780535183867,0.0001,6.7654818702237145e-06,0.004759433061293562,0.0005822562573253521,17536,0.3754330315166287
403,0.37831545335870814,0.37168944560093353,0.002604182907496266,0.0001,5.9020409969644085e-06,0.00453273921733769,0.0005963803889606495,17404,0.37831545335870814
404,0.36388562397217006,0.37195743910615525,0.0023858882469189155,0.0001,4.8842450628464205e-06,0.004094278153349244,0.0005790064703966834,17923,0.36388562397217006
405,0.371830915671119,0.37230221625134585,0.002657275040279654,0.0001,6.021168720117339e-06,0.004531837035193517,0.0005724950081735169,17639,0.371830915671119
406,0.37388036548465625,0.3726567930655764,0.0026863980245167675,0.0001,5.644544352714523e-06,0.004202314252170336,0.0005617353264326106,17571,0.37388036548465625
407,0.3743576693460473,0.3730036837763382,0.0026141434368953777,0.0001,5.6673182980012375e-06,0.004335889315034593,0.000579890545202338,17514,0.3743576693460473
408,0.3790828157567234,0.3733537475090497,0.0027187853312406543,0.0001,5.993731828513468e-06,0.004409124736433948,0.0005559846952276253,17340,0.3790828157567234
409,0.3694251839070868,0.3736595339060089,0.002563961244882228,0.0001,5.448079691293976e-06,0.004249736381287796,0.0005536418948533632,17669,0.3694251839070868
410,0.3701236498744781,0.37403673877889165,0.0029118842100827633,0.0001,6.786938651074516e-06,0.004661544320734932,0.0005791078730573247,17567,0.3701236498744781
411,0.3681332737104604,0.3743188095046883,0.002603560354302186,0.0001,5.742320286204711e-06,0.004411128996273094,0.0005754767299191023,17783,0.3681332737104604
412,0.3776707552943907,0.37462866066266864,0.002557406424294421,0.0001,5.48547827866883e-06,0.004289876045167325,0.0005674821906468409,17501,0.3776707552943907
413,0.36973509868508514,0.37493981865829273,0.0025820398283311788,0.0001,5.632738926612673e-06,0.004363014748888066,0.0005482905644709385,17711,0.36973509868508514
414,0.3723764512360078,0.37525889800795265,0.002578744703526041,0.0001,5.3670891751301585e-06,0.004162559533552493,0.0005902949249554674,17692,0.3723764512360078
415,0.3731014726006397,0.37565697031045414,0.002963029592685425,0.0001,6.736897684053859e-06,0.0045473036791024,0.000578256529540777,17541,0.3731014726006397
416,0.3689132435843212,0.3759729924917604,0.0028352074285686846,0.0001,6.6316424995989915e-06,0.004678065126929273,0.0005907464462125594,17658,0.3689132435843212
417,0.3741585135762952,0.37631975245980875,0.0026643711062935434,0.0001,5.871696019248991e-06,0.004407566202305217,0.0005736269705377422,17505,0.3741585135762952
418,0.38298201268212795,0.37658072192072417,0.0024480903094087746,0.0001,4.9922560664242866e-06,0.00407849011716397,0.0005556209275399356,17258,0.38298201268212795
419,0.3808088155452753,0.37692184900804343,0.0027015277780328343,0.0001,6.049590323636362e-06,0.00447864380505573,0.0005923605249162902,17211,0.3808088155452753
420,0.3771201092701237,0.37722239241022426,0.0026328140207250057,0.0001,5.567290944703467e-06,0.004229156257053345,0.0005667438656987404,17486,0.3771201092701237
421,0.37740221896308146,0.37754532778961525,0.0026629088456895907,0.0001,5.643300422155535e-06,0.004238448065010005,0.0005646282615502506,17415,0.37740221896308146
422,0.3747140357109995,0.37780820394550313,0.0026519177066953743,0.0001,5.995706614990066e-06,0.004521789345010616,0.0005590164256798362,17516,0.3747140357109995
423,0.3776764536477808,0.37811398171622523,0.002706319610213668,0.0001,5.957875210115248e-06,0.004402935401739091,0.000592809844321443,17317,0.3776764536477808
424,0.3752048588848561,0.378417874828721,0.002598506530634959,0.0001,5.535925180123972e-06,0.004260851465915877,0.0005726629388063159,17394,0.3752048588848561
425,0.37258730144035884,0.37873399121464063,0.002733093575627196,0.0001,6.005558894950059e-06,0.00439469687280787,0.0005911656166786706,17553,0.37258730144035884
426,0.37940082333459124,0.37905463398935857,0.002684706548011916,0.0001,5.762227488008979e-06,0.004292631157230973,0.0005633716653825162,17243,0.37940082333459124
427,0.3851383038759356,0.3793930450801042,0.0027723650334004705,0.0001,6.035622414160679e-06,0.004354132548524918,0.0005660599574408699,17162,0.3851383038759356
428,0.36913359498215664,0.37971785267780983,0.002544034423552065,0.0001,5.329263810302609e-06,0.00418961611601286,0.0005509283333433224,17717,0.36913359498215664
429,0.3807957080256085,0.38004416059475205,0.0027521821814153018,0.0001,5.906361153734626e-06,0.004292129491731028,0.0005798069794089825,17261,0.3807957080256085
430,0.38238929294829654,0.38026042270408245,0.0024006111771246673,0.0001,4.9980873782087e-06,0.004164012419699853,0.0005835339233972347,17192,0.38238929294829654
431,0.3881871402341411,0.3805231401782351,0.002653774891990472,0.0001,5.801639198833351e-06,0.004372367239092999,0.0006090526630057227,16881,0.3881871402341411
432,0.3808917824794269,0.38076783263744957,0.0023427974470967192,0.0001,4.714810259879216e-06,0.0040249405818006,0.0005699308118451829,17228,0.3808917824794269
433,0.39102787622216384,0.3810779087152667,0.002662617284804307,0.0001,5.516753406703567e-06,0.004143857578171644,0.0005732631691193544,16835,0.39102787622216384
434,0.3786918369768265,0.38136929357287486,0.002546710574251181,0.0001,5.498808077941189e-06,0.004318361209583483,0.0006040767410738558,17271,0.3786918369768265
435,0.3737804968244084,0.38168142360028556,0.0026780498720799786,0.0001,5.604418728829218e-06,0.004185447617879048,0.0005865214940436219,17603,0.3737804968244084
436,0.3806552194213915,0.3819766066717354,0.0026301206724569878,0.0001,5.4843740858072185e-06,0.004170435328873229,0.0005700775739563523,17181,0.3806552194213915
437,0.3778087284519062,0.3823510177729127,0.0028498562650906448,0.0001,5.943759715503458e-06,0.0041712698203847185,0.0005762118650616229,17373,0.3778087284519062
438,0.38125974846007904,0.38274786951579454,0.002935849117400269,0.0001,6.107185224814275e-06,0.004160421725093464,0.0005984631744120508,17262,0.38125974846007904
439,0.38863456827242604,0.38307257187549604,0.0026125551517710397,0.0001,5.502997724172311e-06,0.004212732290410675,0.0006042669727200421,16929,0.38863456827242604
440,0.37685543259622367,0.3833743346180124,0.0026570659906821545,0.0001,5.570329382850137e-06,0.004192842332395407,0.0005674822490213435,17457,0.37685543259622367
441,0.3861559972977957,0.3836311320101913,0.0025186010627487793,0.0001,5.416642598263678e-06,0.004301310500005905,0.0005792830720467736,17090,0.3861559972977957
442,0.381045952458575,0.38390396094252943,0.0025827547443570582,0.0001,5.430014316313018e-06,0.0042048238054169145,0.0005892852468323655,17217,0.381045952458575
443,0.3895915208386853,0.38410373861090796,0.0023709243162556215,0.0001,4.8210539954396105e-06,0.004066813910832427,0.0005873191512282849,17001,0.3895915208386853
444,0.37646342415055206,0.3843252537406956,0.0025941478258610915,0.0001,5.539160561865311e-06,0.004270504947054559,0.0005851189512843487,17442,0.37646342415055206
445,0.37617569778069604,0.38457235988008914,0.0025143215495261563,0.0001,5.25107805405302e-06,0.004176934374239148,0.0005726387025884178,17530,0.37617569778069604
446,0.383027136164649,0.38482989686183466,0.002549188209016975,0.0001,5.304045837596047e-06,0.004161360717764661,0.0005806125273399253,17181,0.383027136164649
447,0.3841892574241679,0.38514820388804216,0.0026906310400479864,0.0001,5.36874015514865e-06,0.00399069220211843,0.0005939652799609779,17181,0.3841892574241679
448,0.38904161944836646,0.38545179543202657,0.0026733287947264743,0.0001,5.621359430656298e-06,0.004205512948310165,0.0005788394984161267,17071,0.38904161944836646
449,0.3882298966768064,0.38564972036123685,0.002270684623958806,0.0001,4.519988106455401e-06,0.003981167669665254,0.0006047340184221507,16858,0.3882298966768064
450,0.38462704432494166,0.38595298863818844,0.002657543389060471,0.0001,5.361312806655087e-06,0.0040347885409694,0.000531823289328806,17125,0.38462704432494166
451,0.3963921707833793,0.3862564262978778,0.002605287612894668,0.0001,5.166604879165249e-06,0.003966245303277488,0.0005842498401934273,16682,0.3963921707833793
452,0.3845385221677306,0.3864965280246089,0.0023250148068926194,0.0001,4.589295473990105e-06,0.003947755911390253,0.0005873378352705366,17155,0.3845385221677306
453,0.38349847569982226,0.38674783466804674,0.002664333185671057,0.0001,5.821647113141006e-06,0.004370059378797045,0.0005891111661209162,17115,0.38349847569982226
454,0.38034868543167943,0.38706737274953745,0.0028171143602012767,0.0001,6.057346817201864e-06,0.004300391139796739,0.0005759759836214786,17262,0.38034868543167943
455,0.3886674849976295,0.38735539906246597,0.0025895371851885392,0.0001,5.211422129135294e-06,0.004024983428655311,0.0005629341684167617,16942,0.3886674849976295
456,0.3897427550275786,0.38761185824939354,0.0025512986769522837,0.0001,5.349224457213628e-06,0.004193334559796561,0.0006112064198983012,16973,0.3897427550275786
457,0.3876153963855269,0.38780592869355346,0.0024042142388492316,0.0001,5.076930027964581e-06,0.004223359088327033,0.000576055176996885,17011,0.3876153963855269
458,0.38515304030427683,0.3879306604119621,0.0022533378566511257,0.0001,4.893859132485109e-06,0.00434365323250574,0.0005721646715421552,16998,0.38515304030427683
459,0.3907217912941495,0.3881474529775577,0.002595433578406518,0.0001,5.834390640249295e-06,0.004495889001968878,0.0005928002736783108,16935,0.3907217912941495
460,0.3879257389500449,0.38846252355761635,0.0025565977095713226,0.0001,4.981043734506275e-06,0.0038966191011267633,0.0005746681961810763,17007,0.3879257389500449
461,0.3974803802547266,0.3887139477696749,0.0025312392840364977,0.0001,4.975004339715102e-06,0.0039308842677106375,0.0005576557223739191,16689,0.3974803802547266
462,0.3858218570949318,0.38891175089760743,0.0024893381696925775,0.0001,5.1168259805765945e-06,0.004110993068658485,0.0005972905739955062,17171,0.3858218570949318
463,0.39696800816068917,0.3892459035621404,0.002790409162035873,0.0001,5.627024404823253e-06,0.0040331177817075365,0.0006045388545383747,16610,0.39696800816068917
464,0.39982407265284586,0.38948482980680976,0.002483694615934304,0.0001,5.1265910667265465e-06,0.004128197592277706,0.0005944265054891333,16516,0.39982407265284586
465,0.3902264656113885,0.38974834096969213,0.0026038414784680785,0.0001,5.172857139415357e-06,0.003973250431864778,0.0005820040344960381,16858,0.3902264656113885
466,0.39183337453473105,0.39006989427932925,0.0028672027528719537,0.0001,6.10338024957826e-06,0.004257376108797863,0.0005689751020750236,16753,0.39183337453473105
467,0.3938943720292005,0.3903196962928265,0.002495088683846789,0.0001,4.936396031393378e-06,0.003956890240696948,0.0005889467535224447,16815,0.3938943720292005
468,0.3860495755025957,0.39056731073847706,0.0024834413996752203,0.0001,4.942074512567803e-06,0.003980021041135996,0.0005661863878750127,17055,0.3860495755025957
469,0.3868203034587605,0.39077470496051414,0.0024847394399798986,0.0001,4.935926812302295e-06,0.003972993492100103,0.000555784500990036,16904,0.3868203034587605
470,0.3939902451984554,0.39100868982822573,0.0025928515157988634,0.0001,5.386940796588289e-06,0.00415522505917857,0.0005762178202244677,16761,0.3939902451984554
471,0.386359386678168,0.3911535884327625,0.0022224271437931617,0.0001,4.32597592522067e-06,0.003893019339061208,0.0005749203168978935,17001,0.386359386678168
472,0.3974888835378566,0.3914264621554724,0.002618816985844044,0.0001,5.230870744803302e-06,0.0039948348991767305,0.0005791116228381615,16689,0.3974888835378566
473,0.39094454718275257,0.3916510082200222,0.002456470011787349,0.0001,4.864843512803363e-06,0.003960840954263196,0.000553317061825163,16678,0.39094454718275257
474,0.3886228090096866,0.3918808944070989,0.0024418783601733497,0.0001,4.755229965900332e-06,0.003894731239243839,0.0005786964403940438,16870,0.3886228090096866
475,0.39107142376846654,0.39223512686404594,0.0028016752056761658,0.0001,5.3888607787803715e-06,0.003846884726582578,0.000596774105665604,16847,0.39107142376846654
476,0.3905564479296115,0.39247543259987705,0.00262559807110076,0.0001,5.342170620026443e-06,0.004069298099222614,0.0005928630761463553,16937,0.3905564479296115
477,0.3929656077124384,0.392768555194599,0.00276632690488514,0.0001,5.6054279777498206e-06,0.004052614293597063,0.000580064596066185,16797,0.3929656077124384
478,0.39202651789938886,0.3930423153214348,0.002672172556723671,0.0001,5.3751582661254505e-06,0.004023062247683501,0.0005474142038858625,16841,0.39202651789938886
479,0.3961414515327503,0.39330788182202236,0.002669901690626629,0.0001,5.46400171862313e-06,0.004093035888029812,0.0005779074460700261,16521,0.3961414515327503
480,0.3873225692276209,0.39354811529054257,0.002660866994117811,0.0001,5.449427748588072e-06,0.004095979062940563,0.0005793597974227697,16940,0.3873225692276209
481,0.3913724444616863,0.393801452707116,0.0025519492363827354,0.0001,4.970510400431855e-06,0.00389546181371328,0.0005768882421178545,16840,0.3913724444616863
482,0.39344947728077573,0.3939849438676189,0.0023930512278638916,0.0001,4.6731992765926214e-06,0.003905640817195591,0.000590226755319337,16805,0.39344947728077573
483,0.3958627510828801,0.3942485941265382,0.002624615491296422,0.0001,5.1739468751958616e-06,0.003942632276882739,0.0005901226729109046,16642,0.3958627510828801
484,0.3896586924955761,0.39457581145745413,0.002690517369542155,0.0001,5.210977304473741e-06,0.003873587558634116,0.0005938466154088561,16915,0.3896586924955761
485,0.39186914817245866,0.39485806047695415,0.0025290918156248127,0.0001,4.837853355022947e-06,0.003825763323525488,0.0005797933629721804,16705,0.39186914817245866
486,0.39495376215626354,0.3951212453088381,0.002759101922674245,0.0001,5.804938152916227e-06,0.004207846114861765,0.0005706883810915914,16747,0.39495376215626354
487,0.40409475335588574,0.3953475378981638,0.002576162788220228,0.0001,5.4948292044364455e-06,0.004265902162364989,0.0006134073195225203,16363,0.40409475335588574
488,0.39714782902524826,0.39553866626913603,0.0024452391587480742,0.0001,4.900308037249235e-06,0.0040080398841298775,0.0005886445811932603,16583,0.39714782902524826
489,0.39197023920328505,0.3957885562478164,0.002537566267214117,0.0001,4.937665972554858e-06,0.003891654800389277,0.0005992069734451815,16902,0.39197023920328505
490,0.39584921038540427,0.39597116837106905,0.0025447208641611774,0.0001,5.121885299454254e-06,0.004025498726865348,0.0005732346475491829,16622,0.39584921038540427
491,0.3968601279590741,0.3961804727037923,0.0024860284000984916,0.0001,4.945879921620032e-06,0.003978940804879048,0.0005786090904142744,16641,0.3968601279590741
492,0.3904870936609904,0.39643763331175846,0.0024979344086967187,0.0001,4.889456516911798e-06,0.003914799764068136,0.0005770830630306727,16742,0.3904870936609904
493,0.40369188425868413,0.39669003094427213,0.002547364639850801,0.0001,5.091550676935489e-06,0.003997504399082575,0.0005810670295261717,16334,0.40369188425868413
494,0.39469872898240077,0.3968201031688351,0.0023133874483162436,0.0001,4.623673814997076e-06,0.003997319012310136,0.0005800264213131506,16765,0.39469872898240077
495,0.3960024662993543,0.3971284322164421,0.002768540841319177,0.0001,5.472630352857168e-06,0.003953440217446475,0.0006029034764268397,16656,0.3960024662993543
496,0.4020007117382962,0.39732673717046807,0.0023257886647733124,0.0001,4.196474329538179e-06,0.0036086462997249134,0.0005619508439578705,16414,0.4020007117382962
497,0.399315002595898,0.39760339213764156,0.0026079773309028334,0.0001,4.89149265817542e-06,0.0037511772822673077,0.0005883483154577496,16538,0.399315002595898
498,0.39681258450676604,0.3977769016591248,0.0022822743735895937,0.0001,4.193708460692266e-06,0.003675025675459292,0.000566074229450539,16563,0.39681258450676604
499,0.39667227852159137,0.397923408703771,0.00222248454789922,0.0001,4.312897681708638e-06,0.0038811497571808623,0.0005640602780124157,16778,0.39667227852159137
500,0.4000956343764573,0.39810247477645,0.0025101869608043295,0.0001,5.002959081404408e-06,0.003986124666826673,0.0005864249478782135,16445,0.4000956343764573
501,0.3936583862095061,0.3983270273188132,0.0024208657291950094,0.0001,4.752228478827717e-06,0.003926057047705769,0.0005593367061298188,16827,0.3936583862095061
502,0.3929807666205431,0.39855217604099646,0.0025608308465971136,0.0001,5.088824365403486e-06,0.003974354161006475,0.0005680220664092234,16666,0.3929807666205431
503,0.40044222502708027,0.39882182398878513,0.002624978615137798,0.0001,4.862356725968362e-06,0.0037046829242173554,0.0005458966261362322,16523,0.40044222502708027
504,0.40489333061769806,0.398918834329556,0.002071669900100167,0.0001,4.090090925517503e-06,0.003948593282472022,0.0005916871534898409,16357,0.40489333061769806
505,0.3967334517029529,0.3990951710214584,0.0024543055323196276,0.0001,4.932831203941291e-06,0.004019736857520868,0.000611515581640631,16584,0.3967334517029529
506,0.3997444281891758,0.3993744547610045,0.0026152114572699343,0.0001,5.160762009361152e-06,0.003946726368925107,0.0005964816688100368,16414,0.3997444281891758
507,0.39568954774882686,0.39958093089911495,0.0023393325801250387,0.0001,4.276314307240079e-06,0.003656012269116098,0.0005593621524808076,16708,0.39568954774882686
508,0.40390578134860966,0.39982890534332904,0.0025463401253854596,0.0001,4.831176879173221e-06,0.0037946045235743107,0.0005649931768759519,16312,0.40390578134860966
509,0.39818990651989045,0.40001601190658004,0.00247526021675942,0.0001,4.8364882584088964e-06,0.0039078624749528485,0.0005573611398608619,16597,0.39818990651989045
510,0.4080247524569952,0.40024764557647763,0.002500547775006487,0.0001,4.535549128160818e-06,0.0036276444493439463,0.0005780863770849596,16263,0.4080247524569952
511,0.39552504861980736,0.4004088026539414,0.0023530281718814588,0.0001,4.443489841269877e-06,0.0037768267242775126,0.0005862155881763944,16770,0.39552504861980736
512,0.3982679796508454,0.4007275437664242,0.002940638767335097,0.0001,5.909148245546302e-06,0.0040189555488322455,0.0005804374204738392,16494,0.3982679796508454
513,0.4072579125859782,0.400974924281143,0.0027446482052253507,0.0001,5.7253348465298145e-06,0.004171999045728144,0.0005717661655187653,16260,0.4072579125859782
514,0.40807846051355445,0.4011553578046063,0.0022996589109785057,0.0001,4.1731647336953395e-06,0.003629377133950404,0.0005629705566484796,16180,0.40807846051355445
515,0.3976127146250097,0.4013805508807744,0.002536460832352741,0.0001,4.908068416758395e-06,0.0038700131728080546,0.0005792554710872704,16609,0.3976127146250097
516,0.4007768054669548,0.40155954048209097,0.002507764694793684,0.0001,5.103028655028908e-06,0.004069782675881189,0.0005821141895441838,16512,0.4007768054669548
517,0.4030611592732763,0.401777302679984,0.0025155505288982647,0.0001,4.912335638428622e-06,0.003905575007932816,0.0005945532664433722,16310,0.4030611592732763
518,0.3991391098370239,0.401992601872168,0.002432926811196374,0.0001,4.705674201992221e-06,0.0038683236835046755,0.0005750811818674352,16575,0.3991391098370239
519,0.3944275009251941,0.40224636101070765,0.002541940385614206,0.0001,4.522869806132008e-06,0.0035585962847347833,0.0005623289736714232,16712,0.3944275009251941
520,0.40320646209924016,0.40236310491069527,0.0022542281270945762,0.0001,4.3818994137641175e-06,0.003887716031129331,0.0005775333039987572,16344,0.40320646209924016
521,0.40543079224115286,0.40258010217531426,0.0023523814454765152,0.0001,4.100034360293187e-06,0.003485858442028864,0.0005708577369116651,16326,0.40543079224115286
522,0.40328384232534653,0.402761114197231,0.0024193053636399502,0.0001,4.803580381395425e-06,0.003971040988532534,0.0005567986626134884,16316,0.40328384232534653
523,0.4052809490736219,0.40300737105337964,0.002622047306112626,0.0001,4.989361287211188e-06,0.003805698909840246,0.0005694601450809971,16231,0.4052809490736219
524,0.4025001118225364,0.40329138725608316,0.0027654703000879423,0.0001,5.353566046912544e-06,0.0038717219611740534,0.0005931796068344267,16453,0.4025001118225364
525,0.4030687003669988,0.403452043975818,0.0023854388997449527,0.0001,4.45043989803593e-06,0.0037313384119893106,0.0005905633367288568,16321,0.4030687003669988
526,0.3991553964018235,0.40356580877056436,0.0020561933936040977,0.0001,3.7472631790382355e-06,0.0036448547988669772,0.0005984938915376578,16446,0.3991553964018235
527,0.3991470612079548,0.4037952088754134,0.002622744598163532,0.0001,5.117886707329784e-06,0.0039026954518662413,0.0006001929244266129,16638,0.3991470612079548
528,0.4057164768315127,0.40404942878394634,0.0024749868110293493,0.0001,4.1996811175520976e-06,0.0033936997957621008,0.0005572314677305615,16284,0.4057164768315127
529,0.40187488186473397,0.4041712714703255,0.0020740855433960016,0.0001,3.857046360408026e-06,0.003719274137644965,0.0005708275645240792,16420,0.40187488186473397
530,0.407162596663587,0.40440284755149647,0.0024784365921527124,0.0001,4.643166815933844e-06,0.0037468514067579162,0.0005764632840308429,16277,0.407162596663587
531,0.41663028405048974,0.40462865471125453,0.0023899576971804595,0.0001,4.218119717824592e-06,0.0035298697736791725,0.0005421829190382786,15916,0.41663028405048974
532,0.40219699668792946,0.4048670669315395,0.002445015942917125,0.0001,4.415210368982627e-06,0.0036116004738315785,0.00061145726286213,16458,0.40219699668792946
533,0.4042185146226936,0.4049728433546674,0.002135639195286594,0.0001,3.940646756137088e-06,0.003690367516043148,0.0005641893645074965,16353,0.4042185146226936
534,0.4054772685577777,0.4051932579632239,0.0026566119134848274,0.0001,5.314887440189535e-06,0.004001252432251348,0.0006026034135214901,16382,0.4054772685577777
535,0.39326760645429065,0.40543994800120187,0.002599436206907192,0.0001,4.779746470425151e-06,0.0036775255016641404,0.000586643931668269,16805,0.39326760645429065
536,0.40537070824330484,0.40553612060291533,0.001954313078127888,0.0001,3.5306887774207418e-06,0.003613227396301237,0.0005945829343972788,16277,0.40537070824330484
537,0.40892254180378573,0.40563447990972346,0.0021480798051915066,0.0001,3.964714570891889e-06,0.0036914034211484284,0.0005749583149957465,16168,0.40892254180378573
538,0.4064975853610814,0.4057852697548892,0.002267350344467865,0.0001,4.315385238024685e-06,0.003806544717320679,0.00059696277341102,16160,0.4064975853610814
539,0.4047742807480869,0.40591357485897295,0.00220571431142284,0.0001,4.33114329638074e-06,0.003927202425038308,0.0005670964157436214,16399,0.4047742807480869
540,0.4085122577216377,0.4061185945548321,0.0023853920187410973,0.0001,4.301687411572698e-06,0.0036066922147605204,0.0005789940383036536,16123,0.4085122577216377
541,0.40934716748144073,0.40638923633258905,0.002767200369053044,0.0001,5.1621063426215685e-06,0.0037309234274120018,0.0005929719704169525,16282,0.40934716748144073
542,0.4107206329553843,0.40654919599096484,0.0022387450928746527,0.0001,4.031575754732103e-06,0.0036016389427841224,0.0005843426587709051,15995,0.4107206329553843
543,0.40171758806067825,0.40670079637318934,0.002258013612246943,0.0001,3.930575345879646e-06,0.003481445217656009,0.0005765297254740631,16397,0.40171758806067825
544,0.4052039653442625,0.40689546402419463,0.002624986449593277,0.0001,5.030550931799202e-06,0.003832820495190482,0.0005875535704597016,16366,0.4052039653442625
545,0.4152920931346663,0.4071035522231684,0.002415793648118293,0.0001,4.200721812222156e-06,0.0034777157523318905,0.0005640852002397926,15950,0.4152920931346663
546,0.4006556326289103,0.40731718067956535,0.002589803743800885,0.0001,5.044475076738711e-06,0.0038956427403531863,0.000609639127592677,16371,0.4006556326289103
547,0.4044132801304937,0.40754927957440723,0.002425359538853035,0.0001,4.222909903163505e-06,0.0034822959940698454,0.0005538306124882585,16306,0.4044132801304937
548,0.4121816162302319,0.4077611351887599,0.0025776901024232987,0.0001,4.938394382504717e-06,0.0038316432047918467,0.0006136328800422974,15939,0.4121816162302319
549,0.40889615930944584,0.40799485503013166,0.0027235760552079846,0.0001,5.187700744356224e-06,0.003809477421742179,0.0005822405849903298,16145,0.40889615930944584
550,0.41311438080168633,0.40815581918071486,0.0023900998235064953,0.0001,4.560149770556216e-06,0.003815865534742442,0.000571314582652656,16004,0.41311438080168633
551,0.405921483781021,0.4083807004125618,0.0024608931655574107,0.0001,4.339697545085025e-06,0.0035269288450415527,0.0005790573898493006,16313,0.405921483781021
552,0.40847691195635527,0.4086363166453081,0.002558824580577606,0.0001,4.564517471779109e-06,0.0035676673629176695,0.0005866306155154176,16103,0.40847691195635527
553,0.40301449645979537,0.40873333804199075,0.001956058904497821,0.0001,3.452031744565577e-06,0.00352957851793509,0.0005535767761630825,16288,0.40301449645979537
554,0.4081966661168979,0.4089095876840309,0.002270266907031103,0.0001,3.789637205200709e-06,0.0033384948646029756,0.0005624043115829721,16253,0.4081966661168979
555,0.40979140366373473,0.40903263913234456,0.0021856469941179415,0.0001,3.956612131324209e-06,0.0036205408668209694,0.0006037937045862764,16132,0.40979140366373473
556,0.4119890286350666,0.4092326904422582,0.0024937346498375653,0.0001,4.574320259798011e-06,0.0036686503594887043,0.0005825111286818705,15998,0.4119890286350666
557,0.4108137693231357,0.40943182742147693,0.002429689669546034,0.0001,4.23488406649226e-06,0.0034859464725661956,0.0005742240130522888,16117,0.4108137693231357
558,0.4125316556579844,0.40965500790878007,0.002531186017388667,0.0001,4.45391478665086e-06,0.0035192315033770625,0.0005873578510460603,16139,0.4125316556579844
559,0.41663792980159514,0.40981931651364456,0.002333589939088362,0.0001,4.109138375408392e-06,0.0035217313089836704,0.0005691692374505126,15788,0.41663792980159514
560,0.4090323098250159,0.4099609083164668,0.0022175699863613233,0.0001,4.107882842762667e-06,0.0037048506861359935,0.0005625322381767832,16116,0.4090323098250159
561,0.41890387590160855,0.41011370141808656,0.002411803316191919,0.0001,4.508324026773838e-06,0.0037385503175210734,0.0006114565479597004,15881,0.41890387590160855
562,0.41495865169930013,0.4102708624311747,0.002156989584074191,0.0001,3.40993357240963e-06,0.003161752469818456,0.0005649731735154801,15961,0.41495865169930013
563,0.4048725933269216,0.410466230302639,0.0024177647096587066,0.0001,4.348870167982267e-06,0.00359743042870053,0.0005819333701715676,16332,0.4048725933269216
564,0.40900810754843475,0.41067663158466494,0.0024281053091790316,0.0001,4.202015563206922e-06,0.0034611477083155585,0.0005910672599019367,16094,0.40900810754843475
565,0.41760506571354483,0.4108214733618851,0.0022999094242036233,0.0001,4.095199311345192e-06,0.0035611831216033328,0.000572078926896857,15835,0.41760506571354483
566,0.40645593824924764,0.4110471905953247,0.002626166588091313,0.0001,4.870492207728191e-06,0.0037092027823475157,0.0005949111105589179,16172,0.40645593824924764
567,0.4066025402891308,0.4111707500526332,0.002009528168415083,0.0001,3.4638148190791635e-06,0.003447391157309408,0.0005484771199280427,16185,0.4066025402891308
568,0.41506245672931424,0.41140385230418697,0.002669791664173189,0.0001,4.910958417685212e-06,0.003678907596863811,0.0005997870676007565,15966,0.41506245672931424
569,0.41040480688423353,0.4114633571503479,0.0020964835168074993,0.0001,4.1867425533015045e-06,0.003994061980202953,0.000571447712379663,16021,0.41040480688423353
570,0.40198392245978387,0.4115824172016499,0.002095259622154009,0.0001,3.582222227650825e-06,0.0034193588133657254,0.0005888503889843159,16489,0.40198392245978387
571,0.4154325706535765,0.41175330220547696,0.0024198897929153355,0.0001,4.268333066401304e-06,0.0035277086410278845,0.000583796599421088,15863,0.4154325706535765
572,0.41133618210559025,0.41186665857341,0.002216164884524417,0.0001,4.0538409392480405e-06,0.0036584289982719252,0.0005861476701200662,16150,0.41133618210559025
573,0.4076180630832273,0.4120518475505819,0.0025906223302465557,0.0001,5.030285156410621e-06,0.0038834569575657736,0.000606408864322776,16140,0.4076180630832273
574,0.40958229289650333,0.4122085623344037,0.002344158486899842,0.0001,4.080952542214334e-06,0.003481805999910364,0.0005605724413475175,16176,0.40958229289650333
575,0.4062749769601298,0.41237935539019943,0.0024509852843077806,0.0001,4.505825181293309e-06,0.0036767460091592236,0.0005895004160701802,16226,0.4062749769601298
576,0.4131350442349515,0.4125349588720085,0.002395700264984318,0.0001,4.304859563958008e-06,0.003593821503364225,0.000590931045022082,16024,0.4131350442349515
577,0.41641279211177346,0.4127633705175799,0.0025755448289896763,0.0001,4.5770126831164e-06,0.003554209293193977,0.0005743508813373192,15924,0.41641279211177346
578,0.40972894789105396,0.41298457342112616,0.0025244516307894463,0.0001,4.4242066485117175e-06,0.003505083317542654,0.0005888760170092683,16175,0.40972894789105396
579,0.41372229107758896,0.4131452701048107,0.0022176177949159385,0.0001,3.6796481768516283e-06,0.003318559388626398,0.0005606987321015414,15945,0.41372229107758896
580,0.4139886173635989,0.413342030844129,0.0023968132628956603,0.0001,4.0210375756948e-06,0.0033553198640405247,0.000602035773589586,15988,0.4139886173635989
581,0.41943536633561773,0.41341708713923675,0.002102727742279321,0.0001,3.948585039152344e-06,0.003755678835408473,0.0005953945363528371,15708,0.41943536633561773
582,0.4163292487397378,0.4135026051843526,0.0020087606818734076,0.0001,3.439962689932729e-06,0.0034249601965770813,0.0005999642717549086,15818,0.4163292487397378
583,0.4090022719295184,0.41356928604614773,0.0018456404864841296,0.0001,3.167962205339017e-06,0.0034329136454671694,0.0005628503702743365,16004,0.4090022719295184
584,0.4059960626038375,0.4137285334057269,0.0024171120121222584,0.0001,4.308863742589059e-06,0.003565299184298717,0.0005950148644138115,16185,0.4059960626038375
585,0.41335652097083486,0.4138736177505051,0.002181291651044343,0.0001,3.6466702465147792e-06,0.0033435879560340803,0.0005739104246952848,16040,0.41335652097083486
586,0.4120008535824269,0.4139746007674572,0.0020381624356644,0.0001,3.2856923779252415e-06,0.0032241712637139956,0.000577051281171299,15945,0.4120008535824269
587,0.4148115608763589,0.4141871361231466,0.0026135864391379493,0.0001,4.602563907539066e-06,0.0035220292228460973,0.0005806957509595664,15981,0.4148115608763589
588,0.41067567083908374,0.4143643732540948,0.002611234800222046,0.0001,5.095060088038361e-06,0.00390241435783952,0.0005871358326783085,16087,0.41067567083908374
589,0.4087291510538715,0.4145709456437079,0.0024367291869502017,0.0001,4.095805733928656e-06,0.0033617241964052184,0.0005973603615195388,16087,0.4087291510538715
590,0.4152443695914013,0.4146623451385479,0.001978718104838093,0.0001,3.3619234219044407e-06,0.003398082236862665,0.0005712436457195125,15915,0.4152443695914013
591,0.4152069713582972,0.41473662495438635,0.0021892569029368395,0.0001,4.366083282775836e-06,0.003988644070888923,0.0005920910857547292,15863,0.4152069713582972
592,0.41601896549128614,0.41495164004545115,0.0026398670991146906,0.0001,4.656476116377012e-06,0.00352781101589441,0.0005902174155268975,15884,0.41601896549128614
593,0.4160480248647717,0.4151636884641924,0.0024448868774978047,0.0001,3.979574820042189e-06,0.0032554265448183385,0.0005706340256146809,15873,0.4160480248647717
594,0.4147406864755721,0.4152728867616788,0.00224433807661604,0.0001,3.853667655579656e-06,0.0034341240259044437,0.0005791674431325889,15842,0.4147406864755721
595,0.41783224115281026,0.41541222713424686,0.001966367222568275,0.0001,2.8787807265798e-06,0.0029280194396444632,0.0005591065492796422,15791,0.41783224115281026
596,0.4126266326423297,0.41557995739015036,0.0025998825856143495,0.0001,4.907901261919217e-06,0.003775479161309499,0.0005843807709897685,15920,0.4126266326423297
597,0.4134735766208603,0.41579893554619196,0.002668566712319557,0.0001,4.689040839902361e-06,0.0035142766476514878,0.0005842317226397866,15939,0.4134735766208603
598,0.42452551543640693,0.41596468455617047,0.0023589766109577545,0.0001,3.998666245605919e-06,0.0033901703196475884,0.0005584789534102165,15592,0.42452551543640693
599,0.4213490770577223,0.41601657273641574,0.0020181116715178807,0.0001,3.4401551591807773e-06,0.0034092812679620797,0.0005800807789468654,15649,0.4213490770577223
600,0.41838712631050157,0.4161936712910931,0.0024806599714892546,0.0001,4.420854956587046e-06,0.003564257098834067,0.0005958017002380934,15766,0.41838712631050157
601,0.41611149857134105,0.41632831231108974,0.002268899205259916,0.0001,3.902451717202217e-06,0.003439951592521421,0.000585568010722451,15905,0.41611149857134105
602,0.41239208447047815,0.4163764747744778,0.0021518576904872365,0.0001,4.2163451480594215e-06,0.003918795528810952,0.0005756345098719409,15938,0.41239208447047815
603,0.4147065113697663,0.4164812231180778,0.0022635390447196483,0.0001,4.130818009866142e-06,0.0036498756400977083,0.0006125368630609154,16086,0.4147065113697663
604,0.41523792911111806,0.4165689907218976,0.0021201012919149047,0.0001,3.610858281531692e-06,0.003406307326260167,0.0005763919716176311,15842,0.41523792911111806
605,0.41066408598762394,0.4167229035292145,0.00236045097634453,0.0001,4.148202208386414e-06,0.0035147539601186307,0.0005749019184827359,16120,0.41066408598762394
606,0.4219518130245899,0.41685371342916544,0.002353664698653599,0.0001,4.188484240776155e-06,0.003559117187059104,0.0005835724612404201,15633,0.4219518130245899
607,0.42571375752894486,0.41699266595374007,0.002216787447672645,0.0001,3.7282085268430963e-06,0.003363613891586456,0.0005980804124287615,15499,0.42571375752894486
608,0.4191660459790121,0.4171571563483779,0.0023934760162552782,0.0001,3.981807319171934e-06,0.0033272172289419352,0.0005807447719860074,15859,0.4191660459790121
609,0.41993325930254916,0.41726842222439753,0.0022072610538332025,0.0001,3.8663780655704245e-06,0.0035033264949390066,0.0005717083912754631,15719,0.41993325930254916
610,0.42311256949393755,0.4173306664681462,0.0019514765073940284,0.0001,3.490619618398524e-06,0.0035774139275290004,0.0005704796509352738,15491,0.42311256949393755
611,0.4197977790933038,0.41749543643917064,0.0022585150708403627,0.0001,3.7675214760208488e-06,0.0033362819001415875,0.0005529207635191564,15687,0.4197977790933038
612,0.4181269339838806,0.41769137467229156,0.0025055985410074393,0.0001,4.152537807365422e-06,0.0033146074595779324,0.0005733385276555343,15832,0.4181269339838806
613,0.4146989645528903,0.41775254359999936,0.0017703787682169356,0.0001,2.8908157052928663e-06,0.003265759573251543,0.0005935741889987763,15882,0.4146989645528903
614,0.415126122157437,0.41791580577063336,0.0024684810518347477,0.0001,4.384228946878629e-06,0.0035521673894316204,0.0006116290415991271,15927,0.415126122157437
615,0.4209539013279432,0.4180007472641125,0.001996818264364604,0.0001,3.0851932898158285e-06,0.0030901092451671355,0.0005981146366374512,15686,0.4209539013279432
616,0.4102511642383232,0.41810003957234326,0.0021994928707739646,0.0001,3.790414617182835e-06,0.0034466259632376537,0.0005646430643311585,16051,0.4102511642383232
617,0.41753712404808097,0.41826924755868483,0.0023210331036959625,0.0001,3.7667165997845016e-06,0.0032457241508416783,0.0005779516474693529,15756,0.41753712404808097
618,0.4197313958625142,0.41845192540232956,0.002573630934991492,0.0001,4.539043659224936e-06,0.0035273462076565697,0.0005553494507660114,15737,0.4197313958625142
619,0.41677108972110866,0.4185586773748732,0.0022388954534533394,0.0001,4.106958020245571e-06,0.0036687358616150443,0.0006024575287146992,15847,0.41677108972110866
620,0.42443527439842166,0.41875160709848347,0.002426596882855846,0.0001,4.044829166161455e-06,0.003333746280429671,0.0005823060766861081,15607,0.42443527439842166
621,0.4187397743482382,0.41890700654635527,0.002434153120543447,0.0001,4.317488119065561e-06,0.003547425248335767,0.0005412802943303642,15836,0.4187397743482382
622,0.4247649257502759,0.4190452475904465,0.0022093392648785777,0.0001,3.6021337492476806e-06,0.003260824452369156,0.0005741208090362459,15566,0.4247649257502759
623,0.4106497308721549,0.4191938595389104,0.002501482050110209,0.0001,4.551278593539446e-06,0.0036388656823173504,0.0006009880493290422,15928,0.4106497308721549
624,0.42055055984144646,0.4193797844119847,0.002485308013803443,0.0001,4.1211941964124705e-06,0.0033164454252939987,0.0005611702559013563,15679,0.42055055984144646
625,0.42697547131454416,0.41956333139745694,0.0024237095592263627,0.0001,4.026996637023487e-06,0.0033230026441855402,0.0005804153792742318,15397,0.42697547131454416
626,0.41923101436853416,0.4197244784581706,0.0023378643824487053,0.0001,3.787558490274278e-06,0.003240186658138952,0.0005672905265418525,15749,0.41923101436853416
627,0.40991787364693905,0.41981991753968045,0.002117453904682343,0.0001,3.59672637804163e-06,0.003397218111891985,0.0005848398383709083,16131,0.40991787364693905
628,0.42521846852563794,0.41993593402754237,0.002072256731180335,0.0001,3.1487922213996817e-06,0.0030389981839809626,0.0005589263467083924,15599,0.42521846852563794
629,0.42386270870860393,0.4200681665154457,0.0023245599091937874,0.0001,3.948358436842018e-06,0.0033970803860343636,0.0005928218127289083,15549,0.42386270870860393
630,0.4251779761013733,0.4202075700361476,0.002375600193395988,0.0001,4.015218202478284e-06,0.00338038211449917,0.0005838519987568801,15539,0.4251779761013733
631,0.41742109529307087,0.4204219208183403,0.0025218776883504717,0.0001,4.0904202654660206e-06,0.00324394817747209,0.000581778809021621,15834,0.41742109529307087
632,0.41695956638675336,0.4205522848619589,0.0020379979063524845,0.0001,3.2038697219104674e-06,0.003144134458552615,0.0005475202871558272,15853,0.41695956638675336
633,0.41830623330558114,0.42058181560606533,0.0017285835162498583,0.0001,2.6983916492533636e-06,0.0031220842081237624,0.0005566769972559759,15646,0.41830623330558114
634,0.42120809348205607,0.4206950399875806,0.002224783269387259,0.0001,3.722251859731283e-06,0.003346170308765807,0.000612610925160491,15583,0.42120809348205607
635,0.4200029748564446,0.42090412623112883,0.002600134475559661,0.0001,4.39023338001206e-06,0.003376927940672832,0.0005744438368899845,15729,0.4200029748564446
636,0.424702959901513,0.4209522297476359,0.0019297053834217005,0.0001,3.401976274896152e-06,0.0035259022482114454,0.0005748067581554729,15529,0.424702959901513
637,0.4199938544170107,0.4211137231872828,0.0023832767459675925,0.0001,4.1607243844890635e-06,0.003491599866888174,0.0005830798918308823,15763,0.4199938544170107
638,0.4187875797705492,0.4212417846726894,0.00225237628734579,0.0001,3.7221331265145424e-06,0.003305072200791742,0.0005699877500657485,15866,0.4187875797705492
639,0.4165701896376741,0.42135981582105936,0.002271879054631315,0.0001,3.799024759394074e-06,0.0033443899679867313,0.0005715841117536516,15818,0.4165701896376741
640,0.42301643215777096,0.42151622902442465,0.002438391542120016,0.0001,4.249870355448959e-06,0.003485798143602471,0.000563252752026626,15581,0.42301643215777096
641,0.41653114934545543,0.42163327631240854,0.0022512653516686136,0.0001,3.7653009702071606e-06,0.0033450530097807966,0.0005747704538885714,15866,0.41653114934545543
642,0.42552754564394707,0.4217349370603071,0.0020730083030471367,0.0001,3.2628096691768445e-06,0.0031478983122072454,0.0005840366746349802,15449,0.42552754564394707
643,0.41775948648148153,0.42190189455050864,0.002405589931508478,0.0001,3.9733835890223e-06,0.0033034587790535877,0.0005777983706169755,15791,0.41775948648148153
644,0.4191173896060532,0.4220331911219708,0.002270710466356575,0.0001,3.7875565875044345e-06,0.003336010155078631,0.0005793995021500849,15743,0.4191173896060532
645,0.4184968567160755,0.42205306672997644,0.0017760110210582691,0.0001,2.9420291740364395e-06,0.0033130753572501778,0.0005987135354826026,15877,0.4184968567160755
646,0.42004947990037694,0.42212018381097705,0.0019012990696087673,0.0001,3.204188307094492e-06,0.0033705252985305693,0.000585852630390398,15780,0.42004947990037694
647,0.4220071697231707,0.42218334457988504,0.0021561312269236855,0.0001,3.676519268716624e-06,0.003410292678671688,0.0005517445526298266,15638,0.4220071697231707
648,0.4274004488214648,0.42228333251108296,0.0019951499475895974,0.0001,2.9444939300982467e-06,0.0029516517629720827,0.000539303467965085,15482,0.4274004488214648
649,0.4187311739073888,0.42232236162980263,0.0019529899067240635,0.0001,3.294290365040655e-06,0.003373586677226082,0.0005719715140399377,15720,0.4187311739073888
650,0.4183167831689998,0.4224897521876083,0.002322535355087312,0.0001,3.648679701717874e-06,0.0031419799003065837,0.0005565910199237221,15823,0.4183167831689998
651,0.42612625535555837,0.42251412311017517,0.001595743543251077,0.0001,2.424067735900488e-06,0.0030381670615590656,0.0005588252390475998,15532,0.42612625535555837
652,0.42945403575337326,0.4226402124806219,0.0022668383259293423,0.0001,3.6940310803597063e-06,0.003259192363306504,0.000584497039625041,15323,0.42945403575337326
653,0.42444648129589463,0.422798896648918,0.002395938703107807,0.0001,3.9054727111852376e-06,0.003260077318438398,0.0005720576090690047,15583,0.42444648129589463
654,0.41762964563138905,0.42294744688737296,0.0023552955168117144,0.0001,3.970020379035962e-06,0.003371144173373238,0.0005512126031281204,15639,0.41762964563138905
655,0.4122471020354511,0.42313847804233307,0.0024796775238810614,0.0001,4.0387096241925655e-06,0.0032574474586287232,0.0006135217103747418,16006,0.4122471020354511
656,0.42242373142053524,0.42330003278059414,0.0023691948913800087,0.0001,3.822186360065667e-06,0.003226569814051321,0.0005866229852495863,15573,0.42242373142053524
657,0.4137841315605406,0.4234979456949438,0.0025025097982877445,0.0001,3.922966221503891e-06,0.003135225463802815,0.0005951177940317471,16012,0.4137841315605406
658,0.41804859787178006,0.4236348804454617,0.0022884420195059666,0.0001,3.7762238705627457e-06,0.003300257413887169,0.0005955062361746783,15810,0.41804859787178006
659,0.41493927775163875,0.42380903111292023,0.0025274418646952586,0.0001,4.302650860691954e-06,0.003404747638941826,0.0005845977354426376,15878,0.41493927775163875
660,0.4277455329857937,0.42388896472131266,0.0018996670145924827,0.0001,2.793645345292128e-06,0.0029411947713283023,0.0005615408873523612,15419,0.4277455329857937
661,0.42843326772551077,0.42398324703431023,0.0022103617848036315,0.0001,3.594028352034498e-06,0.003251981984798738,0.0005739266946093603,15373,0.42843326772551077
662,0.4178116664451324,0.4240513586793354,0.002176642443277394,0.0001,3.861508355663675e-06,0.0035481329215002896,0.0005551449276446163,15753,0.4178116664451324
663,0.4331742674447055,0.4241879205827992,0.0023068657586397647,0.0001,3.7712843357695797e-06,0.0032696175073432133,0.0005799507320201922,15294,0.4331742674447055
664,0.4266960840145425,0.4242176633223566,0.0017693906223247293,0.0001,2.954876954432059e-06,0.003339993913327932,0.0005688688356538049,15505,0.4266960840145425
665,0.41565774290960394,0.42425470415231514,0.0021822025149977812,0.0001,4.0411104301098145e-06,0.003703698811028015,0.0006088637639088186,15918,0.41565774290960394
666,0.4232837545274517,0.4243257286366993,0.0023295967786732493,0.0001,4.251331779125613e-06,0.0036498434562111885,0.0005676208745643949,15648,0.4232837545274517
667,0.43139429683744446,0.42450186101121473,0.002446701296787921,0.0001,3.927101483143932e-06,0.003210119264087945,0.0005735276987792678,15284,0.43139429683744446
668,0.4188431786734828,0.4245773993847292,0.00212186717180711,0.0001,3.5221103236243835e-06,0.0033198216838660473,0.0005915031991535549,15758,0.4188431786734828
669,0.42623648816295456,0.4246964613884707,0.0023648592885404194,0.0001,4.0123799884582556e-06,0.0033933350773987726,0.000585391971792565,15479,0.42623648816295456
670,0.423258246639414,0.4246249952662452,0.001401928716604133,0.0001,2.2135477992341474e-06,0.0031578607000732313,0.0005486511094634768,15630,0.423258246639414
671,0.42637922204550044,0.42480025362405593,0.0023615111587864017,0.0001,3.831967880965213e-06,0.003245352338656312,0.000596286767377786,15502,0.42637922204550044
672,0.42655065873181697,0.42496803335043015,0.0024998938168101286,0.0001,4.103836384637182e-06,0.003283208556332756,0.0005915506363314595,15451,0.42655065873181697
673,0.4275989836607996,0.42509867586805355,0.00234846352596927,0.0001,3.877735517342606e-06,0.00330235958486276,0.000573944114653035,15452,0.4275989836607996
674,0.4235955783509795,0.42519674354441117,0.0020317586181415772,0.0001,3.029912035892958e-06,0.0029825511838255454,0.0005796126934641865,15497,0.4235955783509795
675,0.4185069100525039,0.4252816183043544,0.0020768220956456918,0.0001,3.2734348308597217e-06,0.003152349772975619,0.0005811747129766235,15816,0.4185069100525039
676,0.4305614793734602,0.42537773972548615,0.002148715067467422,0.0001,3.4878167532664994e-06,0.0032464209015645854,0.0005733150749464917,15317,0.4305614793734602
677,0.43627401726423737,0.4255446042216107,0.002246621651359148,0.0001,3.4382470528642836e-06,0.003060815380982582,0.0005601335299078629,15113,0.43627401726423737
678,0.4247596223216764,0.4256593851333494,0.0023283087191481636,0.0001,3.868549984221897e-06,0.0033230558751996134,0.0005725950518707155,15575,0.4247596223216764
679,0.4265563608140912,0.42577344237541037,0.002203998110848836,0.0001,3.4763807349520456e-06,0.003154613171254644,0.000562563446762206,15512,0.4265563608140912
680,0.4284444358912102,0.4258821575375682,0.002188284213430139,0.0001,3.462106550200862e-06,0.0031642201949389414,0.0005465903370419018,15460,0.4284444358912102
681,0.428713524706175,0.4260064517338704,0.0023122504037564238,0.0001,3.6178577696263005e-06,0.003129295826912881,0.0005669161180739091,15340,0.428713524706175
682,0.4297268523215063,0.4261851686731228,0.0024070777620029933,0.0001,3.716162220970852e-06,0.003087696026802669,0.0006150433276036143,15414,0.4297268523215063
683,0.4271647409353411,0.42628962177256113,0.0021985964677663566,0.0001,3.7049837571008464e-06,0.0033703172104746345,0.0006080238736825844,15444,0.4271647409353411
684,0.4278721193630359,0.42645092507828186,0.0023640590815505644,0.0001,3.6171560050008172e-06,0.003060123186623879,0.0005755283601663713,15390,0.4278721193630359
685,0.42651639995208646,0.4265180699518643,0.002051157006725045,0.0001,3.342733734605728e-06,0.0032593640795375903,0.0005738430847383553,15413,0.42651639995208646
686,0.42710470472824774,0.4266386622851569,0.0021145974435189193,0.0001,3.1866208171240634e-06,0.0030139266713773956,0.0005913199013233917,15403,0.42710470472824774
687,0.43308160709648363,0.4267462560693597,0.0021361303440558606,0.0001,3.268703185147092e-06,0.003060396753637066,0.0005757544216741014,15215,0.43308160709648363
688,0.4327782718046694,0.4269094746014811,0.0024046585860714276,0.0001,3.9784386956630804e-06,0.0033089426654640324,0.0005575970363357041,15240,0.4327782718046694
689,0.43163576891324973,0.42702290252646313,0.0023704470215392256,0.0001,3.899095883807966e-06,0.003289755770433652,0.0005658429343518873,15217,0.43163576891324973
690,0.42815784894013453,0.4271373660486782,0.002320537273665096,0.0001,3.900372494084028e-06,0.003361611587409421,0.0005650640395341078,15394,0.42815784894013453
691,0.43545706451424865,0.427199215966738,0.0017405113477454188,0.0001,2.6144052271080313e-06,0.003004180616799329,0.000566733742397058,15204,0.43545706451424865
692,0.4300907509327545,0.42733287259338204,0.0023478900246080947,0.0001,3.815979712764034e-06,0.0032505608633871096,0.0005675615415273884,15168,0.4300907509327545
693,0.43061755984357597,0.42737212610524256,0.0018492766306157536,0.0001,2.7289304360357034e-06,0.0029513490743967833,0.0005438730410836139,15246,0.43061755984357597
694,0.4295569224395497,0.42747894803333436,0.002100544699290664,0.0001,3.1328881350444925e-06,0.002982929271728844,0.0005595729357602413,15286,0.4295569224395497
695,0.43694791675009814,0.42759188642615137,0.0021144172465494314,0.0001,3.2288351674696993e-06,0.0030541135367098543,0.0005420130739051969,14993,0.43694791675009814
696,0.42786716643469913,0.427693334926458,0.0020104699953627726,0.0001,2.973729399801835e-06,0.0029582430045321318,0.0005722044387795347,15487,0.42786716643469913
697,0.4178770462637215,0.4278064301552974,0.0021255603980959666,0.0001,3.1706440719618128e-06,0.002983348838077724,0.000568506635045742,15747,0.4178770462637215
698,0.42689053739362837,0.42789228444645555,0.0022700682432389937,0.0001,3.954308759367696e-06,0.0034838677393465344,0.000572981963765874,15537,0.42689053739362837
699,0.42499485577097085,0.42804098137808644,0.002422448531256782,0.0001,4.018760429284333e-06,0.003317932560737935,0.0005867055922561966,15522,0.42499485577097085
700,0.42878073210879664,0.428158120373316,0.002359066158709058,0.0001,3.904396293178088e-06,0.0033101202174971424,0.000570584372871912,15443,0.42878073210879664
701,0.4260933026478253,0.428343260984836,0.0025391488120572302,0.0001,4.0292688415116795e-06,0.0031737161858167323,0.0005819719170132876,15470,0.4260933026478253
702,0.43162843165995823,0.42834564679291154,0.0018840837507787056,0.0001,2.8749652057149677e-06,0.0030518443827422465,0.0005482770814861317,15139,0.43162843165995823
703,0.4257307370096246,0.42845883806986734,0.002305830504959221,0.0001,3.7932645675403495e-06,0.0032901503899632313,0.0005481010393692756,15466,0.4257307370096246
704,0.42888251275648376,0.42859232658828056,0.002256947169597669,0.0001,3.379161353827146e-06,0.002994453214808325,0.0005809791320355688,15367,0.42888251275648376
705,0.4219258134586846,0.42870575329656574,0.002330853868272633,0.0001,3.721533630700564e-06,0.0031932792367275658,0.0005934686265424952,15654,0.4219258134586846
706,0.4358117418261037,0.428813468399454,0.002139445949874398,0.0001,3.273296521174759e-06,0.003059947853664569,0.0005701277010332063,15150,0.4358117418261037
707,0.43106526788958244,0.4289109496857703,0.001936173430446715,0.0001,2.627428364658295e-06,0.002714042371764283,0.000538064247267537,15330,0.43106526788958244
708,0.43188698682009496,0.42899807190432304,0.0022136608703511146,0.0001,3.749614072594755e-06,0.0033877041626525373,0.0005746737293400683,15253,0.43188698682009496
709,0.433840457563728,0.4291514634187439,0.0024129916821660586,0.0001,3.6836631796661947e-06,0.0030531917759115505,0.000593931946840247,15167,0.433840457563728
710,0.42400198175094495,0.4292019942054076,0.0020647255562505377,0.0001,3.3400300565317922e-06,0.0032353259215691195,0.0005952644337086224,15505,0.42400198175094495
711,0.4295661598971854,0.4292918995716075,0.002233541717346714,0.0001,3.569314275700651e-06,0.0031961026274814675,0.0005826069820379458,15378,0.4295661598971854
712,0.42847485854970774,0.4293954938264421,0.0022678642087548347,0.0001,3.626702551013538e-06,0.0031983418910295075,0.0005741900899293647,15473,0.42847485854970774
713,0.4251507250410502,0.4295507130389892,0.0023057115912547767,0.0001,3.5225148814683773e-06,0.003055468771401207,0.0005641090055932677,15531,0.4251507250410502
714,0.43402932881236356,0.42957079737322057,0.0018239137280874316,0.0001,2.9527788379923877e-06,0.0032378492387232496,0.0005931360771224455,15240,0.43402932881236356
715,0.4394656840453418,0.4296821010512092,0.002075604601548708,0.0001,2.972108922935493e-06,0.0028638488474325603,0.0005669281123150641,14923,0.4394656840453418
716,0.43114834409122904,0.42977013162163324,0.002200914493385452,0.0001,3.529363871316176e-06,0.0032071794537436122,0.0006143139509270341,15317,0.43114834409122904
717,0.4257116679345681,0.4298760635842067,0.0021935557465200283,0.0001,3.499008600240619e-06,0.0031902618438502226,0.0005601037366434751,15475,0.4257116679345681
718,0.42723011948395107,0.4299649356676867,0.0021831983852001113,0.0001,3.5030127444045317e-06,0.003209064982963924,0.0005437887862528083,15451,0.42723011948395107
719,0.4276151955276736,0.4300812014064037,0.002126699034092836,0.0001,3.1801112185734545e-06,0.002990654688410071,0.0005678313274409539,15364,0.4276151955276736
720,0.43174644241870713,0.4300899521023646,0.0018862474894137784,0.0001,2.923069276510113e-06,0.0030993486198553563,0.0005819313172433422,15228,0.43174644241870713
721,0.42810682851511145,0.4300192687294635,0.0016817040483843048,0.0001,2.7712603942181387e-06,0.0032957765629221428,0.0005434807597698411,15325,0.42810682851511145
722,0.42689892709388516,0.4301526617316111,0.002469404494331303,0.0001,4.320685441376682e-06,0.00349937440487788,0.0006052614459905837,15532,0.42689892709388516
723,0.43041264416043956,0.43018055475650835,0.0016118234822935433,0.0001,2.280038749107204e-06,0.002829141992475285,0.0005329581379600798,15324,0.43041264416043956
724,0.4246208908701498,0.4302395270907059,0.0020417819738733365,0.0001,3.1849671211415486e-06,0.003119791595671254,0.0005451023019058551,15530,0.4246208908701498
725,0.42927916449770176,0.4303552155501643,0.002226748722077101,0.0001,3.5291334061065217e-06,0.0031697634951954184,0.0005878580796662362,15322,0.42927916449770176
726,0.42789748799272254,0.43043660717012583,0.002184386720296381,0.0001,3.231853090716617e-06,0.0029590484694744104,0.0005764226909286756,15426,0.42789748799272254
727,0.4319877809457777,0.4305047183733799,0.0017934494567391416,0.0001,2.4853418550839952e-06,0.0027715772482407785,0.0005563876746657313,15215,0.4319877809457777
728,0.42961679736439373,0.43063803930637184,0.002362194145533543,0.0001,3.5968331135580056e-06,0.003045332341000784,0.0005482756107278023,15281,0.42961679736439373
729,0.42502709953314505,0.43072679982887185,0.002306315349929894,0.0001,3.631357700266531e-06,0.0031490556574380996,0.0005786925555181865,15470,0.42502709953314505
730,0.4322706842191338,0.43087008350178946,0.002479604224572501,0.0001,3.9342371945976304e-06,0.0031732783446728617,0.0005729332293687432,15294,0.4322706842191338
731,0.42530147576836247,0.43083509680209175,0.0017036287156465713,0.0001,2.8620463926040404e-06,0.003359941478232032,0.0005680580218667488,15513,0.42530147576836247
732,0.43478306286359014,0.4309826388421766,0.0021632979863582054,0.0001,2.937726674975018e-06,0.0027159704243246868,0.0005835138163781306,15208,0.43478306286359014
733,0.43467500889403443,0.4310605759681766,0.002290526830990168,0.0001,3.6709855042601425e-06,0.003205363460137437,0.0005787158043918038,15233,0.43467500889403443
734,0.43076541037415456,0.431187130260585,0.002198516268084506,0.0001,3.2166013542661253e-06,0.00292615651834011,0.0005646843571217293,15258,0.43076541037415456
735,0.4285653554875265,0.4313283725250683,0.002235050608961445,0.0001,3.287384866971634e-06,0.002941664814023315,0.0006037654403617728,15419,0.4285653554875265
736,0.4305535591575499,0.4314085984681929,0.0020269369617018263,0.0001,2.9771614927136004e-06,0.0029375965301002365,0.0005727365806841105,15319,0.4305535591575499
737,0.4319475538172401,0.43150862339533436,0.0022965755828826587,0.0001,3.737845441755054e-06,0.0032551468975066914,0.0005890128834054791,15246,0.4319475538172401
738,0.4328430082351987,0.43154127162835987,0.0019793558092980035,0.0001,3.0534468036647755e-06,0.0030852934973300307,0.0005848024871621036,15177,0.4328430082351987
739,0.43716213145605887,0.43156925616902775,0.0018822506444201284,0.0001,3.042585290191301e-06,0.0032329225644958043,0.0005709410292423729,15134,0.43716213145605887
740,0.4340538864113228,0.4316578990155795,0.0021272809222563373,0.0001,3.2080114431310306e-06,0.0030160675156418915,0.0005879809534282752,15240,0.4340538864113228
741,0.4299036240434028,0.431701691371866,0.001991446568019583,0.0001,3.084490298417067e-06,0.0030977384459623973,0.0005791266874804895,15255,0.4299036240434028
742,0.43037313837211066,0.43179069043863305,0.002234156142113143,0.0001,3.456153318592661e-06,0.0030939228046287853,0.0005650984899090596,15327,0.43037313837211066
743,0.43031395998711397,0.43187306331295944,0.001966666489034075,0.0001,2.6648775316448555e-06,0.0027100451922112178,0.0005875358090923632,15330,0.43031395998711397
744,0.43134775223285665,0.43200491393449814,0.0023863915380490687,0.0001,3.765645792942313e-06,0.00315593290782519,0.0005661535127525781,15179,0.43134775223285665
745,0.43115857480495423,0.4320327014161842,0.0019162209047997088,0.0001,3.3409468661961106e-06,0.003487016405914139,0.0005702029300536871,15328,0.43115857480495423
746,0.4379104472162108,0.43208778263425013,0.002013519698241575,0.0001,2.9412056678886644e-06,0.002921457058957254,0.000587978507575877,15016,0.4379104472162108
747,0.4333423315324127,0.4320700978445488,0.0015730840211868658,0.0001,2.4840131817712664e-06,0.0031581443181873006,0.0005709365562940206,15210,0.4333423315324127
748,0.42565069710073505,0.4321410264237838,0.0021566884639971687,0.0001,3.328137958901368e-06,0.003086340947670351,0.0005738124506536985,15386,0.42565069710073505
749,0.4333263277099688,0.43221445268237446,0.002067623679362665,0.0001,3.0625117755099176e-06,0.002962349296032363,0.0005817885297081395,15137,0.4333263277099688
750,0.43888632359692736,0.4323130820749739,0.0019568473912014326,0.0001,2.620290414824384e-06,0.002678073340420911,0.000560586780688241,15015,0.43888632359692736
751,0.44213905578971957,0.43228433332948435,0.0016475542507945668,0.0001,2.7144284556636577e-06,0.0032951005459814983,0.0005653495507415816,14968,0.44213905578971957
752,0.43691474609199776,0.43229294861207834,0.0018696390367902089,0.0001,3.0781179323902794e-06,0.0032927403331017135,0.0005585264599588695,14966,0.43691474609199776
753,0.4278149641756637,0.43241645046758187,0.0021269254906072614,0.0001,3.0250580189480446e-06,0.0028445359579421427,0.0005696357668195497,15442,0.4278149641756637
754,0.4329077361164325,0.4325078816025215,0.00200295314191335,0.0001,2.952731406759553e-06,0.0029483779175571855,0.0006163007784543989,15120,0.4329077361164325
755,0.43681203547617853,0.4326313076755467,0.002387359768486293,0.0001,3.7179844772583274e-06,0.0031147249160655126,0.0005948159015854576,15240,0.43681203547617853
756,0.42502704584584017,0.43270394822197195,0.001974250548994663,0.0001,2.758383037132784e-06,0.0027943596505898612,0.0005805432239250929,15497,0.42502704584584017
757,0.4382206372198927,0.4327520483630579,0.002002704721953279,0.0001,2.839866492124591e-06,0.0028360311542630313,0.0005618938939078808,14929,0.4382206372198927
758,0.43931500558210024,0.43285885904170274,0.002215790582080433,0.0001,3.371909035063683e-06,0.0030435268227358885,0.0005667060072149553,14953,0.43931500558210024
759,0.4321938173932985,0.4329272164698099,0.002144848869882936,0.0001,3.285737042260719e-06,0.003063840150602361,0.0005751054214090853,15246,0.4321938173932985
760,0.42948458419926433,0.43298112554105406,0.001786179665284597,0.0001,2.579590747153197e-06,0.00288838888639143,0.0005554163916148816,15324,0.42948458419926433
761,0.4242761630480817,0.43300103685342584,0.001799605616506399,0.0001,2.7479646322241175e-06,0.0030539631650614444,0.0005909827270167723,15573,0.4242761630480817
762,0.44023479081999106,0.43303731580799065,0.0019070128712818542,0.0001,2.8244750203632673e-06,0.0029621981717037017,0.0005582040269063923,14906,0.44023479081999106
763,0.4276678522609334,0.4331954620238735,0.002433818884603214,0.0001,3.7171410438839884e-06,0.0030545749048126025,0.0005610166130687426,15429,0.4276678522609334
764,0.43243096712481055,0.43327995879676406,0.002169590740816589,0.0001,3.395665832280841e-06,0.003130236286870198,0.0006173867003518064,15274,0.43243096712481055
765,0.4336505074590826,0.4333564288476456,0.001959694803641689,0.0001,2.904105239518833e-06,0.0029638341992050507,0.000554279989115588,15159,0.4336505074590826
766,0.4400478637943386,0.4335149314268697,0.002453098658003567,0.0001,3.6251083622827543e-06,0.0029555340959935283,0.0005897269923447528,14958,0.4400478637943386
767,0.4359984969949278,0.43351611714163574,0.0022538673342516317,0.0001,4.343338154156824e-06,0.0038541205049222433,0.0005984269478491847,15209,0.4359984969949278
768,0.43017786874048497,0.4335967482047503,0.002183358727846934,0.0001,3.3166694124812396e-06,0.0030381351174040856,0.0005518733938284268,15292,0.43017786874048497
769,0.4341586431434231,0.4337128441212217,0.00219652312872147,0.0001,3.3317967016526357e-06,0.0030337005407195276,0.0005943957103515627,15235,0.4341586431434231
770,0.4368632614478801,0.4338165412955671,0.0021067710390360967,0.0001,2.9799387371727543e-06,0.002828915607778769,0.000573297391363654,15087,0.4368632614478801
771,0.42974042163164666,0.4338114784663697,0.001972925286658368,0.0001,3.113745771707324e-06,0.0031564761146948596,0.0005557207461004532,15305,0.42974042163164666
772,0.43819019054768626,0.4339233492536943,0.0021831377469356513,0.0001,3.1355823331144205e-06,0.0028725464872893726,0.0005445133879597125,15035,0.43819019054768626
773,0.4362019890665362,0.4339383921507865,0.0017536381558753028,0.0001,2.721797923681488e-06,0.003104172790221871,0.000575874340461051,15064,0.4362019890665362
774,0.4304772798004423,0.4340359012970453,0.002222876533599817,0.0001,3.329205863956784e-06,0.002995403310651115,0.0006007686983940593,15260,0.4304772798004423
775,0.43805049937102813,0.43410973088535154,0.0020451937487650437,0.0001,3.0134340154603942e-06,0.0029468445395748025,0.0005673583015260862,14998,0.43805049937102813
776,0.4310788441455036,0.4342038510281804,0.002005545199939715,0.0001,2.852993065417924e-06,0.0028451047281344566,0.0005712863573407537,15373,0.4310788441455036
777,0.43573355869292474,0.4342122961653071,0.0019510597024693704,0.0001,2.9060794369310586e-06,0.0029789754083413868,0.0006003147007569376,15090,0.43573355869292474
778,0.4402877334414348,0.4342961815084123,0.0021289276805844647,0.0001,3.1457875736649125e-06,0.002955278943812017,0.0005736187729160027,14933,0.4402877334414348
779,0.4384759487432006,0.43440591313869564,0.002083193698572432,0.0001,2.908160683943682e-06,0.0027920213909408253,0.0005919032198952838,14998,0.4384759487432006
780,0.44044446241616464,0.4345188943506891,0.0021690643692779516,0.0001,3.279113108757344e-06,0.003023527706417408,0.0005793192107534397,14909,0.44044446241616464
781,0.44124719952408326,0.4346582880759881,0.0022478376728284847,0.0001,3.2295260141337443e-06,0.00287345127557186,0.0005785813932403096,14894,0.44124719952408326
782,0.4341812472848774,0.4347456172255971,0.0022015020749218137,0.0001,3.3303784544278998e-06,0.0030255510475012187,0.0005845337860717751,15173,0.4341812472848774
783,0.43639900827022615,0.4349735577673889,0.0001,0.007962736052883572,2.2176841780089213e-06,0.0028558861281680996,0.0005570156195760938,15122,0.43639900827022615
784,0.44071131034008326,0.4350336232573465,0.00205068906371873,0.0001,3.2965924450824484e-06,0.003215107061725282,0.0005670496536526904,14901,0.44071131034008326
785,0.4340670132550259,0.43506526007311214,0.0020553549929403442,0.0001,3.091411165391852e-06,0.003008153020777544,0.0005508650658745486,15173,0.4340670132550259
786,0.4337171711862615,0.4351713328897465,0.002257398951853381,0.0001,3.3696685490701494e-06,0.00298544353119644,0.0006312645682554873,15265,0.4337171711862615
787,0.4337430052728079,0.4352544467215733,0.0019411733070403032,0.0001,2.7223342427479895e-06,0.002804833790856849,0.0005757474613255789,15244,0.4337430052728079
788,0.43751021810077245,0.4352584369222191,0.0017258521136035746,0.0001,2.5402380884018137e-06,0.0029437494306482643,0.0005809025076386701,15091,0.43751021810077245
789,0.4360713086236185,0.43532912176544547,0.00219646654007792,0.0001,3.519768073225924e-06,0.0032049366644128887,0.0005814132426115897,15139,0.4360713086236185
790,0.4264701595423074,0.4353434701254906,0.0016071959492174944,0.0001,2.3525320649393585e-06,0.002927498748469034,0.0005245994228161346,15404,0.4264701595423074
791,0.43378402801759525,0.435381574368793,0.0021296489876992683,0.0001,3.3291592779427754e-06,0.00312648638078088,0.0005813691279026036,15270,0.43378402801759525
792,0.434497004331043,0.4354520148514772,0.0021336805928273634,0.0001,3.1838495548003956e-06,0.002984373167664652,0.0005818882286481507,15153,0.434497004331043
793,0.43059073265633013,0.43556202057271454,0.0022293585609438993,0.0001,3.3504282860539933e-06,0.0030057329895245184,0.0005709472848549009,15231,0.43059073265633013
794,0.4283663086380607,0.4356513771403838,0.0021865432149265444,0.0001,3.4016770049908456e-06,0.0031114656063224643,0.000594101912364806,15363,0.4283663086380607
795,0.4394327373896158,0.4357741004225874,0.0022330121036558286,0.0001,3.224082894031582e-06,0.0028876537558871246,0.0005520734099897526,15060,0.4394327373896158
796,0.44476662281488655,0.4358580531545429,0.0019929962877389094,0.0001,2.7923018725333414e-06,0.0028021144742836008,0.0005555134950486038,14898,0.44476662281488655
797,0.4383507767699963,0.435867113440216,0.0019121007744086808,0.0001,3.0155069342503746e-06,0.003154129713882808,0.000586071333182674,14995,0.4383507767699963
798,0.4404089016860152,0.43587197853902626,0.0016973364149461196,0.0001,2.622968901372996e-06,0.0030906883023024746,0.0005642474540760789,14900,0.4404089016860152
799,0.43453108510544636,0.43602240196681896,0.0021575384325755623,0.0001,2.8242790763614295e-06,0.0026180567944645563,0.0005438822304765546,15181,0.43453108510544636
800,0.428801911740843,0.4361151832783358,0.002277861398475434,0.0001,3.3590191240397647e-06,0.0029492743731360893,0.0005817670258028393,15321,0.428801911740843
801,0.43920599656804316,0.43614112549360917,0.001986145576060672,0.0001,3.0530515928954144e-06,0.0030743482549258523,0.0005653770124403449,15156,0.43920599656804316
802,0.43880174339800815,0.4362358125469607,0.002331494174206284,0.0001,3.6475876337842716e-06,0.003128969974824002,0.0005575174866147138,15078,0.43880174339800815
803,0.4419312529649092,0.43629764003352234,0.00213784181098764,0.0001,3.02202457844057e-06,0.002827173238832348,0.0005528149104333927,14950,0.4419312529649092
804,0.4350867769764975,0.4363334031803797,0.0017618576577375276,0.0001,2.4617028884111053e-06,0.0027944401496909537,0.0005444320323293379,15113,0.4350867769764975
805,0.4279280694912595,0.43644264893828283,0.0021323720740656013,0.0001,3.1790133561621934e-06,0.002981668532266093,0.000577943450020133,15400,0.4279280694912595
806,0.4326638836409563,0.4364816551464594,0.0018688525349031166,0.0001,2.6430033850713895e-06,0.002828477191977489,0.0005676025699875722,15232,0.4326638836409563
807,0.44234590370748333,0.4365440225612213,0.002039439472832853,0.0001,3.0150838517844767e-06,0.0029567769889208033,0.0005745796724506317,14764,0.44234590370748333
808,0.43473998579662954,0.43661776466157876,0.001978491594402301,0.0001,2.8914233402442626e-06,0.0029228563299686467,0.000526929758506777,15245,0.43473998579662954
809,0.4390316034837253,0.4367483516394385,0.0022664216015450857,0.0001,3.1852182261887916e-06,0.0028107905643127793,0.0005845198301376009,15064,0.4390316034837253
810,0.43615303847848264,0.4367675565354711,0.0017960622661227707,0.0001,2.711279349998677e-06,0.003019137366380533,0.0005814527008240816,15119,0.43615303847848264
811,0.4307185028573549,0.4368150984911767,0.0020031283257713247,0.0001,2.913615043886158e-06,0.0029090647927054207,0.0005529542292016972,15374,0.4307185028573549
812,0.4382517711156747,0.4369030335456051,0.0020847147996561474,0.0001,2.939852942069748e-06,0.0028203886138810415,0.000556350238540416,15070,0.4382517711156747
813,0.44252390481435466,0.436999320312381,0.002288967049962544,0.0001,3.413804046981532e-06,0.0029828337171016904,0.000557294333082369,14982,0.44252390481435466
814,0.4365485634713161,0.4370387116083918,0.0016816817267553189,0.0001,2.3116770647144978e-06,0.0027492444354196652,0.0005462073715233849,15078,0.4365485634713161
815,0.4330790883003076,0.43713949724653917,0.002260745036609099,0.0001,3.3939218930146515e-06,0.003002480897275537,0.0005814020963061396,15098,0.4330790883003076
816,0.43852322409265587,0.4371583487903635,0.0017468184870416913,0.0001,2.7018713479350793e-06,0.003093476933039344,0.0005384425875735697,15020,0.43852322409265587
817,0.44211451735323193,0.4372578171249424,0.002231989609864433,0.0001,3.153901245979853e-06,0.0028260895409557172,0.0005757375789309652,14865,0.44211451735323193
818,0.43727904938559914,0.43736519890680736,0.002193695879728172,0.0001,3.0844945627652932e-06,0.002812144191242682,0.0005452834041541966,14982,0.43727904938559914
819,0.4355059816036649,0.4373766819781785,0.0019080419815687166,0.0001,2.966167696142566e-06,0.003109122047413129,0.0005788635470077934,15087,0.4355059816036649
820,0.4386002839516875,0.437455712891458,0.0021127029415933013,0.0001,2.8467252026653443e-06,0.0026948655645061747,0.0005806268753363443,14900,0.4386002839516875
821,0.4344584085454803,0.43771188033106445,0.0001,0.008911099182563843,2.704637376734829e-06,0.0030019897955238543,0.0006070266577274631,15085,0.4344584085454803
822,0.43648752925340784,0.4376881065043535,0.0016121875113444973,0.0001,2.543032477587935e-06,0.0031547601748473427,0.0005579051180743638,15204,0.43648752925340784
823,0.43533207532538043,0.43793218351161534,0.0001,0.008778541480984406,2.58270414630142e-06,0.0030105079286156344,0.0005884130414821033,15185,0.43533207532538043
824,0.4323453899537555,0.43802548540998654,0.002072370049101419,0.0001,2.756792697485553e-06,0.00266052165604391,0.0005622412300172113,15307,0.4323453899537555
825,0.4409717126630737,0.4379450159196867,0.0018000934809935,0.0001,2.5906600649831367e-06,0.002878361698808343,0.0005596248139777093,14985,0.4409717126630737
826,0.4344365057744686,0.43798768177280345,0.0019984544282125954,0.0001,2.856766636550766e-06,0.0028589760128839557,0.0005641208143297188,15119,0.4344365057744686
827,0.4327427783436692,0.4379979913238364,0.0016839063163050316,0.0001,2.4615887452258647e-06,0.0029236647210009745,0.0005640337585803705,15226,0.4327427783436692
828,0.43463676898099834,0.4380903455227869,0.002265200909467111,0.0001,3.573917923589224e-06,0.003155497517816191,0.0005507101037068661,15223,0.43463676898099834
829,0.4388480972010815,0.43822523293243365,0.0021775995763931985,0.0001,2.8703426049486217e-06,0.002636244639340744,0.0005560025464694848,14944,0.4388480972010815
830,0.44212158565480975,0.4383795849138088,0.002375212287919555,0.0001,3.311585516591125e-06,0.0027884543486357063,0.0005360283109215079,14885,0.44212158565480975
831,0.4300137521316171,0.43849492785255484,0.0021950389217490276,0.0001,3.059504467852295e-06,0.0027876539568733047,0.0005648659879437467,15230,0.4300137521316171
832,0.43131447951698065,0.4385362473266541,0.0021876772749171917,0.0001,3.309321894508849e-06,0.003025420552155357,0.0005740533206553981,15320,0.43131447951698065
833,0.43346039218982463,0.43876652031073693,0.0001,0.008212016167546599,2.2216074594511684e-06,0.002759038700451523,0.0005410626121830662,15113,0.43346039218982463
834,0.4365061806386886,0.43892170329486724,0.0024722930385815247,0.0001,3.546165877156953e-06,0.0028687261759160728,0.0005657013414294692,15124,0.4365061806386886
835,0.4347228908525684,0.43891398976974605,0.0017880140005545693,0.0001,2.7372380472806354e-06,0.003061763550432664,0.0005318133560893272,15135,0.4347228908525684
836,0.43572918525853077,0.43898141394291634,0.0021238687686172333,0.0001,3.349070201334011e-06,0.0031537449496133016,0.0005545381940273908,14950,0.43572918525853077
837,0.4437916002530634,0.43904442895061846,0.0019393093191137657,0.0001,2.7989082981376156e-06,0.002886500127186181,0.0005511393799194609,14784,0.4437916002530634
838,0.44181931368520705,0.4390936919637684,0.00199883019564267,0.0001,3.0941312570199666e-06,0.003095942080287747,0.0005654760263380999,14886,0.44181931368520705
839,0.44386192623781795,0.43909254337398584,0.0019039567355079285,0.0001,2.8049524551276113e-06,0.0029464455812640298,0.0005482792829946989,14882,0.44386192623781795
840,0.44372360230491775,0.43914865974410944,0.0021793735213292624,0.0001,3.4181101375386314e-06,0.003136782294623665,0.0005593760695236354,14830,0.44372360230491775
841,0.445235048898112,0.4391585696617907,0.00226637964895915,0.0001,3.6796950239895847e-06,0.003247200905355384,0.0005456483579498648,14759,0.445235048898112
842,0.4405473937890755,0.43915508558961425,0.0019019402733069435,0.0001,3.1498453742799774e-06,0.00331224425760045,0.0005538011326481364,14949,0.4405473937890755
843,0.4440894477010934,0.4392171030223433,0.002117728930327276,0.0001,3.1904754516931044e-06,0.003013110323992264,0.0005580137215776676,14819,0.4440894477010934
844,0.4320019098869435,0.4392410861132739,0.0017435219617646651,0.0001,2.5628708572877753e-06,0.002939877917790981,0.0005255579709493096,15160,0.4320019098869435
845,0.4472834467716588,0.43933749656263615,0.002007557344829387,0.0001,2.6014497772011934e-06,0.0025916567553115437,0.0005274656151818037,14631,0.4472834467716588
846,0.4361147849586705,0.43944508592039294,0.0022376559530516717,0.0001,3.344014837696498e-06,0.0029888552197990894,0.0005427901688196859,15100,0.4361147849586705
847,0.43723099646984304,0.43939425278247524,0.0017772203016427142,0.0001,2.9167915440180774e-06,0.0032824197892878425,0.0005288671095115946,14914,0.43723099646984304
848,0.4320206221640754,0.43933603235655877,0.0018178463799340253,0.0001,2.8989906791747576e-06,0.0031894781772263616,0.0005627831515224552,15245,0.4320206221640754
849,0.4340814788654492,0.43935385944405675,0.0018739915708584627,0.0001,2.890112034818389e-06,0.0030844450740986507,0.0005651348215997072,15172,0.4340814788654492
850,0.43509435123963536,0.4394920568202225,0.002241311558068906,0.0001,3.0508679421769882e-06,0.00272239522541488,0.0005353528893274789,15133,0.43509435123963536
851,0.4347968298126961,0.4395762382712588,0.0021774233848392863,0.0001,3.477549642188493e-06,0.0031941878335665684,0.0005691613247918929,15167,0.4347968298126961
852,0.43755758913306875,0.4398148575881816,0.0001,0.008613452503389508,2.3908397128175135e-06,0.002813665098842867,0.000555140859458315,14962,0.43755758913306875
853,0.44206663761719617,0.43985038238621,0.0017602654083056213,0.0001,2.5747287377207865e-06,0.0029253869621844613,0.0005290404262532735,14935,0.44206663761719617
854,0.43705781016276835,0.43998641386179804,0.0023086707781194422,0.0001,3.2892090999476747e-06,0.002849439713207565,0.0005645979291518698,15151,0.43705781016276835
855,0.4376230607359359,0.4401478154484957,0.0023838455997022695,0.0001,3.23883438836855e-06,0.0027173189310356876,0.0005451631307843176,15060,0.4376230607359359
856,0.4393723109608031,0.4401779850539066,0.0018733607821326327,0.0001,2.6833489968228074e-06,0.0028647434305399356,0.0005323508613160899,14966,0.4393723109608031
857,0.44286960502947037,0.4402384622002533,0.0019688447865477392,0.0001,2.9317580463040756e-06,0.002978150503620706,0.000541021496284105,14866,0.44286960502947037
858,0.4377029954251158,0.44047845303657623,0.0001,0.008861469831459598,2.47358640523041e-06,0.0028523232146023658,0.0005582790332251187,15057,0.4377029954251158
859,0.43520115273433,0.44041788153308903,0.001656107631589141,0.0001,2.6826965514601545e-06,0.0032397611124899365,0.0005384025777651101,15129,0.43520115273433
860,0.43790326432714266,0.44049114604363593,0.0020495023596062284,0.0001,2.928010359103548e-06,0.0028572890832544414,0.000528088273649058,14924,0.43790326432714266
861,0.4344720102953133,0.44060826644038004,0.0022879202164830478,0.0001,3.226938254677864e-06,0.0028208485867905466,0.0005414698003749148,15082,0.4344720102953133
862,0.44434293652111645,0.44067574263031073,0.0021023236025286577,0.0001,3.079069396500886e-06,0.0029292059441252587,0.0005414139082337171,14849,0.44434293652111645
863,0.44338937869027906,0.4407460575493346,0.0019145273157175908,0.0001,2.621981022706769e-06,0.0027390374649462913,0.0005424686123788075,14844,0.44338937869027906
864,0.44287884408672956,0.44077643771374486,0.0020195421542146324,0.0001,2.932593911526207e-06,0.0029042165873152032,0.0005389538639857337,14821,0.44287884408672956
865,0.44099656107309804,0.44084753944412125,0.0021080009481512585,0.0001,3.081160502243164e-06,0.002923300869428335,0.00054107472477922,14908,0.44099656107309804
866,0.4431842952879509,0.44084829532759384,0.0018116965047969525,0.0001,2.8567198253089226e-06,0.003153640599013124,0.0005513191072656546,14863,0.4431842952879509
867,0.4435090615192501,0.4408420331682641,0.0017524607145663724,0.0001,2.470652297140441e-06,0.0028196378687459223,0.0005072364166116052,14729,0.4435090615192501
868,0.4391813315980082,0.440861861373365,0.001820856531237549,0.0001,2.7567767717151814e-06,0.0030279999817904727,0.0005438971890707293,14996,0.4391813315980082
869,0.43725506999567576,0.4409323205129372,0.0020255916819042186,0.0001,2.841160503439733e-06,0.002805264781467521,0.0005697087442380459,15119,0.43725506999567576
870,0.4361307386804921,0.44097990735145387,0.0017985196339295505,0.0001,2.5693760556426443e-06,0.002857212128431275,0.0005218007955407059,15027,0.4361307386804921
871,0.44410818328661256,0.4410578637472494,0.0023923200471799447,0.0001,3.7114848822270006e-06,0.0031028330733607994,0.0005561656341571389,14822,0.44410818328661256
872,0.4440562293376515,0.4410582501653876,0.0019190872385608303,0.0001,2.822534708592253e-06,0.002941538718905702,0.0005238234640592569,14693,0.4440562293376515
873,0.4420721639898076,0.441131489753271,0.0018815153190872794,0.0001,2.605624645596684e-06,0.0027697086695639226,0.0005367522993507401,14789,0.4420721639898076
874,0.44958187481108924,0.44111671791181084,0.0016453375190557398,0.0001,2.4024755936197797e-06,0.0029203437784589784,0.0005332808624188248,14613,0.44958187481108924
875,0.44749783275856597,0.44135788764271094,0.0001,0.008987606043025613,2.476511591030947e-06,0.0030023600274891333,0.0005510948252905946,14631,0.44749783275856597
876,0.43333943589099017,0.4413616804058963,0.0018119742355644593,0.0001,2.804671110825187e-06,0.0030957074949263695,0.0005374899788098341,15072,0.43333943589099017
877,0.44609801280537414,0.441502773495103,0.002376158575599311,0.0001,3.3843195293108653e-06,0.0028485636977803788,0.0005312261729151861,14780,0.44609801280537414
878,0.4452071926208398,0.4415115025143077,0.0022627227823715543,0.0001,3.6138856876577364e-06,0.0031942805506824227,0.0005022330157718892,14687,0.4452071926208398
879,0.43579548506278454,0.44162972037229575,0.002240568697309399,0.0001,3.1456726442234575e-06,0.0028079234062324964,0.0005310760979772345,15112,0.43579548506278454
880,0.44775272642679614,0.44165036683355935,0.0017605430382292338,0.0001,2.3735438879833424e-06,0.0026963770114596785,0.0005182475901209839,14709,0.44775272642679614
881,0.435921954602644,0.44169543804063605,0.0019811242300576035,0.0001,2.727285640241128e-06,0.0027532706923299086,0.0005523078602904054,15070,0.435921954602644
882,0.43745367685790887,0.4419274440926023,0.0001,0.008744339764225562,2.3312456807543226e-06,0.002889818751299506,0.0005332010748923107,15064,0.43745367685790887
883,0.442311553664433,0.4419976430106445,0.002124788801110619,0.0001,2.9424018103871512e-06,0.0027695946146263275,0.0004846708124510899,14861,0.442311553664433
884,0.44814448797916184,0.44222691587163254,0.0001,0.00873296965035405,2.268007021230356e-06,0.0028203034739340263,0.0005194125508356501,14542,0.44814448797916184
885,0.4427385269823911,0.44224147190084173,0.0016066131702320255,0.0001,2.248304687505592e-06,0.0027988127187839424,0.0005091730701322114,14843,0.4427385269823911
886,0.4432469434491584,0.4422407198599403,0.0016044043713693153,0.0001,2.3681551368761454e-06,0.002952067669642398,0.0004919626709469092,14751,0.4432469434491584
887,0.44205800430081305,0.4423677891878091,0.002543762332728442,0.0001,4.0298237198105945e-06,0.003168396408707098,0.0005145267993738466,14804,0.44205800430081305
888,0.4451261601397236,0.44238819247152383,0.0016999371163530159,0.0001,2.429684677649089e-06,0.002858558301099568,0.0005177991153638804,14755,0.4451261601397236
889,0.4428193319279573,0.442468691151082,0.002064710645324893,0.0001,2.9210311345075092e-06,0.002829482321042491,0.0005221071961831449,14913,0.4428193319279573
890,0.4397254271822447,0.4425285358374468,0.0020695157951565826,0.0001,3.1872585345748835e-06,0.0030801973505437587,0.0005492059164564677,14934,0.4397254271822447
891,0.44203666379738654,0.4427655103058181,0.0001,0.00907260216981428,2.4124474186497978e-06,0.002759306520457732,0.0005318093692405739,14802,0.44203666379738654
892,0.44054574866929563,0.44288707313461007,0.002180271539677205,0.0001,3.0460233148760534e-06,0.002794168762416653,0.0005336478645036333,14886,0.44054574866929563
893,0.44108007571662444,0.44294475581393067,0.001926000298618274,0.0001,2.682946857702589e-06,0.002786029534499401,0.0005232440878129661,14966,0.44108007571662444
894,0.44034302301380046,0.44316959926933475,0.0001,0.008726331683090586,2.1957856799240867e-06,0.002721585811310691,0.000503255149968448,14969,0.44034302301380046
895,0.4417665820363312,0.44323265866811745,0.0020000545392665505,0.0001,2.895840258876077e-06,0.0028957612925275765,0.0005310700022670765,14928,0.4417665820363312
896,0.4443120388488748,0.4433297328335456,0.00214176862744168,0.0001,2.999933012625855e-06,0.0028013604963569236,0.0004914678260085925,14781,0.4443120388488748
897,0.4435880855202703,0.4433441109286823,0.0018757146194361466,0.0001,2.8051253330010655e-06,0.0029909937299996163,0.0005294504547923922,14926,0.4435880855202703
898,0.4476915594200017,0.44341309156966846,0.001933916264588657,0.0001,2.707278339510653e-06,0.0027997885834901855,0.0005113785121990466,14771,0.4476915594200017
899,0.4450310950998642,0.44365789826945706,0.0001,0.009493196522375314,2.5304183375149353e-06,0.0026080466545218488,0.0005331014335478633,14741,0.4450310950998642
900,0.442439639227861,0.4437025768900635,0.0020053032501033004,0.0001,2.9011551934121767e-06,0.0028934827620338494,0.0005309505286351828,14862,0.442439639227861
901,0.43501356540265246,0.4438315245524054,0.002289273759291084,0.0001,3.3583809130355563e-06,0.0029340142474489736,0.0004821176763052995,15012,0.43501356540265246
902,0.44670493874717365,0.4438842732131833,0.002086025267335123,0.0001,3.0286744259943097e-06,0.0029037753985246893,0.0004930588196486287,14678,0.44670493874717365
903,0.4404214231685066,0.4439426310197834,0.0021226787699597264,0.0001,2.9630457614687113e-06,0.0027917985551105585,0.0004875917296626348,14743,0.4404214231685066
904,0.4448649645621122,0.44394101637340033,0.0019730929623122733,0.0001,2.967296211259826e-06,0.003007761183013337,0.0005272590141174229,14806,0.4448649645621122
905,0.44745723150643113,0.444052300955137,0.0022294459715284354,0.0001,3.1077999009238417e-06,0.0027879571342948814,0.000490979458056008,14584,0.44745723150643113
906,0.4399843115411192,0.44412900189099375,0.002100351813090501,0.0001,2.885560932878193e-06,0.0027476929482897617,0.0004951227176163257,15000,0.4399843115411192
907,0.4473543919360379,0.4443631406205335,0.0001,0.009342949433448378,2.4049733847478766e-06,0.002842627279019813,0.0005148210213228625,14642,0.4473543919360379
908,0.4433191556394686,0.4444410146058948,0.0021036811050609036,0.0001,2.973645432033932e-06,0.0028270876463929086,0.0004936421091533256,14918,0.4433191556394686
909,0.4459352010052721,0.4444906492891647,0.001856079748403484,0.0001,2.4350372231930723e-06,0.002623849783704155,0.0005022459963271852,14705,0.4459352010052721
910,0.4409767602662248,0.44471420419414565,0.0001,0.009051261911358936,2.2128926884603033e-06,0.0027647311432846843,0.0004889688775182211,14854,0.4409767602662248
911,0.44001441190352375,0.4448016438140444,0.0021014478379398844,0.0001,2.920147544694691e-06,0.0027791768056040873,0.0004852695079379283,14876,0.44001441190352375
912,0.44224395316305004,0.444900679910887,0.001980626409101109,0.0001,2.460440030609633e-06,0.002484506941141195,0.00047915627966252426,14842,0.44224395316305004
913,0.4466449230908365,0.4449982740226295,0.00215882466983106,0.0001,2.8382330615125796e-06,0.002629424335543364,0.0004871204109802693,14757,0.4466449230908365
914,0.44713746070192784,0.4450382863579594,0.0018498829599334873,0.0001,2.6099210495417523e-06,0.0028217147852808936,0.0004845662671283049,14754,0.44713746070192784
915,0.4546674676235392,0.4451172663530671,0.0021308285801083836,0.0001,2.8588008333575593e-06,0.0026832762241363853,0.0005135861977374038,14383,0.4546674676235392
916,0.44718057243887066,0.4451170074673525,0.001868472934426979,0.0001,2.4324692995586455e-06,0.0026036976557058146,0.0004880887838208852,14752,0.44718057243887066
917,0.449922280441123,0.4451279121696271,0.0017157511874994992,0.0001,2.3929197122767815e-06,0.0027893551579167763,0.0004944757754982075,14563,0.449922280441123
918,0.4437142467291864,0.44523430732541164,0.0021858712865851972,0.0001,3.0524286122682814e-06,0.002792871319552245,0.0004947855596362113,14873,0.4437142467291864
919,0.4464482505090951,0.4452467797626771,0.0018630772043674569,0.0001,2.8169507583882915e-06,0.003023976410408273,0.0005112473021175554,14704,0.4464482505090951
920,0.4481474704732229,0.4453388147507924,0.002269162840717124,0.0001,3.220605470510539e-06,0.002838584708616795,0.0005124747207749716,14568,0.4481474704732229
921,0.44893538266754424,0.4453862033436542,0.0018265254527296759,0.0001,2.4850940747572593e-06,0.0027211162823308887,0.0004917280600658813,14694,0.44893538266754424
922,0.44163270546428546,0.44546956932683274,0.002136508817410323,0.0001,3.0479387874259693e-06,0.002853195608263763,0.0005293406408516824,14929,0.44163270546428546
923,0.43960456043125695,0.4454971457937757,0.002008742785508977,0.0001,3.016687755535321e-06,0.003003558023752603,0.000493170648172594,14889,0.43960456043125695
924,0.43230068145924405,0.44561074309684523,0.00245696690589182,0.0001,3.7995086725295276e-06,0.0030928448107447313,0.0005149694885579672,15242,0.43230068145924405
925,0.4361832101591991,0.44585027289765,0.0001,0.009632102181183008,2.4684999375457262e-06,0.0026889771442981394,0.0005125568419255593,15012,0.4361832101591991
926,0.44695037544782784,0.4460870246329671,0.0001,0.009794482890982656,2.505600436342706e-06,0.0029571299177215686,0.0005116350631740856,14646,0.44695037544782784
927,0.44596449809918853,0.4460355887908414,0.0016447525776263003,0.0001,2.696004559397279e-06,0.0032783101799884586,0.0004925936632687315,14598,0.44596449809918853
928,0.44727335294595877,0.4461263856871909,0.002118316436038305,0.0001,2.879559634466755e-06,0.0027187247244818006,0.0004747120358936635,14706,0.44727335294595877
929,0.4524179953374781,0.44635344475746996,0.0001,0.009706702829644942,2.397937569629428e-06,0.0029091865864393582,0.0004940787024623769,14492,0.4524179953374781
930,0.4519188958596928,0.4463510435843241,0.0016556983706658332,0.0001,2.2296336312390995e-06,0.002693284804456817,0.0004533842868752256,14453,0.4519188958596928
931,0.44426875756993756,0.44643403508661905,0.002183672145698572,0.0001,3.0518845333840884e-06,0.0027951856595283624,0.00047832727255656766,14748,0.44426875756993756
932,0.4414510752472166,0.44647650530194294,0.001864580735665845,0.0001,2.6283014777498055e-06,0.002819187635563803,0.00048760532502555406,14872,0.4414510752472166
933,0.44624452830540956,0.44655170373633885,0.0020143981675010635,0.0001,2.7498771162423244e-06,0.0027302220192680676,0.0004888457970409822,14780,0.44624452830540956
934,0.4432405090186606,0.4466412617628823,0.0021744542990099125,0.0001,3.0069648982935356e-06,0.0027657191044784773,0.00048824231512003516,14813,0.4432405090186606
935,0.4467619231093045,0.4468871040764835,0.0001,0.010463353724538623,2.734772805435523e-06,0.0030248511408343367,0.0005227335092422504,14576,0.4467619231093045
936,0.44580281114605674,0.4469485909076095,0.0019105111612631638,0.0001,2.460993839820136e-06,0.0025762674301185572,0.00045297235438885317,14680,0.44580281114605674
937,0.44245736707661787,0.44706422504274645,0.0022062525355361477,0.0001,2.887611392832519e-06,0.0026176617103633535,0.0004890218034123841,14905,0.44245736707661787
938,0.4446240934492997,0.44715391227391266,0.002126189812717715,0.0001,2.785085857026118e-06,0.00261979042545237,0.00044869455990621365,14773,0.4446240934492997
939,0.44396805531984185,0.44719542988705463,0.0018872244439666222,0.0001,2.590497844290941e-06,0.002745299164148339,0.00045463290096785615,14726,0.44396805531984185
940,0.4513149189422671,0.44714159785492885,0.0015796382465485994,0.0001,2.2749158646081552e-06,0.0028802998022853512,0.00045268283214958024,14583,0.4513149189422671
941,0.44320385115057687,0.4472408436253763,0.0021189402170002196,0.0001,2.8544264663917297e-06,0.002694201982189697,0.0004822458962900915,14860,0.44320385115057687
942,0.4454755439861795,0.4473414903602563,0.0023674490163226904,0.0001,3.6010123221540524e-06,0.003042103375681079,0.0004768227876661167,14729,0.4454755439861795
943,0.4466487987693074,0.4473742721820374,0.0018385147968861678,0.0001,2.533155298075443e-06,0.0027556539684812603,0.0004749785664136209,14584,0.4466487987693074
944,0.44813545494408225,0.4474476031039084,0.0021794054604394484,0.0001,3.1858855746303503e-06,0.002923628147639823,0.000468414379443623,14632,0.44813545494408225
945,0.4459584940174549,0.4474566444405978,0.0017338870336867519,0.0001,2.5358403854729084e-06,0.00292503529492457,0.00045967985214698985,14690,0.4459584940174549
946,0.44533861288902127,0.44747929921195273,0.001936547280449969,0.0001,3.038754649407929e-06,0.0031383221882420086,0.0004822785939021882,14661,0.44533861288902127
947,0.44752179260285896,0.4475756204850466,0.002275396666209772,0.0001,3.154243996249244e-06,0.002772478349019827,0.00047164524193605336,14604,0.44752179260285896
948,0.44016090242868133,0.4476765694197298,0.0021664154066193997,0.0001,2.986167573078058e-06,0.0027567820686226078,0.00047070691173990763,14974,0.44016090242868133
949,0.4461058951591834,0.4477163603373512,0.001966046448564682,0.0001,2.7301663740236084e-06,0.0027773162490812714,0.0004657438053897819,14811,0.4461058951591834
950,0.45128271976416634,0.44794573909237556,0.0001,0.009768876508057871,2.302957307932646e-06,0.0027054882622919198,0.0004714886724247253,14581,0.45128271976416634
951,0.4439978016517001,0.44818708089653425,0.0001,0.010473545321212113,2.617823942317288e-06,0.0029542462377098316,0.0004998926079052521,14814,0.4439978016517001
952,0.44923276610966684,0.4482170044205806,0.0020596909910816966,0.0001,2.8509602344314962e-06,0.002768337820358426,0.00046752184467956434,14533,0.44923276610966684
953,0.4471719438399304,0.44830682938947103,0.002094018696391431,0.0001,2.8328691982777776e-06,0.002705677082214776,0.00048245066219960016,14709,0.4471719438399304
954,0.446660579958044,0.4483487918144534,0.001797858932404906,0.0001,2.33631135266644e-06,0.0025989929582976496,0.0004606000371363857,14688,0.446660579958044
955,0.4471865321034181,0.4483641680311826,0.0017255240012406764,0.0001,2.6564124530550447e-06,0.0030789632032299126,0.00046552718097153347,14711,0.4471865321034181
956,0.448007252345413,0.4483942863680664,0.001917680049088062,0.0001,2.723306240142066e-06,0.002840209180292733,0.0004553677378614357,14645,0.448007252345413
957,0.44695898646441323,0.4484448859983897,0.0020960707958286745,0.0001,2.8734496637125797e-06,0.0027417486751219887,0.00045524646368042454,14741,0.44695898646441323
958,0.4413193338296659,0.44857188648093427,0.00241072049755273,0.0001,3.3324451682299707e-06,0.002764688126734675,0.00046285186325833273,14837,0.4413193338296659
959,0.4429066153799637,0.4486146914060972,0.0021518022398017817,0.0001,3.302912243546049e-06,0.0030699031560170735,0.00047764264924127545,14803,0.4429066153799637
960,0.44674854363262434,0.4486717037573563,0.001919035143253613,0.0001,2.5777017165051296e-06,0.002686455978221207,0.00044031497842289644,14669,0.44674854363262434
961,0.4486485759475747,0.4488998385275945,0.0001,0.010009325035052379,2.333512264440453e-06,0.002619232551068328,0.0004662676566638724,14543,0.4486485759475747
962,0.4545121666947004,0.44896889141699037,0.0022834806939528787,0.0001,3.3816295276121977e-06,0.0029618201166030787,0.00045788991409774287,14322,0.4545121666947004
963,0.4442381419125765,0.44899867362210283,0.0017452520619776523,0.0001,2.4557837092971908e-06,0.0028142453033568023,0.0004731318169911827,14838,0.4442381419125765
964,0.4456651380405364,0.4490688955551316,0.001948696842493289,0.0001,2.4251896853321676e-06,0.002489037424855908,0.00044864343327927664,14634,0.4456651380405364
965,0.44799322292543414,0.44917494935621965,0.0022103100317615748,0.0001,2.766884134870168e-06,0.0025036163208878113,0.0004575066313890377,14542,0.44799322292543414
966,0.4536747291515836,0.4492412544917133,0.001986184297093808,0.0001,2.631135551410622e-06,0.002649437471900778,0.0004580371864951968,14506,0.4536747291515836
967,0.44470840382273474,0.4492831879345324,0.0019696813032203547,0.0001,2.922397068789006e-06,0.002967380625496111,0.00045679617789566,14695,0.44470840382273474
968,0.4513711096834974,0.44934444852643995,0.0017964882920041185,0.0001,2.219127787218234e-06,0.0024705173945137474,0.0004442037772662552,14430,0.4513711096834974
969,0.4482778930699799,0.44939281441944423,0.0020559059524091344,0.0001,2.791285642046042e-06,0.0027153826163839653,0.00046021589105471275,14714,0.4482778930699799
970,0.4560008593938394,0.449369084693929,0.0016014757461319954,0.0001,2.356661600099585e-06,0.0029431124458694693,0.00046250954582155733,14348,0.4560008593938394
971,0.44349545070360674,0.4492942654494309,0.001742108342223869,0.0001,2.5849146932416537e-06,0.002967570535758883,0.000459093464090858,14835,0.44349545070360674
972,0.4507835186582046,0.4492340290242762,0.0015916469530868947,0.0001,2.4052178531267997e-06,0.0030223007036353604,0.00045787436184408707,14537,0.4507835186582046
973,0.44680041928130393,0.449464922960208,0.0001,0.010203443339009684,2.367352052410939e-06,0.0028414122015207135,0.0004640300286394705,14724,0.44680041928130393
974,0.45278455286015773,0.4495381462270161,0.0019013949090243376,0.0001,2.4132732681789093e-06,0.0025384240346128114,0.00045851430620303925,14426,0.45278455286015773
975,0.44478366912892553,0.4495571492747974,0.0019983981488467767,0.0001,3.2542234744816703e-06,0.0032568319544927496,0.0004626008411307016,14765,0.44478366912892553
976,0.4487916823258183,0.44978866072743096,0.0001,0.01018715077564522,2.317403237260206e-06,0.002590521579603224,0.0004549659248787214,14626,0.4487916823258183
977,0.45171953088638334,0.45002880221987857,0.0001,0.010828676632858556,2.567276734582985e-06,0.002729556237604987,0.0004741626002189105,14526,0.45171953088638334
978,0.4498162476702976,0.45007229785490077,0.001954812538795966,0.0001,2.8257049969930333e-06,0.00289102401474617,0.00046045772413826926,14563,0.4498162476702976
979,0.4518395063966306,0.45029904216349403,0.0001,0.010298097807719266,2.2675234155201763e-06,0.0024481351950203178,0.00044037713718750706,14423,0.4518395063966306
980,0.44177806776808093,0.45052218229200314,0.0001,0.010601826875278459,2.3529168094377507e-06,0.003107650740319338,0.00044387006826612617,14843,0.44177806776808093
981,0.45689376023781525,0.4506069093944242,0.0019406766014947268,0.0001,2.5594249567955553e-06,0.002637662508863417,0.00044158516648939587,14318,0.45689376023781525
982,0.4481096564586302,0.4506086235846186,0.001860903200426664,0.0001,2.5930110518270493e-06,0.0027868306650582673,0.00043720211765911876,14653,0.4481096564586302
983,0.44990973245485977,0.450844419333275,0.0001,0.010961211394766085,2.4655530301336625e-06,0.0026036586672019664,0.0004498687127430003,14500,0.44990973245485977
984,0.4584020531866165,0.4508721086123242,0.0017560440317612696,0.0001,2.185565642877235e-06,0.0024891923019551678,0.00041229696817636984,14203,0.4584020531866165
985,0.4493349179477192,0.4508540199922758,0.0018459788430733655,0.0001,2.537806704246148e-06,0.002749551235398732,0.0004239627019209202,14519,0.4493349179477192
986,0.445556294417887,0.45081950234913265,0.0017349583306223955,0.0001,2.7430092352703233e-06,0.003162046242674084,0.0004578486173396991,14637,0.445556294417887
987,0.45469826319228535,0.4508264875553296,0.0018568070929437272,0.0001,2.688038997822474e-06,0.002895334693665927,0.0004195753796634647,14444,0.45469826319228535
988,0.4555596479869726,0.45107191045332773,0.0001,0.01178771116248417,2.764961222538408e-06,0.0028160057387317276,0.0004691260558433488,14456,0.4555596479869726
989,0.45141624121363005,0.45115152835216754,0.002072401581015377,0.0001,2.6914627502449384e-06,0.002597433600611568,0.00042186541542155355,14430,0.45141624121363005
990,0.44494666469852995,0.45126167260836114,0.002213542555058751,0.0001,3.0415710015709764e-06,0.0027481477549368798,0.00042352516889504325,14743,0.44494666469852995
991,0.45717499281602236,0.4513388177857566,0.0019220798437999851,0.0001,2.3838485155813524e-06,0.0024804885429404876,0.0004125561057401554,14308,0.45717499281602236
992,0.45316511279183397,0.4514154416409886,0.0020526264252562912,0.0001,2.7830702660928755e-06,0.002711716298542128,0.00043050570278739173,14431,0.45316511279183397
993,0.4486286449887382,0.45146410861703246,0.0020078482784240473,0.0001,2.8062796565467827e-06,0.002795310469125108,0.000424449868664655,14602,0.4486286449887382
994,0.4490028380698367,0.4515231922446805,0.0019704194818094475,0.0001,2.7459889647683616e-06,0.0027872125606946433,0.0004236965986357975,14543,0.4490028380698367
995,0.45532237011499493,0.4516134356251244,0.0019723905631991684,0.0001,2.4987564894211864e-06,0.0025337339734258974,0.00042051569723444286,14396,0.45532237011499493
996,0.44260956775603283,0.451843056052321,0.0001,0.011266528768551616,2.4833123743531164e-06,0.002860667089076504,0.00044083007736771826,14829,0.44260956775603283
997,0.45188130223921985,0.45193389439177,0.0021479594887924645,0.0001,2.967643119722529e-06,0.0027632207545877623,0.0004320686351812014,14454,0.45188130223921985
998,0.4609522438531948,0.45198162240815837,0.001975870090009588,0.0001,2.673335724424171e-06,0.0027059832910484496,0.0004210357400547995,14220,0.4609522438531948
999,0.4508757693074229,0.45220327461806026,0.0001,0.011022529973125217,2.313545066267264e-06,0.002724791658434316,0.00041978476300959505,14599,0.4508757693074229
1000,0.44896506644468803,0.4522471276902356,0.001785076223046021,0.0001,2.3154230742003038e-06,0.002594200790204139,0.0004094877469152221,14554,0.44896506644468803
1001,0.4491151064049636,0.4523367727063927,0.002099872874152762,0.0001,2.655536111968308e-06,0.002529235121473474,0.00040518001869299756,14516,0.4491151064049636
1002,0.44938396361227445,0.4523443962675303,0.001750995464263004,0.0001,2.4090328921259483e-06,0.0027516152283580167,0.00040633062760376637,14585,0.44938396361227445
1003,0.4553400105274052,0.4523203999986254,0.001493484237629648,0.0001,2.0994342139289907e-06,0.0028114581473736387,0.00039362179417582106,14380,0.4553400105274052
1004,0.45213688714915945,0.45238405321345593,0.001909465322127946,0.0001,2.2775370552208046e-06,0.0023855233492092657,0.0004019397385535565,14357,0.45213688714915945
1005,0.45599404012489975,0.45243170092632035,0.001868530170188919,0.0001,2.374002720136755e-06,0.0025410376112864476,0.00040466539591650283,14356,0.45599404012489975
1006,0.4491583700533257,0.45250969649183287,0.0021912497207103323,0.0001,3.107914807121858e-06,0.0028366596264659165,0.00041405051169992647,14605,0.4491583700533257
1007,0.46327836249972354,0.4524883806890887,0.0017476189200121683,0.0001,2.3898919476936203e-06,0.002735026406874767,0.00041830856990645975,14077,0.46327836249972354
1008,0.45197791083743893,0.4525042868621775,0.001687184869740008,0.0001,2.3442330517032212e-06,0.0027788692202585516,0.0004067757478418502,14473,0.45197791083743893
1009,0.4510697995566029,0.4525287397005377,0.001888939577465388,0.0001,2.646236271341581e-06,0.0028018220412241533,0.00041152526829709725,14460,0.4510697995566029
1010,0.45351484215865256,0.452558162318794,0.0020164570110510808,0.0001,2.754275738555241e-06,0.0027317971307700443,0.0004193193127913073,14403,0.45351484215865256
1011,0.4574697778980388,0.4526342049579567,0.002049279464805959,0.0001,2.666718137878861e-06,0.002602590992274804,0.00040847430427612283,14262,0.4574697778980388
1012,0.4461041777773983,0.45267066075363876,0.0020858625321582224,0.0001,3.048903357040536e-06,0.0029233981722523814,0.00042328826564133235,14762,0.4461041777773983
1013,0.4487850505413421,0.4526957473008376,0.0018315508486633028,0.0001,2.4548826565720316e-06,0.002680660117477653,0.0003873995512701497,14585,0.4487850505413421
1014,0.45025582327066627,0.4527474848622456,0.0019518089581485225,0.0001,2.678378416748806e-06,0.002744508785623675,0.0004265669695337314,14553,0.45025582327066627
1015,0.45564060471365014,0.4528100076102074,0.002105401867771635,0.0001,2.8517088206823816e-06,0.002708944894877138,0.0004127551843475622,14395,0.45564060471365014
1016,0.45744700810861133,0.45293219506694304,0.002284797803780415,0.0001,3.0610300990910243e-06,0.0026794757015489593,0.00043587657510179645,14288,0.45744700810861133
1017,0.4516615739564548,0.45300114869600716,0.0019271446403362786,0.0001,2.4636387941132313e-06,0.0025567762196441433,0.00040405055098741214,14498,0.4516615739564548
1018,0.4509527835704311,0.45303664572460123,0.00208700262319979,0.0001,2.8565701062575125e-06,0.0027374858799916815,0.000421596471746661,14478,0.4509527835704311
1019,0.45704084043021964,0.4531103149443796,0.001964159814571239,0.0001,2.4980265491238304e-06,0.002543608244697879,0.00041516673276242785,14204,0.45704084043021964
1020,0.4480547863630479,0.45305258057233344,0.0017729502805924784,0.0001,2.594079607677667e-06,0.002926285791625004,0.00040950969977862297,14563,0.4480547863630479
1021,0.44852866767805777,0.453147417294848,0.002194405457262614,0.0001,3.0499143999865554e-06,0.002779718205578231,0.0004335646793000373,14688,0.44852866767805777
1022,0.44928656235641506,0.45319187556349383,0.0018350988985181675,0.0001,2.4909173159416016e-06,0.0027147499439436245,0.0003940064412596402,14624,0.44928656235641506
1023,0.4571923411042446,0.4532569239085393,0.001968750094723866,0.0001,2.5340804828659033e-06,0.002574303858734625,0.0004122753129992498,14237,0.4571923411042446
1024,0.451884931613314,0.4533290152863246,0.002142400741813568,0.0001,3.02068492311067e-06,0.0028199065321025075,0.00041115683471829685,14426,0.451884931613314
1025,0.46036638188990253,0.4535541016834638,0.0001,0.011120447937733638,2.2821502461633614e-06,0.002609639188694904,0.00041044214386717713,14210,0.46036638188990253
1026,0.45196932989434574,0.45358395801488693,0.0020455433163084494,0.0001,2.8424379142932015e-06,0.002779152014656812,0.00041268518207754747,14419,0.45196932989434574
1027,0.4578254088135073,0.45361354812058063,0.0019036511571187418,0.0001,2.4832751263150825e-06,0.0026089602782829457,0.00039686790348564683,14329,0.4578254088135073
1028,0.4549495055196446,0.4535895846980096,0.0019224237030920988,0.0001,2.761780748055759e-06,0.0028732279399318753,0.0004237229529616491,14419,0.4549495055196446
1029,0.44433541990208403,0.453719625662951,0.0022733941455003134,0.0001,2.808663419794003e-06,0.0024708987883628867,0.0003872383217640436,14744,0.44433541990208403
1030,0.448941017345871,0.4537861613480694,0.0021566919608182224,0.0001,2.9135067366279335e-06,0.0027018292733122485,0.0004353185466858168,14567,0.448941017345871
1031,0.4604492633695568,0.453895532196243,0.0022390481087235024,0.0001,2.9333854018372726e-06,0.0026202075698227114,0.0004245984423013752,14269,0.4604492633695568
1032,0.4520518757508868,0.45412211375861644,0.0001,0.011392983211579404,2.345860791774043e-06,0.0026261044343847224,0.0004118079958881704,14454,0.4520518757508868
1033,0.45326660498029797,0.45415084417814167,0.0018474257829259925,0.0001,2.449551710564116e-06,0.0026518539832051744,0.0003842821889069774,14410,0.45326660498029797
1034,0.45133991298563064,0.4542065036844646,0.0020700501830497415,0.0001,2.6996842396529958e-06,0.0026083273359833563,0.00041899022691370077,14499,0.45133991298563064
1035,0.4550758802508338,0.45430556371846126,0.001999502686880581,0.0001,2.389058009442232e-06,0.002389652212140205,0.0004003424865244171,14311,0.4550758802508338
1036,0.4511076849793405,0.4543941058280713,0.0020105578333052287,0.0001,2.387438507930383e-06,0.0023749016003241116,0.00038398177211494764,14441,0.4511076849793405
1037,0.447893262910798,0.45461443884206876,0.0001,0.011174843566967458,2.212564952619267e-06,0.002655590518985314,0.0003959903222555259,14646,0.447893262910798
1038,0.4589623336691868,0.4546995010447644,0.00218319318008819,0.0001,3.017839540744913e-06,0.0027646106338817047,0.00039186638037299926,14264,0.4589623336691868
1039,0.4570625082850401,0.4547975480401431,0.00219499387707619,0.0001,2.867388742451695e-06,0.0026126621786035763,0.00037114425100299054,14280,0.4570625082850401
1040,0.45158475611089577,0.45502500334361434,0.0001,0.011521282181853854,2.2863242225128573e-06,0.0023266364105891785,0.0003968871148931397,14448,0.45158475611089577
1041,0.460094649471235,0.45525148645881514,0.0001,0.011971981110854547,2.4106576753183975e-06,0.0025901493992897383,0.0004027165851661333,14134,0.460094649471235
1042,0.4553335542675207,0.45533561144692825,0.002071320975413298,0.0001,2.6741651075535766e-06,0.002582086638716138,0.00035248089903573015,14287,0.4553335542675207
1043,0.4559622664575699,0.4555648835372228,0.0001,0.012060836196813538,2.398499989998434e-06,0.0024778614455754615,0.0003977336149598177,14363,0.4559622664575699
1044,0.45343296293566654,0.4556482931988278,0.0020476631672085134,0.0001,2.5476990295725968e-06,0.002488396598006654,0.000390642617062266,14368,0.45343296293566654
1045,0.4569822960790539,0.45587885894367713,0.0001,0.012312467517309586,2.4416903806255034e-06,0.002697657214068243,0.000396620803619231,14291,0.4569822960790539
1046,0.44981280676871266,0.4559403629563089,0.001834998040838379,0.0001,2.3281968008755697e-06,0.0025375469063845506,0.0003808718664436019,14517,0.44981280676871266
1047,0.45110946605476854,0.45602003034651883,0.0020357249123641235,0.0001,2.6937066617009114e-06,0.0026464348354146355,0.0003784371319540082,14472,0.45110946605476854
1048,0.4531522558443589,0.45608442069236554,0.0019510192913956051,0.0001,2.4709271380898028e-06,0.0025329602315949384,0.0003722503219229233,14409,0.4531522558443589
1049,0.46174224378848117,0.4562001557743025,0.0022258865227458647,0.0001,2.814696896801064e-06,0.002529056955993283,0.0003677805910353224,14160,0.46174224378848117
1050,0.44891360424671584,0.45643557239581556,0.0001,0.012592621572223756,2.4904421939484397e-06,0.0024534646322615914,0.0003955399087735228,14682,0.44891360424671584
1051,0.4631865506737968,0.4566557238264993,0.0001,0.01218493291738352,2.2576329569610037e-06,0.0026894791543495946,0.00037056140928608196,14032,0.4631865506737968
1052,0.45557698870991786,0.4567054596048986,0.0020447178319740206,0.0001,2.728341793320545e-06,0.002668673154463114,0.00036985766319155627,14270,0.45557698870991786
1053,0.4577283770380708,0.456721044574247,0.001780105260105793,0.0001,2.410794024521444e-06,0.002708597158325534,0.00035314618135292826,14251,0.4577283770380708
1054,0.46120292206105795,0.45693738511470994,0.0001,0.012216012240855693,2.207204263028695e-06,0.0027555783082889394,0.0003613624838467069,14132,0.46120292206105795
1055,0.45655001715755283,0.4569538906596867,0.001863188204039017,0.0001,2.530368752454268e-06,0.0027161708591423436,0.0003814635251742885,14248,0.45655001715755283
1056,0.4558271062152156,0.4570535645889267,0.0023968739546292167,0.0001,3.32316394278825e-06,0.002772915059943004,0.00038053108985928324,14414,0.4558271062152156
1057,0.45819366523095073,0.45716964409402394,0.002185484191625069,0.0001,2.7704304212229004e-06,0.0025353012681028648,0.00037616732637420333,14277,0.45819366523095073
1058,0.4575251095178116,0.4571721599063204,0.0018901862466421772,0.0001,2.6408408773929756e-06,0.0027942652551665734,0.00036077149294767803,14177,0.4575251095178116
1059,0.4599443562377052,0.45725162959039156,0.0020803119227645974,0.0001,2.5612872209694455e-06,0.002462406904408511,0.0003593734089188332,14135,0.4599443562377052
1060,0.45664520849397405,0.45724673625726076,0.0017886074359120293,0.0001,2.3115648133075638e-06,0.0025847648476635936,0.00036102122958240034,14290,0.45664520849397405
1061,0.4667563551932451,0.45713547893296724,0.0016834197276235459,0.0001,2.4988380160740734e-06,0.0029687640878506743,0.0003606139425881429,13948,0.4667563551932451
1062,0.4597772784580244,0.4570458395646132,0.0016277052396648415,0.0001,2.445577056567454e-06,0.0030049384826837814,0.00034246570785171585,14096,0.4597772784580244
1063,0.4602183605963784,0.45713682197679106,0.0022303495333525153,0.0001,2.8325486425565418e-06,0.0025400042461495623,0.0003567821435412431,14167,0.4602183605963784
1064,0.4580678622959999,0.45715022262678007,0.0018614735725728995,0.0001,2.699380231424467e-06,0.0029002616756932265,0.0003589434771085493,14279,0.4580678622959999
1065,0.4560849956516865,0.4572211283432797,0.00208696876721619,0.0001,2.6900731085897176e-06,0.0025779716024960054,0.00037315984855368584,14264,0.4560849956516865
1066,0.4551043895503865,0.4573186163897288,0.0021742678904819626,0.0001,2.7811297051691004e-06,0.0025582217511868942,0.0003474751126607187,14400,0.4551043895503865
1067,0.45260114629551196,0.457546209229874,0.0001,0.013192858899326223,2.5244974088233762e-06,0.003066718124085284,0.00038270664881473205,14390,0.45260114629551196
1068,0.4599507399817371,0.4575986224363452,0.001994428610479415,0.0001,2.7235465906954345e-06,0.0027311547541837107,0.00035987674470731174,14232,0.4599507399817371
1069,0.4519139029907713,0.45764124430223746,0.0020246758039152183,0.0001,2.878255326750013e-06,0.0028431764939198505,0.0003879814580827409,14460,0.4519139029907713
1070,0.4519552098224372,0.45785777247267073,0.0001,0.012738800979228443,2.3018477457040754e-06,0.002726050796064082,0.0003613915861402354,14553,0.4519552098224372
1071,0.45432095013011803,0.4578638432661968,0.0017158612767789177,0.0001,2.353594534415505e-06,0.002743338947346333,0.00034833818111939293,14362,0.45432095013011803
1072,0.4595043993809475,0.4580899851125304,0.0001,0.013276619960697528,2.422301950967178e-06,0.0024319247796770194,0.00036489738474669944,14149,0.4595043993809475
1073,0.4590264523469141,0.458307409582363,0.0001,0.012944979589920276,2.243633183058363e-06,0.0025214089004904653,0.0003466414400228778,14194,0.4590264523469141
1074,0.4613373940718524,0.45853192764105877,0.0001,0.013419383362733182,2.3470873222487095e-06,0.002422969594801172,0.00034980554006181516,14094,0.4613373940718524
1075,0.46543756618919296,0.45856138847151595,0.001987873139269919,0.0001,2.7088298457891403e-06,0.002725354845112505,0.00035225009645009457,14003,0.46543756618919296
1076,0.4562731157479046,0.4586067506948407,0.0018495404724949785,0.0001,2.3140051158126013e-06,0.0025022486939051116,0.0003350700935908526,14293,0.4562731157479046
1077,0.4539398105010788,0.45881338033966923,0.0001,0.012674177604829634,2.033955587823936e-06,0.002537153908489764,0.00032096056268753466,14279,0.4539398105010788
1078,0.45624397849448695,0.45889204039023124,0.002061015294796578,0.0001,2.6467768096385763e-06,0.0025684203473121847,0.00034275389814434536,14296,0.45624397849448695
1079,0.46288429827541067,0.45912215456966776,0.0001,0.014004388962804216,2.4249062920421494e-06,0.002381078278376995,0.00034630661837267197,14038,0.46288429827541067
1080,0.45971095719120214,0.4593482525881622,0.0001,0.014084806145381181,2.3754685734722854e-06,0.0025057825400845424,0.00033730937422255837,14141,0.45971095719120214
1081,0.46672013386225986,0.45937755624683835,0.002032909142258714,0.0001,2.6797220080008595e-06,0.002636342128919237,0.0003444168048664016,14055,0.46672013386225986
1082,0.46136535746603824,0.45949468643363794,0.0021562940451487636,0.0001,2.5253688262183124e-06,0.002342323239170366,0.00032737443086993144,14133,0.46136535746603824
1083,0.46001349925915647,0.45956081295067075,0.0019429823421610668,0.0001,2.407012245042865e-06,0.0024776470612344163,0.00031404378089473886,14162,0.46001349925915647
1084,0.4625696455531982,0.45979539621195203,0.0001,0.014779354373660488,2.544440841638738e-06,0.0025617710470567526,0.0003443236798183007,14074,0.4625696455531982
1085,0.4597349609714729,0.4598387357964687,0.0018723709815032235,0.0001,2.5054802724217826e-06,0.0026762647970652383,0.00032538183769505066,14183,0.4597349609714729
1086,0.4669730874577408,0.4599498897073685,0.0021573719604297014,0.0001,2.509722734330962e-06,0.0023266481444684023,0.0003365969439182065,13936,0.4669730874577408
1087,0.455548033779425,0.460168410602957,0.0001,0.01435571164962153,2.3347822664005736e-06,0.0026732666172895603,0.0003252757262593982,14222,0.455548033779425
1088,0.464692652568537,0.46039049712893587,0.0001,0.014472031607817865,2.2954727362113814e-06,0.0023792606127542603,0.0003172288174068601,13908,0.464692652568537
1089,0.45475950858305314,0.46036777666081236,0.0018069126235113891,0.0001,2.614970059796676e-06,0.002894406764080248,0.0003052684106842503,14423,0.45475950858305314
1090,0.4599642550138499,0.46044823725332806,0.0021017735445687078,0.0001,2.762278410606346e-06,0.0026285214387101593,0.00030552297139469176,14232,0.4599642550138499
1091,0.46056941392709083,0.4606612295174051,0.0001,0.014304490536726893,2.1783898617262466e-06,0.002351198694958377,0.00030457426723911815,14025,0.46056941392709083
1092,0.4596388140236489,0.4608852055348181,0.0001,0.015437065267784086,2.4761201694372758e-06,0.00282543791705709,0.00032080193048153254,14127,0.4596388140236489
1093,0.453990642575359,0.461098459544203,0.0001,0.014738518321618668,2.180041223291771e-06,0.0026197955510071196,0.0002958290888839288,14454,0.453990642575359
1094,0.46537408218842186,0.46110318836389264,0.0019258632892122807,0.0001,2.5282581243381336e-06,0.0026255842130645164,0.00029081673205621757,14056,0.46537408218842186
1095,0.45878167783251234,0.4611136456413047,0.0016415663417344234,0.0001,2.011428447415925e-06,0.0024506209664249294,0.00027237154358736613,14268,0.45878167783251234
1096,0.45575541704613637,0.46132513278837056,0.0001,0.014872504264920882,2.1625709978235244e-06,0.0025433493414796188,0.00029081464147558323,14166,0.45575541704613637
1097,0.4531362686158875,0.4614151915564189,0.0020934648420134414,0.0001,2.520772796308108e-06,0.0024082303611879076,0.00029004808150704737,14310,0.4531362686158875
1098,0.46573510330473034,0.4614889335760698,0.002112094288516055,0.0001,2.7280653115437734e-06,0.002583279852965746,0.0003084892522935474,13955,0.46573510330473034
1099,0.4608489781091475,0.46170787134033053,0.0001,0.015643535590711705,2.3067986316876094e-06,0.0026505581223123446,0.0002949203673697987,14082,0.4608489781091475
1100,0.46319324146964663,0.4617686422444628,0.0019604809236278588,0.0001,2.444952278555559e-06,0.002494237254837643,0.000293081070441899,14074,0.46319324146964663
1101,0.458874759369518,0.46183157311268097,0.00208092297791835,0.0001,2.6562787663769116e-06,0.002552981340072585,0.000288904990422515,14155,0.458874759369518
1102,0.455902880595792,0.46192385144056236,0.001979523953913718,0.0001,2.443904244204187e-06,0.002469183804896468,0.0002759941116051695,14222,0.455902880595792
1103,0.46018246848153915,0.4619992268850859,0.0019678906937990416,0.0001,2.4744925838898776e-06,0.0025148679158727393,0.0002917513381713936,14170,0.46018246848153915
1104,0.459989670069867,0.46206702473270134,0.002107599734696571,0.0001,2.743578604686551e-06,0.002603510106326277,0.0002818144292871884,14104,0.459989670069867
1105,0.45895598005892846,0.462130702443299,0.001988198501771319,0.0001,2.3885842966539222e-06,0.0024027623947265753,0.00029508499175400285,14288,0.45895598005892846
1106,0.4622567953553701,0.4623438874866239,0.0001,0.015251401204572091,2.121803142496835e-06,0.0022320198422743393,0.00027824369892790667,14029,0.4622567953553701
1107,0.4626241470576054,0.4624238107834111,0.002201746423585407,0.0001,2.8742377285818168e-06,0.002610870804914309,0.0002812118233787235,14105,0.4626241470576054
1108,0.4643104427398861,0.4626451484111067,0.0001,0.016214767862337737,2.3320000300678e-06,0.002465157353152617,0.00028763902756626797,13960,0.4643104427398861
1109,0.4651801309323618,0.4626111664587266,0.0018821139843278436,0.0001,2.6363140965249186e-06,0.002801439358590623,0.00027433799961976444,13875,0.4651801309323618
1110,0.46177412459576667,0.46270519933258913,0.002156341733089532,0.0001,2.634073569152204e-06,0.002443094736545486,0.0002746550697883599,14094,0.46177412459576667
1111,0.46375781435003605,0.46291311600260704,0.0001,0.015533022312979636,2.058959806520786e-06,0.002229606239057805,0.0002651074291962211,13943,0.46375781435003605
1112,0.45461552924738136,0.4629739508396685,0.001918300047730441,0.0001,2.2690350916731254e-06,0.00236567276777962,0.0002719126284110197,14292,0.45461552924738136
1113,0.4650625865326231,0.4628324574767439,0.0017373456381590355,0.0001,2.7282717577186733e-06,0.003140735726725817,0.0002591569297645754,13953,0.4650625865326231
1114,0.45485722433439246,0.4628966790787431,0.001937245901654448,0.0001,2.4224616813129786e-06,0.00250093359778864,0.0002687394146184932,14350,0.45485722433439246
1115,0.45839631397634156,0.46310724874723835,0.0001,0.015901169121570552,2.1085497608065743e-06,0.0024058986055886544,0.0002652068844354651,14245,0.45839631397634156
1116,0.45601019096564,0.46308711190888957,0.0016317979232086804,0.0001,2.3468943750978056e-06,0.0028764522147239867,0.0002561433831487761,14287,0.45601019096564
1117,0.4678389988242685,0.46329860856526933,0.0001,0.016492598774467435,2.178451762874694e-06,0.002390494336531937,0.0002641732564606137,13887,0.4678389988242685
1118,0.45687910377579444,0.4635123441516834,0.0001,0.01735802558071322,2.3424674265172583e-06,0.003045752103309325,0.00026990021596926445,14233,0.45687910377579444
1119,0.4615605517756823,0.46372365595237586,0.0001,0.01694665454816293,2.1589193812262756e-06,0.002402150783334832,0.00025479003836309505,13986,0.4615605517756823
1120,0.46271687462672406,0.4637900015524281,0.0018055200233653651,0.0001,2.039459235579111e-06,0.0022591377655039233,0.0002345792666074997,13922,0.46271687462672406
1121,0.46809912410348586,0.46400165873364796,0.0001,0.01744027175639266,2.19426379146445e-06,0.0025359663197679896,0.0002516318348835536,13883,0.46809912410348586
1122,0.4626056910921291,0.46407545710927517,0.0019677490200047543,0.0001,2.4079415762639396e-06,0.0024474072168595177,0.00024308047706538273,14041,0.4626056910921291
1123,0.4601330316859486,0.4642860119996362,0.0001,0.017355205892870814,2.10419093892569e-06,0.002120884169159799,0.00024248527524413317,14046,0.4601330316859486
1124,0.4638186545775971,0.4643761164569169,0.0021409506698502508,0.0001,2.6062846393785083e-06,0.0024346984506287616,0.0002486506623406643,13993,0.4638186545775971
1125,0.46145850637289826,0.46445289407970947,0.002071954189939884,0.0001,2.5239250008305143e-06,0.0024362749071240265,0.00024130959072136754,14134,0.46145850637289826
1126,0.4664930838754554,0.46448868963794926,0.0020628043659769394,0.0001,2.7026684004363064e-06,0.002620382664505685,0.000240687787954429,13902,0.4664930838754554
1127,0.4628682373463034,0.46471063576333804,0.0001,0.018592737958885892,2.3320702185487463e-06,0.002334806522517269,0.00025085818169498774,14025,0.4628682373463034
1128,0.47088819064265713,0.4649261328272525,0.0001,0.018310820280605683,2.176792797287981e-06,0.0021966767761857128,0.00023776027113253683,13694,0.47088819064265713
1129,0.47116802565818094,0.46514476873747806,0.0001,0.01919145170138775,2.2954797045397967e-06,0.0023534827466768,0.00023921897522466293,13801,0.47116802565818094
1130,0.46386090007742864,0.4653669032668463,0.0001,0.02011787669262165,2.440242818408272e-06,0.002470543158706752,0.00024259447015134012,14041,0.46386090007742864
1131,0.468728839322761,0.46556653533063386,0.0001,0.01881176270400809,2.039883238640116e-06,0.0024460723654092264,0.00021687316289669035,13832,0.468728839322761
1132,0.4670820722232051,0.4657736839267157,0.0001,0.019884942190497308,2.207059404554725e-06,0.0023740486267374732,0.0002219829842512133,13982,0.4670820722232051
1133,0.46631587042314704,0.46598999281732134,0.0001,0.020686420712195872,2.290080160232686e-06,0.002408875326550523,0.00022140902885945345,13948,0.46631587042314704
1134,0.4676535145335976,0.46609120216326005,0.0019945411885187404,0.0001,2.3397019411188374e-06,0.002346105414705858,0.00020516293798081427,13828,0.4676535145335976
1135,0.46162790563254996,0.466162383450494,0.0019457995576559798,0.0001,2.4278074046361514e-06,0.0024954342240275005,0.00020607007532413136,14100,0.46162790563254996
1136,0.46578823317002144,0.4661886881128063,0.0019495732951372,0.0001,2.5762019600000054e-06,0.002642836733992816,0.00020393396145207084,13876,0.46578823317002144
1137,0.46652505582563075,0.46639641136216076,0.0001,0.02046442358835469,2.1292215187223304e-06,0.002540553474595827,0.00020809005536163422,13919,0.46652505582563075
1138,0.4649323255753556,0.46639203758000836,0.0016974688626536685,0.0001,2.4455640618412997e-06,0.0028814243555762504,0.00019690769871340955,13910,0.4649323255753556
1139,0.46903532932007125,0.4663523306819221,0.0018520285367860342,0.0001,2.659305306842651e-06,0.0028717757356563683,0.00021202007018765844,13840,0.46903532932007125
1140,0.4657083073312738,0.4665671984745181,0.0001,0.02144674475233596,2.262231442063633e-06,0.0024115280580766702,0.00021096268624330348,13890,0.4657083073312738
1141,0.4643682420560066,0.46678177472411353,0.0001,0.02249807757484634,2.377180981740379e-06,0.0025577743606961098,0.00021132303183078656,14018,0.4643682420560066
1142,0.46869014753127297,0.4669897602538806,0.0001,0.021852031660258533,2.1438164839986483e-06,0.002246983334747441,0.0001962120975595625,13868,0.46869014753127297
1143,0.4639401809671469,0.4670353125734208,0.001877964676855276,0.0001,2.3883744538169186e-06,0.002543577611711359,0.00019998349923388932,13945,0.4639401809671469
1144,0.46557475374158086,0.4671318652408789,0.0022152094265523625,0.0001,2.8056925431780466e-06,0.0025331171938399346,0.0001962919526287178,14019,0.46557475374158086
1145,0.4637408432523772,0.46715969051323813,0.0016902030432512625,0.0001,2.0323838677469685e-06,0.0024048990751282633,0.00018152365090190033,13949,0.4637408432523772
1146,0.4702056032334758,0.46736900071224036,0.0001,0.02240043180990058,2.148458300994433e-06,0.00226766279711951,0.00019182293620294006,13709,0.4702056032334758
1147,0.4606252231552214,0.46758418660139356,0.0001,0.024098776817101555,2.385602818843131e-06,0.0025983391557895747,0.00019798538630808862,14019,0.4606252231552214
1148,0.464958504968362,0.46778577309158303,0.0001,0.022761213721143408,2.0289242987645336e-06,0.0023011945687775055,0.0001782790956248365,14021,0.464958504968362
1149,0.4752683356744629,0.4680045999684846,0.0001,0.02526501630686529,2.3790230368094786e-06,0.002427366201854894,0.00018832547012154693,13636,0.4752683356744629
1150,0.4647728819416588,0.46805971512556954,0.0020960843737973457,0.0001,2.7415575717159623e-06,0.0026158847477587488,0.00018150732658124322,13922,0.4647728819416588
1151,0.4596502789976836,0.4682725209469467,0.0001,0.02545206113584895,2.3055604025310843e-06,0.002698872475955816,0.0001811688562451021,14098,0.4596502789976836
1152,0.4661713606643513,0.4684736740647878,0.0001,0.024628374717298257,2.0398920967072537e-06,0.0024720357373770653,0.0001656538135481991,13888,0.4661713606643513
1153,0.473693436311448,0.4685322031747434,0.001756398383504343,0.0001,2.0921658062963043e-06,0.0023823362922050094,0.00015385629391346682,13740,0.473693436311448
1154,0.47114098039740393,0.4687415363844891,0.0001,0.02605631549132828,2.166527418118106e-06,0.002298631746605063,0.00016629576187309684,13622,0.47114098039740393
1155,0.46742891129161435,0.46881144896650906,0.002016680245651317,0.0001,2.595685293335226e-06,0.0025742160155854646,0.0001646737259340887,13924,0.46742891129161435
1156,0.4730894188612713,0.4688807416553039,0.001905491049905436,0.0001,2.3176052607779295e-06,0.0024325543390958946,0.00016661473786456796,13668,0.4730894188612713
1157,0.4706430998761072,0.46908856522907394,0.0001,0.026814585430685604,2.1834453265689084e-06,0.0024019518650635163,0.0001628550500781008,13714,0.4706430998761072
1158,0.46561257934047473,0.4693026828605935,0.0001,0.02793869780382286,2.244105427504647e-06,0.0022070692933735415,0.00016064495512726335,13894,0.46561257934047473
1159,0.4762665114988465,0.46951005356642905,0.0001,0.028306976203084224,2.1696413203752076e-06,0.002334533818130997,0.00015329375379478444,13656,0.4762665114988465
1160,0.46349793421466984,0.46972277970061704,0.0001,0.030290907234469536,2.3412118224273697e-06,0.0027651968439560675,0.00015458182247926784,13983,0.46349793421466984
1161,0.46908722558406113,0.4697624214041677,0.0019532186889942844,0.0001,2.4382072080397014e-06,0.0024966044220016536,0.00014326202028533153,13824,0.46908722558406113
1162,0.4766094119441696,0.4698486889122945,0.0021274611691443775,0.0001,2.4820994230222957e-06,0.0023333910475278347,0.00014677774784833844,13579,0.4766094119441696
1163,0.47875465382092086,0.4698884139908385,0.0020927615097804616,0.0001,2.657573771077977e-06,0.002539776996717382,0.0001374743560108618,13359,0.47875465382092086
1164,0.4698812899297849,0.4701007074090159,0.0001,0.030461621748929166,2.2313161217385992e-06,0.002397687909936336,0.00014650015288940007,13717,0.4698812899297849
1165,0.4726282110185842,0.47030544428740667,0.0001,0.031187714374620586,2.2085625072995405e-06,0.002648506529079218,0.0001416302894640325,13589,0.4726282110185842
1166,0.47464577461382884,0.4705220460741718,0.0001,0.0330350625280268,2.3124761710789714e-06,0.0021361756568151545,0.0001400013194536609,13627,0.47464577461382884
1167,0.4625896852950832,0.4704788730547506,0.0015472157057056,0.0001,2.0899509258392005e-06,0.00270156374205895,0.00012724540380907895,13973,0.4625896852950832
1168,0.47354357585033846,0.47055882825958184,0.0019317896227652566,0.0001,2.227274163444613e-06,0.002305917929361672,0.00013178053656306038,13568,0.47354357585033846
1169,0.4670305118464111,0.4707745628214863,0.0001,0.03425582670894593,2.3288298837177174e-06,0.0023284650044117644,0.00013596693511469348,13844,0.4670305118464111
1170,0.4631892046382803,0.4709754716572506,0.0001,0.03298099609988479,2.023425255533793e-06,0.002138077470118349,0.00012270249506144304,13998,0.4631892046382803
1171,0.46443790875299845,0.47106904241721154,0.002154368257628239,0.0001,2.62035143183491e-06,0.0024325937987219283,0.00012861778105677335,13872,0.46443790875299845
1172,0.46695129293504734,0.47126677773098335,0.0001,0.03501904768499989,2.113889819642802e-06,0.002476679641969754,0.00012072800143838686,13857,0.46695129293504734
1173,0.472296360706508,0.4714720315340517,0.0001,0.03614731720920365,2.0931286617475053e-06,0.002037861073207979,0.00011581101024086861,13639,0.472296360706508
1174,0.47364206571577055,0.47156244699433025,0.00206579998981597,0.0001,2.3479550336778403e-06,0.0022731678238482383,0.000113298072607427,13614,0.47364206571577055
1175,0.47432018530869546,0.47165902060412107,0.0020557027642414986,0.0001,2.286378298242332e-06,0.0022244249879052403,0.00011026877630528618,13567,0.47432018530869546
1176,0.47202844960048784,0.47183774937576994,0.0001,0.03399581219231507,1.7303774088669513e-06,0.0022471263572357457,0.0001017994451244858,13669,0.47202844960048784
1177,0.4727470730980957,0.47204530229177877,0.0001,0.03959926875317228,2.190741202085799e-06,0.002331139419535822,0.00011064553821642474,13724,0.4727470730980957
1178,0.47252888642140745,0.47225014597489556,0.0001,0.04136963414164732,2.1961625342140326e-06,0.0024403777210259808,0.00010617268340805213,13740,0.47252888642140745
1179,0.4780532328571902,0.47245092300924496,0.0001,0.04299673419244723,2.174552311300616e-06,0.0024703971599158185,0.00010114965018355258,13483,0.4780532328571902
1180,0.47117470425732383,0.47252845472488875,0.0021511404917935037,0.0001,2.5583715726564257e-06,0.0023786187675016945,0.00010080141182623494,13774,0.47117470425732383
1181,0.4706785788490422,0.4727259560750264,0.0001,0.04331060398473115,2.027268586813497e-06,0.0023857692256446664,9.36153459105856e-05,13764,0.4706785788490422
1182,0.47456333910246895,0.47293417430313145,0.0001,0.047348806441750935,2.2132857446159996e-06,0.0022660777690298416,9.348855487366124e-05,13507,0.47456333910246895
1183,0.4737998326764752,0.47314629286584065,0.0001,0.051164866146964756,2.353680498876944e-06,0.0021481543970544746,9.200377822219986e-05,13676,0.4737998326764752
1184,0.46633456580048044,0.4733482313820053,0.0001,0.05220484532241691,2.211591809839971e-06,0.002542242126049119,8.472745379020622e-05,13904,0.46633456580048044
1185,0.47881834827443415,0.47355986060320565,0.0001,0.05595259574780043,2.2660483667094887e-06,0.002216623580956533,8.099886471481782e-05,13391,0.47881834827443415
1186,0.4764465193338636,0.47375914791292645,0.0001,0.05626921798085311,2.0449246101050145e-06,0.0023312119082360425,7.268359801271263e-05,13601,0.4764465193338636
1187,0.4697719729462218,0.4737762022136776,0.002079999298797285,0.0001,2.7415811241670153e-06,0.0026361365850000778,6.973936772726137e-05,13760,0.4697719729462218
1188,0.48303598432792916,0.47396568417406837,0.0001,0.05691885047689327,1.8688564718064929e-06,0.002102488887412521,6.566740038311815e-05,13293,0.48303598432792916
1189,0.4771199849692262,0.4741691357685034,0.0001,0.06549919253148972,2.1849527040806907e-06,0.0026535482598252155,6.671693557230469e-05,13451,0.4771199849692262
1190,0.47533452733224985,0.47424518494142176,0.001851566811992394,0.0001,2.0760977043238097e-06,0.002242530694412055,5.814330600867874e-05,13635,0.47533452733224985
1191,0.4762505159099191,0.47445626099000066,0.0001,0.07171624044587718,2.2871129342862317e-06,0.002209659306178345,6.378228752836729e-05,13434,0.4762505159099191
1192,0.47058157531249123,0.4746749132047009,0.0001,0.08077506296698268,2.521222382675623e-06,0.0023207687137642664,6.24257608739021e-05,13776,0.47058157531249123
1193,0.47944224721034323,0.4748783878177193,0.0001,0.08191167259466753,2.1763606596243295e-06,0.002324633391071974,5.313920692094404e-05,13392,0.47944224721034323
1194,0.4673619178110341,0.475074632294541,0.0001,0.08534862442467296,2.009164447143754e-06,0.0022791576793061126,4.708135510530701e-05,13867,0.4673619178110341
1195,0.4752258714018915,0.4752817212500276,0.0001,0.09822805414379478,2.215484136475429e-06,0.0022891467441131233,4.5108989601528926e-05,13541,0.4752258714018915
1196,0.4794780091841152,0.4754941732213036,0.0001,0.11200213900856351,2.3526287511524133e-06,0.0019420780177989696,4.201042537183213e-05,13514,0.4794780091841152
1197,0.47956172201304914,0.47556805329781093,0.0020299675240328763,0.0001,2.4413661784233254e-06,0.0024053253557210956,3.447440926775068e-05,13456,0.47956172201304914
1198,0.47955762788085343,0.47576429448423296,0.0001,0.11881441021197318,2.0843284860800208e-06,0.0022148816063367813,3.508544935519915e-05,13408,0.47955762788085343
1199,0.47162643484923694,0.4759583653663348,0.0001,0.13542633659291384,2.097509805308918e-06,0.002267207929500589,3.097639437170849e-05,13625,0.47162643484923694
1200,0.47160608041382907,0.4761581007293185,0.0001,0.1572181371087714,2.111620346562697e-06,0.002271081157784179,2.686229954628927e-05,13694,0.47160608041382907
1201,0.47513360887230244,0.47636450741780834,0.0001,0.1929402661808518,2.2535891015092104e-06,0.0021799677954380155,2.3360485046670533e-05,13556,0.47513360887230244
1202,0.47289233136441666,0.476562952523791,0.0001,0.22674626446418122,2.0382142004948304e-06,0.002084325210787482,1.797792969433288e-05,13552,0.47289233136441666
1203,0.4698280238704945,0.4767560732279923,0.0001,0.29659024878471413,2.0792746801479485e-06,0.002419233899243805,1.402119380976164e-05,13776,0.4698280238704945
1204,0.4789527845109577,0.4769598137511126,0.0001,0.4388066508481284,2.259589229997779e-06,0.0022810807080014817,1.0298792079064575e-05,13508,0.4789527845109577
1205,0.47580180834932567,0.47715248532865473,0.0001,0.7446980259411072,2.035055075464476e-06,0.002387985908737426,5.465450436484475e-06,13445,0.47580180834932567
1206,0.4778798350371197,0.4772320121073458,0.0007981039169381406,1.0,1.6457822413550962e-06,0.002072423203677862,1.4405410581793273e-06,13394,0.4778798350371197
1207,0.47456357627512813,0.47728808242960363,0.0018073019072120129,0.0,2.111456467367636e-06,0.0023365841190582486,-3.614189317602792e-19,13609,0.47456357627512813
1208,0.47857190290312585,0.4773491157843819,0.0019220754672480014,0.0,2.3677264456296067e-06,0.0024637185021873062,-3.2131021246034767e-19,13596,0.47857190290312585
1209,0.4824748735140613,0.4773965799185847,0.0018032672293813656,0.0,2.1782703261664476e-06,0.0024159151685063693,-3.428753370999391e-19,13262,0.4824748735140613
1210,0.4816633351398862,0.47743980152530824,0.0014948622823638012,0.0,1.5120806831875153e-06,0.0020230367720516524,-3.268578142195664e-19,13392,0.4816633351398862
1211,0.4788593979537342,0.47744435984719236,0.0014091163268956397,0.0,1.525173365985482e-06,0.0021647231486495114,-3.593865525046343e-19,13410,0.4788593979537342
1212,0.4776283015672147,0.4774371457527168,0.0014264316814485286,0.0,1.8074938507190412e-06,0.0025342873047849686,-3.35412697715707e-19,13390,0.4776283015672147
1213,0.4773578646809944,0.4774687532010181,0.0018333248459131634,0.0,2.2223058692053906e-06,0.0024243448990061323,-3.367335223390002e-19,13441,0.4773578646809944
1214,0.4782813362867401,0.47748357714389883,0.0017273824453762727,0.0,2.05785731167716e-06,0.0023826308032543425,-3.702737096122485e-19,13405,0.4782813362867401
1215,0.4781472047469542,0.4775450604629983,0.0018376605032124796,0.0,2.086583268658347e-06,0.0022709126794755795,-3.493989926209307e-19,13453,0.4781472047469542
1216,0.4772226900220276,0.4775551434422026,0.0014865232868516943,0.0,1.7185860480825685e-06,0.0023122221673665937,-3.3773100370063647e-19,13378,0.4772226900220276
1217,0.47694615785739314,0.47759608183791546,0.001747645098098439,0.0,2.0119327952001867e-06,0.0023024500768368946,-3.4243227685874336e-19,13380,0.47694615785739314
1218,0.4756296363736654,0.47762047786609385,0.0017030144791594635,0.0,1.9238688719665067e-06,0.002259368778727057,-3.4592915954165453e-19,13601,0.4756296363736654
1219,0.4757395805215018,0.4776122294143192,0.0013852787477617254,0.0,1.5735964636657677e-06,0.002271884219993006,-3.482761398502659e-19,13544,0.4757395805215018
1220,0.4768477794814257,0.4776416005495782,0.001563341020550631,0.0,1.86551399819356e-06,0.002386573337065638,-3.5979381323127935e-19,13524,0.4768477794814257
1221,0.4747660447293985,0.4777060558011837,0.0020447044909154884,0.0,2.6108805689550293e-06,0.002553797461251766,-3.9243203800073925e-19,13574,0.4747660447293985
1222,0.4783813296491672,0.47771443769974464,0.0013663656798050506,0.0,1.5155217667109473e-06,0.002218325283063576,-3.108704550429098e-19,13394,0.4783813296491672
1223,0.47992687972323056,0.4777500434274332,0.0016052825044587937,0.0,1.753325892910532e-06,0.002184445277439375,-3.5073874292766433e-19,13338,0.47992687972323056
1224,0.47089606424922226,0.4777998808700942,0.001882692346265678,0.0,2.304517138602393e-06,0.0024481080439652347,-3.2592641111400435e-19,13725,0.47089606424922226
1225,0.4706071265725764,0.47781591104671983,0.0013624045028982601,0.0,1.3794540990503397e-06,0.0020250286843823692,-3.4841043770300035e-19,13671,0.4706071265725764
1226,0.4784411023245001,0.477828923384746,0.0014773715807868371,0.0,1.668971780510177e-06,0.0022593798367520988,-3.704226251650175e-19,13369,0.4784411023245001
1227,0.47282519832250935,0.47784409646232884,0.0016055844457037085,0.0,1.941328605021524e-06,0.002418220493124748,-3.457365492130586e-19,13477,0.47282519832250935
1228,0.4710078281593552,0.47788931264751366,0.0018178779587598023,0.0,2.1024023448542975e-06,0.0023130291389732278,-3.532166667302418e-19,13601,0.4710078281593552
1229,0.4840720928360421,0.47792990074933683,0.0017532744903366545,0.0,1.9537191960566366e-06,0.002228651824713989,-3.4976020388198904e-19,13277,0.4840720928360421
1230,0.48139815109932566,0.47797970126054123,0.0019763163757059088,0.0,2.299652734670939e-06,0.0023272111317192722,-3.4229647443525395e-19,13295,0.48139815109932566
1231,0.4817701877521129,0.4779818338631875,0.0014374726055209704,0.0,1.5162300557718408e-06,0.002109577671182578,-3.545909714222426e-19,13305,0.4817701877521129
1232,0.4772242465673893,0.47800390912256097,0.0016443362668875296,0.0,1.9084461252310534e-06,0.0023212358246448486,-3.4097468434172544e-19,13396,0.4772242465673893
1233,0.4752949700975312,0.47801239814217233,0.001325339382032126,0.0,1.5144996620087966e-06,0.002285451836022006,-3.117133066490806e-19,13545,0.4752949700975312
1234,0.4737032991973118,0.477978658354211,0.0015160693540101514,0.0,1.9644855717163297e-06,0.0025915510613285253,-3.4757892707853313e-19,13547,0.4737032991973118
1235,0.4782461838630235,0.47795229258759797,0.0016289084875623961,0.0,2.0544619208472666e-06,0.0025225013394358283,-3.623592843884696e-19,13430,0.4782461838630235
1236,0.47680356039698224,0.47801760694555123,0.0017513062830465528,0.0,1.7812088557505485e-06,0.002034148878461142,-3.4751007500335673e-19,13441,0.47680356039698224
1237,0.48348248016943435,0.4781147728807663,0.0020048177327545522,0.0,2.0865967910953293e-06,0.0020815825369106403,-3.1002901705671986e-19,13285,0.48348248016943435
1238,0.4700099828832245,0.47817540760387667,0.0019309347498848006,0.0,2.174555923470726e-06,0.002252334962225377,-3.4613632733236277e-19,13636,0.4700099828832245
1239,0.4776106796552182,0.4782544746271392,0.0019513373905298485,0.0,2.185735407333951e-06,0.0022402434534813647,-3.3859941377243365e-19,13470,0.4776106796552182
1240,0.4800992756472062,0.4783195460611701,0.001838397927707208,0.0,1.926371347944903e-06,0.0020957066137986926,-3.5831504428654953e-19,13435,0.4800992756472062
1241,0.47410223185040834,0.4782873973082677,0.0017024766816531717,0.0,2.0812678807926338e-06,0.002444988413904901,-3.345272002054073e-19,13598,0.47410223185040834
1242,0.47983028676695844,0.47829260326515355,0.0016419991894512838,0.0,2.0594950901612345e-06,0.002508521445554997,-3.446662206386574e-19,13339,0.47983028676695844
1243,0.47811298165553584,0.4782862730473997,0.001548543305318961,0.0,1.9038269675974784e-06,0.0024588617716510518,-3.558603096127367e-19,13493,0.47811298165553584
1244,0.48299383337143337,0.478349487700817,0.0016678322279505178,0.0,1.6802923799018616e-06,0.0020149417330382864,-3.4922990148614047e-19,13328,0.48299383337143337
1245,0.4713103371952036,0.4783785681112426,0.0015817612131092949,0.0,1.719801504240992e-06,0.002174539987436345,-3.428798910621763e-19,13576,0.4713103371952036
1246,0.4819622134589196,0.47828394509717476,0.000998678227396232,0.0,1.1393288538610956e-06,0.002281673561326294,-3.715849987275903e-19,13258,0.4819622134589196
1247,0.4830972961479856,0.4782892850925291,0.0016297631033639832,0.0,1.987083179827283e-06,0.0024384932702498393,-3.324105585150923e-19,13309,0.4830972961479856
1248,0.4818126687769714,0.478323340484738,0.0017352005993002569,0.0,1.9920562370639467e-06,0.0022960529611011776,-3.419815406399739e-19,13344,0.4818126687769714
1249,0.4791093535159345,0.478280550976794,0.001214098976514763,0.0,1.384840635070432e-06,0.0022812648093087206,-3.2136704634494514e-19,13341,0.4791093535159345
1250,0.4753432533643477,0.47824229670052765,0.0014084498438811928,0.0,1.6180788086325767e-06,0.0022976733117790267,-3.333746908095378e-19,13504,0.4753432533643477
1251,0.47314063411562696,0.4782279496803059,0.0013528795189319041,0.0,1.5632348592839882e-06,0.002310974240364226,-3.5079459800482056e-19,13505,0.47314063411562696
1252,0.47841351540987587,0.47828403925098006,0.0018558551394510174,0.0,2.1007667108345773e-06,0.002263933931239921,-3.3272878296943196e-19,13392,0.47841351540987587
1253,0.477334663593371,0.4782800114930168,0.0015105086189135966,0.0,1.7609272218840268e-06,0.002331568585355757,-2.908787205583583e-19,13465,0.477334663593371
1254,0.47814091986447793,0.4783437623354368,0.0018516609773506238,0.0,2.0748233202615535e-06,0.0022410401748923095,-3.332321254656777e-19,13499,0.47814091986447793
1255,0.47938477330176144,0.47837392540993173,0.0014114675185793347,0.0,1.4928455287917883e-06,0.0021153097880627987,-3.408020892036747e-19,13349,0.47938477330176144
1256,0.4832560915119267,0.47840875859181275,0.0017259274101191825,0.0,2.079710138942532e-06,0.0024099624662649276,-3.678267228068543e-19,13222,0.4832560915119267
1257,0.47519005454184166,0.4784041165245737,0.0013705760364387995,0.0,1.6962250228125073e-06,0.0024752001752779067,-3.4631137752724964e-19,13551,0.47519005454184166
1258,0.4765486895901919,0.4784595795494877,0.0018631886581517503,0.0,2.248444842148516e-06,0.0024135450077062324,-3.4003948735205376e-19,13511,0.4765486895901919
1259,0.4797743031340621,0.47847059220457505,0.0014528342646322483,0.0,1.7132371497243819e-06,0.0023584756932450903,-3.661084998403774e-19,13440,0.4797743031340621
1260,0.4762193427954699,0.4785058559848088,0.001879792043135188,0.0,2.38698162497385e-06,0.00253962307553207,-3.302072756059546e-19,13477,0.4762193427954699
1261,0.4789599587162569,0.4785407084724502,0.0016750721942657006,0.0,1.9051186360596583e-06,0.0022746704799727186,-3.506425812918336e-19,13387,0.4789599587162569
1262,0.4680833426652098,0.4785313249069437,0.0015485220694315305,0.0,1.984069557794085e-06,0.0025625331365441194,-3.411786807463294e-19,13811,0.4680833426652098
1263,0.475679764292766,0.47860440019953443,0.0018641571231016454,0.0,2.1368205516069645e-06,0.0022925326681172164,-3.333476627328398e-19,13561,0.475679764292766
1264,0.47140479330054696,0.4786229900567588,0.00157085726432385,0.0,1.8846866408297795e-06,0.002399564471748504,-3.335209913663524e-19,13698,0.47140479330054696
1265,0.476690517785478,0.4786225091921876,0.0015894094520761753,0.0,1.9024058086874152e-06,0.002393852391153691,-3.3515932351622124e-19,13521,0.476690517785478
1266,0.4768449996263157,0.4786462155201241,0.0017369382715701567,0.0,1.9719709262315997e-06,0.0022706286786449564,-3.530947020157168e-19,13467,0.4768449996263157
1267,0.47375541764474105,0.47868831133843004,0.0017561238345919468,0.0,2.020420421557443e-06,0.002300999942896292,-3.6710613154814034e-19,13649,0.47375541764474105
1268,0.47971970116379276,0.47876299999621913,0.0020329755709177374,0.0,2.317329372332803e-06,0.0022797414838454755,-3.5509592847814026e-19,13385,0.47971970116379276
1269,0.4798934753243696,0.4787750305115582,0.0016578713618825695,0.0,2.023750034579434e-06,0.0024413836695766273,-3.40706460787601e-19,13384,0.4798934753243696
1270,0.4850543816678897,0.47884835215983423,0.001916627230841532,0.0,2.201613049672585e-06,0.002297382625317208,-3.593316744980303e-19,13239,0.4850543816678897
1271,0.4711591969408669,0.4788331918564458,0.001495942437108612,0.0,2.0028266844575904e-06,0.002677678812733858,-3.4468937105205515e-19,13704,0.4711591969408669
1272,0.4793119441841407,0.4788849376937562,0.001807815125944936,0.0,2.012041243401763e-06,0.002225936949554041,-3.286422190766064e-19,13420,0.4793119441841407
1273,0.47887707686389747,0.4788894080175645,0.0015236177711396813,0.0,1.6884134478503327e-06,0.0022163215470864224,-3.5716826985105616e-19,13358,0.47887707686389747
1274,0.47685421534494055,0.4789481792811697,0.001673806320076328,0.0,1.6955097886060017e-06,0.002025933070355098,-3.3366626604668022e-19,13289,0.47685421534494055
1275,0.4738037485283399,0.4789162381943378,0.0014177849269340417,0.0,1.7238529487326722e-06,0.002431755220392281,-3.180386030311616e-19,13693,0.4738037485283399
1276,0.47786377722318574,0.47896605548037063,0.002017853669305014,0.0,2.4284407857521178e-06,0.0024069543026759887,-3.186044411893906e-19,13456,0.47786377722318574
1277,0.4763373365530289,0.4789172656464927,0.0015543199544315232,0.0,1.78298553389886e-06,0.0022942323153162746,-3.2538943411459945e-19,13487,0.4763373365530289
1278,0.4843136142530112,0.47898265804539064,0.0018580445919622692,0.0,1.983737365517271e-06,0.002135295755654882,-3.9000029035573746e-19,13280,0.4843136142530112
1279,0.47683188956021927,0.4790372981276271,0.0017372073556674167,0.0,1.9060128036436777e-06,0.0021943411618947552,-3.598410969959657e-19,13463,0.47683188956021927
1280,0.48046995682066845,0.4790942999786215,0.0018501533861817181,0.0,2.129456201889389e-06,0.002301923957001302,-3.2466168161336693e-19,13353,0.48046995682066845
1281,0.4771361820095278,0.47911884141177974,0.0016072443517377354,0.0,1.726968165467134e-06,0.0021489802264353327,-3.4871103718681106e-19,13480,0.4771361820095278
1282,0.4879535039952314,0.47911627328037076,0.001739581737907367,0.0,2.2459506173326e-06,0.0025821731378191746,-3.717239638027385e-19,13125,0.4879535039952314
1283,0.48283817104925114,0.47914486257001654,0.001833760855861884,0.0,2.1979172837703196e-06,0.002397168940262147,-3.565211457121264e-19,13262,0.48283817104925114
1284,0.4808737048051552,0.479170974801719,0.0016079818257912618,0.0,1.7829222854225042e-06,0.0022175900956407347,-3.604351361196303e-19,13330,0.4808737048051552
1285,0.47134791611544724,0.47916755218050683,0.0015747769747795277,0.0,1.9320177928664135e-06,0.002453703379981029,-3.4599464873691516e-19,13736,0.47134791611544724
1286,0.48072016427982794,0.4791462406043505,0.0014196805659973694,0.0,1.7171138355103131e-06,0.0024190143566612645,-3.7105273596150206e-19,13448,0.48072016427982794
1287,0.4808108967301223,0.4792394131920329,0.002013530402441814,0.0,2.111929958575741e-06,0.002097738336619698,-3.96087152076265e-19,13276,0.4808108967301223
1288,0.4810236350314862,0.479289813189951,0.0019481154559709284,0.0,2.1885692814785706e-06,0.002246857879773662,-3.1673071141655835e-19,13285,0.4810236350314862
1289,0.4835384485728916,0.47916002083533693,0.0012326783873926152,0.0,1.6182244502854378e-06,0.002625542017830518,-3.7556697802342716e-19,13301,0.4835384485728916
1290,0.47810923705350056,0.4792416807322998,0.001957498194965009,0.0,2.1435746567033064e-06,0.0021901166113122497,-3.3177502788851428e-19,13402,0.47810923705350056
1291,0.47936704683995535,0.47929770697206553,0.0019445449885566448,0.0,2.233939010754638e-06,0.002297647031980267,-3.1716452293780463e-19,13451,0.47936704683995535
1292,0.479471838984944,0.4792916671087191,0.0015257741138516268,0.0,1.8396141889730875e-06,0.00241138471582692,-3.8446678338758536e-19,13385,0.479471838984944
1293,0.4795523934838699,0.4793273751274272,0.001600293951056216,0.0,1.7308452326841354e-06,0.0021631591265364137,-3.55768232157424e-19,13338,0.4795523934838699
1294,0.4811074527534268,0.47936773508795494,0.0018096623261242286,0.0,2.0593697734659453e-06,0.00227597131656768,-3.5855408510810913e-19,13301,0.4811074527534268
1295,0.48073460306212645,0.4793757936090706,0.0015723526057683092,0.0,1.6182003220831248e-06,0.002058317347071668,-3.5804075109090954e-19,13348,0.48073460306212645
1296,0.47552179025264363,0.4794311702791827,0.00185497047725746,0.0,1.984860254063135e-06,0.002140045114893381,-3.6126738900280078e-19,13542,0.47552179025264363
1297,0.4800078157922161,0.47941360715652137,0.0013370405600117684,0.0,1.4161012048280857e-06,0.002118262148779722,-3.3153289990739365e-19,13315,0.4800078157922161
1298,0.4804411468707259,0.47941890867863735,0.0015740280291891666,0.0,1.85294844895043e-06,0.002354403370955147,-3.637225055324379e-19,13312,0.4804411468707259
1299,0.48469256357436113,0.47948909426659125,0.001903311870697103,0.0,2.14055786834051e-06,0.002249298080147542,-3.3806048024285574e-19,13232,0.48469256357436113
1300,0.47732350661573864,0.47951760699487944,0.0016161569141145728,0.0,1.6677753114842086e-06,0.0020638779525909037,-3.675399571089009e-19,13419,0.47732350661573864
1301,0.4825979640824619,0.4794912405818682,0.0013534285090826014,0.0,1.5120885333926056e-06,0.0022344564537325274,-3.396539040385525e-19,13249,0.4825979640824619
1302,0.47959270153276434,0.4795528239966482,0.0017921088507547754,0.0,2.0354539932558896e-06,0.0022715740647099936,-3.4134542430637823e-19,13395,0.47959270153276434
1303,0.47596231255875926,0.47958854996470557,0.0016954201179534287,0.0,1.7436249879315222e-06,0.0020568648082768797,-3.30821331494954e-19,13476,0.47596231255875926
1304,0.48352887484986357,0.47958401467577716,0.0014987387316053077,0.0,1.7760905379522754e-06,0.002370113616867557,-3.673457912451349e-19,13269,0.48352887484986357
1305,0.47937012025619885,0.4796251556476314,0.0017052486985436896,0.0,1.8577169242208062e-06,0.0021788222747888054,-3.272562902105376e-19,13359,0.47937012025619885
1306,0.47842166413859183,0.47967087155897625,0.0017140306024266568,0.0,1.8982836307893456e-06,0.0022149938607885188,-3.4765264561671423e-19,13365,0.47842166413859183
1307,0.4843789564335355,0.47963806693242583,0.0012789672232910825,0.0,1.3749946938122748e-06,0.00215016408360191,-3.287072820353234e-19,13194,0.4843789564335355
1308,0.48380412273261064,0.47967647301881133,0.001510243557449508,0.0,1.5999316351157178e-06,0.002118772998201263,-3.4754119681840326e-19,13332,0.48380412273261064
1309,0.4833723560779964,0.4797135584888378,0.0015897214975556387,0.0,1.5878382876885014e-06,0.001997630767565221,-3.344314974512189e-19,13215,0.4833723560779964
1310,0.4701451326401001,0.47974767422917874,0.0017969949940235055,0.0,2.044922427696275e-06,0.0022759355863509164,-3.3080472044986464e-19,13716,0.4701451326401001
1311,0.47545220929336346,0.4798211024584448,0.001704952105067002,0.0,1.8125691246709486e-06,0.002126240519348451,-3.4632682819066397e-19,13504,0.47545220929336346
1312,0.48212103278866164,0.4798253902802131,0.0014848144885562303,0.0,1.4829213339997932e-06,0.001997449978335977,-3.5666170653149902e-19,13323,0.48212103278866164
1313,0.4809012936185393,0.47983869964139203,0.0015484856335067577,0.0,1.5964886436241128e-06,0.0020619999424969096,-3.554369621136142e-19,13340,0.4809012936185393
1314,0.4737432245167228,0.4798706503295782,0.0015893264105387504,0.0,1.7248038231954738e-06,0.002170484063888171,-3.2796627433846947e-19,13625,0.4737432245167228
1315,0.4810553053887439,0.47989180599535525,0.0016014976161087002,0.0,1.7910455788745353e-06,0.0022367133873435244,-3.647783622680914e-19,13366,0.4810553053887439
1316,0.48422085568999773,0.4799662737315924,0.0020854388337201773,0.0,2.4238108292015707e-06,0.0023245091536708154,-3.5283608226795283e-19,13183,0.48422085568999773
1317,0.48171558740770337,0.4800291732817255,0.0017864241539282057,0.0,1.8828608315132127e-06,0.002107966159518108,-3.194372102496634e-19,13290,0.48171558740770337
1318,0.4809767743065671,0.47998925136428383,0.0013552717664240652,0.0,1.7353463959233146e-06,0.0025608832691941786,-3.2273264754144656e-19,13275,0.4809767743065671
1319,0.47874453255542904,0.4800054912993394,0.001639537652158649,0.0,1.981616975704326e-06,0.0024172875482246937,-3.6981290686837167e-19,13372,0.47874453255542904
1320,0.48079004092922145,0.4800681539604006,0.0020440363935148127,0.0,2.3418605777955363e-06,0.0022914079076337785,-3.2803631089760573e-19,13324,0.48079004092922145
1321,0.485742157632641,0.4801315794083176,0.001819546653421541,0.0,1.8659857501292418e-06,0.002051044689203626,-3.7152847957700497e-19,13151,0.485742157632641
1322,0.4849218374503631,0.48020151361871144,0.0017769909049077327,0.0,1.6905307238116284e-06,0.0019026892249619097,-3.8106010483930627e-19,13179,0.4849218374503631
1323,0.4807372309643402,0.48028375936597095,0.0019251974493807748,0.0,1.92675447918634e-06,0.002001617527392908,-3.6718099668756722e-19,13376,0.4807372309643402
1324,0.48663680596033587,0.4802124887418317,0.0014500159946121403,0.0,1.9738646391565253e-06,0.0027225418843528104,-3.4698663341723324e-19,13030,0.48663680596033587
1325,0.47699346136512816,0.48026884686836946,0.0016971633677764749,0.0,1.8349295865227165e-06,0.0021623488007836682,-3.330338993218216e-19,13426,0.47699346136512816
1326,0.48623640832838044,0.48028724944127366,0.0019367711245407825,0.0,2.305146823966192e-06,0.0023804018913311225,-3.9295225594885777e-19,13241,0.48623640832838044
1327,0.4790229032901227,0.48029437156325683,0.001298908738018732,0.0,1.3616275225782913e-06,0.0020965715030221853,-3.3846678202048374e-19,13414,0.4790229032901227
1328,0.4823774987753726,0.48029672046959276,0.0013866333214085976,0.0,1.483385115570335e-06,0.00213954921271249,-3.699430464091054e-19,13303,0.4823774987753726
1329,0.4774975935005288,0.48036473498559773,0.0019124209155474492,0.0,2.1702672603994858e-06,0.0022696543870189016,-3.5655271940284996e-19,13487,0.4774975935005288
1330,0.48019059650433626,0.48041385376434953,0.0018171555921810388,0.0,1.909654661571879e-06,0.0021018064383576734,-3.56271192864434e-19,13452,0.48019059650433626
1331,0.4767636427951618,0.48044815149161135,0.001645136701572231,0.0,1.6956531854248269e-06,0.002061413113942833,-3.219752067146818e-19,13445,0.4767636427951618
1332,0.48612175711622263,0.48054950027280585,0.0021153698139073397,0.0,2.1554099881534726e-06,0.002037856429625583,-3.5541751682872123e-19,13241,0.48612175711622263
1333,0.48448672775290924,0.48052866016233364,0.001394259536342156,0.0,1.6788355476658153e-06,0.0024082109591593626,-3.3416292557106635e-19,13208,0.48448672775290924
1334,0.4822128907272003,0.4805071240657449,0.001340347358369843,0.0,1.4156403951838986e-06,0.002112348543597875,-3.141553830160531e-19,13287,0.4822128907272003
1335,0.47801445114250096,0.48052887988031745,0.0016309460490508375,0.0,1.9633941602839417e-06,0.0024076751789877766,-3.7321762578430274e-19,13426,0.47801445114250096
1336,0.474245564986063,0.480542640402568,0.001723341014600309,0.0,2.0693346439027946e-06,0.0024015382055799683,-3.674564070035272e-19,13517,0.474245564986063
1337,0.4842006217568644,0.4805139893263962,0.0013391031721644933,0.0,1.4905487176520243e-06,0.0022261895104657816,-3.594100422477655e-19,13208,0.4842006217568644
1338,0.48671376918875214,0.48049732332906514,0.0015784900961141421,0.0,1.8080320176848497e-06,0.00229083732883188,-3.3426404093956093e-19,13181,0.48671376918875214
1339,0.4756098220139008,0.4805379587659484,0.0019432704585312494,0.0,2.456079822727114e-06,0.0025277797148045497,-3.2423620647320325e-19,13468,0.4756098220139008
1340,0.4841633553785326,0.48055525193942794,0.0015754247961988564,0.0,1.6656534488640582e-06,0.0021145451726834606,-3.2762784689772096e-19,13264,0.4841633553785326
1341,0.4810413692099748,0.4805253490893856,0.0020791962140803387,0.0,2.75483781405402e-06,0.0026499065315704496,-3.60460794611836e-19,13330,0.4810413692099748
1342,0.4833692508634696,0.48056297075732735,0.0017306531662145798,0.0,1.9204610641643725e-06,0.0022193482803547,-3.5372201960296786e-19,13268,0.4833692508634696
1343,0.4814721887204254,0.4805643359776135,0.0014946403680867564,0.0,1.4848809102952072e-06,0.0019869407276828176,-3.6638170804483564e-19,13362,0.4814721887204254
1344,0.479108758839687,0.4806310473825538,0.0018895238340863717,0.0,2.1072256969779287e-06,0.002230430396234531,-3.2542049419035517e-19,13428,0.479108758839687
1345,0.48059128635438997,0.48063901587304847,0.0014388071354385634,0.0,1.4881062945506516e-06,0.002068527821273365,-3.5696910645493284e-19,13266,0.48059128635438997
1346,0.4785786194994499,0.4806941035726601,0.001893464227416857,0.0,2.3300874763378046e-06,0.002461189857826474,-3.473974780191973e-19,13396,0.4785786194994499
1347,0.48427629939976785,0.48069567848021766,0.0016356117217508274,0.0,1.7627674488888954e-06,0.002155484000814026,-3.409227307204026e-19,13234,0.48427629939976785
1348,0.4794738056054817,0.48072168613696203,0.001868546976453383,0.0,2.233098769512921e-06,0.002390198156806825,-3.143575666253944e-19,13358,0.4794738056054817
1349,0.4781297654247364,0.4807780717727296,0.0016952409173549316,0.0,1.6473947334302482e-06,0.0019435523488905196,-3.4246061140235235e-19,13363,0.4781297654247364
1350,0.4789438646401356,0.48081316612676545,0.0017473611286668805,0.0,1.9267783060017697e-06,0.0022053578672335157,-3.462578737247087e-19,13469,0.4789438646401356
1351,0.482935588036429,0.4808279793776349,0.0015161603352087667,0.0,1.5706516733177053e-06,0.002071880706602756,-3.6189374566387186e-19,13184,0.482935588036429
1352,0.47679614718833996,0.4808291981684998,0.0017409555609749225,0.0,2.178981674301044e-06,0.0025032019462700476,-3.335495677135133e-19,13425,0.47679614718833996
1353,0.47908972691862195,0.4807981946201745,0.0012358555901227173,0.0,1.514507750541778e-06,0.00245094615041777,-3.2099307981521076e-19,13418,0.47908972691862195
1354,0.49212928011101154,0.4808057294537559,0.0016721587095783691,0.0,1.877574749241396e-06,0.002245689644752467,-3.5218945547488193e-19,12940,0.49212928011101154
1355,0.4836792103025988,0.4808690781811005,0.0018896392776320706,0.0,2.094595442198845e-06,0.0022169262324221025,-3.2055118394784957e-19,13211,0.4836792103025988
1356,0.4830629892218766,0.4809215695785237,0.0017433002181749524,0.0,1.8505882211000378e-06,0.0021230860890241892,-3.3454196281601817e-19,13216,0.4830629892218766
1357,0.4844976799436176,0.48091894425863146,0.001485583807257761,0.0,1.638681430016878e-06,0.002206111054807092,-3.562635031364918e-19,13247,0.4844976799436176
1358,0.48169050685406684,0.48092360835647163,0.0019033136870999228,0.0,2.504718841621513e-06,0.00263195589733603,-3.5090635919099607e-19,13235,0.48169050685406684
1359,0.48477191268098097,0.4809253152999414,0.0013949674593337646,0.0,1.5078036187418634e-06,0.0021617760452447964,-3.4773350933121037e-19,13190,0.48477191268098097
1360,0.48653757452455826,0.4809284263003952,0.00142314583126222,0.0,1.596619189743127e-06,0.0022437885909795336,-3.5230867346333125e-19,13135,0.48653757452455826
1361,0.4763728897996621,0.48096919038266844,0.0015425745685658028,0.0,1.6669788819326176e-06,0.0021612943917291194,-3.729349685426093e-19,13467,0.4763728897996621
1362,0.47731095875830976,0.4810406853352819,0.001963558164925635,0.0,2.060186245264429e-06,0.002098421408710807,-3.5835590980626986e-19,13465,0.47731095875830976
1363,0.48149782816597964,0.4810948362740849,0.0017252605252190147,0.0,1.6974481937939647e-06,0.001967758688014357,-3.5748008121293535e-19,13204,0.48149782816597964
1364,0.4775662005122827,0.48112289557227417,0.0017244493411187514,0.0,1.9947996737947315e-06,0.0023135497532221945,-3.171533911943535e-19,13494,0.4775662005122827
1365,0.4795296857118387,0.4810856606382515,0.001442940984667457,0.0,1.5962991538841445e-06,0.0022125633284330484,-3.5337065598560695e-19,13303,0.4795296857118387
1366,0.4836089592549541,0.481052614933559,0.0013032861236698385,0.0,1.4420010951672553e-06,0.002212869559459159,-3.4787149418343113e-19,13313,0.4836089592549541
1367,0.4810535759451817,0.481098429673341,0.0016022813182321061,0.0,1.6523825689661975e-06,0.002062537396103914,-3.6407675639545794e-19,13275,0.4810535759451817
1368,0.4857206949546055,0.4811107326381895,0.0014739945600915024,0.0,1.5792447499649733e-06,0.0021428094685328244,-3.2726765466250817e-19,13159,0.4857206949546055
1369,0.4853085259813387,0.48114343759644107,0.0014132086139865747,0.0,1.3976692927072068e-06,0.0019780084537759325,-3.67674959220408e-19,13133,0.4853085259813387
1370,0.47447622026466996,0.48110030971716966,0.0016911989277241602,0.0,1.9916854510696733e-06,0.0023553532566980475,-3.1994670321083776e-19,13517,0.47447622026466996
1371,0.4808434664424654,0.48115017053892034,0.0018957140821604418,0.0,2.0407612611071657e-06,0.002153026429788844,-3.4737686542533616e-19,13339,0.4808434664424654
1372,0.4776526451450968,0.4811914647638291,0.001502695466823812,0.0,1.5703063921442242e-06,0.0020899861972210757,-3.8347802013541034e-19,13498,0.4776526451450968
1373,0.48206708668970377,0.4812340879320415,0.0016541863968296377,0.0,1.7542246413988445e-06,0.002120951598635966,-3.519834859890203e-19,13212,0.48206708668970377
1374,0.48284496638566454,0.4812640419926547,0.0016250044651998112,0.0,1.779090375424464e-06,0.002189643676093784,-3.4948706905259574e-19,13290,0.48284496638566454
1375,0.47824215542057014,0.48133602859795305,0.001867177609008774,0.0,1.9322663341198824e-06,0.002069718836383928,-3.1297358049957485e-19,13424,0.47824215542057014
1376,0.48602362424237944,0.4813648067172972,0.0017157456771645237,0.0,1.8305276873218923e-06,0.002133798396446563,-3.1062134399912504e-19,13216,0.48602362424237944
1377,0.4772950696062806,0.4814010264885762,0.0015451780858946919,0.0,1.6203999169792034e-06,0.0020973633159454973,-3.5571094657029415e-19,13361,0.4772950696062806
1378,0.47477122666953797,0.4814499818162062,0.0018246705785582623,0.0,2.099254261246535e-06,0.0023009679510536426,-3.36594887318665e-19,13510,0.47477122666953797
1379,0.4736491791630984,0.4814395969351659,0.0012455796682399663,0.0,1.3356303984090192e-06,0.0021445924856758405,-3.5569563304679726e-19,13506,0.4736491791630984
1380,0.4796790278022463,0.4814770044142265,0.0015977564555827546,0.0,1.7073651389975968e-06,0.002137203242749364,-3.3776051108598495e-19,13351,0.4796790278022463
1381,0.4807251532895943,0.48153056422484786,0.001791929924260201,0.0,1.8126760729888068e-06,0.002023155089323229,-3.3351580827147615e-19,13255,0.4807251532895943
1382,0.48062845426488043,0.4815475404692193,0.0016660637646297009,0.0,1.8439023928237273e-06,0.0022134835796438473,-3.834643367882903e-19,13286,0.48062845426488043
1383,0.48483642488455836,0.48153460473991205,0.001208052581841063,0.0,1.2718811663457785e-06,0.002105671864725359,-3.4550915460146123e-19,13224,0.48483642488455836
1384,0.4855370351307753,0.481616066875204,0.0019376296989452129,0.0,2.0907805422021032e-06,0.0021580806109033745,-3.374890950216534e-19,13185,0.4855370351307753
1385,0.48343041226916983,0.4816795991957693,0.0018370142818946575,0.0,2.000467413697783e-06,0.0021779552107069563,-3.4968509313359275e-19,13271,0.48343041226916983
1386,0.47712853348098355,0.4816770999462156,0.0012680709318179785,0.0,1.310048715273315e-06,0.0020662073112821134,-3.4467255378603896e-19,13500,0.47712853348098355
1387,0.4828957856235029,0.48169682503627764,0.0014971388293593035,0.0,1.569143279816155e-06,0.0020961894101533193,-3.661348565870931e-19,13135,0.4828957856235029
1388,0.4802091306221903,0.48169490141260024,0.0014942005936278144,0.0,1.6038884372043589e-06,0.002146818096638859,-3.6008011110109533e-19,13363,0.4802091306221903
1389,0.4778863922581752,0.48172021998371195,0.001538397574572957,0.0,1.6610855644524134e-06,0.0021595010183417807,-3.5633995889823487e-19,13371,0.4778863922581752
1390,0.4855052229603191,0.4817654821965931,0.001418058839517282,0.0,1.2904865564567165e-06,0.0018200747676958286,-3.332621200796988e-19,13120,0.4855052229603191
1391,0.48986370949319724,0.48179644173754105,0.0016712260266670018,0.0,1.7233568623432682e-06,0.0020623863377477827,-3.2956566686901276e-19,12933,0.48986370949319724
1392,0.4813841012746566,0.4817226070142703,0.0013123419456695156,0.0,1.3972786040747376e-06,0.002129442876813466,-3.278212686806032e-19,13283,0.4813841012746566
1393,0.47859629637183093,0.4817164891869332,0.001783504519493469,0.0,2.0553493551818347e-06,0.0023048434503160917,-3.358455634824178e-19,13384,0.47859629637183093
1394,0.48143212209405206,0.4817442188736366,0.001765125423911525,0.0,1.934402501079345e-06,0.002191801755132734,-3.3999009055021564e-19,13341,0.48143212209405206
1395,0.48321001300248245,0.4817802559239893,0.0017375228926782714,0.0,1.8200174635005298e-06,0.002094956528250513,-3.494432481434311e-19,13170,0.48321001300248245
1396,0.4737020622364383,0.48176014917971954,0.001286900807501104,0.0,1.4107279006997973e-06,0.002192442327298154,-3.571271031817644e-19,13559,0.4737020622364383
1397,0.47725210455739575,0.4817800445587832,0.0015259399179373887,0.0,1.6842358915511217e-06,0.0022074734027899357,-3.2890674223513244e-19,13280,0.47725210455739575
1398,0.48080506378784293,0.48175956057498603,0.0013780662981030243,0.0,1.42384343368978e-06,0.0020664367681725764,-3.535659260852799e-19,13364,0.48080506378784293
1399,0.47929815748848204,0.48177112900758207,0.0017601880148888584,0.0,1.998021303086021e-06,0.0022702362317950217,-3.76388159346283e-19,13310,0.47929815748848204
1400,0.4814959050960771,0.4817521690582883,0.0015255107582246557,0.0,1.6658973520733301e-06,0.002184051922402766,-3.948462518888811e-19,13201,0.4814959050960771
1401,0.4825036078290584,0.4817570483162045,0.001542072591642415,0.0,1.7320126417161891e-06,0.0022463438506114355,-3.433434787447103e-19,13284,0.4825036078290584
1402,0.48612859876202513,0.48183946213450546,0.001988318230483622,0.0,2.102537548816386e-06,0.0021148903798010065,-3.4716117722926597e-19,13160,0.48612859876202513
1403,0.48486365895822764,0.48178798882191953,0.0015375333727236497,0.0,1.935070329191488e-06,0.0025171100198802523,-3.3710773214506276e-19,13131,0.48486365895822764
1404,0.48337439529799164,0.48183240815353273,0.00168244760317795,0.0,1.7781368425985251e-06,0.002113750038027727,-3.4100788419389013e-19,13226,0.48337439529799164
1405,0.4774596000218151,0.48176223390995376,0.0012622726370084692,0.0,1.4338879050774512e-06,0.002271914740187512,-3.454388089319612e-19,13504,0.4774596000218151
1406,0.4832980696434599,0.48181036442720826,0.0016411196683040988,0.0,1.6839062682477202e-06,0.002052143180987936,-3.583765913947294e-19,13272,0.4832980696434599
1407,0.48408168384986755,0.4818505216064535,0.001622025161970765,0.0,1.6651243440378265e-06,0.0020531424333944314,-3.437392825202002e-19,13143,0.48408168384986755
1408,0.47891704890639536,0.4819063844641619,0.0015634364476179786,0.0,1.58819226327917e-06,0.002031668464297233,-3.847464949453793e-19,13374,0.47891704890639536
1409,0.4784670857500024,0.4819771084369945,0.0017837586754129687,0.0,1.793253648847543e-06,0.002010646029157925,-3.6628006731432714e-19,13263,0.4784670857500024
1410,0.482011904357119,0.48196200089181096,0.0013798471390974512,0.0,1.5456011216822438e-06,0.0022402497753384637,-3.6189911185950524e-19,13262,0.482011904357119
1411,0.48348688106999355,0.482006755278349,0.0017939117563971715,0.0,1.893934848836843e-06,0.002111513949426982,-3.3356663879165046e-19,13247,0.48348688106999355
1412,0.4830636602920566,0.4820262274366854,0.0015663312634435177,0.0,1.671451608604618e-06,0.0021342249211447105,-3.891438493918607e-19,13274,0.4830636602920566
1413,0.47933468781519273,0.48202759509972476,0.001516461332955183,0.0,1.5060856677795124e-06,0.001986315951550903,-3.7891112600045457e-19,13404,0.47933468781519273
1414,0.484138970608223,0.4820695562545233,0.0016749082907555378,0.0,1.733179536141139e-06,0.0020695814161374956,-3.317742262201502e-19,13089,0.484138970608223
1415,0.4818539196412204,0.4821159438972833,0.001560058722598763,0.0,1.5921013796081546e-06,0.002041078783183257,-3.4096492959165737e-19,13351,0.4818539196412204
1416,0.4769835041304937,0.4821154601257663,0.0016118686624662774,0.0,1.8962733753119608e-06,0.0023528881967473988,-3.609259074625223e-19,13380,0.4769835041304937
1417,0.48338548255623837,0.48218263060582134,0.0017931493600777848,0.0,1.8745639440802882e-06,0.002090806249401301,-3.7317211929260473e-19,13225,0.48338548255623837
1418,0.48009475937071067,0.48216346489561923,0.0012438862577534072,0.0,1.317415885439189e-06,0.0021182256451945766,-3.4448892601451276e-19,13269,0.48009475937071067
1419,0.4781542452889598,0.4821989037661928,0.0014173302727543266,0.0,1.3464566009093026e-06,0.0018999898990271426,-3.7578637946150575e-19,13457,0.4781542452889598
1420,0.48528274980775454,0.48220047251011633,0.0014830230483009487,0.0,1.6164377790041624e-06,0.0021799226665506818,-3.3363719464789225e-19,13201,0.48528274980775454
1421,0.4820014316734873,0.4822273100447282,0.001531422326843321,0.0,1.626440223753911e-06,0.002124091043006337,-3.4916047587277816e-19,13251,0.4820014316734873
1422,0.48689527926029064,0.4822298233244666,0.0013118076660507303,0.0,1.3954806966042325e-06,0.002127569052566073,-3.5333187796184704e-19,13112,0.48689527926029064
1423,0.4804428877384551,0.48230773150680056,0.0019852384123503234,0.0,2.093745863190311e-06,0.0021093142769804908,-3.729305716800352e-19,13275,0.4804428877384551
1424,0.48388785948261104,0.48228869109937544,0.0014418328273859446,0.0,1.6026721282920727e-06,0.002223103951930032,-3.493812802793074e-19,13259,0.48388785948261104
1425,0.48210063077853416,0.48231131822703555,0.0014537484714663563,0.0,1.5807900451379907e-06,0.0021747779291468373,-3.147736024830473e-19,13237,0.48210063077853416
1426,0.48149964400472345,0.4823752144608294,0.001709113119308114,0.0,1.6223685063886787e-06,0.0018984916657189415,-3.3308238330404367e-19,13337,0.48149964400472345
1427,0.47973253848312436,0.4824052593161092,0.0015368570193733573,0.0,1.5512548765667276e-06,0.0020187367556147038,-3.5080046002956077e-19,13308,0.47973253848312436
1428,0.48189494373655567,0.48245997519440526,0.0017111113639824156,0.0,1.7727030662513849e-06,0.0020719902907144765,-3.4785960708996756e-19,13253,0.48189494373655567
1429,0.4818637615304774,0.4825328687010594,0.0021002684277347454,0.0,2.4981179010330215e-06,0.002378855833896792,-3.56758712355957e-19,13290,0.4818637615304774
1430,0.4852094561950597,0.48252286774116016,0.0014558333578606245,0.0,1.5209558897580247e-06,0.002089464266697528,-3.522338308788365e-19,13191,0.4852094561950597
1431,0.48260479786360544,0.48252617987503604,0.00159691776314136,0.0,1.7074624213784695e-06,0.0021384475278422013,-3.355433677908363e-19,13240,0.48260479786360544
1432,0.4822537209829368,0.48248759725313856,0.0011298881635485474,0.0,1.2631647079414301e-06,0.002235911037379685,-3.262352064573272e-19,13346,0.4822537209829368
1433,0.47641035708408724,0.4825054226157862,0.001461499531565434,0.0,1.5109223413078597e-06,0.0020676330148248325,-3.6102642794738193e-19,13429,0.47641035708408724
1434,0.48158708647449855,0.48255049677755746,0.0015437809315440728,0.0,1.4658132457719747e-06,0.0018989912568823921,-3.873797682045602e-19,13327,0.48158708647449855
1435,0.4850333770506531,0.48256987701309434,0.001621180656513801,0.0,1.6928138893388265e-06,0.0020883716845956773,-3.5521784467872054e-19,13146,0.4850333770506531
1436,0.4835722234341759,0.4826159353594809,0.0017382168570247857,0.0,1.9268064623346808e-06,0.0022169920335862966,-3.6488051989259775e-19,13223,0.4835722234341759
1437,0.48041573538790194,0.4826047738026673,0.00142394219730523,0.0,1.7382817501956972e-06,0.0024415060575988905,-3.68621997136135e-19,13283,0.48041573538790194
1438,0.48315865624244986,0.48267762191225894,0.0019667655338087412,0.0,2.1494977406117617e-06,0.0021858200214126696,-3.7962498965472855e-19,13163,0.48315865624244986
1439,0.48260073951946686,0.48271920878095664,0.0016562406238744467,0.0,1.7119600364702544e-06,0.0020672841998833026,-3.2300064992603517e-19,13278,0.48260073951946686
1440,0.4845425329974645,0.4826825610455382,0.0016180181033693816,0.0,1.8973004352872452e-06,0.0023452153363875006,-3.957695989322128e-19,13178,0.4845425329974645
1441,0.47880648053060815,0.48270239437369716,0.0016417401137998687,0.0,1.7696304455758663e-06,0.0021557985100089812,-3.7893122688937306e-19,13360,0.47880648053060815
1442,0.4687654473048122,0.4827270170465161,0.0016736162791164077,0.0,1.9315441171554647e-06,0.0023082281658675444,-3.5353453705997225e-19,13746,0.4687654473048122
1443,0.4872917452943382,0.48276081872690263,0.0015556693821018298,0.0,1.5364104212406946e-06,0.001975240290664955,-3.5753895837835353e-19,13068,0.4872917452943382
1444,0.479391175423371,0.4828040432400271,0.001808101641349073,0.0,1.9678172940226745e-06,0.0021766666751703557,-3.63561269172515e-19,13330,0.479391175423371
1445,0.48677236936454193,0.48282466167974125,0.0015406764517360988,0.0,1.5975262682736655e-06,0.0020737985142480833,-3.9414623811257003e-19,13102,0.48677236936454193
1446,0.482825417333135,0.48282864946944043,0.0014805000381374067,0.0,1.5968086821629916e-06,0.0021571207578919226,-3.345891217241352e-19,13279,0.482825417333135
1447,0.47840874262213917,0.48281931839887066,0.0016303859741151072,0.0,1.83725004070829e-06,0.002253760851574374,-3.75116579940835e-19,13440,0.47840874262213917
1448,0.4834836862047418,0.48283735896228697,0.0018393766028274303,0.0,2.1436106060621767e-06,0.002330801210330812,-3.5893841675768634e-19,13324,0.4834836862047418
1449,0.48510885868845577,0.48287814891508213,0.0016337922853296237,0.0,1.6961533780109058e-06,0.0020763390710572495,-3.4297831488758654e-19,13112,0.48510885868845577
1450,0.47785797649374445,0.48290875863027594,0.0017209741995571296,0.0,1.8203343029950036e-06,0.002115469602581425,-3.9017824658086106e-19,13385,0.47785797649374445
1451,0.47658144945802994,0.4829374404170106,0.0015049635910169374,0.0,1.4637844610677187e-06,0.0019452755798279565,-3.309970971764309e-19,13469,0.47658144945802994
1452,0.48284135094268865,0.48296696687861873,0.0016721789156467746,0.0,1.6626974034969498e-06,0.0019886596917816565,-3.307478078994745e-19,13162,0.48284135094268865
1453,0.48108050114089307,0.4829807279834166,0.0015964410494965146,0.0,1.738937816406471e-06,0.0021785180441894762,-3.399588076689767e-19,13375,0.48108050114089307
1454,0.48110970455173385,0.4830264919067319,0.001926049185166634,0.0,2.068006560389482e-06,0.00214740784016953,-3.501188292397747e-19,13395,0.48110970455173385
1455,0.4864208532949731,0.48308220998081425,0.0017539134312633802,0.0,1.807938333713051e-06,0.002061604981735906,-3.6315198700847514e-19,13159,0.4864208532949731
1456,0.48607069178453327,0.4831004352580883,0.0014871585093575014,0.0,1.627765288697688e-06,0.0021890945429898162,-3.721146586937103e-19,13088,0.48607069178453327
1457,0.4821494839391315,0.4831025207275953,0.0013306577948875799,0.0,1.300716089829315e-06,0.0019549971372455005,-3.2739751645647184e-19,13229,0.4821494839391315
1458,0.48157655798611376,0.48318055761897394,0.0019304363571157738,0.0,1.934542082280523e-06,0.002004253675755345,-3.5233951694522944e-19,13266,0.48157655798611376
1459,0.48174453724829025,0.48324154175584466,0.0019543763579601974,0.0,2.1435493694387984e-06,0.002193589132111732,-3.5050638641273176e-19,13252,0.48174453724829025
1460,0.4835616368190067,0.48330814190784843,0.0017069825334361122,0.0,1.5064909377857014e-06,0.0017650923876217685,-3.3519863952994697e-19,13242,0.4835616368190067
1461,0.4782616990725056,0.4832788584623034,0.00152039203838745,0.0,1.913989668682878e-06,0.0025177580786504027,-3.161475234708768e-19,13390,0.4782616990725056
1462,0.48955029105738007,0.4833049104807936,0.00158721202107377,0.0,1.5951244007291789e-06,0.0020099701609493305,-3.6196039905737047e-19,12928,0.48955029105738007
1463,0.47563419343286784,0.4833442015296467,0.001662860578195914,0.0,1.7182953881620013e-06,0.002066674032318729,-3.8287515536846556e-19,13420,0.47563419343286784
1464,0.4878769187149996,0.48339018976816117,0.00168828713589601,0.0,1.6999532531335258e-06,0.002013820062937723,-3.4886311462868614e-19,13045,0.4878769187149996
1465,0.487183186780474,0.4834330428126172,0.0017478304888672211,0.0,1.8191958904955028e-06,0.0020816616966952374,-3.261351226836588e-19,13192,0.487183186780474
1466,0.4898060533061863,0.4834287646959632,0.0013838657476288802,0.0,1.5359076257227493e-06,0.002219735011657566,-3.835169305593101e-19,13076,0.4898060533061863
1467,0.47798946524767294,0.48340294537545136,0.001259588901207326,0.0,1.3901711325576864e-06,0.002207341032022743,-3.6777444755867877e-19,13451,0.47798946524767294
1468,0.4851189898742131,0.4833765728131203,0.0011021595666907452,0.0,1.1508080674307635e-06,0.0020882785074144684,-3.5627916325298827e-19,13103,0.4851189898742131
1469,0.4826126311061814,0.4834040524628422,0.0016979154650474271,0.0,1.7559181373266712e-06,0.002068322214472113,-3.6358432311221155e-19,13263,0.4826126311061814
1470,0.481440800888796,0.4834220915331002,0.001447315554082738,0.0,1.4612610349213734e-06,0.002019270822868305,-3.742314955012548e-19,13389,0.481440800888796
1471,0.4775430734984243,0.48349320524680234,0.001786655541968352,0.0,1.750097798605564e-06,0.00195907689814399,-3.2424773485400473e-19,13384,0.4775430734984243
1472,0.47757756394960754,0.4835076739950167,0.001594389631668085,0.0,1.7316320583166954e-06,0.002172156697362645,-3.6420189007726136e-19,13429,0.47757756394960754
1473,0.4809581342559811,0.4835234038021324,0.001606603207682869,0.0,1.6929859023403637e-06,0.0021075345726242894,-3.774473406544686e-19,13269,0.4809581342559811
1474,0.4822220941107032,0.48346725197785145,0.001144576570988941,0.0,1.4264383779429954e-06,0.0024925171702763747,-3.581069450333874e-19,13289,0.4822220941107032
1475,0.4795918999195236,0.48342503778770535,0.0012461056412823926,0.0,1.3196305856841785e-06,0.0021180075620653156,-3.2937335972597034e-19,13354,0.4795918999195236
1476,0.48513736511662003,0.4833668129893378,0.0013713045126584975,0.0,1.4891951034814804e-06,0.002171939331832917,-3.994153137789619e-19,13120,0.48513736511662003
1477,0.48568096118563797,0.48339055271007636,0.0015173499136917849,0.0,1.46725607736829e-06,0.0019339719390083015,-3.5135870564030584e-19,13164,0.48568096118563797
1478,0.48243508988446276,0.483334113860737,0.0012148426170516106,0.0,1.3414883527382848e-06,0.0022084973541577585,-3.397483185372755e-19,13253,0.48243508988446276
1479,0.4879175339375138,0.4833104543088791,0.0015472550295505426,0.0,1.7592569676862783e-06,0.002274036191948679,-3.3062356061650113e-19,13087,0.4879175339375138
1480,0.4804525697186861,0.48327735558801965,0.0014101384074934266,0.0,1.4906387887173417e-06,0.002114173730459562,-3.4943078929151945e-19,13380,0.4804525697186861
1481,0.48367426097369337,0.4832714156724681,0.001632697303481081,0.0,2.230459950807571e-06,0.0027322394004718415,-3.8515151526910335e-19,13206,0.48367426097369337
1482,0.48583039163192343,0.4832667514758293,0.001346719456522354,0.0,1.4657840380201887e-06,0.002176821654905464,-3.6353330221522787e-19,13129,0.48583039163192343
1483,0.48438625963204507,0.48325809456910745,0.0015383020927531342,0.0,1.7940335873875653e-06,0.0023324854017155268,-3.744344317810362e-19,13181,0.48438625963204507
1484,0.48549476143054493,0.4832972102491319,0.00177038298903267,0.0,1.8361015567339433e-06,0.0020742422042104927,-3.5989681893008673e-19,13124,0.48549476143054493
1485,0.48640720154058315,0.48329085033605135,0.0016278072365173682,0.0,1.7661317925367106e-06,0.0021699520101843045,-3.5339288117716116e-19,13083,0.48640720154058315
1486,0.48366012450954277,0.4832501277621507,0.0014149217850266394,0.0,1.639057592940493e-06,0.002316817240763077,-3.7099154211951367e-19,13236,0.48366012450954277
1487,0.4818251845171484,0.4832539764504954,0.00144300553553775,0.0,1.6038902547885525e-06,0.0022229855884660166,-3.5836567996742447e-19,13207,0.4818251845171484
1488,0.48410935127898147,0.4832978555252453,0.0016938138205166286,0.0,1.8880121962485361e-06,0.002229303095038716,-3.78077398363545e-19,13133,0.48410935127898147
1489,0.48008432133126244,0.4832931672723995,0.001510197611009411,0.0,1.714061292623474e-06,0.0022699827891765776,-3.7244401932482346e-19,13358,0.48008432133126244
1490,0.48476911642611115,0.48328859470181607,0.0012187921867179074,0.0,1.1935278631405268e-06,0.0019585420322632435,-3.7450768547622483e-19,13077,0.48476911642611115
1491,0.4841375417390895,0.48327795107062216,0.0018509118596711988,0.0,2.368488909374447e-06,0.0025592670952956035,-3.4952949482210363e-19,13189,0.4841375417390895
1492,0.4816589011945478,0.483307302049833,0.0017080720804207672,0.0,1.7937701300483833e-06,0.0021003447695328,-3.3097243361879817e-19,13211,0.4816589011945478
1493,0.4837002687395002,0.4833534849493376,0.001663439795963125,0.0,1.6674795956846693e-06,0.0020048571637294576,-3.5344653597495417e-19,13158,0.4837002687395002
1494,0.483278951691871,0.4833758829435859,0.001816515253971012,0.0,1.965951514646599e-06,0.002164530697277559,-3.3855522091266956e-19,13175,0.483278951691871
1495,0.4821373597461193,0.4834118053166636,0.00150894862046788,0.0,1.456521648980093e-06,0.0019305119196549826,-3.7132275865850096e-19,13261,0.4821373597461193
1496,0.47564012725459714,0.48343906730228925,0.0016468490890068626,0.0,1.659753696279959e-06,0.0020156718758983293,-3.506387789334778e-19,13495,0.47564012725459714
1497,0.48905089919951905,0.48349569521355407,0.001590706667892252,0.0,1.562740194799226e-06,0.001964837674151347,-3.663591476419021e-19,13064,0.48905089919951905
1498,0.4888318798904506,0.4834875133167449,0.0012211880701966497,0.0,1.2078583875126337e-06,0.0019781693205013547,-3.558652803244218e-19,13025,0.4888318798904506
1499,0.48196934781603973,0.4835247143397473,0.0014910084043307124,0.0,1.411314825187381e-06,0.001893101100018139,-3.6270696025413543e-19,13306,0.48196934781603973
1500,0.4829084968412169,0.4835663911902127,0.0019155719072611998,0.0,2.099192213867911e-06,0.0021917133007752685,-3.6934026406174996e-19,13284,0.4829084968412169
1501,0.4735754788888928,0.483603378843861,0.0015844397832717493,0.0,1.5771472325598715e-06,0.0019907947896930242,-3.5336936497845373e-19,13587,0.4735754788888928
1502,0.485460839819811,0.48366750120865365,0.0016616297478838197,0.0,1.4613516105687656e-06,0.0017589377085116343,-3.606309586129121e-19,13119,0.485460839819811
1503,0.48743916775844054,0.4836264723361636,0.0010632461388038483,0.0,1.098318727883282e-06,0.0020659726620195214,-3.431692071846192e-19,13067,0.48743916775844054
1504,0.48103686050985955,0.4835905207128383,0.001709579701371449,0.0,2.055097359455817e-06,0.0024042135710984273,-3.387115436867143e-19,13373,0.48103686050985955
1505,0.4812330359205316,0.483609035871281,0.0015825324498266323,0.0,1.5702698065212397e-06,0.001984502506338197,-3.6584458827957997e-19,13269,0.4812330359205316
1506,0.48445771611944644,0.4836048644921376,0.0014649262768747545,0.0,1.427042179848127e-06,0.0019482784934304693,-3.568418444106612e-19,13292,0.48445771611944644
1507,0.4809364877866173,0.483642063589852,0.0017814098884650147,0.0,2.0742329396069446e-06,0.002328754267098232,-3.454239114137071e-19,13250,0.4809364877866173
1508,0.4822847114164638,0.48369778640137856,0.0017225025562598603,0.0,1.7032562686176594e-06,0.001977653109921658,-3.629284684747301e-19,13255,0.4822847114164638
1509,0.49106480870194497,0.483715514856239,0.001406679184650464,0.0,1.3167568078567191e-06,0.001872149417187702,-3.4394639733969135e-19,12998,0.49106480870194497
1510,0.4814953133600107,0.4837539627976063,0.0018429620791896543,0.0,2.1013620118278043e-06,0.0022804180678006867,-3.5945040231545135e-19,13322,0.4814953133600107
1511,0.4757327782722292,0.48379304300249176,0.001752406278903209,0.0,1.7730469711141074e-06,0.002023556971302131,-3.2046063235224427e-19,13545,0.4757327782722292
1512,0.48413475466766065,0.4838437504757113,0.0015949157509279304,0.0,1.3858595467058916e-06,0.001737846711839909,-3.497959312311861e-19,13082,0.48413475466766065
1513,0.4865802758847898,0.4838829363353719,0.0015746494544168702,0.0,1.622724653596151e-06,0.0020610614623393546,-3.5275950328610843e-19,13158,0.4865802758847898
1514,0.4862303838873717,0.48377654020991084,0.0010783671440227293,0.0,1.3947542571641094e-06,0.0025867892301709655,-3.8313198438631067e-19,13082,0.4862303838873717
1515,0.48288592298728666,0.48380665666751155,0.0016812092751963248,0.0,1.8021335046807731e-06,0.0021438538690792407,-3.628052229244545e-19,13189,0.48288592298728666
1516,0.4840887760692103,0.4837526013351292,0.0018487175260998002,0.0,2.521227743534026e-06,0.0027275424265090467,-3.5798259854656205e-19,13253,0.4840887760692103
1517,0.4811834830820822,0.4837289755104377,0.0014275348620541154,0.0,1.6436304320278018e-06,0.002302753474843677,-3.495107287895273e-19,13237,0.4811834830820822
1518,0.48593240861498377,0.4837763399111177,0.0016937383681025996,0.0,1.8033877580577353e-06,0.002129476183594955,-3.4333379807218273e-19,13107,0.48593240861498377
1519,0.4796925833119933,0.4837547614186032,0.001628340922866901,0.0,1.8660855512263331e-06,0.0022920084179188374,-3.2625349323152454e-19,13369,0.4796925833119933
1520,0.48202167396591694,0.48375401330221196,0.0015137241808399328,0.0,1.6333648074154182e-06,0.0021580745397211,-3.6497966863758323e-19,13263,0.48202167396591694
1521,0.4782559585001479,0.48380299041316166,0.0015626870717202236,0.0,1.4886682563651969e-06,0.0019052672583084133,-3.393153726177849e-19,13410,0.4782559585001479
1522,0.48048189304820044,0.4837601621865183,0.0012060419829007392,0.0,1.3125719113221046e-06,0.0021766603981150682,-3.341569265064671e-19,13270,0.48048189304820044
1523,0.4862013826434097,0.48374045341112537,0.0013002699959035566,0.0,1.3952211090839473e-06,0.0021460483030132666,-3.5657279102643264e-19,13124,0.4862013826434097
1524,0.48028037478985075,0.4836668037893469,0.001300563939324545,0.0,1.3762920233256476e-06,0.0021164542268339876,-3.451556139844077e-19,13233,0.48028037478985075
1525,0.4807868848233879,0.48362811785447807,0.0010461517226582316,0.0,1.0986150196104684e-06,0.0021002976830529502,-3.3299782432173094e-19,13334,0.4807868848233879
1526,0.4855102088324247,0.4836274621169955,0.0014214262577572836,0.0,1.4969820152706498e-06,0.002106309781602849,-3.741017150510367e-19,13130,0.4855102088324247
1527,0.4843536237365824,0.4836773872176462,0.0016633244563216527,0.0,1.636734323074448e-06,0.0019680277252629263,-3.5805262581607845e-19,13209,0.4843536237365824
1528,0.4743118124805405,0.4836746106999409,0.0016657537298717148,0.0,1.962804221649147e-06,0.002356655952738355,-3.5381949391275927e-19,13490,0.4743118124805405
1529,0.475971435796273,0.483730551992554,0.0017634571512374852,0.0,1.8467051587351942e-06,0.0020944145509169767,-3.417466819043859e-19,13424,0.475971435796273
1530,0.4833670429932905,0.48367050295915703,0.0015058202434370957,0.0,1.8640405454802362e-06,0.0024757809620429704,-3.5271013094180735e-19,13246,0.4833670429932905
1531,0.4859934478040645,0.48365490636003605,0.0013729595040853895,0.0,1.3866003516422455e-06,0.0020198707209007493,-3.612879712125857e-19,13084,0.4859934478040645
1532,0.4826112386666743,0.4835747785363645,0.0013993340137786504,0.0,1.6517449236672943e-06,0.0023607586286094103,-4.034261434660025e-19,13203,0.4826112386666743
1533,0.4786745180604009,0.48358344005313925,0.00155814010037474,0.0,1.5773422258449186e-06,0.002024647495389613,-3.453400215686866e-19,13343,0.4786745180604009
1534,0.4847915297777282,0.483531922631345,0.001308553746727796,0.0,1.5477653287507279e-06,0.0023656121617031175,-3.824783683229207e-19,13223,0.4847915297777282
1535,0.48191273876797325,0.48355842490489553,0.001418749648212731,0.0,1.2826880308314668e-06,0.0018081950292602113,-3.3965027679586924e-19,13258,0.48191273876797325
1536,0.47890256135791565,0.4835670908657882,0.0014814741808790114,0.0,1.5679681383946522e-06,0.002116767418065053,-3.275103368342757e-19,13380,0.47890256135791565
1537,0.47700231865170345,0.48353973146743784,0.0014968793488103112,0.0,1.6036919113717113e-06,0.0021427136564430424,-3.997552000168447e-19,13359,0.47700231865170345
1538,0.486594608587891,0.48355317867320713,0.0015662893182362663,0.0,1.6486387845762321e-06,0.002105152305364243,-3.642658335514559e-19,13079,0.486594608587891
1539,0.47656728357104755,0.4835761912715782,0.0014170935381517032,0.0,1.3464194060919577e-06,0.0019002548100643733,-3.441150383515105e-19,13389,0.47656728357104755
1540,0.4895023215426725,0.48362226294658783,0.0016670224771301431,0.0,1.6795432504718536e-06,0.0020150217210787294,-3.4958962076775923e-19,13131,0.4895023215426725
1541,0.48451949517062365,0.48360622230783623,0.0012730480907940012,0.0,1.3584439431647261e-06,0.0021341596644907004,-3.4642986328438884e-19,13245,0.48451949517062365
1542,0.47914470386131924,0.4836242716979596,0.0015666222085769538,0.0,1.68398714799111e-06,0.00214983183408432,-3.496984891542804e-19,13416,0.47914470386131924
1543,0.4825023166588271,0.4836329586777499,0.001472728607425094,0.0,1.3832264235087258e-06,0.0018784539344654239,-3.7937240519431953e-19,13214,0.4825023166588271
1544,0.4776543499227017,0.4836928053923483,0.0018702540777451634,0.0,1.968892889702749e-06,0.002105481723720135,-3.3283707386117387e-19,13420,0.4776543499227017
1545,0.4871163859199031,0.48371421052069785,0.001790340805941385,0.0,1.968809332445358e-06,0.002199368216276712,-3.739024725009344e-19,13107,0.4871163859199031
1546,0.489036801551885,0.4837649915172833,0.0019091368701249255,0.0,2.046946127337493e-06,0.0021443681271563833,-3.7744754894931936e-19,13108,0.489036801551885
1547,0.4885656151570347,0.48382479245243976,0.0016870600379643402,0.0,1.6053507648045284e-06,0.0019031341252580378,-3.4177341704916925e-19,13059,0.4885656151570347
1548,0.48754460808618016,0.48387503164168,0.001580020954055466,0.0,1.4170068897295756e-06,0.001793655819680771,-3.7176007393294262e-19,13148,0.48754460808618016
1549,0.4921031300853679,0.4838583923069657,0.0012435841772639631,0.0,1.234910403067904e-06,0.001986050362565496,-3.5863244840370093e-19,12978,0.4921031300853679
1550,0.4778029126340776,0.4839257626022583,0.0017403776642233228,0.0,1.658190694849791e-06,0.0019055527187425616,-3.4706441884514875e-19,13420,0.4778029126340776
1551,0.47996469689607446,0.4839740367806656,0.0016743561786512124,0.0,1.69413868120321e-06,0.002023629981247997,-3.4680198812232207e-19,13342,0.47996469689607446
1552,0.4836775284617992,0.48400272428212,0.0017761724991204346,0.0,1.8689878739603935e-06,0.0021045116675164396,-3.6156958446422977e-19,13237,0.4836775284617992
1553,0.48391230570640675,0.48405963015597053,0.0016297932725288587,0.0,1.529908616575917e-06,0.0018774265943582447,-3.8578875490325254e-19,13214,0.48391230570640675
1554,0.49384610740403373,0.4840866808226974,0.0015234007608719452,0.0,1.409029906671572e-06,0.0018498479754796618,-3.5957485979408454e-19,12908,0.49384610740403373
1555,0.4829411367606043,0.4841493348931034,0.0017018312123775665,0.0,1.4857758034426512e-06,0.001746090672960367,-3.207595245427391e-19,13085,0.4829411367606043
1556,0.48080713468111974,0.48414175624769423,0.001407209591792108,0.0,1.5355822715671306e-06,0.002182449978345496,-3.446750260391845e-19,13235,0.48080713468111974
1557,0.4908740578825442,0.48410417284427154,0.001133587639865206,0.0,1.1393718872070422e-06,0.00201020520538231,-3.626683446589951e-19,13031,0.4908740578825442
1558,0.4843646484112688,0.48409088237232,0.001189014691397688,0.0,1.1806670419875063e-06,0.001985958711072999,-3.380243577506127e-19,13174,0.4843646484112688
1559,0.48155280469711836,0.48406777141964286,0.0013131893511181207,0.0,1.4590329561994793e-06,0.002222121211929078,-3.603400236816078e-19,13142,0.48155280469711836
1560,0.48887756442646774,0.4841403915974869,0.0017748633873245023,0.0,1.6873960486813505e-06,0.0019014376663941401,-3.7346920508442077e-19,12987,0.48887756442646774
1561,0.48231252097744004,0.4841300696815367,0.0014087109317532205,0.0,1.549770127308712e-06,0.0022002670560381547,-3.3792808159232346e-19,13319,0.48231252097744004
1562,0.4818422285535601,0.4841121735648257,0.0012467885847070898,0.0,1.2161302327894238e-06,0.0019508202877477115,-3.390726816804858e-19,13246,0.4818422285535601
1563,0.4865097968364324,0.4841573222866069,0.001520672822917847,0.0,1.4881798717356843e-06,0.0019572650333556756,-3.52828821332223e-19,13124,0.4865097968364324
1564,0.4887352703186284,0.484103982404879,0.0016690665449836533,0.0,1.943494018846267e-06,0.002328839463815747,-3.391939029616737e-19,13053,0.4887352703186284
1565,0.4824947929443302,0.4840702806332434,0.001423046774472415,0.0,1.5899788866869442e-06,0.00223461226322152,-3.661704462570823e-19,13237,0.4824947929443302
1566,0.47919688133784916,0.48402841883661546,0.00152135684342541,0.0,1.8628313133473002e-06,0.002448907790959869,-3.4956378879667017e-19,13327,0.47919688133784916
1567,0.4871558486053865,0.48407878124517656,0.0016900405960490542,0.0,1.668723082130611e-06,0.001974772778869006,-3.249286919320264e-19,13097,0.4871558486053865
1568,0.4862945061615434,0.4840230957915293,0.0013833592437564263,0.0,1.701347237372644e-06,0.0024597330665210877,-3.5470325132791577e-19,13183,0.4862945061615434
1569,0.4831453028843404,0.4840911485527225,0.0019122375132020085,0.0,1.9178291970264715e-06,0.0020058483151657236,-3.7475583896634276e-19,13196,0.4831453028843404
1570,0.4809522261958816,0.48411917834070856,0.00152597061824437,0.0,1.4374588792914725e-06,0.0018839928660556644,-3.6465989180684473e-19,13282,0.4809522261958816
1571,0.4841562681427,0.48418283888860414,0.001890502090357343,0.0,1.9081944046196853e-06,0.0020187170533717824,-3.6618731739903447e-19,13181,0.4841562681427
1572,0.4851067188552001,0.4841036289348051,0.0015898872080075926,0.0,2.0508830749680434e-06,0.0025799101529197896,-3.6490014753572865e-19,13185,0.4851067188552001
1573,0.4813206772880305,0.4841003958696776,0.001335994205767961,0.0,1.4501224913065726e-06,0.00217085146783703,-3.709799261370679e-19,13261,0.4813206772880305
1574,0.490056648209926,0.484094993923669,0.0016407970461401785,0.0,1.9230774295132736e-06,0.0023440771471854283,-3.5577917965541363e-19,12988,0.490056648209926
1575,0.48501458164782946,0.4840248669232927,0.0013808502734553778,0.0,1.6551950853437396e-06,0.0023973563494351256,-3.623684976090886e-19,13139,0.48501458164782946
1576,0.4855738925150388,0.4839116564957435,0.0012024810888146286,0.0,1.338532845162782e-06,0.0022262850661248557,-3.604583244740304e-19,13156,0.4855738925150388
1577,0.479985561098702,0.48387532438445385,0.0010643200996776337,0.0,1.0717685243868455e-06,0.0020139965875143537,-3.401671533552396e-19,13314,0.479985561098702
1578,0.4831016212564236,0.4839159192911585,0.0019056940533321474,0.0,2.042059870608536e-06,0.002143114071262331,-3.7233624872106196e-19,13221,0.4831016212564236
1579,0.4862411236061241,0.4839300960641576,0.0016140153803905005,0.0,1.6217555706154718e-06,0.0020095912223873588,-3.4645185226253453e-19,12962,0.4862411236061241
1580,0.48264753453083237,0.48394497660487235,0.0015252853495120293,0.0,1.6964356408568582e-06,0.0022244174067489516,-3.376109058956931e-19,13283,0.48264753453083237
1581,0.4847763094771041,0.4838967739826203,0.0011920637256741897,0.0,1.2457385290995654e-06,0.002090053580642292,-3.3228230544200185e-19,13246,0.4847763094771041
1582,0.48293990461162883,0.4839245611537395,0.0014907683687993387,0.0,1.4721717053969898e-06,0.001975050901546393,-3.8824697822187337e-19,13208,0.48293990461162883
1583,0.48651074333308475,0.4839265466638183,0.0016306288469504087,0.0,1.6983112174168309e-06,0.0020830138269576194,-3.5593912472482037e-19,13052,0.48651074333308475
1584,0.4825295415013753,0.4839161525924238,0.0013869200379396582,0.0,1.5540325119372118e-06,0.0022409835742885475,-3.577261735132906e-19,13323,0.4825295415013753
1585,0.48412664774026903,0.48394886935671066,0.0014813994099734137,0.0,1.3519513625643614e-06,0.0018252354543446519,-3.146481035402336e-19,13226,0.48412664774026903
1586,0.47598510628555707,0.4838975879905665,0.001299920036582681,0.0,1.304901308087741e-06,0.00200766396603618,-3.4749981626754597e-19,13408,0.47598510628555707
1587,0.48876545611413025,0.48388038254972177,0.0015191701787517762,0.0,1.6287112770196458e-06,0.002144211754285321,-3.3814696881450006e-19,13086,0.48876545611413025
1588,0.48434589239361053,0.48390282045409955,0.0018753836648376782,0.0,2.0408631715953936e-06,0.002176475363266042,-3.7102536983572403e-19,13127,0.48434589239361053
1589,0.48484099588257196,0.4839047951839995,0.0014514427054266909,0.0,1.5468495048908442e-06,0.0021314647820509123,-3.4385132469903843e-19,13196,0.48484099588257196
1590,0.4841200262368446,0.4839563582879381,0.0017544201936343787,0.0,1.7350724755945393e-06,0.0019779440317547197,-3.610804963149798e-19,13281,0.4841200262368446
1591,0.4862540402901326,0.4840128492530982,0.0017516564182538795,0.0,1.7973166503629047e-06,0.0020521337765022907,-3.4730736225938893e-19,13113,0.4862540402901326
1592,0.4860847034817942,0.48404511952181417,0.0017330346410788773,0.0,1.7301745324878066e-06,0.0019966993059189046,-3.3721041565422877e-19,13109,0.4860847034817942
1593,0.4840352980820595,0.4840974928800781,0.0015231884982973933,0.0,1.3621095467654003e-06,0.0017884976787678664,-3.4922619403099924e-19,13198,0.4840352980820595
1594,0.4852109823130755,0.48411155283763074,0.0015158168485572868,0.0,1.4419161168849562e-06,0.001902493851097291,-3.587363746577367e-19,13112,0.4852109823130755
1595,0.4804663111279488,0.4841539031603414,0.0016285986980123753,0.0,1.7034543807256404e-06,0.002091926492148892,-3.6081323302349927e-19,13302,0.4804663111279488
1596,0.4840603302902607,0.4841580283967597,0.001717557714175542,0.0,1.9849643675146615e-06,0.0023113801080826904,-3.3790519867298494e-19,13227,0.4840603302902607
1597,0.4785394760850473,0.4842124460215657,0.0018679727511407259,0.0,1.967814857444025e-06,0.0021068988894429293,-3.8068301552673247e-19,13331,0.4785394760850473
1598,0.48909205134308903,0.4841974285127471,0.0015538753695472402,0.0,1.6341168231398664e-06,0.002103279137008274,-3.252778495166283e-19,13104,0.48909205134308903
1599,0.48211876784668295,0.4842356753579126,0.0017806710978106426,0.0,1.8712536819003592e-06,0.0021017398262948043,-3.505985825048965e-19,13340,0.48211876784668295
1600,0.4785563840809202,0.4842368125225688,0.0013764539883638562,0.0,1.4711807934171537e-06,0.002137638898000355,-3.3483669848309616e-19,13322,0.4785563840809202
1601,0.484729166712344,0.4841900140682408,0.001343006486869707,0.0,1.5710966595182174e-06,0.002339670991731611,-3.7053457096668824e-19,13132,0.484729166712344
1602,0.48257650867316326,0.4842341376022417,0.0017829089399435053,0.0,1.974629864332624e-06,0.0022150653015349103,-3.8137070497932264e-19,13139,0.48257650867316326
1603,0.48663018944714964,0.4842366592127422,0.001401129500936382,0.0,1.4703771672013893e-06,0.0020988454903258106,-3.551556185841392e-19,13136,0.48663018944714964
1604,0.48425415339543343,0.48427185919697757,0.001429513457706342,0.0,1.3583092135562449e-06,0.0019003797498145358,-3.4924590838644754e-19,13255,0.48425415339543343
1605,0.4867588044431885,0.48421490239530285,0.0014007050610107034,0.0,1.8536341896327173e-06,0.002646715916475942,-3.424636228323397e-19,13064,0.4867588044431885
1606,0.48513271619877185,0.48420601793733264,0.0013585332947569563,0.0,1.1899441950742475e-06,0.0017518071874523034,-3.476060067076508e-19,13107,0.48513271619877185
1607,0.49207235057707766,0.4842091176641772,0.0015918704633378878,0.0,1.6639250941514699e-06,0.002090528259017377,-3.1231357022149153e-19,12916,0.49207235057707766
1608,0.48244637977784754,0.484250713270756,0.001581234237107463,0.0,1.5505550366119266e-06,0.0019611958813241263,-3.6447868564953547e-19,13221,0.48244637977784754
1609,0.4847145227680674,0.4842816283159268,0.001740520811075481,0.0,1.7714760129565028e-06,0.002035570045108388,-3.537969173575294e-19,13146,0.4847145227680674
1610,0.48537045042889965,0.48425571291138303,0.00140607462929849,0.0,1.4238123360583746e-06,0.0020252301071227406,-3.823838375106595e-19,13172,0.48537045042889965
1611,0.48316827641795523,0.4843183987346947,0.0016957506876546353,0.0,1.5172789986140272e-06,0.001789507160056117,-3.4999599987232625e-19,13239,0.48316827641795523
1612,0.48260473649099245,0.4843043368153048,0.0013661525627749612,0.0,1.449320460339302e-06,0.002121754919370657,-3.573523088689185e-19,13126,0.48260473649099245
1613,0.48679419726031964,0.48425721984413883,0.0013367650073062842,0.0,1.461431265324057e-06,0.0021865193318741753,-3.6331639608069114e-19,13079,0.48679419726031964
1614,0.4836935945394878,0.4843252186032918,0.0018159856237189116,0.0,1.8845747829843204e-06,0.002075539319661514,-3.3121804702071556e-19,13174,0.4836935945394878
1615,0.47832777608324917,0.484386887080347,0.001650587207803469,0.0,1.5280266815569396e-06,0.001851494636978766,-3.5280344394447207e-19,13386,0.47832777608324917
1616,0.48875592717936756,0.48444608027187086,0.0017810867565477002,0.0,1.7283332005789707e-06,0.0019407625083115187,-3.4823567925768935e-19,13106,0.48875592717936756
1617,0.48569915770810995,0.484449279738398,0.0015502642361690934,0.0,1.6469656097706534e-06,0.0021247546983868006,-3.2867594120772987e-19,13098,0.48569915770810995
1618,0.48639040816871043,0.4843808076943347,0.001278268706812048,0.0,1.457494901618002e-06,0.0022804202181448017,-3.5800161203621995e-19,13218,0.48639040816871043
1619,0.4880707256768277,0.48438202772398026,0.001549668131075324,0.0,1.5913508672338792e-06,0.00205379569382979,-3.6250990564460783e-19,13036,0.4880707256768277
1620,0.48435570849671084,0.4843676268091224,0.0015554283341956449,0.0,1.7959744997823677e-06,0.0023092989375317194,-3.3141838344582547e-19,13219,0.48435570849671084
1621,0.47777382815729375,0.4843480905979018,0.0014206864389992254,0.0,1.4408486004132864e-06,0.002028383689546954,-3.6455708967509857e-19,13374,0.47777382815729375
1622,0.480724780241682,0.484380150564208,0.0016492448616164132,0.0,1.5810231731493038e-06,0.001917269181726907,-3.5240440818363016e-19,13326,0.480724780241682
1623,0.481349203663431,0.4843997019877952,0.001599569125113202,0.0,1.6531521782582293e-06,0.0020669968584711654,-3.11787537381107e-19,13275,0.481349203663431
1624,0.4902896310635284,0.4844618731310256,0.0018775673855597624,0.0,1.8810274688451068e-06,0.002003685708765454,-3.4220027518835954e-19,13044,0.4902896310635284
1625,0.48568101540582764,0.48448946031046325,0.0016401238251774553,0.0,1.6822053559205243e-06,0.002051315065481127,-3.5199023357373405e-19,13159,0.48568101540582764
1626,0.4877632155443786,0.4844641806423735,0.0013364323868792396,0.0,1.4002957301590213e-06,0.0020955728758248844,-3.554603104697292e-19,13084,0.4877632155443786
1627,0.48756058591787244,0.48448933002643085,0.0014895856877061469,0.0,1.473424411067806e-06,0.001978300977551377,-3.4297874990111765e-19,12985,0.48756058591787244
1628,0.481548346339414,0.4844671417696406,0.0013215931457995459,0.0,1.47768716832844e-06,0.002236220992860037,-3.355751448790894e-19,13317,0.481548346339414
1629,0.4881535645643857,0.48452061375148536,0.0017918225593622594,0.0,1.7590117054409052e-06,0.0019633771170589212,-3.6873348237360005e-19,12987,0.4881535645643857
1630,0.4823849688002422,0.4845620731947222,0.0016376288924821994,0.0,1.5591692903206386e-06,0.0019041790206294693,-3.195080972905533e-19,13174,0.4823849688002422
1631,0.48504396282340134,0.4846093369458224,0.0018867873160623844,0.0,1.98727566274851e-06,0.0021065179374809865,-3.5225128755757676e-19,13251,0.48504396282340134
1632,0.4903059133299428,0.4846327856104452,0.0014107991377585304,0.0,1.2607295904022748e-06,0.0017872559695568213,-3.322990567025061e-19,12998,0.4903059133299428
1633,0.48945000444538717,0.48464373787007203,0.0013546745114281038,0.0,1.3064230201401882e-06,0.001928762974602587,-3.4964239531209067e-19,13026,0.48945000444538717
1634,0.48692769089209903,0.4846366859892772,0.0013162118721267689,0.0,1.3802497987381366e-06,0.002097306410871213,-3.361556462140224e-19,13138,0.48692769089209903
1635,0.4853397877555081,0.4845893060033004,0.0014348682785337936,0.0,1.7639179579330127e-06,0.0024586479251397977,-3.411245666311964e-19,13133,0.4853397877555081
1636,0.4875278691280116,0.4845993155276139,0.0014161599725654533,0.0,1.4711700516425373e-06,0.0020776890748824516,-3.4682076048806196e-19,13053,0.4875278691280116
1637,0.48835187330719976,0.4845828271918676,0.001306555278810078,0.0,1.261931842783841e-06,0.0019316929995233313,-3.732644577275879e-19,13087,0.48835187330719976
1638,0.4846368375913434,0.48462683047012234,0.001647718955392794,0.0,1.5604667759884233e-06,0.0018940933717867302,-3.330483594121138e-19,13187,0.4846368375913434
1639,0.48073166551500485,0.4846186151051429,0.0015729374821258984,0.0,1.639745020362185e-06,0.002084946209236483,-3.575445615246438e-19,13310,0.48073166551500485
1640,0.4849108858315346,0.4846487234633762,0.0016588167965506107,0.0,1.6935945567637198e-06,0.0020419308030705102,-3.5046194196103994e-19,13103,0.4849108858315346
1641,0.4908972441407815,0.48464998539356813,0.0015014965105772731,0.0,1.5328924806876355e-06,0.002041819571193398,-3.367041757326327e-19,12905,0.4908972441407815
1642,0.4816264961827533,0.48469284117713174,0.0016240741827318174,0.0,1.5210958275078423e-06,0.0018731851582656674,-3.1597549187100077e-19,13280,0.4816264961827533
1643,0.48066642080595995,0.48472321434049787,0.0014962486978818848,0.0,1.3855835199021229e-06,0.0018520764921815184,-3.034247890747696e-19,13338,0.48066642080595995
1644,0.49062325593384265,0.4847392786743542,0.0014251629852033104,0.0,1.3337918707906597e-06,0.0018717745052863324,-3.6873550973677323e-19,13022,0.49062325593384265
1645,0.4785956101648457,0.48477778568158436,0.0015492136977919894,0.0,1.5361063997427554e-06,0.0019830787733572004,-3.376539978317096e-19,13381,0.4785956101648457
1646,0.48286745790021823,0.48478914651840327,0.0014213212227701744,0.0,1.3893691105409154e-06,0.0019550388586093382,-3.2048034039248874e-19,13171,0.48286745790021823
1647,0.4836830085560679,0.48477453381647384,0.0018644537086988096,0.0,2.064316689429095e-06,0.0022143930737435888,-3.2481752459971254e-19,13274,0.4836830085560679
1648,0.4853131438989472,0.48478761108043367,0.00163065161821057,0.0,1.7326692067047008e-06,0.0021251249345412985,-3.2681006254548904e-19,13181,0.4853131438989472
1649,0.4897262714013924,0.48483568371695546,0.001508632489803482,0.0,1.2948877201704353e-06,0.0017166377218073969,-3.4204992956550906e-19,13017,0.4897262714013924
1650,0.48073567589934774,0.4848866303755299,0.0014924079429144781,0.0,1.3029969514568812e-06,0.001746167269670648,-3.410354665606866e-19,13242,0.48073567589934774
1651,0.4818963235322864,0.4848774143727511,0.001333631916136046,0.0,1.449532802810421e-06,0.0021738124069648488,-3.508179725168955e-19,13300,0.4818963235322864
1652,0.4879964587994153,0.4848810501591727,0.0013110554344837914,0.0,1.2615474877087003e-06,0.001924476196089169,-3.4033427775745215e-19,12978,0.4879964587994153
1653,0.49046761201547273,0.4849000273723125,0.0017628444124600903,0.0,1.9427012723223333e-06,0.0022040530163535514,-3.5743228574414756e-19,13011,0.49046761201547273
1654,0.48008894173926225,0.48494823627356154,0.0015971169763718401,0.0,1.3876268798734977e-06,0.0017376646800483708,-3.3093212462263273e-19,13392,0.48008894173926225
1655,0.4866838488140615,0.48494945359261893,0.0016325788561258332,0.0,1.7743525886458606e-06,0.002173680716233777,-3.308301550170218e-19,13065,0.4866838488140615
1656,0.48369520090758167,0.48498631247530477,0.001687570348273224,0.0,1.609449801404143e-06,0.0019074165447988385,-3.1593953748510873e-19,13205,0.48369520090758167
1657,0.4848208630618691,0.4849436087769469,0.0011064788449523294,0.0,1.0624676107816918e-06,0.0019204481235743213,-3.3015759644101595e-19,13108,0.4848208630618691
1658,0.4839227929534741,0.484950681958757,0.0014810041540651137,0.0,1.460489096327313e-06,0.0019722957458539326,-3.301332523315705e-19,13219,0.4839227929534741
1659,0.4834918375111811,0.4849375203749772,0.0014009109426465396,0.0,1.4753611981964875e-06,0.002106288348935729,-3.3446506906272063e-19,13204,0.4834918375111811
1660,0.48766120145693553,0.4849980352325113,0.001688721254247707,0.0,1.5147186918760697e-06,0.001793923879463278,-3.1654756466813927e-19,13106,0.48766120145693553
1661,0.48356650391194717,0.48500441626741597,0.0012976389996859129,0.0,1.259968255612917e-06,0.0019419395624174149,-3.510266462289277e-19,13200,0.48356650391194717
1662,0.49266439839838494,0.48504537136759585,0.0017601509061537309,0.0,1.7440958486306871e-06,0.0019817571806293277,-3.3727262337670145e-19,12938,0.49266439839838494
1663,0.48680191815491913,0.48497536163530186,0.001325920461898739,0.0,1.5066071797334003e-06,0.0022725453343949683,-3.116606154001881e-19,13165,0.48680191815491913
1664,0.48471734616567164,0.4850108098912277,0.0015442525518891206,0.0,1.4610974990275589e-06,0.0018923038168078968,-3.3894033818711807e-19,13173,0.48471734616567164
1665,0.4874967037734047,0.48501613483587214,0.0016431647509514103,0.0,1.8012496606523341e-06,0.0021924151666585963,-3.7771117623339967e-19,13069,0.4874967037734047
1666,0.48684555380530636,0.48503204469063077,0.0015033144923365172,0.0,1.4463675514990523e-06,0.001924238153589599,-3.2918760145292763e-19,13095,0.48684555380530636
1667,0.4892621195761809,0.4850074538148659,0.0015088228516945297,0.0,1.7908912901995995e-06,0.0023738920552380076,-3.4273849944586517e-19,13063,0.4892621195761809
1668,0.4817028073149153,0.48498451254503083,0.0014905920592291465,0.0,1.7628047750229926e-06,0.002365241065264522,-3.410975505857739e-19,13253,0.4817028073149153
1669,0.4809879872777846,0.4849909218299069,0.0015686510250455326,0.0,1.5171006553104359e-06,0.0019342742663447396,-3.39100674338554e-19,13278,0.4809879872777846
1670,0.4860085349076976,0.4850062176310548,0.0014917526142379247,0.0,1.3511484821629113e-06,0.0018114913548895072,-3.127821074737294e-19,13039,0.4860085349076976
1671,0.4912664597973023,0.48493422999614166,0.0014129231023176103,0.0,1.5902625019703898e-06,0.002251024842557801,-3.422822592603912e-19,12950,0.4912664597973023
1672,0.48345941949202814,0.484976561506369,0.0016409678865421545,0.0,1.633283495027631e-06,0.0019906343182245737,-3.6818209499639837e-19,13244,0.48345941949202814
1673,0.48925873333428554,0.48495522260810986,0.0010126883112602262,0.0,8.825072246687629e-07,0.0017428999917467967,-3.708947903228551e-19,12956,0.48925873333428554
1674,0.4934052328415242,0.48496035959055084,0.0014012173771274458,0.0,1.442769859349333e-06,0.0020593091163443483,-3.540552590366519e-19,12904,0.4934052328415242
1675,0.4848200396714248,0.48496730376011477,0.001662068487029063,0.0,1.9408980264586007e-06,0.002335521119142261,-3.8221094553296244e-19,13084,0.4848200396714248
1676,0.4874130554261956,0.48499336147749883,0.0017205787450367432,0.0,1.9069977168053542e-06,0.00221669333334073,-3.4842119902666074e-19,13074,0.4874130554261956
1677,0.4886760125758356,0.4850371888249887,0.0016928226535849668,0.0,1.7286113776576253e-06,0.002042282898325902,-3.2048635137030917e-19,13072,0.4886760125758356
1678,0.4808250205869094,0.4850556511945754,0.0017023981167633244,0.0,1.7369683175598822e-06,0.0020406135327055977,-3.3502684583071105e-19,13347,0.4808250205869094
1679,0.48049174822989416,0.4850862427435052,0.0016796006926095763,0.0,1.671907483878194e-06,0.0019908392408204724,-3.286469175439989e-19,13292,0.48049174822989416
1680,0.48878093353091034,0.4850973172385846,0.0016589923638004904,0.0,1.8170566745063373e-06,0.00219055459706125,-3.5809746605352867e-19,13058,0.48878093353091034
1681,0.4842360022761162,0.4851296618339339,0.0015251977332389748,0.0,1.4890410971167003e-06,0.0019525876083680105,-3.4283469025998605e-19,13139,0.4842360022761162
1682,0.47768163959837134,0.48514336224448357,0.0015742704886716047,0.0,1.6771614321341097e-06,0.0021307157114395583,-3.5831032386662805e-19,13288,0.47768163959837134
1683,0.488843252957481,0.48511665093529044,0.0011226188339638862,0.0,1.1178505481756491e-06,0.0019915050671804593,-3.3170929972108486e-19,13085,0.488843252957481
1684,0.4853586286850047,0.485125870723202,0.0014774325026778298,0.0,1.4650635667942939e-06,0.0019832561746663657,-3.6445557608284414e-19,13169,0.4853586286850047
1685,0.48036233320160704,0.4850849249098319,0.0014095712885835714,0.0,1.500256015267421e-06,0.0021286699401702135,-3.37933416000642e-19,13236,0.48036233320160704
1686,0.4835922514297981,0.4850432184220288,0.0013535755980772365,0.0,1.5137793647650655e-06,0.002236711960403836,-3.506829840161952e-19,13194,0.4835922514297981
1687,0.4879296245942026,0.4850740134544568,0.00139781647367511,0.0,1.3045854445918074e-06,0.0018666047641602312,-3.95428721508402e-19,13015,0.4879296245942026
1688,0.4893991924375733,0.48510373888810876,0.001663296445851864,0.0,1.733454771755536e-06,0.0020843605793526964,-3.8791390472314404e-19,13012,0.4893991924375733
1689,0.4873920068895293,0.4849742757203784,0.0015462864309537454,0.0,2.4750868859985294e-06,0.0032013304087159357,-3.5762433995773853e-19,13063,0.4873920068895293
1690,0.4904602159289304,0.4850049762274271,0.0015407282420017,0.0,1.5262347918311693e-06,0.0019811862341775456,-3.5187563165774115e-19,12950,0.4904602159289304
1691,0.48182947727920233,0.48502109907881685,0.001596344924894082,0.0,1.6369966684202958e-06,0.0020509310273641662,-3.308279657339696e-19,13242,0.48182947727920233
1692,0.4843114351837176,0.4850616295092104,0.0020061086460292274,0.0,2.2332297648930006e-06,0.0022264295299392915,-3.6189092689189936e-19,13187,0.4843114351837176
1693,0.48052327620721413,0.4850912505363904,0.0018235760173630452,0.0,2.0748907826827624e-06,0.0022756285045721623,-3.5740194020566646e-19,13297,0.48052327620721413
1694,0.48806001203310057,0.48512953547101356,0.001884259017953823,0.0,2.056065033153213e-06,0.002182359233589827,-3.4605338632004023e-19,13108,0.48806001203310057
1695,0.4911378708101037,0.4851548194368757,0.0015108900725253642,0.0,1.4753161986243586e-06,0.0019529100434930442,-3.455891288491278e-19,13021,0.4911378708101037
1696,0.4842072183193042,0.4851284060514167,0.0014446766249200007,0.0,1.6983778360556225e-06,0.002351222144470803,-3.2445658023101203e-19,13209,0.4842072183193042
1697,0.4882033816156235,0.4850952071345737,0.0012548387356077749,0.0,1.2605187274539606e-06,0.0020090529431153314,-3.3706433255767325e-19,13089,0.4882033816156235
1698,0.48311760440697393,0.48510777581935016,0.0014076700136445748,0.0,1.4424873008482044e-06,0.0020494679674442798,-3.5327259825052183e-19,13236,0.48311760440697393
1699,0.484677840358024,0.48508393195620747,0.0013914981769206926,0.0,1.4915648741518013e-06,0.002143825840221438,-3.5912377197016697e-19,13202,0.484677840358024
1700,0.4888157204836567,0.4851094434695479,0.001865385376062007,0.0,2.0703786289746576e-06,0.0022197864908166153,-3.3183886953135527e-19,13074,0.4888157204836567
1701,0.4856363483230166,0.48515489515753724,0.0019016603729909108,0.0,2.17175875596122e-06,0.0022840658477260075,-3.677397577674456e-19,13110,0.4856363483230166
1702,0.4798849153008417,0.48517775215692993,0.0016324962391421924,0.0,1.6431085435786774e-06,0.002013001321757484,-3.6074549861799386e-19,13247,0.4798849153008417
1703,0.48043959987739926,0.485226354565622,0.001702265098082317,0.0,1.7005572471946519e-06,0.001997993437227152,-3.0835889640794275e-19,13232,0.48043959987739926
1704,0.48334112348689884,0.4852843858579366,0.0018377283796521021,0.0,1.8953958015526803e-06,0.002062759461669189,-3.5415948521262707e-19,13064,0.48334112348689884
1705,0.48696087354367723,0.4853381178931834,0.001831760800005786,0.0,1.9837910993052236e-06,0.002165993615868357,-3.7040246869614023e-19,13069,0.48696087354367723
1706,0.482245714160683,0.4853317381225211,0.0017075295736309814,0.0,1.8351657751681541e-06,0.002149498086016466,-3.4042118400499494e-19,13248,0.482245714160683
1707,0.4832294658312564,0.4853682166135413,0.0017083510392535666,0.0,1.794176870243131e-06,0.0021004779802482098,-3.8590386543571445e-19,13118,0.4832294658312564
1708,0.4933187147261932,0.4853581820490301,0.001544923158329609,0.0,1.5571633983811116e-06,0.0020158457590405167,-3.6035583298396067e-19,12850,0.4933187147261932
1709,0.47891234544393174,0.4853788861097392,0.0014535938791581224,0.0,1.3427193876329348e-06,0.001847447773253692,-3.658154621585418e-19,13385,0.47891234544393174
1710,0.4821099352331299,0.48539546613205,0.0015397956609746757,0.0,1.5642420463609028e-06,0.002031752765650415,-3.20743336379933e-19,13276,0.4821099352331299
1711,0.48663385142605575,0.4854361322404796,0.001683252120127916,0.0,1.6201669731289353e-06,0.0019250437338000363,-3.3502100483891536e-19,13110,0.48663385142605575
1712,0.48774189842524945,0.4854371277315326,0.001486655087750885,0.0,1.5299805753126258e-06,0.002058285863235818,-3.465180304514399e-19,13067,0.48774189842524945
1713,0.48757581904628206,0.4854602139618054,0.001477887521223069,0.0,1.512170181523836e-06,0.002046394140025481,-3.375312268060645e-19,13075,0.48757581904628206
1714,0.4889122997297479,0.48542635977737203,0.0012390478852229722,0.0,1.321716336931254e-06,0.0021334386712478113,-3.401315331064683e-19,13032,0.4889122997297479
1715,0.4784697380535926,0.48539984895456983,0.0012472551615398625,0.0,1.2924879829973205e-06,0.002072531784757841,-3.438722328186303e-19,13414,0.4784697380535926
1716,0.4869186407570306,0.48541447812859295,0.001465440493861109,0.0,1.4812857984045921e-06,0.002021625312811896,-3.4853696402252672e-19,13120,0.4869186407570306
1717,0.48117698581550766,0.48544516494863,0.0015748008530000598,0.0,1.5546193742859463e-06,0.001974369484654943,-3.698379216255659e-19,13268,0.48117698581550766
1718,0.4835566687129542,0.4854833553483262,0.001819754810719138,0.0,1.908129499506185e-06,0.002097128127664762,-3.2045676574553605e-19,13250,0.4835566687129542
1719,0.48611984997881164,0.48551194858667135,0.0014679676046786127,0.0,1.4548055876213942e-06,0.0019820677009284547,-3.0520999134606216e-19,13186,0.48611984997881164
1720,0.4876504002447308,0.48549829025567826,0.0012514807664016905,0.0,1.2564604606634804e-06,0.0020079580835686475,-3.522582796198281e-19,13097,0.4876504002447308
1721,0.48774241200433505,0.48546119442681274,0.0009369303077884272,0.0,8.553479486180928e-07,0.0018258518088439145,-3.46633540468579e-19,13041,0.48774241200433505
1722,0.48061002544872394,0.48546023048287473,0.0012627617221644502,0.0,1.2595672660807428e-06,0.00199494052436396,-3.4594652673382383e-19,13344,0.48061002544872394
1723,0.4859850656983311,0.4855135354662645,0.0017571386796341039,0.0,1.7622804898307738e-06,0.0020058524808044638,-3.4241830250092997e-19,13202,0.4859850656983311
1724,0.4832508075698869,0.4855486680800762,0.0015745781337771986,0.0,1.4957157794756015e-06,0.0018998304973124236,-3.4011900454522514e-19,13181,0.4832508075698869
1725,0.48465701344791035,0.48556213835141304,0.0018517542263055604,0.0,2.3959053715227277e-06,0.0025877142198322987,-3.627030846157163e-19,13229,0.48465701344791035
1726,0.4888379918134937,0.4855745918583475,0.0018536884688878982,0.0,2.066731058982683e-06,0.0022298580302682657,-3.4517449854225696e-19,13043,0.4888379918134937
1727,0.4875658372186854,0.4855759425482631,0.001490470647701806,0.0,1.443793785488606e-06,0.0019373662778463,-3.5102847645840457e-19,13077,0.4875658372186854
1728,0.487645177237256,0.4855670344797087,0.0015242283012904777,0.0,1.5275345929473254e-06,0.00200433831553193,-3.38782374294562e-19,13081,0.487645177237256
1729,0.49216503369435094,0.4855861904550832,0.0014306765261724373,0.0,1.3063675540014003e-06,0.0018262235104903734,-3.5897295168001464e-19,12861,0.49216503369435094
1730,0.4898989591949215,0.4856373903665694,0.0018209135263853459,0.0,1.9099570243739967e-06,0.0020978009078392746,-3.7169354492403933e-19,12982,0.4898989591949215
1731,0.4914706255424901,0.48557825346599504,0.001231605812878743,0.0,1.4581094047586909e-06,0.002367818322244713,-3.3132559329656945e-19,12984,0.4914706255424901
1732,0.49035119833227414,0.4855498791122237,0.0013142416656801894,0.0,1.4211904688083741e-06,0.002162753633400952,-3.4271780353343533e-19,12964,0.49035119833227414
1733,0.48080094111335603,0.48558916244997874,0.0018137728952674625,0.0,1.8402782517545115e-06,0.002029226764338807,-3.010623722572551e-19,13220,0.48080094111335603
1734,0.47961500592594236,0.4855582742196446,0.001512052999867614,0.0,1.6743573669078566e-06,0.002214680791023136,-3.4218209706778644e-19,13244,0.47961500592594236
1735,0.48348858086097934,0.48560337391250386,0.001642114662898071,0.0,1.713177022958271e-06,0.002086549814901216,-3.105235963896116e-19,13223,0.48348858086097934
1736,0.48896799854875744,0.485650726293732,0.0017370005098035785,0.0,1.6827597177925515e-06,0.0019375466020822747,-3.3142514726464503e-19,12974,0.48896799854875744
1737,0.4835196290445237,0.4856845158695723,0.0015081698496998562,0.0,1.3672805046353294e-06,0.0018131651483517387,-3.48291071669679e-19,13157,0.4835196290445237
1738,0.489543038288263,0.4856653457749118,0.0014537869100982738,0.0,1.5594162769101892e-06,0.0021453161616440406,-3.4621342507921106e-19,12988,0.489543038288263
1739,0.48582230067107013,0.48569427117536945,0.0016836852454185322,0.0,1.573055248522045e-06,0.0018685858925265016,-3.2763975011719114e-19,13157,0.48582230067107013
1740,0.48322039294814945,0.48565695960656396,0.0013360908936976897,0.0,1.4018189182013593e-06,0.0020983885524760433,-3.4510669127796543e-19,13297,0.48322039294814945
1741,0.4874502190722415,0.48565999970233903,0.001211521677978217,0.0,1.1021845633195733e-06,0.0018195044849034724,-3.2567266094017467e-19,13006,0.4874502190722415
1742,0.48213946757851994,0.4856198201569807,0.0012953423270135203,0.0,1.4848238478241465e-06,0.0022925582170197217,-3.370635607291276e-19,13296,0.48213946757851994
1743,0.48987484387396857,0.4855971678789071,0.0020355643066754174,0.0,2.647683133671673e-06,0.0026014242094822325,-3.5057753189683737e-19,12898,0.48987484387396857
1744,0.4898221561895693,0.4856619809548778,0.0019124872769543779,0.0,1.8768713749976846e-06,0.001962754364553566,-3.271602808506484e-19,13042,0.4898221561895693
1745,0.4783353121832534,0.4856720030347119,0.0015077937278868783,0.0,1.6924326541341653e-06,0.002244912712969104,-3.2665224717068206e-19,13465,0.4783353121832534
1746,0.48750185990100764,0.48567354689248277,0.0015103927274803062,0.0,1.4705379605710715e-06,0.0019472259549663986,-3.34670903442673e-19,13060,0.48750185990100764
1747,0.4856634630619694,0.4857124828303744,0.0017020743754783247,0.0,1.6194873594678437e-06,0.0019029572183210009,-3.734359106568065e-19,13062,0.4856634630619694
1748,0.4885220374693865,0.4857422804998301,0.0016927871318950093,0.0,1.6754935000332154e-06,0.001979567859967798,-3.63196998032179e-19,13036,0.4885220374693865
1749,0.48488072877664323,0.4857609374474487,0.001566518998538817,0.0,1.6283755552171478e-06,0.0020789732607597194,-3.27623371603883e-19,13161,0.48488072877664323
1750,0.4859798637463344,0.4857544833911639,0.0018969710132164133,0.0,2.49521860949882e-06,0.002630739839580412,-3.5710260422508915e-19,13062,0.4859798637463344
1751,0.48106296209448113,0.485725177579009,0.0010524681813892413,0.0,1.0685156324617574e-06,0.002030494890688921,-3.256450520454135e-19,13265,0.48106296209448113
1752,0.48644786222440417,0.485734817305799,0.0016312197001979733,0.0,1.6837250887158811e-06,0.00206437561845475,-3.481054752805326e-19,13047,0.48644786222440417
1753,0.4896579423592591,0.48580178797123386,0.001944579214195719,0.0,1.9023289836065355e-06,0.0019565456317945287,-3.2565538791131605e-19,13007,0.4896579423592591
1754,0.4918346162876439,0.48575770304964794,0.0012457510994625146,0.0,1.3107718541588434e-06,0.002104388035016597,-3.1763581315557037e-19,12952,0.4918346162876439
1755,0.483832839101097,0.48571977490200824,0.001703855684285465,0.0,1.9789856730800027e-06,0.0023229498734335793,-3.2176368498877995e-19,13238,0.483832839101097
1756,0.48672666186962066,0.4856428066466012,0.0014479291684437918,0.0,1.7454577477399364e-06,0.002410971179779357,-3.2202323388134766e-19,13118,0.48672666186962066
1757,0.4840234693606208,0.48567300418870263,0.0019303810739860088,0.0,2.056546459817322e-06,0.002130715522993392,-2.9669933500772853e-19,13117,0.4840234693606208
1758,0.48424082589808054,0.48572993934701647,0.00173230871043127,0.0,1.682449124979556e-06,0.0019424356811791345,-3.2641422716022435e-19,13167,0.48424082589808054
1759,0.49032476200161096,0.4857682258961563,0.0017481257169636025,0.0,1.8233328947968626e-06,0.00208604321428769,-3.461549569822751e-19,12961,0.49032476200161096
1760,0.48659169865852453,0.4858172966326353,0.0016624035874770672,0.0,1.659008716746121e-06,0.001995915708127052,-3.7761704922999396e-19,13155,0.48659169865852453
1761,0.4860598137375809,0.48586131528531673,0.0016442436627683743,0.0,1.657191600740007e-06,0.0020157494150834466,-3.4440061256019504e-19,13153,0.4860598137375809
1762,0.4885176900431163,0.4858912404422264,0.0013293349411635888,0.0,1.182655386680815e-06,0.0017793188910623491,-3.6558638230024632e-19,13066,0.4885176900431163
1763,0.48360263952231286,0.4859049970675382,0.0021577904720097795,0.0,2.6853961969616864e-06,0.0024890240565947916,-3.285294310627681e-19,13241,0.48360263952231286
1764,0.48307996343704235,0.48593944052186355,0.0015638892601566657,0.0,1.4680558982337416e-06,0.001877442266067709,-3.379086443842621e-19,13237,0.48307996343704235
1765,0.48499067410240215,0.48597833233832666,0.001694836036594236,0.0,1.7466389225875417e-06,0.002061130262603341,-3.448447134033859e-19,13227,0.48499067410240215
1766,0.48289366311885495,0.4859802418669621,0.0014633063033532609,0.0,1.4779695329972349e-06,0.002020041230753086,-3.283043062794651e-19,13238,0.48289366311885495
1767,0.48214891817305994,0.48602584066254706,0.0017046651538613837,0.0,1.7632119062425753e-06,0.002068690032465992,-3.5104562225547594e-19,13262,0.48214891817305994
1768,0.4864087973885826,0.4860515378818475,0.0015508090378053764,0.0,1.4972307374788466e-06,0.0019309027752348528,-3.2893496138359073e-19,13079,0.4864087973885826
1769,0.48535294765147324,0.4859959762844135,0.0012168745777290737,0.0,1.3095738419605066e-06,0.0021523563166294885,-3.1166227111504006e-19,13149,0.48535294765147324
1770,0.48670859303981207,0.48602167942797286,0.0015366197015706051,0.0,1.4353528512784496e-06,0.0018681952988255338,-3.363771072189039e-19,13075,0.48670859303981207
1771,0.4810199583626755,0.4860274783568422,0.0015442874968802632,0.0,1.5305394841518987e-06,0.0019821950086934747,-3.0305445333419356e-19,13307,0.4810199583626755
1772,0.4824982421456596,0.4860919753595955,0.001726747737364445,0.0,1.5808388939342497e-06,0.0018310015524874556,-3.274288705108924e-19,13232,0.4824982421456596
1773,0.4900738180766918,0.4861064596427822,0.0015280706126600944,0.0,1.614872743431008e-06,0.0021136101042082173,-3.3882474577235876e-19,13060,0.4900738180766918
1774,0.494861913283246,0.48607966556345594,0.0013322869961201595,0.0,1.2790254993170707e-06,0.0019200450098842137,-3.2178441392026917e-19,12798,0.494861913283246
1775,0.4853428933989449,0.4861158412908346,0.0017824745087494332,0.0,1.735302292895401e-06,0.001947071090641147,-3.2836993005188537e-19,13060,0.4853428933989449
1776,0.4937110089856105,0.48602938370198273,0.0012746091469168482,0.0,1.3725001927034268e-06,0.002153601668438309,-3.2188122379847167e-19,12851,0.4937110089856105
1777,0.49024397849467033,0.4860411030681068,0.0014666632584654632,0.0,1.559560302691489e-06,0.0021266780819521203,-3.3134687780119014e-19,12994,0.49024397849467033
1778,0.48853833941931146,0.4860246923370052,0.0012777576375944547,0.0,1.2125631932983195e-06,0.001897954913548594,-3.491227908375207e-19,13031,0.48853833941931146
1779,0.4886245910594166,0.48604388991356046,0.0019167944906199972,0.0,2.2484203460246976e-06,0.0023460212944345785,-3.3810850221717687e-19,13009,0.4886245910594166
1780,0.4882392354538829,0.4860791467814183,0.0017475256453409627,0.0,1.845356297429045e-06,0.0021119647684128768,-3.087073805429426e-19,13046,0.4882392354538829
1781,0.4877305279046896,0.48607205089012473,0.0014551518531333856,0.0,1.5887112853502273e-06,0.0021835676901063583,-3.7471943034024697e-19,13054,0.4877305279046896
1782,0.48804800260930414,0.486121651839554,0.001677344626206498,0.0,1.6216893556993006e-06,0.0019336388364827946,-3.480773785371205e-19,12993,0.48804800260930414
1783,0.4858230521804079,0.4861594231966675,0.0017461536103587283,0.0,1.8712689198418207e-06,0.0021433038980544082,-3.655366987245239e-19,13083,0.4858230521804079
1784,0.48554836128804024,0.4861873732984088,0.001644359827487447,0.0,1.7104919384702756e-06,0.002080435084678367,-3.2898809098313627e-19,13127,0.48554836128804024
1785,0.49334901521088015,0.48618680830552286,0.0015726450375616848,0.0,1.5778840805815028e-06,0.0020066627152277683,-3.2660072542638704e-19,12861,0.49334901521088015
1786,0.4828890026976169,0.48621769316960617,0.0017223584676518556,0.0,1.6781230163332464e-06,0.0019486338620566986,-3.2762196575479804e-19,13214,0.4828890026976169
1787,0.49000447845536266,0.48617848290162624,0.001220161839424378,0.0,1.3084113279208681e-06,0.0021446521037539125,-3.6791326955735363e-19,13003,0.49000447845536266
1788,0.4873978980431774,0.4861462429679203,0.001332617662327264,0.0,1.352147239154388e-06,0.002029310097530927,-3.2448353758835744e-19,13013,0.4873978980431774
1789,0.48809769238642875,0.48619578532298124,0.0017612749471053867,0.0,1.6886358199149496e-06,0.0019175152893535243,-3.237203411246745e-19,13099,0.48809769238642875
1790,0.48988079542330576,0.48616240155395296,0.001567804204854023,0.0,1.659308818886288e-06,0.0021167296448739723,-3.5875971449591897e-19,12950,0.48988079542330576
1791,0.48291623154920704,0.4862214940786737,0.0018145303281097364,0.0,1.8467469929483356e-06,0.0020355096460384437,-3.7348165910632544e-19,13239,0.48291623154920704
1792,0.48937808203863764,0.48624600152567143,0.001759610932886512,0.0,1.928546004271165e-06,0.002192014118834244,-3.4848403813744847e-19,13046,0.48937808203863764
1793,0.4851608351314946,0.48628461268623235,0.001635141025625444,0.0,1.6642210579000188e-06,0.002035568836961267,-3.3504849375304777e-19,13093,0.4851608351314946
1794,0.48756734763072174,0.48628323024048403,0.001350097801198185,0.0,1.3685087528052358e-06,0.0020272735080239536,-3.0135490122527247e-19,13011,0.48756734763072174
1795,0.484754617818669,0.48628453815832373,0.0014643683678328392,0.0,1.457738020710941e-06,0.001990944427279987,-3.178073494878023e-19,13133,0.484754617818669
1796,0.48637015205273665,0.4862683540785468,0.0016049998148742184,0.0,1.7886647990020458e-06,0.002228866050233434,-3.593353978751074e-19,13163,0.48637015205273665
1797,0.485421042466873,0.48627670639416876,0.0013648420388554913,0.0,1.2846083813892184e-06,0.0018824279217929804,-3.3442469368613957e-19,13198,0.485421042466873
1798,0.48297609182768414,0.48631628836581,0.0016953937578522383,0.0,1.6685820843415303e-06,0.0019683711546223054,-3.181753675249621e-19,13207,0.48297609182768414
1799,0.4872788663249191,0.4863673693525237,0.0015353086681514898,0.0,1.4190429597209652e-06,0.0018485441906994397,-3.343476265412728e-19,13083,0.4872788663249191
1800,0.484843162722269,0.48635155532892016,0.0015902802940882673,0.0,1.4780101637679791e-06,0.0018588046010031784,-3.6747721181464294e-19,13139,0.484843162722269
1801,0.4851013355291349,0.4863181195709132,0.0016644955413463224,0.0,1.952023313774764e-06,0.0023454833795419783,-3.4053022944813675e-19,13117,0.4851013355291349
1802,0.48610806093032044,0.4863552014209739,0.0016637089867322563,0.0,1.6325774294968083e-06,0.0019625757178885063,-3.507104145588092e-19,13166,0.48610806093032044
1803,0.48449433818521753,0.48636352578553255,0.0013614118798756616,0.0,1.2970510624431752e-06,0.0019054498959736356,-3.313611618966607e-19,13220,0.48449433818521753
1804,0.48898100022172974,0.4863970527191541,0.0015822610420268065,0.0,1.5225824022439613e-06,0.0019245653679162834,-3.3460046712832476e-19,13009,0.48898100022172974
1805,0.48801425792036324,0.48637886978022904,0.0014555694373958787,0.0,1.4216005146218925e-06,0.00195332558942051,-3.3827217502047967e-19,13088,0.48801425792036324
1806,0.48932196254159366,0.48642535532603415,0.001631636922404708,0.0,1.588042518087047e-06,0.0019465635966935443,-3.3306042334175437e-19,13023,0.48932196254159366
1807,0.4864447520516214,0.48644365634418596,0.0015091799766211516,0.0,1.5823887381193138e-06,0.0020970179337550803,-3.648184999566297e-19,13049,0.4864447520516214
1808,0.4897687624366594,0.48646899540457345,0.0013901165109052379,0.0,1.2184949698416491e-06,0.0017530832276039516,-3.569746320911296e-19,12990,0.4897687624366594
1809,0.48794328649354635,0.4865061565027171,0.0015559585128564755,0.0,1.5258915444286242e-06,0.0019613524805714086,-3.4022618288807148e-19,13071,0.48794328649354635
1810,0.49289462400598444,0.48648267852172833,0.0016223278985872094,0.0,1.7268005801914882e-06,0.0021287935462310156,-3.2909295571744114e-19,12966,0.49289462400598444
1811,0.48691268326276194,0.4864382401053391,0.001342443529425071,0.0,1.5918398303987221e-06,0.0023715557422075845,-3.6462903357518736e-19,13061,0.48691268326276194
1812,0.48181266920348403,0.48643190274337966,0.001436516459035428,0.0,1.631665661773176e-06,0.002271697830554317,-3.1909286981664253e-19,13207,0.48181266920348403
1813,0.4823657733517142,0.48637910675152574,0.0013577696828557162,0.0,1.533179744696871e-06,0.002258379700262897,-3.0950201615404214e-19,13317,0.4823657733517142
1814,0.4836819072579077,0.48640085887049045,0.0014767323458564547,0.0,1.381487014870218e-06,0.0018710052891392477,-3.4593119009930353e-19,13170,0.4836819072579077
1815,0.48608673115822665,0.486381998101286,0.0015623728245338013,0.0,1.7663959482960844e-06,0.002261170855711935,-3.2285942668736548e-19,13097,0.48608673115822665
1816,0.4827137082227775,0.48636843534455454,0.0014615360651733585,0.0,1.517981115501765e-06,0.002077240721831536,-3.1991964329762324e-19,13226,0.4827137082227775
1817,0.48520293297630895,0.4863996950910009,0.0014840344548494324,0.0,1.5288105250607749e-06,0.0020603437070682903,-3.5966690325178625e-19,13176,0.48520293297630895
1818,0.4856908585395837,0.48637212967332044,0.0015432765803545148,0.0,1.7808252938494403e-06,0.002307849826167073,-3.6283116025819134e-19,13120,0.4856908585395837
1819,0.4861033910547664,0.48640709565837004,0.0015042643603391229,0.0,1.4875677628154652e-06,0.0019778009797162335,-3.6502571398957774e-19,13034,0.4861033910547664
1820,0.4837549620109885,0.48639459892886405,0.0013685020250347834,0.0,1.4205585581725857e-06,0.0020760781236498047,-3.6847673010534184e-19,13137,0.4837549620109885
1821,0.4931560788713939,0.4864347141170656,0.0016407215814315825,0.0,1.5347423403766499e-06,0.0018708138635411108,-3.3697751933616107e-19,12925,0.4931560788713939
1822,0.48841945426021816,0.4863930383564533,0.0013453779515959735,0.0,1.4190816528328803e-06,0.002109565793239698,-3.609430400083375e-19,13047,0.48841945426021816
1823,0.4903166081863529,0.4864172724471541,0.0016836817603164843,0.0,1.589538513296267e-06,0.0018881697845292077,-3.4883396933350675e-19,12972,0.4903166081863529
1824,0.4869156241777605,0.4863931720260155,0.001432283477040692,0.0,1.4880488307884374e-06,0.0020778691573863084,-3.451840015009031e-19,13140,0.4869156241777605
1825,0.48404120046215726,0.48643103270400256,0.0016000525633774769,0.0,1.71691827615909e-06,0.0021460773420279725,-3.5792058016088103e-19,13165,0.48404120046215726
1826,0.49363755501578266,0.48642541046848436,0.0011077648254702785,0.0,9.75503053129091e-07,0.0017612096551539475,-3.628109196014004e-19,12892,0.49363755501578266
1827,0.4879397544730122,0.4864783208283058,0.0018703684432994448,0.0,1.8913842284591687e-06,0.0020224723478788494,-3.1826704688009125e-19,13024,0.4879397544730122
1828,0.48955692187867156,0.4864891513915611,0.0014413998966296545,0.0,1.3788302185699208e-06,0.0019131820694506267,-3.4710006649470403e-19,12999,0.48955692187867156
1829,0.4853204257959519,0.4864706259013526,0.0012335377517597816,0.0,1.0503650443519568e-06,0.0017030124012880697,-3.1786730187443653e-19,13131,0.4853204257959519
1830,0.48636593099297865,0.48650048997793466,0.0016253490271300017,0.0,1.5190406734142047e-06,0.0018691870460543312,-3.8793610476588405e-19,13088,0.48636593099297865
1831,0.4904900720232298,0.48649968348735784,0.0016872983620348867,0.0,1.7283734137743235e-06,0.0020486873604143134,-3.4597007291280367e-19,13065,0.4904900720232298
1832,0.48725855830935727,0.48655602833075917,0.0018448315096883387,0.0,1.7853954987885676e-06,0.0019355648355010892,-3.341554123811452e-19,13121,0.48725855830935727
1833,0.4843667221099173,0.48655699253436474,0.0015848657059195383,0.0,1.8742386368254268e-06,0.0023651702851857654,-3.0513137837257524e-19,13179,0.4843667221099173
1834,0.4837474960281051,0.48650655326747955,0.0013232518861019374,0.0,1.3930184922234829e-06,0.002105447204503241,-3.232556382606643e-19,13170,0.4837474960281051
1835,0.48684712664015506,0.48656010591836457,0.0018006707389529814,0.0,1.7734901189046975e-06,0.001969810560631325,-3.6754113204554056e-19,13108,0.48684712664015506
1836,0.4849745714855197,0.4866149312037942,0.0017841139178915646,0.0,1.7792065908780714e-06,0.0019944988635935395,-3.729056592947621e-19,13193,0.4849745714855197
1837,0.48808303983034457,0.48662484794668776,0.0016215861229529522,0.0,1.7294168269719489e-06,0.0021329941129770323,-3.2897850879112423e-19,13069,0.48808303983034457
1838,0.48578580725829346,0.4866246539581675,0.00149500674928366,0.0,1.4232712014111255e-06,0.0019040331451253886,-3.1311049550116595e-19,13099,0.48578580725829346
1839,0.485733018579521,0.48657620049045597,0.0011035834667462475,0.0,1.1301988161233857e-06,0.0020482344112233023,-3.3263338796421388e-19,13101,0.485733018579521
1840,0.4873272930924211,0.48651605095794676,0.0014233972300178568,0.0,1.7029568409998893e-06,0.0023928061753759706,-3.300033246094597e-19,13054,0.4873272930924211
1841,0.48187968499696143,0.4865174498634607,0.001337192965896535,0.0,1.2700134198885983e-06,0.001899521538444685,-3.232579152753414e-19,13242,0.48187968499696143
1842,0.47974455056537435,0.48657661671137964,0.0018066069751332,0.0,1.8036910956621904e-06,0.0019967719824940952,-3.2258137918704938e-19,13341,0.47974455056537435
1843,0.49268300724083564,0.486591713741093,0.0013893547858437637,0.0,1.2580495896357908e-06,0.0018109839221113987,-3.2844020879857946e-19,12901,0.49268300724083564
1844,0.48866736976148534,0.48651541854580627,0.0012576570164444672,0.0,1.3453084384335756e-06,0.0021393884355480454,-3.578203913898213e-19,13037,0.48866736976148534
1845,0.49050268296133953,0.4865445728792187,0.0016574633866014339,0.0,1.7128891079968387e-06,0.002066880175868081,-3.6244024896364543e-19,13038,0.49050268296133953
1846,0.48704688514036226,0.4866144353949292,0.0019385697922985072,0.0,1.868036247414042e-06,0.0019272313587422245,-3.457729544374125e-19,13083,0.48704688514036226
1847,0.4870284781413653,0.48664461575590756,0.0017929788233647895,0.0,1.8854253858623914e-06,0.0021031206406823167,-3.13310330806206e-19,13082,0.4870284781413653
1848,0.4828348351109925,0.4866796858493283,0.001539009800805181,0.0,1.333188266385833e-06,0.0017325273246321543,-3.316348733332975e-19,13200,0.4828348351109925
1849,0.4857689144277757,0.48672560313148483,0.0016504472560444437,0.0,1.48375365012479e-06,0.0017980018988075254,-3.3922943232480584e-19,13000,0.4857689144277757
1850,0.49135451446725437,0.4867522981798788,0.0015612951643145642,0.0,1.3631846309722444e-06,0.0017462228310566835,-3.6216343481876763e-19,12988,0.49135451446725437
1851,0.4882363458731052,0.48676370255584006,0.001367715622295123,0.0,1.3549361109451277e-06,0.001981312619170716,-3.6611873136167816e-19,13032,0.4882363458731052
1852,0.48330301889660243,0.48677991098356654,0.0014248480639628568,0.0,1.3797560730726849e-06,0.0019367062467492008,-3.3721211342702955e-19,13182,0.48330301889660243
1853,0.4899740687123649,0.4868176450412195,0.0016285417729656067,0.0,1.4791461522289292e-06,0.0018165283528900518,-3.188596912590949e-19,13061,0.4899740687123649
1854,0.48436116415523567,0.48679088518053937,0.0015409639071905553,0.0,1.628423431868052e-06,0.00211351274909086,-3.5296185886788837e-19,13124,0.48436116415523567
1855,0.4892679398711862,0.4867960756461174,0.0018350256333122012,0.0,2.087734309089355e-06,0.0022754279517295,-3.41450836877167e-19,12994,0.4892679398711862
1856,0.4845434050371774,0.4868366204565,0.0015701606200972551,0.0,1.4371308974907975e-06,0.0018305527206532316,-3.257314079027226e-19,13043,0.4845434050371774
1857,0.48464816956746354,0.4867746571643068,0.0019361312932565005,0.0,2.668517354420031e-06,0.002756545864130613,-3.288383146820243e-19,13194,0.48464816956746354
1858,0.4833394304056535,0.48677006605623363,0.0011699606504204328,0.0,1.0267295740889166e-06,0.0017551523185330288,-3.385059649204621e-19,13157,0.4833394304056535
1859,0.48565488197306095,0.4868054044545242,0.0017864049281505544,0.0,1.8126908581187795e-06,0.0020294288596655837,-3.5105041517060455e-19,13087,0.48565488197306095
1860,0.484985019419444,0.48675478567532005,0.0010252874397682472,0.0,1.0113108434632718e-06,0.0019727362381262866,-3.3470486381867336e-19,13195,0.484985019419444
1861,0.49196874931239,0.48672281631470515,0.001172839162174944,0.0,1.1804192164203242e-06,0.0020129259910307284,-3.1773762316324752e-19,12895,0.49196874931239
1862,0.49141343512655633,0.4867601508370343,0.001557969744363396,0.0,1.4174700624038617e-06,0.0018196374705377301,-3.5562962709245316e-19,12920,0.49141343512655633
1863,0.49562148887832125,0.48679811396755807,0.001616830592897847,0.0,1.5724192765913605e-06,0.001945063735803158,-3.7563675430678276e-19,12752,0.49562148887832125
1864,0.48758136059951546,0.48682966973695574,0.00171510720464226,0.0,1.6810653965146254e-06,0.0019603035798164753,-3.713803017611681e-19,13110,0.48758136059951546
1865,0.48780038927794955,0.48678296530795045,0.001323177614617811,0.0,1.5127300760963498e-06,0.002286510985954503,-3.049868727593594e-19,13028,0.48780038927794955
1866,0.48942065014941716,0.4867639983845295,0.0014397941190879677,0.0,1.4560943371890283e-06,0.0020226424290597685,-3.5162210920213603e-19,13047,0.48942065014941716
1867,0.48304868502630066,0.48676774520339205,0.0013704147924342401,0.0,1.2714175214096147e-06,0.0018555221797500036,-3.532397598397883e-19,13272,0.48304868502630066
1868,0.4870975940557474,0.48675077141972967,0.0013332598428927216,0.0,1.3686185743973907e-06,0.0020530410207629936,-3.253010469137093e-19,13050,0.4870975940557474
1869,0.4861012226775381,0.4867690487634524,0.0015352299251093899,0.0,1.516607600178674e-06,0.0019757400183175963,-3.5576174182884292e-19,13063,0.4861012226775381
1870,0.49023487631491086,0.4867958938110196,0.0015869920164198312,0.0,1.577141457668394e-06,0.0019875858748506377,-3.4127422728995903e-19,12966,0.49023487631491086
1871,0.4924076231050183,0.48683191129018666,0.0014986237090638187,0.0,1.4544138582186335e-06,0.0019409993975434928,-3.2896466721726586e-19,12979,0.4924076231050183
1872,0.4919760182160833,0.48690296982449327,0.0018758236913563949,0.0,1.7568883385787536e-06,0.0018731913310129481,-3.313706546089885e-19,12828,0.4919760182160833
1873,0.4878273129279981,0.48682744979898956,0.00135177767178564,0.0,1.6439668885611058e-06,0.0024323036589138157,-3.3872686885584745e-19,13141,0.4878273129279981
1874,0.4859479494175763,0.4867710948153699,0.00112430475138979,0.0,1.2402775142555087e-06,0.0022063012945953684,-3.5658625666977087e-19,13124,0.4859479494175763
1875,0.48583618549064556,0.48676269744550094,0.0014884188809436338,0.0,1.5480537784458899e-06,0.002080131874522377,-3.606010230868468e-19,13198,0.48583618549064556
1876,0.48701050449211103,0.4867150317514495,0.00119747570767211,0.0,1.284861930977794e-06,0.0021459507240870258,-3.197144257367368e-19,13165,0.48701050449211103
1877,0.4856383746127306,0.48674502924366253,0.0015340603912470975,0.0,1.4671680388104854e-06,0.0019127904575096512,-3.5386132107537965e-19,13137,0.4856383746127306
1878,0.4878127406039522,0.48673120716084983,0.0014929892258421242,0.0,1.5234347474724655e-06,0.0020407846501546835,-3.417408328860672e-19,13054,0.4878127406039522
1879,0.48194667453678136,0.4866683695165753,0.001182586490738473,0.0,1.3221054496178857e-06,0.0022359556108108233,-3.687056861585307e-19,13204,0.48194667453678136
1880,0.4851688949516542,0.486574146616454,0.0012733777362627715,0.0,1.4747260528664026e-06,0.0023162428725895068,-3.272554009719266e-19,13127,0.4851688949516542
1881,0.4841042410479403,0.4865946962829005,0.0015803666473033064,0.0,1.629493613694741e-06,0.0020621716061589423,-3.8101324402084694e-19,13131,0.4841042410479403
1882,0.48286251460873386,0.48649421848826646,0.0013817334207928437,0.0,1.6715876164002224e-06,0.002419551544813991,-3.5530978387721308e-19,13200,0.48286251460873386
1883,0.4858284927879965,0.4864750737527601,0.0013709220299027134,0.0,1.4199914927434957e-06,0.002071586073854637,-3.106329307137249e-19,13148,0.4858284927879965
1884,0.48006061084171703,0.4865059068027369,0.0016225526558276454,0.0,1.5114937302326223e-06,0.0018631059211593065,-3.152153336035658e-19,13376,0.48006061084171703
1885,0.4871163242510415,0.486496486669031,0.0015127192349757418,0.0,1.5018156471429163e-06,0.0019855841221811388,-3.264643042013544e-19,13056,0.4871163242510415
1886,0.4816591589501256,0.48649753774964166,0.00126413742976978,0.0,1.193420452084373e-06,0.0018881182124347259,-2.993536111029669e-19,13277,0.4816591589501256
1887,0.490795266473005,0.486518061229983,0.00167127340901205,0.0,1.7141310420673167e-06,0.0020512873989667574,-3.232261559200167e-19,12970,0.490795266473005
1888,0.4883560776917785,0.48654884675774435,0.0016213231792930282,0.0,1.5914601063487769e-06,0.0019631620970752134,-3.303312389340117e-19,13078,0.4883560776917785
1889,0.4863756229064106,0.4865521511446681,0.0016768798281620056,0.0,1.710612879489354e-06,0.002040233117198771,-3.355168041691854e-19,13188,0.4863756229064106
1890,0.48760452297386664,0.4865570481016571,0.001447359067082639,0.0,1.423801267141829e-06,0.001967447193337733,-3.6147255715104584e-19,13034,0.48760452297386664
1891,0.4859929707997886,0.48649552042044736,0.00120973010778124,0.0,1.4363511775593888e-06,0.002374663849928962,-3.691961353650604e-19,13085,0.4859929707997886
1892,0.4832354774449844,0.48653488698749225,0.0016951576086221588,0.0,1.638992706118674e-06,0.0019337348902334387,-3.655880425883238e-19,13206,0.4832354774449844
1893,0.4894441149199018,0.4865548029210476,0.0014083623590096792,0.0,1.239275159021278e-06,0.0017598811145346168,-3.59376347714351e-19,13020,0.4894441149199018
1894,0.4904222409811131,0.48659446857413563,0.0016594258118271894,0.0,1.4950872260071737e-06,0.0018019331932181252,-3.549585725696633e-19,13011,0.4904222409811131
1895,0.4834524583828389,0.4866089458592291,0.0015506989165862807,0.0,1.563419137402458e-06,0.0020164057905504695,-3.6666880632298174e-19,13262,0.4834524583828389
1896,0.4730439218396474,0.48651762522272884,0.0011841600711501755,0.0,1.3460385795734966e-06,0.0022734064631415732,-3.420962708585704e-19,13527,0.4730439218396474
1897,0.4884284832745745,0.48651877841266017,0.0015942420677585486,0.0,1.6991822550223586e-06,0.0021316490003445362,-3.6617671527408855e-19,13021,0.4884284832745745
1898,0.4953161604063032,0.4865502159769288,0.0013148451284507097,0.0,1.1342197872625006e-06,0.0017252522943123482,-3.464443366249722e-19,12867,0.4953161604063032
1899,0.4845705453943179,0.4865242092908952,0.0018981115764250308,0.0,2.2748525100597094e-06,0.0023969639491312152,-3.3535229194421617e-19,13152,0.4845705453943179
1900,0.4921782250943555,0.48650944780671623,0.0015853688127397422,0.0,1.6365572576134088e-06,0.0020645760714634036,-3.1190778914853044e-19,12907,0.4921782250943555
1901,0.48694285839040613,0.48655719828018773,0.0016494851404429097,0.0,1.6804246466911601e-06,0.002037514137581067,-3.6519369388107626e-19,13081,0.48694285839040613
1902,0.48697513025202344,0.4866018680837842,0.0015704038705852683,0.0,1.4888460591167046e-06,0.0018961314181705773,-3.3263192145803584e-19,13134,0.48697513025202344
1903,0.4821592160742427,0.48658559430513926,0.001484331983013519,0.0,1.588717279337374e-06,0.002140649527893255,-3.413383741851878e-19,13310,0.4821592160742427
1904,0.4850924713812704,0.48660374191489275,0.0015600798910312128,0.0,1.582809890107626e-06,0.002029139532157406,-3.2867632292307026e-19,13033,0.4850924713812704
1905,0.48436443555395037,0.48664625426828556,0.001584221973911696,0.0,1.487688559519679e-06,0.0018781314538218897,-3.355038988740812e-19,13170,0.48436443555395037
1906,0.4858068928508256,0.4866721241958532,0.0015028387625701765,0.0,1.5014064820540286e-06,0.0019980938999554438,-3.6671987191201435e-19,13107,0.4858068928508256
1907,0.4803491654611876,0.4867074531624252,0.0014178084642545627,0.0,1.293037890123449e-06,0.0018239951625670199,-3.357089048995962e-19,13239,0.4803491654611876
1908,0.4891716399184175,0.4867523833592091,0.0018096002164942149,0.0,1.9782619930930066e-06,0.0021864077767691083,-3.531550225391322e-19,13021,0.4891716399184175
1909,0.48954149436598526,0.4867496171645182,0.0013326552562301674,0.0,1.3679441688958009e-06,0.0020529603023747628,-3.56773814681696e-19,13086,0.48954149436598526
1910,0.48526633751266723,0.4868000004400552,0.0017465197559580659,0.0,1.678969363342682e-06,0.0019226457159903943,-3.595930169209468e-19,13196,0.48526633751266723
1911,0.4852124737284885,0.486831032395856,0.0017179411286449343,0.0,1.8303371616100781e-06,0.002130849691052916,-3.507927377494772e-19,13088,0.4852124737284885
1912,0.4890167573424835,0.4868889410431097,0.0018584005429153757,0.0,1.7848135644364787e-06,0.0019208061160341065,-3.5302499997827387e-19,13063,0.4890167573424835
1913,0.4883478106294806,0.4869094516236415,0.0016593611230536877,0.0,1.6551098766097647e-06,0.001994876044298182,-3.350959661096657e-19,12927,0.4883478106294806
1914,0.49365453911504165,0.4868976627877943,0.0014194726541583455,0.0,1.4123936576391005e-06,0.001990025878274573,-2.9923504361934704e-19,12843,0.49365453911504165
1915,0.4850046734602319,0.48693610758787303,0.001950983141929781,0.0,2.1055517424158532e-06,0.002158452010336884,-3.461111741367417e-19,13073,0.4850046734602319
1916,0.48446761611090994,0.4869470315978708,0.001600587790616833,0.0,1.6607900586359286e-06,0.0020752251996073202,-2.9365468891719025e-19,13086,0.48446761611090994
1917,0.4874495243502354,0.4870067817764221,0.0018534632361690295,0.0,1.83089837244238e-06,0.0019756511342806137,-3.8669655610919155e-19,13094,0.4874495243502354
1918,0.491237453268924,0.48702342650832664,0.0017137113354370919,0.0,1.753952325081933e-06,0.002046963556595227,-3.0818558441538703e-19,12963,0.491237453268924
1919,0.48636791960513753,0.48702264778825594,0.0014363644323368886,0.0,1.4253578174333964e-06,0.001984674342171527,-3.42796661414778e-19,13039,0.48636791960513753
1920,0.4827517319646766,0.48700569819207984,0.0015354652479357244,0.0,1.8206329125526394e-06,0.0023714413790872748,-3.251795501041702e-19,13218,0.4827517319646766
1921,0.49063192701265007,0.4870427305774975,0.0016843588900929706,0.0,1.7128427186773203e-06,0.002033821567068497,-3.1536942519031723e-19,12952,0.49063192701265007
1922,0.48385122825014126,0.48711126819472994,0.0018433556602138466,0.0,1.7072394584948247e-06,0.0018523169406133686,-3.423662619529331e-19,13151,0.48385122825014126
1923,0.4895957652232409,0.4871587498685802,0.0016495460931731654,0.0,1.5264071604947128e-06,0.001850699615866356,-3.5987135386793983e-19,13000,0.4895957652232409
1924,0.48498958068439646,0.48715373823945307,0.0014813029820779922,0.0,1.6041034769213158e-06,0.0021658006448769277,-3.200026420068841e-19,13084,0.48498958068439646
1925,0.4860191911189953,0.4871894280566482,0.00167298175099186,0.0,1.6817883493555676e-06,0.0020105280268101983,-3.326507131280256e-19,13054,0.4860191911189953
1926,0.4931276635533499,0.48720302042587404,0.0013412802398485829,0.0,1.2109090274361908e-06,0.0018056018294474994,-3.272694394243837e-19,12922,0.4931276635533499
1927,0.48715946469677707,0.48726395404583467,0.0018621528551157978,0.0,1.7944711453149664e-06,0.00192730810511619,-3.218548009125086e-19,13056,0.48715946469677707
1928,0.48873691898764143,0.4872287951712027,0.0014501808518943323,0.0,1.6336608481472406e-06,0.0022530442958383205,-3.924273039145959e-19,13041,0.48873691898764143
1929,0.484860292070107,0.4871931948346491,0.001414681742850201,0.0,1.5407172924686574e-06,0.0021781821957559564,-3.2830557139986113e-19,13244,0.484860292070107
1930,0.48378515659987986,0.4872082082817032,0.0014918771181649804,0.0,1.4370704142962763e-06,0.0019265265172293583,-3.774265703490552e-19,13238,0.48378515659987986
1931,0.48717839356042836,0.4872127790460628,0.0014134562876809292,0.0,1.3119160952654162e-06,0.0018563235477453486,-3.4857513257455293e-19,13062,0.48717839356042836
1932,0.48000806820915987,0.48726634523574697,0.0016731969334904445,0.0,1.5465169655944257e-06,0.001848577336761247,-3.7241644768212238e-19,13315,0.48000806820915987
1933,0.49048917310974716,0.4873104584790387,0.0016337230197524693,0.0,1.5354779969048942e-06,0.001879728666781642,-3.5123866970639034e-19,12958,0.49048917310974716
1934,0.491808925538481,0.48730188677944786,0.0013654921444975286,0.0,1.4802150243724333e-06,0.002168031548679645,-3.3925090272921723e-19,12940,0.491808925538481
1935,0.492061422312174,0.4872873118728238,0.0012766112323416656,0.0,1.3383329706808234e-06,0.002096696216946082,-3.783649666966965e-19,12883,0.492061422312174
1936,0.48421303953429307,0.48726035806673335,0.0014125298617441535,0.0,1.4671975803244147e-06,0.0020774039828266133,-3.5144725756167653e-19,13081,0.48421303953429307
1937,0.4870452155473155,0.4872534201445614,0.001253055573680266,0.0,1.1884100226328711e-06,0.0018968193392132984,-3.3416519916175933e-19,13009,0.4870452155473155
1938,0.4880229477523307,0.48723624506166796,0.0016080983996485337,0.0,1.950554774392583e-06,0.0024259147012631777,-3.4255833724041517e-19,13032,0.4880229477523307
1939,0.48621474147544286,0.48726525860311554,0.0014822105026321556,0.0,1.339266282462939e-06,0.0018071202168445416,-3.1253666050474146e-19,13057,0.48621474147544286
1940,0.48932424190457185,0.4872577967626275,0.0012187267065114742,0.0,1.105837335319253e-06,0.0018147421065131827,-3.2564961860690065e-19,13011,0.48932424190457185
1941,0.48641967090744453,0.48730280322917024,0.0017082713681949582,0.0,1.6601760530492953e-06,0.0019436912471389339,-3.391760491645417e-19,13024,0.48641967090744453
1942,0.4895142885507455,0.4872879129657973,0.001390868967390746,0.0,1.367519449832953e-06,0.001966424561759263,-3.0286343718899354e-19,12967,0.4895142885507455
1943,0.49016235761862587,0.48727470542546897,0.0014363404208308007,0.0,1.3660359621063718e-06,0.001902106133469719,-3.234198192252489e-19,13033,0.49016235761862587
1944,0.4899919275282515,0.487294723656158,0.0018262673864214978,0.0,1.8962919946834801e-06,0.0020766860414664612,-2.990504963381491e-19,12968,0.4899919275282515
1945,0.4843406982328682,0.48724709869717575,0.001269690413723718,0.0,1.365633675571868e-06,0.002151128591365465,-3.2979242208510253e-19,13196,0.4843406982328682
1946,0.4828753655146927,0.48718902664883157,0.0011457997213716775,0.0,1.1426426917546308e-06,0.0019944893866560426,-3.2810325271376766e-19,13201,0.4828753655146927
1947,0.4831273296908,0.48721896615220983,0.0017629986949249674,0.0,1.814197886285308e-06,0.002058081939036852,-3.297038277512889e-19,13187,0.4831273296908
1948,0.49254804655182327,0.48719069863814723,0.001744234719632979,0.0,1.8609980507566575e-06,0.0021338848835072474,-3.232528229906633e-19,12934,0.49254804655182327
1949,0.48102752055532305,0.4871513422198911,0.0012600150369549057,0.0,1.3758932611269207e-06,0.0021839314941067044,-3.376614063159428e-19,13246,0.48102752055532305
1950,0.4881313693130369,0.4871448045596203,0.0012554441203068876,0.0,1.244844899727205e-06,0.001983114787176522,-3.2464983961567044e-19,13045,0.4881313693130369
1951,0.4856898434382109,0.4870760594886229,0.0011622438842522746,0.0,1.1789552952116219e-06,0.0020287571501743777,-3.2569959760311674e-19,13190,0.4856898434382109
1952,0.479909277736016,0.48711372923027474,0.0017848131470019428,0.0,1.9423786225438807e-06,0.0021765624326631726,-3.2507131713650826e-19,13277,0.479909277736016
1953,0.48563187786447803,0.4871541989549044,0.0017553813300411065,0.0,1.7975008933405378e-06,0.0020479890751697186,-3.7220982528405547e-19,13113,0.48563187786447803
1954,0.4876565817452866,0.4871094405045058,0.0012089912610408063,0.0,1.3198262079319282e-06,0.002183351113383078,-3.63960972423476e-19,13005,0.4876565817452866
1955,0.4931992427964845,0.4871525116707721,0.0017229332346915835,0.0,1.5746946985309537e-06,0.001827923063789334,-3.397652532633795e-19,12889,0.4931992427964845
1956,0.49398647383909144,0.4872019632173956,0.0016119337100488143,0.0,1.345548942512481e-06,0.001669484215292866,-3.6377280145114644e-19,12864,0.49398647383909144
1957,0.48337626449118265,0.487215756766365,0.00158804609601534,0.0,1.6207034342031225e-06,0.0020411289549714267,-3.1650562481196097e-19,13234,0.48337626449118265
1958,0.4932426572566523,0.4871739778738689,0.0012488989312906824,0.0,1.481111397617144e-06,0.0023718675074635228,-3.281492176134855e-19,12907,0.4932426572566523
1959,0.48958237324227577,0.48720601146167175,0.0016943671224796191,0.0,1.6366089739012788e-06,0.001931823336498864,-3.345609637380394e-19,12998,0.48958237324227577
1960,0.4877834736429417,0.48720648419629453,0.0017717096187050275,0.0,2.06316486749058e-06,0.0023290101783141883,-3.7061342291977303e-19,13067,0.4877834736429417
1961,0.4820007952701035,0.48722724980980237,0.0014617993777377577,0.0,1.388142084178248e-06,0.0018992237995428623,-3.2649957112207306e-19,13224,0.4820007952701035
1962,0.48592101331276993,0.4872425513350118,0.0014005552810161105,0.0,1.3732742464974125e-06,0.0019610425452126308,-3.0807898983084927e-19,13153,0.48592101331276993
1963,0.48876187836079343,0.48720298240035315,0.0011857454101415952,0.0,1.3060500807241688e-06,0.0022029182142365746,-3.431664634950714e-19,13012,0.48876187836079343
1964,0.48197123534699454,0.48724050869153446,0.0015925699002330572,0.0,1.548758301237619e-06,0.0019449799986939011,-3.425665340360885e-19,13137,0.48197123534699454
1965,0.4824710856557827,0.4872731525785715,0.0015936606751623548,0.0,1.5542655120522307e-06,0.001950560161615194,-3.28323759683694e-19,13226,0.4824710856557827
1966,0.48680953649377756,0.4872464429642881,0.0015482163621780788,0.0,1.8292242145344498e-06,0.002363008503489835,-3.5241323155110466e-19,13153,0.48680953649377756
1967,0.4978055358954009,0.48727406229789744,0.001619138237946152,0.0,1.4452265716045891e-06,0.0017851799651620029,-3.378756457277052e-19,12763,0.4978055358954009
1968,0.48827372251471657,0.4872491565720938,0.0015940037404804526,0.0,1.7323082935361105e-06,0.002173531026989901,-3.475576049356695e-19,13053,0.48827372251471657
1969,0.48571741018170256,0.48727872921977866,0.0015588783703520083,0.0,1.5835267213054706e-06,0.002031623186801798,-3.255179141818119e-19,13145,0.48571741018170256
1970,0.4886535116137007,0.4872115204658046,0.0014954151192746574,0.0,1.5421475511809163e-06,0.0020625009488053404,-3.410540797474507e-19,12980,0.4886535116137007
1971,0.4789687236470635,0.48720862971400125,0.0014651142044668985,0.0,1.4429248625748651e-06,0.0019697097443675286,-3.492972497149153e-19,13267,0.4789687236470635
1972,0.4846450882696896,0.487227675669069,0.0018110777122200394,0.0,1.839867578082669e-06,0.002031793076209124,-3.4719393343677685e-19,13145,0.4846450882696896
1973,0.48764736019394506,0.4872365731286078,0.001493711324021844,0.0,1.4844768751150705e-06,0.001987635564170579,-3.3595800937097786e-19,13087,0.48764736019394506
1974,0.49278111972328476,0.48727429749290463,0.0016392560809422262,0.0,1.482386425783626e-06,0.0018086087256501942,-3.177207280715384e-19,12965,0.49278111972328476
1975,0.49168305201988166,0.48733595815082004,0.0018751121390555858,0.0,1.7755069000737082e-06,0.0018937607656552805,-3.215145697546114e-19,12893,0.49168305201988166
1976,0.48616588616486534,0.48732416974074255,0.0013434451673008695,0.0,1.3701780094412495e-06,0.002039797444348382,-3.2110835599773726e-19,13158,0.48616588616486534
1977,0.489967793087908,0.487388225562865,0.0017724291747604239,0.0,1.719349595895301e-06,0.001940105275154594,-3.3210141790104973e-19,12981,0.489967793087908
1978,0.49033657058458296,0.4874209919274819,0.0015450952730841295,0.0,1.38003995619223e-06,0.0017863493342226903,-3.5055273818477425e-19,13032,0.49033657058458296
1979,0.48383035368015836,0.4874028828614989,0.0014438703622153236,0.0,1.6150602678050722e-06,0.00223712642086107,-3.2870530180213395e-19,13179,0.48383035368015836
1980,0.49360770927926884,0.48744479656452055,0.001757126545520608,0.0,1.772522274840954e-06,0.002017523757022047,-3.3969251774407354e-19,12883,0.49360770927926884
1981,0.487441235216167,0.4874864094877311,0.0017612136756420971,0.0,1.6824540976876917e-06,0.00191056215490072,-3.293214696759438e-19,13012,0.487441235216167
1982,0.4898829874964895,0.48752237222750405,0.0015043943958028324,0.0,1.3516639872273848e-06,0.0017969542973550602,-3.283708943204865e-19,12975,0.4898829874964895
1983,0.480444287885824,0.4875587597713159,0.0015493991482041886,0.0,1.3964059466761604e-06,0.001802512862221006,-3.094363640238867e-19,13230,0.480444287885824
1984,0.4866570243406951,0.48759753882111456,0.0016990054783872768,0.0,1.7434091601597721e-06,0.002052270204348775,-3.504145174277396e-19,13092,0.4866570243406951
1985,0.4932209639885449,0.48758677680169676,0.0011904773282793274,0.0,1.0765543316046481e-06,0.0018086095485088504,-3.131959787099243e-19,12918,0.4932209639885449
1986,0.4921425400916286,0.4875463616465571,0.001409981087154334,0.0,1.7577465326924195e-06,0.0024932909366039173,-3.0462235485138464e-19,12876,0.4921425400916286
1987,0.4862181431352736,0.4875458826682467,0.0014977854829678792,0.0,1.6423528579767594e-06,0.0021930414957987416,-3.399244350631068e-19,12954,0.4862181431352736
1988,0.4868879579155006,0.48757119884769734,0.00151742195923865,0.0,1.445690453165198e-06,0.0019054560853865032,-3.1012689414204167e-19,13065,0.4868879579155006
1989,0.4882303770201591,0.4875979140531174,0.0015490675466065063,0.0,1.4610821140791739e-06,0.0018864020710780758,-3.529475988137505e-19,13065,0.4882303770201591
1990,0.4933836046905316,0.4875705798001648,0.0015873456034667373,0.0,1.8064403653420484e-06,0.002276051744997197,-3.5833318288265e-19,12835,0.4933836046905316
1991,0.4856819753568577,0.4876166641256994,0.0015768803964534173,0.0,1.4111335816008207e-06,0.0017897788377287459,-3.3388892221940895e-19,13134,0.4856819753568577
1992,0.48903850364142215,0.4876626901775869,0.0017383072016311728,0.0,1.772362846162658e-06,0.002039182538620939,-3.3797405928767727e-19,13053,0.48903850364142215
1993,0.4920072413936127,0.48768871611533826,0.0016889327453405451,0.0,1.5998783450388284e-06,0.001894543580201874,-3.6104538896955262e-19,12920,0.4920072413936127
1994,0.4893958607580066,0.48764270656508035,0.0013301050712915005,0.0,1.3095051714139375e-06,0.0019690251539939457,-3.1151819259707954e-19,13034,0.4893958607580066
1995,0.4877895547184514,0.4876939386153585,0.0017140285371524439,0.0,1.5474699052129697e-06,0.0018056524400507565,-3.3361394537315653e-19,13085,0.4877895547184514
1996,0.48881844603179186,0.4877327013655619,0.001649652467423046,0.0,1.6046424191873943e-06,0.0019454308721085201,-3.222501661912189e-19,13029,0.48881844603179186
1997,0.4876972887833556,0.4877702668186567,0.0015691132456042234,0.0,1.4753932115891099e-06,0.00188054395146091,-3.5811845630166363e-19,13057,0.4876972887833556
1998,0.48524916384264094,0.48776925639625957,0.0014445756024697208,0.0,1.448132812043782e-06,0.0020049249199113974,-3.4399710619765427e-19,13187,0.48524916384264094
1999,0.4875504973711602,0.48774849738013104,0.001236513476031542,0.0,1.2417455501231478e-06,0.0020084626236479,-3.373579485066883e-19,13051,0.4875504973711602
