iteration,true_perf_mean,true_perf_std,mc_perf_mean,mc_perf_std,bound_mean,bound_std,alpha_mean,alpha_std,beta_mean,beta_std,cum_samples_mean
0,0.04582679592338964,3.1990919306962014e-05,0.043548124845248205,0.0022584145024808406,4.221506851771706e-06,3.2666252747137907e-07,0.0017982798002549618,7.056256809598854e-05,0.0001,0.0,30355.0
1,0.04642856613067209,2.7992299648566365e-05,0.04737482321487524,0.003207922446270813,4.912673738082031e-06,4.0764880719379917e-07,0.0019392896006871579,8.075848031893297e-05,0.0001,0.0,60587.8
2,0.04704002950033364,5.21564722024445e-05,0.04711436928346651,0.00401408625390237,4.848778967037767e-06,6.643213674625989e-07,0.0019249942996821616,0.00013074260363372738,0.0001,0.0,90829.2
3,0.047626908936636084,6.785267088767365e-05,0.046053334994826244,0.0013334535868046323,4.409941231505218e-06,3.911141416411575e-07,0.0018406903868205936,8.358311136673933e-05,0.0001,0.0,121124.2
4,0.04825083907718323,7.681019705629688e-05,0.04896492359325828,0.002900317640243819,4.937173486896556e-06,5.523135583607613e-07,0.0019453833138271183,0.00010899740821511499,0.0001,0.0,151318.4
5,0.04886344418927928,9.7159715769588e-05,0.04960071190433023,0.003032347920807228,4.691161750955428e-06,3.951489539699242e-07,0.0018987799630314332,8.073555564716889e-05,0.0001,0.0,181493.4
6,0.04948596758057185,9.507201968008104e-05,0.05019031223301805,0.0027011742684769527,4.924966665607031e-06,4.504244708228175e-07,0.0019460845944955125,8.894032030590775e-05,0.0001,0.0,211617.8
7,0.050136627909592814,0.00010496350058450557,0.05033265226938358,0.0009924156070302234,5.2076506884201326e-06,2.0980847352943428e-07,0.0020038361330105108,4.112207526307161e-05,0.0001,0.0,241783.8
8,0.050757459166396214,0.00013102448461422878,0.0520611631281084,0.003624711998328592,4.914916942713624e-06,4.849134206082521e-07,0.0019465595154175626,9.700111331345598e-05,0.0001,0.0,271850.4
9,0.05137035840635257,0.00015727593066478017,0.050545999659323236,0.002872319797605366,4.695970719439231e-06,4.269303969774483e-07,0.0018637993698471032,0.00012740533421880314,0.0001,0.0,301979.0
10,0.05198798998075034,0.000142799874094163,0.050570938764292986,0.0014357601750413127,4.836460545037261e-06,3.2784506916344895e-07,0.0019326489603235027,6.337736500142053e-05,0.0001,0.0,332150.2
11,0.05263617048843018,0.0001343675154642605,0.051753398502751416,0.00254961079892881,5.0340480084200945e-06,3.0650165889364705e-07,0.0019722449315759207,5.913679372439549e-05,0.0001,0.0,362287.6
12,0.05330033390478236,0.00012261618166047532,0.053175766017631895,0.002252427392113384,5.206606364672464e-06,5.548440641873715e-07,0.002005725565113823,0.00010539932925045557,0.0001,0.0,392319.8
13,0.053967676244468285,0.0001349568153126755,0.05383530834773568,0.0022772301675896265,5.1663356058287305e-06,5.441646278189323e-07,0.0019993904854031545,0.0001020735338528447,0.0001,0.0,422355.2
14,0.0546353349159597,0.0001457316012076943,0.05230749269292918,0.0027817692790806582,5.174007868588519e-06,2.8634890807683185e-07,0.0020021694055652995,5.388148784431532e-05,0.0001,0.0,452424.0
15,0.05533790556705333,0.00013077423545413962,0.056358589588544984,0.0021037518340722783,5.679685325250919e-06,2.8723699467199907e-07,0.0020996539226315223,5.439627178712881e-05,0.0001,0.0,482339.4
16,0.05600685800231479,0.0001392893069011247,0.056363673899408884,0.0028686351444651126,5.352675792163634e-06,8.41269263366528e-07,0.0019970492661039894,0.0002227404066331221,0.0001,0.0,512263.4
17,0.056712712350986585,0.00015278666316250478,0.05682779611347688,0.004214753809713176,5.557580067614998e-06,4.745941365774967e-07,0.002078035151818194,8.996195431747728e-05,0.0001,0.0,542147.4
18,0.05742104138071691,0.00015891378474033538,0.055986268470962205,0.004126787237476004,5.480321321729639e-06,5.731206191177596e-07,0.002063888253162177,0.00010593818430477594,0.0001,0.0,572089.4
19,0.05809973473524259,0.0001625745372183688,0.05589731914571967,0.0016136080775271478,5.265552211130856e-06,1.0811992431634524e-07,0.002025758169911131,2.141953051270097e-05,0.0001,0.0,602047.0
20,0.05877626297616219,0.00019918587483547102,0.05568460007862863,0.003055666368701434,5.2289042306972245e-06,5.148085934954508e-07,0.001978993330808933,0.00014380287374645174,0.0001,0.0,632027.0
21,0.059489555403483954,0.0002078384285805398,0.05743820901187369,0.0017636645879449196,5.462992565427993e-06,2.1357558048153044e-07,0.002065489507840753,3.879597258236128e-05,0.0001,0.0,661906.6
22,0.060215926303428854,0.00021539219937599232,0.057127074401058686,0.0022837129623170297,5.659296456540136e-06,2.5383218200701287e-07,0.002103381627869608,4.6426922685442433e-05,0.0001,0.0,691814.6
23,0.06096389028770212,0.00020492566251927336,0.06100884070856013,0.0016047031888379035,5.87551156485765e-06,2.7474689278551797e-07,0.0021454523585026017,5.0224561942587e-05,0.0001,0.0,721595.4
24,0.06165173306585956,0.0002544860479807081,0.060986249723333094,0.0016550875986452028,5.3978203197119896e-06,6.554962261418983e-07,0.0019765094147117966,0.00020059571850864142,0.0001,0.0,751363.4
25,0.06240509434994438,0.0002535327467876204,0.06257803131688552,0.0023325765709946954,5.927251440810159e-06,3.4322818294908216e-07,0.0021563736589780024,6.199111354985967e-05,0.0001,0.0,781070.0
26,0.06314688084508047,0.00024296768693787715,0.06299195767955387,0.0028056571443184275,5.81103059941259e-06,5.075931669262456e-07,0.0021328533138054353,9.317967876609672e-05,0.0001,0.0,810732.2
27,0.06392295181074004,0.0002595953058794956,0.06265399666566647,0.002782208162354478,5.990733800064751e-06,4.034027831518088e-07,0.002171188728643863,7.140059826442642e-05,0.0001,0.0,840426.2
28,0.06467462603588425,0.00027976686871581416,0.0619040560391433,0.0019920829467978533,5.776423139738668e-06,4.732493298368673e-07,0.002132594199389756,8.641738781990886e-05,0.0001,0.0,870148.2
29,0.06546447304581426,0.000219020604546273,0.06654907075446206,0.003200764769136339,6.378098599702595e-06,1.0296633594886618e-06,0.0021969623838529323,0.00024121017366517117,0.0001,0.0,899724.4
30,0.06624412965654042,0.00022745761363764572,0.06360789510949663,0.002639656663877771,6.079135309494413e-06,3.4652362945761325e-07,0.0021904323504875534,6.210536977803404e-05,0.0001,0.0,929404.8
31,0.06707216664042012,0.00020698831219760996,0.06686172590309589,0.0015037825369225715,6.780337038118681e-06,6.576184883227901e-07,0.002314145342897,0.0001098265551259124,0.0001,0.0,958939.4
32,0.06787632515825684,0.00021553185381208666,0.06700708970055383,0.0011563807927772278,6.501587766397677e-06,4.637807061700718e-07,0.002267457476052336,8.292002064899388e-05,0.0001,0.0,988461.0
33,0.06864078392186548,0.00015806026643301767,0.068837772916677,0.0028400401563522014,6.064867159781322e-06,5.425335891493705e-07,0.0021104733695090825,0.00018840502988081724,0.0001,0.0,1017954.2
34,0.06947121134890598,0.0001504412779480894,0.06915979898616491,0.0031268183125192995,6.638887419484836e-06,5.444593047822139e-07,0.002291686092128995,9.619501063650795e-05,0.0001,0.0,1047427.8
35,0.07027217010986733,0.0001439629753593828,0.06783369550101673,0.0023850149733448383,6.409725868563269e-06,7.277883215758292e-07,0.0022509039040284943,0.00012814094128405415,0.0001,0.0,1076923.6
36,0.07111702039984942,0.00014820629221718338,0.06860530225894015,0.002301239221833414,6.71607211244751e-06,3.819821247123465e-07,0.0023092190459430193,6.491770880541955e-05,0.0001,0.0,1106417.8
37,0.07200231460731969,0.00015646631320980682,0.07193514934555537,0.0018270383057850188,7.222720143566498e-06,3.977135922182242e-07,0.00239785967021009,6.568990726938194e-05,0.0001,0.0,1135806.6
38,0.07285333666264118,0.0001445413268880025,0.07074585394184325,0.003192296874950341,6.746884772679415e-06,4.5707591481051515e-07,0.0023174766673657657,7.711144142458683e-05,0.0001,0.0,1165204.0
39,0.07370847200534769,0.00017197823459713156,0.07442255771048427,0.002624050751782907,7.0051647546117375e-06,3.755221632370365e-07,0.0023603674801998976,6.22354676721364e-05,0.0001,0.0,1194506.0
40,0.07452300854831022,0.00015781638264632532,0.0719064384092455,0.0022712976764598294,6.405340586267957e-06,5.191542879041863e-07,0.002220141785029974,0.00015256428167667043,0.0001,0.0,1223866.8
41,0.07538265858373032,0.00021685831763130272,0.07646291561146754,0.0018667318940485088,7.1444348013640125e-06,6.177933858434639e-07,0.0023461052311896393,0.00019093410275168712,0.0001,0.0,1253052.8
42,0.07626239464484555,0.00021200536070097105,0.07558948174465493,0.0030890211052119632,7.109977076171715e-06,2.7894551304026956e-07,0.002384854820499399,4.727183226170604e-05,0.0001,0.0,1282258.6
43,0.0771571743463501,0.00022636376481714285,0.07457877787455616,0.0008291859917569543,7.126527819559265e-06,1.4861337355285897e-07,0.0023890320598016442,2.3036887748580066e-05,0.0001,0.0,1311535.4
44,0.07807787654945096,0.00022064097440452904,0.07774551594594384,0.001052496283905006,7.616151992318512e-06,2.899290629880999e-07,0.002469841612257057,4.947215312777491e-05,0.0001,0.0,1340703.2
45,0.07898555174137545,0.00022478542959962489,0.07974120871579207,0.0031232893274758676,7.348638650988915e-06,4.964301732066671e-07,0.0024295696939853916,8.310787276489261e-05,0.0001,0.0,1369776.8
46,0.07987740978561235,0.00021849793251498475,0.07775570236876403,0.00456725653118961,7.156217243792691e-06,7.698916440125038e-07,0.0023955244006591122,0.00013527933033748122,0.0001,0.0,1398948.0
47,0.0807807045515025,0.00020863874044124573,0.07793794447285902,0.0026387672737983076,7.300290497874997e-06,5.95856763703011e-07,0.0023790064660828576,0.0001304023140492269,0.0001,0.0,1428090.8
48,0.08169872097329159,0.00021166236674622738,0.08419732819851225,0.003495004789035593,7.591651330066544e-06,8.798022764948457e-07,0.002426259119585732,0.00021975042800077884,0.0001,0.0,1457007.4
49,0.08263077362085357,0.0002018306615698691,0.08527181244684226,0.00567964602239743,7.662664658311046e-06,6.803099959541154e-07,0.0024844160019529215,0.00011101510338696492,0.0001,0.0,1485896.8
50,0.08355248151473241,0.00026965444976687455,0.08208057920109885,0.0038724000851255666,7.60431694324187e-06,1.0277221445344503e-06,0.0024333331133548144,0.00024140759158289765,0.0001,0.0,1514905.8
51,0.08444122092764181,0.00030709699624773066,0.08328803694968148,0.004096382099594782,7.277392558985461e-06,9.52676250910934e-07,0.002378741931053695,0.00022817845649499482,0.0001,0.0,1543799.8
52,0.0853792600176938,0.00026903576209620677,0.08557440172010769,0.004153195602469146,7.616732319424222e-06,7.773585203368486e-07,0.0024404492266660105,0.00019703642299030995,0.0001,0.0,1572672.0
53,0.0863741641131205,0.00030418843357327916,0.08590029770458048,0.002138244179511088,8.341200197459144e-06,5.587896569462667e-07,0.0026005418473433505,9.01477871907695e-05,0.0001,0.0,1601536.4
54,0.08727459983453612,0.000314573758005904,0.08216782141075588,0.00354922264946245,7.103219722282501e-06,8.796410345058141e-07,0.0023185792334526863,0.000239831795084097,0.0001,0.0,1630547.8
55,0.08822729657501374,0.00030208581669434963,0.08435920565334472,0.0017145338006289577,7.596818309747368e-06,4.108071741663364e-07,0.0024846756703148383,6.905544144731018e-05,0.0001,0.0,1659481.4
56,0.08922903527051043,0.0002925591166190069,0.08894081210424079,0.0022266050228602037,8.263686497617518e-06,5.032875633958331e-07,0.0025937794833274875,7.597764531684885e-05,0.0001,0.0,1688220.2
57,0.09021540940837665,0.00029461380334055466,0.0875342641533006,0.0028526868404588363,8.188218732291603e-06,6.761202155117823e-07,0.00258040633916975,0.00011019922491156215,0.0001,0.0,1717024.8
58,0.09118268595576888,0.0003627046692045004,0.0889569147265373,0.003839380683165968,7.8077840584415e-06,1.1410730439339854e-06,0.002482569112150279,0.0002650392431339745,0.0001,0.0,1745780.2
59,0.09217930696716521,0.0003818731432545412,0.09143303514163954,0.002598090971473649,8.274280414697097e-06,4.394220986956387e-07,0.0025999322257419014,6.368389533860587e-05,0.0001,0.0,1774468.0
60,0.0931740356804767,0.00041797663115529315,0.09138226569891059,0.0035789197255794874,8.316203409423695e-06,9.766755999790828e-07,0.002563144170770629,0.0002356228986416387,0.0001,0.0,1803144.8
61,0.09419773896555375,0.0004121484436441245,0.09280773133499307,0.00175148018020058,8.435705135174244e-06,5.25845794004753e-07,0.002630734853130899,8.255469072662589e-05,0.0001,0.0,1831746.4
62,0.09522151387355908,0.0003922889950585827,0.0934828420925242,0.0025491660390353087,8.385205602358376e-06,6.491633487368187e-07,0.0026282766077677377,0.00010556249037418187,0.0001,0.0,1860292.8
63,0.09625611388770149,0.00036336471650273195,0.0962238855237687,0.005456393999738997,8.435185942182366e-06,5.224549436259965e-07,0.0026315280863360843,8.589038791308812e-05,0.0001,0.0,1888779.8
64,0.09726380980755847,0.00037701915720648294,0.09471428464312284,0.0030186864150748994,8.31746072246337e-06,3.9351365424086795e-07,0.0026112037080687025,6.235030631952702e-05,0.0001,0.0,1917294.6
65,0.09830903105158537,0.0003824365824841035,0.09663947467096974,0.0032337724211048222,8.446947971086884e-06,3.707233538199125e-07,0.0026439966173172425,6.336026932298755e-05,0.0001,0.0,1945762.6
66,0.09930724502876145,0.00043712351160504634,0.09800113173689204,0.004222076979775242,8.283214676580964e-06,1.144569766379465e-06,0.0025638907127443567,0.00026006184847804104,0.0001,0.0,1974172.2
67,0.10033743358722258,0.00039796280417574663,0.09745560441840462,0.0026903827726883736,8.46600925414975e-06,8.434523789492376e-07,0.0026004684574850744,0.00021388350984172987,0.0001,0.0,2002611.0
68,0.10132722708916002,0.00045099356825290606,0.10065567875249108,0.0035168674548330665,8.250567158002827e-06,7.326592544304743e-07,0.0025624256751502197,0.00016218050605730936,0.0001,0.0,2030917.4
69,0.10237224485239711,0.00045198905438443253,0.1007258741494729,0.002930946562693973,8.794289007476895e-06,2.853848120128437e-07,0.002697667485564375,5.055790366820011e-05,0.0001,0.0,2059245.6
70,0.10344965110363794,0.00042227066722672475,0.10240547169932948,0.004639262582238755,9.133922276581501e-06,5.806557818543887e-07,0.0027521599896319993,8.567268734627418e-05,0.0001,0.0,2087486.0
71,0.10448288487092665,0.000408471408592166,0.10280537356062566,0.0016871547026068208,8.620479635581932e-06,1.0121816437652469e-06,0.0026350462838729345,0.00024256706688465822,0.0001,0.0,2115725.2
72,0.10556079052565634,0.000398334575885813,0.10606063792436249,0.003935025356979641,9.086801126996578e-06,7.733848699499419e-07,0.0027448755386843154,0.00011561752412560735,0.0001,0.0,2143835.6
73,0.10662664730540113,0.00042184963017678523,0.10376674724766129,0.003632514387111793,8.983442646806758e-06,9.207378894086066e-07,0.002691222743991515,0.00020037393068957738,0.0001,0.0,2172057.6
74,0.10770096440527603,0.00035738602516260194,0.10910669704937755,0.003171101073800867,9.332151253792656e-06,7.670880889868244e-07,0.0027428904000150354,0.00018085088067369603,0.0001,0.0,2200079.0
75,0.10878151237227895,0.0003621958811393443,0.10883205483969874,0.004394385852755292,9.228598185104197e-06,1.1494541565121569e-06,0.002731800849673747,0.0002497342145473805,0.0001,0.0,2228083.4
76,0.10988911552991323,0.00035424493945468395,0.10954072322986619,0.005379733555993165,9.34831379772883e-06,6.396648761888465e-07,0.002798723594281257,9.37334008527051e-05,0.0001,0.0,2256067.0
77,0.11099810992666673,0.0003391421746120716,0.11004819093259546,0.0031596314847224206,9.503870533243443e-06,4.2909482290958793e-07,0.002818322660911154,7.051079911182619e-05,0.0001,0.0,2284041.2
78,0.11211401288244387,0.0003452017638936823,0.11241258256767157,0.001749060014171386,9.634005272552036e-06,3.7799084771479725e-07,0.0027991528129463765,0.00013643391294084693,0.0001,0.0,2311908.0
79,0.11319046882666399,0.00037534597032584286,0.11282034773145944,0.004695324740548519,9.120153033888205e-06,9.62267696007564e-07,0.002718861672356826,0.0002309092519289764,0.0001,0.0,2339789.2
80,0.11433381718385083,0.00035388286975451247,0.11349486931353066,0.0036828230002018012,9.71058960421708e-06,7.834455997880334e-07,0.0028589565016066904,0.00011810561692715032,0.0001,0.0,2367621.0
81,0.11543691009470503,0.0003471325713848008,0.11291585785380018,0.0038515132561788823,9.32894472747622e-06,4.2739606303072584e-07,0.0028014447775292104,6.789670853717445e-05,0.0001,0.0,2395483.2
82,0.11651998165394792,0.00031557204879244986,0.1144112422118215,0.003497425198953612,9.047029682012363e-06,6.014692717312037e-07,0.0027178293659817867,0.00016018845895001131,0.0001,0.0,2423290.6
83,0.11758658364968481,0.0003245630519428837,0.116712463307592,0.003112859265808219,8.942008034042675e-06,4.958255204920427e-07,0.0026669765730033958,0.0001771993804664255,0.0001,0.0,2450999.8
84,0.11870576207780197,0.00036176984390520403,0.11733520593543845,0.001526338342837438,9.461054292427906e-06,6.878835670291247e-07,0.002824554713757442,0.00010516699190393998,0.0001,0.0,2478679.2
85,0.11974269649345055,0.0002984355539092095,0.11891940145797135,0.006848480630214666,8.883487094162042e-06,7.967496666119366e-07,0.0026162329254334283,0.00018887924597617986,0.0001,0.0,2506312.4
86,0.12084003530594675,0.0003724406436033043,0.1210701950324073,0.0024906005887493344,9.556157710988835e-06,1.2060332185702408e-06,0.0027570694074952333,0.00028615392432053383,0.0001,0.0,2533890.2
87,0.12203029631382031,0.0003767468308398628,0.12171137510012513,0.0028162892828021277,1.038025847021918e-05,4.0513055238975794e-07,0.0029782146344915356,6.483356758943819e-05,0.0001,0.0,2561422.8
88,0.12317321492817175,0.00037745604298114206,0.11907819412635742,0.004584811280197507,9.9003782274731e-06,4.760085874533266e-07,0.0029035863650835915,7.112848463626809e-05,0.0001,0.0,2589079.6
89,0.12425895467945433,0.00035239871707002177,0.12253540867058547,0.0032885602848015763,9.145370178422622e-06,6.340761007840277e-07,0.002742931374048739,0.0001844193495673727,0.0001,0.0,2616595.2
90,0.12542069199317588,0.00038197712797568683,0.12491784240238961,0.0031319306963057654,1.0146409879441933e-05,3.4778938873861244e-07,0.0029362145427117687,6.0929078257829266e-05,0.0001,0.0,2644017.2
91,0.1265582639082078,0.0003925582523575731,0.12366338342263276,0.0041575730967289785,1.0075729072873441e-05,6.079730053890805e-07,0.002924852370987969,8.321736025401718e-05,0.0001,0.0,2671537.4
92,0.1277156834691194,0.0004100262258585724,0.12774074955116738,0.004214841396825413,9.82459175634258e-06,9.11113357499531e-07,0.0028574909058907867,0.00022506359986723478,0.0001,0.0,2698851.6
93,0.1288623219449679,0.00044702417698557097,0.12652383610997592,0.0015748187889942362,1.0123362981679149e-05,7.376541251201647e-07,0.0028920000949470897,0.0001969985532257645,0.0001,0.0,2726205.6
94,0.1299674214428094,0.0004365914207782875,0.12604270452453503,0.0038734619602147345,9.678997712208818e-06,1.232071545094127e-06,0.0027900614299792284,0.00028154226913906365,0.0001,0.0,2753558.2
95,0.13114860964222147,0.0004343813274109699,0.12704807049920178,0.0042412611265186285,1.034328324160077e-05,3.1602874494756914e-07,0.0029823515613067926,4.862205110564428e-05,0.0001,0.0,2780896.2
96,0.13231253738188634,0.0004049695538025432,0.13066889330798523,0.003433922400984979,1.0125727346003129e-05,1.0570740452653106e-06,0.0029082665625493444,0.0002379623347589512,0.0001,0.0,2808111.0
97,0.1334875118840929,0.0004502126270561645,0.12906860266981626,0.005113969120120908,1.003621564556437e-05,1.0161574127123954e-06,0.0029385848809642895,0.00015794781681285859,0.0001,0.0,2835335.0
98,0.13463764498024008,0.0005380873956141054,0.13276600039071026,0.0034537195803481056,1.011235578536401e-05,1.0501922379743994e-06,0.002906846544922547,0.00024358433529693782,0.0001,0.0,2862459.4
99,0.1357946879837645,0.0005250538029325462,0.13400604700470353,0.0022964711768856247,1.0520551460179546e-05,9.598844274527339e-07,0.0029584108139024353,0.0001940813771238524,0.0001,0.0,2889546.6
100,0.13690214093218686,0.00045234055756530704,0.1359925543921471,0.003556932027508081,9.769360820591124e-06,9.638517891316282e-07,0.0028180969574779537,0.00024085219231347716,0.0001,0.0,2916513.0
101,0.1380413808882066,0.000405141853398421,0.1370061278160668,0.0035400764374793107,1.0254050675111409e-05,1.0417482771682155e-06,0.00289704997759268,0.00024228115728939465,0.0001,0.0,2943495.0
102,0.13919515386351383,0.00043516557841615655,0.13371668985398522,0.004012731789633254,1.0164807139192355e-05,9.520109221882899e-07,0.002925720106939726,0.0002311774094574192,0.0001,0.0,2970594.6
103,0.14042341899283914,0.00041383684623879,0.14113743725708378,0.0022258690434525164,1.1008496386332514e-05,4.059008329974999e-07,0.003095389940027998,5.6828251645338524e-05,0.0001,0.0,2997402.2
104,0.1415919709559875,0.0004562135939102289,0.13756415190632332,0.005057776487226099,1.0367707690068452e-05,1.1540366678703602e-06,0.002953878592608009,0.00023448580252601847,0.0001,0.0,3024364.2
105,0.14279617001141384,0.0004160103147190457,0.1419179536320483,0.003110469995426058,1.1044477234049177e-05,8.601097396003636e-07,0.00305330175162719,0.00020848260167973516,0.0001,0.0,3051147.4
106,0.14396249511747242,0.0004311903940966893,0.14658468020249704,0.003221225827748252,1.0487749914343705e-05,4.658379602048345e-07,0.0029388947723269702,0.00015261091331331773,0.0001,0.0,3077772.4
107,0.14513890351454506,0.00046274486478252224,0.14494542603592214,0.0039324612525557245,1.0582618827552863e-05,1.2219759141854233e-06,0.0029912893264619897,0.0002706948356437254,0.0001,0.0,3104482.0
108,0.14629713135810932,0.0004872902576101897,0.14673563886808152,0.002693699972040682,1.056949036096602e-05,1.6032754650859506e-07,0.0029880267551487937,0.00011246258508751616,0.0001,0.0,3131106.6
109,0.14748463776127832,0.0004850624146086717,0.14762798769441987,0.0032032425390826104,1.0626904625251338e-05,9.080596540279133e-07,0.0030110627722420794,0.0002084372250192911,0.0001,0.0,3157672.2
110,0.14867328990655523,0.0005163607246395808,0.14347367924393556,0.004163344321432376,1.0521382631579558e-05,6.151541142533496e-07,0.0030337999420759596,8.898767461123578e-05,0.0001,0.0,3184416.0
111,0.1498442798066361,0.0005291131279779608,0.14849593068987468,0.005427825008078013,1.0644316442659272e-05,8.522318657230241e-07,0.002973643732636125,0.00023168631201261916,0.0001,0.0,3210953.0
112,0.15105366625454913,0.0006236512758576608,0.1491090997181456,0.0035833455295799536,1.0977938969891554e-05,1.222459354903621e-06,0.0030748326024139963,0.0002472575760331595,0.0001,0.0,3237470.2
113,0.15224271802698394,0.0006474981716999978,0.15037928981224857,0.004940206999582854,1.1288174238152428e-05,8.851695356592734e-07,0.0030611671484219076,0.00023432700492919973,0.0001,0.0,3263957.2
114,0.15348980994109995,0.000667211562078272,0.15166936503227638,0.0036789788385164857,1.1619953317364464e-05,6.232854689837959e-07,0.003210559157251513,7.99921463567705e-05,0.0001,0.0,3290360.0
115,0.15472858130462414,0.0006514223011329178,0.15307120225406484,0.0066275706455018865,1.1414209917857646e-05,5.995258496498885e-07,0.003180693966978285,9.461328406516149e-05,0.0001,0.0,3316687.8
116,0.1559212029653363,0.0006319710589562973,0.15557459125749093,0.005308988945657852,1.0842136321620913e-05,6.751282803088406e-07,0.0030586815441499,0.00018771257910066627,0.0001,0.0,3342914.6
117,0.1570598112742115,0.0006208695827416072,0.1524601287258501,0.001956178515665696,1.0334506585074714e-05,7.943884791473498e-07,0.0029044571219618708,0.00019054291755180426,0.0001,0.0,3369268.4
118,0.15820252544910454,0.000621063307707299,0.15661552621953131,0.004598778067889228,1.0745215880474216e-05,1.2152328828600297e-06,0.0029706702904289087,0.00027005555105642684,0.0001,0.0,3395502.0
119,0.15933352887827706,0.0006834611274202781,0.16089632041043483,0.00250212854642476,1.0655933277298756e-05,7.172193585802271e-07,0.0029862845941626597,0.00019275448359011503,0.0001,0.0,3421587.6
120,0.1605640520175296,0.0007350224750503663,0.16343208551933971,0.0021866930761611746,1.1631164672455692e-05,6.584517532748493e-07,0.003183343977075677,0.000151965189116957,0.0001,0.0,3447569.8
121,0.16171284840028433,0.0006880662243102242,0.16196344487733277,0.005545786648867784,1.0908928257121921e-05,7.031853804491226e-07,0.003014586018447073,0.00020466658546535683,0.0001,0.0,3473573.2
122,0.1628616619697391,0.000640375501721486,0.16063465696718077,0.0027909229484529663,1.048543887801844e-05,9.514027309396724e-07,0.003009075616876022,0.00021210455537273666,0.0001,0.0,3499651.2
123,0.163964323955817,0.0006776395584257002,0.1627964312850279,0.006218460224903067,1.0259310460533698e-05,6.971069691996777e-07,0.002899373456605692,0.0001503831469631351,0.0001,0.0,3525670.2
124,0.16516327255277058,0.0006641007755774564,0.16437942935670097,0.0029598595667317167,1.1153106541100801e-05,6.393529569315389e-07,0.0031202757500633296,0.00015660879640342165,0.0001,0.0,3551569.6
125,0.1663759579220964,0.000727226342595422,0.16637763076910278,0.0023541880289496856,1.1254505006295978e-05,1.0142961131799928e-06,0.0031365879996300685,0.00021093940573219626,0.0001,0.0,3577370.2
126,0.1675304432186696,0.0007899078966625255,0.16834831918547613,0.002366961335224404,1.1166861906837432e-05,1.0020576622395708e-06,0.0031080583520284527,0.00022276909291438088,0.0001,0.0,3603138.8
127,0.16874741043186064,0.00076921791638336,0.16745370936637452,0.0026076806746548635,1.1383547373796365e-05,4.975378209101423e-07,0.0031987124390545517,7.583141762887023e-05,0.0001,0.0,3628948.4
128,0.1698855618146838,0.0008393361095171823,0.16900095996438394,0.006349069711387587,1.0766146105088258e-05,1.6638378059408877e-06,0.0029935845033321404,0.000327659672579923,0.0001,0.0,3654686.0
129,0.1711089282719694,0.0008151935789960207,0.17085961260387666,0.0023470954488889898,1.1479739082407877e-05,5.585380961810836e-07,0.0031931509878688528,0.00013967006361447095,0.0001,0.0,3680406.6
130,0.17230902121937086,0.0008125527253581023,0.16794718621225607,0.002301129371627953,1.1246413529770377e-05,8.13297700312802e-07,0.0031450945707992757,0.00020020627278973855,0.0001,0.0,3706213.4
131,0.17346307622648033,0.0008629070131693312,0.17464997272239066,0.0024292173854086954,1.1135013484454224e-05,7.53858679383883e-07,0.0030778991426486046,0.00020635532141841516,0.0001,0.0,3731768.8
132,0.17464837986988954,0.0009353225661571423,0.17531270318355277,0.005558676621473099,1.134998725455706e-05,9.478282374064055e-07,0.0031660064251604844,0.00022589892072460822,0.0001,0.0,3757241.0
133,0.17586489040637932,0.0009556869657088653,0.17775594524241706,0.005116767761035575,1.1513098707860861e-05,7.320581086204865e-07,0.0032060746961824677,0.00016685913176823065,0.0001,0.0,3782656.6
134,0.17704270351744933,0.0009303029167564867,0.1739622116949882,0.0038726494589697534,1.1281262440061332e-05,7.487134058280755e-07,0.0031525848234537695,0.000191298187151162,0.0001,0.0,3808227.8
135,0.17816210735985888,0.0008909579822050101,0.17857155909745692,0.002186988913350309,1.0577089984800488e-05,7.117015540444594e-07,0.002985232407283447,0.00019343974552802408,0.0001,0.0,3833642.2
136,0.17929964244677263,0.0008660227486323098,0.1784399531266915,0.0031356992988902147,1.1122897790955399e-05,8.34508912000399e-07,0.003083949187852322,0.00019958825654221857,0.0001,0.0,3859015.4
137,0.18049529865572747,0.000816486328983981,0.1796284906378554,0.00515452258456705,1.1590536498104893e-05,5.683905307479685e-07,0.0032110425023398987,0.00013635886648100522,0.0001,0.0,3884380.6
138,0.181611749974881,0.0007795294246752325,0.18211768558582914,0.0031829630748073817,1.0745207677866852e-05,1.4156634624031598e-06,0.003015886469581933,0.00031458512978530537,0.0001,0.0,3909613.6
139,0.18276336855543035,0.0007496168104646485,0.18231087736600604,0.007424304497628715,1.1131418375739745e-05,1.1264499690586988e-06,0.003137560721271376,0.00024406115789968674,0.0001,0.0,3934827.4
140,0.18398567285538703,0.0007301154479942627,0.18328209227782194,0.0038357777200657105,1.2214775497444198e-05,5.844890478567351e-07,0.003340790970941334,8.02808023433994e-05,0.0001,0.0,3960032.8
141,0.18518402465399242,0.0007150686105752832,0.18591325534735983,0.0027037161194607565,1.1492837024076968e-05,9.387800150141388e-07,0.003210052164520251,0.00022931057666333794,0.0001,0.0,3985144.4
142,0.1862561760618968,0.0007083440404478752,0.18345270252864973,0.003816510211915696,1.0465239490284216e-05,4.6961387840926797e-07,0.0029581183397310107,0.00015278579134810945,0.0001,0.0,4010311.8
143,0.1874873520577141,0.000678967213882965,0.18443123919137214,0.0048412712807440195,1.1800079480424926e-05,6.810646522617548e-07,0.0033220136411682734,9.785674479092569e-05,0.0001,0.0,4035461.8
144,0.18862406319279618,0.0006757823408717501,0.18526035988069667,0.00537765882563777,1.0848430352328735e-05,1.243789969948767e-06,0.0031151680634441707,0.0002528825031169094,0.0001,0.0,4060541.4
145,0.18985045913801654,0.0006465740993480871,0.18631996178366939,0.0027654637380459257,1.183453047126389e-05,3.5923166020107906e-07,0.003317280277757886,5.2930674456712596e-05,0.0001,0.0,4085612.8
146,0.19103408922198112,0.00065538670877597,0.19097948087354838,0.00567600338345325,1.191386550957356e-05,6.258717739086956e-07,0.003232744514873422,0.00016200913157859954,0.0001,0.0,4110510.8
147,0.1922297700509284,0.0006258462132365564,0.1934982088565136,0.0029914790203751187,1.1793774096977732e-05,1.2832443930423392e-06,0.0032729906866188893,0.0002650840330642827,0.0001,0.0,4135362.2
148,0.19343403991961,0.0006544364021861636,0.19475388315544895,0.004153581848608158,1.179613689338821e-05,9.084846553992877e-07,0.003320421563226701,0.00014923808985793232,0.0001,0.0,4160127.2
149,0.19460050157019299,0.0007013935086952877,0.19006989726470852,0.002734387376157082,1.1162325477743169e-05,5.758600515830089e-07,0.0031654396355384985,0.00016468630158393595,0.0001,0.0,4185078.2
150,0.19575834039390422,0.0007176247927303842,0.1948175538122344,0.003537413616099507,1.1310123812819354e-05,8.646230665176338e-07,0.0031619977508464984,0.0002205331324598521,0.0001,0.0,4209791.2
151,0.1969511987988537,0.0007381249229022999,0.1938988648507912,0.005622355384318066,1.1592169566006263e-05,2.485823567953076e-07,0.003290499511376788,3.647430345859197e-05,0.0001,0.0,4234575.0
152,0.19810845339284555,0.000768928751691471,0.19505824494051044,0.0037505212283881336,1.19923904262987e-05,5.213196795116658e-07,0.003329046546166223,8.665851917167647e-05,0.0001,0.0,4259328.6
153,0.19922505463256815,0.0007374715935113438,0.19828272353184664,0.0012732887742983698,1.1141979917441599e-05,1.2512647743522811e-06,0.0031409083500057848,0.0002782607319839416,0.0001,0.0,4283989.0
154,0.20034861283179323,0.0008060032802837192,0.19843499980423346,0.006426881610014589,1.1445331718027356e-05,1.2426846957824683e-06,0.0032153404590054765,0.00024527407032254886,0.0001,0.0,4308639.6
155,0.20149504494145076,0.0007636360379698513,0.19863147645561732,0.005078534502483362,1.177057083795662e-05,1.088242204007798e-06,0.0032739415475909993,0.0002442091663021763,0.0001,0.0,4333259.4
156,0.20257434521300724,0.0007689014261031528,0.20163443998562056,0.004928259909034174,1.09847817523323e-05,5.974927390304675e-07,0.0031143978477247334,0.00018888912440297712,0.0001,0.0,4357719.6
157,0.2037230737990078,0.0007782003118907223,0.20220189143012818,0.003649175000225743,1.1209007019532901e-05,9.700501648386224e-07,0.003209670297009598,0.00022626118074860923,0.0001,0.0,4382174.4
158,0.204906820462114,0.0007570471232850027,0.20548918264130026,0.004140826330881945,1.2197658783982002e-05,7.445247567728475e-07,0.0033857433966584458,0.00011812776487783365,0.0001,0.0,4406454.0
159,0.20598105067613742,0.0007943409408787733,0.20528432858869658,0.004693458360837715,1.1074829196785568e-05,9.124676995768682e-07,0.003125044574467696,0.0002342147585051293,0.0001,0.0,4430799.0
160,0.20702787021812838,0.0007752004945578744,0.20761426633827415,0.003723456862176157,1.0700570981776121e-05,6.01238424271419e-07,0.0030460240027358606,0.00013766698244629128,0.0001,0.0,4455062.4
161,0.20807839292570404,0.0007563116841759571,0.20260758780909366,0.0035790147973924686,1.0314669739019956e-05,9.53358834933566e-07,0.0030094879736521107,0.000215810044293226,0.0001,0.0,4479516.4
162,0.209177339258282,0.0008426544064335604,0.20523679392767785,0.004977218856590426,1.1179920633520098e-05,9.201798113540425e-07,0.003169673775246882,0.00020917863437517413,0.0001,0.0,4503885.0
163,0.21031052615883455,0.0007964408595129948,0.207422101853675,0.003221650854188277,1.1379829096849978e-05,7.157887124036972e-07,0.0032838808229977605,0.00011016538981004819,0.0001,0.0,4528087.4
164,0.21146074255171313,0.0008128899648500898,0.20899194705123847,0.004042001411997008,1.1433342533172023e-05,3.282539226793374e-07,0.0033051151829877057,6.252393435957949e-05,0.0001,0.0,4552287.2
165,0.21259342881718016,0.0008117427471122945,0.2083893040860712,0.003610916723049086,1.1427845294000148e-05,1.131048049898602e-06,0.0032588461831959967,0.00023420095224856462,0.0001,0.0,4576495.0
166,0.21368515856823125,0.0008330223428089172,0.21123333409507614,0.006721610721981371,1.1334962921828682e-05,9.747463403260576e-07,0.003206554838729312,0.0002286939676370122,0.0001,0.0,4600612.6
167,0.21481050773940233,0.0008202522577621811,0.20849592031351788,0.0065217596587442365,1.143642211003032e-05,5.821637585961453e-07,0.003266546894788078,0.0001539293272985933,0.0001,0.0,4624806.8
168,0.2159431303770317,0.0007734187837295574,0.21700765418523646,0.00526141695544373,1.1888990281540213e-05,7.511321147405464e-07,0.0033312718144166025,0.00018301755096566973,0.0001,0.0,4648726.8
169,0.21702562360787064,0.0008063862758485571,0.21639570511894207,0.003339543066399123,1.1459130963141354e-05,8.008821878862768e-07,0.003236526454265461,0.00018475310053888558,0.0001,0.0,4672621.6
170,0.21811443713917714,0.0007665342077430942,0.2147976085855893,0.0026996861549431267,1.1169982452713598e-05,1.027366072285935e-06,0.0032264188257959707,0.0002127851147592029,0.0001,0.0,4696581.6
171,0.2192014321363728,0.0008588227836801473,0.21743506153892928,0.005305194043381525,1.0934571761672088e-05,8.842141437723719e-07,0.0031818841280634343,0.0002411527296607991,0.0001,0.0,4720430.0
172,0.22033032539023822,0.0008421910362657047,0.2207447660774064,0.004487127739785569,1.1550381294412061e-05,2.890560378048408e-07,0.0033458675496943965,5.036769038590492e-05,0.0001,0.0,4744168.2
173,0.22136613610156924,0.0008729655471296061,0.21883696828018814,0.004861365876280514,1.0540609092620581e-05,2.2730558122425163e-07,0.003048932220359869,0.00012346518544061744,0.0001,0.0,4768039.0
174,0.22241912461288718,0.000896017246296277,0.22139271346204453,0.0038170112361197764,1.100051509314658e-05,6.304145724461359e-07,0.0031400627300422965,0.00018147313541009628,0.0001,0.0,4791774.8
175,0.22347653481169222,0.0008546634040265648,0.22324859852466386,0.006641636884452388,1.1115727887044371e-05,5.141924619880021e-07,0.0031809432059070305,0.0001497283565188259,0.0001,0.0,4815375.6
176,0.2245795112723298,0.0008909469039519928,0.22567678114969908,0.0031215994227076003,1.1391361224016563e-05,6.333355943449959e-07,0.003285961322123975,0.00016808435826968878,0.0001,0.0,4838851.4
177,0.22563575776565123,0.0009335877345045826,0.21997854720758866,0.0038041312755350723,1.1362338720959181e-05,4.611675393484282e-07,0.00328318998840919,0.00011564801206528963,0.0001,0.0,4862619.4
178,0.22664810626990733,0.0010106057828555243,0.22477940936925656,0.003942181288618934,1.0711747690797906e-05,9.086609169573989e-07,0.003144688196145831,0.00022001576931174257,0.0001,0.0,4886208.8
179,0.22767366971864839,0.0010306252102874635,0.2261474556112124,0.003526919639688345,1.1021568981818978e-05,6.052109693649249e-07,0.0031789449317667293,0.00016367387444114507,0.0001,0.0,4909719.4
180,0.22868877018409384,0.001071682097326234,0.2268449694356566,0.006164985158215412,1.0714427962056292e-05,1.0721293030515502e-06,0.003141053662879626,0.0002515437369207053,0.0001,0.0,4933181.6
181,0.22972193430889037,0.0010626276237157045,0.23019596670286852,0.004773017893553825,1.0920628306499224e-05,3.6669039062827165e-07,0.0032137764087802785,0.00011261823224767922,0.0001,0.0,4956520.8
182,0.23075164923089847,0.0010721905997362789,0.23010771957797377,0.004314925788492217,1.1154342233524062e-05,5.314270319471828e-07,0.0032466799980503933,0.00013648674400233888,0.0001,0.0,4979855.2
183,0.23182156792627265,0.001101885121546474,0.2314186247815561,0.005608315611929934,1.1344249740672614e-05,5.424947955276902e-07,0.003302131383085379,0.00015200265360754508,0.0001,0.0,5003126.8
184,0.2328182209082887,0.001087943529122945,0.23095896779626096,0.0017674985385181354,1.097107505636743e-05,8.724858320195917e-07,0.0031645946693893215,0.00019449921963088672,0.0001,0.0,5026408.0
185,0.2338546028406915,0.001082694565625058,0.2358579161313939,0.00576931258625903,1.1380423386625224e-05,7.789590153365234e-07,0.003293399427185966,0.0001903244454657214,0.0001,0.0,5049525.8
186,0.23490637080028778,0.0011146837622235057,0.23361216470021945,0.005659563825331832,1.1500007952570677e-05,6.22506346428468e-07,0.0033249160727160747,0.00015160957022750308,0.0001,0.0,5072728.6
187,0.23595603199338347,0.0011037399662802065,0.23656434247079056,0.0027469100141224705,1.1206937694373294e-05,1.0584197873193088e-06,0.003280724196031205,0.000235626812062911,0.0001,0.0,5095833.4
188,0.23699735595360236,0.0011255388741339479,0.23453075721335992,0.004473973499735473,1.1402095264383835e-05,5.59505640984158e-07,0.0033430350971392886,0.00012610822892021584,0.0001,0.0,5119030.8
189,0.23795635372869336,0.0010635220922757098,0.2392990386958663,0.005214533072906395,1.0473624410449111e-05,4.810784868640412e-07,0.0031277454337763472,0.00014364033337262502,0.0001,0.0,5142021.8
190,0.2389698457414659,0.0010526470090663122,0.23942970281391487,0.005006409735045552,1.1309463043372455e-05,5.312322511080156e-07,0.003281561018888006,0.0001299051466543851,0.0001,0.0,5165044.8
191,0.2399724407947597,0.0010198901196030328,0.23896968181628528,0.004543774216856133,1.084096952130246e-05,6.198567357964148e-07,0.003261379752036016,9.948829052091033e-05,0.0001,0.0,5188099.0
192,0.24100156147378274,0.0010046943361778614,0.2395078895658876,0.00451479114964353,1.1289049972630963e-05,8.490580986099566e-07,0.003307368064769993,0.00019036052505329388,0.0001,0.0,5211074.4
193,0.24201189078661428,0.0009856858031347137,0.24245816053967073,0.006928179304781585,1.1323437444638872e-05,1.0941581649053155e-06,0.0033143349938072274,0.00020469135831280852,0.0001,0.0,5233891.8
194,0.24300633042140457,0.001019595112817953,0.24124720250858442,0.005070880415765047,1.0803573205461989e-05,9.484211864188372e-07,0.003212994984876106,0.0002456299141940813,0.0001,0.0,5256792.2
195,0.24405720463902175,0.0010483590225425867,0.24482932911995442,0.00394141306781814,1.1538587974118533e-05,7.51192250605516e-07,0.0033735869529678162,0.00016213122080946816,0.0001,0.0,5279556.6
196,0.24505848309451475,0.0010576230119004797,0.24341408452707441,0.002894631345197483,1.1003614821948814e-05,4.736981139357646e-07,0.0032852820506305462,9.865563165004374e-05,0.0001,0.0,5302384.2
197,0.24604180562614247,0.0010725028528689362,0.24577411587442302,0.0034628247461315643,1.0844372392798977e-05,9.6701044582962e-07,0.0032530534777997456,0.00019993222575626407,0.0001,0.0,5325080.8
198,0.24704762138142478,0.0010539067550082853,0.24369236104887518,0.0012803686139894312,1.0965665861543721e-05,4.5810261588843117e-07,0.0032975684123623303,9.367242184609574e-05,0.0001,0.0,5347893.8
199,0.24800009956827695,0.0010161756874795698,0.24630489979862796,0.006416608151213211,1.0617937322567204e-05,7.426390280950093e-07,0.003171319075014416,0.00016910009700556172,0.0001,0.0,5370637.8
200,0.24898467000576083,0.0009741114955626856,0.24727537902196844,0.002378708440959131,1.0904175990003325e-05,6.491815480050526e-07,0.003261614271835074,0.0001640441047504389,0.0001,0.0,5393307.4
201,0.24992083075651053,0.0009807431429381965,0.24347723927988357,0.0044793007398762266,1.0105749343269986e-05,5.736781341657949e-07,0.003097402507016275,0.00016702359750784762,0.0001,0.0,5416120.0
202,0.250910826426454,0.0009766858461146986,0.2532552153939721,0.005947742584624129,1.1034075625468312e-05,5.250236346374962e-07,0.0033170458355932402,5.949905425060462e-05,0.0001,0.0,5438545.0
203,0.2518920253006164,0.001000287759278871,0.24839336994561573,0.0049103166444486555,1.1024044294261057e-05,8.187629067041774e-07,0.003259084612640774,0.00019907507516715375,0.0001,0.0,5461126.6
204,0.2527949671713902,0.0010186487608132456,0.2553760058883915,0.0046374471517925155,1.0176426293961391e-05,9.036949553023081e-07,0.003094401570750002,0.00020226254037500146,0.0001,0.0,5483479.0
205,0.2537524058648719,0.0010626106072767017,0.2532254863550488,0.0017104707731031628,1.0536200618552807e-05,1.1974424458480884e-06,0.0031958682499270107,0.00027824634101327074,0.0001,0.0,5505915.4
206,0.25465153755374065,0.0011087545014056125,0.257223099617086,0.003755142119712958,1.0180864669347877e-05,4.668033769798709e-07,0.0031133704898842996,0.00013526252171648488,0.0001,0.0,5528185.4
207,0.25557470921033165,0.0011100643561374173,0.2567205611768898,0.004527279099654881,1.009864258428472e-05,4.1239623247997705e-07,0.0031647595310061796,9.21643447841516e-05,0.0001,0.0,5550471.4
208,0.2565731418895826,0.0010321724545182263,0.2555370078680276,0.0033687571547646013,1.107292452114887e-05,1.3334292066681892e-06,0.00333081210774326,0.00027344131345013426,0.0001,0.0,5572819.6
209,0.2574928115779225,0.0010034984223561932,0.25798414941910996,0.0008467270760929801,1.0746731903345905e-05,9.257238532178308e-07,0.0032438025333244177,0.0001780912191523673,0.0001,0.0,5595054.0
210,0.25842725462394595,0.0010028096659794837,0.2559396471162934,0.004935718219065731,1.0593390347777043e-05,2.996701539828891e-07,0.0031957128787397184,6.543765164571854e-05,0.0001,0.0,5617415.6
211,0.2593298962820058,0.0009714958673713654,0.2608986463842035,0.00298643178734149,1.0434965840449734e-05,9.259109075478167e-07,0.003161403984732561,0.0002040344506459724,0.0001,0.0,5639589.2
212,0.26026771468430665,0.0009157556476731521,0.2603807663159186,0.0050151305617257575,1.0564583565060894e-05,8.53267752132806e-07,0.0032501272652271486,0.00016591067741031972,0.0001,0.0,5661770.2
213,0.26120447927814416,0.000859606521733713,0.2568235744280022,0.0052687654263373134,1.083480029348578e-05,5.328932246504656e-07,0.0033071262674624915,0.00010210845360391199,0.0001,0.0,5684089.4
214,0.2621004587627137,0.0008343851203773018,0.2613482088401051,0.005155967628186879,1.0264702165248851e-05,5.818370630099387e-07,0.0031333801204320227,0.00015509096616682613,0.0001,0.0,5706153.6
215,0.263033251581282,0.0008473818619294491,0.26085414004397284,0.00207374603258163,1.0638495065056485e-05,7.563078920464213e-07,0.0032783804579153094,0.00020822004620175917,0.0001,0.0,5728287.0
216,0.26390707972595057,0.0007991567361277565,0.26316606603335024,0.003912355172121843,1.0759440059773067e-05,8.041585825192145e-07,0.0031786302758019898,0.00019528710996797956,0.0001,0.0,5750370.8
217,0.2647186815849173,0.0008104740561326461,0.2619763579575565,0.002750025139455921,9.392479311985953e-06,4.858903465035642e-07,0.002947051127826833,9.591889151722846e-05,0.0001,0.0,5772471.8
218,0.2655836146971405,0.0008256601575169317,0.26741767109702763,0.0034200475069847383,1.0005418610149838e-05,5.239827875000479e-07,0.003082087490879181,0.00011853609839349488,0.0001,0.0,5794285.8
219,0.2664473320895877,0.0007950137069610541,0.2662488616641817,0.0030324422959072516,1.0116178366714002e-05,5.602766916178538e-07,0.0031601747528616983,0.00015114534902006905,0.0001,0.0,5816193.2
220,0.2672627057224768,0.0008220943379762892,0.26161214691240153,0.004862714975916728,9.589485541234091e-06,7.345648649856102e-07,0.003020800354782755,0.0002172114425622321,0.0001,0.0,5838317.2
221,0.2681417993412939,0.000799877650728545,0.2667517512085803,0.002559591860940405,1.0921648810512724e-05,8.280450030878244e-07,0.003295343442784581,0.0001378429241746571,0.0001,0.0,5860184.0
222,0.2690656858147794,0.0007588559675645634,0.26716889841535063,0.0031714868922501135,1.0767833282917057e-05,5.020974789840199e-07,0.003322944408075184,0.00010061649530327523,0.0001,0.0,5882079.2
223,0.26994288264388444,0.0008088808811499256,0.269155252302104,0.003909963964459472,1.0198272978596558e-05,7.991103259712606e-07,0.003220277386970167,0.00020054782097373252,0.0001,0.0,5903868.6
224,0.2708314013040403,0.0007786414084169684,0.27000297067264595,0.0032350849891376924,1.0266973237794765e-05,7.274038237460974e-07,0.0032489705024760897,0.0001336997491541217,0.0001,0.0,5925667.4
225,0.271715168207565,0.0007911840839180362,0.2668718494338109,0.0034650885105901265,1.0141279333662666e-05,8.425830141552495e-07,0.003190875810721747,0.0002240415609997396,0.0001,0.0,5947581.4
226,0.27254851637127603,0.0008031390018221942,0.27073150066485596,0.006518110436337666,9.782410229485404e-06,5.804155701946422e-07,0.0030578204484088107,0.00010839862362879994,0.0001,0.0,5969337.8
227,0.27338541547023626,0.0008034742006024448,0.27090633700575417,0.006478266219123778,1.0009376087924617e-05,5.114462232936794e-07,0.0031671389502152835,0.00012915849786909283,0.0001,0.0,5991053.8
228,0.27423395511205695,0.0007796148415804306,0.275162196748587,0.005460168346174854,1.0067684741923634e-05,8.589522811983731e-07,0.003218967602034526,0.00015209880206846498,0.0001,0.0,6012586.0
229,0.27507743788946676,0.0007852039183147868,0.27829907310347807,0.003165891968798067,1.0308199988182302e-05,7.2339187326625e-07,0.003235410580007159,0.000171840482847852,0.0001,0.0,6034010.4
230,0.2759420767009818,0.0007960244752981911,0.27770552969763435,0.004345658317900875,1.0435101308366057e-05,3.92580025034133e-07,0.0032821288891781214,5.8269043351445054e-05,0.0001,0.0,6055439.2
231,0.276790463099772,0.0007611075569281565,0.27447998306329147,0.0025879699869625606,1.0221914654616433e-05,6.369244651853726e-07,0.0032540660970059817,0.0001074245713702385,0.0001,0.0,6077026.0
232,0.27765870471266874,0.0007769217450148423,0.2761333824076355,0.00408285358526122,1.0207920420735142e-05,4.2969766428166544e-07,0.0032662695534663956,7.583642795242306e-05,0.0001,0.0,6098551.4
233,0.27847243764503027,0.0007515593076902017,0.2774660602565776,0.0026524751089448285,9.660244523344524e-06,5.140801996850586e-07,0.003135828415858749,0.00013768864568356495,0.0001,0.0,6119995.2
234,0.27935778024729074,0.0007610900351974603,0.27997040016369273,0.00527396330324761,1.0412281191645848e-05,6.832518290691597e-07,0.0033037702384180996,0.00018477189253612904,0.0001,0.0,6141350.2
235,0.28023317719788715,0.0007835475958185516,0.2798767191829087,0.0019723563727001288,1.05702914064966e-05,5.727227818789065e-07,0.0033244654321457692,0.00011204486376969176,0.0001,0.0,6162665.6
236,0.2810169890905438,0.0008343360791860376,0.2783090318816181,0.004232629214628325,9.900974533063791e-06,1.2043052725512606e-06,0.003135502795818103,0.0002341003568189988,0.0001,0.0,6184115.4
237,0.28185105748548245,0.0008115661243935195,0.28383738884865223,0.0038187518949483593,1.001671782607426e-05,4.3182417336435647e-07,0.0032138064890430743,0.00014925820725791253,0.0001,0.0,6205339.0
238,0.2826353627841546,0.0007664222861702344,0.2803859296012156,0.004270272874609237,9.486558233961495e-06,8.469046686102166e-07,0.003108781973960806,0.0001845411825482148,0.0001,0.0,6226699.4
239,0.2834422100954507,0.0007880122930617423,0.28410538482836883,0.003313305987614653,9.443441336546108e-06,8.175605355084879e-07,0.0031063763346717453,0.0002255290748098263,0.0001,0.0,6247896.4
240,0.2842681592081299,0.0008266382360385755,0.28582884083098226,0.004337532492813114,1.0104140805947284e-05,6.028963746135906e-07,0.00324194891444324,0.00013609741602239916,0.0001,0.0,6269022.4
241,0.28512243495862283,0.0008370556866582675,0.28549602509057986,0.006871839089721947,1.037152488594893e-05,4.6981329150927837e-07,0.003310651285136184,8.475369355075851e-05,0.0001,0.0,6290157.6
242,0.285910119748081,0.0008566313178744901,0.2870985323204786,0.004227118165809735,9.881367676246309e-06,5.79974484140225e-07,0.003115890860778679,0.00012017364356423463,0.0001,0.0,6311247.8
243,0.2868135959327904,0.000851180349563826,0.2885931990999735,0.0075276870979099336,1.075084741378016e-05,4.3987950835774824e-07,0.003434057547295048,6.535606062223116e-05,0.0001,0.0,6332297.6
244,0.2875717365900162,0.0008521976119538969,0.2858070804113243,0.005214416201985519,9.660392926284558e-06,6.671218719427399e-07,0.003158965635084154,0.00011518108493160383,0.0001,0.0,6353400.6
245,0.28839522861491673,0.000824108606833231,0.2862377087495263,0.002760925034169419,1.0056074103503902e-05,8.491057819170654e-07,0.0032707593758024055,0.00015345661571988063,0.0001,0.0,6374530.6
246,0.2891357779407799,0.0008271837032353721,0.28687748567080584,0.003659212127880023,9.094553257897791e-06,3.524945366279407e-07,0.0030530064776854923,0.00013136964923114012,0.0001,0.0,6395588.4
247,0.28992196129045505,0.0008603766277442218,0.29219627040354074,0.0051315586167379554,1.0406262404020218e-05,5.236096220008212e-07,0.003254799232995585,0.00015402529112097308,0.0001,0.0,6416454.0
248,0.2907468634014159,0.0008974864003204101,0.29440026564211474,0.006458944233064248,1.0247132873546139e-05,7.874720064670705e-07,0.003279268694038826,0.0002083572149625648,0.0001,0.0,6437206.0
249,0.2914488763269616,0.0009148643043116295,0.28991011363755576,0.006987001698329227,9.011777678328983e-06,3.6031671247813805e-07,0.0030083768294475303,9.269773928926713e-05,0.0001,0.0,6458162.8
250,0.2922260024761812,0.0009169607483536399,0.29008347504592474,0.003485227097237934,9.75022076028844e-06,7.078701686836203e-07,0.003224014158300873,0.00015420388209265245,0.0001,0.0,6479102.6
251,0.29301168716207515,0.0009091020588622586,0.2925048053103057,0.001563791644330734,9.562498037150172e-06,3.392797779324371e-07,0.0031869774345632705,9.054069137560544e-05,0.0001,0.0,6499978.0
252,0.29376573428055586,0.000890579520192007,0.2906285941898122,0.003588423007779626,9.510318369366193e-06,1.7473008309569975e-07,0.00317074273031931,1.4064229556551024e-05,0.0001,0.0,6520901.4
253,0.2945334438296395,0.000882959980195044,0.2921807070424452,0.003787452639098042,9.633062142872805e-06,9.05825658250964e-07,0.0031633322634514404,0.00021891660820084,0.0001,0.0,6541737.0
254,0.2952766250310482,0.0008951453870696689,0.2915692237023217,0.004392578645601838,9.311202995005075e-06,4.4219801228983177e-07,0.003106482072054962,0.0001270157585136517,0.0001,0.0,6562597.0
255,0.29601326508850123,0.0009063283270318607,0.2965474770098609,0.007600413402728726,9.928172613400282e-06,6.454587546902794e-07,0.003228899849669508,0.0001568560574300976,0.0001,0.0,6583320.0
256,0.2967186047203466,0.0008823335426738347,0.29679760869880006,0.0040603540549199665,9.080410334183566e-06,6.613668194000246e-07,0.00307143306809858,0.00017630292111215588,0.0001,0.0,6603949.4
257,0.29739577913807735,0.0009012316623521882,0.298906978630329,0.005804380037052237,8.42136984180882e-06,4.3661972691429076e-07,0.002953763606132959,7.670776274714035e-05,0.0001,0.0,6624559.8
258,0.2981360589814763,0.0008950575301614575,0.29808537062310664,0.004895035021873497,9.318438602862101e-06,5.031796995818361e-07,0.003155955391077489,0.0001308767052457459,0.0001,0.0,6645237.2
259,0.2988004768795439,0.000883333096838777,0.30065981203047487,0.0033528078339017785,8.523811019189421e-06,6.362044900396168e-07,0.002920445104710096,0.00016353470688514125,0.0001,0.0,6665770.4
260,0.29948701454251286,0.0009012086286462983,0.3009894527876044,0.0069558469932637194,9.236393323561849e-06,3.723618146957045e-07,0.003071519191332694,0.00012876858656860637,0.0001,0.0,6686263.0
261,0.30019192103003406,0.0008950301390238381,0.29520072594727537,0.005268065117455374,9.106548267696997e-06,4.673269434192527e-07,0.0031210302613843346,9.225334184636778e-05,0.0001,0.0,6706996.6
262,0.300910615374148,0.0008390043573546066,0.3043240864407046,0.007158462132086894,9.524006848003102e-06,5.428410978566472e-07,0.003165703797803654,0.000140571514530928,0.0001,0.0,6727373.4
263,0.3016422427072886,0.0008184330444300754,0.3030720528052561,0.004642490249249212,9.372333522551066e-06,3.702955333821989e-07,0.0031443457262977106,8.758309589989528e-05,0.0001,0.0,6747812.2
264,0.3023616475694081,0.0007496354697525577,0.3014420054275013,0.006265537145406767,9.36365851455112e-06,6.370677906391907e-07,0.0031336705007682674,0.00017128741418259624,0.0001,0.0,6768327.8
265,0.30308360635970705,0.0007782323261662464,0.3032393151556855,0.004452123408734565,9.317513962996219e-06,5.501256819139479e-07,0.003177231120646248,9.517338378765415e-05,0.0001,0.0,6788729.8
266,0.30370564882590584,0.0007670298904436716,0.3039548064140251,0.003846005995980865,8.116022533896237e-06,2.4270409258663945e-07,0.0028384915847244462,5.479823556273205e-05,0.0001,0.0,6809158.6
267,0.30440676870811456,0.0007559007919544313,0.3059702527043281,0.0025619852898280584,9.419563475921658e-06,4.456267143130273e-07,0.0031239745423238276,0.00010123134136551494,0.0001,0.0,6829450.8
268,0.3050877069311439,0.0007157775046350977,0.30361517648949504,0.0062022350468715,9.024748095802835e-06,6.708830609678049e-07,0.003085892172851054,0.00019467114312464296,0.0001,0.0,6849850.4
269,0.3057519060012435,0.0007204921876028615,0.3054122880918989,0.004098476981752428,8.56363976115347e-06,3.0824789943305515e-07,0.0029794859491138427,9.309172530653921e-05,0.0001,0.0,6870126.6
270,0.3064354419711298,0.0007236759763540009,0.30696488598316085,0.0022540652077016874,8.898992846204981e-06,5.970276148960483e-07,0.0030651197761280705,0.00012855193546616842,0.0001,0.0,6890403.6
271,0.30711817601102886,0.0007697772566919369,0.3085039131447444,0.008716206292347817,8.971080542338557e-06,1.293066118780931e-06,0.0030731172947935184,0.0002990012639009936,0.0001,0.0,6910582.6
272,0.3077584364655985,0.0007932100223640769,0.309107828816429,0.0011136063786563578,8.686220369299892e-06,9.056439195580841e-07,0.0029847045084849576,0.000221119643595267,0.0001,0.0,6930773.2
273,0.3085099115614037,0.0008039772659690918,0.306378209833989,0.0043904893438490656,9.426320089256806e-06,7.859875227930216e-07,0.003234227489083949,0.00018423837265940586,0.0001,0.0,6951057.4
274,0.30920528296016936,0.0008446119916568435,0.3091227661401673,0.00447772213838876,8.825444461586406e-06,9.699866370595838e-07,0.0030788329401034136,0.00022749420431943725,0.0001,0.0,6971233.0
275,0.30988725321491745,0.0008264399765886554,0.31198755836475095,0.004368263933345182,9.112859201187491e-06,6.058587664094549e-07,0.0031563367836747814,0.00011652093054015748,0.0001,0.0,6991287.8
276,0.3105134700893826,0.000814442576305363,0.3077244883722147,0.006184181285537676,8.634888617975943e-06,6.637319812197794e-07,0.0030008115030855155,0.00015052251726348874,0.0001,0.0,7011550.4
277,0.3111563169994593,0.0007989060251923754,0.3148228850778777,0.002680637330288838,8.517143045316433e-06,3.6607716765824704e-07,0.0030019509786692123,9.687497633639951e-05,0.0001,0.0,7031547.0
278,0.3118341106016854,0.0007472402161804179,0.3143204359481258,0.0011385263081380938,8.865394594845555e-06,6.904171151768052e-07,0.0031193934106573547,0.00018875179652873928,0.0001,0.0,7051501.6
279,0.31250688438636043,0.0007136958866407132,0.3158997092404465,0.005073288555182478,9.10962625117442e-06,3.754855643752328e-07,0.0031772986096307806,8.998652586456339e-05,0.0001,0.0,7071423.4
280,0.3130994528220727,0.0006819142410745037,0.31067798719287565,0.004341394347533351,8.141994688144506e-06,8.299319520904586e-07,0.00291464978790622,0.0001784557216551421,0.0001,0.0,7091531.0
281,0.31375253333354725,0.0007084183602720353,0.3138746502245525,0.0019255212281492917,8.911536687336802e-06,1.7188704771056704e-07,0.0030962847127741595,0.00010004666404732694,0.0001,0.0,7111547.8
282,0.31438802436908,0.0007065616579592939,0.3152166478807524,0.0030038176930287795,8.443100902416804e-06,1.9654733984712427e-07,0.003001260961323201,8.047992888241393e-05,0.0001,0.0,7131473.8
283,0.3150116887082584,0.0007125448540637017,0.31219967933166837,0.006969296336788406,8.38976217770847e-06,6.647814381313533e-07,0.0029575739054473527,0.00012519548348119696,0.0001,0.0,7151514.6
284,0.31564268277111796,0.000725224263312719,0.31444778210177016,0.004971061801701269,8.29927581966483e-06,1.990873480291084e-07,0.0029710359039117917,6.335970641164519e-05,0.0001,0.0,7171448.6
285,0.31627476679077093,0.0007492886120947399,0.31655841563109033,0.003826437427419847,8.598986964108578e-06,5.433188757377055e-07,0.0030741153308789224,9.388018467314786e-05,0.0001,0.0,7191372.0
286,0.3168923440180767,0.0007864919749519661,0.3182499563575059,0.00455252643284004,8.24842051484187e-06,3.4200224107913595e-07,0.0029719191988914614,0.00016074901022406206,0.0001,0.0,7211218.8
287,0.3175121065158917,0.0007834300204978586,0.3206476269156072,0.007899769329565156,8.662650686159706e-06,5.839225236076587e-07,0.0030434326637133672,0.0001331157411688813,0.0001,0.0,7230960.6
288,0.31818102756862304,0.000788098804101858,0.31915447030698757,0.005859656050910522,8.709596006154048e-06,4.614435234898849e-07,0.003143499973442055,9.516524189676872e-05,0.0001,0.0,7250734.2
289,0.31874896207068126,0.0008051431589837119,0.31766409108127913,0.004255577497859652,8.102969016128888e-06,3.7330163667404345e-07,0.00290879683204775,8.272353466621472e-05,0.0001,0.0,7270552.4
290,0.3193798303530332,0.0007552896170909443,0.3182644819747031,0.0026462688181697713,8.627051846665354e-06,4.248178928266933e-07,0.003075882868563075,0.00014551967150999083,0.0001,0.0,7290360.8
291,0.3200013049752777,0.0007572876940687503,0.3183145369834966,0.004923167999561049,8.762048716823214e-06,6.716884788021469e-07,0.003106996153330889,0.0001757763485847129,0.0001,0.0,7310225.4
292,0.32060679346558824,0.0007870293316581636,0.32224923990164556,0.008581774173934138,8.376241047572386e-06,4.4705450079602673e-07,0.0030366234814173977,0.00012606957133651898,0.0001,0.0,7329895.4
293,0.32119373577163934,0.000743140946208546,0.3247324847807035,0.004351829297885263,8.261460501847496e-06,4.643548760637037e-07,0.0029801509797687735,9.583516899207849e-05,0.0001,0.0,7349442.4
294,0.32178934634382916,0.0007876191475613264,0.32170439622593416,0.0018003154788165847,8.237073025112207e-06,4.0602442315997163e-07,0.0029683406927199086,9.437510105067272e-05,0.0001,0.0,7369095.4
295,0.3223965071087503,0.0007332327876076488,0.32013171485302083,0.0030848290914157516,8.520394712742093e-06,6.886794153672335e-07,0.003066844006855105,0.00017288984124567638,0.0001,0.0,7388805.4
296,0.3229992835286119,0.0007470726148244831,0.31711424226103463,0.003234151358508425,8.740345854426167e-06,4.7177503578368917e-07,0.003120400592951899,0.00012158213302950885,0.0001,0.0,7408647.4
297,0.32358663446726965,0.0007534517270766567,0.3204153423320034,0.0046822503192099525,8.277999834047707e-06,4.6566406820650424e-07,0.0029929299767506934,0.00010469289737148127,0.0001,0.0,7428299.2
298,0.32415859657583923,0.0007563720631765233,0.321627445237718,0.0054012768923210165,8.141202670778906e-06,5.18732588346846e-07,0.0029486918875589576,0.00012197973849750336,0.0001,0.0,7447955.8
299,0.32471719849346553,0.0007749736090993732,0.32649397752367426,0.0050455934092603376,8.143195902573822e-06,1.4835306431230846e-07,0.0029608767839931463,5.6471943305042234e-05,0.0001,0.0,7467461.2
300,0.32529744815368494,0.0007702143843799349,0.3276386647236428,0.0057196496444487845,8.02242970003747e-06,3.6040340652245187e-07,0.002947511475208693,9.690938241019133e-05,0.0001,0.0,7486875.0
301,0.3258814372026856,0.0007557979915444554,0.32145153874647486,0.005914378132118117,8.183603247193978e-06,6.218760727764244e-07,0.0030092222647662243,0.00016704193330025936,0.0001,0.0,7506559.8
302,0.3264859699241783,0.0007662012228035362,0.3264443879264597,0.004985228873749002,8.402487346151467e-06,3.757673603998748e-07,0.003076530400470755,0.00011641804694708376,0.0001,0.0,7526039.6
303,0.327047302744334,0.0007334404931555785,0.327961955938855,0.0028409889203508056,7.936141573787534e-06,3.05248648025783e-07,0.0029573324197589576,7.995561681683378e-05,0.0001,0.0,7545480.8
304,0.3275829314597952,0.0007510561868343008,0.3251092380362391,0.003936418215494638,8.03279946632797e-06,2.985631097427592e-07,0.0029262877226436724,0.00010770863020943122,0.0001,0.0,7565051.6
305,0.3281651737453576,0.0007659915170691707,0.32280478001146856,0.003963285663704576,8.408883425276957e-06,5.64459181448081e-07,0.0030723777014965673,0.00017124773875468982,0.0001,0.0,7584701.8
306,0.3287160427283461,0.0007201128730485148,0.32726022350282635,0.0020635886343917105,8.002987988400096e-06,4.5293034389164707e-07,0.0029516833339812976,0.00013650821178224964,0.0001,0.0,7604128.8
307,0.32926242617104345,0.0006724543275315717,0.3299699321842374,0.005007640704815995,7.706099717674895e-06,8.246537767336277e-07,0.002902467490086235,0.0002028528899092854,0.0001,0.0,7623467.6
308,0.3297748309482877,0.0006655647427767559,0.32696478784347444,0.005466344484012105,7.703152489496193e-06,6.591817940411445e-07,0.0028917313924471033,0.00016001139924809536,0.0001,0.0,7642921.4
309,0.3303005195347678,0.0006272415185313268,0.3337699874879278,0.0038604073146939768,7.765990495155423e-06,4.7574198010482433e-07,0.0029182752328450736,0.00017077133666527523,0.0001,0.0,7662082.2
310,0.33085967728882026,0.0005646090719215382,0.3287633414954697,0.004560210975213537,8.048639143493864e-06,8.142570648930947e-07,0.0029532908221176985,0.00018041020114953042,0.0001,0.0,7681435.8
311,0.3314345018840533,0.0005722612033376913,0.3274124320937622,0.0033663703470697324,7.911648269018733e-06,7.030830535084912e-07,0.0029626181387425255,0.0001636177555990552,0.0001,0.0,7700858.8
312,0.3319598387130359,0.0005967405903593451,0.3313188865336375,0.0031049265445391946,7.532346740364187e-06,4.056879209406009e-07,0.002886265184672338,0.00012058832349236364,0.0001,0.0,7720140.6
313,0.3324585362027935,0.0005946552756556599,0.3289055049684416,0.002491903176455763,7.600714583949851e-06,2.5948128330960175e-07,0.002894689701142415,6.215347278904302e-05,0.0001,0.0,7739477.8
314,0.3329990267803309,0.000617032683412557,0.3316000804627454,0.0017773724876733478,7.65246753128003e-06,4.864440463159086e-07,0.002909738840506409,0.00013660766648451833,0.0001,0.0,7758742.8
315,0.3335225494861928,0.0006258490347981835,0.332413476644421,0.00430939040310783,7.700457872565096e-06,6.17452301322771e-07,0.0029344769614314996,0.000109934722704194,0.0001,0.0,7777956.8
316,0.33406203361496445,0.0006013814897521577,0.3328076909585051,0.0037402827636252725,7.676645940899e-06,3.3563331619233334e-07,0.002952917657066325,6.779819982915914e-05,0.0001,0.0,7797186.4
317,0.3345696966015109,0.0005952727756841919,0.3377098039257275,0.00564399963889243,7.496506280542045e-06,3.8546494523121215e-07,0.0028849525643480285,0.00010688108852810494,0.0001,0.0,7816165.2
318,0.33511282879152315,0.0006091793320406646,0.33532538844870957,0.004219697162473656,7.662114640165002e-06,3.508751526597452e-07,0.002963849672469831,0.00012081622714533423,0.0001,0.0,7835373.2
319,0.3356229774255496,0.0006414882470213057,0.3362607884796147,0.004126328663681579,7.66026175264419e-06,4.866792535889451e-07,0.0029157700445491255,0.00014506025441897102,0.0001,0.0,7854436.0
320,0.33614489236817785,0.0006453071592003275,0.33757339609581455,0.004160888128532442,7.273058023697285e-06,2.8279148745759044e-07,0.0028466458152317043,6.633919314675566e-05,0.0001,0.0,7873427.0
321,0.3366607314515153,0.0006488743075164344,0.33812954022583325,0.0023280353237264757,7.593162639442005e-06,5.97545871298717e-07,0.0029303461176675596,0.0001551499000372706,0.0001,0.0,7892431.8
322,0.3371774448941238,0.0006522186676165133,0.33735536711859115,0.004005276113724445,7.5727978464082815e-06,3.744215692786607e-07,0.0029003228003190574,5.089656466343969e-05,0.0001,0.0,7911513.0
323,0.33767772164638005,0.0005986844758439404,0.3388219188356436,0.0029082090709467772,7.649388282666035e-06,4.962927648366929e-07,0.0029372204909011634,0.00012906431694773856,0.0001,0.0,7930484.8
324,0.33818918392727904,0.0006333007242257272,0.3419486289780709,0.004992097153957254,7.489288827876395e-06,4.4459505054710603e-07,0.002909631061453371,0.0001526347819451822,0.0001,0.0,7949328.8
325,0.33875543952987225,0.0006382539460527964,0.33658687706035784,0.003977168844149,7.76534010983744e-06,4.92023640252355e-07,0.0030133776664895014,0.00010212181825889081,0.0001,0.0,7968385.2
326,0.33926618175915857,0.0006001604802186717,0.33903478260214737,0.003006087537804378,7.382268458733704e-06,8.490114225446462e-07,0.0028801959773803038,0.00021638482173214684,0.0001,0.0,7987313.6
327,0.3397586168461788,0.000610863051787872,0.33938039576673573,0.0037838354961239095,6.893275939929332e-06,2.503692141207175e-07,0.0027847982423307624,9.398929473393163e-05,0.0001,0.0,8006262.2
328,0.34025971105085057,0.0006098975090608577,0.343532944677097,0.0030931075839055527,7.4907772018150305e-06,2.5597323354716926e-07,0.0029136706426414693,7.721519045830322e-05,0.0001,0.0,8025029.6
329,0.3407647612541852,0.0005740583697042169,0.34014318117869086,0.005237787800784896,7.2460338121685324e-06,5.753894154258272e-07,0.002871767037439652,0.00013515520685221158,0.0001,0.0,8043896.8
330,0.34126753650965475,0.0005627425523866064,0.3409292403497502,0.005108391555634982,7.438145461765121e-06,5.702081793370662e-07,0.002922844192759095,0.00011103541689190641,0.0001,0.0,8062774.6
331,0.34174001803079535,0.0005537123201287521,0.3406989269376205,0.004627690681639258,7.039928753311608e-06,5.038718408065888e-07,0.002773590523306967,0.00010744535333637889,0.0001,0.0,8081659.8
332,0.34224713974770776,0.000599128499806702,0.3401583929402413,0.006290488699235183,7.625840424306523e-06,5.295119323542685e-07,0.002947936299164047,0.00016344020994926787,0.0001,0.0,8100557.8
333,0.34270766450701046,0.0006626123886790583,0.3446195472940343,0.0034743791703046125,7.206818351819771e-06,8.242734668015214e-07,0.0028352037724368295,0.00024320566121449987,0.0001,0.0,8119279.4
334,0.3432115669031243,0.0006107754034639376,0.3434088376466806,0.004075660562616047,7.17342367247602e-06,5.945457151394123e-07,0.0028958629286287762,0.00017066977953751147,0.0001,0.0,8138035.4
335,0.34369218861534023,0.0006324209424352664,0.3440727875505383,0.003636401058238714,7.063322614833092e-06,2.91523283051997e-07,0.002830639235610736,0.00013503258106858953,0.0001,0.0,8156789.2
336,0.3441794229488199,0.0006382282710318104,0.3436559024477984,0.002836102207164843,7.4697056951684095e-06,1.692332552746724e-07,0.002939008423633054,6.09968176674474e-05,0.0001,0.0,8175553.6
337,0.34467916433249773,0.0006318304132219485,0.34418672759985114,0.003589317449845179,7.4050620866985e-06,5.556235959809219e-07,0.0029284017499575806,0.0001957963068514001,0.0001,0.0,8194344.2
338,0.3451787017802894,0.0006201710051827972,0.34992460702524586,0.003976042129498649,7.637592478723046e-06,8.318151799420558e-07,0.0029720058900562923,0.00018462706644766487,0.0001,0.0,8212846.0
339,0.3456658210658609,0.0006063134822994929,0.34070291067143654,0.0032814021612895014,6.957721215656403e-06,3.141112411409307e-07,0.002836935575492434,0.00011447830807000677,0.0001,0.0,8231749.4
340,0.3461627165393054,0.000597537939807166,0.34918875046823056,0.005335203625257663,7.1257994545484635e-06,7.753031497453517e-07,0.0029153777784342717,0.000190297829653138,0.0001,0.0,8250298.8
341,0.3466519524249728,0.0006103828606037032,0.34405373328437017,0.0038430845002854416,7.259563418333013e-06,4.525580876230141e-07,0.002917638986751888,0.00011978124411389999,0.0001,0.0,8269027.2
342,0.3470849686259489,0.0005829940937057142,0.3483744800060718,0.005215916604700104,6.998674851692846e-06,4.127578926214725e-07,0.00281123423539298,8.546023559403961e-05,0.0001,0.0,8287645.4
343,0.3475464157518474,0.0005893422938655931,0.34540874706874625,0.0036417056428187373,7.096630705037536e-06,6.594748858366992e-07,0.0028505335463465333,0.00017458067314870144,0.0001,0.0,8306290.8
344,0.34794758169155726,0.0005682376762670569,0.34395861959216634,0.00559013983005321,6.624532170321623e-06,3.1054758409229526e-07,0.0027143206829664535,8.375276402672046e-05,0.0001,0.0,8325071.0
345,0.34839150991027557,0.0005416881360978038,0.34894776250824344,0.00544600108714235,6.717470899963637e-06,4.5492621584737016e-07,0.0027402850567838553,0.0001144076206296853,0.0001,0.0,8343648.2
346,0.348829533305259,0.0005380111990805639,0.3461084310017324,0.004173168666533932,7.079842818800112e-06,9.960493133659292e-07,0.002808728376221796,0.0002438161896396753,0.0001,0.0,8362331.0
347,0.3493064043148061,0.0005517762672506284,0.3480055003696009,0.0018652521410811812,7.397256793864054e-06,3.8053808702897227e-07,0.0029122066867287274,9.063214283167788e-05,0.0001,0.0,8380885.2
348,0.3497683776425734,0.0005409418252221584,0.3485482102931005,0.003703288757307354,6.994328357243609e-06,4.07597033888448e-07,0.0028522182702711693,0.00013787668424494013,0.0001,0.0,8399429.6
349,0.3502137450761443,0.000548545704840479,0.35425282925136836,0.002560062957672876,6.857131762841138e-06,7.040401332548843e-07,0.0027815990869239668,0.00015462288347575556,0.0001,0.0,8417779.0
350,0.3506749288890312,0.0005471044262762571,0.3491834252184382,0.004422406956406363,7.188919366940243e-06,4.32714748778831e-07,0.0028875125747010134,0.00010651801932807785,0.0001,0.0,8436320.6
351,0.3511000748680909,0.0005274874870322432,0.3493450313239833,0.005068763479641159,6.96865355294141e-06,4.074456243331921e-07,0.002843655024247711,8.794375192000847e-05,0.0001,0.0,8454834.8
352,0.3515478836073683,0.0005121487361512011,0.35233442787226166,0.0034542142219703468,7.213995151058403e-06,3.443440913655424e-07,0.002892908114588354,0.00010993038314466809,0.0001,0.0,8473223.8
353,0.351995157326514,0.0004865227632203334,0.3548590174208252,0.005545872476372037,7.01056520078842e-06,5.799644755017994e-07,0.002851884295042814,0.00011111036186325915,0.0001,0.0,8491558.4
354,0.3523744287733209,0.000525110958880712,0.35243136192790014,0.004465145910916869,6.666621133564516e-06,4.28653212502036e-07,0.002746965897704485,0.00013872324063083982,0.0001,0.0,8509950.2
355,0.3527938342738718,0.0004938344249279706,0.34855366459699744,0.005116262631213831,7.010996155191062e-06,4.641977283064963e-07,0.002830295177138926,0.0001745966677025757,0.0001,0.0,8528533.4
356,0.35324760508253994,0.0004816309518766674,0.352522443660785,0.002356641871655054,7.217476310908817e-06,5.561921932498016e-07,0.002897491506823077,0.00014372553114164248,0.0001,0.0,8546936.4
357,0.35369971789477644,0.00047200182034018884,0.35504036269517136,0.003243648868138658,7.0617513064189815e-06,1.4147532783012946e-07,0.0028908008874607514,6.560501507730076e-05,0.0001,0.0,8565243.4
358,0.3541351655360345,0.0004591310678192973,0.3550549457445905,0.0035857826989974485,6.6463763371892784e-06,1.956567904128916e-07,0.002811374417430472,3.2308609476690474e-05,0.0001,0.0,8583512.8
359,0.35447358647524735,0.0004869275036594408,0.3536640265840164,0.0038684057169380394,6.4380800110071395e-06,6.18439936757026e-07,0.002616104625548734,0.00021703080834519577,0.0001,0.0,8601869.4
360,0.35484644572253543,0.0005057726312136027,0.35449127824854976,0.0024503261397478865,6.545457272646209e-06,4.5628688999555293e-07,0.002723761054541542,0.0001253118107954622,0.0001,0.0,8620248.2
361,0.35531433544840685,0.0005132043970996737,0.35472172537840646,0.0029371338781164244,6.957257836394128e-06,3.742354622997066e-07,0.0029136956264030787,9.330294078915083e-05,0.0001,0.0,8638632.6
362,0.35570994115480603,0.0004936419971850086,0.3561271679796377,0.0031142469907271255,6.3805371611264304e-06,5.280853818932896e-07,0.002694119185726434,0.00013998015661215136,0.0001,0.0,8656891.2
363,0.35614744948122173,0.000495843284298008,0.3581796919182584,0.004140542541204251,6.7482839836015216e-06,5.169590360026277e-07,0.0028361357578258087,0.00015818125757352593,0.0001,0.0,8675086.2
364,0.35653752571418135,0.0004994627179167598,0.35706172063846403,0.0056805342585137765,6.434943198883767e-06,3.5859470767864535e-07,0.0027144107163520025,8.349787683143734e-05,0.0001,0.0,8693336.2
365,0.3569532880342744,0.00047835307700907505,0.35830006169147094,0.00428002414727839,6.5983318510010025e-06,5.409336418568143e-07,0.002778086574024973,0.00018558749897396157,0.0001,0.0,8711463.2
366,0.3573660186094208,0.0005255159938134339,0.35914077913009945,0.0027806425787003848,6.707816871333422e-06,3.906493768160155e-07,0.002807038999951912,0.00012804042168943232,0.0001,0.0,8729655.8
367,0.35780807870429177,0.0005260095720192685,0.3576397945261283,0.0031247846931982265,6.973979808084897e-06,2.920829815121671e-07,0.0028914890809549057,5.18899418550722e-05,0.0001,0.0,8747824.4
368,0.3582540449459045,0.0005167047061935162,0.3599502278431368,0.0027629694025858753,6.81301602163699e-06,2.1431369844374414e-07,0.002884678439926355,6.668018331010607e-05,0.0001,0.0,8765932.2
369,0.3586580880493299,0.0004931758878745094,0.35737683085393435,0.004618826708158318,6.868902514641489e-06,5.110967745975081e-07,0.0028417483314712314,0.00015529473525378,0.0001,0.0,8784117.0
370,0.35906482826728314,0.00047311871784459466,0.3602971243497333,0.002241791418037262,6.752773042789049e-06,2.2056874654478343e-07,0.002844144924342983,7.169902892585342e-05,0.0001,0.0,8802214.0
371,0.3594576698386285,0.0004951487275442881,0.36312055065235,0.002372765457370089,6.3246688660944985e-06,5.610905942147589e-07,0.0027121700314073974,0.00015147210002786331,0.0001,0.0,8820210.8
372,0.35983112776991727,0.00049314702347305,0.35746357996081446,0.002613588846290748,6.429053727993716e-06,2.904240362217804e-07,0.002704812787120422,5.214544108510174e-05,0.0001,0.0,8838458.8
373,0.3602383113160009,0.000472991542713363,0.3573541392110702,0.0021021860944958797,6.415581239005806e-06,5.319951610465168e-07,0.0027793819769082926,0.00017309830607622294,0.0001,0.0,8856706.2
374,0.3606459134632278,0.0004969081356073845,0.35875092547097953,0.0026629275230283223,6.455507210031463e-06,5.425070193439161e-07,0.002792551663994418,0.000148989236520391,0.0001,0.0,8874815.0
375,0.36105261842810493,0.0004611120223239919,0.36112992407789213,0.0027973669715096448,6.731289467672705e-06,3.5886587395869174e-07,0.0028276667356799024,0.00010333367978580502,0.0001,0.0,8892847.2
376,0.36141676829363717,0.0004485541161147931,0.35836916081725145,0.00409363019859816,6.71670474583494e-06,5.054501440421419e-07,0.0027798184971190416,0.0001548810750496818,0.0001,0.0,8910972.6
377,0.36184319482466965,0.00047786960727683414,0.36257157620818015,0.002591706844822197,6.780649021701139e-06,7.437101879358858e-07,0.0028532283710612,0.00019162696086909205,0.0001,0.0,8928974.0
378,0.36220406971984576,0.00046361249866221733,0.36100924585657673,0.004276922926986491,6.307456281876778e-06,5.596436231872269e-07,0.0027222839960079153,0.0001605944538884898,0.0001,0.0,8947090.4
379,0.3625574994674766,0.00043914695284419614,0.3618733694427311,0.004447242327045277,5.854648671047924e-06,5.233768046919843e-07,0.0026348056996291233,0.00015132549936135352,0.0001,0.0,8965104.4
380,0.36293668990935474,0.00043028259866531576,0.3646124334147864,0.004407397394972399,6.411178445792559e-06,1.0124212184354147e-06,0.002717979137143783,0.00025906449013920313,0.0001,0.0,8983066.6
381,0.36331802722786016,0.00044614458630750736,0.3620837418011846,0.0027550278563393564,6.3762466140155786e-06,4.3613977979696476e-07,0.0027333394544256824,9.553380382443759e-05,0.0001,0.0,9001115.4
382,0.36370954773671876,0.0004491669481612957,0.36631878915756844,0.0041707739408198335,6.479230242476275e-06,4.770985123334072e-07,0.002788238271796392,0.00011744151189903593,0.0001,0.0,9018944.6
383,0.3640955611118561,0.0004617660060350658,0.3621046984676798,0.004914532437724124,6.390189750268766e-06,3.380337820525719e-07,0.002763675197430521,0.00010672525074834455,0.0001,0.0,9036994.4
384,0.3645058059018577,0.0004479631151953327,0.36014927718902684,0.001383277668956002,6.458600488229804e-06,5.964418195908534e-07,0.002814715373484724,0.00017108359283556917,0.0001,0.0,9055085.6
385,0.3648868399236994,0.0004613676116106934,0.3633252267010653,0.003705614737277672,6.359165429146628e-06,5.465053803661584e-07,0.002747243072856,0.0001397538843830553,0.0001,0.0,9073082.2
386,0.3652520663556959,0.0004348983802025456,0.371595402243892,0.004017659379574284,6.2175090740096e-06,5.298320535404177e-07,0.002738033629586423,0.00019748928061784777,0.0001,0.0,9090729.0
387,0.3655901955622466,0.0004721485912763395,0.368229220947329,0.005029499362089797,6.137551150230407e-06,4.7404467075949366e-07,0.0026659103538909613,0.00014403575816841362,0.0001,0.0,9108495.8
388,0.3659686421073653,0.00047927076354713596,0.36472663684719053,0.007903859950547074,6.456658901521451e-06,4.679092683508784e-07,0.0027756790146596386,0.00011310289403077847,0.0001,0.0,9126451.8
389,0.36629749379129806,0.000494660949775038,0.36762503798551177,0.0025337161631361423,5.986880545845838e-06,6.174808537087478e-07,0.002632599880039504,0.00016635721933642896,0.0001,0.0,9144201.4
390,0.3666826267188915,0.0004947297089279979,0.3668672472077822,0.0015936947470646455,6.222554104168599e-06,4.95095206233694e-07,0.0027307015959172737,0.00015878510889987227,0.0001,0.0,9162013.0
391,0.3670565078268125,0.0005042901115240067,0.3672868195999793,0.003906652987895599,6.410856996242705e-06,3.4762845134168927e-07,0.0027864769546322053,5.81160471940736e-05,0.0001,0.0,9179867.4
392,0.3674209151366684,0.000536229491161593,0.3664325830175197,0.0046601772516852305,6.02782644591885e-06,2.583286249231292e-07,0.002665668180590855,0.00010915850387894963,0.0001,0.0,9197698.8
393,0.3677368666382687,0.0005699601077784285,0.36618525234093713,0.0042744396447443826,5.647091354964952e-06,4.6769549279217083e-07,0.0025519904769580604,0.00014490325390148162,0.0001,0.0,9215572.2
394,0.36809131565853603,0.0005689049237967026,0.36653650539828825,0.004392548652410478,6.0504561953437585e-06,5.916972843298965e-07,0.002684324311904311,0.00013014908240026335,0.0001,0.0,9233406.8
395,0.36842622098341576,0.000602123897213108,0.3692725359076118,0.0032504201211595034,6.027597394903843e-06,3.9282209913013056e-07,0.0026835434803647398,0.00010612830166628968,0.0001,0.0,9251146.4
396,0.3687849901423034,0.0005924880055470844,0.36807808232754596,0.005434985428982939,6.238754888825669e-06,5.039312501665978e-07,0.0027298839795360653,0.00010094835154845502,0.0001,0.0,9268973.0
397,0.3691569935273827,0.0006051434160786327,0.36501996275757825,0.005781512101917688,5.776067612117505e-06,3.039408915798693e-07,0.002676313230754928,0.00012502210259251513,0.0001,0.0,9286917.2
398,0.36952289757597895,0.0006056466824815592,0.3678943290233756,0.002215197302997096,6.1786204295496845e-06,4.211659588035723e-07,0.0027429116878689213,9.97340817654362e-05,0.0001,0.0,9304712.0
399,0.3698403841883223,0.0005942998902955974,0.3678327183503264,0.003207846069917949,5.9607723377369505e-06,4.890804855625983e-07,0.0026517441656279087,0.00011309209240822355,0.0001,0.0,9322490.2
400,0.37016398571184944,0.0005571634865258043,0.3689039540646075,0.004168068348784093,6.092822801154838e-06,4.6010740906269974e-07,0.002685943737402867,0.00013577339185535099,0.0001,0.0,9340250.6
401,0.37052239341799365,0.0005561508136034403,0.37164983906394766,0.001766269537541227,6.400889261535093e-06,2.9805063912319463e-07,0.002765724619462298,8.305105966476417e-05,0.0001,0.0,9357927.0
402,0.37089074717905,0.0005961815208306058,0.36862909530708987,0.0036351694802963237,6.335833601793934e-06,4.773791118342734e-07,0.00280890756650079,0.00019729604378681238,0.0001,0.0,9375623.6
403,0.3712208033157756,0.0005884452912515833,0.3715585133140393,0.003900457104816264,5.9247463343399464e-06,2.2581553991299755e-07,0.002663216826861687,4.7940532363292635e-05,0.0001,0.0,9393324.6
404,0.37155809361631525,0.0006206277519224147,0.369408230564764,0.00450058198236089,6.102407882725769e-06,3.7935432211378726e-07,0.0027276659991234374,3.070985993816676e-05,0.0001,0.0,9411085.4
405,0.37193400814445504,0.0006135349007127391,0.3691505452390261,0.005222160625834097,6.103665901797628e-06,1.2789335693249499e-07,0.0027723916663452953,5.30812374390392e-05,0.0001,0.0,9428819.2
406,0.37226227702960923,0.000568505444494094,0.37180620083002686,0.0040699477169077345,5.726762211918395e-06,3.7854086648438137e-07,0.002625480583616766,0.00018730619354029212,0.0001,0.0,9446408.6
407,0.37261994818639554,0.0005867176252393799,0.3737531958720999,0.004112392725021325,6.010504874170649e-06,3.6711520993639784e-07,0.002721454971645085,0.00013535769948155814,0.0001,0.0,9463990.8
408,0.3729455446213533,0.0005999943574819765,0.3767648420243302,0.005139449760367828,5.592598622454694e-06,3.2086804292958137e-07,0.0025696832224953213,0.00010548011679995717,0.0001,0.0,9481461.4
409,0.37325718847927547,0.000631557618933564,0.3740094452780735,0.005729299981089272,5.921851910762547e-06,3.2588969663097625e-07,0.002621849201258078,0.00010360518749389004,0.0001,0.0,9498989.4
410,0.37358380894882426,0.0006461873737146598,0.37091161406187556,0.003755727987683256,5.970573629380013e-06,5.058062448132842e-07,0.0026865082680264654,0.00020322291108546518,0.0001,0.0,9516633.8
411,0.3739032940091209,0.0006288635898034507,0.3748815349087936,0.005956369674571962,5.682878606651079e-06,6.085208475585472e-07,0.0026213374767620214,0.00014165062463603148,0.0001,0.0,9534125.0
412,0.37424446639905895,0.000615711644102667,0.37467503062157415,0.005203211485524575,5.627211934762154e-06,6.184310324253941e-07,0.0026000781676319253,0.00015628333147884668,0.0001,0.0,9551621.0
413,0.3745611158129708,0.000619401808096222,0.3733907623168696,0.0017691955117853234,5.638789062348081e-06,4.7484079452766347e-07,0.002621032683508122,0.00016227610002253118,0.0001,0.0,9569175.2
414,0.3749102007350978,0.0006223667366116015,0.37376616275928465,0.003162425682867941,6.278932373493644e-06,2.4078859030858394e-07,0.0028144074086542533,6.639881125032588e-05,0.0001,0.0,9586719.6
415,0.3752278933908687,0.0006208607870164848,0.37417530844377955,0.00581813149572497,5.624768003710709e-06,3.2892512609279894e-07,0.0026357251398497483,0.00010791816710600202,0.0001,0.0,9604294.0
416,0.375560564773488,0.0006328774589259007,0.3711116036276202,0.0018820541200875844,5.629969943544015e-06,5.375348288507097e-07,0.0026340775070052462,0.00014072823013647895,0.0001,0.0,9621991.6
417,0.37583446014848476,0.0006540093013186956,0.3772089249271521,0.003901471077732708,5.313601809114392e-06,4.6738582520720734e-07,0.0024892474739182887,0.00018818129132391073,0.0001,0.0,9639441.0
418,0.37611687568923774,0.0006444046367677209,0.3771253699489857,0.003119782434952032,5.485695635931266e-06,4.798176073512409e-07,0.002547669681586136,0.00015856783630801769,0.0001,0.0,9656813.2
419,0.3764331643515544,0.0006349954380412106,0.3774820273419426,0.0028288948517112963,5.685929036214533e-06,4.5813271583210324e-07,0.0026307835167711227,0.0001037111297707995,0.0001,0.0,9674187.8
420,0.37675962261336965,0.0006479474603417792,0.3806026738575831,0.0030408258557353637,5.721118051119754e-06,3.4608383110769914e-07,0.0026609790311824997,0.00016385909768428363,0.0001,0.0,9691500.0
421,0.37708867215853054,0.000661860380198886,0.3753915877116252,0.0015954643316464176,5.724765889475788e-06,4.184890935039008e-07,0.002672494925678781,0.00013383827776007075,0.0001,0.0,9708925.6
422,0.37733963098504775,0.0006314617791590699,0.37366671963698633,0.006372376688351785,5.382225038114403e-06,4.0660011933079454e-07,0.002488275075196283,0.00010500571438634128,0.0001,0.0,9726492.2
423,0.37766831420789776,0.0006524063906307016,0.376991860647092,0.0016361577258683139,5.8465468013280665e-06,2.9905091519038035e-07,0.002697405150471166,0.00011078512887333346,0.0001,0.0,9743941.6
424,0.3779663455752609,0.0006753348301343912,0.3759845594155241,0.0024001484307701665,5.779562869008353e-06,8.830491328960186e-07,0.0026158894011046314,0.0002827993905463892,0.0001,0.0,9761375.0
425,0.37827052085439744,0.0007024805069209819,0.3815099483960257,0.0037491349106804207,5.554677388887215e-06,4.0523769246799e-07,0.0026207490551584155,0.0001271358784174999,0.0001,0.0,9778619.0
426,0.37855278531863834,0.0007035693469978853,0.37646889816588536,0.0032215972672410237,5.35573099799937e-06,6.169457817101086e-07,0.0025351923450295374,0.00016919859105060954,0.0001,0.0,9796053.6
427,0.37886583483813246,0.0007008065911881366,0.37650331761933276,0.005244873611919469,5.944063297330881e-06,3.1644479196604516e-07,0.002705251697107198,9.555387291123925e-05,0.0001,0.0,9813504.0
428,0.3791624024026442,0.0007168411047342009,0.38038273271731515,0.0030729432999377737,5.7426607262786265e-06,8.150849938509116e-07,0.0026464933413811614,0.0003165831945124167,0.0001,0.0,9830799.4
429,0.3794606357852316,0.0007026116296963003,0.37797302790611453,0.005057457382919196,5.802848311118158e-06,5.192453918562634e-07,0.0026667743687971597,0.00015058237306643982,0.0001,0.0,9848201.8
430,0.3797338674309101,0.0006961418357904688,0.3781483962338084,0.004161516866743319,5.384286087060986e-06,4.1135661837825126e-07,0.002529368552997608,0.0002233549688064148,0.0001,0.0,9865600.0
431,0.38006281744580916,0.0006809367947329944,0.3786733547457216,0.004177935838311566,5.844968902996069e-06,1.807351195180769e-07,0.002718523907591792,5.6394426471665e-05,0.0001,0.0,9882930.8
432,0.3803819232542276,0.0006823238803697706,0.3805939412439594,0.006226168661082935,5.549745703558588e-06,4.0036316970433646e-07,0.002630836369306849,0.0001495016694082361,0.0001,0.0,9900205.0
433,0.3806903017192277,0.000691700895972001,0.37853585521715405,0.004551787937446854,5.830080760190753e-06,4.6102048865865097e-07,0.0026897111900190574,0.00010444911938910138,0.0001,0.0,9917533.4
434,0.3809652451333442,0.0006674839776047799,0.3857178570438101,0.0021499795357368848,5.497260788234428e-06,5.875984514231909e-07,0.0025483764356836087,0.00020529652664566425,0.0001,0.0,9934629.0
435,0.3813002345568084,0.0006941329768428068,0.38518508410175073,0.002888693082813046,6.280065253253085e-06,2.2537416224807617e-07,0.0028459221777800935,6.718950668205426e-05,0.0001,0.0,9951718.4
436,0.38159527380165437,0.000686653498916891,0.38254030613411605,0.0032471025052195827,5.4357133685207284e-06,5.157940815560745e-07,0.0025921141932056845,0.00020605434398014838,0.0001,0.0,9968939.0
437,0.38188014797717446,0.0006770396890249706,0.38154244771585,0.004108386232670689,5.553909475718952e-06,3.7487669035306503e-07,0.002599011195857542,0.00018141971009205926,0.0001,0.0,9986190.0
438,0.38217037909603113,0.0006693559095755837,0.38099595249211315,0.005723695856450309,5.0777867521470705e-06,5.382807558308971e-07,0.002526285959420253,0.00015810185089778044,0.0001,0.0,10003449.2
439,0.3824810411162886,0.00064874309942916,0.3811694738210617,0.0039127617065684295,5.6465166534114516e-06,6.385356183807908e-07,0.002652609217971237,0.00018625810045114685,0.0001,0.0,10020689.4
440,0.3827839980757224,0.0006687388148030089,0.3824458286924429,0.003122989226664778,5.712692833704572e-06,3.5961880888557274e-07,0.002668643136272487,0.00013914556643634463,0.0001,0.0,10037876.0
441,0.3830731469661549,0.000684689114365007,0.3828385812104725,0.002264485669190956,5.802742674237788e-06,2.983893397367692e-07,0.0026939601818926815,9.275939195945149e-05,0.0001,0.0,10055111.4
442,0.3833200666929164,0.000705747942406375,0.38423809887186716,0.0037457262779590802,5.1106475947288645e-06,2.592068147501268e-07,0.002461887104835394,0.00011986340976052818,0.0001,0.0,10072237.4
443,0.38361413652267873,0.0006498198247867954,0.3838096142406974,0.0036796135689204246,5.744922180198178e-06,5.288414605788908e-07,0.0026550388088927316,0.0002532900638135678,0.0001,0.0,10089370.0
444,0.38389375342417553,0.0006709378566660909,0.383337005390511,0.005524527461811291,5.2985234318726635e-06,1.9856286580419456e-07,0.0025434740099125885,9.832298831376321e-05,0.0001,0.0,10106485.8
445,0.38416448929931957,0.0006546257812335514,0.3850116022296263,0.005903930834220635,5.373067383710062e-06,5.481847660336456e-07,0.0025877817290978875,0.00013986535722383323,0.0001,0.0,10123559.6
446,0.3844675645770885,0.000646343270175266,0.3860943969985272,0.002052308723063589,5.524849592329382e-06,2.3241989637310238e-07,0.0026535760556664198,5.1703484327686595e-05,0.0001,0.0,10140628.0
447,0.38474480945857537,0.0006641468743701904,0.38685408122759285,0.002963823188437205,5.438298452219674e-06,5.831792355697545e-07,0.002608394300385937,0.0001628223643065686,0.0001,0.0,10157703.0
448,0.3850312246942448,0.0006496397975075182,0.38691208114069287,0.00604624664895046,5.484567579536794e-06,3.8373750931182616e-07,0.002648045421828023,0.00011426792035847275,0.0001,0.0,10174762.6
449,0.3853239111695108,0.0006064215237993,0.3831577739868006,0.0037263158911562118,5.365543373889107e-06,3.214583760257068e-07,0.002602091186783436,0.0001174090968410131,0.0001,0.0,10192004.6
450,0.38556011208338314,0.000607138215590058,0.3863316962614356,0.0028712094947413213,5.330419051283413e-06,5.720731466677596e-07,0.002514708936524225,0.00024112769662881434,0.0001,0.0,10209049.4
451,0.38580519171601496,0.0005895261307059741,0.3868830473394507,0.006374858854320453,5.537341593829064e-06,6.835180671433372e-07,0.002605282377037053,0.00018808028591337972,0.0001,0.0,10226061.4
452,0.38606701812405786,0.0005582378609085608,0.38427888765664103,0.0007568979599940233,5.0238417080260795e-06,1.8790941041204545e-07,0.0025115654228323432,9.058847505319364e-05,0.0001,0.0,10243202.2
453,0.3863369903855182,0.0005944356786030146,0.3819010368233605,0.004327761984014167,5.369746622305997e-06,6.100738028209241e-07,0.0025724712278425176,0.000190515980371687,0.0001,0.0,10260373.2
454,0.38660120144852655,0.000621394873421217,0.3879271832662429,0.004958080501221695,5.339164659366116e-06,3.891345860226604e-07,0.002585233769917274,0.00012451528986658867,0.0001,0.0,10277415.6
455,0.3868728721769358,0.000629591784655256,0.38589274030377985,0.0069453790670491785,5.574372496603865e-06,5.69287673410255e-07,0.0026242778317219846,0.0002247209165363594,0.0001,0.0,10294480.4
456,0.38710755142387104,0.0006400633858964016,0.3863820319433101,0.003265328291185847,4.955486908699955e-06,6.47302972938307e-07,0.002432829314002198,0.00024257070051728603,0.0001,0.0,10311532.8
457,0.3873436389757797,0.0006844286956116693,0.383894886517599,0.005267252877637992,4.983479620122533e-06,1.723412634209903e-07,0.002468989777705447,0.00010764917228520875,0.0001,0.0,10328680.6
458,0.3876160144719607,0.0006981564062101519,0.38726200266964517,0.0012702609748051726,5.1097481910505005e-06,1.929709892536249e-07,0.0025452351621017217,7.621143713701323e-05,0.0001,0.0,10345660.8
459,0.3878527552065571,0.0006890932020332469,0.38744171289148677,0.0018823476192702997,5.156462418600354e-06,2.3110723732499243e-07,0.0024855386027154897,8.50739154548193e-05,0.0001,0.0,10362660.0
460,0.38809815797740815,0.0006649555926421433,0.38721479158744654,0.0031484674594906346,5.305683174848361e-06,1.6195455602861807e-07,0.002548890135794125,0.00011156025622573691,0.0001,0.0,10379620.2
461,0.3883511309952996,0.000645019463672026,0.38562035770661635,0.0027639542777608394,5.089509038999826e-06,4.0956712428061363e-07,0.0025117545515743788,0.00011330844600171273,0.0001,0.0,10396706.4
462,0.3886181768583588,0.0006724435859230059,0.3891554404369394,0.004235828081166233,5.25069100354639e-06,4.993421925705529e-07,0.0025654509091867276,0.00016966224881430128,0.0001,0.0,10413609.6
463,0.38885721340393176,0.0006840058308777878,0.3861472618716341,0.0035912368117592152,5.088793327638586e-06,2.535466776027161e-07,0.0024947184118714926,8.8515839699816e-05,0.0001,0.0,10430667.8
464,0.38911174096852,0.0006700780616095221,0.38775759274466165,0.004262383289631328,5.1625978603302435e-06,4.549181243679934e-07,0.0025714796225624094,0.0001140729470087622,0.0001,0.0,10447631.0
465,0.38938321777308554,0.0006744783538689285,0.38965639567636323,0.003225779961007765,5.311371281621761e-06,4.480344194191891e-07,0.002614653898505476,0.00010637190026808302,0.0001,0.0,10464528.4
466,0.38963733284277613,0.0006757776366146873,0.3883630361025555,0.004907782329682675,5.274109726257463e-06,2.385769270453885e-07,0.002597013174511026,6.538346241706385e-05,0.0001,0.0,10481480.2
467,0.3898859474426821,0.0007047078333555756,0.39035668157006065,0.003962453105807461,5.2533521297144366e-06,3.7756600893530594e-07,0.002575657345518155,0.0001559362946080061,0.0001,0.0,10498367.6
468,0.3901228935224931,0.0006468215774315428,0.3928148307692303,0.002938716809202078,5.120915988006173e-06,4.6771666142887075e-07,0.0025114893388989705,0.00021655837760679948,0.0001,0.0,10515169.4
469,0.39042899426959427,0.0006575096281157451,0.39114449554011466,0.002103590620248774,5.656136419487838e-06,4.4439598084741164e-07,0.0027080087965184046,0.00015408575658560443,0.0001,0.0,10532073.8
470,0.39066933756093514,0.0006758280499743141,0.38925673867919836,0.0039417117783177,4.756868254340561e-06,5.159024438631472e-07,0.0024608195664441597,0.00023206193368995878,0.0001,0.0,10549026.0
471,0.3908858137252277,0.0006951200100558012,0.39349210105201166,0.006356004952925852,4.974970432441766e-06,1.9287680151640352e-07,0.002480394013146065,8.429193418862869e-05,0.0001,0.0,10565778.0
472,0.3911456846387146,0.0006886405244680871,0.39208858680331665,0.0033092501213155922,5.161135422190519e-06,4.176518407096872e-07,0.0025501117408899916,0.0001035423940910523,0.0001,0.0,10582602.4
473,0.391378196313515,0.0006749426188022347,0.3923515267750142,0.0015606037663536054,5.1403417970134285e-06,2.3720959117783286e-07,0.0025439231260482595,0.00012109457106111794,0.0001,0.0,10599439.4
474,0.3916143431093396,0.0006519822500921114,0.3904244720540201,0.004428805603384838,5.025600507202536e-06,2.6384678286815165e-07,0.0024995869675717274,0.0001117270762505155,0.0001,0.0,10616318.8
475,0.39186207865597494,0.0006242017134041045,0.39316095823340996,0.004162608658775337,5.540189092873581e-06,3.648559594834994e-07,0.002645754283871203,0.00010733715052022675,0.0001,0.0,10633098.2
476,0.3920684350289292,0.0006075097975310128,0.3928527011025238,0.005448706060183431,4.9633496887304704e-06,4.2342013912012514e-07,0.0024593631604241093,0.0001457955921010976,0.0001,0.0,10649905.2
477,0.39232862901239207,0.0006232130428984022,0.39538841408827974,0.0023791875724594866,5.134533530935348e-06,4.206879563242706e-07,0.0025689121216025718,0.00015988767070325115,0.0001,0.0,10666630.8
478,0.3925984038691074,0.0006299318774195452,0.3939523105704693,0.006443006643327728,5.42914782115713e-06,3.587407479635397e-07,0.0026691347627182697,0.00010135815090895485,0.0001,0.0,10683358.4
479,0.3928473903974143,0.0006246130202769603,0.3952334675499169,0.0038399351770728694,4.989331176311452e-06,2.793065027396406e-07,0.0025482616310932393,0.00011333143933185839,0.0001,0.0,10700072.4
480,0.3930904877257345,0.0006320090662941376,0.39680497834595413,0.004239490303831723,4.763763580064788e-06,3.9257286225397995e-07,0.002463721353217203,0.0001396234154954453,0.0001,0.0,10716713.0
481,0.39331621732378175,0.0006230217834115842,0.3946899299432566,0.00549146237107045,4.981197485596182e-06,2.805087093492718e-07,0.0024781186926196097,0.0001280499116979363,0.0001,0.0,10733418.0
482,0.39355351375349923,0.0006043591182663978,0.39270812128698573,0.006080561317277861,4.779646377408848e-06,2.788718407773848e-07,0.002471744767823441,0.00011245769360392058,0.0001,0.0,10750209.6
483,0.39381174066422797,0.0005963734670467463,0.395556030609753,0.004590044462362305,4.9776290214165654e-06,2.8094715532849694e-07,0.0025536789467574305,0.00011381078198696345,0.0001,0.0,10766896.2
484,0.39404531507153606,0.000640805117854015,0.3946100583062029,0.00485857780254548,4.840738682056284e-06,4.123360281600192e-07,0.0024931212938089182,0.00014886522155918314,0.0001,0.0,10783644.4
485,0.394276565317041,0.0005864330143886112,0.39387409756727315,0.0041872952362449435,4.747200742962611e-06,5.03872167547184e-07,0.0024544449340964834,0.00020654685160069033,0.0001,0.0,10800394.8
486,0.39451487240314664,0.0006044183708523357,0.3913293152713548,0.004019887643523536,4.948407758888113e-06,3.788898105628947e-07,0.0025315666997159205,0.0001315603629602046,0.0001,0.0,10817290.4
487,0.39472314836734207,0.0006099240263590566,0.39396758767658735,0.001959967613085026,4.6396595204560835e-06,1.2900271924484268e-07,0.002392662563672338,6.828211467046439e-05,0.0001,0.0,10834080.4
488,0.39497228529767003,0.0006057132713228188,0.39316879612723316,0.001991563324308595,5.098585997253664e-06,3.417947216706945e-07,0.0025773697154625806,0.00016244493243289539,0.0001,0.0,10850822.8
489,0.3951811647245083,0.0006120832285439747,0.3990109721055314,0.002758478510541882,4.8751865494207e-06,2.8208416972650945e-07,0.0024739912495886267,8.785358580475811e-05,0.0001,0.0,10867349.4
490,0.3953918694066657,0.0006200312382093261,0.39578970596578833,0.002992806966845239,4.875109731849551e-06,1.8974028192788684e-07,0.0024746964608797265,8.064046307730617e-05,0.0001,0.0,10884026.4
491,0.3955686465115245,0.0006084217669664762,0.3975137422556677,0.00235253358261769,4.647727168375556e-06,1.3927946942829545e-07,0.002359676331619597,0.00010662536780517435,0.0001,0.0,10900635.0
492,0.39575490248078504,0.0006008117198613931,0.39421266915318814,0.004599089639839206,4.799402637541964e-06,5.620113640198377e-07,0.0024277427457019864,0.00022818497878782852,0.0001,0.0,10917353.8
493,0.3959992477139956,0.0005895679139257919,0.3929569004308832,0.006171297975197092,5.387203389403168e-06,2.3655444668186286e-07,0.0026356422554269223,8.14483049189921e-05,0.0001,0.0,10934127.8
494,0.3962248505312713,0.0005558767329405343,0.39450298078542706,0.005438533396626529,4.801560706118827e-06,3.0712958418825593e-07,0.0024757453198563976,0.00011875188599861035,0.0001,0.0,10950813.0
495,0.39641018907801195,0.000532309902100188,0.39480380289952943,0.004639528558580136,4.58154917327076e-06,4.813322733778539e-07,0.002335996751415801,0.00017477307648675508,0.0001,0.0,10967537.4
496,0.3966110725975053,0.0005133692479520162,0.39581978345909025,0.002680298942459409,4.778884496487403e-06,6.273864911686199e-07,0.002419514336549035,0.00019165608708285445,0.0001,0.0,10984233.6
497,0.3968391356482829,0.00048284258397618136,0.39633044382430666,0.004449718062025621,5.008861301925227e-06,4.955582229273858e-07,0.0025214172524266184,0.00019102921350603423,0.0001,0.0,11000884.4
498,0.39709668301250645,0.0004914527514736041,0.3950447343074802,0.0033260821511484745,5.0688129631593135e-06,3.917917250427153e-07,0.002581196308068677,0.00010003369556269122,0.0001,0.0,11017603.0
499,0.3973709704819054,0.00046888606920841294,0.39796548492857403,0.004061106459801986,5.078476419740321e-06,4.1222050207986916e-07,0.002627962315621385,0.0001305102246120492,0.0001,0.0,11034202.6
500,0.3975997675478735,0.00047919149526588794,0.3977850994848582,0.002434087378658729,4.862970120409456e-06,5.69980657261009e-07,0.002524519478656579,0.00019192007594325022,0.0001,0.0,11050794.8
501,0.3978326676169729,0.0004870175097909603,0.39617811221420807,0.004837612675775125,4.750703360442074e-06,2.698770489968306e-07,0.002489961333068203,5.9249823346523584e-05,0.0001,0.0,11067433.8
502,0.39807408291596474,0.000510097218031589,0.3961556331452618,0.0015400704954252244,5.064914829497193e-06,4.2941400634993134e-07,0.0025868185834315377,0.00012116783592541357,0.0001,0.0,11084073.2
503,0.3983081342390592,0.0005423934699699375,0.40065524440425343,0.003050040243939149,4.914225094446099e-06,2.807966858711766e-07,0.002564026951981266,0.00013137826770254904,0.0001,0.0,11100568.8
504,0.3985473008064563,0.0005425030133082325,0.3973977353413361,0.002437062473765733,5.021180248529637e-06,5.563034111330309e-07,0.0025648334695107834,0.00017319309068027195,0.0001,0.0,11117201.4
505,0.3987470399340728,0.000564108887503633,0.3978223447928341,0.0006971457685302495,4.6970035476288774e-06,3.250772264949811e-07,0.002431842473011459,0.00013954851215169096,0.0001,0.0,11133768.2
506,0.3989245210102141,0.0005782167815054491,0.40157418072696327,0.004454586675612834,4.539341054432707e-06,4.898913441417465e-07,0.0023728876638457945,0.00018097462281619757,0.0001,0.0,11150223.8
507,0.3991350173682571,0.0006019291486511884,0.39826280038813955,0.006388065489438291,4.628021499425715e-06,5.085400005279463e-07,0.0024390581667099653,0.00022003736736798387,0.0001,0.0,11166786.2
508,0.3993543862440462,0.0006026172309347337,0.401381164530309,0.003122270635780259,4.941919987255973e-06,2.306822673935295e-07,0.00252789703943643,0.0001056064168667805,0.0001,0.0,11183250.0
509,0.3995795589795079,0.0006269990471881959,0.39616043496401876,0.002152591226916844,4.862246955175907e-06,6.511367219172643e-07,0.002516122960852999,0.0002262252439843024,0.0001,0.0,11199906.4
510,0.39979492030430275,0.0006439675254257462,0.39653623756704104,0.0034357047040331655,4.489847430105119e-06,5.186189282600814e-07,0.002399565493159029,0.0002428872884282388,0.0001,0.0,11216520.4
511,0.4000277886926954,0.0006298549243005425,0.40033140180173826,0.00492812900928073,5.338985985533344e-06,6.471661631231546e-07,0.0026386803496631396,0.00014415903662741802,0.0001,0.0,11233024.6
512,0.4002435770458937,0.000624331930970539,0.4035029277481145,0.001357672003997181,4.6899280243848865e-06,2.1482309298798855e-07,0.0024862709965681254,0.0001119064102254078,0.0001,0.0,11249397.4
513,0.40045627666562966,0.0005969064610963661,0.40185454505120594,0.0019231439277969144,4.749058536634376e-06,5.302640775124984e-07,0.0024972940574693597,0.00017599628999882995,0.0001,0.0,11265844.6
514,0.40061741524507183,0.0005704357858868016,0.4003805055890033,0.0023629885302752355,4.196045510363897e-06,3.6895603910847074e-07,0.0022623128725355046,0.0002117021350825418,0.0001,0.0,11282300.6
515,0.4007968562104908,0.000573312931151658,0.3996783496801229,0.004427033018131995,4.4143731432484705e-06,3.6290004391745775e-07,0.00230383328410364,0.00012032301644982038,0.0001,0.0,11298889.2
516,0.400975471912726,0.000545298211386858,0.4017762623189623,0.0025241160127211478,4.357780930056428e-06,2.0132807154683482e-07,0.00234531764788288,0.00012263615739667376,0.0001,0.0,11315282.2
517,0.40119275798804493,0.0005766269346665188,0.399031707513008,0.004446635101079281,4.603447371415572e-06,4.110956659593314e-07,0.0024631729141235187,0.00018541086609128796,0.0001,0.0,11331834.6
518,0.40139742862300415,0.0005562410270209438,0.4009572222645679,0.0037514875275687426,4.511952212359158e-06,4.098168353064005e-07,0.0024296503832272297,0.0001685106089551995,0.0001,0.0,11348364.8
519,0.4016067113617667,0.0005627141620439749,0.40228121719249704,0.004306964955483007,4.582130159069861e-06,3.558657847216397e-07,0.0024533747873669064,7.90746158709262e-05,0.0001,0.0,11364762.6
520,0.4018110727296156,0.0005185982584844346,0.40404067648792424,0.002456045321263876,4.760792479777805e-06,1.9733758213119408e-07,0.00246291802629284,0.00011098785033987424,0.0001,0.0,11381135.6
521,0.40203093041975135,0.000506866378507904,0.40546965710291627,0.005578872725480546,4.744548056156551e-06,4.973642102409666e-07,0.0025026038452362924,0.00013379210718778725,0.0001,0.0,11397432.4
522,0.4022002008725414,0.0004975854155576611,0.40102370864882086,0.0027154075481467077,4.587757678136781e-06,2.2394373817167535e-07,0.0023884225468497346,0.00013042029502086103,0.0001,0.0,11413915.2
523,0.40237885584589683,0.0004991748326030632,0.39931761585611447,0.0036223556730086495,4.55249345057489e-06,2.273190441444762e-07,0.002390699448255243,6.0628120991312824e-05,0.0001,0.0,11430465.4
524,0.4025606342402999,0.0005061337644963973,0.40073366565547064,0.0049035508520106534,4.552974417311238e-06,4.116280413067711e-07,0.0023915954316087312,0.00014991744906443625,0.0001,0.0,11446960.6
525,0.40275670701649063,0.0005001397105329541,0.4043305165577021,0.0037790062166534076,4.71864781362925e-06,2.7431586462669555e-07,0.0024883716303001555,0.00010098602369467449,0.0001,0.0,11463279.6
526,0.40295215133313056,0.0005478909365300996,0.40201000575949236,0.004432898066711313,4.759135594640365e-06,5.654478361499166e-07,0.0024896611127831494,0.00022525962687290003,0.0001,0.0,11479685.0
527,0.40312128518792845,0.0005602235362000079,0.4054801344412994,0.00412283887442403,4.6056306281654875e-06,2.3109304707197324e-07,0.002406464700899501,0.00011600051352640326,0.0001,0.0,11495962.8
528,0.40329376437541137,0.0005855534061036788,0.4033472979742945,0.003563457041795876,4.242457625559428e-06,3.051642097142759e-07,0.0023091794593962343,9.488996571991321e-05,0.0001,0.0,11512354.2
529,0.40350468390044536,0.0005834941017464535,0.40412176427486085,0.005363208596549565,4.8185552454108915e-06,1.936862191533448e-07,0.0025471746704866724,4.9122041428233336e-05,0.0001,0.0,11528703.2
530,0.4037203179153832,0.00062854573937947,0.4028068375362205,0.006228266277357926,4.600853589033845e-06,4.6291630433147894e-07,0.0024867613286545507,0.00023796009635514552,0.0001,0.0,11545078.2
531,0.4039149667961429,0.0006054940845151658,0.40263018675024725,0.001175378128584697,4.175877072200475e-06,2.9263682128291257e-07,0.0023321051201951708,0.00011802187143403852,0.0001,0.0,11561464.0
532,0.404116131729256,0.0005785849301747638,0.40627372942328427,0.005554764641958264,4.472258271659527e-06,5.475541407952267e-07,0.002425785658192866,0.00021923324805875498,0.0001,0.0,11577717.4
533,0.4042934785610261,0.0005572844011088192,0.4044318022592284,0.0034046532965989577,4.3280823405137865e-06,3.4107048513667457e-07,0.0023566073800875527,0.0001395795262576522,0.0001,0.0,11594076.8
534,0.40449985713471087,0.0005481497801044344,0.4029317062534298,0.0029283518291002763,4.413034131740827e-06,3.3904234545598153e-07,0.0024223087465390933,0.0001358397171974269,0.0001,0.0,11610478.0
535,0.40470659628000166,0.0005380604018519426,0.4032608892618336,0.004732706121085297,4.652950079779436e-06,5.760768542662882e-07,0.0024760017104107452,0.0001964950467799083,0.0001,0.0,11626887.2
536,0.4048942413013067,0.0005131294356853803,0.404608844695084,0.002519778424160474,4.572618507637624e-06,4.817068703864436e-07,0.002418960082904231,0.00019699027696628302,0.0001,0.0,11643210.8
537,0.4050980331183318,0.0005302809281221414,0.41045150087509946,0.003689048455746252,4.552305818116233e-06,3.8142343937895044e-07,0.0024712025224236924,0.0001470424059231764,0.0001,0.0,11659338.0
538,0.40529179996555487,0.0005532721311237512,0.405270452635628,0.0025304056099637287,4.362840629848111e-06,3.7582220941969816e-07,0.0024327638213953993,0.00014152802010405582,0.0001,0.0,11675660.2
539,0.40547062102627773,0.000539822609282582,0.4104378942263109,0.00352590851906356,4.5196199346036545e-06,4.262911289350193e-07,0.002419986780938964,0.0001539726632976351,0.0001,0.0,11691788.0
540,0.40562237405365253,0.0005676408469883703,0.40725758583036686,0.0033137275736499945,4.201125569885499e-06,2.9236003273764374e-07,0.002264462578675348,0.0001905419929988162,0.0001,0.0,11708025.8
541,0.4058391292349346,0.0005678953619753737,0.4061747810142006,0.0033574054693994624,4.801973130973702e-06,3.959874889902984e-07,0.002555027637783831,0.00015171683007858623,0.0001,0.0,11724329.8
542,0.40601840465756833,0.0005276085265195969,0.40677955487207695,0.0017736926639991587,4.398149006357418e-06,4.0399561745075144e-07,0.002386008658534818,0.00015891951944427442,0.0001,0.0,11740540.6
543,0.406200837141846,0.000555574726186345,0.40958808102891864,0.0015040119721547577,4.2788480887277745e-06,2.827053709443393e-07,0.0023752365109935567,0.00014761273572401717,0.0001,0.0,11756631.0
544,0.40641073753737367,0.0005343112755326416,0.4025807823291393,0.0035077602399052866,4.707810912306394e-06,5.296945121518422e-07,0.002514862650152693,0.00017192181351409881,0.0001,0.0,11772977.8
545,0.4065748757585708,0.0005064409995313503,0.405535964518042,0.0038678206202721224,4.248050510956799e-06,6.210500006802355e-07,0.0023178830899860435,0.0002757203842645732,0.0001,0.0,11789222.0
546,0.40675750475631023,0.0005185795744428118,0.40363892817630004,0.0037251161619529386,4.306502426861428e-06,1.3655418106383946e-07,0.002392325552505404,5.7654905540314846e-05,0.0001,0.0,11805542.4
547,0.40694137474542896,0.0005427528884334729,0.4062246261943529,0.002151945942219988,4.4060025458766665e-06,2.999017384795596e-07,0.002406597400278451,0.0001852007589768194,0.0001,0.0,11821776.4
548,0.4070976428361292,0.0005448325408366892,0.40496115860229615,0.004178526152832092,4.258926755420496e-06,2.6182032434663543e-07,0.002297958240258346,7.514313521896705e-05,0.0001,0.0,11838142.0
549,0.4072911912111351,0.0005499590466510462,0.4088444282561274,0.0022518335906526656,4.274902331235968e-06,3.4448018631904085e-07,0.0023794213036825987,9.311746108554375e-05,0.0001,0.0,11854271.8
550,0.40747278852505986,0.0005641945322888137,0.40488730594441413,0.004300947486466963,4.556089138931908e-06,4.62048144712669e-07,0.0024339994983214415,0.00021511413157784416,0.0001,0.0,11870564.0
551,0.40764617955394244,0.0005800462457752812,0.40870673396359597,0.0025042002524489075,4.57147121332911e-06,4.479460957007747e-07,0.0024173008071812605,0.00020211853247923268,0.0001,0.0,11886732.2
552,0.40781237809892357,0.000570915529927815,0.4063425118268863,0.002402903140259924,4.081557060969807e-06,2.9609584879656994e-07,0.002305194705220473,8.197192984031215e-05,0.0001,0.0,11902988.4
553,0.40799383100352876,0.0005548838968724973,0.4078095870641648,0.005256043672783045,4.305771157717051e-06,3.168335583011729e-07,0.0023934865757094838,8.704701310549733e-05,0.0001,0.0,11919215.4
554,0.40818686498692347,0.0005718527765996691,0.41096776339936236,0.0014886946966002003,4.411991723616031e-06,3.663606583800317e-07,0.002425688438922224,0.0001373105367664143,0.0001,0.0,11935251.8
555,0.40835843946803607,0.0005873719988688678,0.4058011058082811,0.003940828404534916,4.1805283892662585e-06,3.67722023655331e-07,0.002340718206921028,0.00019052111772671485,0.0001,0.0,11951524.8
556,0.40855829669196453,0.0005889122816863323,0.41109539908798337,0.004768416060547332,4.695160562218428e-06,3.844972508496591e-07,0.00251047750587313,0.00015390632645716063,0.0001,0.0,11967654.6
557,0.4087345812150021,0.0006009793414016782,0.4094152264226216,0.0029238527037602,4.0999155511163185e-06,3.0681688313580846e-07,0.0023176582321269654,0.0001263235876849922,0.0001,0.0,11983803.6
558,0.40887626312040537,0.0005756619569689433,0.40947543171404843,0.0034728830363008867,4.23723473266929e-06,5.085154451832312e-07,0.002322942811891696,0.00023657222793714594,0.0001,0.0,11999928.4
559,0.40906130452425965,0.000594184669506092,0.40868217735417317,0.0047395768656980225,4.383511832205906e-06,3.182778946732103e-07,0.0024343650038705913,0.00015864427342708687,0.0001,0.0,12016134.0
560,0.4092265806986803,0.0005905548792779033,0.41070051331657664,0.0039153746788899955,3.917283198103083e-06,2.2874012122100343e-07,0.0022647186282542765,7.556470683413e-05,0.0001,0.0,12032196.4
561,0.4093845067769083,0.0005899647186455131,0.40940670459478623,0.002259742514705522,3.885402628255825e-06,4.862110253487401e-07,0.0022622111618555304,0.00016787855474868324,0.0001,0.0,12048335.8
562,0.4095316363339297,0.0005963583210861311,0.40792714935225316,0.003142047048043191,4.182137202690565e-06,3.6840121183701714e-07,0.002326986912799485,0.00011305431933118613,0.0001,0.0,12064531.4
563,0.40968670626049847,0.0005862902801501825,0.41262237545890185,0.0036595670782618066,4.193254972546997e-06,4.5746421274064545e-07,0.002343852577806084,0.00013339027934871505,0.0001,0.0,12080554.4
564,0.40987455874549106,0.0005574939060373841,0.40808517585243187,0.004054200380059421,4.418374908308664e-06,2.804595269186086e-07,0.002464002927955302,0.00010629754292958449,0.0001,0.0,12096707.2
565,0.41005371091111653,0.0005405557798744802,0.4075339866409582,0.00471518262444041,4.402442371130684e-06,3.6346628062087395e-07,0.0024146018782662806,0.0001356123969643343,0.0001,0.0,12112911.6
566,0.4102129520514003,0.00053443950824006,0.40555785853956294,0.002882047175365703,4.456735865964612e-06,5.294243260856562e-07,0.002390447560428774,0.00020266905673972755,0.0001,0.0,12129170.2
567,0.4104010488402925,0.0005401646701104264,0.4118275280946369,0.005030184866496064,4.3598426142312315e-06,2.395344769340155e-07,0.0024490608937669384,6.917671585453312e-05,0.0001,0.0,12145207.0
568,0.4105500768048347,0.0005398052313876747,0.408295552243387,0.005855861308184763,3.79806470703341e-06,3.659505843130736e-07,0.002199223040897845,0.00015596295710848553,0.0001,0.0,12161341.0
569,0.41075523315224133,0.0005456649001445698,0.4107459672546649,0.0031236831302880134,4.166570014847428e-06,3.432741101409567e-07,0.002424145000750629,0.0001445819533246629,0.0001,0.0,12177421.8
570,0.4109296319266826,0.0005316643451025882,0.41027035386956195,0.002616800373079809,4.053610862413712e-06,6.18540328980191e-07,0.0023236804954734945,0.00034217271703929623,0.0001,0.0,12193475.2
571,0.4110915482468247,0.0005382121658249136,0.4104457373421635,0.004969459189500562,4.057600680244562e-06,2.8881102589185525e-07,0.002316481040945511,9.714851876721606e-05,0.0001,0.0,12209576.2
572,0.41126723569682533,0.0005241569341054132,0.4109740565277039,0.00444538988554597,4.170115264788377e-06,1.86625983237844e-07,0.002366022438109471,6.378664805486903e-05,0.0001,0.0,12225677.2
573,0.4114482956687581,0.0005275377365113888,0.4083618287324039,0.005739766394135466,4.315820104877253e-06,2.030388899279366e-07,0.0024149787081453634,7.774882398620315e-05,0.0001,0.0,12241838.0
574,0.41161632864943876,0.0005439071791712865,0.40863748155054547,0.0018032491810870827,4.0781563061109705e-06,5.664129026507628e-07,0.0023254332713670465,0.00014719431358561813,0.0001,0.0,12257974.6
575,0.4117758331785894,0.0005654204171649136,0.4086134603092818,0.005827631579828262,4.245632471527479e-06,3.617513024302167e-07,0.002373359227794994,8.02760628350017e-05,0.0001,0.0,12274162.4
576,0.41198948013756664,0.0005819845138092571,0.4140262133407582,0.0053172848084173585,4.9433948178397655e-06,4.3809253040035144e-07,0.00264120555031441,0.00013687559468555615,0.0001,0.0,12290151.4
577,0.41217819221984414,0.0005846304285371959,0.41116694185790276,0.005016295088119196,4.382521751962392e-06,3.5093851354819236e-07,0.0024540548596838274,0.00014266990629687283,0.0001,0.0,12306200.6
578,0.412368485554952,0.0005730737892761853,0.4126245979571202,0.004342724829086663,4.1040511660764755e-06,2.3595669422904825e-07,0.0023942770592371276,0.00010694224584313771,0.0001,0.0,12322214.6
579,0.4125649120365176,0.0005897011683992904,0.41437481364563655,0.0023728912861835164,4.175601995735062e-06,1.5992883604592188e-07,0.0024346275175175986,0.00010289844910426403,0.0001,0.0,12338201.0
580,0.4127438221560037,0.000602103734739174,0.40926217206011445,0.0032905374250040914,4.301394543292257e-06,3.055678190730127e-07,0.0024332990843006124,0.000114243174336888,0.0001,0.0,12354325.2
581,0.41293383148609586,0.000608241583730083,0.4145665637141329,0.003668189498832593,4.1912807529932305e-06,2.704125820156994e-07,0.002414612466084607,0.00010882799376743982,0.0001,0.0,12370282.0
582,0.41310404416227425,0.000618841729864278,0.41196921134410136,0.0036415693142198787,4.046038497939829e-06,4.48159344312675e-07,0.0023385028280970004,0.00018823167208236843,0.0001,0.0,12386317.0
583,0.41328329867233504,0.0006315174690810524,0.4087202720631938,0.004926872448131385,4.274408561843207e-06,5.380994220737e-08,0.002459857615644118,6.69087441169205e-05,0.0001,0.0,12402474.6
584,0.4134299966187648,0.000651042591114325,0.41117147520958675,0.0047520679861604515,3.937076872658609e-06,5.482399760213475e-07,0.002242906939840291,0.0002889191431301481,0.0001,0.0,12418509.8
585,0.4135592020657447,0.000639445548769832,0.412792645653593,0.0045116300297162295,3.723310406864275e-06,6.00828798527181e-07,0.0021974481381984586,0.0002979456076277997,0.0001,0.0,12434430.0
586,0.41371880431397196,0.0006444965354698184,0.41629397456737366,0.0029116713733958635,4.452389001082509e-06,2.3067630491777016e-07,0.00245492738194927,0.00016182714344916947,0.0001,0.0,12450315.0
587,0.41387719368166004,0.0006426909494159726,0.41513719143590766,0.0036332841605692784,4.101826653246583e-06,2.7962782382251686e-07,0.00234343342680034,0.0001723933521492344,0.0001,0.0,12466189.2
588,0.41402512744210285,0.0006516994432402592,0.4157780546000679,0.004497130537053621,3.80904554667912e-06,2.1186740710445252e-07,0.0022467623262434453,0.00017375278987995742,0.0001,0.0,12482093.2
589,0.41417277725735646,0.0006266827968057165,0.4118755120641415,0.0032875189806080814,3.963583996234447e-06,4.2143420039824543e-07,0.0022731395096803877,0.00018149658913872962,0.0001,0.0,12498152.8
590,0.41430015559960076,0.0006255631811516621,0.4146632902564096,0.0035161361972081426,4.231179170873844e-06,4.7138802212822577e-07,0.0023470860619620114,0.00016899064925321864,0.0001,0.0,12514070.2
591,0.41444476551090415,0.0006083984108248981,0.41193982217413777,0.0016548163242034127,4.050502400683659e-06,2.0458823724343374e-07,0.0023144143780482788,8.871592167156397e-05,0.0001,0.0,12530090.2
592,0.41455196941464567,0.000611921694994428,0.4168683014134233,0.0037754482650746764,3.890706415202459e-06,4.160090933474953e-07,0.0022041554022594976,0.00012827609512180673,0.0001,0.0,12545971.8
593,0.4146871418775313,0.000634694545188375,0.4139034868218793,0.005320001750531685,3.893672687251293e-06,6.49813872959928e-07,0.002241984317121542,0.00029941585241613516,0.0001,0.0,12561946.4
594,0.4148620249078986,0.0006129749183734832,0.41500690618508485,0.004975766796449208,4.099697057507516e-06,3.7455656307926917e-07,0.0023892920976765326,0.00011681171511384714,0.0001,0.0,12577896.0
595,0.4150033748910533,0.0005950262240174446,0.4152030286204931,0.006810020895661829,3.871732784841753e-06,4.824389699544783e-07,0.0022556854858779398,0.00019490807741737564,0.0001,0.0,12593836.0
596,0.4151437309258478,0.0005814804915252225,0.4120114598013965,0.0031127313409686722,3.5580082318750477e-06,2.386221418660358e-07,0.0021544296030104634,0.00018845315741978556,0.0001,0.0,12609877.4
597,0.41522373552088815,0.0006110828640812793,0.4114037011535264,0.002162637567791153,3.700755850340042e-06,3.903044970099541e-07,0.0021123243347822007,0.00017516030442789413,0.0001,0.0,12625885.2
598,0.4153652944795191,0.0005931340529587849,0.41706937019119794,0.0022150268735200876,3.7834463609054864e-06,4.3198346559049775e-07,0.002215121245101626,0.00019432706737438664,0.0001,0.0,12641735.0
599,0.4155326575832986,0.0006053396792131744,0.4186362789769782,0.0020900909129502794,3.867276626334453e-06,2.712554338486322e-07,0.0023120853609538044,0.00013553510467782231,0.0001,0.0,12657522.2
600,0.4156592896909303,0.0005497866524681101,0.4153640820574438,0.004535450882975591,3.5361768211014294e-06,4.820043530341187e-07,0.0021375407150424617,0.00025491582608700537,0.0001,0.0,12673421.6
601,0.4158225261551605,0.0005641667483246727,0.4159487971049337,0.003803535705216705,3.8146067450090007e-06,2.2862274666233477e-07,0.0022958637662493613,0.00012763962112615453,0.0001,0.0,12689266.6
602,0.4160014934262131,0.0005738989332116567,0.41588789541398785,0.003790175748320268,4.2051291418972556e-06,3.1301684780376156e-07,0.0024378370856696315,0.00012889025738668756,0.0001,0.0,12705152.8
603,0.4161650483295015,0.0005994951470337297,0.41437208802360226,0.004418345381571175,4.43586753908403e-06,3.314115735102219e-07,0.0024701279827814174,0.000132800484773436,0.0001,0.0,12721098.8
604,0.4163226271152912,0.0005858579229983267,0.4152153577618226,0.0028499896155270584,3.997786689725243e-06,4.3235029879633204e-07,0.002351111435194594,0.00017445943667609165,0.0001,0.0,12737060.2
605,0.4164499878575646,0.0005660584352071738,0.4166058077598039,0.002297897237852961,3.7370124045473096e-06,3.840539146796145e-07,0.002206268797972067,0.00016233566194636637,0.0001,0.0,12752921.2
606,0.4166036741296142,0.000560286057781487,0.41838697169533867,0.003006795810707511,3.82580505522922e-06,3.83166914231398e-07,0.002287279292772064,0.00011423540232676302,0.0001,0.0,12768699.8
607,0.416736855097119,0.0005339035382518226,0.41523040584602133,0.0031673175588035896,3.879839336341897e-06,5.564300007247704e-07,0.0022713359713476926,0.00023042861863209281,0.0001,0.0,12784628.6
608,0.41686873431893456,0.0005211357023584037,0.4182565018537495,0.0029649710442866415,3.844740072124298e-06,2.6504386967692533e-07,0.0022625706632563762,0.00012596069559966076,0.0001,0.0,12800432.8
609,0.4170365120231879,0.0005102301920491998,0.4182900511525996,0.0035599737607478307,4.2655688783167194e-06,1.1726757348893835e-07,0.0024187029076935037,4.9752349955327325e-05,0.0001,0.0,12816210.6
610,0.4171709775046125,0.0005205522292678895,0.4180013284835448,0.0021170826370369342,3.845034394291652e-06,3.419854592538064e-07,0.0022575405361586554,0.0001987674377324543,0.0001,0.0,12832005.0
611,0.4173132065211866,0.0005689457074763128,0.4185719188063196,0.002391533581881887,3.7788368653881053e-06,3.962270899287394e-07,0.0022507013284638333,0.00020864742446627196,0.0001,0.0,12847784.6
612,0.4174456047204095,0.0005874434515864808,0.42144491173502097,0.0036185552864839254,3.9449194643663515e-06,6.663789449088476e-07,0.002285090304819201,0.00029265475530591324,0.0001,0.0,12863458.2
613,0.41756649220210756,0.0005651249974466125,0.41984835180884533,0.0022403954811719084,3.799659530159195e-06,3.97367664074281e-07,0.0022167642164967324,0.00016874403861598172,0.0001,0.0,12879176.4
614,0.4177057311993143,0.000572568311633265,0.417632012543533,0.0022783344079265492,4.349186083032387e-06,4.1055264455472404e-07,0.0024181727513075176,0.0001566732899776087,0.0001,0.0,12894982.0
615,0.4178462899471563,0.0005620602664238187,0.41466846431437754,0.004812104923789315,4.0613533209005305e-06,2.2556683122024915e-07,0.00233941256213448,0.0001276623802857872,0.0001,0.0,12910861.4
616,0.41796425221060896,0.0005926707994595201,0.4165552456507949,0.0018925871324647833,3.923959877690815e-06,3.7127196565290824e-07,0.002248400752482085,0.00022448733953119048,0.0001,0.0,12926711.4
617,0.41807021597923233,0.0005541117723789241,0.4179313871112512,0.0045619421125562215,3.6661023129794397e-06,3.055740510081491e-07,0.00215146873606777,0.00015265436913749177,0.0001,0.0,12942519.4
618,0.41816512624719754,0.0005911982596846227,0.41522710019326914,0.004722567629006745,3.8343933555776805e-06,6.596456434926914e-07,0.0021637916025126847,0.0003316216101897856,0.0001,0.0,12958450.4
619,0.4183029682743329,0.0005658996123644773,0.4180062830828348,0.005261090009929895,3.970674021413734e-06,2.691178173152963e-07,0.002303459628221189,9.03666990283395e-05,0.0001,0.0,12974258.4
620,0.41843241288244926,0.0005536010502547709,0.4181372516078189,0.005693752915444878,3.989940937193319e-06,3.8998973429176013e-07,0.0023041936463974477,0.00014275740454439113,0.0001,0.0,12990024.2
621,0.41854688462886475,0.0004997490983488612,0.41807629660440526,0.003031646179522949,3.7261778878724456e-06,4.570247695028201e-07,0.0022402622881579058,0.0002056818713432274,0.0001,0.0,13005848.2
622,0.4186721688925273,0.0005283262558273394,0.41805618009143036,0.003603938267739429,3.8112501605518063e-06,4.769424378361109e-07,0.002221577514031274,0.0003012811448129402,0.0001,0.0,13021633.0
623,0.41880367128083174,0.0004962833942494775,0.4206255347297384,0.004376492762759448,3.802696781411189e-06,4.847773055166294e-07,0.0022366971788153034,0.00019618365631110475,0.0001,0.0,13037351.4
624,0.41893675773070493,0.000498948242424567,0.4223152061265136,0.003913354462955945,3.876982268826024e-06,1.9202389204783264e-07,0.0022842596767348954,9.827189118632915e-05,0.0001,0.0,13052974.6
625,0.41907680648427315,0.0005172776967178596,0.4182799664959555,0.003026472057160873,3.59232480448268e-06,3.527407492152812e-07,0.002210986175588766,0.00014488687883014851,0.0001,0.0,13068741.0
626,0.4191988617612199,0.0005169378363008611,0.42044020974236973,0.0014209853216367884,3.7646421596469566e-06,3.2007264920128235e-07,0.002236245152305095,0.00012406740029123555,0.0001,0.0,13084432.8
627,0.4193456634424475,0.0005373013833552702,0.4169495531731096,0.005340297809135265,3.894547672380587e-06,5.739050667349032e-07,0.002322297537468488,0.00028261783091708105,0.0001,0.0,13100230.8
628,0.4194818265477121,0.0005435845653799781,0.42035423852143117,0.003297610464141546,4.074422173991234e-06,2.6321993709131267e-07,0.0023641142314734845,0.00012492061294993345,0.0001,0.0,13115954.6
629,0.419620987459826,0.0005703069700250702,0.4202391138282705,0.0036869950399204977,4.18919573037764e-06,5.585921216098437e-07,0.0023577742253673775,0.0002490123582558711,0.0001,0.0,13131707.6
630,0.41973806598223584,0.0005672190998843547,0.41696393005921817,0.004549935575430115,3.686356158756694e-06,2.849352687742357e-07,0.00222441952547182,0.00014891840074381725,0.0001,0.0,13147532.8
631,0.4198616409743431,0.0005487129620819974,0.4176304591851433,0.005494386627211161,3.9103281007516515e-06,4.920258120195951e-07,0.002269232029588366,9.92789948674094e-05,0.0001,0.0,13163347.4
632,0.4199723618790637,0.0005593348388244026,0.418627449110474,0.004591684390969659,3.4738330591164313e-06,2.949282329958964e-07,0.0020986133555186822,0.00016236031589797026,0.0001,0.0,13179139.0
633,0.42010007393837456,0.0005623973299520352,0.4192477706708665,0.00475644864203599,3.7755962047808747e-06,3.384809572690662e-07,0.0022511577267847185,0.00016847810683947272,0.0001,0.0,13194901.0
634,0.4202132766815418,0.0005706300782843114,0.4193125884899498,0.002546674506039715,4.0034916488897624e-06,5.775226887334041e-07,0.0022981464046621337,0.00029119516723330853,0.0001,0.0,13210658.8
635,0.42035031101346904,0.0005907054031344318,0.42021108142458496,0.0014914875451820504,3.7807269877925724e-06,4.1292698368184066e-07,0.0023021769564312913,0.00014600254689297194,0.0001,0.0,13226366.2
636,0.4205209469904482,0.0005907091052862921,0.42156152878333364,0.002364530515638202,4.05065629933082e-06,3.0719212075133527e-07,0.002445948810603101,0.00013894175762053405,0.0001,0.0,13242037.4
637,0.4206529727112148,0.0005941698429689711,0.42007078933410125,0.004244415696178538,3.8104118609512987e-06,1.97564641347773e-07,0.0022910445652237045,0.00012228784865283817,0.0001,0.0,13257737.2
638,0.42080969803866475,0.0005952043278717536,0.4220950610004908,0.0023709098675251815,3.775064161147721e-06,3.259702646903945e-07,0.0023037193965998993,9.250858953153046e-05,0.0001,0.0,13273429.4
639,0.42090281221631615,0.0005857497143931898,0.4221700010113567,0.0035379062465613078,3.366819311408165e-06,4.997047158342623e-07,0.0020666185892905453,0.00024955126884932744,0.0001,0.0,13289015.8
640,0.42102781519408883,0.0005811953660899473,0.4196063326473166,0.004044812699107845,3.6673195998170853e-06,1.1543889801196461e-07,0.0022280549046395965,4.21845215910225e-05,0.0001,0.0,13304752.4
641,0.4211348964436225,0.0005652972638765571,0.42096848246097807,0.0018059462467062003,3.552910562559528e-06,3.5099059191232433e-07,0.0021608926053021996,0.00019123584470025025,0.0001,0.0,13320449.6
642,0.42123888784382374,0.0005501963194663424,0.42011205510723537,0.0031081864242862006,3.7822870813188234e-06,6.501285894973744e-07,0.002193109364079694,0.00029697220546530954,0.0001,0.0,13336123.0
643,0.42137200843829825,0.0005478983280627024,0.4205459895034192,0.004526436091260938,3.840020942677359e-06,4.496330445393786e-07,0.0023262333616334194,0.00016512209990642091,0.0001,0.0,13351798.4
644,0.4215002075619478,0.0005520936973173988,0.4195700450492197,0.003751158589425266,3.889715752438823e-06,2.7214623386785535e-07,0.00230711618558614,0.00011904236056107682,0.0001,0.0,13367532.8
645,0.4216578296820014,0.000563041018123581,0.4216133595519964,0.0043057647662585515,4.018829047546914e-06,5.799687297721547e-07,0.0023661249278933115,0.0003231728493119644,0.0001,0.0,13383167.8
646,0.4218046485117853,0.0005635476067865625,0.42043767651060576,0.0036662048885958117,3.804670667132585e-06,1.7559506341932596e-07,0.0023122915543267015,5.243459636549086e-05,0.0001,0.0,13398864.2
647,0.4219295848130501,0.0005726628738412879,0.4183683201091693,0.0020646103465772605,3.515452536209455e-06,2.1316705760630932e-07,0.0022022624500990847,0.00013906981478516655,0.0001,0.0,13414661.6
648,0.4220898064697032,0.00057900900766934,0.42015234246042343,0.0018458783069577789,3.948752764363389e-06,4.485539352030181e-07,0.0023943036029241685,0.0001721722983199005,0.0001,0.0,13430354.8
649,0.4222178017995347,0.0005958003721104989,0.42173304476596807,0.0035238289158613313,3.64517817764455e-06,3.7227611273176444e-07,0.002225712693992009,0.00018821019218509625,0.0001,0.0,13446013.2
650,0.42230189864970946,0.0006356634534754176,0.42333555529682043,0.0062499424171483945,3.437454227360188e-06,2.901562033501832e-07,0.0020879625540212656,0.00015376330443995806,0.0001,0.0,13461584.0
651,0.4224142023948455,0.000621510584059616,0.42262918150589457,0.0049560648869246176,3.676554796964494e-06,3.2775007899286483e-07,0.0021807875698264005,0.00016809061548182002,0.0001,0.0,13477195.8
652,0.42253888904141357,0.0005680893740208814,0.42021173273016804,0.0023312098085792763,3.6545673678621356e-06,4.1860000647946197e-07,0.0022162398279510485,0.0002251655638724636,0.0001,0.0,13492927.4
653,0.4226509988556761,0.000554720891846596,0.4196783797028333,0.0032324035700895776,3.550818196564909e-06,3.671283108848764e-07,0.0021716460573486386,0.00020192745868929354,0.0001,0.0,13508679.4
654,0.42279666108900793,0.0005292137061046132,0.42269315830195897,0.0019875168499778446,3.8345984677803445e-06,2.08700293019317e-07,0.0023277964632030246,0.00010362854367940571,0.0001,0.0,13524306.0
655,0.42294760954851596,0.0004929893880251415,0.42529001313244247,0.001858952369280748,4.055181522120914e-06,4.740079833127389e-07,0.002410553737919372,0.00020336601803791338,0.0001,0.0,13539781.6
656,0.42305347173062613,0.0005002543864626733,0.42002119480664984,0.0021190092554347205,3.852306215609658e-06,4.5005316564041957e-07,0.0022254016998325236,0.0002669782274155595,0.0001,0.0,13555513.0
657,0.423185495470474,0.000510646898720219,0.4241107778147393,0.0025698047379415093,3.776320807556169e-06,2.1695069187973685e-07,0.0023010483521938136,9.793036789996678e-05,0.0001,0.0,13571069.4
658,0.42326923971317265,0.0005321651638400771,0.4217099741484751,0.0021266200331894513,3.4946911157112737e-06,4.013724284315892e-07,0.002131078033886818,0.0002553816375318667,0.0001,0.0,13586706.4
659,0.423386607652129,0.0004948859807335815,0.4259270145379251,0.005464700261190848,3.534766616933799e-06,5.425579575429846e-07,0.0021874947950135093,0.00025901268360747876,0.0001,0.0,13602187.8
660,0.42348800326151104,0.00046174132688847034,0.42015069922891823,0.0036782827447717045,3.327659829418078e-06,3.6129142548369886e-07,0.0020427087432992627,0.00020577301441473828,0.0001,0.0,13617892.0
661,0.42360337375102136,0.00048628027345397947,0.4220044482768742,0.0019007936279349803,3.5699009723850976e-06,2.51806113227391e-07,0.0022133089321964504,0.0001559839721043811,0.0001,0.0,13633565.0
662,0.4237425572618193,0.0004973283245744953,0.42457717519258303,0.0037535431449725733,3.62273819689839e-06,2.460514669702845e-07,0.002272707138803571,0.00013539410547788554,0.0001,0.0,13649071.2
663,0.42382705313932234,0.0005141979421624456,0.4257091248633655,0.004536551924673816,3.4082185412409034e-06,4.666781900256003e-07,0.00209797441475232,0.00024142687431479346,0.0001,0.0,13664545.4
664,0.4239086284628827,0.0005328122586744734,0.4254349111799039,0.0035208507837881445,3.4990700631352005e-06,2.6437409619151686e-07,0.002118697590235952,0.0001947049004560523,0.0001,0.0,13680075.6
665,0.4240128178770922,0.0005375347952691678,0.42290931997277614,0.0031719729911670476,3.7075176319153324e-06,3.467221636689843e-07,0.0021979447347053233,0.00010621753434219305,0.0001,0.0,13695728.4
666,0.4241394362792465,0.00055147510813886,0.42629514672900964,0.004124418123508495,3.6269134405853574e-06,5.050791725894775e-07,0.002278152678797066,0.00011508488436657587,0.0001,0.0,13711241.0
667,0.42425613239510396,0.0005384540427088535,0.42368709554264916,0.005978822116465868,3.4020796920835158e-06,3.6989303284409626e-07,0.0021679951320327058,0.00015414933086206267,0.0001,0.0,13726836.8
668,0.42434573554102917,0.0005787853565493247,0.42611615443729284,0.0023602734744587787,3.26895619404903e-06,5.294041878380058e-07,0.0020422914568035393,0.00028198020753507613,0.0001,0.0,13742318.0
669,0.42443583233978377,0.0005690392731926494,0.42037520012979457,0.0050919859561406496,3.5099947602990923e-06,2.650215927980248e-07,0.0021374942897691715,9.612367129068679e-05,0.0001,0.0,13758052.0
670,0.4245478149681869,0.0006016208565167637,0.4258748542864515,0.004914079821357779,3.707518841981591e-06,5.393997101136477e-07,0.0022385616673788245,0.00025775825802629745,0.0001,0.0,13773549.8
671,0.4246410531143878,0.0005816257663611063,0.4241711670827463,0.005200680330448201,3.4083454483176456e-06,3.4086103151002027e-07,0.0021030501844264684,0.00020930956507370072,0.0001,0.0,13789118.8
672,0.42469480255116876,0.00063239089746442,0.42245542586283713,0.0027358772602253307,3.1352551415673512e-06,5.584337087336554e-07,0.0019354528699870904,0.0003248319229976234,0.0001,0.0,13804758.4
673,0.42482910949048547,0.0006277894801047031,0.4222774578123385,0.004558900798443184,3.8147536777100185e-06,4.321128301874514e-07,0.002295973712687649,0.00018826516082914673,0.0001,0.0,13820406.8
674,0.4249343577442458,0.0006348948251604981,0.4269680189087105,0.006164414542813336,3.340959394548547e-06,9.613461681103385e-08,0.002120850788631349,5.14919253954614e-05,0.0001,0.0,13835876.8
675,0.42503832560606086,0.0006263262118563268,0.42758187974827677,0.004107240300835721,3.391564941610217e-06,4.2809854785357146e-07,0.002111708597770114,0.00023412625343702443,0.0001,0.0,13851301.8
676,0.42514865632695703,0.0006126275763414981,0.4224376038386491,0.0033261532229370027,3.508427717265966e-06,2.754190262740187e-07,0.0021841644262102318,9.433860940201597e-05,0.0001,0.0,13866898.2
677,0.4252618927058426,0.0005930007738036599,0.4268573283851336,0.0023252720748106605,3.5327363964478093e-06,4.262888413853178e-07,0.0021631387097175822,0.00020955160422140952,0.0001,0.0,13882347.2
678,0.42534401789235343,0.0005884694403788971,0.4229851336685558,0.005182889214343262,3.2508061697804054e-06,5.024921793839937e-07,0.002039160932589553,0.0002995225311652541,0.0001,0.0,13897985.4
679,0.4254484255091244,0.0005778424300825246,0.42641964796770243,0.004487678403374656,3.5730538404670273e-06,2.565814593348109e-07,0.0022030879060333936,0.00011541918158280035,0.0001,0.0,13913465.6
680,0.4255354355172397,0.0005902342077316434,0.42571819767649177,0.005063489997189504,3.449021053735401e-06,3.501369505322145e-07,0.002139395944773597,0.00015052078968196174,0.0001,0.0,13928970.8
681,0.4256211404723091,0.0005762492416193744,0.4267752171015161,0.0032186744371003064,3.4440160693337586e-06,4.6193123970973505e-07,0.0021177451006818998,0.0002725187991840988,0.0001,0.0,13944438.8
682,0.42574056703371593,0.000563104841670195,0.4234457792405605,0.0014898400792083422,3.661312868034648e-06,3.6221643548929706e-07,0.0022715580466845056,0.00016316273581271242,0.0001,0.0,13960005.0
683,0.4258331283907326,0.0005520268970620973,0.42570228600839943,0.0031991488026060933,3.572616893843406e-06,3.0695377631083453e-07,0.002180980019450992,0.00011555623185253527,0.0001,0.0,13975463.4
684,0.4259192964686691,0.0005571285857890751,0.42350528371742396,0.0027025025252872944,3.602761677274132e-06,8.921261757035773e-08,0.0021361284572234754,0.00011332882683328016,0.0001,0.0,13991044.6
685,0.42601093931535505,0.0005381676932917531,0.4247145197643974,0.0022418800368769584,3.534392233139319e-06,5.889217688356802e-07,0.0021438888634634245,0.00024028433604141578,0.0001,0.0,14006609.4
686,0.4261179704825633,0.000536997009741237,0.42652543971220763,0.0053244129389680254,3.527230008587852e-06,2.1756930533481357e-07,0.0022032195939371674,0.00012878852921130167,0.0001,0.0,14022089.2
687,0.42617865422949397,0.0005121369461047068,0.42743736153840867,0.004334516275584522,3.417330618703788e-06,2.2506000570133965e-07,0.0020672081196733663,0.00015287813163271727,0.0001,0.0,14037506.8
688,0.4262458994353916,0.0005237557689549705,0.4247973307350179,0.004037682985303,3.2058310200159472e-06,2.056716733068572e-07,0.0020119744248438217,0.000155584289748344,0.0001,0.0,14053029.4
689,0.4263763716999403,0.0004961734938402258,0.4300827451445032,0.001599908739470227,3.442942944578262e-06,2.5884845785228135e-07,0.002192039007581884,0.00016920219288934753,0.0001,0.0,14068364.0
690,0.4264659934829685,0.0004816555190879429,0.42719523697739054,0.004842183606510322,3.394319603320405e-06,1.0956896538669985e-07,0.002129614455684518,6.0159630243778536e-05,0.0001,0.0,14083858.2
691,0.4265800019976288,0.00047743540082274843,0.4253478538103151,0.004795523863431663,3.1636123859063134e-06,1.464036456998845e-07,0.0020803767862493648,6.96775433313673e-05,0.0001,0.0,14099404.4
692,0.4267183199546789,0.000493559654956988,0.4233521334130062,0.0034300589360877322,3.5650896171944643e-06,3.9171826630939395e-07,0.0022918665396642257,0.00011149748304294686,0.0001,0.0,14114949.8
693,0.4268235506023873,0.0005010070178132458,0.42837849208274237,0.002487764591749322,3.316118782091546e-06,4.881366492882373e-07,0.0021518323600897386,0.00018878826449602494,0.0001,0.0,14130349.2
694,0.42689639989449224,0.0005136794945884615,0.4268256701822269,0.00696012460129287,3.652019545502411e-06,3.6955605566435734e-07,0.002175608355354812,0.00017029021835727502,0.0001,0.0,14145811.6
695,0.42701935318902773,0.0005055431342072154,0.42826988323944626,0.005106585535009562,3.7488213401142045e-06,5.359301744244895e-07,0.0023000707793840993,0.00014962967281599953,0.0001,0.0,14161249.8
696,0.4271391643386062,0.0005153916776992745,0.42790955341904285,0.0021506963577463244,3.684499191711032e-06,5.647678164091096e-07,0.0022636408071850835,0.0002749277339247171,0.0001,0.0,14176664.2
697,0.42725075436363324,0.000524426292783231,0.42533451278200607,0.0026395346250756837,3.2929421080049163e-06,2.2644873213930756e-07,0.0021303227896077768,0.0001387971053214669,0.0001,0.0,14192173.8
698,0.4273885526145677,0.0005399521549417995,0.42409958754722377,0.003100275905608634,3.6062833380514005e-06,1.1439035750977775e-07,0.002290031614592338,7.05310999379718e-05,0.0001,0.0,14207708.0
699,0.4274939929823776,0.000536819820712052,0.4281919966101855,0.002920719661653026,3.5089242658188617e-06,4.916125243356068e-07,0.00219503176394784,0.00015646871955254206,0.0001,0.0,14223153.0
700,0.42757436216808753,0.0005366138185965175,0.42810510731268075,0.0027035214852064193,3.4331988957955066e-06,2.53266911850317e-07,0.0021322003704726017,9.750383907869444e-05,0.0001,0.0,14238575.2
701,0.4276918572724472,0.0006057898570466563,0.4244715083715446,0.0012862266975934315,3.7216007465663928e-06,3.188925496191464e-07,0.002292009612843823,0.00018141348161043226,0.0001,0.0,14254062.6
702,0.4277960103828855,0.0005877340255951542,0.42785083251502776,0.0013357288356877388,3.3404339662442072e-06,3.8270564766184227e-07,0.002122169850441717,0.00020413854472047104,0.0001,0.0,14269456.8
703,0.4278765084361824,0.0005753734563926765,0.42690361170465235,0.004187030441808301,3.3358058128864613e-06,3.529031994591859e-07,0.002096431607754822,0.00014773596844799982,0.0001,0.0,14284925.6
704,0.4279466277317687,0.0005384625635299235,0.42531568608455367,0.0036393919803917913,3.6329234850780735e-06,5.065973048130388e-07,0.0021755756200029118,0.000297216961065708,0.0001,0.0,14300428.4
705,0.4280375706037107,0.0005317289893030413,0.4313627404631287,0.002783043426050522,3.064174388513549e-06,3.7367785107566813e-07,0.002033985956293866,0.0001678811082483201,0.0001,0.0,14315765.4
706,0.42814265145099445,0.0005035702680088013,0.4294786421171299,0.002535511183337902,3.5323921969181116e-06,3.810258795441554e-07,0.002200265233631914,0.00020052634046687778,0.0001,0.0,14331153.0
707,0.4282636412198978,0.00046762796724384765,0.42784398521125633,0.0040497206413569005,3.486869795838062e-06,2.9686975105867454e-07,0.002265439855659105,0.0001445137310987662,0.0001,0.0,14346550.2
708,0.42839465240094315,0.0004953360630005221,0.43219839170204005,0.006435936083074672,3.3050311672717377e-06,5.401579905944153e-07,0.0018031124906918773,0.0008682609093056431,0.0016965053740702826,0.0031930107481405656,14361813.4
709,0.42849188427347124,0.0004856452332898156,0.4285017665496211,0.0024837678235924317,3.2767642716311202e-06,1.8197419431069407e-07,0.0021483604219628633,0.0001354653552853629,0.0001,0.0,14377235.2
710,0.42860094898995993,0.0004688557132651981,0.427449590889781,0.00500966036465651,3.4909733756012238e-06,2.7260366344461923e-07,0.002221913506344421,7.816964844591239e-05,0.0001,0.0,14392686.8
711,0.42867516762379976,0.00044292165648585476,0.4293912977691816,0.004414769671336531,3.1213040305609883e-06,4.769465668405273e-07,0.0020013957377158975,0.0002210530929584908,0.0001,0.0,14408048.4
712,0.4287999967368014,0.0004441704429939926,0.4280776288834969,0.003939106691141829,3.7247787546810476e-06,2.411415083919411e-07,0.0023068751358310833,0.00011850057735444989,0.0001,0.0,14423473.0
713,0.428904040290631,0.00045368149567082605,0.4317141916797295,0.0010668289924049203,3.2397636878594326e-06,3.1529650739715507e-07,0.002142930090688962,0.0001711850700872254,0.0001,0.0,14438739.8
714,0.4289942323812359,0.0004311714997397965,0.42856547118286603,0.003999504998666209,3.027067163732661e-06,2.676961180919129e-07,0.0020320437891103013,0.00018556443313406482,0.0001,0.0,14454125.6
715,0.4291124989048816,0.00042392540732375,0.4249591564087254,0.002449202194517009,3.2395886378140847e-06,5.341287228588085e-07,0.002139864555440752,0.0002840032724299957,0.0001,0.0,14469606.8
716,0.4292408798536914,0.0004238487041716474,0.42846911330941084,0.0012050488738777152,3.4909402128889175e-06,1.820760217237156e-07,0.0022691317189301886,0.00012550032071589662,0.0001,0.0,14485008.2
717,0.4293004399853387,0.0004183278715094024,0.43020600867986475,0.0054459669369969245,3.1927199094102562e-06,2.76950427932505e-07,0.001961385244493386,0.00018560115256932794,0.0001,0.0,14500367.8
718,0.4293807177073069,0.00039785461404983887,0.4325638933237849,0.0054942153454063634,3.0707017505125382e-06,1.5073556070753213e-07,0.002049505506562253,7.133163791607101e-05,0.0001,0.0,14515618.4
719,0.42948340319508294,0.0004108310402047543,0.4306779728902617,0.0033323827015971043,3.4334580396516235e-06,1.9233397683324664e-07,0.0022006482077770607,0.00015370743724900748,0.0001,0.0,14530948.0
720,0.42958852897248684,0.0004479481648065939,0.4286672410414047,0.0023108346199246003,3.3340980215809387e-06,2.176905052081261e-07,0.0021611690234460646,0.00018069240584376098,0.0001,0.0,14546312.6
721,0.4296677863841241,0.00046605351436039295,0.427278666358336,0.002690288051038525,3.190895604669052e-06,1.5068543302325456e-07,0.002049909175711444,7.322555652750848e-05,0.0001,0.0,14561772.8
722,0.42976632800661047,0.00047684380578802936,0.4277565500147366,0.005163396022119273,3.350054335588895e-06,1.3270925474012537e-07,0.0021637393671603542,7.990502895921919e-05,0.0001,0.0,14577145.0
723,0.429865938689724,0.00045799844099907725,0.43231110311675847,0.0023384877673425287,3.2327518002620524e-06,3.3088632161107314e-07,0.002103174002267063,0.00020357828648306242,0.0001,0.0,14592378.0
724,0.4299502580889728,0.0005052647650145814,0.43039811828630475,0.0033362039105285335,3.4096562936112244e-06,2.2161074758645583e-07,0.0021527053148316906,0.0001400947615715198,0.0001,0.0,14607677.0
725,0.4300798168515719,0.000512131040053733,0.4284792517917128,0.0025298661166662266,3.5163536381137596e-06,2.3582008993442667e-07,0.0022591604121072997,0.0001569247446365195,0.0001,0.0,14623093.2
726,0.4301702133217584,0.0004937700284149888,0.4290545399205582,0.0056422542476590246,3.3501726281240102e-06,4.429996717287559e-07,0.002108747795939498,0.00024488306805094156,0.0001,0.0,14638384.4
727,0.4302804129886253,0.00043785897134234896,0.43088211790191,0.002048074962566024,3.354020701467257e-06,5.585513331660859e-07,0.0017797829239582044,0.0008515333393017019,0.0017188603287299758,0.0032377206574599523,14653685.0
728,0.430376018686375,0.00042413208236708757,0.4304588598759733,0.004083624480332422,3.337606963167659e-06,2.9687639709768916e-07,0.0021466656041004375,0.00021906877706928665,0.0001,0.0,14668987.8
729,0.4304569514449964,0.00043998930757202406,0.42652999223720245,0.00185003415584821,2.9596214269225036e-06,4.6154407043754364e-07,0.001958844367896174,0.00026041266612429387,0.0001,0.0,14684492.6
730,0.4305346823935525,0.0004724356479882666,0.43068063155930625,0.0032566854360950013,3.287596450934995e-06,6.633708930365712e-07,0.0021199624519909937,0.0002473962496528701,0.0001,0.0,14699775.4
731,0.4306135577752467,0.0005019641508480843,0.43045159194633814,0.006335681967871788,3.185986744273437e-06,1.9124179801785542e-07,0.002068182119968602,0.0001795982748122974,0.0001,0.0,14715112.0
732,0.430722687305577,0.0005114111076682093,0.4316143978379312,0.005864660360696241,3.4381616593252923e-06,2.850933414210173e-07,0.002204103956350495,8.933488433212246e-05,0.0001,0.0,14730413.4
733,0.4308267751469737,0.0004969222710299367,0.4298831510355585,0.005313642670052838,3.2755523210516137e-06,4.3625818328292424e-07,0.0021555739317249993,0.00018977829564921768,0.0001,0.0,14745745.4
734,0.43087308249469486,0.0004929812510940641,0.43089828216247206,0.0037160403830003466,3.0097265512855514e-06,4.7249796413864214e-07,0.00190805382584881,0.00028704353643702355,0.0001,0.0,14761076.4
735,0.43097534239979246,0.0004810251550128196,0.42637216841035974,0.005166908276748478,3.375964145556431e-06,3.866837495517285e-07,0.0021688481781999345,0.00017689725775586708,0.0001,0.0,14776542.2
736,0.4310970771409841,0.0004635007768335413,0.4310217596161209,0.0029907741207015333,3.37567441168713e-06,2.8124715150759783e-07,0.0022527446565113246,0.00016891413389437754,0.0001,0.0,14791811.2
737,0.43117911183219304,0.0004691566441819141,0.43248246858546857,0.005092406071273041,2.9649785506600033e-06,3.1923542238216216e-07,0.002002728430045896,0.00022037242704370577,0.0001,0.0,14807027.6
738,0.4312477148871959,0.0004652828554223935,0.43018029315527795,0.003959625425658062,3.047210194988765e-06,1.8124074953328182e-07,0.0020137266608871037,7.905429079554123e-05,0.0001,0.0,14822312.4
739,0.4313532399117369,0.00045375697947571655,0.4311065748875814,0.002059737728168344,3.4073263597909873e-06,3.1449110067929874e-07,0.0022240107730812147,0.00015443645364885054,0.0001,0.0,14837580.8
740,0.4314871489109745,0.0004535349935531691,0.435878449076662,0.003643490832756744,3.3561080224329635e-06,3.6062991745196914e-07,0.002257187899931354,0.00014835047241887136,0.0001,0.0,14852718.8
741,0.431582170939393,0.0004604715369966663,0.42884982211346045,0.005695546410271122,3.0028177358266287e-06,3.030250735682067e-07,0.0020603909772923235,0.0001759181544997295,0.0001,0.0,14868085.4
742,0.4316854469090308,0.0004719485273673208,0.426596581997404,0.001139413496624101,3.259057695888033e-06,3.225751868903694e-07,0.0021832510272111324,0.00014938995465815284,0.0001,0.0,14883516.0
743,0.4317523197160167,0.0004728764391643077,0.43221113994264726,0.004292878682849362,3.140175761874633e-06,1.9004442172086146e-07,0.002047653238941478,0.00011468376520014203,0.0001,0.0,14898771.2
744,0.4318314078714195,0.00047600982103346756,0.4312606890817766,0.004252946076704271,3.3887173270343422e-06,4.918404623530803e-07,0.0021496281158469885,0.00026199738816699527,0.0001,0.0,14914077.2
745,0.43190925099561933,0.00046272590415225473,0.4347232132375001,0.0029829905782478225,3.259430238787186e-06,1.6097878432706662e-07,0.002114451354028261,0.00010620291883329969,0.0001,0.0,14929274.4
746,0.4319933686336041,0.0004911793439235977,0.4303672369512478,0.004789303070828607,3.1753312500689366e-06,1.7680297912998038e-07,0.0020798018307721,7.85196311886977e-05,0.0001,0.0,14944588.2
747,0.4320617292846002,0.0005084000895125242,0.4294429620251222,0.004600591862437048,3.335506588706514e-06,2.995306303267743e-07,0.00208677539145303,0.00016260079420115766,0.0001,0.0,14959933.2
748,0.4321472032386781,0.0005183291935042245,0.42995972593316123,0.0014909373172410478,3.310863065520595e-06,1.8184738894214033e-07,0.002139917959499723,0.00015922820792569858,0.0001,0.0,14975239.0
749,0.43225361612307783,0.0005291208423997464,0.43233173387827695,0.003848471118098239,3.2609276048912148e-06,3.752577047080419e-07,0.0021614043410152,0.00018179610853726787,0.0001,0.0,14990501.6
750,0.43235016983646746,0.0005238657557874192,0.43224204230930036,0.004705615489715633,3.227711613250467e-06,4.342647709096033e-07,0.002152860538272616,0.00020789644209150848,0.0001,0.0,15005722.2
751,0.43246116743049445,0.0005131993929300023,0.4323388832264839,0.0024748518122810026,3.3517409101994657e-06,3.485356577608525e-07,0.0022181210672141726,0.0001900964783787154,0.0001,0.0,15020981.2
752,0.43252971754444325,0.000517354700095852,0.4315411257365377,0.001966619354416694,3.216061441870588e-06,3.16553636146138e-07,0.0020322446041520247,0.0001810010052397167,0.0001,0.0,15036259.4
753,0.4326078602398706,0.000504142310946131,0.4301995881796781,0.003559264220319123,3.3172409166000317e-06,5.211135373930672e-07,0.0021299863067419907,0.00033326719667305555,0.0001,0.0,15051667.4
754,0.4326802692587983,0.0005244762556864078,0.43379930082132095,0.005230519903943273,3.149536236529812e-06,2.7647947626847774e-07,0.002063388986111113,0.00019489093809622171,0.0001,0.0,15066836.2
755,0.4327423772421703,0.0005486373727781911,0.43582360859426944,0.004094506375656796,3.071233855782879e-06,3.275509759099869e-07,0.0020090559375922678,0.00019690447118000335,0.0001,0.0,15081994.6
756,0.4328321308916142,0.0005376890833115968,0.43361829747548475,0.005945393099208947,3.133803124535919e-06,2.9236800390474503e-07,0.0020790874542795474,0.000205585663765391,0.0001,0.0,15097196.6
757,0.4329273617456815,0.0005506156559072069,0.43137268761243935,0.0025376684583927954,3.401613314523345e-06,4.3256171449504303e-07,0.002174407735877421,0.0002494034113674685,0.0001,0.0,15112533.8
758,0.433049597045488,0.0005056006755604963,0.43597220964477285,0.0041753622417017916,2.855969662558424e-06,3.5690612270829885e-07,0.001669769304805297,0.0007892533012588323,0.0017300072819584895,0.00326001456391698,15127620.0
759,0.43313280194225445,0.0004915935210481861,0.4302093193202925,0.00544046508433198,3.5287640364428762e-06,6.091794022317801e-07,0.0022166822054058505,0.0003424585513792482,0.0001,0.0,15142980.2
760,0.4331758698288083,0.00046803668470947376,0.43452048465411997,0.002771894189136775,3.258352933626772e-06,4.646604820579074e-07,0.0020469970276217934,0.00024458838149690585,0.0001,0.0,15158148.6
761,0.43327145247264315,0.0004735605409206096,0.42984359583535214,0.0012804243579433573,3.2771547202138354e-06,1.3457053544195376e-07,0.002174812798709522,5.8351910318271065e-05,0.0001,0.0,15173507.4
762,0.4333435796014854,0.00044934097332459616,0.4324142729364341,0.0015150638050249537,3.1400485938169836e-06,4.1724804786281684e-07,0.0020514472223262577,0.00022849470094725232,0.0001,0.0,15188789.0
763,0.43341122624426215,0.00047055639157712995,0.43662016341802,0.003454545418518079,3.041523847223749e-06,3.6714690484106655e-07,0.00198859667151148,0.00019772417724917793,0.0001,0.0,15203895.8
764,0.4334596764655192,0.00044375368263159276,0.43107653947705654,0.004118319827953885,2.851459740169315e-06,3.7872153894736925e-07,0.0018726475489634375,0.00024091724810291446,0.0001,0.0,15219191.4
765,0.43353039990665965,0.0004268346899071649,0.43542159051856827,0.0018986188657503318,2.941313046590917e-06,4.871452786641229e-07,0.0019931092456318073,0.0003043015686464612,0.0001,0.0,15234363.0
766,0.43363903591891073,0.00043152294681210235,0.43397828182651,0.0027497780556674043,3.2696102375206396e-06,1.9253982588653873e-07,0.0021871227478899,9.825494634236474e-05,0.0001,0.0,15249517.4
767,0.4337281383787186,0.0004436745850086515,0.4360500320912665,0.001832526946462866,3.23781818043995e-06,4.5127469645156404e-07,0.0021283336040171744,0.00028887210978922493,0.0001,0.0,15264582.2
768,0.43380084843311006,0.00042339718607116775,0.430337548693159,0.0038140987491165597,3.070717564247586e-06,6.089116350113913e-07,0.0020100071510967634,0.00027416990747066165,0.0001,0.0,15279923.0
769,0.4338886085053065,0.0004059643478784061,0.4328522389057702,0.0053690729357451766,3.2077634443741005e-06,3.1154323282174295e-07,0.002097635353599636,0.00019383375813388447,0.0001,0.0,15295136.6
770,0.43399242460630794,0.0003941250358064743,0.43482711512420646,0.0023301193861362895,3.47272246602561e-06,3.688493180463903e-07,0.0022801605239495585,8.279604252208526e-05,0.0001,0.0,15310244.4
771,0.4340958918088734,0.0003972322074671694,0.43421358989876213,0.004223096893099264,3.170267985858485e-06,3.679760337001577e-07,0.002181499530679286,0.00020492296005706308,0.0001,0.0,15325425.2
772,0.4341693453743701,0.00040066918566583604,0.4342595705199397,0.0034164446029007396,3.2119302842839626e-06,3.245462624275292e-07,0.002088489241771347,0.00018751493578906216,0.0001,0.0,15340628.0
773,0.43423517538121803,0.0003705878807889809,0.43396858698377805,0.004156041579772665,2.8841171538378294e-06,5.194179666047112e-07,0.0019635913387111544,0.00022621330324556523,0.0001,0.0,15355815.0
774,0.4343629813040123,0.0003586796535971926,0.43461446778256746,0.003357765253131475,3.05910241287916e-06,5.228374988706937e-07,0.0017471459607346397,0.0008632443520523354,0.0016949116548219377,0.0031898233096438757,15370986.2
775,0.4344613460426987,0.00036568822432960727,0.4320012918381012,0.004997115633056495,3.307527889184337e-06,2.1069293107774045e-07,0.0021822034829263983,0.000125896660486379,0.0001,0.0,15386245.6
776,0.4345635215778921,0.000381751044789772,0.43476653654537617,0.003921578353119043,3.405086746431529e-06,2.0543514961706752e-07,0.002234215901756394,6.395114318791325e-05,0.0001,0.0,15401385.2
777,0.4346875067378919,0.00036979062717672765,0.43161150008945104,0.0027397772532054437,3.204784318242639e-06,2.2737183654273315e-07,0.002202354884578527,0.00013294158632623607,0.0001,0.0,15416643.8
778,0.43477916163293295,0.0003485372123305114,0.43624696196314316,0.0017574733306261487,3.1584050652797294e-06,1.3606143554104926e-07,0.0021531014057931635,0.00012007922470405154,0.0001,0.0,15431773.2
779,0.4348987463057464,0.000370986383915891,0.43613607259353593,0.0030133080364589658,3.1931993773946173e-06,7.531175643916687e-07,0.0017875265973340253,0.0008814367429599448,0.0017050811014168513,0.003210162202833703,15446875.8
780,0.4349357154694256,0.00040442119935930404,0.4339444183621267,0.003973738600005809,2.9432072242427368e-06,3.0519150728804537e-07,0.0019045423607700306,0.0002629993882783965,0.0001,0.0,15462041.4
781,0.43497477257497297,0.0004295004884222594,0.4390401354996154,0.002567555080100967,3.028038926339255e-06,3.0152788711918414e-07,0.0019803288546352215,0.0001681286539289599,0.0001,0.0,15477067.4
782,0.43500024159570616,0.0004486758797870289,0.4354095155588295,0.0019613240491136805,2.8335434957916107e-06,3.9694891023233413e-07,0.0018565233654532676,0.00028595651778934414,0.0001,0.0,15492237.8
783,0.4350388520551003,0.00039627957887379095,0.43333447527810776,0.0014242124186512207,2.769689525428695e-06,3.1427438929251e-07,0.0018555847588008912,0.00023188737764952448,0.0001,0.0,15507479.0
784,0.43509420666303866,0.00038231233174999477,0.43488565050312644,0.0046294716233105555,3.3183990083559597e-06,6.908641622347538e-07,0.0021171799724482338,0.00025564683512239056,0.0001,0.0,15522605.6
785,0.43514148698740096,0.00042481954638418865,0.4351262886755948,0.006574275731202913,3.0633880196803716e-06,3.604185905039068e-07,0.00202443686311281,0.00022855055369252708,0.0001,0.0,15537735.6
786,0.43519936380630864,0.00041334008852492464,0.4328769561576779,0.007431727101985905,3.0605494529946937e-06,2.3292666436507928e-07,0.0020318416299248626,0.00012668904558907985,0.0001,0.0,15552931.8
787,0.435268522458478,0.00044356989001262295,0.4397062642612477,0.003842179067329653,2.9475001772985286e-06,2.3776386338115947e-07,0.002009267796075541,0.00017974880087819016,0.0001,0.0,15567986.0
788,0.4353559444985434,0.0004387978832017685,0.436992532838491,0.0016647806556542221,2.83078295917148e-06,2.865314440920673e-07,0.0015973284012496297,0.0007678319932524343,0.0018036995594577737,0.0034073991189155477,15583028.2
789,0.43543609027517916,0.0004587614770090058,0.4373305243711548,0.0019462796308332602,3.173778630273279e-06,1.8774773325442528e-07,0.0021186981671971793,0.00013031568181952745,0.0001,0.0,15598096.8
790,0.43552441884976245,0.0004715917869584354,0.43458042631052524,0.0035857148569615753,2.7198857018827812e-06,3.6496494146782544e-07,0.0015807308692389055,0.0007658465447111748,0.001669250682383937,0.003138501364767875,15613296.6
791,0.4356040015704313,0.0004936094267685702,0.4383842739568675,0.004930681656444364,2.879020408260358e-06,2.3815308822329343e-07,0.001989815809943033,0.00013754097611828618,0.0001,0.0,15628300.0
792,0.4356990235158083,0.00048223379727348626,0.43573164383198987,0.002279775789328278,3.1846756313812487e-06,4.119981001855406e-07,0.002139607576696516,0.0002208658000289053,0.0001,0.0,15643391.4
793,0.43576071229723023,0.0004863221280444278,0.4368778423539593,0.0014029022507766485,2.978897767916071e-06,3.6289691108354113e-07,0.002021457631568006,0.00018438545359998607,0.0001,0.0,15658416.2
794,0.4358309941760526,0.0004754614513897342,0.43779133136831705,0.004896888132830987,2.906721492033609e-06,2.795055388581454e-07,0.0019990114816288763,0.00019760213261311448,0.0001,0.0,15673479.8
795,0.4359106889236533,0.00044067209865651544,0.4346415449340536,0.0029378800857398075,3.2452584010699127e-06,3.4314661837362386e-07,0.0021532579427654304,0.0001032199139261452,0.0001,0.0,15688629.0
796,0.43598059944359224,0.0004496779598018863,0.4400707116887979,0.003268395018417062,3.00116093278792e-06,1.9237368253729035e-07,0.0020644218915721125,0.00012443392774803808,0.0001,0.0,15703568.2
797,0.43604393129133456,0.0004879679437821577,0.4369351862872491,0.0022113101534593205,3.2153573641119368e-06,1.5111321434097904e-07,0.0021068176344844975,8.337747925381458e-05,0.0001,0.0,15718644.2
798,0.43610846964862676,0.0004925856989639463,0.4354504781463261,0.005403464412039637,3.132283214164109e-06,5.052308630904913e-07,0.002023500089755184,0.00018862016755605572,0.0001,0.0,15733767.2
799,0.43617736375654026,0.0004966296499382078,0.4378357635922473,0.002643440475794892,2.908858228076952e-06,4.020584086741708e-07,0.0020162927037084325,0.0002456060663874308,0.0001,0.0,15748820.8
800,0.43627188397029304,0.0005004892685910116,0.43602277486329405,0.0028220523774048047,3.223100050572488e-06,2.191344991968295e-07,0.002170957769162652,0.0002114256740197436,0.0001,0.0,15763954.4
801,0.4363051038669596,0.0005093611382853128,0.4322586551217367,0.004797522424879815,3.04033663589935e-06,3.398880040088663e-07,0.001971823867116233,0.00017051129499845064,0.0001,0.0,15779196.4
802,0.43636199551674915,0.000508311697123866,0.4351138889395446,0.004352209502200614,3.208563735834178e-06,2.3150968233627888e-07,0.0020766546511433296,0.00017620904539373142,0.0001,0.0,15794349.2
803,0.43648990338263066,0.000543372599707553,0.4387167709494886,0.003163073778898362,3.138396576312785e-06,6.981580617563629e-07,0.0017951124992956423,0.000908109427389965,0.0018153319417147252,0.0034306638834294503,15809386.6
804,0.43657723077818406,0.0005281619480207407,0.43799554088891507,0.0017397356671582024,3.397523637212219e-06,4.2542982169090117e-07,0.0022030009312665843,0.00014278913884483693,0.0001,0.0,15824450.2
805,0.4366965923007113,0.0005271098294425705,0.434686271241152,0.0032791612323793944,3.076784107735672e-06,4.819736646540283e-07,0.0017805026625264037,0.0008478409462015743,0.001657323428716629,0.0031146468574332585,15839625.0
806,0.4367597255954676,0.0005292119741201573,0.43987427994930856,0.004631332250004446,3.0256014486490217e-06,2.464577838135368e-07,0.00202221944880932,0.00015847872500878774,0.0001,0.0,15854579.4
807,0.4368338123687536,0.0005641744600567299,0.43586874765198147,0.0022756366785818484,3.01686467299816e-06,2.6670039733561556e-07,0.002059482209166123,0.00018144208890152224,0.0001,0.0,15869672.0
808,0.4369194113693801,0.0005589434311299445,0.44063320314484644,0.0025109066430137653,2.9908457367169894e-06,2.1434112514087744e-07,0.00208265026174601,0.00014812109966670016,0.0001,0.0,15884619.2
809,0.43701013394936317,0.0005482210648298561,0.43613206690745016,0.004539179705301229,3.262624618428566e-06,1.8179108335295246e-07,0.0021880758190805745,6.312936834630399e-05,0.0001,0.0,15899745.4
810,0.4370875942810281,0.0005803968985210734,0.43541326573873657,0.004214369805423578,2.9982388650295998e-06,4.1591730055790707e-07,0.002065136479392671,0.0002403450226676841,0.0001,0.0,15914923.0
811,0.43718162482772704,0.0005788798609667269,0.4369689851186508,0.0023849985333379738,3.2841714496742987e-06,5.502951911724851e-07,0.0022232325982635363,0.0002087869759866645,0.0001,0.0,15929958.4
812,0.4372608327596549,0.0005628156806541108,0.43619658475643786,0.00269806944643523,2.958010795899534e-06,2.85755031375797e-07,0.002033423129875826,0.00017288480093793213,0.0001,0.0,15945007.6
813,0.4373229510264173,0.0005720254795443684,0.4341350713157725,0.002485537903949882,3.1339855843366246e-06,5.155359629606468e-07,0.0020678149188833503,0.0003127323056141542,0.0001,0.0,15960148.2
814,0.43743954843692945,0.0005451983347304673,0.43858867628053105,0.0018513535170527587,3.1184117139387667e-06,1.9178520350822436e-07,0.0021779042993004846,0.00011808487928717698,0.0001,0.0,15975173.6
815,0.4375460652074846,0.0005114501279952505,0.4378799258789754,0.0036430655263746496,3.20921025084209e-06,5.537854571729688e-07,0.001770935938152494,0.0008596265514526957,0.0017176458279016715,0.0032352916558033434,15990198.6
816,0.43762008502850785,0.0005243375055421783,0.43886020360214795,0.004049739280669856,2.9556872948291095e-06,2.310450528495413e-07,0.002018007871351544,0.00013920510713255716,0.0001,0.0,16005210.8
817,0.4377114628601104,0.0005181797567810823,0.4374953205670365,0.002489361749103984,3.345234306276883e-06,5.374035591375346e-07,0.0022178985689439643,0.000312843984775146,0.0001,0.0,16020297.8
818,0.4377953590848165,0.0005591246924606087,0.43454341458190415,0.002241857797324269,2.911752061001766e-06,4.157722330999273e-07,0.0016013507466619767,0.0007644209191558235,0.0017459279626539533,0.003291855925307907,16035434.8
819,0.4378724823736917,0.0005854404030011833,0.43833861703819305,0.0033610383023861836,2.9880300540948126e-06,2.943875529569606e-07,0.002088697259155482,0.0001256947257635966,0.0001,0.0,16050449.8
820,0.4379881742056438,0.0005889095600496063,0.4407698822662396,0.006105759052584505,3.01153111543817e-06,5.864943715649427e-07,0.001714810329707853,0.0008532269651594621,0.0017662233693615027,0.003332446738723006,16065352.2
821,0.43805405910529077,0.0006102972613480902,0.4399542634297335,0.004184816869134746,2.7782743630051944e-06,1.914361545248102e-07,0.0019632790373071093,0.00011706135836999046,0.0001,0.0,16080279.8
822,0.43812826474290434,0.0006027728564093074,0.4385781976430376,0.0032504809752300105,3.0019504678071278e-06,1.64211222829869e-07,0.0020563264546287997,4.336352422880832e-05,0.0001,0.0,16095337.8
823,0.4381773285032463,0.0006158606643591136,0.43837603842189854,0.0022434968654772196,3.0731846083233884e-06,5.364168774663001e-07,0.002032458051594497,0.0002337921029126129,0.0001,0.0,16110359.2
824,0.4382698960894665,0.0005975499311430812,0.4356931465304356,0.0030102792944650767,3.06262608007326e-06,2.7314708306626835e-07,0.00211672722483343,0.0001126587087556876,0.0001,0.0,16125459.8
825,0.4383278128278554,0.0006126168689419299,0.43907000072404545,0.004020848651231645,3.1798815344707546e-06,3.251800442092338e-07,0.0021003906964815653,0.00018926090499449873,0.0001,0.0,16140481.6
826,0.43837846558913374,0.0006160197516749918,0.43903731083372205,0.005768175409123917,2.8203705564416003e-06,2.2867119379587473e-07,0.0019478639899136486,0.00011080244910791267,0.0001,0.0,16155474.6
827,0.4384281645400609,0.0006029674936474922,0.43766343513099715,0.0009066700351676543,2.947284976084515e-06,3.475858581352136e-07,0.002008810292388987,0.0001745051696164162,0.0001,0.0,16170562.8
828,0.4384857178277075,0.0005783697381104192,0.4373812186483555,0.002942662487626974,3.2427169873559726e-06,5.116109582821263e-07,0.0021185535685938495,0.00023589956915352086,0.0001,0.0,16185632.4
829,0.4385881481159493,0.0005529397134157982,0.43838613308355556,0.006045853420413562,3.1378346415389197e-06,4.2741954579421964e-07,0.0021827564745976035,0.00020536298379767113,0.0001,0.0,16200669.8
830,0.43867519928334786,0.0005569970108955021,0.43856548433625553,0.005348538494630506,3.5988060138863504e-06,3.722230459709244e-07,0.0022644487900815515,0.00019475110605756226,0.0001,0.0,16215678.0
831,0.43877283897270203,0.0005064305721707643,0.4348979686334767,0.0038526245085035928,3.2309505885895857e-06,4.814168399343356e-07,0.0017857132217365818,0.0008515382864155966,0.0017832288485702195,0.0033664576971404398,16230782.2
832,0.4388240917828278,0.00047182660954276284,0.43715175171859133,0.00420809195238345,2.828849802375032e-06,2.3329249919241728e-07,0.001976076239239817,0.00016310308075131378,0.0001,0.0,16245808.4
833,0.43890847595309934,0.0005178018701560422,0.4404735091726885,0.005418690826352627,2.694189235805422e-06,3.4868515066044585e-07,0.0016168774164730647,0.00077471636944758,0.0016731821997917552,0.003146364399583511,16260741.4
834,0.4390254115967956,0.0005276506619901508,0.4369722565879088,0.003853570558734545,2.6965033197475203e-06,3.662236471031598e-07,0.0011742833418251608,0.0008920316314826643,0.003501014569583804,0.004166450819264828,16275829.6
835,0.43910497020749817,0.0005382332018869932,0.44329959257385115,0.003819198700041495,3.053854933395181e-06,3.3841849291879307e-07,0.0021329485416634293,0.00017806111805197618,0.0001,0.0,16290654.6
836,0.43915520352882426,0.000517518562445537,0.4382091520344874,0.0033566306068502486,3.035148919349756e-06,4.1047246151727813e-07,0.002010494739683809,0.0002666086199043806,0.0001,0.0,16305659.6
837,0.43926585628529746,0.0005232800442130702,0.4400632029316984,0.0014286039356967144,2.844225827780575e-06,5.719302678534226e-07,0.001698988223779219,0.0008347483253667474,0.0017528732110228232,0.0033057464220456467,16320641.8
838,0.4393431841993059,0.0005156823555673466,0.4369162901317961,0.0030324846648368403,2.8031616021701413e-06,2.831724759571032e-07,0.0015603715108660863,0.0007327335236950624,0.0017849300126761905,0.0033698600253523813,16335697.6
839,0.439449170330533,0.0005433364827056153,0.43897993225936416,0.001601653077111093,2.813915672112931e-06,3.6118290465806975e-07,0.0016674189413097631,0.0007893782598081456,0.0018302474442280022,0.0034604948884560047,16350667.8
840,0.4394915764235489,0.0005687189521982282,0.4401185592269087,0.00503181725844289,2.9124123188349194e-06,3.9121745045306516e-07,0.0019632555174571935,0.0002479235305025422,0.0001,0.0,16365602.6
841,0.43952983456763645,0.0005762344954642391,0.43957528159823306,0.002595416030631191,2.7717836101331743e-06,3.439559254606769e-07,0.0018925301933233655,0.00021401093109358078,0.0001,0.0,16380567.6
842,0.4396590781784882,0.0006088389207582021,0.4396728816821633,0.00453226971271363,2.570510176844026e-06,3.7366677922853245e-07,0.0011793592998416507,0.0009079637224363245,0.0034851376145872736,0.004147571425091478,16395514.0
843,0.43972490018741645,0.0006698377505960091,0.44262207966353395,0.003760636609557047,2.6586836154588035e-06,2.7450637286972407e-07,0.0015446322502060874,0.0007388187466764129,0.001780720139967932,0.0033614402799358642,16410377.4
844,0.43979460432289974,0.0006655959910088151,0.44163032687749115,0.0077489165562543375,3.1289899299674804e-06,2.2588786049631934e-07,0.0021232486802549334,0.00012264739240356,0.0001,0.0,16425275.2
845,0.43984949292980147,0.0006660761765048312,0.44111673913791344,0.0037141390370839652,2.9697710671715328e-06,3.4043741787681346e-07,0.0020356268419132093,0.00020221437210473758,0.0001,0.0,16440194.0
846,0.43995495042786537,0.0006929496694177386,0.43780038212511563,0.004645222433923564,2.9846636331383934e-06,4.209933029856108e-07,0.001731314451585648,0.0008246974682671076,0.001740850409651522,0.0032817008193030445,16455261.8
847,0.44005713630087584,0.0006876367591257088,0.4381298204260897,0.0031994290309032567,2.864489571300298e-06,4.7251936303222184e-07,0.001675229915659534,0.0007975379431190476,0.0016854737551229436,0.0031709475102458884,16470298.8
848,0.44010504809066386,0.0006707354387571413,0.43819555732248816,0.002997360266253516,2.6260919952947086e-06,1.155049875870075e-07,0.001899478289271711,0.00016087964101672996,0.0001,0.0,16485356.2
849,0.44013486128586543,0.0006559311613780504,0.4420043467297286,0.0009237725032664478,2.7645311545669544e-06,2.2331271866763292e-07,0.0018412656296732347,0.0001651596251424377,0.0001,0.0,16500251.2
850,0.4402250658421728,0.0006534578906359584,0.4399011782013885,0.00669579701799448,3.117719641269515e-06,3.100937355444188e-07,0.002154047484039241,9.777072087210625e-05,0.0001,0.0,16515183.2
851,0.44024893910320817,0.0006302533222070628,0.44048697813391885,0.002345165146265865,2.749013974075437e-06,2.656150281325138e-07,0.001876778378176591,0.00019301598781189155,0.0001,0.0,16530091.8
852,0.44032514818927504,0.0006096874460141764,0.4406728300541114,0.004231608294373308,2.9665322673411016e-06,4.7175734388820953e-07,0.002095881463477641,0.0002445083542359202,0.0001,0.0,16544979.8
853,0.44035027426484064,0.0006202313634339162,0.43654915305858194,0.004103258647747606,2.8149813522561015e-06,2.703211042107202e-07,0.0019304502535257705,0.0002033205380121448,0.0001,0.0,16560029.8
854,0.4403815845497002,0.0006326856312116776,0.44206774933877957,0.002204692751847573,2.8006644825222753e-06,3.3074799370885344e-07,0.001930163030926519,0.00018079797136628584,0.0001,0.0,16574915.6
855,0.44044817474673315,0.0006524819312107246,0.4420815339675809,0.0019333802203834467,2.9865859600187175e-06,2.1602456092763437e-07,0.002060048817410687,0.000137200750984845,0.0001,0.0,16589779.4
856,0.4405188082723349,0.0006494011590282392,0.4428801499749951,0.0015475395870194434,2.9570633193635546e-06,4.499817181518039e-07,0.002048941324092923,0.0002046350532498453,0.0001,0.0,16604606.4
857,0.44058743978676684,0.0006488528050726651,0.44034758539394475,0.0024859741424472586,2.7765958009347134e-06,3.5555068030774227e-07,0.001965875471989321,0.00021863001941305215,0.0001,0.0,16619513.4
858,0.4406408117647304,0.0006703101231797136,0.4395745963401111,0.004439699952909873,2.9242979853896054e-06,2.3395117104889523e-07,0.0020253175087893345,0.00019918029216201263,0.0001,0.0,16634501.8
859,0.44067864749314295,0.0006749728828382152,0.4438521075079083,0.0035901031469256412,2.905002963964685e-06,1.0692979287862669e-07,0.0019594317992516173,7.360905477086477e-05,0.0001,0.0,16649294.4
860,0.4407347818760273,0.0006897224734832163,0.44260731197691905,0.0040573542251187,2.9970914793164936e-06,1.8533006664097194e-07,0.0020603191637057873,9.394703162888134e-05,0.0001,0.0,16664167.6
861,0.44086024797644807,0.0006973191638223179,0.4404784856319962,0.002403088280318389,3.0195832449079203e-06,3.44882494729663e-07,0.0017531666621514077,0.0008413980713680784,0.0020378406528681623,0.003875681305736325,16679108.6
862,0.44094151308128027,0.0006944761519407657,0.4411487090747482,0.004195809472338316,3.1239872862634238e-06,2.338454715086938e-07,0.0021471028021884378,9.246217458984587e-05,0.0001,0.0,16694015.4
863,0.4410802394356354,0.000642134084589271,0.4390037744101253,0.0032110065375809418,2.919647647561836e-06,4.873205331545197e-07,0.0013465759738130688,0.001033568364919625,0.0034945633554498666,0.004158757759203978,16709036.2
864,0.4412022316952816,0.000633414705770709,0.43936299326539185,0.0034386521312050108,3.066126278867956e-06,5.655657530768871e-07,0.0017979144504853474,0.0008863651315975785,0.0018641352221402195,0.0035282704442804393,16723981.8
865,0.44130277716872984,0.0005777272024920715,0.4397908112714277,0.001860941597725337,2.987278881221199e-06,3.51869378159976e-07,0.0017430190596450078,0.0008232009311726965,0.001790914137771119,0.0033818282755422387,16738953.2
866,0.4413676157631793,0.0005844609195169418,0.44201157581156963,0.005476796811390815,3.1187873157132288e-06,3.9579266520750825e-07,0.002117014325009812,0.00015437619803161502,0.0001,0.0,16753829.2
867,0.44140568592179513,0.0005706875656325521,0.4416392395830891,0.0040497634951788776,2.8815649711109907e-06,4.3802601967306696e-07,0.001958725560316019,0.00030448246570692215,0.0001,0.0,16768736.2
868,0.4415477229597037,0.0005322102214163545,0.43934965510411494,0.0032734530531490827,2.6782078904857874e-06,3.738715598251716e-07,0.0012691439563493779,0.0009587137727967661,0.0034714234161010347,0.004129669000619872,16783725.0
869,0.44158768299791146,0.0005109020624896793,0.4391375127419862,0.003865863194230403,2.8668611859736107e-06,9.068463426959464e-08,0.0019761162245083923,9.514316004694576e-05,0.0001,0.0,16798708.2
870,0.44163435406365165,0.0004995922928458697,0.44407807789275855,0.00185316453214854,2.7669781165706403e-06,2.7919950518685104e-07,0.001941802958215002,0.00011720407703475009,0.0001,0.0,16813537.4
871,0.44169180287913035,0.000501213767401742,0.4379766345950948,0.003937183375876523,2.8355762241873943e-06,4.1054318070218133e-07,0.0019712413958032286,0.00024099661882700079,0.0001,0.0,16828545.2
872,0.44172679295681105,0.000500522552094992,0.4393487675492739,0.003741629527090597,2.994894410457706e-06,2.870286554358613e-07,0.0019982941884626104,0.00014435990131156438,0.0001,0.0,16843542.0
873,0.44177225955217,0.0005250169555175569,0.4422503951779732,0.0037874539732248766,2.92466161873748e-06,3.6274587717486097e-07,0.0020085471165790757,0.0002377589632949965,0.0001,0.0,16858376.8
874,0.4418804663041077,0.0005236585703932912,0.44333382744810096,0.003569314716876573,2.938381815408202e-06,3.5672568965424526e-07,0.0017310990571791011,0.0008255424247939332,0.0018788925300153262,0.0035577850600306527,16873196.4
875,0.4419352582050622,0.0004445432883988287,0.4451748649808942,0.001987874695733199,2.6351146071834645e-06,2.5080162710371227e-07,0.0015479317721788428,0.0007339626597612096,0.0017650591202939343,0.00333011824058787,16887977.8
876,0.44203200696925915,0.00045113268513541843,0.44131769891620165,0.002592615367564955,2.9815852038117292e-06,4.133190032143163e-07,0.002152393498186177,0.00019508257915087007,0.0001,0.0,16902893.2
877,0.4420578971477343,0.00045382275526555273,0.4419552943316546,0.004628041991842988,2.8768178226060053e-06,3.705257177772529e-07,0.0019445822673261862,0.00022753017842353185,0.0001,0.0,16917761.0
878,0.44216395322108404,0.0004988225117938461,0.4397806848510249,0.004939687766315879,3.0013488254444597e-06,5.67980567616104e-07,0.0017222460596038162,0.0008326123778563368,0.0018372303001720832,0.0034744606003441667,16932664.4
879,0.4422238780360095,0.000507274086517411,0.44319708190365326,0.003573102280029872,2.807442302294468e-06,1.0057120109796079e-07,0.002016208843475152,7.427917160766682e-05,0.0001,0.0,16947488.4
880,0.4423181243597134,0.0005216906370751506,0.44361514778431077,0.0031317272854417444,2.960075130325829e-06,3.6239648209646235e-07,0.0016743305709670277,0.0007984384835771571,0.0020016666937287026,0.0038033333874574055,16962305.4
881,0.44241640050172615,0.0005342731507629029,0.43962472706820466,0.0028458197426717287,3.1490925051366254e-06,1.5669671551759345e-07,0.0022148112006748857,6.676763052396128e-05,0.0001,0.0,16977260.6
882,0.44246881555835155,0.0005207340686595831,0.4430298576748449,0.00388244548872768,2.866010652350067e-06,2.044778807708915e-07,0.001975050675602614,0.000125549146123373,0.0001,0.0,16992128.2
883,0.4424662992910989,0.0005073240426116916,0.4425159963930449,0.002963239542450839,2.719269527159423e-06,3.333577650116764e-07,0.0018072401833801974,0.00018800906392517122,0.0001,0.0,17006926.0
884,0.44252906165312283,0.0005099941767513677,0.4441643071456765,0.0027724267614232354,2.8330601238379328e-06,2.6972822260410806e-07,0.0020306682906184115,0.0001615602057389076,0.0001,0.0,17021759.6
885,0.4426141398768036,0.0005381696066625618,0.44276517836107504,0.002278240363813097,2.808060500487203e-06,4.722725195478369e-07,0.0016106625036456193,0.0007860530682818928,0.0018172247718131456,0.003434449543626291,17036564.2
886,0.44266083977309306,0.0005358112040054487,0.44416764692778277,0.0019563675889236304,2.8610817408710318e-06,2.516138299231086e-07,0.0019461399610449632,7.559347255668617e-05,0.0001,0.0,17051405.8
887,0.44270903768374026,0.0005505860844052877,0.44130605106192117,0.002521189523294758,2.9547211212672327e-06,3.213191277664517e-07,0.0020466477590238255,0.00018722785723137753,0.0001,0.0,17066250.4
888,0.4427397860047231,0.0005739236964058246,0.4451575287299877,0.0023173290303604693,2.765511353450879e-06,1.2576253871645856e-07,0.0019251136439620915,0.0001545013510077624,0.0001,0.0,17080993.4
889,0.4427719256617443,0.0006137258020835068,0.44384721184670733,0.00567861576600272,2.7126414728653244e-06,4.060219216952195e-07,0.0019054612337540539,0.00022789779132424516,0.0001,0.0,17095782.0
890,0.44284219057947427,0.0006086512118360372,0.4423439389126759,0.0012932387357202208,2.698351158635669e-06,2.4912051555647186e-07,0.001991760573351136,0.0001581292849958193,0.0001,0.0,17110666.2
891,0.44291560938459645,0.0006079540803469804,0.44366512944611874,0.004922968200930948,3.075159019557299e-06,3.4028360657728025e-07,0.0021458862914201593,9.670729508045002e-05,0.0001,0.0,17125457.2
892,0.4429732711034019,0.0006112466609238613,0.44286093986970015,0.002811015187269858,2.7457884924097575e-06,4.517797948971953e-07,0.0019822245252047776,0.00026848771789999664,0.0001,0.0,17140345.2
893,0.44310971741133554,0.000596275875894487,0.44407338274465397,0.005343377414749705,2.7833943490967126e-06,4.81419369635974e-07,0.0017310559502011786,0.0008401485065541811,0.0018557943050533376,0.0035115886101066756,17155176.2
894,0.44328068085747613,0.0005700104701969037,0.44646342518389687,0.005780558589302857,2.585018953397594e-06,3.567679319241259e-07,0.0008886730986061386,0.0009673092396526266,0.005249902554845415,0.004205336219948653,17169847.8
895,0.44340179435884197,0.0005794782045706853,0.44352844520388535,0.0035569008533570166,3.0534447895906043e-06,3.972949222446392e-07,0.0018246674108111992,0.0008683252285375583,0.001902747600339243,0.0036054952006784858,17184651.2
896,0.4434640869478047,0.0005792044015730098,0.4435179020066962,0.0045142000679863304,2.8191769307142394e-06,2.440939876927716e-07,0.0020252311516202968,0.00010511146192031992,0.0001,0.0,17199499.2
897,0.443502969163504,0.0005736122940427199,0.44616589698585785,0.004763971187107568,2.752803503895304e-06,3.0030808605653856e-07,0.0019666047357062067,0.00015215085142529852,0.0001,0.0,17214195.2
898,0.443635783874365,0.0006043925184913016,0.4440850562641356,0.0024116279561125957,2.873417836603026e-06,4.4568378027229145e-07,0.001793126042686103,0.0008520517696229456,0.0018102680276447108,0.003420536055289422,17229019.8
899,0.44366923576590256,0.0005810178838413805,0.4410842975310464,0.004201439161904442,2.893080312359964e-06,2.0764377748651197e-07,0.0019503515794533437,0.00014864289480478308,0.0001,0.0,17243919.8
900,0.4436966191778211,0.0005959719272181528,0.4474924106442197,0.0049628512379944435,2.9010432773890672e-06,2.7470301297551097e-07,0.001983157068488558,0.00019784597635504316,0.0001,0.0,17258603.8
901,0.44373834398678047,0.0006017066716672125,0.4458332235415482,0.003496692836479751,2.922753449880739e-06,2.0009725754968997e-07,0.002022488876810782,8.617469261292505e-05,0.0001,0.0,17273348.6
902,0.44381417546478596,0.000614410295988043,0.4430998383049646,0.0018637232707925742,2.6292986563832898e-06,3.766819595441409e-07,0.0019756085129207885,0.00021556632840436877,0.0001,0.0,17288122.4
903,0.4438600645317782,0.0006204313701118176,0.44595716058109885,0.004045790663950834,2.780996655202742e-06,2.420307991242348e-07,0.0019867204767084192,0.00016302166400064248,0.0001,0.0,17302869.4
904,0.443956120203387,0.0006841506910530555,0.4439536702834723,0.0030929759587662604,2.793730471515788e-06,3.978938460873529e-07,0.0016407163419241322,0.0008048053464707876,0.0018712502723498294,0.003542500544699659,17317655.6
905,0.4440319177487636,0.0006839257334013324,0.4419534640690763,0.004979970736183639,2.7955721787880117e-06,2.868026422241344e-07,0.002019865995906916,0.0001657168280660557,0.0001,0.0,17332536.6
906,0.4441023318060341,0.0007478956001783065,0.4456740538756459,0.0048271140979046015,2.623852546199145e-06,3.4828574942274656e-07,0.001551084189329558,0.0007323561187740075,0.0017938889712234168,0.003387777942446834,17347278.0
907,0.4441587590893568,0.0007220774248040394,0.4424082921999245,0.0020392942871479756,2.7461881578650957e-06,3.1365154970405576e-07,0.0019602026993626367,0.00018393996671140525,0.0001,0.0,17362112.6
908,0.4441680118232864,0.0007458970943263135,0.44348425502157446,0.003525149392063458,2.6722762571778e-06,3.4885160661615067e-07,0.0018136532851758657,0.00022920757831222609,0.0001,0.0,17376920.8
909,0.44424592769287513,0.000707560319316757,0.4420352987059541,0.0031049160477839414,2.561713251157537e-06,1.616968053748662e-07,0.0015261613757020834,0.0007136190932007053,0.0018256930623471155,0.003451386124694232,17391778.2
910,0.44434994181006876,0.0006695895705144056,0.44260472628623904,0.005000436982596508,2.7763687668042313e-06,2.791595585700754e-07,0.001671536079152026,0.0007957547222803559,0.0018445743413966487,0.0034891486827932985,17406621.6
911,0.44444921190736386,0.0007236238486172612,0.4478630259170523,0.0028946551155516176,3.049839882174859e-06,5.185665631165933e-07,0.0017706342831878541,0.0008493124436436422,0.0018554084552885382,0.003510816910577077,17421242.4
912,0.44460288729986663,0.0006947119159360182,0.44090374885194195,0.0044543327420403424,2.5091703475643265e-06,2.430403089779676e-07,0.0008261110377281334,0.0008959857184833329,0.005428709191509118,0.004354968229892787,17436106.4
913,0.4446936295582463,0.0006846359695840095,0.4435844336890319,0.003149905810028313,2.6330733600031384e-06,3.543404805569625e-07,0.0016149588568260174,0.0007633785320747031,0.0018105126326571006,0.0034210252653142014,17450914.4
914,0.4447499601889856,0.0006731050556162064,0.445956705162291,0.0029976394138923556,2.9187849300838593e-06,5.59922794985537e-07,0.0020266938147858733,0.0002757194769962816,0.0001,0.0,17465677.8
915,0.44483482072408564,0.0006851041359485438,0.4436456499829138,0.005741845262222926,2.8469378272673963e-06,5.104647029272564e-07,0.0016487623503163163,0.0008013206918259265,0.0018932399416137142,0.0035864798832274283,17480446.2
916,0.44487252717566433,0.0006825116300323225,0.44605206651432205,0.0028758849580295966,2.7235833046380403e-06,9.903904826501611e-08,0.0019577500834106697,6.968428824352297e-05,0.0001,0.0,17495161.8
917,0.444909571434695,0.0006783636179080637,0.44540059918078895,0.003628825498803321,2.7779583097866672e-06,3.0168306326467247e-07,0.0019551698950924625,0.00011846685212836502,0.0001,0.0,17509912.6
918,0.444938206779419,0.0006545194584901337,0.44383166800069435,0.0024425480672392334,2.5063644480891198e-06,3.056966328768283e-07,0.0018184266348605527,0.0002494308003116968,0.0001,0.0,17524694.2
919,0.44498136852856157,0.0006695343117011993,0.44578995000686394,0.005561006862237695,3.2112236671425356e-06,2.3459333142457007e-07,0.0021371424061558163,9.038450029162037e-05,0.0001,0.0,17539453.0
920,0.44505767005953983,0.0006890997123346226,0.4454714446851275,0.003759195564390414,2.7349034763128916e-06,4.372909360205772e-07,0.0016129091428596614,0.0007626477234380561,0.001807848544156131,0.0034156970883122625,17554126.4
921,0.4451980014422757,0.0006938811092595622,0.4440563300978776,0.003616202439847428,2.670470013057402e-06,4.167906166190227e-07,0.00085107932389137,0.0009199019627220016,0.005503421591161553,0.004418766924810468,17568934.0
922,0.44524685813227743,0.0006739292385398724,0.441759597358628,0.0039030784476743186,2.585623176126074e-06,2.2787825780633794e-07,0.0018582169917009388,0.00017929629179976863,0.0001,0.0,17583807.0
923,0.4453565348807375,0.0007056760134607323,0.4420438766096332,0.0018677893184722778,2.651995880275628e-06,3.10306920029714e-07,0.0016588776976986994,0.0007947643321808143,0.0018853246867373257,0.0035706493734746518,17598666.2
924,0.4454615243795795,0.0007033857141533332,0.4454934900624091,0.0007898731882660207,2.8777248594048738e-06,4.1991806997336786e-07,0.0017227299478879958,0.000827885968260898,0.001912996433826261,0.0036259928676525225,17613372.8
925,0.44552152131043005,0.000757847403448005,0.4455656764237618,0.00442210023105806,2.750940977775752e-06,2.0056878783992853e-07,0.001584561605539668,0.0007580856316714262,0.002089784658695688,0.003979569317391377,17628107.0
926,0.44556256719322584,0.0007730289910899323,0.44420357732667864,0.006312291848780498,2.6202122071939344e-06,1.7277670387357284e-07,0.0019004594745204075,0.00013364435830390812,0.0001,0.0,17642862.4
927,0.44558792405054576,0.0007598818160949832,0.4437205413142495,0.0028505876045727516,2.766724492557545e-06,4.2361170503157803e-07,0.0019031568149136453,0.00017837079124044688,0.0001,0.0,17657668.0
928,0.44563530664896583,0.0007577660304559045,0.44661648789671615,0.002806424913956977,2.7904161448446186e-06,2.717744196482111e-07,0.00200450844028201,0.0001510578653853145,0.0001,0.0,17672357.2
929,0.445730579250864,0.0007233574893957573,0.4449873133786209,0.002783598732880759,2.5215179046256923e-06,3.5738907667971497e-07,0.001601412790169498,0.0007705866509339065,0.001802184140050621,0.0034043682801012426,17687103.6
930,0.44584414509917264,0.0007173105394963315,0.4412724706258393,0.0030580036002786975,2.913925676542437e-06,4.3712272468573354e-07,0.00177790812291692,0.0008468916177801942,0.0019406235209504601,0.0036812470419009206,17701901.8
931,0.445956500948423,0.00071069056873973,0.44739503869856884,0.0024330294687244947,2.811068738593971e-06,3.7293962043536546e-07,0.001699209140558625,0.0008132346639801688,0.0019523889559015205,0.0037047779118030413,17716591.6
932,0.44599226055594965,0.0007369740116092175,0.4454481228559282,0.0030544053674638636,3.0691274136848945e-06,1.8231188544881166e-07,0.002059448928954057,0.00016780259949929896,0.0001,0.0,17731340.4
933,0.4459994689398079,0.0007242211522659766,0.4436667768518817,0.005328332003388572,2.674738117119325e-06,3.3212033783320613e-07,0.0018629645540786974,0.000225294946285793,0.0001,0.0,17746120.4
934,0.4460605237158986,0.0007928112426441744,0.44623526157008014,0.0028974088427784267,2.629620172526626e-06,1.8228151068205297e-07,0.001519157669253652,0.0007134024187714572,0.002055819345179511,0.003911638690359022,17760827.8
935,0.4461378019606391,0.0007160112662439136,0.4460772554090088,0.002735826431682728,2.900188733879037e-06,3.0567109157905364e-07,0.001656567383279344,0.000788642020323338,0.0019664054462563427,0.0037328108925126858,17775537.4
936,0.4461623920603289,0.0007167884057542184,0.446740713369589,0.0022207333940940156,2.7220015113134577e-06,3.206048903153101e-07,0.0019006891727885347,0.00019418251272990624,0.0001,0.0,17790228.2
937,0.4462066391777479,0.0007310724474677051,0.4426709574211166,0.003302714154229999,2.8285121255181673e-06,2.865878200339894e-07,0.0019950769934183065,0.00019211304334592824,0.0001,0.0,17805094.4
938,0.4462451685844512,0.0007545662198824619,0.44922746312527684,0.002994482809344163,2.739586415519154e-06,2.8029175691497224e-07,0.0019660579982607894,0.00017935730620078394,0.0001,0.0,17819706.2
939,0.44626780239543784,0.0007167366470296283,0.4421163460902169,0.004024531239183424,2.5580235882677547e-06,2.2269548544910095e-07,0.0018715546998514284,0.00010764586789511118,0.0001,0.0,17834570.0
940,0.4463252269217808,0.0007877663352871855,0.44428653656995865,0.0049958488199152926,2.6267006213972934e-06,2.5611921456547184e-07,0.0015418178672571149,0.0007263856219540233,0.001962440662875532,0.003724881325751064,17849350.6
941,0.44642573257212226,0.0008190108917437281,0.4462288850511452,0.0024187243650318564,2.7904193387989224e-06,3.448874006703971e-07,0.0016928686166052457,0.000799625902078704,0.0019956679840677878,0.0037913359681355755,17864027.4
942,0.44650677659066007,0.0008461722048704281,0.4442097538569489,0.0020456663265359084,2.8172593733974546e-06,2.8492582260955353e-07,0.0016471791767975253,0.0007799651186391098,0.002021977823342805,0.0038439556466856096,17878792.4
943,0.4465330345041026,0.0008576160604072315,0.4467462710369647,0.002545003119240306,2.5648924893982545e-06,2.7889441307977e-07,0.0018259056201509727,0.00015638419623519744,0.0001,0.0,17893441.8
944,0.44658412747265414,0.0008107383989988175,0.4448279538524379,0.0047405275380310846,2.7886140187779414e-06,2.506292734218726e-07,0.0020418901186865465,0.0001606755477172773,0.0001,0.0,17908186.0
945,0.44667994656757504,0.0007191786986573164,0.4481145609971022,0.004648976104324561,2.6672500957261526e-06,4.995265085945604e-07,0.0012036145967181616,0.0009417525840020073,0.003638137096796611,0.004333321791501029,17922821.6
946,0.4466858028552737,0.0006975738925988437,0.44846829370352487,0.0033694352811712153,2.4764730977083233e-06,6.9893733599462e-08,0.0017523147580482124,0.0001473967613816893,0.0001,0.0,17937474.2
947,0.4468098760277711,0.0007665557273277681,0.4466923604529411,0.003656818845616891,2.553612332994925e-06,2.8353643864210207e-07,0.0011940715233543639,0.0009095857710967795,0.0038851506296336824,0.004647627874177633,17952181.6
948,0.44691631162175566,0.0007720017151476173,0.447800796801958,0.00471913397436388,2.72474131964858e-06,3.771872925727124e-07,0.0016828704869670072,0.0008216115576665895,0.0018764510710796941,0.003552902142159389,17966825.8
949,0.44701390602014773,0.0007502806794280366,0.44802895961390743,0.005259179507723725,2.6068611304204797e-06,2.536867070821043e-07,0.0016329579876427486,0.0007681024863768019,0.0018185464421300757,0.003437092884260152,17981460.6
950,0.44707199529326846,0.0007487878329399275,0.4453170789265572,0.0034314065833542895,2.81093714334959e-06,2.9771000732808896e-07,0.0020471185404621122,0.00014698751575830494,0.0001,0.0,17996200.2
951,0.4471221559729347,0.0007532412809595533,0.4490504660747119,0.0016830531636196835,2.7635771029450857e-06,2.140267095917502e-07,0.002005250782136253,8.678079460117067e-05,0.0001,0.0,18010869.0
952,0.4472959930043956,0.0007221606370233892,0.4473260464159967,0.0024854548593806177,2.566655001533787e-06,3.738564193418636e-07,0.0009449098234942634,0.001035617701578867,0.005633290701621033,0.004523986140217055,18025495.0
953,0.44739988542930786,0.0007556826577256276,0.44944272032039007,0.0046107506190170506,2.6926452279837124e-06,3.4260513053481156e-07,0.0016814488420966052,0.0007973556543190694,0.0018516419633499552,0.0035032839266999106,18040090.6
954,0.44748670368286936,0.0007725019035372981,0.44601998149145244,0.003918620811286163,2.567070878650757e-06,1.9997285754835973e-07,0.0016155521896202784,0.000758268992204065,0.0018964241270471379,0.003592848254094276,18054815.2
955,0.44760116073682504,0.0008225235942743222,0.44716316417384017,0.004757904836566591,2.5631155666613684e-06,3.5998270237148417e-07,0.0012625406904307368,0.000949613283304008,0.003804907182380271,0.004538031263399822,18069469.8
956,0.44763734353443246,0.0007727444220747348,0.4484192771115965,0.0029022234055876834,2.796855181757547e-06,3.699064836660288e-07,0.0019791470739272047,0.0002707100790839906,0.0001,0.0,18084042.0
957,0.44768157541811354,0.0007471104593315492,0.45106798040247165,0.0052556234838347145,2.8739209961839638e-06,4.2166356646819185e-07,0.0020098965655421324,0.00019875550557782752,0.0001,0.0,18098542.6
958,0.44781566378586596,0.000755810097748478,0.44557371050113853,0.004792869334724445,2.733254642766432e-06,4.340979007475732e-07,0.0013265420234317925,0.0010112875642086206,0.003839074094440658,0.0045832916195877905,18113330.0
959,0.44794298250947406,0.0006715522845886172,0.4501067329775449,0.0049977713187679676,2.742790120256292e-06,3.2597733754211494e-07,0.0013256951189908163,0.0010008592276232785,0.003816611441750776,0.004553123551351403,18127910.2
960,0.4480085844091855,0.0006990779068586293,0.4482340966500649,0.003670054001975703,2.778144801450631e-06,1.7596066693552187e-07,0.002043533002112817,0.0001870829856237786,0.0001,0.0,18142509.4
961,0.4481148206715462,0.000724356375017089,0.44891230189730325,0.005919259112060336,2.6194061110898584e-06,2.2161331991298347e-07,0.0015954460151482255,0.000753594561872094,0.0022036955467444356,0.004207391093488871,18157160.4
962,0.44820709030762773,0.0007633595382381221,0.44946277969354204,0.0024537342297294225,2.7406580653119513e-06,4.168676030658587e-07,0.0016405388702398222,0.0007999510353044916,0.0020997142554290468,0.003999428510858094,18171761.2
963,0.4482688861835216,0.0007971894724064829,0.4477800950725384,0.005016941916049372,2.889194666736016e-06,4.1731161666082785e-07,0.002057328331122104,0.00035752059130425725,0.0001,0.0,18186375.0
964,0.4483328649774741,0.0007192615440349332,0.4473093876340572,0.001715106057572207,2.8157384753464914e-06,3.027511225090794e-07,0.0016192396022428758,0.0007682337612701927,0.0020697040042367216,0.003939408008473444,18201030.4
965,0.44836338987782265,0.0007413020625800628,0.44999089265880154,0.002887487149000459,2.9774394836506634e-06,3.3206842629505864e-08,0.0020530982545338776,3.7473232686876886e-05,0.0001,0.0,18215594.0
966,0.44839388796498625,0.0007221888050678962,0.44859505777510583,0.004337562188848111,2.7011274285517e-06,1.6586233098566989e-07,0.001906414933632209,0.00013765478619394176,0.0001,0.0,18230210.0
967,0.4484109467312165,0.0007094907718549465,0.45033760627515085,0.0037612559631239858,2.6472275279622547e-06,3.0684006058136744e-07,0.0018487740170313994,0.0002552437221006379,0.0001,0.0,18244733.6
968,0.44849982211547806,0.0006826319198055448,0.4440354473228238,0.0033472194408775057,2.5464215490775205e-06,1.747744857700516e-07,0.001597695255551802,0.000750995237509278,0.0019591433854141264,0.003718286770828254,18259484.4
969,0.4486216698083373,0.0006734481143076548,0.4465751627422588,0.004080733143922343,2.8086490397117933e-06,3.8192389065316907e-07,0.0013279849314511757,0.0010073590265526602,0.00402047155300004,0.004804561178356128,18274202.8
970,0.44871027772884703,0.0007371262731294675,0.450552291846429,0.0024286377391814183,2.6371881657279224e-06,3.1177754269208117e-07,0.0015804458984082447,0.0007680109940638866,0.0021957114365491947,0.004191422873098391,18288729.4
971,0.44879346839267775,0.0007311821616682878,0.4492725305235522,0.003670839114078518,2.4588205844019487e-06,3.620825402794593e-07,0.001536801581966832,0.0007334817021551649,0.0018550611894244437,0.0035101223788488877,18303311.8
972,0.4488801233583792,0.0007452580243540478,0.44903258094867854,0.004178544591097298,2.916367352701599e-06,4.774879210681936e-07,0.0017205015642181,0.000825484797483814,0.0018919992067319993,0.003583998413463999,18317905.2
973,0.449002692649424,0.000751496025666692,0.45119531107194744,0.0029715343040234068,2.2925809078932286e-06,1.7003627616705374e-07,0.0011738396819188127,0.0008783782600805408,0.003910487543350048,0.004670109789754556,18332435.2
974,0.44902698911988503,0.0007734748143678996,0.44372747037144294,0.0041346015143532335,2.5838676966183595e-06,4.812582960615089e-07,0.001855689467978162,0.0003088664563463772,0.0001,0.0,18347207.4
975,0.44912092745765964,0.000834192777372481,0.45194358887031677,0.004142182023032026,2.502605755943366e-06,2.3493452956187456e-07,0.0010820059322783023,0.000818421479475352,0.004188008586875983,0.005008119618776713,18361720.6
976,0.44921536786700444,0.000764829261421621,0.44720699049144325,0.003720148745501028,2.5399074292944144e-06,2.960967543589187e-07,0.0011924758965964322,0.0008934710766981005,0.0038735915861186853,0.004621874831230181,18376330.6
977,0.449303134483993,0.0008017854159865685,0.4485339613072207,0.0035216112792420154,2.742346671023791e-06,4.6345778883621757e-07,0.001638004570603837,0.0007981578731273802,0.0021897978164846154,0.004179595632969232,18390924.0
978,0.44936054090273136,0.0008026511154213156,0.44863939789130713,0.00368258093338492,3.0666175669175014e-06,3.016716464631111e-07,0.0021129577827005562,0.00015887957556852037,0.0001,0.0,18405526.4
979,0.44941061203318916,0.0007906597723450466,0.4542902074252465,0.004319586361660101,2.7005659100859656e-06,2.591196943641531e-07,0.0019662017240365303,0.0001686219915654411,0.0001,0.0,18419938.6
980,0.4495170511740388,0.0008249380713078874,0.44828753434779156,0.0019929849466817522,2.85066432061247e-06,3.8765088587571215e-07,0.0017323813270250805,0.0008319355018894878,0.002194923717625434,0.004189847435250868,18434564.6
981,0.44962358953874954,0.0008271959959087197,0.44817944960443923,0.004861313755864719,2.5762953223017495e-06,2.599032566072752e-07,0.0016375396687500273,0.0007771971466694361,0.0020562374513798535,0.003912474902759706,18449172.6
982,0.44977520631126533,0.0007616198698805319,0.44975409047535814,0.003686181427299848,2.5671284197081867e-06,2.6578252508507333e-07,0.001291537259602181,0.00097533187209593,0.004016575494714953,0.004797060351774759,18463786.4
983,0.4498767739314056,0.0007582699504327479,0.4496800381255436,0.004492594833359254,2.8168787049370322e-06,4.355050898827451e-07,0.0017310836328146505,0.0008314746938567111,0.0020138203550005397,0.00382764071000108,18478362.4
984,0.44992175001796886,0.0008439928607196714,0.44478538196309475,0.0033798485115523074,2.4141514842220182e-06,3.8203642281307666e-07,0.0013780933179352503,0.0006892525944282408,0.0021307765172763277,0.004061553034552655,18493085.8
985,0.4500363045771151,0.0008856573135195384,0.45196982478683667,0.002880229032024111,2.441863056101504e-06,1.639374712502664e-07,0.0011967203544504983,0.0008956950094315379,0.0040672004690089,0.004858865345893407,18507582.6
986,0.45006907573555327,0.0008801687970290636,0.44927892601843034,0.0030205828404036694,2.6824446725646506e-06,1.8650086147110393e-07,0.0019399529904047664,9.40527073050476e-05,0.0001,0.0,18522153.8
987,0.45011038665002634,0.0008593392109678634,0.4520869953208896,0.004667928576481142,3.0905895804644705e-06,5.920786834825819e-07,0.002103518223644646,0.00023006345863856148,0.0001,0.0,18536629.0
988,0.45017409457620994,0.0008674020367603073,0.45036814814594406,0.003274730417117135,2.8807100125664767e-06,2.8127168663702347e-07,0.002110723243808817,9.63437727519144e-05,0.0001,0.0,18551152.8
989,0.45030315920125774,0.0009126586208823152,0.45103196040060245,0.004113827351994701,2.5068607262820668e-06,2.1072099261039647e-07,0.001244218067822165,0.0009382814802916934,0.0041970482560818685,0.005017839602598594,18565652.0
990,0.4504219891020413,0.0008957454160179402,0.4467781742639378,0.0009232864491928376,2.597996678506809e-06,1.9949819628251071e-07,0.0012246350526416623,0.0009222574241069549,0.004290781728134163,0.005161035627346484,18580292.2
991,0.45046491166931835,0.000922765566496182,0.454326791306998,0.0034281124833840755,2.839200395143744e-06,2.873478770288566e-07,0.0019864982956657464,0.0002115412818481223,0.0001,0.0,18594730.2
992,0.4504749121087577,0.0009116653306592883,0.45103637931647944,0.003974344721635783,2.6834385334104437e-06,2.1365646084997704e-07,0.001864640273592932,0.0002214608192103885,0.0001,0.0,18609263.8
993,0.4505607761922172,0.0009407097934929505,0.4503088813302047,0.0023391004486534362,2.882173588112548e-06,2.4869402344863213e-07,0.0017031098309365114,0.0008021239319633159,0.0021868046664823746,0.0041736093329647495,18623825.8
994,0.4506582200301884,0.0008943457970164986,0.4504062464275894,0.005566546645630568,2.60223866270639e-06,3.985935374029708e-07,0.0016419420051854102,0.0007953717364266334,0.001916782241711656,0.003633564483423313,18638393.2
995,0.45073790576591033,0.0008454628214054523,0.451222039160308,0.0029008843454020987,2.622108896977715e-06,4.90786587230655e-07,0.001589444441315764,0.000783288893317381,0.001990984240445215,0.0037819684808904305,18652878.4
996,0.45087553698803895,0.0008865170975268869,0.45385011730543257,0.0046879472395619575,2.6176592772316355e-06,3.314288874879566e-07,0.00131326950340602,0.0009990792152058928,0.004291176712426609,0.005135214405542602,18667337.0
997,0.45093139531133286,0.0008547264074484283,0.4495414084219602,0.003685069415899066,2.803187254211457e-06,5.152876216669248e-07,0.0020364829036741013,0.0002798367903609003,0.0001,0.0,18681913.8
998,0.45098016503642163,0.0008946471209677438,0.45178160361490194,0.005351071571552409,2.612683708479219e-06,3.58355667778e-07,0.0015121770620023275,0.0007234854279451641,0.0021822241798823893,0.004164448359764778,18696411.2
999,0.4510756878500489,0.0009365209116057578,0.45218803627704646,0.0027070933192545233,2.5667513815323173e-06,3.6893508802354846e-07,0.0016382723418560366,0.0007739400059757777,0.00214798880794288,0.00409597761588576,18710911.2
1000,0.45126203763451267,0.0009326737208259927,0.4546685414834995,0.0021739804137023604,2.2776202496890512e-06,1.166091581647941e-07,0.000405486440925551,0.0006109728818511019,0.00832170532247814,0.004156097826469243,18725372.0
1001,0.45137687442079544,0.0009483732050076422,0.4486345189888061,0.004512705149585577,2.7296245184898018e-06,3.86576447402832e-07,0.0017224076985651528,0.0008168060138605174,0.0021293648835952845,0.00405872976719057,18739991.0
1002,0.4514865725990086,0.0009056821238574375,0.44863953544285184,0.0051790787806125895,2.6907978149731846e-06,3.981481283248981e-07,0.0017235131125745776,0.0008308906028074445,0.002005339134183477,0.003810678268366955,18754603.4
1003,0.4516029410919568,0.0009312650218559458,0.44945634982715177,0.0036865850533630167,2.638527861760294e-06,2.2138735501421481e-07,0.0017026270434250166,0.0008038185516875695,0.0021875964746242895,0.004175192949248579,18769188.4
1004,0.4516783706391113,0.000995393693017301,0.45504905633066584,0.003828569022251021,2.5238058313756777e-06,2.1545772435887928e-07,0.0015454237681303304,0.0007528693923262055,0.0022484909561721264,0.004296981912344253,18783568.2
1005,0.4516965687671582,0.0009407383139250112,0.45241301435062375,0.0041463533093031805,2.4804478972058773e-06,1.8522987947784332e-07,0.001861951469274255,0.00019657098638440276,0.0001,0.0,18798050.4
1006,0.4518004251997606,0.0008914861364471173,0.44937427943019337,0.0032642178594751254,2.5013977056985154e-06,1.553783908524413e-07,0.0016284621486246035,0.0007660604339259636,0.0020520900857604026,0.003904180171520805,18812621.8
1007,0.4518319723462712,0.0009252921827185272,0.4472215138120402,0.004383771296294113,2.760275457793517e-06,1.5954522145898995e-07,0.001955482559961251,0.00018961891447671523,0.0001,0.0,18827317.4
1008,0.4518414212103258,0.0009499141563824589,0.4498339026183785,0.003585036956064045,2.6344458206957905e-06,3.281195735428377e-07,0.0019029020431112625,0.00021187628300272114,0.0001,0.0,18841853.4
1009,0.4519302779238319,0.0009598551348281762,0.451217836639697,0.004644274479036379,2.3836672088031213e-06,3.396621721566755e-07,0.0011215854536124558,0.0008491281207644528,0.004016285196917593,0.004802352161120164,18856328.6
1010,0.4519692534662978,0.000955267070832869,0.4519427601422798,0.004642187324941775,2.8200213142998625e-06,1.515716364255024e-07,0.0020277396651914815,0.0001613745697848797,0.0001,0.0,18870828.4
1011,0.4520411824487506,0.0009691633208166577,0.4488508590137371,0.0038927630271891646,2.7655937820399545e-06,4.537696539178632e-07,0.0020768836841822723,0.00019313207440113978,0.0001,0.0,18885443.0
1012,0.45217065160904635,0.0008942834324437719,0.4516319027683787,0.005883974531340956,2.57532498768577e-06,3.52158312835624e-07,0.0012450013458355608,0.0009557946428961673,0.004198875043594772,0.005023523095375133,18899935.8
1013,0.45224858523342804,0.0009049507416564383,0.45208276622717153,0.0023739928086755247,2.5091146033256757e-06,9.229831919684707e-08,0.0015574184299005562,0.000728873328837885,0.0022243826387492605,0.004248765277498521,18914447.2
1014,0.4522908838651366,0.0009074460560786272,0.4543589311728843,0.00057025462764739,2.686407084155498e-06,4.644154767974377e-07,0.0019709536361017244,0.00023152078345413155,0.0001,0.0,18928818.4
1015,0.45240455251209405,0.0008254158201588049,0.4505572813045154,0.00483975949294267,2.5566613022821323e-06,2.4139563663743674e-07,0.001221050864508229,0.0009230897832920481,0.004246462105873939,0.005079414280813941,18943326.4
1016,0.4524188873653109,0.0008553391512420874,0.4522715562853309,0.0028181439819529187,2.478606077033746e-06,2.2984349908114172e-07,0.0017846225429443397,0.00013526241791339528,0.0001,0.0,18957782.0
1017,0.4525402578072207,0.0008789183803652103,0.45196096533153246,0.002354604481299997,2.6729999170402316e-06,4.0059939308873797e-07,0.001325747069544862,0.0010026446026164873,0.004354588836248787,0.005222334684915353,18972269.6
1018,0.45258306829995887,0.0008882126454472062,0.4524227351557884,0.003648122451333478,2.6097297311265854e-06,2.545838840616029e-07,0.00197670776011872,0.0002109660446306424,0.0001,0.0,18986718.6
1019,0.45262293036004203,0.0008872839026140666,0.45487769561859787,0.0036623756551478447,2.578880633406766e-06,1.777410964813011e-07,0.0019103650250577018,0.00015624279736405175,0.0001,0.0,19001073.6
1020,0.4526872685173201,0.0009064428056018353,0.45077781657049654,0.0032733751605068394,2.282571519189349e-06,2.1299041259203118e-07,0.0014494801170399836,0.0006811005696788152,0.002075192282081314,0.003950384564162628,19015583.8
1021,0.45275044116163005,0.0009184595697969117,0.45305898115525256,0.004566114397592667,2.7405835036238987e-06,3.045913916489601e-07,0.0020474219871915835,0.00017122334032647286,0.0001,0.0,19030027.2
1022,0.45289387730646685,0.0010009554291646198,0.45378257951377465,0.005261792333389343,2.42236727534402e-06,3.6953153016204613e-07,0.0008257159118412646,0.0008953101571186963,0.00650872203859061,0.005232921789093565,19044441.4
1023,0.4530027623971848,0.0009259690754548031,0.45427063233477033,0.002947484701300207,2.6669849664431498e-06,4.067880601272588e-07,0.001244873318108168,0.0009552159102462905,0.004314083312159475,0.0051647526537942,19058821.6
1024,0.4530788890335532,0.0009517103048793269,0.4540108406778243,0.006183251339759512,2.4963822148895426e-06,2.880863863714702e-07,0.0015076747017039507,0.000723230430277738,0.0023291565816859097,0.00445831316337182,19073221.2
1025,0.45310369273465556,0.0009749525475841257,0.4525933823790699,0.004949193132684303,2.5213971054948e-06,2.4206361876574397e-07,0.0019061082288293497,0.00010210233522392096,0.0001,0.0,19087695.2
1026,0.4532707166538298,0.0009434671591428265,0.4558885627107806,0.0031124311992680206,2.6338188654004994e-06,3.5018050639773614e-07,0.0009237671904300073,0.0010099396023655251,0.006555621033326758,0.005273670642329101,19102007.4
1027,0.4533770914042125,0.000892685339796742,0.4544724214333346,0.003767814466134477,2.6604689871806938e-06,3.1555072002786443e-07,0.001720492461016162,0.0008250836104450748,0.002109470669251559,0.004018941338503119,19116382.2
1028,0.45346312877581746,0.0008813322468884044,0.4540651044074314,0.0031153607100482678,2.3513763545699054e-06,5.5719547308244074e-08,0.0010471343604164175,0.0007750123691325226,0.004428317118121899,0.0053025404886472595,19130759.0
1029,0.4536124235168349,0.0009110830781101821,0.4570291308615211,0.0031891134272297498,2.4118977309397265e-06,2.3163952034220894e-07,0.0007976060093628475,0.0008576552513134851,0.006915484710508056,0.005594425003299976,19145067.6
1030,0.45362497638810473,0.0009107012273706729,0.45267219920426216,0.0025957881086725062,2.425575593812365e-06,1.931881595709527e-07,0.0017607995941067971,0.00013336827501584677,0.0001,0.0,19159532.2
1031,0.4537021278740845,0.0009120613352698747,0.4529928693963984,0.0035106345161002132,2.6838727415201447e-06,2.625787584537858e-07,0.0020339881783019145,0.00013316713727936873,0.0001,0.0,19174008.0
1032,0.45381427214263825,0.0009333600275085346,0.4543370980396011,0.003394713975820074,2.516017353281861e-06,2.8919872145084354e-07,0.0016854185268535074,0.0008012543899279737,0.0021622987689183014,0.004124597537836602,19188411.6
1033,0.45382072669701445,0.0009215559667582113,0.45220722551168235,0.004722227994635265,2.5921587079278235e-06,2.8033276669736217e-07,0.0017803945380357026,0.00016177465675035958,0.0001,0.0,19202870.0
1034,0.4538590019211872,0.000986422920630679,0.4533772494592929,0.004683449885562467,2.5697339271782734e-06,2.6947847647602577e-07,0.001531235782731371,0.0007443682621656938,0.002260235721258255,0.004320471442516511,19217326.6
1035,0.4539615087146419,0.0009636007564033551,0.4550262830099781,0.004642693132863021,2.49215967292194e-06,2.3723761341711642e-07,0.0011779604920083646,0.000890326815564821,0.004499348397007408,0.005406872857024269,19231710.6
1036,0.4541525250027106,0.0009790350540706731,0.4528033713232091,0.00499593989806334,2.3662541534753423e-06,5.0849534160680654e-08,0.0004634902623485384,0.0007269805246970769,0.009171218919212054,0.004551464665987102,19246151.4
1037,0.4542278462689973,0.0009191098476497365,0.4534400890588299,0.00538747048995674,2.3525007019462135e-06,2.818361360959096e-07,0.0014969820835397407,0.000714413472247715,0.002116287082171661,0.004032574164343323,19260548.8
1038,0.4542836996336307,0.0008398976421592428,0.45331419619055735,0.005607067207956676,2.3340902970991012e-06,1.8480285923674638e-07,0.0014150198775900087,0.0006586766360497881,0.0022210556863426203,0.004242111372685242,19274980.4
1039,0.4543321679000118,0.0008317877918867274,0.45349831770377175,0.0024720448059820047,2.4739926333243486e-06,2.453702216273376e-07,0.0019115417798698914,0.00015958932522924614,0.0001,0.0,19289401.6
1040,0.45449308431597213,0.0007600380576778559,0.4529830515092549,0.0030338614241184024,2.5678335089446825e-06,3.725692561492764e-07,0.0009257950057886044,0.0010131169023460263,0.006728633877739582,0.005424032411353422,19303854.4
1041,0.4546031808654595,0.000712937361235075,0.4515316006855546,0.0023020658551160295,2.569081819869121e-06,3.3618462511570034e-07,0.0016475453794346194,0.0008009762953259957,0.002378015199555808,0.004556030399111616,19318352.6
1042,0.4547026105366445,0.0007345562913382293,0.45521468170936086,0.005610005732230256,2.464492504960269e-06,1.9171477246850204e-07,0.0011487617104758267,0.0008567049344015697,0.0047676688889961,0.005723168047204742,19332731.2
1043,0.45478278317917303,0.0006681045098477111,0.4541076920908681,0.0022746894610449126,2.5480561437201907e-06,2.8381928476113704e-07,0.0015909082829625714,0.0007589515830611923,0.0022812570213738546,0.00436251404274771,19347104.0
1044,0.4548583476138587,0.0006078928762381587,0.45671077443887886,0.0017053742925776376,2.3105783934690066e-06,1.984844261073405e-07,0.0015037400691564954,0.0007273576196722158,0.0022541669251687586,0.0043083338503375175,19361434.8
1045,0.4548239503624987,0.0006405854116274748,0.45520356465618833,0.004110840612609528,2.6724204403121e-06,1.0113643997675294e-07,0.0018328923393596424,0.00012835371103211613,0.0001,0.0,19375787.2
1046,0.4549314037419013,0.0006828715547961609,0.4553457307439851,0.003006179718022822,2.6207133429966237e-06,1.1084171842962872e-07,0.0016550688126506824,0.0007836254635286604,0.002673227170622462,0.005146454341244925,19390153.6
1047,0.4550177519978444,0.0007475625602358001,0.4522728720714819,0.0027156220139503105,2.662624131780053e-06,4.048080876744326e-07,0.0016501114762774772,0.0008164525253770475,0.002363296271617632,0.004526592543235264,19404570.6
1048,0.45506956235855867,0.0007431855253050373,0.4538692505639971,0.004534365406644943,2.6156667051168465e-06,2.371808706199782e-07,0.0019607170328702047,8.417011921574375e-05,0.0001,0.0,19418989.4
1049,0.45513877930884633,0.0007252804015472462,0.4526073493240926,0.004334847326250188,2.5434877693445483e-06,2.0867138643734974e-07,0.0015668213120018134,0.0007428260604425957,0.0022833345981221635,0.004366669196244328,19433441.4
1050,0.45521017818158765,0.0007275763391771264,0.45420334539325086,0.0033247790657240503,2.547685701102295e-06,1.0727505349677214e-07,0.0020023191499943162,3.475479301719625e-05,0.0001,0.0,19447855.0
1051,0.4553147239348874,0.0007536628881482391,0.4558655560797069,0.005294256725013015,2.469041195685745e-06,1.8403728379561473e-07,0.0011415482370983373,0.0008546755940990817,0.004957804138793542,0.00595430737088202,19462217.0
1052,0.4554358325559516,0.0007662610922814516,0.453654507208075,0.004596572998066578,2.4786198752388274e-06,5.994174376444736e-08,0.0011711081615684428,0.0008795582071698435,0.004890698703516156,0.005869342269898876,19476675.0
1053,0.4554721553848398,0.0007706826821886663,0.45584692679010413,0.002815559708982376,2.668126645644807e-06,1.1433564275780349e-07,0.0019955857479375355,0.00011704944792293982,0.0001,0.0,19491000.2
1054,0.4555420474350508,0.0008101209569196335,0.4592622845379637,0.003532120325527067,2.407510842003848e-06,1.768354106774633e-07,0.0010961444074461043,0.0008150249588971029,0.004783306606402867,0.005742579983802693,19505210.2
1055,0.4556513116459847,0.0008512305865262229,0.45571944765051126,0.004713754812824566,2.2903190632916984e-06,1.2367974345218438e-07,0.0011564694868426823,0.0008637665404212753,0.004850134385489801,0.005819296299750237,19519568.6
1056,0.45571036410690474,0.000801730117156361,0.4546014525257104,0.005463033408919999,2.504425752012381e-06,1.7582228154077274e-07,0.0015219349819563075,0.0007236091504202178,0.0024117708714097457,0.004623541742819493,19533946.6
1057,0.45572868076833284,0.0008211491874579762,0.4541527652132825,0.0050003288654303195,2.642440247674177e-06,2.237707844044044e-07,0.0018883074456914131,0.0001716059320373899,0.0001,0.0,19548306.8
1058,0.45582824696291463,0.000831005193146514,0.45487300251263374,0.0013069688853792547,2.4507941876135865e-06,2.6374835892749376e-07,0.001175553030203588,0.0008797411801667028,0.004759712913895232,0.005708504590204873,19562635.0
1059,0.4559574150526425,0.0008604319278895605,0.46011036298027674,0.003381928377356729,2.5435616327209506e-06,4.4133668702852744e-07,0.0012809426758327706,0.0009715199530660769,0.004917028184839686,0.005900606654600602,19576802.0
1060,0.45607342146767815,0.0008494627721792098,0.4558948603926063,0.0039608615755751505,2.5665222242172805e-06,4.1178233121852697e-07,0.001257062258993195,0.0009529846868010256,0.004744972118975671,0.005688922957194372,19591133.2
1061,0.45623484061431896,0.0008986616647880167,0.4539062184620749,0.002835898791376522,2.379640659360855e-06,1.995984031726804e-07,0.0008657674565521855,0.0009409634965113183,0.007426303784850994,0.005991953133291569,19605536.0
1062,0.45627530722320725,0.0009101418676898697,0.4571983477289968,0.0030421612085346867,2.6601296082056566e-06,3.135459695853742e-07,0.0019743665783293392,0.0001877152913396518,0.0001,0.0,19619776.4
1063,0.4563288061792061,0.000910020721891508,0.4563089192110269,0.0034777807563152927,2.71165595159479e-06,2.410748370203946e-07,0.0020260432975162538,0.0001424093606068251,0.0001,0.0,19634073.0
1064,0.45643386222770915,0.0008441075730776175,0.45429556802464066,0.004045023547877399,2.5844739321967245e-06,2.1447383945876672e-07,0.0012475375949016845,0.0009416917171133399,0.004801734386784879,0.005758755349086887,19648426.4
1065,0.4565284778188038,0.0007914857625444513,0.4576934800412468,0.0023756348867406364,2.4347927307153977e-06,2.9410604024015154e-07,0.001626573902357102,0.0007837677836262017,0.002270142318263137,0.004340284636526276,19662699.8
1066,0.4566533341861024,0.0007377825754757027,0.455354702079684,0.0019043156689559644,2.46425940562072e-06,2.3328248203404706e-07,0.0012222193980863663,0.0009328697669673247,0.004840288243143466,0.005811228253048252,19677020.8
1067,0.4567694220211315,0.0007632711381111144,0.4563757911898416,0.0024113069998045063,2.3741162977381685e-06,1.406818901797693e-07,0.0011772831647517633,0.0008800037182294809,0.004961468691818379,0.0059549706364521275,19691296.0
1068,0.45696210384619523,0.0007706973318875018,0.46089139916558475,0.003867309057630063,2.281571557197936e-06,6.862180142744767e-08,0.00046279974198108075,0.0007255994839621615,0.00997776724304662,0.004974904200900478,19705446.6
1069,0.4570570701656271,0.0007089458058168286,0.4569163868544723,0.0023784438306787207,2.4223465380905518e-06,5.418519552076561e-08,0.0015768574957761908,0.0007392381881732669,0.0025354057509949755,0.004870811501989952,19719758.8
1070,0.45715499808876603,0.0007413800471489954,0.454873392776684,0.0030308776334173546,2.6038795138587837e-06,3.578989325034438e-07,0.0016653156390959746,0.0007950086463614945,0.002644266654097259,0.005088533308194518,19734145.4
1071,0.4572644129722936,0.0007347252138072992,0.45760629562917765,0.003165628341053787,2.722634360614803e-06,2.8591540148070475e-07,0.001729473354534404,0.0008159176075295527,0.002549116347127026,0.0048982326942540524,19748405.6
1072,0.45732960525891625,0.000749674898667592,0.45536384178742273,0.0025604325475777254,2.8952738409471027e-06,2.2795185474301587e-07,0.00211591347111307,0.0001664867777194624,0.0001,0.0,19762750.4
1073,0.4573994067643591,0.0007691975143417674,0.4590461066736154,0.002165344679837617,2.598565511883046e-06,2.758037182214867e-07,0.0016016153562061577,0.0007595483495471784,0.002536099957493215,0.00487219991498643,19776961.2
1074,0.45747575034089694,0.0008402955344727873,0.4572678125263935,0.0024701364206857405,2.2349711773706923e-06,2.643234661706447e-07,0.0010360943011104564,0.0007844983431921615,0.004932250175796687,0.0059200586307457635,19791206.8
1075,0.4575574686610855,0.0008585833681842971,0.4590839603581947,0.005883148196393285,2.354522908317279e-06,3.3544829142096145e-07,0.0015430395657226564,0.0007435803568072186,0.0025185235063110802,0.004837047012622161,19805439.6
1076,0.4576256494100731,0.0008692538500351802,0.4572650913982388,0.004357563777683415,2.433178078416621e-06,4.4683485592875127e-07,0.0015091208176340454,0.0007377200279533499,0.002592268217851545,0.004984536435703091,19819706.4
1077,0.4577606888333327,0.0009137781264485773,0.45619162847353206,0.0034121817969894985,2.592619122317035e-06,1.802713850888537e-07,0.0012755392099124843,0.0009627807564431257,0.005389049578889293,0.00647830177806806,19833998.0
1078,0.4578499572838246,0.0009286462535691027,0.45557880729811345,0.0038729701523816636,2.4188371337658317e-06,3.0975690566800527e-07,0.0015843235448749896,0.0007534745043803952,0.0025914571105476072,0.004982914221095215,19848296.4
1079,0.4579506750291644,0.0008838259265661961,0.4584490853491593,0.0038274333505639007,2.289511686736744e-06,2.768113628414297e-07,0.0011650029364869605,0.0008759090728952247,0.004870778568547783,0.005848345458807106,19862536.8
1080,0.4580651998337191,0.0009545947916888434,0.45865970246640747,0.004754084303170064,2.405671058175061e-06,2.393431914226915e-07,0.001230930877066962,0.0009295482669732284,0.0051823498326577675,0.006227695622743603,19876743.0
1081,0.4581238218900559,0.0009663890066126343,0.45948829111080575,0.0033159920604445108,2.4234245923738077e-06,3.797116380021116e-07,0.0019301762124407425,0.0001889276169367916,0.0001,0.0,19890927.6
1082,0.4582233530442178,0.0009421862741035275,0.4586410455994511,0.004717318041846646,2.290376130711464e-06,1.5455288486220463e-07,0.0011814389099758442,0.0008840941431293175,0.005030956240554725,0.006054504451801359,19905115.2
1083,0.4583279915479449,0.0009518107032608311,0.45778247194479355,0.002737476895239949,2.541928244630057e-06,2.356977039482775e-07,0.001645711045569586,0.0007753327949855696,0.0027799159802069894,0.005359831960413979,19919314.4
1084,0.4584398461195124,0.0009969688581125146,0.45933411401483626,0.0016327335412169872,2.3161352333236335e-06,2.2929728841648722e-07,0.0011554758604949695,0.0008639766374503258,0.005530902071120479,0.006656042794957459,19933507.2
1085,0.45856645853093275,0.0009665121055741719,0.4557060266872933,0.002685711910435958,2.315629873161684e-06,1.987120651872848e-07,0.0011956185960995205,0.0008973173252726772,0.005083953059209467,0.006119409395610666,19947834.6
1086,0.45863939980418855,0.0009400697854863756,0.4561523420876905,0.001823075921452455,2.4310170584519445e-06,1.9957339359839382e-07,0.0015498569900864226,0.0007275081617339786,0.002599485528276617,0.004998971056553235,19962169.6
1087,0.45878174384789555,0.0009646792112237645,0.4608041388816684,0.005475135819410846,2.5093031366105615e-06,3.0181902383898146e-07,0.0008518321177298206,0.0009208051543571122,0.008145510658158881,0.006579125073801929,19976320.6
1088,0.4588429676159958,0.0008940542476292023,0.4580594153934438,0.004973272777933728,2.4408860697649952e-06,1.4018293460500107e-07,0.0014736005931659847,0.0007006834746309672,0.0025779778184432094,0.00495595563688642,19990584.8
1089,0.45892810877953155,0.000916157013620144,0.46181692268620533,0.0029567409551525168,2.5143133020340833e-06,2.0687505833894656e-07,0.0016050303136005354,0.000774861978219835,0.0029991442299450175,0.005798288459890037,20004741.4
1090,0.4590432371275185,0.0009210743984989903,0.45935214914927763,0.002665581576005955,2.5497299933223204e-06,3.6201844232088914e-07,0.0012939159588822332,0.000990646407950529,0.005298069616059534,0.00640633363530736,20018939.4
1091,0.4591483859622881,0.0009293649200407537,0.4594175553518052,0.0024125202877183153,2.3383797992206665e-06,1.5161117957811466e-07,0.001107530217135708,0.0008268283596405506,0.005511469828592806,0.006627691656418406,20033111.8
1092,0.459246008297513,0.0010079425012728938,0.45891324687138085,0.004184280135938987,2.5774499352011285e-06,3.301176880305604e-07,0.0012492600128869039,0.0009435128926697873,0.005682209709069234,0.006844544883042247,20047319.8
1093,0.4593070830446552,0.001060208106996134,0.4603398349969038,0.004279947653057632,2.459451447189764e-06,2.9721088818562986e-07,0.0015130568780572199,0.0007282442406439895,0.002771679625745974,0.005343359251491948,20061513.2
1094,0.4594093828254032,0.0010812791480366323,0.4592373716422614,0.007062501685097186,2.4529666233638864e-06,3.47454521636948e-07,0.0012260898914300314,0.0009331829049264165,0.005537416492912592,0.00665945193557297,20075677.8
1095,0.4595362240328903,0.001055101045275408,0.45598320203989273,0.0018528445886582866,2.541739825621262e-06,1.2128904053980484e-07,0.0012482643474237979,0.0009423305799126055,0.0056360416265635125,0.006802558847106663,20089962.6
1096,0.4596986279318617,0.0010206324160664262,0.46187998724220913,0.0025995826598587146,2.32012782624692e-06,1.45218916484769e-07,0.0008574241783932705,0.0009278775525016131,0.008314389314469674,0.00674852996750653,20104108.2
1097,0.45976448048204094,0.0010044365790722628,0.45809964483382276,0.002599877205401331,2.381190400229641e-06,2.0182241289401e-07,0.0019294871955432748,0.00015961222355884193,0.0001,0.0,20118370.2
1098,0.45986440730794714,0.0009977316350287058,0.45847381208321164,0.004964874440823189,2.5625875971994505e-06,3.08216533729682e-07,0.0016730354517624142,0.000796216139739197,0.002780627527755452,0.005361255055510904,20132602.6
1099,0.45996393212349923,0.0009909426023554694,0.4593366574333329,0.003002755034356737,2.3449442266680916e-06,2.882947818309544e-07,0.0011569742383392546,0.0008808855027579834,0.005381031758200792,0.006478362362808788,20146738.8
1100,0.46007492055508914,0.001022317331903019,0.45837538181546683,0.004501918496966283,2.3474819077594087e-06,9.892929993056381e-08,0.001178815694092909,0.0008889317897131664,0.0058564123363639125,0.0070645209535683245,20160961.6
1101,0.46016940657002203,0.0010514845794028001,0.4616524247299291,0.005411680312755879,2.4071169608099353e-06,2.3443938292075018e-07,0.0012046129740437522,0.0009069528456029639,0.005803409992388656,0.007021342625798726,20175060.6
1102,0.46024451988451726,0.001092493587165555,0.4615053893483608,0.0023800742566201104,2.404302794521043e-06,1.6540438737057656e-07,0.0015382302033864928,0.0007288993590002197,0.002906519402174203,0.005613038804348406,20189154.0
1103,0.4603192598344357,0.0010730155690783518,0.4615975031418885,0.00364877056111099,2.6122234590511072e-06,2.603696170917565e-07,0.001629914447700078,0.0007773126636429118,0.0028778886788494683,0.005555777357698937,20203266.6
1104,0.4603816744944728,0.001117607165781837,0.4580450532717474,0.003598137590754834,2.244464533711646e-06,2.3574662356155517e-07,0.0014269507196236423,0.0006850405131789189,0.0028984802955630508,0.005596960591126103,20217492.2
1105,0.4605493803486209,0.0011338292856200906,0.46037036575525325,0.00328009758290342,2.3702479666016957e-06,3.7614136557656326e-07,0.0009225056320990479,0.0010078748759491823,0.008407108571780942,0.006823610564497316,20231637.6
1106,0.46068257335215107,0.0011434843912831458,0.46005888466918216,0.002618136993962603,2.447750605226033e-06,1.3632702408415705e-07,0.001286688446610632,0.0009693374061331792,0.005976174666824696,0.007203824276197462,20245788.8
1107,0.4608441075267643,0.0011608768151616879,0.4613553133310676,0.003320105655051489,2.239683648860588e-06,1.332913354406597e-07,0.0008488012028718201,0.0009171074393949912,0.00879609833230798,0.007125734360858909,20259903.4
1108,0.46096569081957445,0.0011804578627035243,0.4611774350745711,0.0029292480362421345,2.333130952482577e-06,1.532196713273269e-07,0.001179209031232921,0.0008832790467618405,0.006131160455557264,0.0074282159110773275,20274040.0
1109,0.4610923983860132,0.0011222630577618893,0.4581900332260004,0.0022455966535731317,2.364013415532649e-06,2.013719238891528e-07,0.0012015655599389196,0.0009138454946463074,0.0057203712199870894,0.006906859303543098,20288282.6
1110,0.4610939195695861,0.0011617168386492739,0.4599798406114764,0.0027153079732761096,2.312650054422007e-06,1.055420488770665e-07,0.0017741435589616133,0.00015073523093009082,0.0001,0.0,20302414.0
1111,0.46115893717559064,0.001164763494373465,0.45779240236846563,0.00452013204715468,2.552217341862676e-06,3.082324798686907e-07,0.0015474166105012123,0.0007650794666319154,0.003199381396923292,0.006198762793846584,20316654.6
1112,0.4613220035569327,0.0011426652714424319,0.4608248802676732,0.0024988530059995235,2.3743399127665744e-06,2.053438711027489e-07,0.0008731749976965918,0.0009496672061039231,0.00902041163487247,0.007340543649509572,20330780.0
1113,0.461420244427764,0.0012022714405490933,0.4607650944295279,0.0027587335402103666,2.508520151239872e-06,2.2398121461283435e-07,0.001212189293180311,0.0009126151001989196,0.006391756183794653,0.007719225750913563,20344903.4
1114,0.46150532816439505,0.0011473472275389978,0.45986234886809874,0.0031908251890189767,2.472043710900339e-06,1.8097072431884365e-07,0.0015824251730222915,0.0007533115154768342,0.0028193530693057293,0.00543870613861146,20359097.2
1115,0.4616776065295272,0.0011047551959504109,0.46164807047432027,0.0021095997646622807,2.1597493870076355e-06,7.036752832068012e-08,0.0004106648619466068,0.0006213297238932136,0.011612525408907708,0.005793545772701058,20373165.4
1116,0.46176960085586555,0.001069609591519586,0.4597778102392239,0.005598221579366169,2.3782117730993288e-06,2.736116204917293e-07,0.0015946450945735027,0.0007723939194344469,0.003118733378585381,0.006037466757170762,20387301.2
1117,0.46188288505665387,0.0011522536117408004,0.460046176596913,0.004940082673029157,2.4322003329011665e-06,2.0205123598986871e-07,0.0011784994102295703,0.0008845345981889933,0.006629406990166236,0.007998053097895013,20401445.0
1118,0.4619663600634968,0.001214003932684841,0.46070223914367914,0.00443616558757641,2.3767703647654877e-06,2.399312602828816e-07,0.0015616792864045885,0.0007638091484093907,0.0034582690200562227,0.006716538040112446,20415537.4
1119,0.46206488392946155,0.001180916022167386,0.4616164868593281,0.002468362542922027,2.281181082661652e-06,3.0177943335032584e-07,0.0011524555065563573,0.0008794771808968032,0.006084387190498873,0.007330744388943278,20429638.4
1120,0.46215519070439426,0.0012189052597662078,0.4632886006857568,0.004180286014685158,2.4193206316620903e-06,1.7967870381908074e-07,0.0016282016472228566,0.0007677826794367867,0.0031946711267185077,0.006189342253437015,20443679.4
1121,0.46219776824276726,0.001181385834477396,0.4632188137988174,0.003894471966517617,2.3267181866544784e-06,2.1538444067288318e-07,0.0018664255125818304,0.00012849681868206092,0.0001,0.0,20457676.8
1122,0.4622855563586463,0.001207683711153877,0.461591020257815,0.003048271697135389,2.537196990886262e-06,3.7119085738636435e-07,0.0016809978374816667,0.0007960712565457477,0.003325623502381814,0.006451247004763627,20471769.0
1123,0.4624387749693744,0.0012549649643355738,0.4599480772359444,0.0044775015463876305,2.278047034903045e-06,2.600625223574702e-07,0.0008907223486414323,0.0009688588019444048,0.009509821191784087,0.007735377558415268,20485918.8
1124,0.4624680361757439,0.0012566240204198726,0.46422959077575,0.003187231318888023,2.441406694779874e-06,2.527216704588277e-07,0.0019138473981621953,0.00020651225201083384,0.0001,0.0,20499912.6
1125,0.4626404404522543,0.001324507765619228,0.45951369944829457,0.0026582066994134007,2.171033278174418e-06,9.028123602061541e-08,0.00039712538827013546,0.0005942507765402709,0.012941371383050937,0.00647481544034623,20514078.4
1126,0.4627369058664733,0.0013381895674764793,0.46034995185488253,0.002659080067510509,2.591899653104733e-06,1.930339145723632e-07,0.0016436018811744548,0.0007894617050001923,0.003918898563937029,0.007637797127874058,20528222.6
1127,0.46284303514356057,0.0013692207391490534,0.4644920229809303,0.003549674092575317,2.392582613018301e-06,2.1740932670463684e-07,0.0016270278734630355,0.0007636971618103439,0.0036322320474696987,0.007064464094939398,20542236.2
1128,0.4629640238666462,0.0013637879345959761,0.46275053454135595,0.002382073707111594,2.38281722316212e-06,2.574511201712752e-07,0.0012310028451848428,0.0009245544522812115,0.006025414435781389,0.007361846068630428,20556304.4
1129,0.4630591928858038,0.001318363024783157,0.4633195886754148,0.004025130757283639,2.49330025960264e-06,1.759218918352649e-07,0.00162957490477617,0.0007807364240874786,0.003021391508917914,0.005842783017835828,20570326.0
1130,0.4631473701141385,0.0013619057806770795,0.46120106375117154,0.0017551456613603947,2.256280863421759e-06,1.5709032178591265e-07,0.0015125644147907875,0.0007218731684075876,0.0034459235128066084,0.006691847025613216,20584448.4
1131,0.46329025060869544,0.0013530653036059118,0.4631177423241698,0.002771666247927828,2.2677117263164776e-06,1.7542442502525471e-07,0.0008000880333001879,0.0008652682410264195,0.010237660613342124,0.008361400997633092,20598443.8
1132,0.4634406629443525,0.0013228343130204762,0.46291836824036114,0.003093698756089254,2.4383664649609196e-06,2.487993821820625e-07,0.000890966728624669,0.0009702269030787287,0.009672416518141122,0.007897864558829416,20612500.0
1133,0.4635222440582276,0.001324559293829587,0.46414151262061515,0.0018820801613236094,2.255501652519914e-06,1.9523847052827386e-07,0.0015344173576706999,0.0007398184031894983,0.0032038619287820106,0.006207723857564022,20626473.6
1134,0.46367546705837137,0.001294696671046782,0.4652687535056204,0.004381575223541843,2.293225681251586e-06,9.111991453341899e-08,0.0008366229923412218,0.0009025121305362955,0.010054897251931502,0.008247610478465494,20640417.6
1135,0.46370307023569435,0.0013240838105738103,0.46203619729323897,0.0027937354832379617,2.1271375136884747e-06,1.5711075364534057e-07,0.0013595210418022633,0.0006763299753808615,0.003222032691141167,0.006244065382282334,20654488.2
1136,0.46377032913383615,0.0013544518971265478,0.46074546319899834,0.004764328941607152,2.31816769375994e-06,2.4497167908675524e-07,0.001501409538166507,0.0007119150720547748,0.0034064697501663575,0.0066129395003327145,20668634.0
1137,0.4638300345413712,0.001389701130696251,0.4638105700315437,0.0021339569648837274,2.4105007932134572e-06,2.2553237733655316e-07,0.0015136946149651891,0.0007073412845651518,0.0034393815420874956,0.006678763084174991,20682663.6
1138,0.4639732144482194,0.0014511778762589156,0.4626747038477051,0.0027955392869690645,2.2183832684392125e-06,1.0263279601811314e-07,0.0007974160577168616,0.0008544535470515524,0.010722965792307767,0.0087264787767535,20696733.8
1139,0.4640699019626709,0.0014530090549785435,0.46431135606113416,0.003941224917139853,2.276944379067933e-06,1.875515927228038e-07,0.001553339106555787,0.0007304814014071368,0.003401593080101863,0.006603186160203727,20710719.4
1140,0.46416557470289177,0.0014954819819703394,0.4636563336143865,0.0033677988437337274,2.3597131435647617e-06,3.4353884127917597e-07,0.0015900983645633679,0.000765361044702249,0.0037042451233848576,0.007208490246769715,20724726.2
1141,0.4642695637527711,0.0014474318342663993,0.4634283010018576,0.0038998429533282034,2.3671471577654887e-06,2.235135940889052e-07,0.001186803076675448,0.0008940837252316993,0.006469088051898364,0.007828645972605299,20738739.0
1142,0.4643736020700831,0.0014996187182497148,0.4632661119771667,0.003823447782891025,2.3583493940336007e-06,1.5844833848258037e-07,0.0011548154226862068,0.0008637997730889645,0.0075166223672439,0.009095520378882508,20752745.4
1143,0.46444392909339083,0.001494331985752442,0.4641493107127702,0.005378005971572106,2.3729871363152474e-06,2.7844717364005025e-07,0.0015404254498691604,0.0007224513847165568,0.0035742281570127236,0.006948456314025448,20766756.0
1144,0.46450122893609536,0.0013732649681326434,0.467408374279378,0.0039733438487392775,2.3997511843530927e-06,3.3294293216174614e-07,0.0010891684280096906,0.0008333934481175462,0.006595659843669809,0.00798766515799759,20780671.6
1145,0.4646402305748321,0.0014591638132046853,0.4634677025883783,0.004502003020124754,2.284013528584953e-06,7.980706469310026e-08,0.0007876576182994698,0.0008455549965265836,0.011634359612806847,0.009445414417532223,20794693.2
1146,0.46473481276368717,0.0015080655589299926,0.46242096892891354,0.002828716365546164,2.375620652391046e-06,1.0062989221481252e-07,0.001548647904878773,0.0007285518930212088,0.004210517723174746,0.008221035446349492,20808747.2
1147,0.46475907043106746,0.0015435879571903972,0.4636731282346851,0.0028328884617849583,2.3726127597678135e-06,1.550189847326574e-07,0.0018252279900025591,0.0001721208234200618,0.0001,0.0,20822768.0
1148,0.46487699360434726,0.0015175743942196565,0.4614580022699405,0.003611321144568372,2.3470795773604425e-06,2.1070781158595152e-07,0.0011995406465926145,0.000900139350396317,0.007138054053232754,0.008620221884794187,20836849.8
1149,0.46497121320928214,0.0014689525994519943,0.46397228873628615,0.0022517419577176225,2.62999688509376e-06,2.0076110670244886e-07,0.0017090970638806394,0.0008070577028510733,0.0031946835673468017,0.006189367134693604,20850908.2
1150,0.4650933437508895,0.0014554281577067968,0.4656920433957172,0.002522661838714904,2.3919749837898524e-06,4.4939008515050465e-07,0.0012464473726132865,0.0009598382558341734,0.0071197405928729515,0.008773358454199348,20864829.6
1151,0.46521634042811766,0.0014105516371811263,0.4633908781589177,0.005031216142501921,2.3287014720052237e-06,2.0550101752698006e-07,0.0012040943390744952,0.0009062069611517487,0.00685212875984148,0.008316618187317569,20878882.6
1152,0.4653731064449934,0.0014374976379569874,0.4637044086920385,0.004695558999619515,2.2957271573408525e-06,2.3772903823809572e-07,0.0008807632618832748,0.0009579316130938082,0.011347106493768093,0.009211897759582918,20892895.2
1153,0.4654935049344003,0.0014428158858196525,0.466208316299614,0.004254253510049263,2.259541291930853e-06,2.8435774576123953e-07,0.0012466002064089729,0.0009379603963745397,0.007102964882648619,0.008789146154397166,20906814.6
1154,0.465563591404156,0.0014953476429703204,0.46728003045315003,0.0028424977688767694,2.315714996803263e-06,7.874231483033595e-08,0.0015517882632324763,0.0007288411568464133,0.003956339945494636,0.007712679890989274,20920691.8
1155,0.4656812130191459,0.0015289518530303271,0.46451341109951577,0.0019491547795900403,2.223408725259523e-06,8.755974700796745e-08,0.0011621835013731724,0.0008674057710534204,0.00809858909631243,0.009796247065427309,20934656.8
1156,0.46584367047393666,0.0015065460760394995,0.46417106696862076,0.0029189045009143716,2.312176146078184e-06,1.636075777919134e-07,0.0009004475771182402,0.0009813960430293477,0.010981183297251835,0.009018225430211578,20948658.0
1157,0.4659691239455378,0.001587618935995061,0.46228385271271294,0.003587961850223939,2.509210735910606e-06,5.447563792419774e-07,0.0008755234008381767,0.0009507546582201447,0.011810321438812334,0.009613927431956706,20962695.2
1158,0.466058291660441,0.001676696189923185,0.46410700988975623,0.0026618828035074975,2.3875356207207213e-06,2.79270861461898e-07,0.0011754757247837853,0.0009022423656920303,0.008272388574100138,0.010009141726594506,20976651.4
1159,0.46622032665019475,0.0016329473186206646,0.4633284758581139,0.005055562794735321,2.240777202938735e-06,1.565366136595605e-07,0.0008633711372807747,0.0009364993611813086,0.011301318767259266,0.009364333529406615,20990637.0
1160,0.466282621797693,0.001658449097540258,0.4656111780994007,0.003144005511767728,2.249498446395266e-06,1.919385587008989e-07,0.0011148185825073536,0.0008335653458680286,0.008638142133028024,0.010470487486824978,21004546.4
1161,0.4664400738163669,0.0016245887276650248,0.4680566028210767,0.003687716115555718,2.2579167492317598e-06,2.8595610568495e-07,0.0008084553438509362,0.0008728906092655244,0.011729581103450574,0.009631169671305444,21018369.2
1162,0.4665850696394383,0.001667182726882866,0.4679048180443527,0.003830946263180617,2.3718351970894352e-06,1.9893477072905702e-07,0.0008288062098856755,0.0008994169462930039,0.012948638277622451,0.01059074050017268,21032251.6
1163,0.4666655993314885,0.0015729538703525199,0.46588538163180465,0.002869307692665968,2.4987668066668104e-06,2.626600047462529e-07,0.0011712143877240589,0.0008989725904637459,0.008239426488947117,0.010070568858461562,21046130.6
1164,0.4667905992447848,0.0015871691093510348,0.4681372722678267,0.0014072902624256865,2.490747974046986e-06,2.0927738019289386e-07,0.001279570476456454,0.0009631960024332328,0.008760022012399532,0.010665727524755005,21059972.4
1165,0.46693473262279345,0.0015914474712917452,0.46776691056550723,0.00352710768219569,2.2351739849943056e-06,1.173416960582611e-07,0.0008306632726326018,0.0008966504301299138,0.012523217359860459,0.010389494843465968,21073801.2
1166,0.4670038252685983,0.0016067376100703482,0.4664472200208258,0.006902845952994021,2.2758622569756278e-06,6.321651760118023e-08,0.0015101105502962418,0.0007055629982438456,0.0046046580290759285,0.009009316058151856,21087709.0
1167,0.46715657550828116,0.0016186383078868477,0.46209931485812444,0.005738106864329316,2.3293102662598397e-06,1.6334329028806685e-07,0.0008540993203546224,0.000933208746657579,0.012972531877054331,0.010778657834017366,21101770.2
1168,0.4673089649864649,0.0016885186759763703,0.46958680627931637,0.0035280780734344504,2.152290279245888e-06,7.860311701655063e-08,0.000782696977623416,0.0008362599635577517,0.01430008058292129,0.01161364612294252,21115580.8
1169,0.46749109019919877,0.0016698306581609745,0.46794064778748956,0.0017479153778933065,2.23707534166672e-06,1.32764671309269e-07,0.00047611799603589327,0.0007522359920717867,0.017361903640805663,0.009049763561014177,21129439.2
1170,0.4675082945757719,0.0016833563589722304,0.46534180742977505,0.0023858518571775824,2.4218490911220576e-06,2.0480511694212694e-07,0.0018439530013793378,0.00011121015970469801,0.0001,0.0,21143370.0
1171,0.467633237692269,0.0016193904303275096,0.4689206799749285,0.0015580369371314853,2.3521882384920126e-06,2.495640370765571e-07,0.0008608357956769967,0.0009407593999270054,0.012558618316361467,0.010329671428945067,21157193.6
1172,0.46770347731303585,0.0016695587598867284,0.4668573924330275,0.004991837228144093,2.359155475953411e-06,3.3157861327413634e-07,0.001536737132184667,0.0007212816748023568,0.004938182498994398,0.009676364997988796,21171062.4
1173,0.46785531888368415,0.0017051491251970205,0.4689433896226635,0.0034781021299781726,2.2213851410252744e-06,1.749038490293702e-07,0.0008310943792078791,0.0009021244207011647,0.014212103560727085,0.011671758199796265,21184846.6
1174,0.467995559857511,0.001688118469859294,0.4665635540857978,0.0017612133099824288,2.0723158306621884e-06,1.357654978556918e-07,0.0008047856108123833,0.0008631923741641985,0.012909285940357808,0.010692878020611146,21198748.6
1175,0.46813769283424894,0.001654676576484903,0.4651763241059498,0.003399378184958025,2.058208528934272e-06,7.320928310667655e-08,0.0007879763626823646,0.0008428665339985688,0.012954827227367821,0.010773358387637266,21212668.2
1176,0.4682746041862547,0.001624973260831617,0.4678884493929852,0.002287809841608919,2.1353055416752803e-06,4.739764263420299e-08,0.0007893844571499984,0.0008443392024683835,0.013687442062236804,0.011284733811921516,21226467.2
1177,0.46842168024490205,0.0016166559916757594,0.4707187858955487,0.004010882356875888,2.166121565992963e-06,2.0468612328340675e-07,0.0008274441352485864,0.0008945592866656511,0.014003812783332745,0.011680179660528573,21240220.4
1178,0.46860547288186966,0.0015998697390904534,0.47106690692793035,0.0029549405227666274,2.236242116326663e-06,2.2377453235235162e-07,0.00048698854298972956,0.0007739770859794592,0.019378484049077112,0.010099105329408095,21253969.8
1179,0.4687106621273577,0.0016074590857966602,0.46864325832136455,0.003377997162897683,2.2716283692581776e-06,1.636341728769531e-07,0.0011611863285447316,0.0008747611603278806,0.009527478645275747,0.011643489382517127,21267749.0
1180,0.46889265419060255,0.0015932146251292597,0.4716449202663028,0.0034807331968532457,2.216732874099726e-06,1.874823401549821e-07,0.0004571905545286206,0.0007143811090572413,0.020061520125651097,0.010551261800316118,21281489.4
1181,0.469072059555972,0.0015753832217683898,0.46568308430607014,0.0024942776907021656,2.2500137182067413e-06,7.578865473797867e-08,0.00045295788800200703,0.0007059157760040142,0.020741958113950854,0.010777646349135857,21295346.0
1182,0.46915378858391427,0.00161866876228762,0.4700792003817552,0.002384970760284913,2.297378909837275e-06,1.8659516003631078e-07,0.001083030930434749,0.0008160570980765315,0.011538029960863278,0.01401130729459452,21309112.2
1183,0.4693219626599269,0.0016773299720599195,0.470493225781886,0.0018956641846353244,2.1553492005859538e-06,1.3963235074642906e-07,0.00042317335514367147,0.000646346710287343,0.02232840544706638,0.01152768879011178,21322815.2
1184,0.46940793501313094,0.0016708041879660309,0.4694690249461061,0.0033024291011974575,2.3283373088390306e-06,1.8405224062754232e-07,0.0016032794296672408,0.0007602076368439996,0.004946752579552116,0.009693505159104233,21336582.4
1185,0.46953864111944854,0.0016224210436740943,0.4668112192862061,0.0030675263593387286,2.160728623362079e-06,8.196512881370656e-08,0.0007836172061813603,0.0008485937712219541,0.01521514473479176,0.012705676958316292,21350450.6
1186,0.46969269883411024,0.0015855968378664883,0.4685947500350963,0.0023047883747054324,2.138394575025195e-06,1.3331741869600733e-07,0.0007830571666745834,0.0008365911767268244,0.016017289591761928,0.01349341838607069,21364238.2
1187,0.46982539991855254,0.0015845285543369027,0.4725700894078866,0.0018960012052606657,2.108721844882594e-06,1.343792890212943e-07,0.0007807511872459371,0.0008386593598192411,0.015854662930186586,0.013228558810379182,21377942.2
1188,0.46998201157568775,0.0015585679713727401,0.4656639296271858,0.0036062211580672084,2.1196970640242147e-06,9.972578154440061e-08,0.0008381953113641806,0.0009081151127987126,0.01607568748982688,0.01354570163954543,21391823.0
1189,0.47007888334811776,0.0015364100620137188,0.47032981732854023,0.00281045522422243,2.2615021466374264e-06,9.174067237456697e-08,0.0015855165037639174,0.0007438548579283178,0.0053529880790435394,0.010505976158087078,21405567.6
1190,0.47022086904128235,0.0015088165767725209,0.46866770831890736,0.0027011115375896546,2.2827738412490995e-06,1.1243189831607086e-07,0.0008199251194883452,0.0008906314379408937,0.017035935873617642,0.014247031073938257,21419407.0
1191,0.47038520851712196,0.0015149922126372144,0.47032229798894976,0.00294546844778656,2.2790265287468245e-06,2.746638985806762e-07,0.0009165799178965479,0.0010007910098886845,0.017676694776129175,0.014543483277259187,21433105.2
1192,0.4705947316442911,0.0015104893839629945,0.4707277066253532,0.0034137530017164983,2.1944175902273616e-06,1.3991221048800565e-07,0.0001,0.0,0.03041448042385538,0.003830595485145477,21446838.0
1193,0.4707958422386951,0.0015089362570272964,0.4714159615587996,0.0036861318086962762,2.0689208656825374e-06,1.6211844532367193e-07,0.0001,0.0,0.030517546491305215,0.004470291249192428,21460542.4
1194,0.47089159473691755,0.0014914465883688513,0.47289385415784035,0.004836467209910924,2.286351791764907e-06,1.386050589241876e-07,0.0015885086707540508,0.0007566938070592481,0.0061965692744823,0.012193138548964602,21474191.6
1195,0.4710113899275757,0.0014794552692882113,0.47116058159780005,0.003928261921964396,2.2136080767135396e-06,5.179022525267162e-08,0.001184446370912906,0.0008862854313616341,0.012518615400181685,0.015698235453545192,21487913.2
1196,0.47115150109263393,0.0014172664544727074,0.46817229596001103,0.005722715567530634,2.19140945900137e-06,2.705779163889992e-07,0.0008587623076858085,0.0009320564411571573,0.0171300769011939,0.013983933144465126,21501763.4
1197,0.4712839168756652,0.0014246561272000932,0.46989753659103084,0.0031016339825265405,2.295391457782834e-06,2.415939662905888e-07,0.0008190015451400827,0.000899702079916647,0.02059333911444057,0.017457085770108096,21515569.2
1198,0.47145814817236625,0.0014186831644890277,0.46856079543066953,0.003639791498302797,2.118355834211647e-06,1.3629594170993756e-07,0.0004643884022962022,0.0007287768045924045,0.027182538134069158,0.014197018216937082,21529363.0
1199,0.4715465633475439,0.001452323008957879,0.47297376743727,0.0019419774628688376,2.213157688392835e-06,1.7937363855752467e-07,0.001544134111505511,0.000723865833897058,0.008004810196805916,0.015809620393611834,21543028.0
1200,0.471669099446866,0.0014425603472853455,0.46961282904474516,0.0025169382230222845,2.2363292487281975e-06,1.2416924278089832e-07,0.0011719555011927836,0.0008758335220370068,0.013797032635147422,0.016778590174182487,21556784.6
1201,0.4718100999991649,0.0013842373896125878,0.47112125957306505,0.0054932670897760655,2.134963885703732e-06,2.8551416534657183e-07,0.0007651971722784626,0.0008385784178162381,0.02055129240907427,0.01713014986103746,21570453.6
1202,0.47195545761423735,0.0013869241005451643,0.4721811710750579,0.002446618485400662,2.188305225909803e-06,2.0251678885288312e-07,0.0008450015100707987,0.0009137974751838444,0.020843369588338066,0.017897589749682658,21584100.4
1203,0.4720835596107832,0.0014272999539527154,0.4715963498880937,0.003443707974543678,2.337295814667914e-06,3.9688354261667776e-07,0.001291205433204167,0.0009851585121370481,0.01584997602066545,0.019563144126528265,21597803.6
1204,0.4722421599248611,0.0015003184618842772,0.47074204983188883,0.0033284836452905026,2.2383839270390743e-06,2.435055737060258e-07,0.00043655466496249037,0.0006731093299249811,0.03225855576034677,0.016749621925706542,21611531.4
1205,0.47236619945587766,0.0014917974195311975,0.47115324161228395,0.0034414401131091913,2.3755199467059754e-06,2.490135405767717e-07,0.001278311914387594,0.0009623739626672955,0.015816542209311803,0.01929018325718713,21625266.8
1206,0.47245552979112426,0.0014921573552194,0.47187045836440955,0.0023919658902812322,2.140714363891099e-06,1.8838726534179215e-07,0.0015347312811938639,0.0007349771160030655,0.007637143451333919,0.015074286902667834,21638945.6
1207,0.4725506795486808,0.0014269277615785638,0.4741899423642087,0.004134961892951021,2.2133043871514884e-06,2.2328436197421477e-07,0.001136930569026573,0.000850438736334496,0.014057348895204111,0.017294663542119483,21652534.6
1208,0.47272628238408376,0.0014343991616163345,0.46938293099158346,0.00257329134624462,2.2066689188525155e-06,2.2294661639248836e-07,0.0004721238995319184,0.0007442477990638371,0.03220458812274851,0.017251890221793728,21666286.4
1209,0.4728833404001668,0.0013749890827179782,0.47547944639396506,0.0029279782354473044,2.2046452537723583e-06,2.743475547502573e-07,0.00043471279386321125,0.0006694255877264224,0.031079183126038877,0.016246114350455042,21679832.2
1210,0.47300913251161436,0.001389985726589491,0.47154608396928593,0.0036716705673903644,2.2386343489944194e-06,2.5045788648895045e-07,0.001276601296131673,0.0009631640653987667,0.01789695341601074,0.021842686743702298,21693544.0
1211,0.47318440548522955,0.0013993569256500627,0.47188407850222946,0.004282549886933542,2.131998938462696e-06,1.1842312579228938e-07,0.0004710292547611835,0.0007420585095223671,0.03496209921031132,0.01895826735509302,21707246.8
1212,0.47336013164454327,0.0014420952018997532,0.47373637509426836,0.006492913194761708,2.148651569912648e-06,1.0767420343744225e-07,0.00046605162343153484,0.0007321032468630699,0.03928840806195011,0.0201586026215625,21720868.2
1213,0.4734770203249493,0.0014334830527781405,0.47458118488046963,0.0023963763464227208,2.0017548026802557e-06,6.872126888504166e-08,0.0007104173974716453,0.0007476309277424798,0.026766861368844867,0.02350635181744273,21734496.0
1214,0.47361858692998277,0.001368730780237641,0.4715602390625045,0.004539195953389975,2.161981860566241e-06,1.1290859561465949e-07,0.0007995573238913482,0.0008571153934476312,0.02545539766738686,0.02113518532815765,21748149.8
1215,0.4738196405928347,0.0013711374075671323,0.4735389807160687,0.004041871041188175,2.1021611084557917e-06,1.2528787494909523e-07,0.0001,0.0,0.05039712772551532,0.010585233005795308,21761737.8
1216,0.4739452416794962,0.0014157075686180816,0.47536798502056515,0.0036519613288884503,2.362423018486521e-06,2.859685456503404e-07,0.0012821200715455868,0.000988053812371138,0.024026762230681446,0.029937866340342838,21775327.4
1217,0.4741187418615869,0.0014471001708209837,0.4720091184095058,0.004186079462352096,2.1357306687755214e-06,1.789958339297026e-07,0.0004957039396470381,0.0007914078792940766,0.04673995963474904,0.02422650272206776,21788958.2
1218,0.474252190421126,0.001501873336774822,0.47153516908744886,0.002627818005843753,2.0891664201667105e-06,1.6430767866882104e-07,0.0007980500991129277,0.000860309641588191,0.038175163820416705,0.03156789607198609,21802633.8
1219,0.47440194106282796,0.001495420884665459,0.4741874073390472,0.0026414306383398555,2.1882908119170446e-06,1.6906020294169115e-07,0.0008637739560241073,0.0009356320142425733,0.03566835025332654,0.03230764343914129,21816165.6
1220,0.4745338386432154,0.0015647951499605667,0.47500434514946355,0.0033395584487074035,2.0285291140051196e-06,7.673223025486968e-08,0.0007270535091713667,0.0007688512363561102,0.04383259735992327,0.037230458577823755,21829722.0
1221,0.47461745534030336,0.001601672523225442,0.47510972247771155,0.0014644493709662142,2.3048321376866137e-06,3.7823338956520235e-07,0.0015726158691668473,0.0007734181747704465,0.019717922911072404,0.0392358458221448,21843289.0
1222,0.47476128306595616,0.00157528517995253,0.4726754677290163,0.004614600278389702,2.197657295647097e-06,1.4755413319361533e-07,0.0008068882910985886,0.0008672145885312748,0.04280989161232198,0.04365345480324396,21856935.0
1223,0.4748310348308532,0.0015998363204099482,0.4783375789553421,0.0016893552703265136,2.1002366051956866e-06,1.558744102580324e-07,0.0015217755155692366,0.0007200379036879264,0.024202084412390225,0.04820416882478046,21870338.0
1224,0.47499462693502786,0.001579975387201062,0.47416810790349845,0.0044377413407923234,2.139895526086359e-06,1.647017597575735e-07,0.0004284791088035713,0.0006569582176071426,0.06168768381380838,0.04589233202008323,21883932.0
1225,0.4750955525838944,0.0016088022861695292,0.47639591896798716,0.0037695110389028676,2.1568642637047574e-06,1.431178577239381e-07,0.0015772762613709642,0.0007437877892080037,0.03305462090187651,0.06590924180375302,21897436.4
1226,0.475220745797109,0.0016501541769506972,0.4726972350648973,0.0017406109158802667,2.197737691422734e-06,1.9239380138269734e-07,0.0008306557986619042,0.0008979009277889362,0.04107524301629599,0.03389256482706146,21911053.6
1227,0.47531408894740546,0.0016996373150261642,0.476569685395828,0.004503767217161857,2.202478953597226e-06,1.160644117177943e-07,0.0011453776962343685,0.0008553293751281413,0.05291091966081376,0.07701558912644263,21924581.0
1228,0.47543039855641017,0.0017296425291899286,0.4760576143179497,0.0022192179733310337,2.122131243510143e-06,1.7865546883845326e-07,0.0012165535319223699,0.0009122070377283431,0.06206512901157944,0.09338792019809919,21938086.4
1229,0.47557848815798015,0.0017733797461469219,0.47668682492427833,0.00418485388532899,2.090824730161164e-06,2.098456709023721e-07,0.0008281309150573027,0.0008959327044293046,0.09417252639025062,0.1165395660289317,21951568.2
1230,0.4757082996017362,0.0017242128774154933,0.47606374876923335,0.002351239042068976,2.0764285707303616e-06,1.5113256911684225e-07,0.0011830967861706024,0.0008858000998231673,0.023764072926115324,0.031478653891638314,21965067.8
1231,0.47590100658424983,0.0017267533276844242,0.47390775350694164,0.003936213472577335,2.0075258638004747e-06,9.688916391576085e-08,0.0001,0.0,0.15503522399495284,0.16914898752369026,21978674.0
1232,0.47607454330967247,0.0017165178391949866,0.47366136792631314,0.000984533986552817,2.119119125005887e-06,8.063544382273894e-08,0.00045431494638582365,0.0007086298927716474,0.23341825020475016,0.3564886742369677,21992285.8
1233,0.4761746833172462,0.0017254605607395265,0.4762853324968912,0.003975535271270941,1.973437118962469e-06,2.6248316747404655e-07,0.0011322301125788314,0.0008538152773116398,0.037327052830479726,0.045605895902860905,22005771.2
1234,0.47629107787239916,0.0017275486251961494,0.47662613805183096,0.0026453574431718387,1.9657136412754106e-06,3.4695302235447e-07,0.0006495183083506237,0.0006956550907680579,0.06169648373879094,0.05062661621997486,22019280.4
1235,0.4763545732107877,0.0016501823202032181,0.4743816522054648,0.0043173779449021945,2.0703562136809615e-06,4.568044618934677e-07,0.0009951871505320016,0.0007856981756545979,0.23367623719882452,0.38585089106998194,22032809.8
1236,0.47645498971360656,0.0016378619572910414,0.47491447321073316,0.0036404973022258623,1.958910340272847e-06,2.0382808178518892e-07,0.0010114523836282526,0.0007612740781648992,0.052301525325618395,0.06413389606281646,22046360.4
1237,0.47655074522013996,0.001628932650107065,0.47687348028260884,0.0030040055002977426,2.069843485186358e-06,2.691901498688786e-07,0.0011034949924439454,0.0008302530034018795,0.060123308253788046,0.07383402315504248,22059798.8
1238,0.47670142719653236,0.0016002813477660582,0.4787030432951401,0.0019364070742177255,2.067740909883836e-06,8.608260750612837e-08,0.0008345938354814272,0.0009019837566726099,0.07962741731249648,0.08049423942821293,22073231.2
1239,0.4768206993137227,0.0016061367906057803,0.47608471549941045,0.004039136847881684,2.1023234018667517e-06,1.4490455534682866e-07,0.0011177260875325722,0.0008336322538696611,0.06152224871062684,0.08089834879905028,22086732.4
1240,0.4769563226974992,0.001549189500775413,0.4752831997068678,0.001942819285597188,2.0976676180390007e-06,1.261458889098993e-07,0.0007551824695800996,0.0008055612341591267,0.08157441288963693,0.09100466403573093,22100248.8
1241,0.4770768608337301,0.0014863282424764385,0.47794790015850996,0.0037077670984136885,1.8964875668747955e-06,3.487105340899667e-07,0.0006628069034115327,0.0007421744649864884,0.08343124656695114,0.09100790851153653,22113701.2
1242,0.4771838326814148,0.001502916323652359,0.47589019690956463,0.0018941829748219388,2.0494074351370425e-06,1.780172748350459e-07,0.0011212076891660894,0.0008350528199452402,0.12808486487174833,0.15739154330802183,22127239.4
1243,0.4772904218220508,0.0014407057375980718,0.477982019693629,0.0024669938199377984,2.14385998266345e-06,1.3445304938265495e-07,0.0011721219864687176,0.000884307744188756,0.039796638001058114,0.055998591177610524,22140692.0
1244,0.4773158330310934,0.0014319394049466196,0.476574117473592,0.002444385237635287,1.987260687850582e-06,2.077944157080599e-07,0.0016963834952190477,0.00016540491102980492,8e-05,4e-05,22154194.6
1245,0.4774517912142464,0.0013780662150342092,0.4775542100260711,0.0030833267950571186,2.1420375371948994e-06,1.7331934585437704e-07,0.000789559712087859,0.0008500983559359317,0.13373809960754754,0.16244109719490038,22167639.2
1246,0.4775266135191333,0.001329417969683703,0.47680041221184555,0.00454770750475674,2.0901902451011925e-06,1.9525150427311318e-07,0.0015257089112370996,0.0007264176443419958,0.011872332513667759,0.023594696814160793,22181097.8
1247,0.47762547426773094,0.0012861926999329979,0.4778885526169955,0.002396376553188719,1.8942570289586888e-06,3.727761220845818e-07,0.0010254140536226925,0.0007995630226382808,0.11043424026134048,0.19063242273914258,22194564.4
1248,0.4777839901554854,0.0012474933232447841,0.47689015545716285,0.00397783946684448,1.98375657657663e-06,1.999386073690535e-07,0.00038877079894811685,0.0005775415978962338,0.40389640811576333,0.39472294448648876,22208021.0
1249,0.4778974869417983,0.0011997428849054835,0.4771858233409107,0.002276990129316195,1.9202891451643023e-06,1.5931566486532748e-07,0.000923296889927458,0.0007320882135278584,0.2659089492140664,0.37845460402125325,22221487.2
1250,0.4779514058791105,0.0011323405454504365,0.4804333884134545,0.002135786081112545,2.085149472261632e-06,1.2009575782649874e-07,0.0014026152663163057,0.000672120757000335,0.016557611883069163,0.033015254055181596,22234819.0
1251,0.478038762426254,0.0011458712119750856,0.47755737161410466,0.0035915314667884285,2.0968846003620204e-06,2.7515709026885685e-07,0.0015069165763194102,0.0007187112145610588,0.07026621337276609,0.1404324338663945,22248289.2
1252,0.47811410572081037,0.0011451666522269074,0.4793167249222795,0.0030061289681580236,1.7724136225859419e-06,2.6037844211707114e-07,0.0013211156192143231,0.0006325078913255684,0.30639691433742133,0.40336233389381104,22261693.8
1253,0.47817263803905474,0.0011561887146401416,0.4797757258635701,0.003708057461898306,1.847490684138696e-06,2.516350903688155e-07,0.0013036343321779526,0.0006232966431022533,0.20002,0.39999000187504685,22275037.6
1254,0.4781962412964412,0.0011776119226076952,0.4790009461830335,0.0025628241389318365,1.9475736254822647e-06,3.826970125536107e-07,0.0017381025157896606,0.00030840127207196357,2e-05,4e-05,22288464.4
1255,0.47823419576223036,0.0011566482874201718,0.477261826631318,0.003074329864657087,1.8998026969806806e-06,3.154859285798034e-07,0.001677708197528874,0.0002914016486246657,2e-05,4e-05,22301930.4
1256,0.4783070868506766,0.0010986949986784478,0.4786126458624203,0.002500844436349817,1.8626354495482507e-06,1.335106452907375e-07,0.0014150880724960308,0.0006737561754564787,0.01775211363229217,0.03550422726458434,22315350.4
1257,0.478359337865742,0.0010818096533682254,0.4766052625391254,0.002722955990933715,2.087560646744557e-06,2.0959632752934304e-07,0.0018482572798490596,0.00017704623929861872,2e-05,4e-05,22328834.6
1258,0.47842910099366487,0.0010330754602494417,0.47766605397450157,0.00409670008082465,2.0536164966463813e-06,9.928976572450352e-08,0.001487139192899538,0.0007057971447262454,0.0192149661598972,0.0384299323197944,22342275.2
1259,0.4785063535647188,0.0009691056383892547,0.4773524287510881,0.004194219962639595,2.019132389702523e-06,2.7673250605941216e-07,0.0014190539736812105,0.0006880212137914968,0.023951760406646636,0.04790352081329328,22355730.6
1260,0.47853073017271897,0.000989892825765405,0.4780890627320197,0.005002304646719972,2.058357621962526e-06,1.0286948848919875e-07,0.0017563502901266886,5.594015114750292e-05,2e-05,4e-05,22369179.0
1261,0.4785976992406485,0.0009394371069526293,0.47935116282035095,0.003850190024133406,1.7986675805722842e-06,3.611963794802865e-07,0.0013202917434531783,0.0006449712983855535,0.024441471928326207,0.048882943856652414,22382550.8
1262,0.4786316791945813,0.0009141308608079669,0.47715988027277706,0.0027635531678431116,2.169416047127306e-06,2.3145117162066044e-07,0.0018000515874159427,0.00015859077204123494,2e-05,4e-05,22396020.6
1263,0.478700894004116,0.0008542883347386254,0.4778441100629702,0.0030704455530893775,1.7395928283588566e-06,2.6431198708313477e-07,0.0012920309354225328,0.0006098785756334686,0.029621470338723983,0.059242940677447974,22409501.0
1264,0.47877321870722717,0.0007880111107057691,0.47661992975054296,0.002558017694647954,2.1044803564684963e-06,1.841559993886739e-07,0.0014828831548128838,0.0006934749420960468,0.03441149837777768,0.06882299675555538,22422962.8
1265,0.4787542348700903,0.0007758299499163261,0.47926636344366047,0.0028651020142220975,1.8328449524662856e-06,3.595993888856667e-07,0.0015274617088355171,0.0002721360152933099,2e-05,4e-05,22436338.2
1266,0.47881605097828783,0.0007295492621272233,0.47748316023103854,0.003904600738626804,1.9798667220179995e-06,2.0995263966218213e-07,0.0013955709929678046,0.0006827204267213956,0.04148270021886717,0.08296540043773434,22449805.2
1267,0.4788912274919583,0.0006869617173808188,0.47812489672817493,0.0029690110527973083,1.985339059344438e-06,2.0816650755691344e-07,0.0014163356091823759,0.0006695620843797193,0.05352608195325877,0.10705216390651755,22463240.2
1268,0.4788808409113153,0.0006501007882641219,0.4805160279469217,0.00299783466959852,1.9682699966212015e-06,1.8872820943541026e-07,0.00164583338920581,0.0002059621327838272,2e-05,4e-05,22476571.4
1269,0.4789355847596255,0.0006003986533022737,0.47812417638010674,0.0027495611171917244,1.787386262712769e-06,1.9145713965701182e-07,0.001293700226661263,0.0006085458998946629,0.06824233118310405,0.13648466236620813,22489987.0
1270,0.4789974913677302,0.00057277677507563,0.4808149314087073,0.003192372263617122,1.8235216715353796e-06,2.2992468172746996e-07,0.001374533206875995,0.0006776456109337231,0.10220673461361814,0.20441346922723624,22503305.4
1271,0.47903717971640336,0.0005888284589812458,0.4813138222836616,0.004018160919337959,1.797368396935041e-06,2.2372990800364715e-07,0.0016959001109621557,0.00021323360281499308,2e-05,4e-05,22516610.0
1272,0.4790689654788114,0.0005828038285942649,0.47541855714144987,0.0030474060261899047,1.946451116122539e-06,2.119053237110982e-07,0.0016712094044180077,0.00018103708213813063,2e-05,4e-05,22530104.0
1273,0.4791409294150733,0.000541209567360802,0.4811159769368297,0.003714381368198696,1.786667003468028e-06,2.1600954802967176e-07,0.0013261675549336334,0.0006359189111221538,0.2,0.4000000000000001,22543442.4
1274,0.47912920404091786,0.0005249749533120766,0.47718989769557946,0.0055887969263754105,1.892136998133675e-06,4.434401545320625e-07,0.0015320738279369713,0.00022533801099440653,0.0,0.0,22556912.6
1275,0.479159641592945,0.0005354532847962105,0.4776958570837514,0.005817973338522387,1.8980113800140553e-06,2.2762690417668668e-07,0.0016914613260727007,0.00015741081733525213,0.0,0.0,22570319.4
1276,0.47917345625427454,0.0005193501796832235,0.4790949102010259,0.003598001971210085,1.7480809403828213e-06,2.2963482984519636e-07,0.0015729737306740678,0.00015262905413970012,0.0,0.0,22583710.8
1277,0.4791983459233394,0.0005381414780570005,0.4788828901828791,0.0023147016477144903,1.7093579823848701e-06,2.507519747038969e-07,0.001565174399379346,0.00023726190829214628,0.0,0.0,22597131.4
1278,0.4792304457288063,0.0005481714096585552,0.482830144015436,0.002627864245380491,1.870184615978867e-06,1.3056364167659864e-07,0.0016605286300158488,0.0001216208334382334,0.0,0.0,22610382.6
1279,0.47922894998940235,0.0005280636888519691,0.48195384405141706,0.0020788553750023375,1.7266707462717482e-06,2.7708859539602347e-07,0.0015176337941543111,0.00013460874005408256,0.0,0.0,22623647.0
1280,0.47923590672833616,0.0005336070581820544,0.4784252254520781,0.0019838459153767446,1.7691615070221132e-06,3.0407011700826873e-07,0.0015604069629384966,0.00022764686281197225,0.0,0.0,22637041.6
1281,0.47927077162478293,0.0005392314074790728,0.4784402114814702,0.0033151421214832914,1.9960906560212133e-06,3.361707872933801e-07,0.00173626610420788,0.0002799497124336004,0.0,0.0,22650474.0
1282,0.47929910668012765,0.0005279749836509848,0.4786350427455875,0.0030065861607497875,2.0917361194697535e-06,3.3002414101223134e-07,0.0017579625450470267,0.0002731601751753837,0.0,0.0,22663929.2
1283,0.479300497846839,0.0005079496987923352,0.4810526624549283,0.0017934511022211,1.6730077322580397e-06,8.437444751671567e-08,0.0015071688194294836,0.00014259246632922204,0.0,0.0,22677252.2
1284,0.4792901014682774,0.00047776342487858796,0.48084999695396197,0.0034908684276318785,1.7713878781073135e-06,1.8680311451406705e-07,0.001559452107603481,0.00019070635930858358,0.0,0.0,22690604.4
1285,0.4793456122230898,0.00047131619018952634,0.48014627801713133,0.002517414635915226,2.0071499864606996e-06,2.3667512230461466e-07,0.0017739059886278537,0.00014156354562774498,0.0,0.0,22703969.6
1286,0.47937885751500653,0.0004934337302288423,0.479921354350852,0.0035994071279990643,1.991242234496429e-06,1.9805839741708881e-07,0.0017331944560627429,0.00020616744543767277,0.0,0.0,22717322.2
1287,0.4794028597245411,0.0004784434113322376,0.48128196634767145,0.002932158476728328,1.8534821851146279e-06,3.062633787175558e-07,0.0016454926515378355,0.00022558728638323323,0.0,0.0,22730642.6
1288,0.4794106231118159,0.00047744694298406266,0.48017111725870487,0.0036941785724693035,1.8710291997272243e-06,2.653264766498212e-07,0.0016428322365920154,0.00018121163326036016,0.0,0.0,22743979.6
1289,0.47943302407443367,0.0004666782628603568,0.4795408198370388,0.001557256965775326,1.7751610912030473e-06,3.1388647620068163e-07,0.0015982241893656378,0.00020076706930684073,0.0,0.0,22757396.2
1290,0.47946202570063434,0.00047792164434694637,0.47993332323992777,0.005774380080549887,1.8818418650197025e-06,1.4820948909044462e-07,0.0016928441759198726,6.314381833078473e-05,0.0,0.0,22770768.2
1291,0.4794782033901755,0.0004541873583834938,0.4789578352971585,0.0029315523257271415,1.8286456697235359e-06,1.2243921645984648e-07,0.0015703600994374585,0.0001769523720698959,0.0,0.0,22784160.8
1292,0.47949428213300543,0.00045455673683839396,0.47898041228272686,0.003585288759639899,1.6983978402002832e-06,3.7436548666939084e-07,0.0015403375095240832,0.0002689890598007411,0.0,0.0,22797546.0
1293,0.4795014723347206,0.0004614087682019716,0.47995731890970716,0.0017380735019261139,1.685685867256302e-06,1.7147316667768778e-07,0.001544367247707543,0.00014796801351580827,0.0,0.0,22810890.0
1294,0.4795350546586886,0.000443187652806433,0.47786683929756507,0.004706645363597864,1.942711125064329e-06,1.9724882982578117e-07,0.0016942000542315636,5.7087607579516725e-05,0.0,0.0,22824353.8
1295,0.47957725526996897,0.00041923530709257105,0.47999331550596913,0.003150316860241318,1.879188557387185e-06,3.247648395858707e-07,0.0016713576461233608,0.00025603229731875296,0.0,0.0,22837703.2
1296,0.4795994817294623,0.0004144020027259523,0.47790845646464336,0.001897926400991114,1.851346430165654e-06,1.8827831309144556e-07,0.0016146062658050097,0.00015429626381524198,0.0,0.0,22851113.4
1297,0.4795921452956386,0.0004132296704828138,0.4798304898687821,0.004007350236076326,1.9102424661611404e-06,3.462892118426604e-07,0.0015536152040888152,0.00021430286313817498,0.0,0.0,22864405.8
1298,0.47963759033138886,0.0004278331180928568,0.4804310446980506,0.003006876626452895,1.996374393075535e-06,2.695473640337323e-07,0.001807367365652473,0.00019268172909345455,0.0,0.0,22877756.2
1299,0.4796266493294981,0.0004145553119581832,0.4795440019690818,0.0037142261529809705,1.79113246405729e-06,2.921178090569865e-07,0.0015438814119524296,0.00021986501104087866,0.0,0.0,22891140.4
1300,0.47963509503445734,0.0004347889214488063,0.48063655096953406,0.004659405786639307,1.7544520542006615e-06,3.6996250123001633e-07,0.0015942029838230203,0.00023158040276214064,0.0,0.0,22904504.6
1301,0.4796671174168977,0.00042896117540915655,0.47992094913219197,0.003907828574842706,1.783732546497125e-06,2.3330337101136629e-07,0.0016458261693586842,0.00019877874119697807,0.0,0.0,22917882.4
1302,0.4796993235764175,0.0004173839137295958,0.4794606127011119,0.0030496280482042205,2.0974345678783572e-06,1.1464996382846364e-07,0.001816600806984109,0.00010503474980869504,0.0,0.0,22931271.2
1303,0.4797183760362632,0.0004167469889232365,0.4789276829772919,0.001368449346921776,1.7989834169338863e-06,1.6165858560995812e-07,0.0016121395429854253,8.488416360811957e-05,0.0,0.0,22944701.6
1304,0.4797401803833704,0.00040163710952973147,0.4791583899723161,0.003900395149585769,2.1150592285711257e-06,1.942164893583059e-07,0.001788925384255359,0.00017096458685878733,0.0,0.0,22958085.2
1305,0.4797762720928862,0.0003840314533418936,0.4789913308128365,0.0037114445350214576,1.8604285754222347e-06,3.784364634710707e-07,0.0017009255361441773,0.00022977492447680492,0.0,0.0,22971497.6
1306,0.47980383622165845,0.00035343162741630855,0.4799931182728233,0.0033442708059600547,1.963591143274171e-06,3.1436225916920235e-07,0.0017031666632619149,0.00027468104881987293,0.0,0.0,22984887.4
1307,0.47982612605176544,0.00035848122140849957,0.47922836401311664,0.002151130065888955,1.6445538447467944e-06,2.3793734227653296e-07,0.0015282685303392356,0.00023464724378335092,0.0,0.0,22998258.2
1308,0.47986100513152874,0.00037304622355292404,0.4802674101601701,0.004895401295073758,1.7538694358600536e-06,2.932381224308359e-07,0.0016492196913168178,0.00024187375655806964,0.0,0.0,23011589.8
1309,0.47990406542719255,0.0003724902844555938,0.4797133800370553,0.003995936101367012,2.0172260426542213e-06,2.3176378364151935e-07,0.0018283190713511293,0.00016423766453409,0.0,0.0,23024952.6
1310,0.4799358076127348,0.00036595854022370116,0.48051301901495025,0.0031290140176069695,1.9892425853808414e-06,1.5517114547582664e-07,0.0017675672105536746,0.00011103547898033052,0.0,0.0,23038289.4
1311,0.479954534118966,0.0003923476964400255,0.48159627227239243,0.0033048605316421923,1.757003810076779e-06,3.799352231483325e-07,0.001612419922399205,0.0003384422529247244,0.0,0.0,23051603.4
1312,0.47998555505232837,0.00037639374010227736,0.48032695025183586,0.004887201200316774,1.9395619443243756e-06,3.2248552990347923e-07,0.0017008046140367787,0.00024171462434616542,0.0,0.0,23064956.6
1313,0.4799949050709723,0.0003582069002983309,0.4812841767831548,0.0019945046819595425,1.8110821842581505e-06,2.3062578725563358e-07,0.0016245442835695998,0.000146968205172743,0.0,0.0,23078253.8
1314,0.4800212464580175,0.000368781919480098,0.48040072698118585,0.0029191167360521435,1.915599603638372e-06,3.6485709907621413e-07,0.0016733625914258927,0.00018209899278034017,0.0,0.0,23091593.8
1315,0.4800719105741223,0.0003706763798144954,0.47816094578528456,0.004321589300727772,1.9715746983596623e-06,2.420837290248144e-07,0.0017824823881309967,0.00021841297952160545,0.0,0.0,23105032.0
1316,0.48008353632161915,0.00037466234708964717,0.4829469174202824,0.005141431571023957,1.6021433853243408e-06,1.7532070749941908e-07,0.0014545359602512631,0.0001582520987063151,0.0,0.0,23118277.0
1317,0.4800588438851565,0.00035465222422176974,0.4781223379774323,0.0028877156078838864,1.7176319049166643e-06,2.1887797857026775e-07,0.0015191686315042248,0.0001715028337971879,0.0,0.0,23131697.2
1318,0.4801028628877401,0.0003506622258974719,0.4791191191296278,0.002738204210231854,1.98300601281305e-06,3.060240462960048e-07,0.0017812815779447884,0.0002788935281910679,0.0,0.0,23145060.0
1319,0.4801403397264671,0.0003629859194344502,0.47912174185747414,0.0031062581201593176,1.8854087487232352e-06,2.279761458346425e-07,0.0017005043835714869,0.00022530504168000472,0.0,0.0,23158446.2
1320,0.48015663218757226,0.0003693122186079587,0.47864184492912615,0.0032600581677839744,1.8433670958257101e-06,3.305154475449673e-07,0.001642098648093389,0.00019090030381821283,0.0,0.0,23171835.4
1321,0.48017739797496484,0.0003908806828817943,0.4804155465287005,0.0027306363097638446,1.7190533575732944e-06,2.781676480865827e-07,0.0015794488317449125,0.00026658249710074025,0.0,0.0,23185212.4
1322,0.48020898346942387,0.0003612853563837212,0.47936712314920554,0.002444397873470903,1.7089230985949434e-06,2.3888255551434544e-07,0.0016061360444620612,0.00022594679129027734,0.0,0.0,23198580.2
1323,0.48023313414632407,0.0004101950181093264,0.4773739039092721,0.0020968622293243587,1.8780039490705776e-06,2.466645030660953e-07,0.001705060629248492,0.0002548175658639546,0.0,0.0,23212005.4
1324,0.48026190408097813,0.0004011582918707093,0.47979294908729564,0.0014511398152026725,1.6720363253334038e-06,4.955593940883953e-08,0.0015562017795201822,8.625854031750574e-05,0.0,0.0,23225378.8
1325,0.4803241018102799,0.0003996246121977924,0.47688762958497344,0.004147956945692731,1.8372931509409571e-06,1.571768061147691e-07,0.0017612169977888933,0.00013264675479489192,0.0,0.0,23238835.8
1326,0.48031082371835143,0.00039613291403773953,0.47963432897758107,0.0027736332881559697,1.6968644123812136e-06,2.3097207074953117e-07,0.0015005310034419718,0.00015168369658529303,0.0,0.0,23252220.2
1327,0.48032737349930876,0.0004266604233500758,0.4805297812639363,0.00271617206288573,1.9213970921249983e-06,2.957910769066866e-07,0.0016595661720262196,0.0002503739405028547,0.0,0.0,23265519.6
1328,0.4803442045557292,0.0004346192834892676,0.4800379660178743,0.001766343496307047,1.7276103501467868e-06,2.352416742259295e-07,0.0015880661946419974,0.00022753486935455443,0.0,0.0,23278885.0
1329,0.48036985016301903,0.00042240069433842586,0.48032428139602124,0.0037988955577557704,1.6688799799755144e-06,8.994143602709798e-08,0.0015862340429910649,0.00010152419667857439,0.0,0.0,23292258.2
1330,0.4804077750347277,0.0004568258784342708,0.478411216945542,0.002991711231069731,1.9470240824506377e-06,2.9143397831267267e-07,0.001753599033252732,0.0002586798200911954,0.0,0.0,23305667.6
1331,0.48042970585181266,0.0004387869397563262,0.4802939176277226,0.0033473531089606265,1.6487809057569894e-06,1.845182656084022e-07,0.0015535035034409117,0.00014086597270072482,0.0,0.0,23318984.0
1332,0.4804756581502049,0.00043556729320207697,0.47884557727436894,0.0033615775719052013,2.181129377700964e-06,3.402790638864222e-07,0.0018704305556815706,0.00023297734691249674,0.0,0.0,23332398.4
1333,0.48050645556412314,0.00041243589603052143,0.48245650812827084,0.003053240824509302,1.7928406521662316e-06,1.3701482235912995e-07,0.001642009272738866,0.00016983352008375513,0.0,0.0,23345671.4
1334,0.4805090338444494,0.0004323319305944018,0.481364821776337,0.0028497221755372374,1.7258937593054481e-06,2.4140514711054824e-07,0.0015469238514653639,0.0002021821587650437,0.0,0.0,23358986.2
1335,0.48052727306877674,0.00041621744850888897,0.47942041494168885,0.004616048754602969,1.8409539682384657e-06,2.2358472079963623e-07,0.0016220472850672762,0.00015993174596147386,0.0,0.0,23372405.0
1336,0.48051677917379154,0.00042642782155289885,0.47995111169205834,0.002014965888925366,1.8735875267467423e-06,2.0687312590088167e-07,0.0015836965544948768,0.00014328462554957368,0.0,0.0,23385737.0
1337,0.48052692524657903,0.00042376400381221143,0.48091161878424504,0.002018465100934278,1.7520123173287195e-06,2.1299324354209872e-07,0.0015632306408769896,0.00020095072473408948,0.0,0.0,23399079.8
1338,0.4805582239567978,0.00043085930083062166,0.48122932515477446,0.0024587592998924213,1.6802116762980478e-06,4.0604355788032715e-07,0.0015894608406811564,0.00034279510754263914,0.0,0.0,23412358.2
1339,0.4805979828681311,0.0004298547720214593,0.4792815725529513,0.0014052280801553469,1.799780282228124e-06,1.3477353141359428e-07,0.001684447757224511,9.371948021156453e-05,0.0,0.0,23425715.0
1340,0.48060555194784615,0.0004432282270325589,0.48341121677746396,0.004319800642925976,1.7833465994000806e-06,1.4816847199218474e-07,0.001624361101243205,0.00015151499666099841,0.0,0.0,23438988.2
1341,0.48061140157502996,0.00044186671619251985,0.47958326249681404,0.0029433500330715624,1.600655530805143e-06,1.6452800571649744e-07,0.0014745692450319676,0.00017667118838168313,0.0,0.0,23452364.4
1342,0.4806422086817371,0.00044410633710072715,0.4798880615203875,0.0021009828832623343,1.8132584007134986e-06,2.7904776577785994e-07,0.001664353194474922,0.00021241528669048077,0.0,0.0,23465744.4
1343,0.4806950939232748,0.0004376186572452929,0.4803505286527724,0.004629122948838391,1.8457791853891997e-06,2.7101531113524e-07,0.0017493675002372769,0.00022787547537730758,0.0,0.0,23479047.4
1344,0.4807367597779465,0.0004167989409915074,0.48069726084938724,0.004813590088637971,1.957149781929404e-06,3.389136113789649e-07,0.001785457706682679,0.00026096237566384,0.0,0.0,23492382.8
1345,0.4807635039079593,0.0004071824833572653,0.48116138201905895,0.0038191134948293588,1.777325669611524e-06,9.127812298905027e-08,0.0016822283325344579,0.00010898849093207264,0.0,0.0,23505710.8
1346,0.48077614697858656,0.00039815477615172553,0.4789131658566589,0.0027432284692870917,1.8363290315747306e-06,3.348333302612538e-07,0.0015799548807618284,0.00017398347346535831,0.0,0.0,23519101.6
1347,0.48076603387877526,0.0003866303198373559,0.48327553837013293,0.0031619362266762734,1.5122659834163312e-06,3.1160251811541135e-07,0.0014116648612783693,0.0002868128802249645,0.0,0.0,23532345.2
1348,0.48080511676610305,0.0004063226858989297,0.48094583989894046,0.002752728244344987,1.879509395166167e-06,2.2933380352562509e-07,0.0017348541676848214,8.326729766448319e-05,0.0,0.0,23545652.6
1349,0.480837353658531,0.00041722552185782227,0.4805041935203308,0.004276690534003084,1.922705016807116e-06,3.9171643045899226e-07,0.0017226132358056725,0.0003375297032363857,0.0,0.0,23559005.8
1350,0.48085036350042526,0.00043908215793640943,0.4816290726833884,0.0034510381969756116,1.6963021149017454e-06,2.5490370219800117e-07,0.001515896577718359,0.0001222725984750909,0.0,0.0,23572349.6
1351,0.48087247025596624,0.00043910932263894705,0.4815386317407843,0.0032948038369742644,1.5251889360357926e-06,2.0922932749055635e-07,0.0014726943350733693,0.00019154457303933555,0.0,0.0,23585626.8
1352,0.48088997723614774,0.0004237028578202282,0.4840703769291065,0.0022918758754885437,1.7858444978189236e-06,2.9785878430810355e-07,0.001622769743728444,0.00016179884123193489,0.0,0.0,23598806.0
1353,0.48089543855583666,0.00043418577135345774,0.4810093907125224,0.0024775418474231457,1.6483399404689759e-06,1.7882110450754925e-07,0.0014879900162239473,0.00016649315283674576,0.0,0.0,23612121.8
1354,0.4808967154417436,0.00045904965510053757,0.48201191596185955,0.0036945595229607633,1.960697773549416e-06,2.6469963178701316e-07,0.0016588762868830979,0.00018297632236985748,0.0,0.0,23625431.0
1355,0.48092921345935424,0.00047142445965546616,0.48066811318815406,0.0029768410061687877,1.6515582541899664e-06,9.87293289313627e-08,0.0016015702873420537,0.00011015378025578387,0.0,0.0,23638764.6
1356,0.4809636393250109,0.00044603679501936205,0.47953373366336194,0.002560306008176556,1.8715564002991685e-06,1.9073050250418028e-07,0.0017134384409677802,0.00025310217455419993,0.0,0.0,23652129.6
1357,0.48096755575610645,0.00046716937171910203,0.4830100873989684,0.0038974350217258367,1.9047807285082504e-06,2.2832387738365095e-07,0.0016600357658045708,0.0002114098258939963,0.0,0.0,23665390.6
1358,0.4809878525271055,0.00045908931012433017,0.48087410721878393,0.004767147113698504,1.585443814695043e-06,1.458481040619999e-07,0.0015531471756299966,8.398062030564156e-05,0.0,0.0,23678715.8
1359,0.4810295473727414,0.000463745368390773,0.48070268787664794,0.0045066225520475015,1.7811734839851678e-06,1.6848423203534675e-07,0.00167985438618002,0.00016838881454117924,0.0,0.0,23692039.6
1360,0.48104675753897713,0.0005022333755800066,0.4799550589407202,0.00499014783536593,1.8571709739707254e-06,3.8834333107869133e-07,0.001643869154478161,0.00024049744643567117,0.0,0.0,23705397.4
1361,0.48108254976370135,0.0005020696616402133,0.4798857081543545,0.0057689623522597195,1.758444156282707e-06,1.7423396012823945e-07,0.0016577987079618556,0.00012946905611654035,0.0,0.0,23718781.6
1362,0.48109010010007164,0.0005204350971207853,0.4806663360878213,0.004174450888173036,1.3651049030736268e-06,8.523942773857209e-08,0.0013511961664035101,9.306310650499745e-05,0.0,0.0,23732133.6
1363,0.48113285639792736,0.0005235838209214401,0.48563924271261216,0.0016207546277343709,1.8226594616593679e-06,1.504179171094204e-07,0.0017299613251479829,0.0001320361963688926,0.0,0.0,23745317.6
1364,0.4811713662311189,0.0005169566681436528,0.4850769960111704,0.002884827026557595,1.8629888768610195e-06,2.3356149328668947e-07,0.0017140406274016393,0.0002571830512303921,0.0,0.0,23758547.0
1365,0.48120547566586874,0.0005360116127746765,0.48208017515306095,0.0030935441571315393,1.6688611402849003e-06,1.526424897584565e-07,0.0016054975203848372,0.00013052988385807998,0.0,0.0,23771783.0
1366,0.48123391195804965,0.0005379342680643199,0.48564525811383313,0.00415216245149668,1.6997679572026894e-06,1.7769637338616614e-07,0.0016225380768551865,6.480938608636966e-05,0.0,0.0,23784963.6
1367,0.4812582257416196,0.0005191603314810559,0.48037233172640315,0.0029131723976078606,1.9629186411336047e-06,1.822446564234251e-07,0.0017500204315728258,0.0001571452104945124,0.0,0.0,23798294.4
1368,0.4812773009293079,0.00047957563747214467,0.4799465756323243,0.0012595684645691262,1.847593764029777e-06,3.245939782296724e-07,0.0016251146866399038,0.0002941037542203271,0.0,0.0,23811662.4
1369,0.48130466752370527,0.00046073125178778716,0.47901999892357894,0.00456591453113059,1.6693699450892307e-06,3.314752613295795e-07,0.0015799267479672037,0.00024336722016000807,0.0,0.0,23825067.2
1370,0.4813324612934122,0.00048121157962653616,0.48107036061997627,0.0038685667109654254,1.9897166616733132e-06,2.5151377048672813e-07,0.0017255414218218458,0.0002426460365160228,0.0,0.0,23838349.2
1371,0.48133255845014206,0.0004679762429628844,0.4842945708511787,0.003590447820788146,1.602395328162168e-06,2.716184997203394e-07,0.0014758381392427722,0.00014671721964910043,0.0,0.0,23851566.4
1372,0.4813661221517487,0.00048251539463125013,0.481857113933531,0.002887049471522178,1.87590504576585e-06,2.2275079895612255e-07,0.001760331885579432,0.00013030465950628965,0.0,0.0,23864842.8
1373,0.48137844662573903,0.00048496785506368424,0.48367424623636135,0.003022564719983818,1.5255178974597427e-06,4.342836454206708e-08,0.0015035683308485207,0.00013603500055086259,0.0,0.0,23878060.6
1374,0.481395846005458,0.0004904238222319029,0.48253483989699664,0.0020890543093498065,1.8718187098318222e-06,1.5695421097949274e-07,0.0016882222173964113,7.927526898925584e-05,0.0,0.0,23891364.4
1375,0.48138955982792864,0.0004876358276128842,0.4809324737961732,0.002832560587103436,1.5613854540024521e-06,2.914469525131419e-07,0.0014438632443367076,0.0002187160102602659,0.0,0.0,23904673.2
1376,0.481421608682436,0.0005001485144052052,0.4801106959265836,0.0030951729358970814,1.8745868385747975e-06,1.8925672675776713e-07,0.0017424019520072942,0.00013739553760029025,0.0,0.0,23918027.2
1377,0.4814450698611231,0.0005056695703213955,0.4792272009635978,0.0033504629986503224,1.6367657145308263e-06,2.3418575811209327e-07,0.0015722565214199096,0.00022614319578668983,0.0,0.0,23931374.0
1378,0.4814858262646691,0.0004857656460306219,0.48346260015796094,0.0055927700270579335,1.8005275604132945e-06,1.9608960157254047e-07,0.0016772020007685656,0.00013405389225489952,0.0,0.0,23944606.8
1379,0.4815235905357566,0.0005083837274875075,0.4830486911777426,0.00370448921935109,1.6925698607588497e-06,9.804082000155904e-08,0.0016303785613435695,0.00014582218852511854,0.0,0.0,23957822.4
1380,0.4815504620044071,0.0005354825551966749,0.4792374475536521,0.004040895034414727,1.7348768472261045e-06,9.147698614078733e-08,0.001633810491359677,8.262941908746263e-05,0.0,0.0,23971173.8
1381,0.4815596445201029,0.0005311669016739906,0.4811500453974533,0.002889632712930771,1.708359780579573e-06,1.1756259853689783e-07,0.001541753494451806,0.0001199379051878192,0.0,0.0,23984477.6
1382,0.4815799481364868,0.0005185516179831045,0.48041114353512426,0.0022737633260536396,1.8633577342310376e-06,2.0709282788743226e-07,0.0017023907152784415,0.00013764383996798838,0.0,0.0,23997809.8
1383,0.48159453205441993,0.0005274789401938574,0.48269542756530803,0.0015312721162330913,1.659733601161715e-06,9.911356283647036e-08,0.0015422732436684047,0.0001335462426761242,0.0,0.0,24011085.0
1384,0.48162522980542927,0.0005196562078476222,0.47832070785734515,0.0030627589036625233,1.8110500287654843e-06,2.1339525586923496e-07,0.0016995476845267394,0.00020800717407433247,0.0,0.0,24024495.6
1385,0.48159327613900693,0.0005488986983220871,0.48104414429925146,0.004679748732033689,1.6709772678685755e-06,1.574789815914701e-07,0.0014682461030120796,0.00018541865001536696,0.0,0.0,24037779.6
1386,0.4816057267728821,0.0005454229834105458,0.4801553542578166,0.004180338749661331,1.778791386738812e-06,2.476473078271651e-07,0.001580156081271602,0.00021230991313899214,0.0,0.0,24051113.0
1387,0.4816430013207012,0.0005529630117966673,0.48164515952830406,0.0015686654118866625,1.8878358429565898e-06,2.2087301276574837e-07,0.0017380933541023482,0.00017081565987901978,0.0,0.0,24064369.6
1388,0.4816392512851057,0.0005412178561459297,0.4835208428955508,0.0040792961489166365,1.6100012803648152e-06,2.338611887868216e-07,0.0014693346051773497,0.000165273010676884,0.0,0.0,24077596.0
1389,0.4816527959489532,0.0005483436374384945,0.4779828125621689,0.0029077045656360472,1.6997752938195021e-06,8.20543059761387e-08,0.0015470955571776357,0.00011549204986168336,0.0,0.0,24091033.8
1390,0.48166131684035174,0.0005511815029281803,0.4822751129746816,0.0025899258552182034,1.7756007451216988e-06,3.4260975550508673e-07,0.0016014377209395635,0.00021361251742446088,0.0,0.0,24104304.2
1391,0.4817185627994801,0.0005556605218579602,0.48158824503018166,0.0025060518821613705,1.8334328279079184e-06,1.6566016614844918e-07,0.0017555059751926082,5.556191560649052e-05,0.0,0.0,24117585.2
1392,0.481720095363538,0.0005489628076619173,0.4820944960979934,0.003098767952736392,1.7677050773143637e-06,3.043125121994555e-07,0.0016139014554473192,0.0002442538462162435,0.0,0.0,24130853.0
1393,0.48171816310195475,0.0006023815600883817,0.48273076257234865,0.004485224037398069,1.5420110052834492e-06,1.6351078426869698e-07,0.0014659880525626544,0.00020609243286375464,0.0,0.0,24144117.4
1394,0.4817278001849405,0.0005869967951072983,0.4831315641298596,0.002296052184752125,1.694749585359099e-06,2.838815194917045e-07,0.0015941449135653796,0.00023971845336504853,0.0,0.0,24157359.8
1395,0.4817693379184468,0.0005908633864636377,0.48363253433920067,0.0027639027208658435,1.8599160155689676e-06,1.7741819746045548e-07,0.0017152527653917001,0.00018800797462636336,0.0,0.0,24170597.6
1396,0.48177154817618745,0.0005652002129561828,0.4816085067150876,0.0026250705921619663,1.6164767154398109e-06,2.202076843722503e-07,0.0014851431672047795,0.00018817825344616233,0.0,0.0,24183896.2
1397,0.48182952073374274,0.0005608673730347717,0.48114611653683415,0.004104402904867831,1.8718794949014918e-06,1.6737797579711178e-07,0.0018131972765675845,0.00011147711434157629,0.0,0.0,24197225.2
1398,0.48185477894958606,0.000578263996719128,0.48178399601317157,0.0011561510126523395,1.7185647645954737e-06,1.6016790355733413e-07,0.0015963448880689465,0.00020715893523621625,0.0,0.0,24210545.2
1399,0.48189002320244256,0.0005587027998615687,0.48304006066551963,0.0029377345462543694,1.6816069390479812e-06,3.388185567377917e-07,0.001652417567045023,0.0002814085716415692,0.0,0.0,24223806.2
1400,0.4819197041124775,0.0005481862806533465,0.48020868288040813,0.0033262863062894603,1.8802324595686447e-06,3.0010402895796064e-07,0.0017487561625300903,0.00023398125516353575,0.0,0.0,24237125.4
1401,0.4819346608547237,0.0005248054482321285,0.4818353685192308,0.001385962139341016,1.7307816230423584e-06,1.9868974927578798e-07,0.0016355031847568352,0.00015181504076844997,0.0,0.0,24250410.6
1402,0.4819240758645867,0.0005570453619248841,0.48217348283234884,0.00416241812749767,1.717006135987385e-06,2.566019410501007e-07,0.0014867471083377403,0.00023582850209623424,0.0,0.0,24263693.6
1403,0.48190089328104085,0.0005729649091238274,0.4830436922059671,0.0012107640425743098,1.5634340780550619e-06,3.724943185417664e-07,0.0013994169507480045,0.00019860430227063047,0.0,0.0,24276959.2
1404,0.48192372884759643,0.0005865440807739317,0.4803902876664007,0.001045224411561734,1.7996391290469056e-06,1.7030685839472517e-07,0.0016560831197672196,8.983661976703317e-05,0.0,0.0,24290307.6
1405,0.4819599760811711,0.000579988379204854,0.4812488267686888,0.0021286722055847925,1.8828184152067584e-06,1.8483883735645706e-07,0.0017291920202968853,0.00016327488739137182,0.0,0.0,24303627.8
1406,0.48198351384991006,0.0005878393254149678,0.4810556427310758,0.0024755799706105692,1.8264048569382057e-06,2.773252869942643e-07,0.0016520719009825498,0.0001736211072642989,0.0,0.0,24316991.8
1407,0.4819783492095223,0.0006151514617802948,0.48217783364582506,0.002680323357976586,1.7368384301108663e-06,3.614194918468833e-07,0.0015439464493096065,0.00017815160273038474,0.0,0.0,24330265.6
1408,0.4819856771938623,0.0006056348527323807,0.480051529049108,0.002400041545007364,1.8170823850417143e-06,1.8793021379444755e-07,0.0016364784542017227,7.129419712678267e-05,0.0,0.0,24343607.2
1409,0.4820094958901314,0.000602025655835603,0.4819998045076138,0.0033629591583716075,1.6932749659435287e-06,1.5469198420219533e-07,0.0016494747387770146,0.00016192913273085655,0.0,0.0,24356885.0
1410,0.48203737333554375,0.0006192881533817436,0.482607238163007,0.001590973116965176,1.8764405199320025e-06,1.8637242497746755e-07,0.0017087377649581208,0.0001623935177121833,0.0,0.0,24370155.0
1411,0.482055641046837,0.000661888095820763,0.4815209311320854,0.0023361415163606998,1.5926176860671223e-06,1.943389800842801e-07,0.001531183558926974,0.0002332274207713065,0.0,0.0,24383454.2
1412,0.4820701536232086,0.0006521356546213996,0.4826203408714109,0.002144042793284048,1.6812858923937909e-06,1.6111113065053204e-07,0.0015800471115797825,0.00012471235356114406,0.0,0.0,24396703.2
1413,0.4820853811238795,0.0006559331246597286,0.4815258893670212,0.003686153099403554,1.707330329430228e-06,2.0014839694701476e-07,0.001568727734760474,0.00024200562996766603,0.0,0.0,24409981.4
1414,0.4821349641643467,0.000640922209698602,0.47932407979466357,0.0018095701268224906,1.7041748358532483e-06,2.9804441609063964e-07,0.0016696393985158628,0.00021675681862115925,0.0,0.0,24423307.4
1415,0.48216712391947175,0.0006254168316069213,0.4815222182224213,0.0036678241414872014,1.810075005318316e-06,3.454200431781065e-07,0.0016952274795896337,0.00020335717580948157,0.0,0.0,24436622.8
1416,0.4822119051398534,0.0006338911038472202,0.4798378925608769,0.0010325846110267683,1.7209659650495025e-06,2.683914259417413e-07,0.001717568882151172,0.00023308201277769642,0.0,0.0,24449948.6
1417,0.48223349430832674,0.0006585297986132621,0.4840390423164801,0.0030557943828767326,1.909201740033785e-06,2.2190474656555226e-07,0.001735127572230077,0.0001867496095919567,0.0,0.0,24463156.2
1418,0.48220882432506895,0.0006571259832968688,0.4828252952425883,0.0026436871925003603,1.5480577687734645e-06,2.749259845880669e-07,0.0014138922359032055,0.0002900913049564351,0.0,0.0,24476437.8
1419,0.48221131364680686,0.0006414014805959968,0.4818973087352595,0.001607875714379298,1.8491786845770865e-06,3.9307193312783817e-07,0.0016536059906045112,0.00023876231944919922,0.0,0.0,24489730.6
1420,0.48223771545800853,0.0006282089775525969,0.48132442722972935,0.002647964237322233,1.739868412752071e-06,2.802071828878584e-07,0.001660765311357213,0.00028470343588588915,0.0,0.0,24503046.0
1421,0.482267158549137,0.0006031141239545966,0.48234123300900783,0.00266829593813833,1.934365624841651e-06,2.9743888569952775e-07,0.00179441095649247,0.00012706525722760767,0.0,0.0,24516287.8
1422,0.4822840307702402,0.0006506591158360915,0.4793987150939792,0.002591608662877719,1.8055072615409863e-06,2.8378973345515105e-07,0.0016627874942737732,0.000316435325521156,0.0,0.0,24529627.2
1423,0.4823095052125229,0.0006312199075952968,0.48016540578317707,0.0023591186401612776,1.8664495381871258e-06,2.537981421205122e-07,0.0016895907037592513,0.00021496066625215115,0.0,0.0,24542952.2
1424,0.48232738544899245,0.0006296621665360611,0.482985245465266,0.0027463013946443567,1.7222562106370647e-06,2.0487665993829415e-07,0.001640662554416989,0.0001676851596106139,0.0,0.0,24556191.6
1425,0.48236553958414585,0.0006188993615678792,0.4827199110392142,0.002719329452266157,1.57465651286384e-06,1.0422386785336015e-07,0.0015652569085570097,0.00011043061123038327,0.0,0.0,24569448.4
1426,0.4823915863117027,0.0006152275091557648,0.48058178045191136,0.0017672380719159196,1.786596162778322e-06,2.1340870787207148e-07,0.0016414949930122797,0.00017620469130262247,0.0,0.0,24582789.2
1427,0.48240001234350827,0.0005891683486759274,0.48358842213711045,0.0013097005415941534,1.7043310559172694e-06,3.4872682360071253e-07,0.0015530691087287146,0.0003094091091275447,0.0,0.0,24596015.0
1428,0.48242123274738624,0.0005867287446142587,0.48225550855572763,0.003444502417241131,1.6687245257971124e-06,2.1861405513620437e-07,0.0015991415638421218,0.00022591935790056882,0.0,0.0,24609259.6
1429,0.482420127010609,0.0006064037341295077,0.48182638921204807,0.0018416631148426026,1.6515619708115998e-06,2.0363429452245558e-07,0.0014750712993958754,0.0002683806466889204,0.0,0.0,24622563.6
1430,0.4824440409946882,0.0006025235709045391,0.481947146247194,0.002008129892745629,1.7813680957405687e-06,1.559397690902722e-07,0.0016778008071537485,0.00010688002489372165,0.0,0.0,24635857.4
1431,0.48240445976543445,0.0006131469009976442,0.48208171912889447,0.0027177101174855967,1.5449142002895913e-06,2.801613655511285e-07,0.0013549929692750235,0.00021661848962279613,0.0,0.0,24649103.8
1432,0.4823995006186828,0.0005942565607977695,0.48246070718635714,0.003807563389614533,1.5813848166526035e-06,1.0837770438474587e-07,0.0014623073619029648,0.00013478652319652155,0.0,0.0,24662373.6
1433,0.48241846015242257,0.0005832974445919283,0.4782449306429298,0.0022813783944249807,1.8261321521645822e-06,1.6689022247011736e-07,0.0016641530957189816,0.00018514023559621182,0.0,0.0,24675786.8
1434,0.4824286467487767,0.0005822949140915417,0.4807284451750359,0.004253792298383426,1.7214452452532737e-06,2.2543378601828572e-07,0.0015840607517448465,0.00015598241939548125,0.0,0.0,24689115.0
1435,0.48246451994724504,0.0005735082474665183,0.48272525548037104,0.003934353790861552,1.720797201845577e-06,1.7169153288673325e-07,0.0016570922201813438,0.00014910124311773607,0.0,0.0,24702381.0
1436,0.48247041775254323,0.0005985005484952177,0.48043589298569883,0.0014716613076020022,1.5952693205517377e-06,2.52012223030132e-07,0.0015221848610391727,0.00020365312071173673,0.0,0.0,24715705.4
1437,0.4825070930890165,0.0006105903560485964,0.4822071119405476,0.003224537433675775,1.9078934776715836e-06,1.808277201273746e-07,0.0017696379337587755,0.00012188577738790366,0.0,0.0,24728942.8
1438,0.48254869532389516,0.0005934765637277097,0.4811333803284487,0.0011488929054076743,1.880184701238669e-06,3.9104622224739424e-07,0.0017305799833632087,0.00028173486713131923,0.0,0.0,24742214.6
1439,0.48255421731051723,0.0005612650259396566,0.4837057886035757,0.00629688424165079,1.7396305085988296e-06,3.914145154767472e-07,0.0015986226081554668,0.0003086080422425306,0.0,0.0,24755463.4
1440,0.48253948726012863,0.0005958663340076996,0.48008708753686663,0.001964733135075269,1.7484720424498125e-06,1.5356272063664675e-07,0.001539780832101885,0.00011700398708594279,0.0,0.0,24768789.6
1441,0.48255489748662816,0.0005767900662311562,0.48349743590706024,0.0018901927610960872,1.5317029166916406e-06,2.537651559427411e-07,0.001507809358428122,0.00027719630898240315,0.0,0.0,24782045.4
1442,0.4825744804233721,0.0005790361645330542,0.484073262312366,0.0013477363294910477,1.864287631273144e-06,2.5254417837061887e-07,0.0016916114858164574,0.00016335293674890044,0.0,0.0,24795276.6
1443,0.48260413657939233,0.0005777602410988142,0.4813590022381047,0.0018460781382764726,1.6901077029466958e-06,6.228472691813225e-08,0.001651545222245826,9.557270977082868e-05,0.0,0.0,24808594.0
1444,0.4826064533883841,0.0005921163136810641,0.48515588424792977,0.0038504257377357603,1.6082322048529781e-06,1.462480287266184e-07,0.001537771087340033,0.00016069442117900545,0.0,0.0,24821741.4
1445,0.48260499460550266,0.0005960824060324072,0.48088874966638606,0.0032237907515807827,1.8361813646304922e-06,2.6261958907817404e-07,0.0015780059788572578,0.00018209405922116312,0.0,0.0,24835049.4
1446,0.482622323984158,0.0005834798495906515,0.48549247174361304,0.005159984602275983,1.5582855221594342e-06,2.3381672997332623e-07,0.0015101132003541879,0.0002383973969051627,0.0,0.0,24848199.8
1447,0.48261933378326305,0.0005657633976903377,0.48193410494845057,0.004300527176756793,1.6000317630790263e-06,1.7951666428609568e-07,0.001477847373511265,0.00013166468261723358,0.0,0.0,24861487.0
1448,0.4826395049127264,0.0005741975540252289,0.4845924472575341,0.0024601293710534507,1.617098747528858e-06,3.252238268651385e-07,0.0015671928000819545,0.00016401962408707705,0.0,0.0,24874669.2
1449,0.4826543291454479,0.0005764250757227628,0.4823691844172816,0.0016243445589394687,1.7245829110446356e-06,2.7630427943016596e-07,0.0016239693859523851,0.00017651441303484492,0.0,0.0,24887949.0
1450,0.4826919551549187,0.0005780386195229592,0.47949549176682726,0.002167390218182557,1.5732485088719275e-06,1.8860554192343412e-07,0.0015838133315749109,0.00014761741857637124,0.0,0.0,24901309.0
1451,0.48272536722803316,0.0005694039832919525,0.4806013801148888,0.002056532288874074,1.75306207445267e-06,2.1714785842103059e-07,0.0016434442767467093,0.00016282576773142386,0.0,0.0,24914622.6
1452,0.4827488817084826,0.000561288740457752,0.48354648207191875,0.004058411875736277,1.8252692600920528e-06,2.8050848194235826e-07,0.0016675806572297215,0.00016180829963004549,0.0,0.0,24927848.4
1453,0.4827932202205859,0.0005638890041553079,0.48140966273227387,0.0023821852650958326,1.943474022171559e-06,7.879341582486463e-08,0.0018429659855187883,4.254290930134004e-05,0.0,0.0,24941166.4
1454,0.4828105511671361,0.0005690054820563309,0.48181369713204847,0.0027671199094274485,1.4496030673550324e-06,1.3840423635860927e-07,0.0014500223501084208,6.975723108169646e-05,0.0,0.0,24954456.4
1455,0.482841686261653,0.0005553879000501576,0.4864081742617974,0.0038210685909246707,1.8871404334595877e-06,2.7414870554809016e-07,0.0017385114319298737,0.0001185191694824564,0.0,0.0,24967571.6
1456,0.4828685074745837,0.0005532228454106808,0.4838071999519261,0.003313185892557041,1.5336062838351394e-06,1.877019503392631e-07,0.001532888598581309,0.00017715252268977322,0.0,0.0,24980819.8
1457,0.48290097316924313,0.0005621118071238191,0.4839559504537938,0.0038533219630725217,1.7341538454792074e-06,2.2727183854586807e-07,0.0016514324884407481,0.00026021478802627546,0.0,0.0,24994067.0
1458,0.4829300492165644,0.0005273883160770567,0.4831996139832751,0.004895224737859954,1.7819576077688125e-06,1.7924015438709317e-07,0.0016701448694049687,0.00015424442429490427,0.0,0.0,25007311.0
1459,0.4829392109676444,0.000550034927113369,0.4828313253150604,0.004001344700402187,1.6351025294511064e-06,2.00286163353479e-07,0.0015453509715796967,0.00028977348732086,0.0,0.0,25020594.2
1460,0.4829516591881643,0.0005661118158782027,0.47883924507829984,0.004780491549050404,1.5948134334770122e-06,2.323038628249471e-07,0.0015300061487955583,0.0002398307381575615,0.0,0.0,25033960.4
1461,0.4829689255857459,0.0005751087456880472,0.48347195274503524,0.002087147273321308,1.6750543167456854e-06,3.2746967768021156e-07,0.0015944873391622282,0.0002888424782430737,0.0,0.0,25047208.0
1462,0.48299083842484525,0.0006007330461099072,0.4836921262969517,0.0025314870803511192,1.7194006831785197e-06,3.279954529885916e-07,0.0016322277293754606,0.00027685266086517786,0.0,0.0,25060410.4
1463,0.4830210472236084,0.0005629158645656775,0.4841034237643639,0.004859227456730199,1.691206228424157e-06,1.7879903464114444e-07,0.0016463708894910191,0.00011839227601057068,0.0,0.0,25073629.0
1464,0.48303952888094875,0.0005820092182396001,0.48292954475980343,0.0027126166295462022,1.6769605197919026e-06,8.130430628560949e-08,0.0016564738407428997,0.00014159042640590256,0.0,0.0,25086840.6
1465,0.48307056942289994,0.0005687242215091497,0.48339405022017506,0.005948613214116353,1.7265449387404064e-06,3.227483954462512e-07,0.001663809771891919,0.00027300606325401385,0.0,0.0,25100071.6
1466,0.48307887392814913,0.0005841535644815681,0.48503498280935453,0.0031769746807285915,1.8348226958515892e-06,2.1571075408344463e-07,0.0016566263942866405,0.0002068964214843934,0.0,0.0,25113236.8
1467,0.4831046839006584,0.0005717583258106833,0.4819179171732653,0.003171755411960344,1.6199794478946631e-06,2.2475743147162173e-07,0.0016053846164396166,0.00019185764163350783,0.0,0.0,25126542.0
1468,0.4830973862625688,0.0005610233133239253,0.48610584832491177,0.0019631768219403457,1.536509991443085e-06,3.222194790750457e-07,0.0014234405220427044,0.00024099703915199643,0.0,0.0,25139679.6
1469,0.4830893338173067,0.0005716831286919844,0.484231468670927,0.006884829162756568,1.4846957080546277e-06,1.3634274147944395e-07,0.001456772213517981,9.81979329538986e-05,0.0,0.0,25152870.4
1470,0.4831215086000957,0.0005644600751538881,0.4824278231086227,0.004088250752092956,1.6630860685603941e-06,2.8704473006227414e-07,0.0016054791942155314,0.0002712135331756644,0.0,0.0,25166115.6
1471,0.4831198108186817,0.0005417150153986735,0.4852219241011575,0.004519944525521138,1.9321286436535934e-06,4.242921242052473e-07,0.0015970652956639763,0.00018617166978746237,0.0,0.0,25179310.6
1472,0.48315618228612456,0.0005235762579653511,0.47920192509441756,0.003203313979160112,1.7798550373357532e-06,2.434283454522385e-07,0.0017075471361609122,0.00020259866892870498,0.0,0.0,25192664.6
1473,0.483167800635721,0.0005467392913574663,0.4823646865420363,0.0023915124541745584,1.5554764408328268e-06,1.7656982761511647e-07,0.0014902403002055717,0.00018654520354845767,0.0,0.0,25205920.8
1474,0.48319809680042375,0.0005530719436858564,0.4841973262760833,0.0019216559652894191,1.7667527101846775e-06,1.5859046916379868e-07,0.0016531974183731286,0.0001044116025875286,0.0,0.0,25219073.0
1475,0.48320238399229226,0.0005718135457735793,0.48417426842349603,0.0026652074624174084,1.5993138358218513e-06,3.1206306073584355e-07,0.0015383873408076915,0.00023694089756384816,0.0,0.0,25232229.6
1476,0.48321381505079825,0.000565960811024622,0.48272566803211586,0.0032257448584269086,1.6141129184570086e-06,2.1912475591416066e-07,0.001544169642541522,0.00014659113899811598,0.0,0.0,25245496.8
1477,0.4832007622823383,0.0005675664586426584,0.48313549091856806,0.003825092898773842,1.2923002610445816e-06,1.9829800159892177e-07,0.0012927144060670133,0.00016378005225297116,0.0,0.0,25258707.0
1478,0.48320226737350974,0.0005614521604049875,0.4816578290087149,0.0034214051544696963,1.8092626729896118e-06,1.1102699811144387e-07,0.001600715890969303,0.00012893166013288178,0.0,0.0,25271971.0
1479,0.4832442239362725,0.0005601415457928247,0.483266963189807,0.004001023722443932,1.8048257355394036e-06,1.8844628244577444e-07,0.001744816102394552,0.00019143619872887956,0.0,0.0,25285178.8
1480,0.48323923902569665,0.0005576420870126437,0.4848151683693704,0.0037533287858622887,1.6231439103389968e-06,2.6630548368402244e-07,0.0015152906811048924,0.00013367191201337048,0.0,0.0,25298372.0
1481,0.483244118554904,0.0005864021739171089,0.48522686151400996,0.002509527582314632,1.7221490547041102e-06,3.8832753713725205e-07,0.0015041967902132331,0.0001474428649096011,0.0,0.0,25311523.8
1482,0.4832582018657202,0.0005725886256127297,0.48210371201666524,0.0025434770147745966,1.6312057318281783e-06,1.492119750298221e-07,0.0015621911815960753,0.00012288162998045762,0.0,0.0,25324786.8
1483,0.4832846331110381,0.0005546964855292942,0.48123826216476395,0.004064349736437211,1.7642498183476846e-06,3.4408676164643406e-07,0.001629289798597893,0.00029098679027795464,0.0,0.0,25338094.2
1484,0.4833212867920431,0.0005640005515791252,0.4828165666621961,0.003899136042009278,1.6764422013649164e-06,1.0250474602559324e-07,0.0016649467863536123,0.00017449945929247512,0.0,0.0,25351347.4
1485,0.4833516856230739,0.0005520631014211945,0.4821249450475051,0.0031906342454975263,1.7099991780763093e-06,1.037498725582675e-07,0.001638047880693543,0.00010348337673043698,0.0,0.0,25364587.0
1486,0.4833743416237062,0.0005322442173838447,0.4849000461566713,0.0020061444406971546,1.5264013868140606e-06,2.0309453099719862e-07,0.001508601848102122,0.00012745563967455565,0.0,0.0,25377789.6
1487,0.4833797206186768,0.0004983001829578796,0.48262049910668336,0.003162958711857668,1.6524074809836154e-06,2.74092813040899e-07,0.0015097482593976002,0.00023715266898659685,0.0,0.0,25390997.2
1488,0.48340691380935163,0.0004885747671420626,0.4840542686762265,0.0034861714362816503,1.68363588810006e-06,2.2386654714260533e-07,0.001658562243903107,0.00013677394352225696,0.0,0.0,25404195.0
1489,0.48341717513499133,0.0005209448693195232,0.48681884760978206,0.0030191305481918717,1.7564724328479858e-06,3.294453901508872e-07,0.0016334897284489072,0.00027497897918493213,0.0,0.0,25417334.8
1490,0.48343390783697104,0.0005059446917576036,0.4841256843852843,0.0018565074272731625,1.4752515439461023e-06,2.390643494125954e-07,0.0014815643474300005,0.00020122663034737417,0.0,0.0,25430545.0
1491,0.4834484453121063,0.0004983286308439664,0.4831712453514488,0.003753534382910815,1.522872619385946e-06,2.1232708154872035e-07,0.0014521366805909422,7.625552472997007e-05,0.0,0.0,25443803.8
1492,0.48346765157900007,0.0004854223906299858,0.4850569832539211,0.001847037182892787,1.666579804544759e-06,2.6696943847476386e-07,0.0015866812881024039,0.000219733031138354,0.0,0.0,25456952.6
1493,0.48345087239511414,0.0005000466745705873,0.48643886765476696,0.002505126742401439,1.6883461963489567e-06,2.372846344534173e-07,0.0015041762135987395,0.00019425343392117725,0.0,0.0,25470096.0
1494,0.4834634047703208,0.0004768362352335932,0.4814675238392258,0.0022349468245664444,1.691246302334973e-06,2.3718158875005043e-07,0.0015632283158032475,0.0001988189150896986,0.0,0.0,25483341.4
1495,0.4834725502741602,0.0004676689220846521,0.4820072141144175,0.0035942482311423223,1.5950707211924024e-06,2.7326936016898156e-07,0.0015194096908428983,0.00020656897308996857,0.0,0.0,25496594.6
1496,0.48350275064173476,0.00047117902047503173,0.48301018383873506,0.004015532434159655,1.6772028284986293e-06,3.284732668541741e-07,0.0016308214872912726,0.00025871959711138695,0.0,0.0,25509828.6
1497,0.4835010918494704,0.0004696993976529412,0.4850355452122438,0.001599378748715099,1.544413525358175e-06,3.2914534700437055e-07,0.0014469141086808765,0.00025574440038259597,0.0,0.0,25522991.6
1498,0.48351739267796534,0.0004673725185683096,0.48512166126989,0.0026826740535616012,1.543226743934794e-06,2.1475174957968257e-07,0.0014981595619237276,0.00021739663574992896,0.0,0.0,25536145.2
1499,0.48354338404913877,0.0004556844692420181,0.48679435464278764,0.004204375918208682,1.6022485998964231e-06,3.0146155213704084e-07,0.00153528799738556,0.00022948457158837728,0.0,0.0,25549257.4
1500,0.4835394073057223,0.00044418732466834735,0.48378790872536603,0.001009734026427929,1.8146371957023456e-06,1.1768869635772865e-07,0.0016238758676013106,5.269530605121916e-05,0.0,0.0,25562468.2
1501,0.4835623693428824,0.000423622365779644,0.4839974779516254,0.004427677906235141,1.4101591706401021e-06,2.586375212141345e-07,0.0014656689372680631,0.0002834993422288057,0.0,0.0,25575682.6
1502,0.48356356685085106,0.0004601181863065098,0.4823672418294718,0.00276576812421971,1.6856181328640193e-06,2.1985533194776143e-07,0.0015453676966761198,0.00022365920333790567,0.0,0.0,25588942.2
1503,0.48356958394569177,0.00046030684593971813,0.4824958556558183,0.004244856091023691,1.6907651650946027e-06,3.2203454467173683e-07,0.0015542651392715043,0.0002081948544815035,0.0,0.0,25602193.2
1504,0.4836027769139678,0.0004490693313985295,0.48331003288315094,0.003249275759487086,1.630658003292708e-06,1.44834780113175e-07,0.0016072878611072933,0.00010767799686965629,0.0,0.0,25615420.2
1505,0.4836309599569987,0.0004611519369834993,0.48323596167925686,0.0025405040355424165,1.49558899088318e-06,1.8893308385862136e-07,0.0015160315422711236,0.00020167886550364348,0.0,0.0,25628644.0
1506,0.4836092781883865,0.00043814875892635266,0.4804886251932242,0.0024312331563193694,1.6605575390023809e-06,1.9228949233400936e-07,0.0014893636110348547,0.00016072313082512118,0.0,0.0,25641969.4
1507,0.48360874930191733,0.00045697710855884227,0.483370458360597,0.0034320729569837557,1.5122176532906025e-06,1.476521402127587e-07,0.0014413628075654057,0.00010258784052976955,0.0,0.0,25655168.4
1508,0.4836163704327149,0.0004058549826441238,0.48631664852792184,0.0013866887667212952,1.5787040424433911e-06,1.8382486319689244e-07,0.0015579379276784951,0.00024237940507317705,0.0,0.0,25668279.8
1509,0.483602546672699,0.00036407713762450476,0.48396548149107943,0.0020920170349596977,1.4892980029541094e-06,2.751322828886665e-07,0.0014217892704862774,0.0002778459455874062,0.0,0.0,25681492.6
1510,0.4836228561656847,0.00034149727418282874,0.48569390186324035,0.0025388251600346173,1.7980974455116896e-06,3.0964910582801675e-07,0.00168163093657615,0.00016384598226826448,0.0,0.0,25694655.8
1511,0.48365931450877736,0.0003723972428844295,0.4830086481858732,0.0016716116713202075,1.5823005843597443e-06,1.9132451828299405e-07,0.0015951970695437562,0.000199743272869554,0.0,0.0,25707845.0
1512,0.4836928151123293,0.00039756077747305944,0.48237676979280336,0.0021548151265815612,1.618388667351667e-06,1.7863862179840231e-07,0.0016299180887511364,0.00014132643346461665,0.0,0.0,25721134.0
1513,0.4837320809147038,0.0003863048593692663,0.48545090541506963,0.003765943470741464,1.7178468995384087e-06,3.0374645102095056e-07,0.0016734311825529389,0.0001869415089992244,0.0,0.0,25734318.0
1514,0.4837318308106866,0.00036140083193136793,0.48213549342528583,0.003493617323245092,1.4720547014210727e-06,1.5086612968665881e-07,0.0013950630998031868,0.00021440252195728247,0.0,0.0,25747673.4
1515,0.48374013454791776,0.0003572726653583721,0.4812448398085493,0.0028592406410231494,1.7078432327515036e-06,2.1107188652311673e-07,0.0015483610450247563,0.00016548439248666223,0.0,0.0,25760959.2
1516,0.48377750467633807,0.0003508965226229295,0.4836668074266962,0.004133753026537492,1.7413249842182158e-06,1.5876417225727924e-07,0.0016907020826534432,0.00014775037025056915,0.0,0.0,25774165.8
1517,0.4837950289626862,0.00036480687633889123,0.48578727148172085,0.0029664404911415023,1.5775465411342186e-06,1.4521171708022664e-07,0.0015458656503629686,0.00015663544800912843,0.0,0.0,25787274.0
1518,0.48379231877729295,0.000355841775907114,0.4817778494710197,0.0020948805245752248,1.8143741169775496e-06,3.08197785729963e-07,0.0015695247047185835,0.00018810181868064428,0.0,0.0,25800524.6
1519,0.48382539831974974,0.0003398135761258747,0.4818808012431216,0.0043063720697349255,1.8504534381530004e-06,1.8889337857606075e-07,0.0017269951490700708,4.2752203114228575e-05,0.0,0.0,25813782.4
1520,0.4838511391354265,0.0003402676030212148,0.4855344732198116,0.001568027286976654,1.5758793853603171e-06,1.3853754342122988e-07,0.001544185564921478,9.709821031841515e-05,0.0,0.0,25826979.4
1521,0.48389701253765116,0.0003624578691314154,0.4856688994126516,0.003160170714970802,1.6746714944523005e-06,8.89986673031965e-08,0.0017039048742985758,8.7714539269711e-05,0.0,0.0,25840126.6
1522,0.48392396009442173,0.00036994637812941424,0.48327822795812975,0.002668051914116403,1.6495675784920243e-06,2.2869484674360355e-07,0.0015954142175011482,0.00018614189694422966,0.0,0.0,25853345.0
1523,0.48392728750219083,0.0003296559621831849,0.4842402000229981,0.002366700818182758,1.5712133459984527e-06,1.4016096275286726e-07,0.001518168940153383,0.000181507454581702,0.0,0.0,25866552.6
1524,0.4839312914012129,0.0002951939476346468,0.4840429880507232,0.00126170381680656,1.592187345086963e-06,3.188434553992474e-07,0.0015418447839168556,0.0002552664545910263,0.0,0.0,25879755.6
1525,0.48396229448686395,0.0003075124499005981,0.4862247282548358,0.003062718887653409,1.7143180832994766e-06,2.8164580843198862e-08,0.001667023833611408,6.865395317218178e-05,0.0,0.0,25892882.8
1526,0.48395804348626437,0.00030692919717376966,0.48367396324295253,0.0037462529975137377,1.4874788291789928e-06,2.1329137002185876e-07,0.0014324486403107755,0.00018573445307381667,0.0,0.0,25906102.0
1527,0.4839597277638036,0.000280562488096405,0.4828239251450011,0.004758778589364341,1.832080878758643e-06,3.5888972239638336e-07,0.0016434264025890258,0.00025765050923299925,0.0,0.0,25919351.8
1528,0.4839664892192225,0.0002726504742066728,0.48293707172630346,0.0024086665688586007,1.6060834860357948e-06,2.2003611158478253e-07,0.0015072008265945443,0.00020262881580999616,0.0,0.0,25932619.2
1529,0.48397937692218596,0.0002750028723061456,0.48380673924877754,0.002507829170972724,1.5543410039557757e-06,2.3658961946414306e-07,0.0014886031229355133,0.0001368568014719213,0.0,0.0,25945824.8
1530,0.48397158625942105,0.0002790108693913496,0.4844672007828173,0.003297321691382532,1.5452958529263392e-06,2.2818446546065524e-07,0.0014760135479550535,0.00012779659414611225,0.0,0.0,25958960.6
1531,0.48400607889642533,0.00026426068909744175,0.4859724062468079,0.0027194194537385136,1.882026599450859e-06,1.265640980021971e-07,0.0018148789893359968,0.0001462720381799213,0.0,0.0,25972076.4
1532,0.4840044783674203,0.0002716149041546545,0.48386576832508654,0.002291883520180423,1.7477120009497038e-06,2.8538112217631316e-07,0.0015910200542157387,0.00018709049425316221,0.0,0.0,25985258.8
1533,0.48402224295502927,0.00029892670431596534,0.4836677779678312,0.0054663081271600494,1.4552851262810596e-06,2.5371165209460445e-07,0.0014657584825475405,0.00026521401808662627,0.0,0.0,25998474.4
1534,0.48401273619698004,0.0002839303849064122,0.4834799554169031,0.006866660371109275,1.5324345200495502e-06,1.0907199751149162e-07,0.0014392296235475294,0.00011340756140354383,0.0,0.0,26011684.4
1535,0.4840057918765142,0.00029473809672800924,0.48091040120096096,0.00136348387479342,1.4617817982369894e-06,1.4956360672866232e-07,0.0014161619456790665,0.0001983073793730574,0.0,0.0,26024986.0
1536,0.4839777752500763,0.00031112866084289574,0.48178964291447157,0.004383711520865616,1.8958105182091406e-06,3.2774544429933334e-07,0.001587952553318659,0.00020026618995553396,0.0,0.0,26038231.8
1537,0.4839379060983099,0.0003318216755675139,0.4820992132317906,0.0038955340348877997,1.693071284259766e-06,2.5155107556510405e-07,0.0014742617323547191,0.0001468684592249897,0.0,0.0,26051490.8
1538,0.4839561417835017,0.0003377716319167705,0.48646792516080095,0.004479672787841814,1.6441114319445827e-06,2.1397336789579453e-07,0.0015962647326588544,0.0001408843095062699,0.0,0.0,26064592.6
1539,0.48398270613935923,0.0003321605365101493,0.48403556795621716,0.0013705357771910526,1.741442073809811e-06,1.866159962715195e-07,0.0016630496432358498,0.00021495513307370485,0.0,0.0,26077830.0
1540,0.4839770099829894,0.00031915312179658245,0.48509753263003075,0.0032899915741418703,1.7713251332839215e-06,1.802590281592372e-07,0.0015838558095436308,0.00021381910045874966,0.0,0.0,26091002.4
1541,0.48399100143921886,0.00030973583836247184,0.4856190971402329,0.002306448661735261,1.68322906537452e-06,2.498833509014958e-07,0.0015855212745922223,0.00011116754524929991,0.0,0.0,26104138.8
1542,0.48399383589758277,0.0003075160919118843,0.48362188095172537,0.001683389978545449,1.522155541569393e-06,2.0583997301343604e-07,0.001481172593361334,0.00012951912501570423,0.0,0.0,26117371.4
1543,0.4840408153286104,0.0003050940711441725,0.48119602230631475,0.002188292897097143,1.8091190576964734e-06,2.3826903093210346e-07,0.0017547049832812634,0.0001572459284845387,0.0,0.0,26130646.0
1544,0.4840327614555401,0.0003315632969738139,0.48368624376906266,0.004141019701089881,1.4175995202206474e-06,2.4766999182053036e-07,0.0013698386114861332,0.0002116377172886,0.0,0.0,26143897.0
1545,0.4840713487725762,0.00031337849420337333,0.48224841838938276,0.002297428498054828,1.7153450753619376e-06,2.9108935049793347e-07,0.001658755854870031,0.00023203235429741656,0.0,0.0,26157148.6
1546,0.4841241470533014,0.00031581083301164103,0.48227430369567204,0.0025887541276364266,1.6189487124173416e-06,2.249400983107211e-07,0.0016914598700061736,0.00020408123378605928,0.0,0.0,26170382.2
1547,0.48415174923768917,0.0003124354920402367,0.4829408363634222,0.0026239723850884763,1.732533370660507e-06,3.410209761995852e-07,0.0016533972865540579,0.00023199199393593849,0.0,0.0,26183597.2
1548,0.4841390659158679,0.00033921674595810544,0.4844715177839317,0.004652872633095272,1.6690072827547739e-06,2.3598995585540955e-07,0.0014722866874405818,0.00024111859268830676,0.0,0.0,26196786.6
1549,0.4841605883124321,0.0003239701559785912,0.4816687770827629,0.0034436332170609423,1.5841908301852237e-06,7.968765003759517e-08,0.0015494039498071877,8.703467050977606e-05,0.0,0.0,26210060.6
1550,0.48416746638965896,0.00031438967463265794,0.48445060982973,0.002892260954602073,1.8542704759201136e-06,4.038502382267856e-07,0.0016845410960466896,0.00020809472239865246,0.0,0.0,26223259.0
1551,0.4841852644815763,0.00030820174236628967,0.48653990519304147,0.0026062084966430457,1.5404549441892567e-06,2.0523082222218938e-07,0.0015289978661583558,0.00019903341252770407,0.0,0.0,26236394.4
1552,0.484212415665104,0.0002984797030695285,0.486412896406858,0.0035175369414464667,1.674130985748472e-06,2.1667918207639176e-07,0.0016437374248999218,0.00021174451724704542,0.0,0.0,26249523.6
1553,0.48421787360375645,0.0002803686023164337,0.48503081365873574,0.0028094111005797034,1.4318854267647986e-06,2.0480285206262951e-07,0.001403238495086181,0.0001793259477882467,0.0,0.0,26262667.0
1554,0.48423633115595405,0.00028262923479398027,0.48276001746126795,0.0023535483348505162,1.7059135762312059e-06,1.6746539287138392e-07,0.0016166689767698951,0.00018982508329992156,0.0,0.0,26275954.4
1555,0.4842593840312269,0.0002947757861421924,0.48000409188041465,0.0026270051153765334,1.7579145592880193e-06,1.7226984355458697e-07,0.0016496734744906268,0.00010298402517061524,0.0,0.0,26289273.4
1556,0.48425399173335854,0.00031852783837866194,0.48621141436888615,0.004609620708820167,1.705031308496578e-06,2.3695770473807736e-07,0.0016315313377423645,0.00019991241267503995,0.0,0.0,26302421.0
1557,0.48424714535167956,0.00033516825385515825,0.48563817052778224,0.002293858151350413,1.5217616998893546e-06,1.1084560490909874e-07,0.0014297240255151892,0.00010569910084095303,0.0,0.0,26315561.6
1558,0.4842769531365657,0.00032367010248129946,0.48282458733832134,0.003123787281882946,1.4602128555579533e-06,1.641457699422677e-07,0.0015361216991659932,0.0002204911745689326,0.0,0.0,26328796.0
1559,0.48428303248182447,0.00035778197417742254,0.48435740362622043,0.0008835477734577483,1.6697336983656247e-06,1.8820593598699822e-07,0.0015884403279264423,0.0001516792564719629,0.0,0.0,26341960.0
1560,0.48427582944659847,0.0003671315875852773,0.48521640583332665,0.002702663824035521,1.4172992167705282e-06,1.873801536171376e-07,0.0014100388825208255,0.00016949409240847162,0.0,0.0,26355113.6
1561,0.4842884645459802,0.0003712442309862529,0.48315917692143306,0.002041127792752442,1.6565588043978798e-06,2.9382871551778973e-07,0.0015449403973413624,0.00015865041350926262,0.0,0.0,26368364.2
1562,0.48430266444269404,0.0003523566884689224,0.48639452022937474,0.0023989815202661528,1.545669038720944e-06,1.4839138338460395e-07,0.0015375733180735744,0.00011900927589239797,0.0,0.0,26381431.4
1563,0.4843211333662044,0.0003361207876119685,0.485971780084358,0.001752179241047081,1.498523564334059e-06,8.558868160611684e-08,0.0015358280991265567,0.00015134076899019866,0.0,0.0,26394543.0
1564,0.48434242680973966,0.0003237578836422952,0.4873286249458223,0.0026117737397647893,1.7186888664852743e-06,1.9063387617471096e-07,0.0016325444346795847,0.0001883098710271685,0.0,0.0,26407649.2
1565,0.48434632786716525,0.0003175762912781259,0.48519670357695566,0.005270244240525519,1.6955720009769737e-06,2.576101344723243e-07,0.0015866487660998844,0.00014195881455154283,0.0,0.0,26420802.0
1566,0.48438474423651134,0.00031819622335897755,0.48452659917725766,0.002366487996200445,1.6962429989896511e-06,2.2394830379345759e-07,0.0016966830603694471,0.00011883553308957353,0.0,0.0,26433966.2
1567,0.4844205547492771,0.0003142416302671925,0.48476498213880975,0.0015300151559500626,1.604912140296307e-06,1.240578961553721e-07,0.0016367667312865417,0.00016640742862096482,0.0,0.0,26447156.2
1568,0.4844326260844447,0.00029846109214669823,0.4838179501258713,0.0036919606858708855,1.6437559019230218e-06,1.9509271905392193e-07,0.0015889788798687948,0.00012814416596131146,0.0,0.0,26460348.8
1569,0.4844280330314804,0.0002802908275146948,0.4840122767046289,0.002944091687249938,1.3481386128908687e-06,1.7859198005451842e-07,0.001376434873496301,0.0001738114835571528,0.0,0.0,26473541.2
1570,0.4844392710482929,0.00027919088627787267,0.4826997547844131,0.0035355548495979577,1.7316285503022557e-06,2.605178536552926e-07,0.0015858891537126843,0.000137647512050855,0.0,0.0,26486834.0
1571,0.48444976603180184,0.0002892752808903618,0.48745962228877693,0.001977255729555928,1.6147929163087045e-06,2.598052077513231e-07,0.0015182957371770616,0.00015147767124470954,0.0,0.0,26499937.6
1572,0.4844492317287726,0.0002740540224081375,0.48773856441672503,0.0023165785979518093,1.514215638018603e-06,1.9458060907582146e-07,0.0014446449423915872,0.00019309074837041087,0.0,0.0,26513039.4
1573,0.48447375954943084,0.00029006684963886405,0.48323779369328806,0.004609461955227129,1.8147298899474765e-06,1.2006049096395542e-07,0.0016970238071853162,4.667837867882548e-05,0.0,0.0,26526277.0
1574,0.4844686580162628,0.0002781241911078475,0.4825990221001405,0.001457101793163548,1.4558954549540582e-06,1.772592086457697e-07,0.001414906059981873,0.00020627326182480986,0.0,0.0,26539464.2
1575,0.48449980181063046,0.0002783948426628366,0.4859378578602486,0.0016171602405934528,1.4371928552248504e-06,1.5776077320587345e-07,0.0015260097691485314,9.217930272461828e-05,0.0,0.0,26552614.8
1576,0.48454595117795185,0.00026748879576366495,0.4846359475069132,0.003899037269289536,1.826393264910694e-06,4.3616739859056546e-08,0.0017484393244822784,0.00013527849220578564,0.0,0.0,26565765.8
1577,0.48453471542590537,0.0002349830475383068,0.486909847938107,0.002574768169876955,1.592127921348872e-06,3.628261038166433e-07,0.001490767094649325,0.0002242610861707376,0.0,0.0,26578877.6
1578,0.4845498883789404,0.00023776194438448244,0.48204784979274284,0.004787845074097502,1.685946215750114e-06,1.713497729989094e-07,0.0015901431322754526,0.00012605681679919242,0.0,0.0,26592128.6
1579,0.48457188750115127,0.0002265319896053843,0.4843886131567444,0.0024914739481219812,1.6286553284750175e-06,2.6542363085246025e-07,0.0016077389057195927,0.00023729640912849482,0.0,0.0,26605299.0
1580,0.48461187914928594,0.00023540567189259842,0.4861328402589347,0.0036396577109761505,1.8415069170244092e-06,1.828426163979806e-07,0.0017604783472955007,0.00017417784374478148,0.0,0.0,26618413.8
1581,0.4846160382530863,0.000269082284465738,0.4851705035481757,0.003946746054606693,1.4844498088713082e-06,1.6734326745276286e-07,0.0014390194538059318,0.00023469631461620096,0.0,0.0,26631548.0
1582,0.4846090042633813,0.00027973701829625477,0.48213631115635935,0.001357849057855119,1.7653405386002255e-06,3.639273452947337e-07,0.0015581802056423124,0.00019945595671923353,0.0,0.0,26644822.6
1583,0.4846307750134011,0.0002678026980409652,0.4851542240312213,0.004868853988375033,1.5756655698062641e-06,3.1427247568536644e-07,0.0015425604412336623,0.00022766860502786954,0.0,0.0,26657975.2
1584,0.48461937897289625,0.000285420832981083,0.4858623063779458,0.0023887351191638267,1.5795141666787097e-06,1.77534017658674e-07,0.0014849190877038267,0.00015566914626207338,0.0,0.0,26671116.8
1585,0.48464621444671474,0.0002749409496050832,0.48613319799957433,0.0031084954438308603,1.5983406534668585e-06,2.8560469858623374e-07,0.0015924794314523551,0.000292038175443489,0.0,0.0,26684236.6
1586,0.4846654309816395,0.0002870725589778664,0.4840856491783495,0.0045150815359889865,1.5454339249657244e-06,2.6248123412734636e-07,0.0015393871280923246,0.00028220637767449044,0.0,0.0,26697430.0
1587,0.48464880217998785,0.0002327791163440472,0.4815509955802357,0.001610671849769989,1.594924021170086e-06,2.0686735920336832e-07,0.001515445013809825,0.00015793476647957584,0.0,0.0,26710676.8
1588,0.4846777052326595,0.0002311689726497768,0.48483661174957227,0.00454791039694451,1.6521164341089171e-06,1.1063725345307556e-07,0.001620766522746601,6.360601271110509e-05,0.0,0.0,26723834.6
1589,0.4846778623263065,0.00021897480698066863,0.4824759489503102,0.004125976146640323,1.5091621859377076e-06,2.8181677352928295e-07,0.0014734601075080157,0.00028747284431933145,0.0,0.0,26737064.4
1590,0.48469395191968595,0.00023158901148706608,0.4844450400682523,0.002619917508558309,1.489822903902643e-06,1.6057846606397933e-07,0.0015312815494303341,0.00014268506331806664,0.0,0.0,26750270.8
1591,0.4846950835870912,0.00021779730238849403,0.4855349780678819,0.0033819180046725803,1.5087534522873377e-06,1.4560962782485335e-07,0.0015002481381118065,0.00010153667794964098,0.0,0.0,26763427.2
1592,0.48468161829128953,0.0002487444738042026,0.4846202976323218,0.002996223886219791,2.0445438605114537e-06,6.464120175257636e-07,0.0017242608501072572,0.0002651246140308282,0.0,0.0,26776564.0
1593,0.48470013364219416,0.00024235061436402822,0.4846860500092044,0.003011267031991448,1.6203102085030107e-06,2.453898649067644e-07,0.0015527778785622947,0.00015022608614875558,0.0,0.0,26789747.0
1594,0.484725574193658,0.0002652803051237805,0.48319528150189495,0.002268363773791659,1.7315512160345631e-06,2.5606096158320465e-07,0.0016769445248615404,0.00021265787175144788,0.0,0.0,26802982.0
1595,0.4847447655999083,0.00027787134408639166,0.48530101591668195,0.006245447867536758,1.5971424963223144e-06,1.6679207629430828e-07,0.001560909664431297,0.0001643504729305263,0.0,0.0,26816147.4
1596,0.4847502232422283,0.00027242230532192787,0.4859005327920599,0.0020505447822717006,1.5090166302464784e-06,2.3493658019074853e-07,0.0014768926695879641,0.00021452146129078033,0.0,0.0,26829275.2
1597,0.48477405052768885,0.00028216865744646767,0.4843277228227773,0.0039935647644363925,1.6053439147755806e-06,1.905793269358138e-07,0.0016397130026468277,0.00019909447916735052,0.0,0.0,26842452.2
1598,0.4847967746820149,0.0002727737492813594,0.48752984079053396,0.0025780083864596504,1.5806207700339668e-06,1.8076235658170105e-07,0.0015945647129990905,0.00021391937601663997,0.0,0.0,26855522.6
1599,0.4848096231322687,0.0002908096917412687,0.48359236575989695,0.003418820818638482,1.6323974591323737e-06,1.5535453259263306e-07,0.0015780062856037796,9.189088510861265e-05,0.0,0.0,26868788.8
1600,0.48482433719463236,0.0002648335233331187,0.4860668324496727,0.004252473024634752,1.6878254855135175e-06,2.3898663523159423e-07,0.0016078041024316318,0.00023084373060613164,0.0,0.0,26881919.8
1601,0.4848163318148829,0.0002525386603340358,0.4874673227229994,0.0016988075461729357,1.6228278447178032e-06,3.9338149414030086e-07,0.0015313078425684603,0.00029764935976522405,0.0,0.0,26894962.6
1602,0.48483477562136423,0.00023264395519323081,0.481732057125719,0.0030491880800185248,1.6222715252855738e-06,1.4801793889410409e-07,0.001573105696066854,0.00020826879758220325,0.0,0.0,26908223.4
1603,0.4848190086716655,0.0002543465738384568,0.4829115645073089,0.003097713736493839,1.7327379555363145e-06,3.2869612665440336e-07,0.0016230247157735362,0.00020128151743899564,0.0,0.0,26921456.0
1604,0.48483263600224247,0.0002510490883640783,0.4853111985993378,0.0024561938122928985,1.5851677674038072e-06,1.8326384695563066e-07,0.0015502943688021017,0.0001097825833670536,0.0,0.0,26934602.0
1605,0.48484449849292666,0.00026262654835539746,0.4827537411132104,0.001531856307852734,1.688556967589128e-06,2.1897907643127842e-07,0.0015862628485738023,0.0001658292989221401,0.0,0.0,26947840.0
1606,0.4848465029695782,0.00025121352931423233,0.48485771992485205,0.002283045612239483,1.6845733220661007e-06,2.760947201010735e-07,0.001616228743485561,0.00022575071554946507,0.0,0.0,26961013.0
1607,0.4848351191212622,0.0002300494531062594,0.4867591470216972,0.002892618183500771,1.6194588403358686e-06,3.136241895724946e-07,0.0015231229323221574,0.0002807099394044878,0.0,0.0,26974132.8
1608,0.4848366908810191,0.00020656979266714618,0.48536163964099027,0.002200353960015754,1.5287381757482913e-06,2.0666589740306746e-07,0.0014290003705333333,0.0001932042889026594,0.0,0.0,26987291.4
1609,0.48486335701020933,0.00019670184502866404,0.4840687867816513,0.003924116679725908,1.7176744765790904e-06,2.071762554944096e-07,0.0016756274475460127,0.00022203104567574365,0.0,0.0,27000461.6
1610,0.48484546889262453,0.00021413776092425033,0.4816375784466402,0.004987426044068661,1.4270504312650096e-06,1.3030654467056567e-07,0.0013704193169318368,0.0001798632592883657,0.0,0.0,27013707.0
1611,0.48483720730664137,0.00022512086000997755,0.4857487158767907,0.0024192017659757925,1.5282801268357983e-06,3.503769837567216e-07,0.0014471402042606943,0.0002046180524297095,0.0,0.0,27026801.6
1612,0.48484671900440046,0.00021064616085600865,0.48394397290405744,0.0018875308228385728,1.7963312777664504e-06,2.464566055113306e-07,0.0016727087841166284,0.00016903041945704185,0.0,0.0,27039990.0
1613,0.4848840535530773,0.00020583963701584167,0.48456007211814933,0.006372027579234745,1.615364097314338e-06,2.0380329348371507e-07,0.0016655755418678968,0.0002050593764842515,0.0,0.0,27053152.2
1614,0.48487687301736326,0.00020930951915229537,0.4856230956096576,0.003736954980533973,1.8619145461236943e-06,2.513407836137714e-07,0.0016344488651416952,0.00015490835914301127,0.0,0.0,27066300.0
1615,0.4848917221727641,0.00020252310196890828,0.48479645587271597,0.004680103310263761,1.7103192665239985e-06,2.9521045058607967e-07,0.0015904809362815215,0.00014436880043168819,0.0,0.0,27079452.0
1616,0.48490256437976464,0.0001786489935093899,0.4823501620690974,0.004799246700575342,1.739770466956647e-06,4.0111429541412276e-07,0.0016187370724409507,0.0001810149710970019,0.0,0.0,27092727.0
1617,0.4849010067347189,0.00015410675199471923,0.4850104826695416,0.003483860168154429,1.4525984030281326e-06,3.119969669928328e-07,0.0014150469652172222,0.0002444661121564997,0.0,0.0,27105851.0
1618,0.4849075810251409,0.0001466677260327122,0.4868993099750042,0.004184914573305487,1.4901410279712582e-06,1.3768974261810363e-07,0.0014425051939653114,3.947130496950366e-05,0.0,0.0,27118940.8
1619,0.48491904958987747,0.00011585239412553355,0.4834482046256305,0.0038527061973417623,1.8030868155545837e-06,1.7780585362347392e-07,0.0016233798942405695,0.00023281362685856807,0.0,0.0,27132177.6
1620,0.4849208537663749,0.00010229530032381827,0.4815228177873081,0.0038000530558591084,1.6159661323747763e-06,9.970882032849558e-08,0.0015411882185342456,9.184970509681497e-05,0.0,0.0,27145445.2
1621,0.4849407579572678,0.00011196836729587142,0.4847277498600004,0.0018913351722172347,1.6232691633101217e-06,2.2130945214966515e-07,0.0016063370803284735,0.000183965395778573,0.0,0.0,27158624.6
1622,0.4849447993826125,0.00011673598689372573,0.48633839257019895,0.003251126728494721,1.5822062326093716e-06,1.780650567215391e-07,0.0015364151800311553,0.00014134002240057038,0.0,0.0,27171721.8
1623,0.48496878878069544,0.0001295001662720761,0.4846974083996705,0.00382119882571262,1.6172083390196281e-06,2.8009168880613264e-07,0.001575155299409404,0.0002543292744041184,0.0,0.0,27184904.6
1624,0.48495419702813064,0.00013121803840644955,0.4859305656306271,0.0026857401908722558,1.6073904629896165e-06,2.7733344718433916e-07,0.0014925765341814,0.00021480767408907673,0.0,0.0,27198051.8
1625,0.4849373382353409,0.00015726491612986205,0.4852146171563828,0.0034770372762280882,1.7064591502174447e-06,3.759983988143083e-07,0.001518646674503788,0.0001856204660397506,0.0,0.0,27211219.4
1626,0.484974116252973,0.00017267548238718668,0.48634011810922173,0.0021582713784761135,1.643086141360593e-06,3.9898182988341355e-07,0.0016238569322653631,0.000289536393872528,0.0,0.0,27224306.0
1627,0.48497055765249797,0.00019872919530110634,0.48793412003544157,0.003062625903375824,1.5112100477349958e-06,1.0643539381332594e-07,0.001463938837392547,6.684706949054592e-05,0.0,0.0,27237389.6
1628,0.48495465882321015,0.0002009294202118487,0.48312210062565786,0.002999779527764383,1.2234701996151132e-06,1.0084419497255102e-07,0.0012420547976154674,5.866011534873676e-05,0.0,0.0,27250556.2
1629,0.48498866347851227,0.00019504614865629373,0.4828520000907745,0.0015327720321711583,1.6828862850888702e-06,1.8101781858360537e-07,0.001662062503906101,0.00013689570811180565,0.0,0.0,27263774.4
1630,0.4849520883387779,0.0001553313346324363,0.48499955398242706,0.0034548769492694564,1.4720566648505144e-06,3.117077058018401e-07,0.0013559384654010717,0.00023933494846021245,0.0,0.0,27276920.2
1631,0.484968806993418,0.00019174361850697938,0.48603999262540415,0.0028999884201805115,1.6264002944754909e-06,2.1510276354053495e-07,0.0015683456381323248,0.00021449958411744527,0.0,0.0,27290042.2
1632,0.48497474496822013,0.0001686855244541515,0.48362363535317954,0.004012812988571034,1.8977354482671227e-06,2.0627027781570388e-07,0.0016990616236732064,0.00017023223733371595,0.0,0.0,27303241.0
1633,0.48496768231028353,0.00017523595823127797,0.48460078620830754,0.002700499004522588,1.4379571374079307e-06,2.1022164045818244e-07,0.0013750031033445758,0.00016995480650666217,0.0,0.0,27316444.0
1634,0.4849656057858905,0.00017265804362151207,0.4839194131058048,0.004147600954533908,1.5580106989103995e-06,2.3648059329460935e-07,0.001466835263028736,0.00018310494708554572,0.0,0.0,27329644.0
1635,0.4849627894717634,0.00018000239237529468,0.48324803853074016,0.002202605775574265,1.5209364693188399e-06,8.584020998502149e-08,0.0014419172872519811,0.00012376542626170943,0.0,0.0,27342872.0
1636,0.4849945872936995,0.00020169466736805254,0.48606859826796767,0.003552488909493285,1.668330291700854e-06,2.8157548730791654e-07,0.0016673790021446912,0.00020986053232512438,0.0,0.0,27356004.0
1637,0.4849917045485578,0.00017396551441460718,0.4872437061530131,0.001416202628972436,1.5117043842732766e-06,2.0626226290670911e-07,0.0014746588462382973,0.00021796604426814445,0.0,0.0,27369082.4
1638,0.4850152016634678,0.0001894161808823125,0.48608314002645814,0.0028498919261109672,1.8382779321042285e-06,1.1051797283777624e-07,0.0017326179092967508,6.748149824246034e-05,0.0,0.0,27382202.2
1639,0.48506398156040575,0.00018030410568226304,0.4882345798889508,0.0028583633161619044,1.7082153166902566e-06,1.2858133905087763e-07,0.001758108383440822,0.00011078331026788479,0.0,0.0,27395249.4
1640,0.48507841597224133,0.00017718909921441147,0.48738560546522747,0.00104643734297259,1.5629103239645018e-06,1.4829177930573539e-07,0.0015683572020087951,0.00014295675833045308,0.0,0.0,27408301.4
1641,0.4850948276586326,0.00016921538827182537,0.48664170303469423,0.0020553067105223847,1.6919515863452932e-06,2.437682856955032e-07,0.0016047063973588572,0.00021800150593790884,0.0,0.0,27421418.0
1642,0.48511564685091396,0.00017638600314764865,0.48081313106485546,0.0030861904892972433,1.4510790149399015e-06,2.596162938200424e-07,0.0014873568678495938,0.0002075828223346399,0.0,0.0,27434690.6
1643,0.4851263778073336,0.00015587299297073048,0.48361957953762913,0.0025652153243516003,1.6527023159722684e-06,1.6313470097761177e-07,0.0015782739918589563,0.00014176752073396005,0.0,0.0,27447918.2
1644,0.4851484709394994,0.00015807477604717847,0.48501684821546504,0.001997496230363097,1.6425701941255496e-06,2.8173265912691204e-07,0.001597614063610138,0.0002056562564208137,0.0,0.0,27461030.2
1645,0.48517997440552596,0.00013726591782960268,0.4846700358589862,0.004751183537679846,1.575999051787583e-06,2.860297121372954e-07,0.0015901198318991924,0.0002105508952619831,0.0,0.0,27474192.4
1646,0.4851801458008705,0.00014459529967243478,0.48683785556900333,0.005138842466736648,1.6869971258804784e-06,2.306658774658072e-07,0.001603814850347408,0.00015112810987662944,0.0,0.0,27487288.4
1647,0.4851871177016161,0.0001540597178546909,0.481918143928879,0.003668419489138785,1.536651444862377e-06,1.9108257728855196e-07,0.001522414570633162,0.0001760673103787934,0.0,0.0,27500529.6
1648,0.4851829907918145,0.00011602453373637828,0.48296946291949167,0.004143719112120643,1.61568160592078e-06,2.8898294519237836e-07,0.0015619543595143314,0.000301992824112408,0.0,0.0,27513723.6
1649,0.4851998139872937,0.00010899019199971131,0.4883540890193695,0.003200848333227988,1.4827248472375415e-06,1.7943888325250748e-07,0.0015013927735673036,0.00016683789684355572,0.0,0.0,27526783.2
1650,0.4852077470047246,0.00010410569035392814,0.48274515239593346,0.0038431075286794432,1.6225821904988166e-06,3.1110491063073355e-07,0.0015901926336931867,0.000267127999478438,0.0,0.0,27540002.8
1651,0.48519546328440305,0.00010993694026617308,0.48863505604090596,0.003774264182258427,1.3046488030424362e-06,6.2245760414099e-08,0.0013547263203230765,0.00011399445530142683,0.0,0.0,27553011.8
1652,0.4852343143668681,0.0001036841087013563,0.48476360639607374,0.0015485725462919045,1.5896584229550906e-06,1.4633868828254238e-07,0.0016597622625705074,0.00013211239368340216,0.0,0.0,27566154.0
1653,0.48523890185575347,7.673202207517342e-05,0.4836442673589077,0.0033889296087771096,1.72226366752304e-06,2.1063808491526997e-07,0.0016419699462678172,0.00017389248555828253,0.0,0.0,27579342.8
1654,0.48525403108629384,0.00010001335580618259,0.4838219380790426,0.0036380678887286684,1.3662339293070044e-06,1.262055457526253e-07,0.0014381059783636686,0.00021613308201351214,0.0,0.0,27592542.8
1655,0.4852553477951943,0.0001092826143997228,0.4868836221495867,0.00428491960859008,1.5725776995122594e-06,1.2948065556402056e-07,0.0015256706314844732,7.677396921266028e-05,0.0,0.0,27605667.0
1656,0.4852550937429487,0.0001335502690285232,0.48462781958902623,0.004051387078281723,1.599580304574181e-06,2.7388137240724784e-07,0.0015463224323724386,0.0002674863035111793,0.0,0.0,27618828.0
1657,0.4852699751659964,0.00013423786926922656,0.4867085184085876,0.004166344912281584,1.7602257638144087e-06,8.929781072958222e-08,0.0016747233828555877,0.00010385098024115511,0.0,0.0,27631914.8
1658,0.4852791778137003,0.00013109041489237658,0.48235660541067454,0.0027459660591967814,1.6893980091812013e-06,2.0833576350534606e-07,0.0015841980200722988,0.0001388492493351669,0.0,0.0,27645136.8
1659,0.48529001004188094,0.0001608653685091806,0.48388713020030033,0.00039711322228178943,1.5676403012125333e-06,1.2395239934387652e-07,0.0015181832486007183,7.44098960636395e-05,0.0,0.0,27658334.6
1660,0.485296954061236,0.00013541725187796638,0.48335592891787876,0.0034889439700563378,1.5127702391800977e-06,6.838156391149896e-08,0.0014884004436703472,0.0001195515887851571,0.0,0.0,27671533.6
1661,0.48529564008614245,0.00015439965768099332,0.48698685011203297,0.0010611306248059693,1.4050881376674333e-06,1.537714396292859e-07,0.0013801438363517284,0.000157197970106004,0.0,0.0,27684670.6
1662,0.4853020844172917,0.00016495041229403918,0.4881507009165637,0.003829700880596531,1.5420066062967265e-06,2.4505380628711413e-07,0.0015493828850474134,0.0001842409124570639,0.0,0.0,27697749.0
1663,0.4853137339634516,0.00016659833417950905,0.4841936429032822,0.003681221999818327,1.5199452474498282e-06,3.5348047897730804e-07,0.0015270071903961692,0.00029821239334467526,0.0,0.0,27710946.6
1664,0.48531921623079083,0.0001758058413525088,0.4837290430539163,0.0038213863608164565,1.5621081366624009e-06,1.5003730381212248e-07,0.0015540491497176782,0.00011027139867396777,0.0,0.0,27724158.8
1665,0.48533542365226534,0.00020145950565077583,0.4865217087168669,0.003185502836807312,1.5775984178019456e-06,4.071562346044525e-07,0.0015640121407146789,0.0002920121982590035,0.0,0.0,27737306.8
1666,0.4853020252150998,0.00017167794298560588,0.48618012832049484,0.0020350934883537606,1.4540586546614376e-06,1.972414135234498e-07,0.0013647630207601967,0.00012676809019733122,0.0,0.0,27750436.2
1667,0.4853103362150734,0.0001782279089005691,0.4868112215181659,0.005015501089679012,1.691074325044853e-06,4.945567174988142e-07,0.001591616999704439,0.0003296501279368625,0.0,0.0,27763540.6
1668,0.4853184723015729,0.0001547453712276467,0.4846001953936699,0.000994361970030427,1.5513572320278044e-06,2.0709074608813237e-07,0.0014856957269559128,0.00020378496686993436,0.0,0.0,27776695.8
1669,0.4853110130687706,0.0001580555264387686,0.48341245412089273,0.004128952460534217,1.407957574261101e-06,2.455762776213894e-07,0.0014032170331022067,0.00013412550000246526,0.0,0.0,27789963.6
1670,0.4853303872362063,0.00015901091062442456,0.48687849980170245,0.0036816571883270216,1.6300216815312756e-06,5.293861225015236e-08,0.0016261605457266164,9.412802110475623e-05,0.0,0.0,27803070.2
1671,0.485328567458576,0.00014757024387746146,0.48674069350445814,0.002854403222510729,1.455894312249464e-06,1.78544151754158e-07,0.0014603713995330117,0.00015907612580395871,0.0,0.0,27816166.6
1672,0.4853096005918731,0.00013582603262397586,0.48551080964622334,0.003505503489548144,1.3918538549019307e-06,9.10987096745976e-08,0.001389409966241727,9.0531206037448e-05,0.0,0.0,27829340.8
1673,0.48534554247149153,0.00013998529310455692,0.4837134645312949,0.0040691757259203164,1.5627094500686002e-06,2.442379495639442e-07,0.0016213857488102021,0.00023477175167465234,0.0,0.0,27842486.4
1674,0.48535898410923944,0.00011818526550085269,0.48478746288857105,0.0044297334335226665,1.6175844412034063e-06,2.1248767986442933e-07,0.0015600867898032601,0.00019793844879072858,0.0,0.0,27855650.4
1675,0.48540386415338954,0.00013389316283150967,0.4852864356012403,0.0024713786539534393,1.7139919923357717e-06,3.860095250022711e-07,0.001689265505219217,0.0002614857101163276,0.0,0.0,27868774.8
1676,0.48537796710288383,0.00013850524439810752,0.4879014611949467,0.0027979290299353678,1.6016060002405533e-06,4.766362843599092e-07,0.0014719238324811077,0.00029096852753675545,0.0,0.0,27881829.6
1677,0.48535893146495396,0.00011033608963284419,0.48390702454598655,0.002245905483942473,1.5888574377061333e-06,1.0205899916206485e-07,0.0014415849924567902,0.0001469243728251512,0.0,0.0,27895020.8
1678,0.48536721463835664,0.000111430840166546,0.48294016943942086,0.003919544856115373,1.4309074570291631e-06,2.4502202317292356e-07,0.0014624739816242634,0.0002688840631676225,0.0,0.0,27908228.2
1679,0.48535210151705294,9.381470654483606e-05,0.48887353812474466,0.0031823674545653794,1.507860591384901e-06,2.053005413199773e-07,0.0014576053377039773,0.00010434205127328927,0.0,0.0,27921248.2
1680,0.4853394832584832,9.260962910956272e-05,0.4846157077508423,0.002732996822195706,1.6106463723590494e-06,4.1447571368080104e-07,0.001465617841688013,0.0002633359770577424,0.0,0.0,27934400.4
1681,0.4853502370864356,7.812376724629107e-05,0.4834002631543294,0.004852129215921162,1.432436544382299e-06,1.616627852461915e-07,0.00146561836868355,0.00013050430216698402,0.0,0.0,27947585.0
1682,0.48535085483345464,8.977578174688614e-05,0.483965934744168,0.004150259475362779,1.5565017204401214e-06,2.7413227086700684e-07,0.0014872904244823217,0.00019479233934792246,0.0,0.0,27960743.6
1683,0.4853649496870685,8.686477606971342e-05,0.48349320544536667,0.004381011333796466,1.6257679217105914e-06,1.902244036780032e-07,0.0015870772742384662,0.00011534729405526777,0.0,0.0,27973963.2
1684,0.48538012802452474,8.768384862502674e-05,0.4904321043517367,0.00562875886185564,1.655963591744422e-06,2.0492930326516598e-07,0.0015790284675632378,0.000249832090759162,0.0,0.0,27986941.6
1685,0.485395310171978,0.00011026142216238473,0.48171050415938976,0.0030673779698357413,1.7881214598332567e-06,2.074345896375473e-07,0.0016546905079016187,0.0002799241321687789,0.0,0.0,28000201.4
1686,0.4854227995624908,0.0001032754421484368,0.486392216226662,0.0019538488332547263,1.6978901874240213e-06,2.2418712776426195e-07,0.0016617754677104343,0.00019472741971635846,0.0,0.0,28013315.4
1687,0.48543404308477955,7.854867643231929e-05,0.4849880127536559,0.002944474587320929,1.5853742904810127e-06,2.4829092437434703e-07,0.0015470584651632654,0.0001985033096374588,0.0,0.0,28026459.6
1688,0.48540197216923825,9.691341786781042e-05,0.48684314138858154,0.0028609074848020095,1.475269341518281e-06,9.184260400981054e-08,0.0013574389995520686,0.00012004021128171151,0.0,0.0,28039536.6
1689,0.4854243636393405,0.00010550407375039774,0.48936960153561915,0.004273486725397195,1.532722640246954e-06,2.6472778935608735e-07,0.0015803723472435378,0.00020050260786434667,0.0,0.0,28052582.8
1690,0.48540525692136827,0.0001354846732941958,0.4841786164618229,0.0025136736481418172,1.6534530184348953e-06,1.9815206214694928e-07,0.0014637076736376828,0.00017229570468574887,0.0,0.0,28065760.0
1691,0.48544852629922286,0.00015265303337549184,0.4853498758399334,0.003052756896251249,1.6490579109222882e-06,1.6708960255769447e-07,0.0016997021047792736,0.00015773357750716214,0.0,0.0,28078912.4
1692,0.48546944122868113,0.00016112437708802046,0.4869917143888031,0.002691983578861945,1.6251077786463858e-06,1.8669349064860306e-07,0.0016104226703337395,6.251174319991732e-05,0.0,0.0,28092011.8
1693,0.4854563765415172,0.00016822040697609436,0.48674554367304107,0.003622629220249215,1.4317887107920704e-06,1.892678659688629e-07,0.0014275446449049617,0.00018087465176265508,0.0,0.0,28105108.6
1694,0.4854807749375306,0.00017486739052425136,0.48680535934582714,0.0014973039039155828,1.5424356404838463e-06,1.5573584264260376e-07,0.0016079185289541366,0.00012342497230705303,0.0,0.0,28118204.4
1695,0.48546873582532735,0.00015596770669903227,0.4872685920779264,0.004283743764707915,1.3838452358430168e-06,1.6149728086752738e-07,0.0014209524823347434,0.00016205298627640203,0.0,0.0,28131293.0
1696,0.48547353245599967,0.00017245571476970706,0.487234757355915,0.002203555146942708,1.4848722365923901e-06,2.1980661427679113e-07,0.0014932536388423475,0.00023357930341136616,0.0,0.0,28144370.4
1697,0.4855013576009778,0.00017152077078794422,0.4859808093332097,0.0025772924167413083,1.545790045126902e-06,2.109036733138533e-07,0.001582337438564061,0.00015644102501849138,0.0,0.0,28157515.6
1698,0.4855381576918421,0.0001483198034864932,0.4877515626972665,0.004023466577708925,1.6024339859042657e-06,2.464204343274715e-07,0.00161649091059512,0.00020845828456431448,0.0,0.0,28170610.6
1699,0.4855404531229922,0.00015183828572715548,0.48657906800291356,0.0012124224151773074,1.487545689765887e-06,1.4023370090903198e-07,0.001444921051307179,0.00014996782815408874,0.0,0.0,28183730.4
1700,0.48556362253101826,0.0001535349144484698,0.4869796568072987,0.002572121836169037,1.616101401473415e-06,1.5636272305229498e-07,0.001631643233403432,0.00012320401987324088,0.0,0.0,28196804.6
1701,0.48554302689902984,0.00017129977232332086,0.4839662228117832,0.0024122497465996246,1.3610481495847234e-06,2.681150716367823e-07,0.001325778176827501,0.0002649510265276385,0.0,0.0,28209990.8
1702,0.48557636147778444,0.0001758745560544216,0.48338875492097505,0.0023672375494255215,1.6642194264128354e-06,2.0030100182502205e-07,0.0016735453866614733,0.0001740184544838859,0.0,0.0,28223192.4
1703,0.4855941741710982,0.0001867883357826291,0.48898369712763384,0.0028864616243157366,1.6533111842327674e-06,3.7150891166655293e-07,0.001593712667855495,0.0002979330553180683,0.0,0.0,28236188.0
1704,0.48562592813931504,0.0001776546726354051,0.4870045550618345,0.0012891732647287856,1.7708284040934681e-06,1.9868864898538406e-07,0.0017738517567222306,0.00015960072814572324,0.0,0.0,28249305.8
1705,0.4856361224543142,0.00018860638275104653,0.4846798572302906,0.001827277936900583,1.6359363168381866e-06,2.976196811291722e-07,0.0016183701956554142,0.00023048272086000464,0.0,0.0,28262467.4
1706,0.48565928630739147,0.0001774704777151093,0.4859986683908444,0.003574708883412802,1.731455880507133e-06,2.46370112854173e-07,0.0016184947072287246,0.00014471847407323567,0.0,0.0,28275577.6
1707,0.48568966163841243,0.00017221983916554048,0.48367439124597356,0.0034812359387670234,1.7133031068715986e-06,1.9212967752229315e-07,0.001677195668979413,0.00013780773326688337,0.0,0.0,28288773.6
1708,0.4856993332698045,0.00017959568352784053,0.4862621462599403,0.004309817375414759,1.5066845993600532e-06,1.576914768436844e-07,0.0015164156212346233,0.00014834628120368744,0.0,0.0,28301884.4
1709,0.48568947963625,0.00015422924703416095,0.4868366814869166,0.0024099834611252483,1.5155860965041764e-06,3.0820822085191755e-07,0.0014658731131712579,0.0002950631805531454,0.0,0.0,28314918.4
1710,0.48571695271418325,0.00014966973188328033,0.4870614913547927,0.004438149154974175,1.5744959483136906e-06,2.6569175580904104e-07,0.0015807076523629425,0.00018332655745328477,0.0,0.0,28328032.2
1711,0.4857495342198699,0.00015835934216031035,0.4844308819970363,0.002397222459460618,1.6702231142328797e-06,2.2422951946708175e-07,0.0016778504586789414,0.00010208316956418735,0.0,0.0,28341197.2
1712,0.4857532315490872,0.0001633035653001689,0.489719452810068,0.002342875578293174,1.447091719874004e-06,9.312817895499084e-08,0.0014520556447342047,0.0001440110821931913,0.0,0.0,28354226.6
1713,0.4857540803674848,0.0001655748846317937,0.48712112033751626,0.0014446813182102593,1.5802968887845525e-06,2.495889090460734e-07,0.0015614336450807112,0.0002833029311698406,0.0,0.0,28367313.0
1714,0.4857566000627986,0.0001421599749694343,0.48621616877806906,0.0030740326997914283,1.3859308347023641e-06,2.3218894693543815e-07,0.0014000685547308452,0.00023438679183599752,0.0,0.0,28380408.8
1715,0.48576821005074244,0.00010016284257587948,0.4877095064867336,0.0027983213902379087,1.528564541934405e-06,1.3422707790766753e-07,0.001547120067410135,0.00019649523638898264,0.0,0.0,28393454.4
1716,0.48577961683953363,0.00010719172409794665,0.48362734374995364,0.002387210370508242,1.6243178998582969e-06,2.212716399759628e-07,0.001604604176826694,0.00019579154954610953,0.0,0.0,28406647.8
1717,0.485791356523544,0.00014333245722958617,0.48444238596163086,0.001079770121595037,1.7475136813064154e-06,1.6408527607120688e-07,0.0015939701744466846,0.00012821535491949182,0.0,0.0,28419813.2
1718,0.48581761281284114,0.00016348878724583397,0.48602609872125563,0.004133421439257097,1.6008459032509642e-06,3.0219345907931943e-07,0.001614321985378836,0.0002969981939013697,0.0,0.0,28432943.2
1719,0.48581580447494666,0.00017499682727661013,0.48489688798303804,0.002845578250447011,1.3812875608023992e-06,2.0943234240998598e-07,0.0013661672352897323,0.00017307779823594102,0.0,0.0,28446080.2
1720,0.4858289217113474,0.00017124968919561548,0.48506066161427225,0.0017663397434157808,1.721690087500835e-06,1.8996730622176383e-07,0.0016074255141970092,9.213406006168643e-05,0.0,0.0,28459213.0
1721,0.48585558599712036,0.00018675673559034084,0.48811709922450885,0.005054118719152273,1.8692291374355799e-06,1.505457602094264e-07,0.001740390859974616,0.00018224700809032495,0.0,0.0,28472234.8
1722,0.4858628067762291,0.00019098501224476354,0.4830378656614712,0.0034908678004721707,1.5849196559887298e-06,1.9072343911503524e-07,0.001566527876340075,0.00011702342881384375,0.0,0.0,28485484.8
1723,0.4858729349470988,0.00017915697045769506,0.4884173523887032,0.0017745208556915679,1.7308128803166454e-06,1.6934763438209409e-07,0.0016486174578629709,0.00012750689547468677,0.0,0.0,28498460.8
1724,0.4859073940752543,0.00017113144746855956,0.4843722599232894,0.0018071242058206706,1.5922983848801278e-06,2.1445129529455185e-07,0.0016430975864777971,0.00019251226307371417,0.0,0.0,28511679.8
1725,0.4859218219345112,0.00015644684697447867,0.48435968323981415,0.0021231091492894764,1.544507188196587e-06,1.0473663418747662e-07,0.0015731972008420924,0.00011132793814682954,0.0,0.0,28524856.6
1726,0.48590643719611204,0.00014721825850980797,0.4861510382313802,0.004921777463258144,1.4380033759630732e-06,1.974484681766056e-07,0.001417960019177504,0.00011473962840812594,0.0,0.0,28537977.0
1727,0.48592788404280496,0.00013137595471600524,0.48592846505125475,0.005494922858329393,1.5961144325381845e-06,1.7547584238219652e-07,0.0015839643535143738,0.00018510314924329296,0.0,0.0,28551125.6
1728,0.4859521898426766,0.00012007026465580616,0.487696131133834,0.002917287223714808,1.4963889378264206e-06,1.837591410276064e-07,0.0015612268239914057,0.0001525035008518842,0.0,0.0,28564187.0
1729,0.48595935435490845,0.00012718577374716935,0.48710270510785814,0.0038980071098597448,1.8162016402427146e-06,4.693246383659763e-07,0.0016060736065173632,0.00023861025604965502,0.0,0.0,28577300.4
1730,0.4859567815908715,0.00012509897939471458,0.4842222381832076,0.001665120870927838,1.3328948413918548e-06,2.6965339184318096e-07,0.0013788589398994742,0.0002800879987737167,0.0,0.0,28590473.4
1731,0.485963471617351,0.0001192826794436106,0.4857399280954125,0.001381431145165459,1.6412489411523563e-06,3.203372033468804e-07,0.00156947555151415,0.00023819988794100496,0.0,0.0,28603626.2
1732,0.48597643226581233,0.0001257669688560189,0.48227828860553457,0.003941840961689178,1.5628509118787448e-06,3.215494656866599e-07,0.001552586528619031,0.00022641345768359896,0.0,0.0,28616832.0
1733,0.48598988061742815,0.00012181425209047056,0.48699561671821223,0.003939090906690237,1.7586163893068663e-06,2.154552299898994e-07,0.0016436250856677222,0.00011863444812360989,0.0,0.0,28629916.6
1734,0.48600484719043135,0.00015074179229621927,0.48236527081492664,0.004173544659499903,1.5464740348267706e-06,1.548383288833771e-07,0.0015510900176285258,0.0001343794545091283,0.0,0.0,28643122.2
1735,0.48601611941755546,0.00016377384066856943,0.48523519579602786,0.0023891482224874363,1.645721832747439e-06,2.0107825019901878e-07,0.0015989311324780115,0.00017150986413639406,0.0,0.0,28656239.4
1736,0.48603544994563463,0.00015175837419674227,0.4866287753169173,0.001205214722787797,1.6042248226973538e-06,2.8834714527477487e-07,0.0016132957384761757,0.0002471293903404307,0.0,0.0,28669323.0
1737,0.48602336219746106,0.00014732565929462195,0.48400207147107094,0.0031224054062337246,1.5012381311661888e-06,3.086152802662254e-07,0.0014115847330498105,0.000362712161205263,0.0,0.0,28682474.6
1738,0.48602486622306457,0.00011919356084358564,0.48621654927205105,0.0031852834558923258,1.5403121991463167e-06,1.2195342615060393e-07,0.0015012822072551907,0.00012067181320783292,0.0,0.0,28695588.2
1739,0.48607632816050506,0.00011251538939063436,0.48307139666726756,0.0015770236166454238,1.7135032524861924e-06,1.5173922916940399e-07,0.0017649982850130499,5.040173666418327e-05,0.0,0.0,28708838.2
1740,0.4860600520344587,0.00012024183571800004,0.48383361637015765,0.002996083790774059,1.583919033696615e-06,3.098894911897184e-07,0.001435719363210573,0.00018053343182875003,0.0,0.0,28722039.2
1741,0.48607362429951373,0.00011911426252933489,0.4855623079646868,0.0035141663484094185,1.5975017911739664e-06,1.5732314129734718e-07,0.001603442545018601,0.00013102833933646048,0.0,0.0,28735170.0
1742,0.48610400526066977,0.00012853175888891122,0.48535489327552295,0.0028078158060943397,1.6009444700594117e-06,1.0664473185241807e-07,0.0015899451478355183,6.642081073935569e-05,0.0,0.0,28748297.8
1743,0.4861224866691124,0.00016785976198615648,0.48749935159510327,0.0020474511803345793,1.699372452589639e-06,3.479607624204791e-07,0.0016310886998151073,0.0003081644173963862,0.0,0.0,28761366.2
1744,0.4861545750107621,0.00017115303712791186,0.4847890102798815,0.003946630739940869,1.6413162387829863e-06,2.0472598361960478e-07,0.0016685747553555244,0.00018772439398615233,0.0,0.0,28774539.2
1745,0.4861758836755509,0.00017016518678372605,0.48441501365829237,0.002654041280977769,1.576397634064007e-06,1.553211059336915e-07,0.0015361450625193452,0.00012707236063679356,0.0,0.0,28787712.4
1746,0.48619403520940657,0.00014973443122206007,0.4858910026221319,0.0039013735513963857,1.4986821269815904e-06,2.3114896297545208e-07,0.0015802223140648653,0.0001924585841568973,0.0,0.0,28800855.6
1747,0.48620360827954123,0.00016159724714199456,0.4855561503901333,0.001419761357203835,1.7203164113121446e-06,1.1007395086066451e-07,0.0016367617381428273,9.781357419148984e-05,0.0,0.0,28813974.2
1748,0.4862418075819984,0.00016699022022561435,0.4856105826335767,0.0031703344621148407,1.4949401516716945e-06,2.1226087340026228e-07,0.0015805132997014023,0.0001958115836779531,0.0,0.0,28827112.6
1749,0.48624944897883743,0.00019270918559587873,0.48960753621424014,0.004643823837849031,1.6555220400003036e-06,1.1818251119357478e-07,0.001560753997572089,0.0001445721852611809,0.0,0.0,28840088.0
1750,0.4862311379460514,0.00017991920061539727,0.48736594411508216,0.004387519359968673,1.4857858031421515e-06,1.545686331911896e-07,0.0014251576918459007,0.0001391054416803379,0.0,0.0,28853165.4
1751,0.4862302002580504,0.00016320524927804686,0.4872488388583573,0.004045397145519046,1.4670769988391838e-06,3.425614413771114e-07,0.0014490203182808588,0.00022185280469920525,0.0,0.0,28866239.0
1752,0.4862666011404239,0.0001655753636577873,0.4870607339268881,0.0017554758682160536,1.545065467219874e-06,1.1726634401812694e-07,0.001631245512402005,0.00011718134024558845,0.0,0.0,28879322.6
1753,0.4862741128890731,0.0001733258459914678,0.48774537090049497,0.00422826954504902,1.709642534890466e-06,2.1248989957190283e-07,0.0016426332985466148,0.00013532401988014767,0.0,0.0,28892394.2
1754,0.48630415100623503,0.00016118766384075147,0.4881530727667096,0.003506429864572865,1.6086976291917908e-06,2.0915658477229327e-07,0.0016394257052515311,0.000136925903053577,0.0,0.0,28905446.4
1755,0.4863336827725008,0.0001812337223095551,0.48833674810853467,0.003916294753321347,1.5493395034027472e-06,2.3158618733404776e-07,0.0016294087444711871,0.00021697343711601032,0.0,0.0,28918529.6
1756,0.48630768117405393,0.00023088541109572447,0.4887155522327108,0.0038362858485631477,1.8984518963763923e-06,8.332374693375691e-07,0.0016063705686690613,0.0002667752176323541,0.0,0.0,28931573.4
1757,0.48631084084565374,0.00024253866361202128,0.4854348633894127,0.005137267989207844,1.4314211262111227e-06,2.4759612889776657e-07,0.0014242413253384482,0.00022885594770778196,0.0,0.0,28944700.6
1758,0.48632020580653973,0.00026275454831056896,0.4849847093605046,0.002803576297348669,1.4687934187880514e-06,2.6795443969467244e-07,0.001499964849354026,0.00024379885271978013,0.0,0.0,28957854.0
1759,0.48633632312387487,0.00026427385290664194,0.48793563041768184,0.00442670837190238,1.4556243439028473e-06,1.8738971733919635e-07,0.0014984783554255073,0.00017077990304533656,0.0,0.0,28970907.2
1760,0.48637247926478305,0.0002597722333814063,0.4889258142803793,0.0025977875562342295,1.5368897989658066e-06,5.3351010373499875e-08,0.0016304276997121958,8.718249866455373e-05,0.0,0.0,28983941.6
1761,0.48639348788340586,0.0002784745909327894,0.4879777665560826,0.0037193326454785193,1.5326440603848336e-06,1.0855216539897156e-07,0.0015568635183905507,0.00011598355789162406,0.0,0.0,28996980.4
1762,0.4864218948269584,0.00026230625106949133,0.4880507642700739,0.004845736993942789,1.4419432202391204e-06,1.8086466365897024e-07,0.0015575735323265414,0.00020493721216616496,0.0,0.0,29010036.4
1763,0.486413049267935,0.0002644721259376516,0.48656837739480674,0.002654165480045875,1.5872272768194056e-06,1.6681435716734544e-07,0.0015037413507532772,0.0001068295258447496,0.0,0.0,29023147.6
1764,0.48638631144982397,0.0002758380336533849,0.4883222438561675,0.0027881773511233966,1.5236309509638447e-06,1.4108334369056047e-07,0.0014685712081099647,0.0001183508287753232,0.0,0.0,29036218.0
1765,0.48637870067354144,0.00027953159011069617,0.48510134344322375,0.002675232637605747,1.5018024102559651e-06,2.5583167459608246e-07,0.0014430619840603708,0.00023244046994421737,0.0,0.0,29049378.2
1766,0.4863705225738643,0.00025123088633442043,0.48509279480367623,0.0024336983998570504,1.4743095337987705e-06,2.438991051371249e-07,0.0014872387496092318,0.00017118057132791233,0.0,0.0,29062549.2
1767,0.4863872054625647,0.00029197571621073957,0.4835804493103645,0.002585028527987541,1.631085301607871e-06,3.403319120000167e-07,0.0016234245804179134,0.00035069330423480246,0.0,0.0,29075783.8
1768,0.4864182840838113,0.000269723973426738,0.4840077714128225,0.0020888016049114685,1.6007627589385297e-06,2.9895321835436014e-07,0.0016193621765400782,0.0002501244210762573,0.0,0.0,29088982.8
1769,0.4864365309130602,0.0002760697073544163,0.48960058075322077,0.002632268208423593,1.5935069026691676e-06,2.1838010704133771e-07,0.0015992034163025512,0.000200517973109361,0.0,0.0,29101995.0
1770,0.4864510314951353,0.0002681843455645373,0.4861875646052831,0.002852683958220181,1.4900706355213795e-06,1.823695919186225e-07,0.0014984818639863456,0.00019948656749395314,0.0,0.0,29115129.4
1771,0.48646945170187356,0.00026284084301741604,0.4840958100377609,0.004018417588062763,1.3980499236771935e-06,1.6843787674432765e-07,0.0014783590013634016,0.00011932684574040898,0.0,0.0,29128339.8
1772,0.48648960033743477,0.00027235344190767264,0.4848300524901104,0.0037950584873142896,1.538170124462325e-06,2.3845615037717116e-07,0.0015851724546696686,0.0002517032239469962,0.0,0.0,29141503.4
1773,0.4865009061338024,0.0002883344395515718,0.48516292145902734,0.0036354934965776528,1.5109986331995487e-06,1.8677075440353336e-07,0.0015294678032094354,0.00014343197160401956,0.0,0.0,29154655.8
1774,0.48648957944543314,0.00031312985637865624,0.48695284267948064,0.002811045389306995,1.551604851162406e-06,2.2971353688015193e-07,0.0014949453945261979,0.0001240087036807668,0.0,0.0,29167738.0
1775,0.48650490457098244,0.00030024071963887135,0.48612577599837303,0.002294389752393802,1.4970615617792185e-06,2.0936350871469451e-07,0.0015662665287665973,0.00015383426844848652,0.0,0.0,29180857.0
1776,0.4865058470130549,0.00031629379472246464,0.4887036895471706,0.002776632658032608,1.7842317438321125e-06,2.900700321040213e-07,0.0015652549903353828,0.0002856653274668098,0.0,0.0,29193926.8
1777,0.4865237389643088,0.000311670512000902,0.48595357328551947,0.0017133394684335375,1.5072719853739459e-06,1.3699495978838476e-07,0.0015108744955597466,0.00018034592569352828,0.0,0.0,29207033.2
1778,0.48652979015407744,0.0002851966963888694,0.4861230694363309,0.001923843759279895,1.5569868392566477e-06,1.6524100946324425e-07,0.0015310671042673548,0.0002133165616153312,0.0,0.0,29220141.8
1779,0.4865112655014453,0.0002597778775184377,0.4853808640107772,0.0015104271915720607,1.5302047467437564e-06,1.2013125438307936e-07,0.0014189626124549181,1.293457429665592e-05,0.0,0.0,29233307.2
1780,0.4864898050314574,0.0002649239517485751,0.48418234597760756,0.0028294968662297684,1.4319575125930989e-06,2.2404372545916073e-07,0.0013587108057155485,0.00010731750853421776,0.0,0.0,29246489.6
1781,0.4865049468017492,0.00025730394482260764,0.48832288562342085,0.0016631011580835117,1.4127966355433342e-06,2.0038694234100435e-07,0.0014802341911221307,0.00022082993690230785,0.0,0.0,29259529.2
1782,0.486497638916713,0.00023867282535094055,0.48784118154348216,0.0019459785438730992,1.7251804244670645e-06,4.831570623525159e-07,0.0015612257765129892,0.0002896816340691154,0.0,0.0,29272597.0
1783,0.48652329233244795,0.00024094587517741644,0.4843219045662609,0.0013643361127038249,1.5512505989557488e-06,1.3009274074355451e-07,0.0015844169660145795,0.00010355860327762707,0.0,0.0,29285777.6
1784,0.48655119267985525,0.00021053045158840253,0.48676609564536066,0.002941076261129302,1.5460362879818447e-06,2.0702332556417977e-07,0.0016082665624396505,0.00021032579513410057,0.0,0.0,29298887.0
1785,0.48654276812258496,0.00023404797051014618,0.4859879214539832,0.0027779793630596937,1.4311432238476502e-06,2.6155503835156375e-07,0.001390744488716143,0.00021559693691301725,0.0,0.0,29312033.4
1786,0.4865477321148607,0.00022632526147822786,0.48933041801932403,0.0017057296196774918,1.5700022050704059e-06,9.929175505203415e-08,0.001585007710285391,8.101462165891936e-05,0.0,0.0,29325044.8
1787,0.4865529469185616,0.0002364982121744915,0.4876279285490301,0.0027948684211243037,1.7077510866475256e-06,1.9682716560399755e-07,0.0015826116735313852,8.203509385612227e-05,0.0,0.0,29338105.2
1788,0.48652417260929404,0.00026306596341002525,0.48563157048034833,0.003666015638942762,1.3262657541591338e-06,4.3391882742716516e-08,0.001295624021097084,0.00011897228230925479,0.0,0.0,29351246.4
1789,0.4865197704999348,0.00029010208104027023,0.48860455255329904,0.0031451543298773514,1.448817936080556e-06,1.7173249631983942e-07,0.0014667025195767278,0.00015841756190280982,0.0,0.0,29364318.4
1790,0.4865089837363155,0.0003022900838856425,0.4887730906842849,0.004898283789575206,1.3614943303174506e-06,1.7037086941793539e-07,0.0013620859839101277,0.00017818779371095135,0.0,0.0,29377336.4
1791,0.4865057615177055,0.0002916324441779538,0.48823738021144775,0.003690501813303881,1.507697210670606e-06,1.920116872662669e-07,0.0015135704340428504,0.0001455611487892599,0.0,0.0,29390409.6
1792,0.4865143823784261,0.00028808485951349133,0.4839540378209911,0.0028143734355098354,1.566879176804227e-06,1.7589470393777975e-07,0.0015505504551303474,0.0001863205570611594,0.0,0.0,29403603.2
1793,0.48646476241019065,0.00027196226914961936,0.48763725285241605,0.0027355454532494257,1.7523330617522575e-06,6.041125555897203e-07,0.001492798829654673,0.00020149054308325282,0.0,0.0,29416696.8
1794,0.48648497884858344,0.00028451668516511563,0.4855761590536204,0.00289849037250272,1.3761376947138198e-06,2.078617090959561e-07,0.0014829473274572355,0.00022432206323359005,0.0,0.0,29429806.4
1795,0.4864829739822626,0.00027646357599390184,0.48418450200488383,0.0019457545138011384,1.5074858971760833e-06,1.9034185335829718e-07,0.001482720243577464,0.00019320363668647175,0.0,0.0,29442954.4
1796,0.4865213842637761,0.00027596454629423166,0.4873289801055639,0.001940460732909448,1.5669677796543907e-06,2.0460100452854266e-07,0.0016502567620803523,0.00021596198867421997,0.0,0.0,29456016.2
1797,0.4865161245431938,0.00027169053498619396,0.48691935994355806,0.004260076258815169,1.610768121021626e-06,4.836729262266609e-07,0.0015009018875186508,0.00016192919800402304,0.0,0.0,29469084.8
1798,0.4865244230365743,0.00024164964121018245,0.48550665312803376,0.0022647645506782667,1.6236880435984505e-06,1.1719284092202554e-07,0.0015785040671289774,7.778801144500534e-05,0.0,0.0,29482237.2
1799,0.48652914838488626,0.00025261078626167947,0.48899659429927633,0.0030347239542194275,1.5314895084868366e-06,1.5526361226453601e-07,0.0015298424762152664,0.00013133668862224247,0.0,0.0,29495271.4
1800,0.4865170054157556,0.0002331191325989375,0.4876496430144755,0.002494616276518416,1.557973422766999e-06,3.3255862635952853e-07,0.0014733531833412816,0.00014640250768812322,0.0,0.0,29508293.0
1801,0.4865130965304717,0.0002442897345591482,0.4907935303275794,0.002598824686511709,1.505864566815946e-06,1.464676712997e-07,0.0015061237186066168,8.77051709027468e-05,0.0,0.0,29521252.6
1802,0.48651251903190895,0.00022916874085073848,0.4892970645740922,0.0009415234049785716,1.3929547339837301e-06,2.0020033773280742e-07,0.0014515439979867594,0.00016478146987390115,0.0,0.0,29534259.6
1803,0.48654873391123,0.00021722531256798626,0.48878886323465415,0.0016461573223968578,1.5453660910348376e-06,2.49041489571728e-07,0.0016316959211318937,0.00018511916138660433,0.0,0.0,29547283.8
1804,0.4865644815635335,0.00023278951711905684,0.48657123548316006,0.0023985236952968393,1.4886665549600448e-06,1.3221728523124177e-07,0.0014946050852609946,0.00019198652068171853,0.0,0.0,29560384.8
1805,0.48655982416767146,0.00023886666971182976,0.48439567502928316,0.003716979881995051,1.5215921872148458e-06,2.5991213294597593e-07,0.001478960281339962,0.0002397007985967638,0.0,0.0,29573490.8
1806,0.48658262431110566,0.00023413379765547024,0.4881400326970854,0.0017756768055690682,1.744930406902211e-06,1.8746868885264258e-07,0.0016935697487664076,0.00016341041499642675,0.0,0.0,29586569.6
1807,0.4865763495664736,0.0002699229949579403,0.48462862525008055,0.0027569341588146935,1.4023199385054803e-06,3.3688140829719174e-07,0.0014016156846510404,0.00023734156405026064,0.0,0.0,29599750.2
1808,0.48656996377856493,0.0002799517440855804,0.4890204119680305,0.004123730694431873,1.571381220456679e-06,1.306705786677753e-07,0.0015693214918355493,0.000110343532003619,0.0,0.0,29612807.2
1809,0.48653597521293596,0.00028490817663875533,0.4871990962979075,0.0027204602571941714,1.6426359459641372e-06,4.2048576888697815e-07,0.0014439875357896675,0.000190887616463393,0.0,0.0,29625882.8
1810,0.48653060689374933,0.0003007441773593935,0.4870434369238203,0.0024720968359770884,1.650754562636288e-06,1.405973856192984e-07,0.0015431977428432176,0.00012183756517128035,0.0,0.0,29638983.4
1811,0.4865594986120225,0.00028799190695953593,0.4861737511889176,0.0032149637021251253,1.5168157580572431e-06,3.0770049611720764e-07,0.0015693825824158638,0.0002331340445812966,0.0,0.0,29652115.0
1812,0.48658513495773487,0.00029877849714459766,0.4856952252709469,0.0022585442405342266,1.4929751703245566e-06,1.9819728039361472e-07,0.0015481492635556792,0.00023148486983696088,0.0,0.0,29665218.6
1813,0.48659783481932806,0.00026247111292218437,0.4879775337295542,0.001287782615229418,1.4306127500226986e-06,2.633762466383272e-07,0.0014560081418840058,0.00022406219422312293,0.0,0.0,29678300.0
1814,0.4866013162459364,0.00026733086455456794,0.4863493784288737,0.0021424103186479465,1.4245310264735505e-06,8.403509054220382e-08,0.0014122345432368774,0.00010677368940604712,0.0,0.0,29691405.0
1815,0.48659920516443156,0.0002480535836617232,0.4850844516664326,0.001809837096742781,1.56329372893032e-06,3.050623279452082e-07,0.0014642980999207676,0.0002384185540276848,0.0,0.0,29704542.6
1816,0.4865815619630235,0.0002607162001212833,0.4858583172347931,0.0030373206260912995,1.3460758090743031e-06,6.146380930150435e-08,0.0013451709739738756,0.0001268626443766889,0.0,0.0,29717670.4
1817,0.48660825968144356,0.0002701485753553444,0.48525040406603426,0.0019419187617182494,1.5739809938550468e-06,1.0879297984630055e-07,0.001607583629925392,0.00010124114810953732,0.0,0.0,29730785.8
1818,0.4865811561483775,0.00027718907079997824,0.4867979186702767,0.001240634956247387,1.611903501563143e-06,3.7067624799110047e-07,0.00142428213962571,0.0003309105122576536,0.0,0.0,29743856.2
1819,0.48657122739931824,0.00028458500000973756,0.485184282960417,0.001465760315122533,1.5197194977003744e-06,2.2107248712473143e-07,0.0014659007466228048,0.00024663041640984315,0.0,0.0,29757002.2
1820,0.4865554379460665,0.00024868861508784286,0.4862794031952193,0.004412031129520418,1.2975896096747703e-06,4.2206294537175175e-08,0.0013113544155866793,0.00011369636034169981,0.0,0.0,29770091.8
1821,0.48654574490082,0.00027001375550637506,0.4896320660779332,0.00321414732551491,1.4399180757148691e-06,2.231219186920077e-07,0.0014337003908327468,0.0001370257879646109,0.0,0.0,29783072.4
1822,0.4865688050163315,0.00027409795910415265,0.4861265083998907,0.0016567390227138952,1.6023551465815205e-06,2.5641403453447946e-07,0.0016238197780442433,0.00016070231879380253,0.0,0.0,29796175.0
1823,0.4865844099180093,0.0003002282022921207,0.4833119798887685,0.0026754071435170137,1.4975469094849997e-06,1.568256340851604e-07,0.001499823375616082,0.00021461877605440875,0.0,0.0,29809416.6
1824,0.4866378483753294,0.00030957591450042865,0.4869047622756167,0.0016216552552527916,1.7856633619504223e-06,1.253936197517991e-07,0.0017941202656137664,7.654028020145588e-05,0.0,0.0,29822530.0
1825,0.48666648445745714,0.0002901186830311783,0.4885134124886667,0.0020403132141582903,1.584216930691881e-06,1.81072919425495e-07,0.0015758050633003806,0.00017712590373486137,0.0,0.0,29835592.2
1826,0.48668470988458823,0.00028896234319655064,0.4869715203358763,0.003282000166360277,1.5399386624133478e-06,9.022077885766604e-08,0.001575301294098384,0.00010009060745814448,0.0,0.0,29848676.2
1827,0.48668111449513407,0.00027476094302261055,0.484970167389193,0.002517938472327966,1.4970628930325873e-06,1.24145115727617e-07,0.0014319372712715203,0.00015024672274169663,0.0,0.0,29861843.0
1828,0.4867060103736721,0.00027538912034016406,0.48582068432216047,0.0027920765573491006,1.6300400145919792e-06,1.226471540396544e-07,0.0016478011552646659,9.38777017067567e-05,0.0,0.0,29874928.8
1829,0.4867087964520535,0.00026196803473084587,0.4880232252027469,0.0060955568931986915,1.3856601104093137e-06,2.4717411211848863e-07,0.0014138012673717791,0.00024331806910009277,0.0,0.0,29888001.4
1830,0.48673486871366745,0.0002632925911563821,0.48960263677333504,0.004714749598689097,1.5634927280995025e-06,2.0805571912250418e-07,0.0015893478116787655,0.00013190482824223588,0.0,0.0,29901010.0
1831,0.4867645783655169,0.0002699361393567009,0.4866450021590033,0.0019320684759314309,1.6838940281519306e-06,1.7258888068798051e-07,0.0016637795246308995,0.00017455950479451263,0.0,0.0,29914127.6
1832,0.48675409780608636,0.0002788765160281316,0.48683114543976347,0.0029921953110407457,1.4607908963112372e-06,1.4657078452419484e-07,0.0014386389238021419,0.00015411387420026623,0.0,0.0,29927209.2
1833,0.48677782229541855,0.0002808409774070189,0.482795691580945,0.0032446584491107127,1.4942919236720525e-06,1.841823754624531e-07,0.0015255303280280197,0.00012272897634790165,0.0,0.0,29940419.6
1834,0.48678579414752843,0.00028077668797696885,0.4877283457276116,0.003148443375557105,1.4585670975415783e-06,2.1575756181155824e-07,0.001484159610832005,0.00020330869635207355,0.0,0.0,29953488.2
1835,0.4867806669648883,0.00026228601602985434,0.488136186634457,0.003751775770812352,1.4954757036621047e-06,4.985444705971899e-08,0.001519808505630214,0.00014862811242727885,0.0,0.0,29966531.8
1836,0.48678287818183036,0.0002748480063475425,0.48580369202049756,0.00282761307841856,1.4925878747958768e-06,2.0766879148366086e-07,0.00145932574746746,0.000206902174321828,0.0,0.0,29979704.6
1837,0.4867856011190521,0.0002627081902352668,0.48779522269092085,0.0024571908688279563,1.4439583029349245e-06,3.802892159686099e-07,0.0014282692637506047,0.00026769961302202684,0.0,0.0,29992743.8
1838,0.4867934770413479,0.0002464811656752649,0.48370017526483366,0.0043465980944176735,1.5539291098130696e-06,2.144292005496125e-07,0.0015048650314430623,0.0002111519340999259,0.0,0.0,30005970.6
1839,0.4867891767450409,0.0002349598741686989,0.4885566266351654,0.002365290125022782,1.45202944507459e-06,1.88278572187737e-07,0.0014785438879094809,0.00017830297034369456,0.0,0.0,30019028.8
1840,0.4868139137192188,0.00022812882556815726,0.48830014981536873,0.0017606618134846147,1.6297127518890947e-06,1.2124285636923064e-07,0.0016809161471448633,9.787123428802018e-05,0.0,0.0,30032068.2
1841,0.4868413002998446,0.0002215149904655527,0.48591849854701996,0.002886300839838062,1.572668455867057e-06,2.915841438167259e-07,0.0016262197690418288,0.00027476863820608596,0.0,0.0,30045166.8
1842,0.4868232674034175,0.0002301578727870567,0.4868860783506753,0.00356796154992871,1.4294877302106624e-06,2.660704444869592e-07,0.0014075187119017517,0.0003042010124575404,0.0,0.0,30058270.2
1843,0.4868269629430749,0.00021740937685496933,0.4849789373556389,0.0038020066295652824,1.4279016619493966e-06,3.111425632756383e-07,0.0014619536576488637,0.00031280066249014484,0.0,0.0,30071416.2
1844,0.4868322553434865,0.00022486541014464308,0.48622835266674747,0.003954105587294121,1.5348233860156807e-06,1.985737801754684e-07,0.0015338513063660694,0.00023464021961028722,0.0,0.0,30084517.8
1845,0.48681983488462777,0.0002224536782536985,0.4874790010132003,0.0013834070995638204,1.3679869143440837e-06,1.7788233766708478e-07,0.0013747442569266787,0.00015441798378149042,0.0,0.0,30097541.4
1846,0.4868113441188088,0.0002090782332093354,0.485865139973471,0.003951836579141851,1.4110409030210267e-06,1.9904691388377247e-07,0.0013983261110110435,0.00012084683829583101,0.0,0.0,30110678.4
1847,0.48681820663233016,0.00020455335263432615,0.48710584539484447,0.004333250342594518,1.5238671195968865e-06,1.900883255515775e-07,0.0015501931602372697,0.00019773426838980534,0.0,0.0,30123764.4
1848,0.48682506739997244,0.00020003119995861475,0.4848913382732147,0.007167546252810462,1.4955430332745357e-06,2.338008401008525e-07,0.0015029731961374822,0.00019106576756324723,0.0,0.0,30136907.4
1849,0.4868427843130303,0.00019057016994004138,0.48633083831886326,0.0030360297761371736,1.4501827323055224e-06,1.898849159499829e-07,0.0015265777246243164,0.00014947364557965872,0.0,0.0,30149999.4
1850,0.4868578129195966,0.00019070734669833573,0.48638858188297196,0.003139251227048558,1.4533036526263453e-06,2.9372538572104724e-07,0.0014901775719551578,0.0002107402559430681,0.0,0.0,30163098.6
1851,0.486871664555788,0.0001850473896591784,0.48363979090455694,0.0030813345426840277,1.5061914060877662e-06,2.407818077950727e-07,0.0015112781201318515,0.00018446569904497843,0.0,0.0,30176285.4
1852,0.4868777057924415,0.00016783145801072346,0.4866185931463435,0.0030522185702864467,1.4703114096107767e-06,1.1584980210632894e-07,0.0015094729989054935,0.00013330448217055034,0.0,0.0,30189385.0
1853,0.4869006533079544,0.00016620287672994624,0.4873224411099207,0.0030078740830260338,1.6207919470076075e-06,1.5832918793302855e-07,0.0016415260063861552,0.00010764375886411277,0.0,0.0,30202474.6
1854,0.4869122660853863,0.00015340065826702093,0.48645570350752604,0.0033643732990135448,1.729322655775594e-06,2.3438606510558198e-07,0.001639037765398622,0.0001537868108217146,0.0,0.0,30215571.8
1855,0.48688276433688343,0.00014984115691310762,0.4869031640142606,0.0018355446006585968,1.5587413146397165e-06,1.3612594731452732e-07,0.0014794695929597423,0.00013230977051501003,0.0,0.0,30228611.6
1856,0.48690202137536553,0.00015703812801369862,0.4856217513823159,0.0035699472422188916,1.5351344049554087e-06,2.136250537790489e-07,0.001547026766532499,0.0002094966122432887,0.0,0.0,30241750.4
1857,0.4869042671061898,0.00018596559058964345,0.48747741692550495,0.0023335765809393855,1.5013675107247595e-06,2.0876385429893768e-07,0.001567274172756984,0.00020515175838003712,0.0,0.0,30254837.6
1858,0.4868957357129937,0.00020477282111069594,0.4862861780850519,0.0025867591002729593,1.432765953783262e-06,1.9454588600743e-07,0.001407314790540537,0.00014121056126017658,0.0,0.0,30267912.8
1859,0.4869280746221752,0.0002041293008244119,0.4872963006515709,0.0029822231218138763,1.4142651023522367e-06,2.1240825005877145e-07,0.001535432802160921,0.00019320741326851583,0.0,0.0,30281003.0
1860,0.48693216823523333,0.00020601847623361386,0.48576651909289437,0.004532665349331744,1.8657762030657287e-06,3.0193455003220334e-07,0.0017394281376844154,0.00020373165501973853,0.0,0.0,30294130.4
1861,0.48694165070926837,0.0002049269846155169,0.4881665062134455,0.0015443099101551533,1.8505919239203182e-06,1.8164635282798695e-07,0.0016821860473358464,0.00018095075280732186,0.0,0.0,30307196.6
1862,0.4869345082520346,0.0001878403270464164,0.489404525358857,0.0015827754567475046,1.6246389090917342e-06,1.7269514606990108e-07,0.0015328227876484322,6.243390606763646e-05,0.0,0.0,30320203.4
1863,0.48695565130432367,0.0001865655523195312,0.4877671837555792,0.004191918658341021,1.6828150915481358e-06,1.926410193041762e-07,0.0016524655783040194,0.0001122133808293744,0.0,0.0,30333254.0
1864,0.48697834114086,0.00018277440264517894,0.4867069166064308,0.001326339736878322,1.5222671844699514e-06,2.65131527087379e-07,0.0015528483573745819,0.00017169651971067499,0.0,0.0,30346345.2
1865,0.48697058572461416,0.0001396593660125461,0.488384219831637,0.002454644193526042,1.6535038168277793e-06,1.2691944950126697e-07,0.0015806033657017275,0.0001342972727594789,0.0,0.0,30359382.0
1866,0.4869894649904046,0.00015461104485936392,0.48522580157270856,0.002518676827347836,1.6097553249858675e-06,2.514953169010122e-07,0.0015556341157106318,0.000157188539341458,0.0,0.0,30372517.4
1867,0.4869844203840965,0.00016606913111947321,0.48599268716261834,0.001640250698966834,1.2727470214030516e-06,1.0953116678024012e-07,0.0013212479420032857,0.0001382641856754115,0.0,0.0,30385604.6
1868,0.48698176337697213,0.00017485648603319932,0.4872079500963659,0.002664606999458492,1.5716551633264342e-06,2.412836323328869e-07,0.001502545949087716,0.00024536756701871087,0.0,0.0,30398688.0
1869,0.48697534979387136,0.00018383156857736495,0.486406857668099,0.00599946708608624,1.7915086290676728e-06,4.837704393902628e-07,0.001569334280825669,0.0001766444045645301,0.0,0.0,30411771.2
1870,0.4869960487411381,0.0001982988535268326,0.48643454911790107,0.0018254691129011723,1.5253442477265367e-06,2.712496575619582e-07,0.0015636104331489442,0.0002484809852371933,0.0,0.0,30424853.2
1871,0.4869906394856914,0.00020181457409787905,0.4887758977785186,0.004633584983425628,1.412591163862637e-06,3.6001808034883134e-07,0.001409750565339057,0.0002694638511246007,0.0,0.0,30437861.4
1872,0.4869897406823366,0.00021930882338360005,0.4880921943501897,0.003396685306857405,1.5404307766714269e-06,2.2165990292957223e-07,0.001502452935984886,0.0002801019453807138,0.0,0.0,30450884.2
1873,0.4869879646090354,0.0001826012106375657,0.4885044348992656,0.0029768384788134267,1.6753968410640911e-06,2.8396568642273047e-07,0.0016059112468907108,0.0003119956191947865,0.0,0.0,30463918.4
1874,0.48700675754762124,0.000193344982944469,0.4864822084252398,0.004157478523030554,1.5722203236176097e-06,3.118595208915919e-07,0.0015751689531105205,0.0002634979531598768,0.0,0.0,30477074.8
1875,0.4870096736176798,0.0001886124180762612,0.48253896329016105,0.0025664864239408895,1.3743151102767147e-06,2.60184216849719e-07,0.001396016370871371,0.0002550981621642075,0.0,0.0,30490275.4
1876,0.4870005083839667,0.000206508360928111,0.48405390321236974,0.002737151234173297,1.5402938750311547e-06,1.977566208095559e-07,0.0015263722100628313,0.00016662750492855025,0.0,0.0,30503456.6
1877,0.4870148342366775,0.00019587730693126852,0.48707909541999717,0.00283518549327639,1.7316786166615014e-06,1.1686430895143358e-07,0.0016809973335913271,0.00013738967747404924,0.0,0.0,30516523.2
1878,0.4870274765718456,0.00021589596636178572,0.4854494849415629,0.0034246527116001883,1.4599000460729856e-06,1.862705793222512e-07,0.0014854562684245844,0.0001603229333923168,0.0,0.0,30529627.2
1879,0.4870403410380043,0.00021606658173246667,0.4863812625411262,0.0044839900909597824,1.493505134030071e-06,1.6410095276675464e-07,0.0015368021870214577,0.00020973292686833728,0.0,0.0,30542747.8
1880,0.48706549504355134,0.0002165451499243205,0.4868132606774269,0.0017562944364299725,1.5319138160380953e-06,1.8519391094046584e-07,0.0015630745222751357,0.00016103073321066435,0.0,0.0,30555828.0
1881,0.4870770223709453,0.00019972171901624426,0.4888930583991208,0.002082251945245608,1.5637445619194186e-06,3.6113825149754125e-07,0.0015595276307443149,0.00024157082991912014,0.0,0.0,30568853.6
1882,0.48707185405042563,0.00016827460103943255,0.4863477588096153,0.0015936599739234285,1.5972379746045586e-06,2.8873341671557864e-07,0.0015228906626411844,0.00027842776055454527,0.0,0.0,30581996.4
1883,0.4870746046798574,0.00017320386164854857,0.4877819399513134,0.0040842382973896125,1.636608144259373e-06,3.7274618104827046e-07,0.0015926390142147185,0.0003012874750694347,0.0,0.0,30595009.2
1884,0.4870954072018911,0.00018013593115006132,0.4877796873523089,0.0021809905389724676,1.6156249200215231e-06,3.1593659442552615e-07,0.0016093914756921666,0.00022620142804186786,0.0,0.0,30608046.8
1885,0.4870697497459897,0.00018515541410022053,0.4869328098144223,0.0018438493984017266,1.436022630280102e-06,1.6512046180440656e-07,0.001394825717956924,0.00011803809130109759,0.0,0.0,30621111.4
1886,0.4870950373334891,0.00018955147529887812,0.49021830312302284,0.0025119234787629005,1.537763184973322e-06,1.5899950099025258e-07,0.0015951626152887748,0.00018040861164924507,0.0,0.0,30634058.2
1887,0.4870907572763835,0.00021181088225476948,0.48613960756631425,0.002454861971773716,1.5018349661498962e-06,2.4574277620066564e-07,0.0014787515834867482,0.00016213513915724214,0.0,0.0,30647150.8
1888,0.4870696559688191,0.00019268739170960522,0.48839395901983246,0.003049412886729641,1.546845306540551e-06,2.895563716836691e-07,0.0014325137465125081,0.00020033658720026193,0.0,0.0,30660163.0
1889,0.4870577649988948,0.00020354281097342993,0.48915953135841717,0.003029559075233918,1.8490349154646725e-06,3.062000995634855e-07,0.0016524115347863132,9.353827110614973e-05,0.0,0.0,30673197.4
1890,0.48707723170783657,0.00018934972823377895,0.48690918505747743,0.0035872487225602928,1.4825652759888148e-06,1.3464134890779654e-07,0.0015097154222369592,0.00011924518772374914,0.0,0.0,30686282.0
1891,0.48709290067648947,0.00018437986098474282,0.4891180201952399,0.002816266935203979,1.5981070049205889e-06,2.1538552992195508e-07,0.0015943440142152856,0.00015182175957775056,0.0,0.0,30699295.0
1892,0.4870947309733678,0.00015711286413586974,0.4869537688875331,0.004121614678625499,1.8375026891198061e-06,6.885252022965082e-07,0.001645633404076139,0.0002517443754447744,0.0,0.0,30712364.2
1893,0.4871027569894967,0.00015072928496959423,0.4873837762785076,0.0017862279914849476,1.4836253325303723e-06,1.8182159738703005e-07,0.0015091778540867102,0.0001755991357374741,0.0,0.0,30725402.2
1894,0.487094140276361,0.00016660937596229045,0.48526964663894506,0.002552099592367169,1.2739194216822893e-06,1.711290684566143e-07,0.0013384777402768362,0.00023337462118118408,0.0,0.0,30738523.4
1895,0.4870962839778244,0.00017756124774121222,0.4846369905010762,0.004834974071946296,1.5791304314927788e-06,2.462875457300913e-07,0.0015406456549900186,0.00023399082513981685,0.0,0.0,30751689.4
1896,0.48711394122133644,0.00016707201054383625,0.4868742791511075,0.0021222773914310504,1.6390491219053451e-06,2.7920426446805693e-07,0.0016355356186321672,0.00017375805099172203,0.0,0.0,30764794.8
1897,0.4871262236868065,0.00020528480695218595,0.4885406353140156,0.0032599170511137384,1.4484076294926856e-06,3.324391389271888e-07,0.0014954952313629066,0.0002975998279598997,0.0,0.0,30777826.2
1898,0.4871216976149596,0.00021104652529014311,0.48874343211112575,0.0032522897921134397,1.5812980484385245e-06,2.851993504523098e-07,0.001515108769492788,0.00027380170202047393,0.0,0.0,30790837.4
1899,0.4871264336096245,0.000212169682596673,0.4856957845153513,0.0030153982610748305,1.6454934716843926e-06,2.8841624210917324e-07,0.0015741963800424165,0.0001605065072023992,0.0,0.0,30803982.8
1900,0.4871131605853508,0.00020454423292988965,0.48887657156150227,0.003098400205689153,1.463031252958461e-06,1.5272504578281164e-07,0.0014167612479775676,0.00011128056280510716,0.0,0.0,30817012.6
1901,0.4871203117738453,0.0002302019374253417,0.48757257991299063,0.005354260172593229,1.4890862317542422e-06,1.7854985445118943e-07,0.0015038638490501707,0.00018889647294068802,0.0,0.0,30830072.0
1902,0.48713734755988264,0.00020957622882772101,0.4851255877604186,0.0033792382074356686,1.487638817389625e-06,2.4616677640613503e-07,0.001495118499253384,0.00024235792641260379,0.0,0.0,30843224.8
1903,0.4871274966574123,0.000231021247876613,0.48635601593387146,0.0038545824986985573,1.6219070715765396e-06,2.815529937249116e-07,0.0015444612062320581,0.00018879511020159414,0.0,0.0,30856298.4
1904,0.4871527158124609,0.0002324492601433304,0.4856445712126458,0.0035276439267008432,1.5318885220821433e-06,1.7968782724190318e-07,0.001590483355953478,0.00015991355936103858,0.0,0.0,30869410.0
1905,0.4871658861095174,0.00019445121707053467,0.48948836320080014,0.0012320583597004602,1.71360067417709e-06,2.747831472862538e-07,0.0016794972704605351,0.0002800593737285735,0.0,0.0,30882415.6
1906,0.4871723169905973,0.00016371590837950255,0.48391441903530447,0.0055639174031720424,1.5374977169148094e-06,3.677491716644366e-07,0.0015366911480414226,0.0002802765711184339,0.0,0.0,30895617.2
1907,0.48716298620387877,0.00016435468835179334,0.48868514469338803,0.0023969026798586176,1.591669110284461e-06,4.683446249553354e-07,0.001505093163683036,0.0001898120694948642,0.0,0.0,30908650.2
1908,0.4871984116705561,0.00017050540667088191,0.48691708169492653,0.0015092534877542408,1.7209168259623642e-06,3.807535113770003e-07,0.0017231924125465637,0.000322022140283781,0.0,0.0,30921776.0
1909,0.4872041357801254,0.00016377854468923946,0.48815393853202194,0.0030816590932944746,1.4933795901062216e-06,1.4854475436149404e-07,0.001517289168189989,0.0001299621681463346,0.0,0.0,30934809.4
1910,0.48720435378001536,0.00014712184539715203,0.4871964284347552,0.0033310429770289267,1.4861245996022961e-06,3.376617301150455e-07,0.001498739063178393,0.00024882664600918344,0.0,0.0,30947855.2
1911,0.48720518436182464,0.0001965476355737987,0.48738147541797716,0.0031045762573383364,1.5949880691036908e-06,1.513585849742873e-07,0.0015621095598836964,0.0001804541001839582,0.0,0.0,30960932.8
1912,0.4872081591555023,0.00020429265525757944,0.48676183363089826,0.003918735642052065,1.404223084788785e-06,1.01172640217048e-07,0.0014644440603710101,4.361318417979513e-05,0.0,0.0,30974005.2
1913,0.487220810944481,0.00020524237737233933,0.48729695516415594,0.002026594419380853,1.342284695819129e-06,1.6386275588266183e-07,0.0014069037646826667,0.00017410774124727385,0.0,0.0,30987078.8
1914,0.48721163843618764,0.00023937276118190493,0.48918496403341677,0.0019267105328131008,1.6387870814382308e-06,1.5172722705796188e-07,0.0015825170483630968,0.00012269617172184483,0.0,0.0,31000104.0
1915,0.4872082689129664,0.0002137292154071321,0.4855164689660302,0.0036700676917558713,1.3749997817470478e-06,2.545704901572871e-07,0.0013765173383295485,0.00019256946890872936,0.0,0.0,31013220.8
1916,0.48722900387881907,0.00019484945499372543,0.48793636336731083,0.0027591768288917,1.5046015581160273e-06,1.3567181057545287e-07,0.0015436123655283636,0.00015680225918028376,0.0,0.0,31026272.8
1917,0.4872224356319075,0.0001979665903661045,0.4879586817941304,0.0038274326186648615,1.4992082058779848e-06,3.757737829102345e-07,0.0014687232064609925,0.0002828028490605208,0.0,0.0,31039291.2
1918,0.48723264464117033,0.00021601823105478496,0.4876286268063292,0.003598106492506748,1.5565019115104944e-06,2.092217930803421e-07,0.001561540977433258,0.00019813280428631168,0.0,0.0,31052359.0
1919,0.4872155460086267,0.00022065711848410393,0.4883425450479786,0.0033616880767665786,1.447451063796026e-06,1.4879012471751885e-07,0.0014259676377876818,0.00016196027576341907,0.0,0.0,31065399.0
1920,0.48719615740857164,0.00020405741425780794,0.48682260529750526,0.002990161061721401,1.5263782455956987e-06,1.2164920128677719e-07,0.001472473092568597,6.650847292334567e-05,0.0,0.0,31078514.4
1921,0.4872142466804882,0.00023236174535706675,0.4898996655178318,0.0026345222055030935,1.6680935923593338e-06,1.2876728992453804e-07,0.0016614445514082105,0.00019332651171296544,0.0,0.0,31091474.8
1922,0.4871894668578852,0.0002187785586798153,0.48749378693067336,0.002261261544745214,1.3334442551692773e-06,2.414696322405798e-07,0.0013317405454453947,0.0001403893692729421,0.0,0.0,31104553.8
1923,0.48718692118358103,0.00023612154624100826,0.48684547517214893,0.003311913526029693,1.4531893191055844e-06,2.2369743795652087e-07,0.0014815228494596115,0.00022920866825740463,0.0,0.0,31117646.6
1924,0.4872054760101456,0.00023620388788459467,0.4835874276486386,0.0033946646344317024,1.380432732710385e-06,2.3458660683864264e-07,0.0014745934979605978,0.0002444589152576679,0.0,0.0,31130802.2
1925,0.48719251801469976,0.0002685187347144857,0.487916581637744,0.0016452631689471097,1.574403578426943e-06,3.155275878823319e-07,0.0014991182553842804,0.0002865537781902697,0.0,0.0,31143874.6
1926,0.48716976580474053,0.0002547738915104884,0.4885669474649422,0.003928684647639585,1.2844325353211342e-06,2.4711916329501966e-07,0.0012983968615059445,0.00017594645813474136,0.0,0.0,31156901.0
1927,0.4871814816525342,0.00022497442432617263,0.485476602768722,0.003494289046572978,1.59787322579066e-06,2.2312549367229195e-07,0.0015569704788354875,0.00027850855202879855,0.0,0.0,31169985.8
1928,0.487169324200191,0.00025989924760467213,0.48492565827388046,0.0017465725688036453,1.4978289889832943e-06,1.2988748589614806e-07,0.0014824878670831171,0.00018324980718291797,0.0,0.0,31183092.0
1929,0.4871454398281131,0.0002743411488115888,0.48464140390205585,0.0029440960811485633,1.4017595284123416e-06,1.6442426799852334e-07,0.0013362681874190129,9.849612342694666e-05,0.0,0.0,31196221.0
1930,0.4871438519883918,0.0002722590081071027,0.4875633736655337,0.002380018018552615,1.3646568609640582e-06,1.2529085296515802e-07,0.0013782681170890429,0.00011787152826079837,0.0,0.0,31209238.6
1931,0.4871565050225698,0.0002733223750541129,0.48651158286725743,0.0025092084080621654,1.5731131324305687e-06,3.2860339097521834e-07,0.001581947914255847,0.0002708525562270436,0.0,0.0,31222298.4
1932,0.48717698872878723,0.00025862227926823074,0.48754143647797427,0.004241536038432497,1.4429773822679365e-06,2.1566764654076657e-07,0.0015184996829178214,0.00021418726839237504,0.0,0.0,31235382.4
1933,0.4871966299157388,0.00024053496479760372,0.4852993415703102,0.0032407627716028176,1.6403432613504219e-06,1.2703933838491852e-07,0.001645152211157962,0.00014534404151546532,0.0,0.0,31248505.8
1934,0.4872137462972027,0.00020567210802220927,0.48655576850293125,0.002322433881032365,1.7079895669681814e-06,2.3414180858481444e-07,0.001673806860125251,0.00013449422044889804,0.0,0.0,31261597.2
1935,0.487245664425067,0.00021467879405533304,0.4883323732184319,0.002783695352002247,1.587334928913171e-06,2.7215586507364465e-07,0.001645056722916044,0.00011676667127684494,0.0,0.0,31274611.2
1936,0.4872678930354014,0.00019213429582251424,0.485789800010498,0.0024713415945613617,1.4625991016265812e-06,1.670467979786887e-07,0.0015203704148197114,0.00012636707060033792,0.0,0.0,31287733.4
1937,0.48728530596990305,0.00020912419204905153,0.4874398362947005,0.0018980130256975173,1.6745888974556555e-06,2.8725550028315637e-07,0.0016176295684082007,0.00012725944957031986,0.0,0.0,31300810.2
1938,0.48730258910583685,0.00020842978535595463,0.48658040443640643,0.0031087017779213404,1.7298428525222335e-06,3.9458410617854454e-07,0.001652542363274769,0.0002972151192176917,0.0,0.0,31313939.2
1939,0.48729874688556735,0.00018380578604858751,0.4875438126550396,0.002885799258792037,1.4896714228970606e-06,3.4818093592811326e-07,0.0015075998731677216,0.0001535116481220411,0.0,0.0,31326990.6
1940,0.4872625969379681,0.00016767850504987246,0.488331916167447,0.0036313987844224576,1.4259289385740206e-06,2.425401345966991e-07,0.0013610858779585107,0.00015609009344267531,0.0,0.0,31340021.4
1941,0.487309952123084,0.00016373675943403242,0.48631775717536013,0.002606909910739027,1.6612154220126974e-06,1.3617462432892735e-07,0.0017165339273469322,0.00011122092763464788,0.0,0.0,31353146.6
1942,0.4872969661701168,0.0001605293525311704,0.48760706866773623,0.0022775179250731368,1.4355362543859015e-06,1.7423907211852048e-07,0.0014195651810875332,0.0001810519753446918,0.0,0.0,31366231.4
1943,0.48728298781357493,0.00017547932182177957,0.48663562722310394,0.0012598857150964953,1.4792695715997222e-06,2.434385627689242e-07,0.0014004237433890752,0.0002601214120504897,0.0,0.0,31379316.2
1944,0.48727117777166107,0.00018545905504814238,0.4853177676051287,0.003680345400791172,1.349782325781252e-06,1.9024893378355484e-07,0.0013897785739435883,0.00021163232083473108,0.0,0.0,31392423.0
1945,0.48726628288775214,0.00019693557733816287,0.4883623567974339,0.003984902791525321,1.3038299598342468e-06,2.3010387107761936e-07,0.0013395854684787253,0.00017717566005944282,0.0,0.0,31405452.6
1946,0.4872714992892083,0.00020275279168997603,0.48734823956742523,0.0022321444758927563,1.4710926822339455e-06,2.1230408482602048e-07,0.001484176311630964,0.00018247695109958407,0.0,0.0,31418523.2
1947,0.48726423250060263,0.00017347188492705226,0.48882523245819504,0.0029143854872265627,1.4774987275332392e-06,1.5293262083789598e-07,0.001476633613079943,0.00019473580300479558,0.0,0.0,31431515.8
1948,0.4872660226001009,0.00017939938581666693,0.48914453391229895,0.0010708997292751502,1.6003234710749496e-06,1.7124539617042343e-07,0.001562686300399282,0.00011749524758923464,0.0,0.0,31444560.0
1949,0.4872880434798631,0.0001696775597802746,0.489228506645709,0.0034425917738661696,1.6548790588628016e-06,1.7220049942371005e-07,0.0016741223930308434,0.0001495107022857246,0.0,0.0,31457574.8
1950,0.4872570694418002,0.00021956131623278587,0.48683104069572547,0.001743572375173866,1.7284810136981414e-06,2.9813035904831795e-07,0.0015599663178443937,0.0002874990984784313,0.0,0.0,31470639.0
1951,0.4872641595863641,0.00022131187823690784,0.488240234860021,0.0027838361125942183,1.373469092497476e-06,1.853140406080557e-07,0.0014421367104599796,0.00019352326504896847,0.0,0.0,31483693.0
1952,0.4872356405825764,0.00019700043220464243,0.48590545716267536,0.002448520943192329,1.5382242016696593e-06,1.7746185402170975e-07,0.0014595212816076602,0.00019372707339258293,0.0,0.0,31496780.6
1953,0.487249164424723,0.00017408833592007255,0.4843243258525261,0.004482500750102469,1.480575017648839e-06,3.244625460030058e-07,0.0015367899804504548,0.0002457631778036546,0.0,0.0,31509950.6
1954,0.4872190199677201,0.00018632849542602836,0.48731791924129375,0.003944953294476956,1.5876205818741135e-06,1.927762394498281e-07,0.0014390597129723339,0.0001391185784998417,0.0,0.0,31523014.6
1955,0.4872184211592835,0.00021177567980794449,0.4856723852801264,0.004806598726359833,1.4528781921326e-06,1.715822539526803e-07,0.0014294046800339814,0.00015510069212060595,0.0,0.0,31536131.8
1956,0.48721587907963526,0.00022354216829990325,0.48700879010018355,0.002734418613016596,1.298310732876626e-06,1.3060043844813164e-07,0.001404083507993541,0.00018634757874633494,0.0,0.0,31549142.8
1957,0.48722670547943076,0.00022338251317219018,0.4878221725632459,0.0032347094442671505,1.6191599055370083e-06,1.9237756950586393e-07,0.00160973931414691,0.000138847775359233,0.0,0.0,31562193.2
1958,0.48721400401815435,0.00021428387289418527,0.4852630372884409,0.0033317315831325523,1.335897947692319e-06,2.1308514544065976e-07,0.001378100613613275,0.00015796320587786953,0.0,0.0,31575324.0
1959,0.4872183787423291,0.0002298553447952046,0.48555867712105333,0.0027473418627734763,1.434825400151715e-06,2.3157415495918388e-07,0.0014782459814727895,0.00016856795066482082,0.0,0.0,31588448.4
1960,0.48721186805662137,0.0002217740124858334,0.48852081123188473,0.0036354249401963266,1.4339597062811496e-06,1.1226973019992534e-07,0.0014532074527839685,8.681073466414555e-05,0.0,0.0,31601494.6
1961,0.4872360679078369,0.00021319707944254075,0.48823890464530184,0.003550170212578183,1.6700509075416e-06,6.642071756606841e-08,0.001656992145598421,5.912261519545944e-05,0.0,0.0,31614501.2
1962,0.4872235719606463,0.0002286234186254564,0.4884765636441421,0.003507823543218572,1.5333264928147677e-06,7.77313052786914e-08,0.0014554407056346667,0.0001191769064446897,0.0,0.0,31627538.6
1963,0.4872408120393059,0.00023060256104745204,0.4882005658684917,0.001930835264700982,1.4490552772218889e-06,2.94519884415092e-07,0.0014879465583776522,0.00022860353192503532,0.0,0.0,31640598.6
1964,0.4872666761366574,0.0002358200889394361,0.48756557113025495,0.0025052540238576404,1.354800020467194e-06,1.4580608040787702e-07,0.001477598509299171,0.00017825287439626647,0.0,0.0,31653621.0
1965,0.4872620595919123,0.00023491144168977083,0.4870561395127123,0.002695747585755853,1.5581759321261591e-06,3.619044048437691e-07,0.0015294335628023678,0.00023174592588161706,0.0,0.0,31666695.6
1966,0.4872621358562842,0.00022517350614089404,0.48644198008597384,0.0028632101785033654,1.3375326107423772e-06,2.0365942959944962e-07,0.0013826659616313528,0.00020909821309134184,0.0,0.0,31679788.4
1967,0.48724847263077076,0.00022901641804729545,0.48811175864948986,0.0026350880923208253,1.3831981875851003e-06,1.7626406703749754e-07,0.0013915330334577317,0.0001797884726328899,0.0,0.0,31692808.8
1968,0.4872149308328913,0.00025323798413238796,0.4856930653018132,0.004816969615711617,1.6946254680485637e-06,1.6664703989090897e-07,0.0015822911015908644,0.0002143435338126789,0.0,0.0,31705929.0
1969,0.48721900907817906,0.0002581930466966778,0.4882907295959337,0.002589151333662925,1.3939890934692828e-06,1.4869531660023394e-07,0.001435424327847235,0.00012390284788225468,0.0,0.0,31718948.2
1970,0.4872195259615461,0.0002692820039254995,0.48892014719356414,0.0013099971987714108,1.5061139059868148e-06,1.496988021416882e-07,0.0014943950279036648,0.00015669248154681178,0.0,0.0,31731970.0
1971,0.487208659716738,0.00027060839960011627,0.48926681251373216,0.0026940177974965666,1.3032227972920865e-06,2.766157425816087e-07,0.0013178396445492307,0.0002721582263246183,0.0,0.0,31744968.0
1972,0.4871979828206635,0.0002693693943964031,0.48597250145342336,0.003909964506347081,1.4617777141944444e-06,2.280639244538974e-07,0.0014625019893505062,0.00018157881405636914,0.0,0.0,31758074.8
1973,0.4872142228827453,0.00026724334983772006,0.48677372731849067,0.001580818026720066,1.4978185623988454e-06,1.8787119221613465e-07,0.0015652363137246173,0.00011218656778769566,0.0,0.0,31771164.4
1974,0.487229102899123,0.0002596709773443075,0.48725240979129014,0.003392417595886904,1.5543053238108556e-06,4.499605858466111e-07,0.0015843944904147284,0.0003461067859182761,0.0,0.0,31784252.4
1975,0.4872344177939099,0.0002543467539007906,0.4859624432557926,0.0024532889720651663,1.5844738660755144e-06,2.2546201907793998e-07,0.0015759184345221805,0.00020432280759180541,0.0,0.0,31797331.0
1976,0.487256455830442,0.0002545525952318835,0.485653080019241,0.003344248319660028,1.5072049713837168e-06,2.511181447546854e-07,0.0015537125702685464,0.00017294134191019812,0.0,0.0,31810440.4
1977,0.48727155190377386,0.0002564522500337235,0.48792567542034426,0.003805282452701688,1.5353405689545343e-06,2.4023861485838445e-07,0.001512844499188756,0.00024048425452677117,0.0,0.0,31823497.0
1978,0.487279692157343,0.00025847047923971373,0.48944589967731833,0.002601487137562128,1.2618953583712457e-06,8.965068070003355e-08,0.0013643981665391902,7.352315342975232e-05,0.0,0.0,31836510.2
1979,0.4872973226239754,0.000263605751438336,0.48698390273689507,0.0033550765098330614,1.5800770219112104e-06,3.3664455262735757e-07,0.0015649609686421869,0.00025767228399613176,0.0,0.0,31849570.8
1980,0.48730800318299317,0.00024386142995683232,0.486927000293638,0.003268386261439666,1.5874107477662177e-06,7.782951406847884e-08,0.0015708057147316812,0.00013357190061956504,0.0,0.0,31862637.6
1981,0.48732847588049727,0.0002603663349354895,0.4885991107173585,0.0024560056053886327,1.6570519472344459e-06,2.1898257773216794e-07,0.0016187771516507784,0.00014585237241539922,0.0,0.0,31875674.0
1982,0.48733341903037336,0.00025053306029772183,0.4858010271004652,0.004323014769917517,1.5624817882148318e-06,2.849967514634213e-07,0.001536065915700658,0.0002025674315408978,0.0,0.0,31888787.8
1983,0.4873563060402555,0.00025778881147436183,0.48947260290071204,0.0007965070588082211,1.5709619230775788e-06,1.759388902168712e-07,0.0016132424988520425,0.00016126943550205514,0.0,0.0,31901787.8
1984,0.48738405124213646,0.00024894269164196293,0.48743704990640335,0.0036299881248099196,1.584993074629963e-06,1.7445067679955804e-07,0.001645494314930661,0.0001395921352508361,0.0,0.0,31914821.0
1985,0.4874168120730511,0.00023587268368508325,0.48905950752144334,0.0036352207388856317,1.6054994421745638e-06,1.9102752505232777e-07,0.0016697057320802441,0.0001610136373259628,0.0,0.0,31927857.2
1986,0.4874109236271125,0.0002445146516883233,0.48776715494412615,0.004385573602620012,1.4646560035833549e-06,1.2509446724567875e-07,0.0014489149952682536,0.0001877298688566139,0.0,0.0,31940924.2
1987,0.4874366518182655,0.0002514299166044104,0.4853940677267903,0.00424430043341627,1.5352961629031745e-06,6.347267470751157e-08,0.0015839903412265654,0.00010013398930689638,0.0,0.0,31954095.0
1988,0.48745297555435646,0.00023709706975634867,0.4882490591459289,0.00360782466952708,1.5779701669869043e-06,3.1862862937100476e-07,0.0015899636626875483,0.0002546916946386073,0.0,0.0,31967145.6
1989,0.48744057350111464,0.00027368052100536867,0.48787630520553743,0.0026662973147927593,1.5951811755673422e-06,3.8708062208382373e-07,0.0015179963223429128,0.00033693480734717246,0.0,0.0,31980208.2
1990,0.4874559801545758,0.00026178710095241036,0.48732037611582735,0.0038345077884382973,1.5080692354151214e-06,2.0716103438539388e-07,0.0015593712017853952,0.00013995643914022868,0.0,0.0,31993260.2
1991,0.4874508271564945,0.00023285068928053927,0.4866513057078394,0.0038907953653914765,1.5088695051150733e-06,2.995861983220159e-07,0.0014555373127621294,0.0002537092504913394,0.0,0.0,32006347.6
1992,0.4874673102128063,0.00022539426948181478,0.49100952725368907,0.0024049153612574654,1.503527559313047e-06,2.593561121408935e-07,0.001549266700660857,0.00017292523603656116,0.0,0.0,32019296.2
1993,0.4874558172906493,0.00020533181928305226,0.4878471318607424,0.0030237857684375182,1.478695287184316e-06,1.7966669676234156e-07,0.0014272834060622003,0.0001854534591071175,0.0,0.0,32032369.6
1994,0.4874596552567473,0.0002054921400193148,0.48817744302777166,0.003298144729970162,1.4194140614960301e-06,3.127514788565043e-07,0.0014345797952040125,0.00025601733971765324,0.0,0.0,32045388.2
1995,0.48748022370556204,0.00018439421529665854,0.4857290924161748,0.0048837296313559465,1.5814914415456753e-06,2.5602974191610913e-07,0.0016194953892647325,0.00019971416698438317,0.0,0.0,32058496.0
1996,0.487438337168174,0.00018020254307564359,0.485835338469432,0.0026468887297649286,1.559596518298447e-06,1.2299735923718734e-07,0.001430702200507256,0.0001265092991494687,0.0,0.0,32071627.0
1997,0.4874345772042613,0.00018894675340651505,0.48589535397687367,0.00444244321288322,1.5544412229125515e-06,8.054251230263869e-08,0.0014950451445854404,0.0001363531858835603,0.0,0.0,32084740.0
1998,0.4874516507959944,0.0001920843687343699,0.48663739544227524,0.003468228535693511,1.5085900136428907e-06,9.491215126165983e-08,0.0015115663273243735,5.3849847759959643e-05,0.0,0.0,32097837.0
1999,0.4874655192577502,0.0002105904017234236,0.48795956507386606,0.0032125587641127656,1.4222771673540905e-06,2.142247392891178e-07,0.0015090444653647005,0.00023938625259007482,0.0,0.0,32110866.4
