iteration,performance_mc,performance_true,alpha,beta,bound,policy_advantage,model_advantage,total_samples,avg_return
0,0.04739201341288219,0.04585433556619882,0.0018788709024552736,0.0001,4.603971649262044e-06,0.004900785512453954,8.70653945941769e-06,30256,0.04739201341288219
1,0.046659381873008984,0.04645418162368489,0.0018979943845661576,0.0001,4.678946971621044e-06,0.004930411817514997,9.401444399619304e-06,30277,0.046659381873008984
2,0.045758671981397735,0.04704470673839059,0.0018259802972782693,0.0001,4.339738618050322e-06,0.004753324693063728,1.6056187816762106e-05,30279,0.045758671981397735
3,0.0456047526021732,0.04763730855960418,0.001823927417062322,0.0001,4.328248461027769e-06,0.004746075332316664,1.0627882905909617e-05,30346,0.0456047526021732
4,0.04208707082984164,0.04818923128161369,0.0017464671227354791,0.0001,3.966160548288469e-06,0.004541924089674588,1.1222714542156928e-05,30412,0.04208707082984164
5,0.05287607491241762,0.048881358808409325,0.0021452060635463706,0.0001,5.97459143275439e-06,0.005570179512617479,1.3778777509369576e-05,29972,0.05287607491241762
6,0.04929467466968476,0.049506874832506986,0.0019949049406135736,0.0001,5.164856794227918e-06,0.0051780480253253176,8.493540134144053e-06,30216,0.04929467466968476
7,0.047422194558727315,0.05012523449925392,0.0018677932861128322,0.0001,4.518666630501434e-06,0.004838508269729871,1.7376293961463547e-05,30299,0.047422194558727315
8,0.05114945211923701,0.05074514344448393,0.0018976050737624511,0.0001,4.6569187722095705e-06,0.004908206493120433,2.098101139209551e-05,30095,0.05114945211923701
9,0.055923271204259474,0.05139490088969051,0.0019771464546539685,0.0001,5.063640429696294e-06,0.005122170305368209,2.0769113222758104e-05,29914,0.055923271204259474
10,0.052899819881792265,0.052043566183324536,0.0019470327006349886,0.0001,4.912581530498458e-06,0.005046223958022184,2.2235633158286325e-05,30108,0.052899819881792265
11,0.04647868690685794,0.0526134353353206,0.0018517870914071964,0.0001,4.407890501606033e-06,0.004760688226049163,1.5138503936640885e-05,30343,0.04647868690685794
12,0.047916657772657203,0.05324453449620128,0.001901608104997435,0.0001,4.675974475797865e-06,0.004917916013829961,6.936898888174668e-06,30217,0.047916657772657203
13,0.05130176477480752,0.05389751383953579,0.0019187447012405043,0.0001,4.73713145032001e-06,0.004937740229075151,2.946392069119323e-05,30079,0.05130176477480752
14,0.05757157889019013,0.05457943866170622,0.0020748962567564877,0.0001,5.562819221822128e-06,0.005362021550434545,2.3440673056645918e-05,29780,0.05757157889019013
15,0.05096046369522017,0.05523339837832595,0.001995420306805479,0.0001,5.1121741013188816e-06,0.005123907062470559,2.1530039768231367e-05,30096,0.05096046369522017
16,0.05626157541192457,0.05588875676849655,0.0019415456174795372,0.0001,4.840715103644405e-06,0.004986455182988172,2.2391394102718873e-05,29970,0.05626157541192457
17,0.05832229843734861,0.05664972976793245,0.0022113144853223277,0.0001,6.281121887369249e-06,0.005680894263625007,2.294358567271562e-05,29806,0.05832229843734861
18,0.05142291685360158,0.05726179301708517,0.0018047505163681307,0.0001,4.1735720455766925e-06,0.004625095832055018,2.5630966605028264e-05,30002,0.05142291685360158
19,0.06169300340550775,0.058047536413536105,0.0023184752770156565,0.0001,6.889192982080783e-06,0.005942865166928636,3.106242683080973e-05,29636,0.06169300340550775
20,0.054272754405309195,0.05858855589836717,0.0015697422224544867,0.0001,3.896451087984679e-06,0.004964447069394738,3.0393536708023e-05,30056,0.054272754405309195
21,0.06173430612431577,0.059287120981464346,0.0020852798030511852,0.0001,5.5725178963132736e-06,0.005344623669360396,3.144155240258554e-05,29798,0.06173430612431577
22,0.06150459497927746,0.06004403291165697,0.0022112379909236066,0.0001,6.2536480219355845e-06,0.005656241478850056,3.529279194812627e-05,29740,0.06150459497927746
23,0.06293362536655664,0.06080637288146399,0.00222368918689573,0.0001,6.329180558112067e-06,0.005692504685825811,2.6935800820980833e-05,29719,0.06293362536655664
24,0.06307968590710844,0.06156809475769466,0.0021771754912085135,0.0001,6.058931221836305e-06,0.005565863887686052,3.7844213729094595e-05,29675,0.06307968590710844
25,0.05959091916614067,0.062251081694012805,0.002032100654912991,0.0001,5.271900906130734e-06,0.005188621826763263,2.9375680806854396e-05,29837,0.05959091916614067
26,0.06142201923206646,0.06299775278988941,0.002071735490731235,0.0001,5.4532622145773574e-06,0.005264438668908054,3.9327436539704204e-05,29658,0.06142201923206646
27,0.06035136095667759,0.06373957460109518,0.002106627036352331,0.0001,5.653642867732485e-06,0.005367483441702986,2.9459160158240874e-05,29863,0.06035136095667759
28,0.06553649753937507,0.06439171801292581,0.0018175028956887661,0.0001,5.157865758578739e-06,0.00567577170943004,3.883479446101861e-05,29565,0.06553649753937507
29,0.06122015025023006,0.06514668814211091,0.002137778590607475,0.0001,5.813323123959814e-06,0.0054386578193842666,4.4081642547512403e-05,29803,0.06122015025023006
30,0.06302302422966594,0.06596046002235839,0.002242460786861939,0.0001,6.357435359657893e-06,0.005670052646543158,3.311345083980031e-05,29711,0.06302302422966594
31,0.06629552168260104,0.06673115426623308,0.0021228577613922146,0.0001,5.699111095726662e-06,0.00536928210582424,3.973550836589104e-05,29629,0.06629552168260104
32,0.070654127488109,0.06762078609133435,0.0024363772694450847,0.0001,7.5073226012146435e-06,0.00616269302407712,4.542270709165505e-05,29333,0.070654127488109
33,0.06759141917001048,0.06842429270381367,0.002252089973083014,0.0001,6.410934861945357e-06,0.0056933203722487735,5.5285235838247074e-05,29570,0.06759141917001048
34,0.06836625656585005,0.06927554394458696,0.002349136907454623,0.0001,6.963141594586804e-06,0.005928255243438856,4.92940448481459e-05,29399,0.06836625656585005
35,0.06855424648029404,0.070107292064915,0.0022857632341798588,0.0001,6.560981858519756e-06,0.005740736188605169,5.170961582525572e-05,29514,0.06855424648029404
36,0.06698328894433686,0.07092680745143656,0.0022555970738370496,0.0001,6.41741577681198e-06,0.005690214667547128,4.7659180523556104e-05,29437,0.06698328894433686
37,0.06881575848690145,0.07174389272539167,0.0022119221877882718,0.0001,6.1338297867486804e-06,0.005546153314626292,5.140692201376991e-05,29477,0.06881575848690145
38,0.06629014555684204,0.07252312817179954,0.0021467209695897487,0.0001,5.796793953331358e-06,0.00540060309229584,5.068316880203512e-05,29637,0.06629014555684204
39,0.07658888029689749,0.07340158031625607,0.002432270346504247,0.0001,7.4422675889711e-06,0.006119605577289066,5.462822577138001e-05,29195,0.07658888029689749
40,0.07053808271086559,0.07426978917767282,0.002330688093908787,0.0001,6.8038388269045634e-06,0.005838480785726994,4.745851087804303e-05,29451,0.07053808271086559
41,0.07365356689306841,0.07512286369732377,0.002374851693740695,0.0001,7.0925408967352225e-06,0.005973039003175449,6.135930427514355e-05,29322,0.07365356689306841
42,0.06942987197436011,0.07597133282948301,0.0022699661851258274,0.0001,6.422264002838694e-06,0.0056584666722537084,5.3960424541734e-05,29515,0.06942987197436011
43,0.07511972404050346,0.07688008442046149,0.002404523303652876,0.0001,7.20498868040425e-06,0.0059928624267925855,6.276172234090438e-05,29308,0.07511972404050346
44,0.07881614619206241,0.07781997149427078,0.00248885632862603,0.0001,7.64885322428429e-06,0.006146480322154097,6.50093864914758e-05,29012,0.07881614619206241
45,0.07640611406056326,0.07870631509049278,0.002350329827988266,0.0001,6.863897021837951e-06,0.005840794717491214,5.553784690821044e-05,29251,0.07640611406056326
46,0.0791655106146456,0.0795986158427304,0.0024189934635597057,0.0001,7.304554221787348e-06,0.006039333575575869,7.863890538373736e-05,29046,0.0791655106146456
47,0.08353516540994411,0.08055506697551956,0.0025079148553859864,0.0001,7.748987413902381e-06,0.006179625593955624,6.95789164483802e-05,28900,0.08353516540994411
48,0.0783426631480336,0.08149976388791103,0.0024735104406039313,0.0001,7.56729972876606e-06,0.006118672154800714,7.561859589244558e-05,29066,0.0783426631480336
49,0.08287652333815053,0.08246457233395804,0.002584658433986572,0.0001,8.240282344468757e-06,0.006376302753287955,6.847955320590703e-05,28994,0.08287652333815053
50,0.08753225809989693,0.08348090857151072,0.002593351609245652,0.0001,8.278324962499199e-06,0.0063842673187745475,7.258649806819087e-05,28790,0.08753225809989693
51,0.08025635692900329,0.08444435027555472,0.0025178179852477665,0.0001,7.821902865736933e-06,0.006213239329901138,8.12371400880039e-05,29123,0.08025635692900329
52,0.08389953011603132,0.08544776414126934,0.002627058294196334,0.0001,8.44422114132094e-06,0.006428651514871834,8.900941098856997e-05,28969,0.08389953011603132
53,0.08121029030107572,0.08630665560383176,0.0022596785384340432,0.0001,6.286892247142762e-06,0.005564412937691197,7.921091492602917e-05,28963,0.08121029030107572
54,0.08790061108495491,0.0871205016608673,0.002100633940168033,0.0001,6.599774565586133e-06,0.0062836027157194335,7.282400529161008e-05,28608,0.08790061108495491
55,0.08528484489327154,0.08808653367427105,0.0025001894754463454,0.0001,7.704256848951522e-06,0.006162938388960399,9.543048973640636e-05,28894,0.08528484489327154
56,0.09377060703696694,0.08909245100815394,0.002589602221688895,0.0001,8.211056682727986e-06,0.006341558262467717,0.00010942560322655729,28574,0.09377060703696694
57,0.08791522485183142,0.09007934413502591,0.0025307660228195234,0.0001,7.815528880083e-06,0.006176413630980971,8.611891350879585e-05,28667,0.08791522485183142
58,0.0923284593186734,0.09112007237326046,0.002683109758395158,0.0001,8.78343012385112e-06,0.006547201504797725,9.434081403552036e-05,28577,0.0923284593186734
59,0.08710016163998072,0.09209372719461255,0.0024727038979662323,0.0001,7.437747520015061e-06,0.006015882068315995,9.009579262641087e-05,28852,0.08710016163998072
60,0.08986493722614347,0.09308928476796086,0.0025071353485195233,0.0001,7.60633132775978e-06,0.006067746866758796,9.450460690418986e-05,28795,0.08986493722614347
61,0.09471858980469927,0.09409963587082693,0.0026474146721900114,0.0001,8.547437190288284e-06,0.006457195602997559,0.0001090926589987123,28524,0.09471858980469927
62,0.09299307089143383,0.09512798427055527,0.0027016959331647235,0.0001,8.93290736243745e-06,0.006612814752971542,0.00010434571242295307,28522,0.09299307089143383
63,0.09139985337840718,0.09615027357669662,0.002549375986051933,0.0001,7.951082714201337e-06,0.006237669733850992,0.00010219458621090231,28631,0.09139985337840718
64,0.09858789474381242,0.09724767208077162,0.002745694761431332,0.0001,9.083917000983356e-06,0.0066168440342202536,0.00010988380643362949,28467,0.09858789474381242
65,0.10220125598776178,0.09829773980097131,0.0027089840472391134,0.0001,8.966465321297571e-06,0.006619799278948006,0.00011959742243105983,28302,0.10220125598776178
66,0.1000592693851459,0.09936035541452998,0.0026960923381434826,0.0001,8.782856543759356e-06,0.006515249065844083,0.00010808528242656757,28406,0.1000592693851459
67,0.09521785274478428,0.10044815372348193,0.002744295023072692,0.0001,9.121912473331031e-06,0.006647909497075532,0.00011193770106699994,28598,0.09521785274478428
68,0.10238003602945131,0.1015788726471405,0.002878069912692164,0.0001,1.0012468966078853e-05,0.006957766329389218,0.00011539482762953931,28365,0.10238003602945131
69,0.09901154993892522,0.10248802727988418,0.0024973999911797173,0.0001,7.639091682771944e-06,0.006117635708938562,0.00012256016083491775,28429,0.09901154993892522
70,0.10732650268104728,0.10344999351428527,0.002395321664901267,0.0001,8.25985241483822e-06,0.006896654036800261,0.00012827837231695334,28128,0.10732650268104728
71,0.10209808083904132,0.10432501257381481,0.0022660691455745462,0.0001,7.2802941051970695e-06,0.006425482752293686,0.00011115283213306669,28268,0.10209808083904132
72,0.10920726204692909,0.10554861713748381,0.003027541106057888,0.0001,1.0927619527193192e-05,0.007218808362553905,0.00013196774590304357,28009,0.10920726204692909
73,0.10360304719994633,0.10657713737011734,0.002645939419545092,0.0001,8.459832194900208e-06,0.006394577390857028,0.0001294811373781364,28292,0.10360304719994633
74,0.10721712776584279,0.10768660173887895,0.002741336610526735,0.0001,8.993803506309094e-06,0.006561619227476756,0.00012681057785247742,28032,0.10721712776584279
75,0.10447429945495784,0.10873347059238317,0.0026489657110268937,0.0001,8.327655124871129e-06,0.006287476723617416,0.0001227078104211396,28029,0.10447429945495784
76,0.1122509266798623,0.10988396632378075,0.0029022090498879455,0.0001,1.0031882786137798e-05,0.006913273726112272,0.0001376262847704663,27906,0.1122509266798623
77,0.11199159272733247,0.11104467209266106,0.0028721679626339315,0.0001,9.80971087327962e-06,0.006830875492590337,0.00013493878798065867,27907,0.11199159272733247
78,0.10499603399018582,0.11210735445876222,0.002670851290254544,0.0001,8.430888865108937e-06,0.006313259668085403,0.00013138382033204182,28106,0.10499603399018582
79,0.10963845209853415,0.11324021486782032,0.0027638586421585305,0.0001,9.107543680432701e-06,0.0065904554896627065,0.00013243615818371026,28056,0.10963845209853415
80,0.11983537005980988,0.11437155660202383,0.0029409573547201557,0.0001,1.0355281770725631e-05,0.007042116237493675,0.00014655272781479662,27717,0.11983537005980988
81,0.11585461148659036,0.1154878802534497,0.0028444541241305424,0.0001,9.589563621513633e-06,0.006742638976077601,0.00014301563367676273,27802,0.11585461148659036
82,0.11711271705359402,0.11663512784082983,0.0028721202031562684,0.0001,9.721967728982471e-06,0.006769889169888281,0.00013989406221406734,27653,0.11711271705359402
83,0.11491317621007409,0.1175602602015052,0.0023113193727398638,0.0001,7.5417197509864774e-06,0.006525900176267236,0.00014239125647352822,27786,0.11491317621007409
84,0.11299040104728288,0.11866168936890947,0.0028041372163504054,0.0001,9.34295617997089e-06,0.006663694005766793,0.00015012741504806908,27874,0.11299040104728288
85,0.11753417575416907,0.11962196878269092,0.002399289082119632,0.0001,8.093633859978011e-06,0.006746693360374695,0.0001589232348651134,27730,0.11753417575416907
86,0.11673834793872469,0.12075964937634545,0.0028761945767754662,0.0001,9.83844739294176e-06,0.006841294724901227,0.00014538728269835203,27811,0.11673834793872469
87,0.11965948525576124,0.12173055087869011,0.0024288954676017437,0.0001,8.288452308788003e-06,0.006824873626177004,0.00016199637268368613,27611,0.11965948525576124
88,0.12149534974468733,0.12295077881171276,0.0030505670190177,0.0001,1.09497451101096e-05,0.007178826127632811,0.00014812999430476883,27549,0.12149534974468733
89,0.11806261915587304,0.12406268192821529,0.002781047123484258,0.0001,9.060778364671028e-06,0.006516091214822104,0.0001451854531186073,27677,0.11806261915587304
90,0.12460307903527987,0.12510295283058193,0.0027712409192763186,0.0001,9.195484542453872e-06,0.006636366025408702,0.00015454741271171948,27464,0.12460307903527987
91,0.12831128587327018,0.1262907992153045,0.0030489789419359268,0.0001,1.094477910992738e-05,0.007179307773754629,0.00016685746285180811,27211,0.12831128587327018
92,0.13223194040583647,0.1274539842419089,0.003013677592788398,0.0001,1.0741221825996973e-05,0.007128315153353005,0.00016205658075968806,27188,0.13223194040583647
93,0.12612374888035305,0.12862735748678256,0.002910428551195323,0.0001,9.846613092230059e-06,0.006766435196071741,0.00016387604287707486,27340,0.12612374888035305
94,0.12443622854292918,0.1297555253621711,0.0029050754121494916,0.0001,9.929643652576824e-06,0.006836066018148417,0.00016649402479023236,27387,0.12443622854292918
95,0.12949092799135284,0.1309896979781343,0.003045873210734073,0.0001,1.0620761618593701e-05,0.00697386981254813,0.00017265544700729,27221,0.12949092799135284
96,0.13035103784344948,0.13219016598478955,0.002924267024898653,0.0001,9.960003420281248e-06,0.006811965757898893,0.0001774709819064519,27171,0.13035103784344948
97,0.13292879771371774,0.13321675970639646,0.0026088584498790077,0.0001,9.035354944645702e-06,0.0069266731930701245,0.00018253343248522197,27137,0.13292879771371774
98,0.1349451796239623,0.13441521383763594,0.0030527874082384274,0.0001,1.088784102038481e-05,0.0071330489578162294,0.00018021929748803802,27120,0.1349451796239623
99,0.1372498507215335,0.1353930676479448,0.002506059326272901,0.0001,8.569829147934633e-06,0.006839286730438245,0.0001835516753611787,26979,0.1372498507215335
100,0.13943519679072608,0.13653378274997263,0.0030096666974463574,0.0001,1.0640161068716102e-05,0.007070657410499353,0.0001977526266693863,26897,0.13943519679072608
101,0.1377357227392217,0.1377603733540138,0.0031032669318655733,0.0001,1.1135615796504848e-05,0.007176705092404352,0.0001983299293725601,26851,0.1377357227392217
102,0.1414353623317945,0.13895910542489498,0.003025069660318326,0.0001,1.0540790893626624e-05,0.006968957463622457,0.0001966920933557179,26970,0.1414353623317945
103,0.13337969065627633,0.1399472343637509,0.0025240946844241083,0.0001,8.646434635657104e-06,0.0068511175028522,0.0001782577430085207,27133,0.13337969065627633
104,0.1388461601228127,0.14115217897137242,0.0030829752558489015,0.0001,1.0968446072261952e-05,0.007115494067915751,0.00020241049550335353,26835,0.1388461601228127
105,0.1400676438969006,0.14228301899290918,0.002923028322249083,0.0001,9.904818189526332e-06,0.006777093546534788,0.00021184511677281587,26809,0.1400676438969006
106,0.1412194399408871,0.14331203788053284,0.0026919167776647598,0.0001,9.771281967558599e-06,0.007259720693174768,0.00019591071779950586,26680,0.1412194399408871
107,0.14222481589127417,0.14464224925122807,0.0032814303628630965,0.0001,1.202212133839789e-05,0.007327366428040492,0.00021760676535442102,26794,0.14222481589127417
108,0.14163692030228908,0.14563418538630263,0.002535193936762131,0.0001,8.684309734133292e-06,0.0068510022907554095,0.0002073890817323536,26752,0.14163692030228908
109,0.13994747559138968,0.1467738988050983,0.0029477697295439685,0.0001,9.968299760425265e-06,0.006763282532226423,0.0002064273714328545,26719,0.13994747559138968
110,0.14701280228301716,0.14799727897929393,0.003161680421914432,0.0001,1.1570933694713665e-05,0.007319483407945032,0.00022270993763455433,26644,0.14701280228301716
111,0.14454363459437186,0.14923189076511995,0.003186153946364237,0.0001,1.1583468610608314e-05,0.007271129270967189,0.00021224831578451521,26792,0.14454363459437186
112,0.14806692722287262,0.15039863633524525,0.0030090505067710176,0.0001,1.0409935405549738e-05,0.006919083200581125,0.00023127814200618553,26591,0.14806692722287262
113,0.14625395156393534,0.15159337617045365,0.003034348382105753,0.0001,1.0412141842615693e-05,0.006862851941470188,0.00021238948599989216,26604,0.14625395156393534
114,0.15329935572415598,0.15267757258936154,0.0027649668023514563,0.0001,1.0071621335737761e-05,0.007285166192355282,0.00020320191105260325,26271,0.15329935572415598
115,0.14650883246905294,0.1538273338703816,0.0029462580022186573,0.0001,9.796542783515942e-06,0.0066501594742474895,0.0002233494169070411,26549,0.14650883246905294
116,0.15734489295529736,0.1551020254192143,0.0032503137614276483,0.0001,1.1889967525249812e-05,0.0073161967723554995,0.00024503090812024326,26238,0.15734489295529736
117,0.15761951596047657,0.1561369204648087,0.0026941507068547125,0.0001,9.723887683597332e-06,0.007218517998163131,0.00023301337846859805,26200,0.15761951596047657
118,0.16412728127185738,0.15721515799613522,0.0027697818637257444,0.0001,1.0194745084163745e-05,0.007361406483072557,0.0002673716663169262,25934,0.16412728127185738
119,0.16532085141261832,0.15849776656802186,0.003249649596227251,0.0001,1.1898715700289505e-05,0.0073230761335644125,0.0002585613729714578,25923,0.16532085141261832
120,0.15946828819438064,0.15968756848277615,0.003065144463081168,0.0001,1.0665723089705873e-05,0.006959360785875907,0.00024098798325242212,26151,0.15946828819438064
121,0.16125805661042197,0.1609105718082297,0.0031664565683025277,0.0001,1.1158965138919882e-05,0.007048235084368753,0.00023542128608054704,26011,0.16125805661042197
122,0.1630602008526393,0.1620821829421669,0.003066382140680471,0.0001,1.057803148316128e-05,0.006899356308417499,0.00024354622681737134,26014,0.1630602008526393
123,0.16182055447807425,0.16332739491113074,0.003273523969302278,0.0001,1.2114267318489792e-05,0.007401361610357683,0.0002458304193038235,26006,0.16182055447807425
124,0.16819963340697733,0.16460106832162502,0.0032977876244967277,0.0001,1.2052881184874259e-05,0.007309677006088975,0.0002601605272711699,25797,0.16819963340697733
125,0.16396126908809155,0.16567775436694937,0.0027609838320312146,0.0001,9.773001990298888e-06,0.00707936198460752,0.0002642114391057757,26026,0.16396126908809155
126,0.1670494961260125,0.1668029905803062,0.00287058922662115,0.0001,1.0484068943925276e-05,0.007304471741688819,0.0002510765085177407,25835,0.1670494961260125
127,0.16772954029987522,0.16811001709914694,0.0033910243565776206,0.0001,1.2773684151409435e-05,0.007533820349377395,0.00023459508267191536,25908,0.16772954029987522
128,0.16832808890039178,0.1691618884760227,0.002719226314072106,0.0001,9.607797708073868e-06,0.007066567176371549,0.00024905967934239114,25840,0.16832808890039178
129,0.17128458536120922,0.17032965829334318,0.003119425695887616,0.0001,1.0960192964413984e-05,0.007027058204247636,0.00027612619210894433,25632,0.17128458536120922
130,0.16840705906250153,0.1713807381485667,0.002711987648240265,0.0001,9.455576482037796e-06,0.006973170757745347,0.000267895919597398,25806,0.16840705906250153
131,0.17368962186153725,0.1725310730261927,0.0031757458499487917,0.0001,1.1506390541330725e-05,0.0072464177456242375,0.00028503114849062826,25608,0.17368962186153725
132,0.17472988811825796,0.17377781133149717,0.003325180151956686,0.0001,1.22042544597061e-05,0.007340507221856576,0.00025143258467606646,25545,0.17472988811825796
133,0.17333230853005374,0.174987201824176,0.0031863343428111387,0.0001,1.1202239033066136e-05,0.007031427231319973,0.00026277504946877394,25479,0.17333230853005374
134,0.1710043709861939,0.17620418246380926,0.0031881337822929406,0.0001,1.1093053884178564e-05,0.0069589638589132976,0.0002688879672424221,25611,0.1710043709861939
135,0.17330603881831555,0.17738911636082172,0.0032269296035224294,0.0001,1.1562500299850803e-05,0.007166255060060492,0.00026931162931517603,25604,0.17330603881831555
136,0.17445391890986484,0.17857049575077522,0.0032073090818282514,0.0001,1.1364381909009732e-05,0.007086552383365394,0.00027755179579921256,25508,0.17445391890986484
137,0.17548290266244349,0.17981775827041646,0.0033062104561352433,0.0001,1.1871404617707087e-05,0.007181275829357835,0.00028629217545198216,25492,0.17548290266244349
138,0.18126139076514283,0.18100035467732076,0.0031947977488773387,0.0001,1.1245099065217555e-05,0.007039631268783203,0.0002994999991419668,25324,0.18126139076514283
139,0.1833430510330991,0.1819914468608401,0.0027223648518447502,0.0001,9.39049702232124e-06,0.006898779210992219,0.0003001321285306513,25223,0.1833430510330991
140,0.17621477458645587,0.18313711426825702,0.0031570574772499,0.0001,1.0952583523622894e-05,0.0069384758450224005,0.0002843674773621631,25524,0.17621477458645587
141,0.18526901794981815,0.18439370314961928,0.003409133814669841,0.0001,1.2546082323599814e-05,0.0073602756627579565,0.0002994474719508046,25076,0.18526901794981815
142,0.18739867348614378,0.18565178103783891,0.0033440500791825467,0.0001,1.1998406477624579e-05,0.007175972963035046,0.00031556569834974963,25005,0.18739867348614378
143,0.1865835668514641,0.1866930172033247,0.0029119369303978082,0.0001,1.0519162860341075e-05,0.00722485624639131,0.00028697995878224894,25008,0.1865835668514641
144,0.18461484504510428,0.1879436269928853,0.0033552128478921152,0.0001,1.2071990812224797e-05,0.00719596124568307,0.000295900806265769,25083,0.18461484504510428
145,0.19605072244350946,0.18919711617492344,0.003382861898079614,0.0001,1.2345648573746927e-05,0.007298937376518572,0.0003007043868000393,24670,0.19605072244350946
146,0.1867960257056177,0.19039289782899105,0.003203593392424384,0.0001,1.1031260716801182e-05,0.006886804513261312,0.0003126372564088058,25062,0.1867960257056177
147,0.19658180973148087,0.19167356628568216,0.0034496132967501004,0.0001,1.266864925215875e-05,0.007344967776007794,0.0003262296718378244,24695,0.19658180973148087
148,0.1999103862536458,0.19275768886593675,0.002970516677880179,0.0001,1.0912386131884935e-05,0.007347130021617812,0.00032134067620921697,24434,0.1999103862536458
149,0.1901170407345299,0.193949646722726,0.003251932004012795,0.0001,1.1284884284385805e-05,0.00694041835466459,0.0003132421010004998,24964,0.1901170407345299
150,0.18941109449832996,0.19511827638339604,0.003321449142663899,0.0001,1.2115431689651047e-05,0.007295268522422184,0.0003144864327987349,24930,0.18941109449832996
151,0.1909891215377751,0.19629088051968985,0.003301419709532588,0.0001,1.1804710027525902e-05,0.007151293120011816,0.0003345086410608765,24857,0.1909891215377751
152,0.19301644011298402,0.19749551202308557,0.0033419783124858304,0.0001,1.1999392705485104e-05,0.007181011714321817,0.00031674747087613857,24861,0.19301644011298402
153,0.19972539981282644,0.19852953155084163,0.002884739744046665,0.0001,1.0252316838536921e-05,0.007107966574589594,0.0003231271003471395,24679,0.19972539981282644
154,0.20440842686680244,0.1995943102077705,0.00304134871780402,0.0001,1.1448502289216348e-05,0.007528569297033876,0.00033340647540835945,24383,0.20440842686680244
155,0.19296157562621136,0.2006366721068783,0.0029549225996230747,0.0001,1.0435050265911934e-05,0.007062824770600091,0.00031409611977599867,24800,0.19296157562621136
156,0.19787731426059235,0.20182991478521112,0.003302502227789948,0.0001,1.1452325392715442e-05,0.00693554438591819,0.0003258131591194016,24619,0.19787731426059235
157,0.20748488000877083,0.20301068619904136,0.0033587010875570453,0.0001,1.2013165169102038e-05,0.007153458944951737,0.00034051022581741146,24264,0.20748488000877083
158,0.20747501681180483,0.20400311901760604,0.002886118401787975,0.0001,1.0177654521940703e-05,0.007052832285491518,0.00033299057709933384,24363,0.20747501681180483
159,0.20433233247964647,0.20522797706609164,0.003429065339902205,0.0001,1.2319689807368237e-05,0.0071854506031195,0.00032628667236791575,24512,0.20433233247964647
160,0.20491305927903447,0.20641057658070516,0.0033212183578165875,0.0001,1.1573043405129088e-05,0.006969155387143744,0.00034450006409616986,24388,0.20491305927903447
161,0.20476651460021325,0.20760433394046146,0.003410416224517012,0.0001,1.2365896317705069e-05,0.007251839953615249,0.00035010558685230674,24396,0.20476651460021325
162,0.20137829580089348,0.20880449166172815,0.0033348918349863674,0.0001,1.146632179368187e-05,0.006876577928788351,0.00034239457698201814,24519,0.20137829580089348
163,0.21209399640193274,0.2099380480284198,0.0033603165316270856,0.0001,1.2098830457769792e-05,0.007201006419422914,0.00035121388817923726,24077,0.21209399640193274
164,0.2127353873190252,0.21091110636323485,0.0029613764359522564,0.0001,1.0383698081464173e-05,0.007012751202719153,0.00036631991463847215,23935,0.2127353873190252
165,0.21036401251049958,0.2119525383677078,0.002987147781001387,0.0001,1.0401379441137465e-05,0.006964087620499708,0.0003458423069586591,24173,0.21036401251049958
166,0.20678948241720224,0.21307714222127055,0.0033513888424428154,0.0001,1.1892340995838786e-05,0.007096962814479326,0.00034060790007213926,24213,0.20678948241720224
167,0.22078000347214022,0.21422874108092171,0.0033682836289123928,0.0001,1.1970311487960437e-05,0.007107662422018546,0.0003864773257966865,23656,0.22078000347214022
168,0.22061829578011435,0.21544299767195596,0.0035060100940882293,0.0001,1.2820694185049065e-05,0.0073135523520979516,0.00036633603332718784,23654,0.22061829578011435
169,0.21313401487332814,0.21660166343995682,0.0033698951258320843,0.0001,1.1589694656294863e-05,0.006878371120485937,0.000362005581249092,24006,0.21313401487332814
170,0.21798328083791524,0.2177570040600238,0.0034230834015136066,0.0001,1.2343917039485964e-05,0.007212162598216436,0.0003639351517831204,23883,0.21798328083791524
171,0.2179898121203207,0.2189544610074318,0.003559375616199446,0.0001,1.3123812098893537e-05,0.00737422150062746,0.0003799845139634653,23778,0.2179898121203207
172,0.21641321847295303,0.21994958920196067,0.002937563599204297,0.0001,1.0190636096502923e-05,0.006938155210844305,0.00036323027799178224,23902,0.21641321847295303
173,0.2101763430066444,0.22108205223675886,0.003381960920887184,0.0001,1.19899606534676e-05,0.007090537669679693,0.00034564361843681096,24195,0.2101763430066444
174,0.22652109427976497,0.22216686063957042,0.0033005023801831825,0.0001,1.149777621150233e-05,0.00696728854403322,0.00034847977913693445,23569,0.22652109427976497
175,0.22358029732044354,0.2233014035073272,0.0033567331328673315,0.0001,1.163704102566842e-05,0.006933551500847505,0.000374600045672015,23567,0.22358029732044354
176,0.22589202295671207,0.224323612607562,0.0030951126369120506,0.0001,1.1151357859905118e-05,0.0072057848408584365,0.00038334211498388163,23677,0.22589202295671207
177,0.22397372710477578,0.22538603096986015,0.0034266770611922123,0.0001,1.237577413484957e-05,0.007223192564602968,0.00035843940119047575,23587,0.22397372710477578
178,0.22500859100594606,0.22650913570680895,0.0034144092904422186,0.0001,1.1890818798028543e-05,0.006965081094005866,0.00037322987674587717,23632,0.22500859100594606
179,0.22414346663818116,0.2274885643097111,0.0032732910748038864,0.0001,1.1387899588849206e-05,0.006958073283801375,0.0003580249508412091,23796,0.22414346663818116
180,0.21916740856829312,0.22862571364009054,0.0034759927203744825,0.0001,1.2450730926155778e-05,0.0071638417728414625,0.00036625936231361034,23767,0.21916740856829312
181,0.2371717215933108,0.22974526637156864,0.0033469564030665726,0.0001,1.141255114567454e-05,0.0068196592792293615,0.0003928540900660006,23057,0.2371717215933108
182,0.23204962186260206,0.23083048900300693,0.003296084200489375,0.0001,1.1170177556393618e-05,0.006777847213208427,0.0004006337512136016,23304,0.23204962186260206
183,0.22733834163048675,0.23183233333945186,0.0030139735135024147,0.0001,1.0429613415150873e-05,0.006920839462209504,0.0003758730653811191,23475,0.22733834163048675
184,0.22889894071134959,0.2328833955628008,0.0033987366174802434,0.0001,1.2067919976777707e-05,0.007101415222768645,0.0003884317993181609,23429,0.22889894071134959
185,0.23657638420034557,0.23394155750861692,0.0032429304110404354,0.0001,1.1276886424920528e-05,0.006954750793620975,0.0003878417852770963,23196,0.23657638420034557
186,0.23612620560176548,0.23495068705393418,0.0031493948989852645,0.0001,1.0820165968448902e-05,0.006871266586438659,0.0003848497935858086,23035,0.23612620560176548
187,0.23776063436491715,0.23601992700889252,0.003397573572208449,0.0001,1.1717943477548794e-05,0.006897830600873223,0.0003986060515029675,23042,0.23776063436491715
188,0.23614433787073705,0.23706664770672123,0.0033705588727961,0.0001,1.1676566533679476e-05,0.00692856405975962,0.0003778103240336903,23228,0.23614433787073705
189,0.22965723518296907,0.2381554963112444,0.003351087296731385,0.0001,1.115975757560598e-05,0.006660380101999185,0.000389351267851752,23314,0.22965723518296907
190,0.2320936786767388,0.2393014125498403,0.0034985859871557753,0.0001,1.1942600677422958e-05,0.00682710141826862,0.00039806709234641827,23314,0.2320936786767388
191,0.24010331576046487,0.24038759718179553,0.0033810844590870122,0.0001,1.136346803866454e-05,0.006721788926700159,0.00039548088189842807,23018,0.24010331576046487
192,0.2349798657307342,0.24141518936231338,0.0033636861060534376,0.0001,1.1506812209133715e-05,0.006841787162259612,0.0003995244737863534,23245,0.2349798657307342
193,0.24109664235517292,0.24242497473479774,0.0032412634978502314,0.0001,1.0607365260328336e-05,0.006545203910366233,0.00039294674969941504,22992,0.24109664235517292
194,0.24730819901308604,0.2435226457765909,0.0035881954474388405,0.0001,1.2987327148755664e-05,0.007238918469742597,0.0004149143433364722,22705,0.24730819901308604
195,0.24830148017623146,0.24452520987780857,0.0033065883313911594,0.0001,1.0945229590385724e-05,0.006620255377106959,0.00044151388600619873,22537,0.24830148017623146
196,0.2386475154136087,0.24538706312091435,0.002964298719068049,0.0001,9.888547000868695e-06,0.006671761477519089,0.00039630821891171834,22957,0.2386475154136087
197,0.2500448114745347,0.24632174955297204,0.0029689766380653127,0.0001,9.915368730555103e-06,0.006679317447924615,0.00041749247684340807,22536,0.2500448114745347
198,0.25205686492028145,0.24739595653573404,0.0034361031295462897,0.0001,1.17009281118612e-05,0.0068105802827904145,0.00044848004376734415,22417,0.25205686492028145
199,0.25027944075826064,0.2484070007468153,0.0032953327816002574,0.0001,1.0854834981489103e-05,0.006588005340218084,0.00040431059120204154,22651,0.25027944075826064
200,0.2421092969977403,0.24931326529552145,0.0030759116903688443,0.0001,1.0228205717240586e-05,0.006650519746237635,0.00042031945735942323,22888,0.2421092969977403
201,0.2581772321534664,0.25036797823781176,0.0035433555181542172,0.0001,1.2569650537075505e-05,0.007094772439669393,0.00043113547497753096,22348,0.2581772321534664
202,0.2484082512762884,0.2514045249324102,0.0033403013985592407,0.0001,1.0816863203778905e-05,0.006476579154470611,0.0004081967926776965,22658,0.2484082512762884
203,0.25280033021479065,0.25243323547933105,0.0034422857570572474,0.0001,1.1735783432872947e-05,0.006818599187364195,0.00043095864302185316,22499,0.25280033021479065
204,0.25185883570285206,0.2533024197005204,0.0030359403208279827,0.0001,1.0220214670810163e-05,0.006732816584499155,0.0004218378080005576,22495,0.25185883570285206
205,0.2613261221656853,0.25426695506168306,0.003253325445010272,0.0001,1.114918882037524e-05,0.006854026139607459,0.0004340015751673369,22025,0.2613261221656853
206,0.2590213364915647,0.2551447956202003,0.003053649209723175,0.0001,1.0372578577993051e-05,0.006793562629895769,0.00044307378444671797,22284,0.2590213364915647
207,0.24527670186574016,0.2560541017172575,0.0031338438753026015,0.0001,1.0409775302454008e-05,0.0066434549496814654,0.0004165246365016344,22691,0.24527670186574016
208,0.2635918701531346,0.25702025288805075,0.003254382810274317,0.0001,1.0423286412531041e-05,0.006405691659643718,0.0004344410649956981,22071,0.2635918701531346
209,0.2552639833605833,0.2579254048508731,0.0032668656714924557,0.0001,1.084347686433746e-05,0.006638458972439877,0.00044404604415044027,22244,0.2552639833605833
210,0.25693544495621173,0.25889302939797254,0.0033536551169909452,0.0001,1.097991005793013e-05,0.0065480257658586056,0.0004459236467772077,22325,0.25693544495621173
211,0.2651706267383999,0.25982109097508843,0.0032160889047431977,0.0001,1.0240278767410245e-05,0.006368156522232661,0.00046208020317368135,21921,0.2651706267383999
212,0.2576782485715007,0.26072686659799704,0.003273901931063805,0.0001,1.0699865146423968e-05,0.006536460389909852,0.00042899825491178297,22370,0.2576782485715007
213,0.2562824355727456,0.2616412046867094,0.003080790402449186,0.0001,1.03648518549171e-05,0.006728696536237703,0.00044255680749620216,22234,0.2562824355727456
214,0.26949099061747994,0.26256466050322114,0.003142076217028639,0.0001,1.061597601561784e-05,0.006757300130457705,0.0004627822908629758,21795,0.26949099061747994
215,0.26273540455143574,0.2635066264739945,0.0033703430525196727,0.0001,1.1022056754252831e-05,0.006540614164491492,0.00044148821554090573,22181,0.26273540455143574
216,0.257589701437389,0.2642863308124906,0.0028191361281216802,0.0001,8.745270272263137e-06,0.006204219927534959,0.0004417868110813578,22283,0.257589701437389
217,0.27996359346263977,0.2651769369282674,0.0031536265683506717,0.0001,9.94235270358719e-06,0.006305345600120932,0.00045310001605539297,21432,0.27996359346263977
218,0.26652656696017435,0.2660953330416584,0.003383732213336181,0.0001,1.1345911772164723e-05,0.006706152293876857,0.000455368103304878,21893,0.26652656696017435
219,0.2704376464701517,0.2669281837862436,0.0030805423960917925,0.0001,9.451831304748353e-06,0.006136472146424382,0.0004642559572015582,21757,0.2704376464701517
220,0.27024376591945876,0.2677835943928195,0.0030518598274046375,0.0001,1.0017144505823117e-05,0.006564616379738448,0.00046129207343479966,21658,0.27024376591945876
221,0.2712542637929449,0.26865360806898775,0.0031800593449746836,0.0001,9.991650718345982e-06,0.006283939785045444,0.0004572134565006944,21718,0.2712542637929449
222,0.2682679306874542,0.2695771185715009,0.003373717705861221,0.0001,1.1226560570324111e-05,0.00665530524431253,0.0004382100706194616,21689,0.2682679306874542
223,0.26792943442151873,0.2704323441606287,0.003103603369574316,0.0001,1.0112028199015018e-05,0.006516314744433316,0.0004373446484780107,21823,0.26792943442151873
224,0.27286078215129633,0.27131328576769964,0.0033064228603921835,0.0001,1.057064596864508e-05,0.006394007309392524,0.0004483707608802142,21621,0.27286078215129633
225,0.2670831959430884,0.2722596972858946,0.0033978752246278782,0.0001,1.0906740082359151e-05,0.006419741374437088,0.00045670360179823904,21835,0.2670831959430884
226,0.26969607752019914,0.27306447549195917,0.003082586808175304,0.0001,9.513368117750309e-06,0.00617232779464311,0.000440077292201851,21760,0.26969607752019914
227,0.27656161520283873,0.273934072680223,0.003240240044857963,0.0001,1.0168790113425961e-05,0.006276565916505555,0.00047509467260695864,21465,0.27656161520283873
228,0.27230335773765435,0.27479913569170067,0.0033417176690365325,0.0001,1.0897510821542349e-05,0.0065221014465200264,0.00047120002470580735,21705,0.27230335773765435
229,0.27153220840014897,0.2755670742187373,0.00319587102571429,0.0001,1.0159443421987026e-05,0.006357855708345647,0.00046436716228120473,21789,0.27153220840014897
230,0.2761477942110163,0.2765143031992176,0.003531600540867469,0.0001,1.1873385138828281e-05,0.006724081617629277,0.00046392364815435623,21450,0.2761477942110163
231,0.28310463294563293,0.27744327074373293,0.003391534412519337,0.0001,1.0752112547657315e-05,0.006340559310244661,0.00047227507702341366,21174,0.28310463294563293
232,0.2798111902459715,0.27817684815781507,0.00285643223168156,0.0001,8.749857794000943e-06,0.006126424213362112,0.00046489497435466817,21398,0.2798111902459715
233,0.2734649989065651,0.2790270449179078,0.003216063534601018,0.0001,1.0010926272417799e-05,0.006225577427007982,0.0004704443477189153,21623,0.2734649989065651
234,0.27812056132480434,0.27983951343187957,0.0030550740572529212,0.0001,8.784181662112568e-06,0.005750552358139022,0.0004544103058806132,21454,0.27812056132480434
235,0.2766946542371199,0.2806774253759997,0.0033449293771981173,0.0001,1.0800434334166526e-05,0.006457795137793623,0.0004680457419750267,21411,0.2766946542371199
236,0.2737040650453907,0.2814923018383926,0.002951386335710734,0.0001,8.878920664555864e-06,0.006016779678840452,0.0004870831577468745,21439,0.2737040650453907
237,0.28808544904935285,0.28230526076551565,0.003104131057142732,0.0001,9.090941185993575e-06,0.005857317889381603,0.00045690678679667835,21043,0.28808544904935285
238,0.28036482028609805,0.28317803659728163,0.003246632411011171,0.0001,9.83523859991827e-06,0.0060587324678712615,0.0004740073395848846,21316,0.28036482028609805
239,0.29328115772990737,0.2840858931591352,0.003523282227432013,0.0001,1.1554502284231775e-05,0.006558942223969048,0.0004933560555780405,20676,0.29328115772990737
240,0.2832643620395224,0.2847846255349562,0.0028353777488919966,0.0001,8.419828306305064e-06,0.005939122792083241,0.00046511760758076925,21213,0.2832643620395224
241,0.28075016522469487,0.2855236315074533,0.0028591711995633587,0.0001,8.469028279373687e-06,0.005924114149350024,0.0004807467118356957,21288,0.28075016522469487
242,0.2872828758685221,0.28629598454795563,0.0031631022803199882,0.0001,9.635087870259546e-06,0.006092175981919139,0.0004759112802594777,20961,0.2872828758685221
243,0.2754921183788869,0.2869999968097051,0.0029093637239983295,0.0001,8.866217668359578e-06,0.006094953061540729,0.0004829410746111843,21517,0.2754921183788869
244,0.2994117274834235,0.2878939561696443,0.0034050337821894946,0.0001,1.0545645787263286e-05,0.006194150461839035,0.0004896167365641194,20620,0.2994117274834235
245,0.2931227128963544,0.2886521793090599,0.003247612150908732,0.0001,1.0261740712741176e-05,0.006319560486845562,0.0005090506814354801,20843,0.2931227128963544
246,0.28604104872415226,0.2895022722226691,0.003350595687577956,0.0001,1.0398610173238134e-05,0.006207021761408029,0.0004902991100237965,21040,0.28604104872415226
247,0.28831682929622027,0.29036110053830033,0.0034049084026637707,0.0001,1.0563731843026268e-05,0.006205002069813049,0.00048377355123960453,21012,0.28831682929622027
248,0.2842823627112615,0.2911425421711139,0.003108671105114755,0.0001,8.931888511233468e-06,0.005746435186750805,0.00048595069949124837,21104,0.2842823627112615
249,0.3031608093966063,0.2919166973607585,0.0031817315882662184,0.0001,9.454246119087648e-06,0.0059428307239702965,0.0005243243100740469,20400,0.3031608093966063
250,0.29597688119122556,0.2926639346710773,0.003054257325913911,0.0001,9.758791698746991e-06,0.006390287822802824,0.0004912959065426971,20725,0.29597688119122556
251,0.2953222988769336,0.2934334511183858,0.003275174142834855,0.0001,1.0171801501390088e-05,0.006211456892234619,0.00048209543160170065,20700,0.2953222988769336
252,0.2982990893926477,0.29424946777379946,0.003247353564126488,0.0001,9.919786746856213e-06,0.006109459010832754,0.0005045948457827907,20651,0.2982990893926477
253,0.29270868552938284,0.2951061542249901,0.003449232753715293,0.0001,1.0799197451493918e-05,0.006261796882139491,0.0004959425570082112,20806,0.29270868552938284
254,0.2917210209127681,0.29584302237432303,0.0029453062829932156,0.0001,8.707711356096366e-06,0.005912941147327479,0.0004983057478228808,20793,0.2917210209127681
255,0.29388118512542233,0.29660405322709366,0.0031464989339519372,0.0001,9.32221800890455e-06,0.0059254544206668695,0.0005110275616313665,20741,0.29388118512542233
256,0.2988616851268167,0.2973372613787968,0.003043532818953584,0.0001,9.636562419120848e-06,0.006332484643575523,0.0005050812923274024,20655,0.2988616851268167
257,0.29435203360752427,0.298094596278636,0.003151008566197612,0.0001,8.959678801470426e-06,0.005686864134604532,0.0004768583848768456,20788,0.29435203360752427
258,0.30257085455337646,0.2987363770074533,0.002811033391325928,0.0001,8.186781505344516e-06,0.005824748671151797,0.0004947542991388103,20462,0.30257085455337646
259,0.2975698672096756,0.29951041399917266,0.0032228489108231217,0.0001,9.308047788638165e-06,0.005776285544990611,0.0004972898395012518,20743,0.2975698672096756
260,0.3024956841233012,0.30021262505964125,0.0030578321288301426,0.0001,8.580103576853704e-06,0.005611886601594611,0.0005112351521045686,20424,0.3024956841233012
261,0.30116505774182056,0.30094627090294956,0.0031469973806126004,0.0001,9.125538850788625e-06,0.005799521097162294,0.0004972732974740338,20456,0.30116505774182056
262,0.29535304684416375,0.30169466228488795,0.0031690741037398505,0.0001,9.003799936584082e-06,0.005682290563012473,0.0004783713382107326,20804,0.29535304684416375
263,0.3040780628240746,0.30244219785956605,0.0032238601084207796,0.0001,9.599924365501295e-06,0.005955546483190212,0.0004984268215340866,20415,0.3040780628240746
264,0.3084252877866825,0.30307660596509645,0.00281224338283845,0.0001,7.841090108016031e-06,0.005576395098564954,0.000510464730223202,20120,0.3084252877866825
265,0.3029739351582255,0.3037719612451123,0.003256856947695626,0.0001,1.0217797317330935e-05,0.006274636854750709,0.0005056542888074692,20406,0.3029739351582255
266,0.30671115770541496,0.30446100649800856,0.0031790671465312054,0.0001,9.415065079458094e-06,0.005923162138762126,0.0005001147846996615,20223,0.30671115770541496
267,0.3028763527053646,0.3052269404973419,0.00332426641258455,0.0001,9.975048315883226e-06,0.006001353127487656,0.0004828232215330559,20495,0.3028763527053646
268,0.29415002412690777,0.30598439077716727,0.0032438048008675275,0.0001,9.202077030017843e-06,0.0056736317965599085,0.0005024172534515637,20674,0.29415002412690777
269,0.30500355663020146,0.3066919279978436,0.0032395763357102197,0.0001,9.654448164676922e-06,0.005960315278423811,0.0004971219010280288,20406,0.30500355663020146
270,0.3079527802090966,0.3074059876214216,0.003219808558534053,0.0001,9.254428790332037e-06,0.005748434183022041,0.0004954894379385528,20251,0.3079527802090966
271,0.2995175642246058,0.30803139400929685,0.0027242663534432577,0.0001,7.357618873911916e-06,0.005401541493629994,0.0005137651575207831,20513,0.2995175642246058
272,0.30020572204408535,0.30864602382500106,0.003042545746039513,0.0001,8.771817358627046e-06,0.005766103842511054,0.0005181633875089258,20621,0.30020572204408535
273,0.31954390261792676,0.3093048874338307,0.0030515035200095655,0.0001,8.61003575462847e-06,0.005643143255886841,0.0005098976682157845,19829,0.31954390261792676
274,0.30527013578692647,0.3099230461049855,0.0029882026743237376,0.0001,8.413974080974205e-06,0.005631461448898124,0.000507902064076589,20283,0.30527013578692647
275,0.30465140877367813,0.3105172977379752,0.0027511480444530494,0.0001,7.493340417519397e-06,0.0054474279802046305,0.0005011759312170241,20325,0.30465140877367813
276,0.31488848361537325,0.3111862050065588,0.0029738309202510596,0.0001,8.49669544602713e-06,0.005714309706154925,0.0005107517202816143,19959,0.31488848361537325
277,0.31575263986502244,0.3118532924116054,0.002877803710915801,0.0001,7.76451421123243e-06,0.0053961388553227865,0.0005228414768838193,19894,0.31575263986502244
278,0.30514252870793457,0.31252544717555664,0.0031272589235403054,0.0001,8.868573851660322e-06,0.005671787382171983,0.0005336059960609872,20373,0.30514252870793457
279,0.3055118549537149,0.3130237425568174,0.002541260081348017,0.0001,6.821579229793655e-06,0.005368658863263719,0.0005370332893122787,20290,0.3055118549537149
280,0.3152456141000614,0.3135680523644226,0.0028673982979705395,0.0001,7.63003140079003e-06,0.0053219194600138695,0.0005258590785818044,19924,0.3152456141000614
281,0.3182789859117919,0.31414468491197856,0.0027819402388188264,0.0001,7.533427021038957e-06,0.0054159517274444,0.0005267859184878026,19759,0.3182789859117919
282,0.3130483073295445,0.3148515566467188,0.003223610283717889,0.0001,9.366584512000499e-06,0.005811238758797931,0.000505743633970453,20071,0.3130483073295445
283,0.3154718835869497,0.3154367266391055,0.0027163857617368463,0.0001,7.318613817065636e-06,0.005388493725858837,0.00051771295317069,19937,0.3154718835869497
284,0.3103317134267736,0.3160537151050372,0.0030076335931379186,0.0001,8.938575074973152e-06,0.00594392554689308,0.0005406731566045355,20099,0.3103317134267736
285,0.31011585705765143,0.3166602699422174,0.0030507810464012824,0.0001,8.486713937781679e-06,0.005563633580189344,0.0005230997634473937,20089,0.31011585705765143
286,0.31104930522301344,0.317284934804381,0.0030622329712783895,0.0001,8.508426330653188e-06,0.005557007850451807,0.0005314229359174668,20121,0.31104930522301344
287,0.32513940569259947,0.3179429742547816,0.0030734612053731226,0.0001,8.38885864315523e-06,0.0054588999714651094,0.0005176932686611166,19561,0.32513940569259947
288,0.324708633079413,0.3185672592298683,0.0031009350991500497,0.0001,8.701273867995558e-06,0.005612032235296078,0.0005156123954076889,19595,0.324708633079413
289,0.31754088557093135,0.31913587950809036,0.0027331743986518013,0.0001,7.340959705198282e-06,0.005371746280675959,0.0005153527934592027,19825,0.31754088557093135
290,0.32147216202420503,0.3196855711767902,0.0030533320197501266,0.0001,8.584940214329662e-06,0.005623325703722337,0.0005016352650596642,19757,0.32147216202420503
291,0.3176164121338111,0.32034382166551134,0.003143024856073573,0.0001,8.576080266117138e-06,0.005457214408944137,0.0005212511569013626,19755,0.3176164121338111
292,0.32456446723340404,0.32089388115103573,0.002815882580089974,0.0001,7.644545149935026e-06,0.005429590852961465,0.0005259175988073059,19570,0.32456446723340404
293,0.3239556666848784,0.3214897175684927,0.003105963869561591,0.0001,8.800426214677008e-06,0.005666792393125418,0.0005497125946643768,19537,0.3239556666848784
294,0.31612865758799585,0.32203524524798066,0.0027695875737575484,0.0001,7.424737780279865e-06,0.005361619795402672,0.0005238801480575236,19839,0.31612865758799585
295,0.31714011706581435,0.3225352891825907,0.0027512449469169033,0.0001,7.619203886970213e-06,0.005538731762512411,0.0005331432963286117,19630,0.31714011706581435
296,0.3272251503440059,0.3231397131529074,0.0030947746780579637,0.0001,8.425697270714044e-06,0.0054451119368737685,0.000515758086044945,19539,0.3272251503440059
297,0.3142290521645198,0.3236541185743312,0.0028009178965033546,0.0001,7.813736170485841e-06,0.0055794110782329265,0.000542856435626782,19991,0.3142290521645198
298,0.32507761894823933,0.32427918809665496,0.00305072077299089,0.0001,8.316877910117207e-06,0.005452401926619748,0.0005189042998122219,19621,0.32507761894823933
299,0.3297238202321594,0.32485028220786427,0.0030447233341219728,0.0001,8.907508319722011e-06,0.005851111803753249,0.0005472934891222877,19425,0.3297238202321594
300,0.33007867055926443,0.32542075047846597,0.0030258894125052933,0.0001,8.172757656554634e-06,0.0054018878699125875,0.0005273062970449481,19311,0.33007867055926443
301,0.3229315724085374,0.3259338077630294,0.002750685584056514,0.0001,7.459028380435084e-06,0.005423395842599387,0.0005345621466331796,19711,0.3229315724085374
302,0.32337767394301253,0.3264861737215208,0.002976567017790437,0.0001,7.974887019589224e-06,0.005358446137395649,0.0005339131458093881,19494,0.32337767394301253
303,0.32534057206340383,0.327058121171364,0.0031001123836986782,0.0001,8.613623788528786e-06,0.005556975181817152,0.0005278088574976206,19512,0.32534057206340383
304,0.3245454639979347,0.32764987377795646,0.003102725169163488,0.0001,8.447542394249164e-06,0.0054452405119249855,0.0005243788967143613,19476,0.3245454639979347
305,0.33248326553444746,0.3281627953510865,0.002842471830163712,0.0001,7.696153341637592e-06,0.005415113184213567,0.0005313105527334328,19158,0.33248326553444746
306,0.3332319204830561,0.32871230420833175,0.0030114845767935496,0.0001,8.18362165080198e-06,0.005434941765177768,0.0005376900624017157,19197,0.3332319204830561
307,0.33352977019813146,0.3292441763957824,0.0030413738824063806,0.0001,8.444088954103782e-06,0.0055528121701516634,0.0005429717440718585,19209,0.33352977019813146
308,0.32658534775344783,0.3297762347752078,0.0028543699094252376,0.0001,7.237860938361989e-06,0.005071424635231963,0.0005247595857776355,19492,0.32658534775344783
309,0.33151562665717615,0.33024297872019215,0.0027489663846692017,0.0001,7.367434670196381e-06,0.0053601489718346955,0.0005329042431225068,19339,0.33151562665717615
310,0.3376034781555756,0.3307942422246425,0.0028703317338416713,0.0001,7.505994181491949e-06,0.005230053441555256,0.0005530529063529745,19064,0.3376034781555756
311,0.33333878060739264,0.3312089551285749,0.002710494129407379,0.0001,7.142835573583788e-06,0.0052705043675158195,0.0005374440456070399,19243,0.33333878060739264
312,0.3272760463526452,0.33172652099593025,0.0029508888133180965,0.0001,7.88552572703077e-06,0.005344508875726815,0.0005459728156903891,19501,0.3272760463526452
313,0.32795892612201966,0.33232943725815123,0.0032148399245352727,0.0001,8.961327931094124e-06,0.005574976136573609,0.0005357064566273191,19326,0.32795892612201966
314,0.3383136490879176,0.33271156978826205,0.0025588115510079227,0.0001,6.738680391412099e-06,0.005267039214949389,0.0005473724285516015,19057,0.3383136490879176
315,0.3451299414954456,0.3331633867769342,0.002788130104320186,0.0001,7.167305757404478e-06,0.005141299357801698,0.000553101883648476,18794,0.3451299414954456
316,0.3241949136973682,0.3337237385174528,0.003109739694144462,0.0001,8.461590542165682e-06,0.005441992818947887,0.000541147431667564,19497,0.3241949136973682
317,0.33044678637758873,0.33424268238220345,0.002790629020714878,0.0001,7.29804156319724e-06,0.005230391792691738,0.0005494397441628493,19314,0.33044678637758873
318,0.33484633251784984,0.33468707847269724,0.00286740699447038,0.0001,7.683037148423593e-06,0.0053588745254788475,0.0005362689646935704,19129,0.33484633251784984
319,0.34112883222148666,0.3353767984667574,0.0034770845104195487,0.0001,9.96103749092715e-06,0.00572953430443095,0.0005660638652157676,18939,0.34112883222148666
320,0.33672955379834235,0.3359122268929735,0.0029341751460660883,0.0001,7.556555830078129e-06,0.005150718995223831,0.0005377444334522643,18996,0.33672955379834235
321,0.33982503018493077,0.336485003433999,0.002963050818132657,0.0001,7.570367888964434e-06,0.005109846812371145,0.0005501156508337145,18936,0.33982503018493077
322,0.33702601569352675,0.33696981890601774,0.0029008937444347034,0.0001,7.996592272579631e-06,0.005513192124269223,0.0005419302125512749,19060,0.33702601569352675
323,0.33400294001560604,0.33741346037771847,0.0027835478477606663,0.0001,7.139713329956043e-06,0.005129937562021694,0.0005399867110148092,19286,0.33400294001560604
324,0.3385348244333948,0.33797073257311006,0.003012786659482298,0.0001,7.907474845314958e-06,0.0052492763272350244,0.0005814447220864929,18999,0.3385348244333948
325,0.3369266686790775,0.33858080415524855,0.0031247279127919144,0.0001,7.765198084022352e-06,0.004970159515158697,0.0005517324769394342,19077,0.3369266686790775
326,0.32831269063838564,0.3391690135196213,0.0031525448742039373,0.0001,8.467606102049686e-06,0.0053719178885203835,0.0005565867834554704,19326,0.32831269063838564
327,0.33780306841378444,0.3396663918886017,0.003013153374425029,0.0001,7.90633284570314e-06,0.005247879455994719,0.0005434275735538478,18954,0.33780306841378444
328,0.3425706019766636,0.3400471697360986,0.002629382858258687,0.0001,6.794430886991817e-06,0.0051680803087698225,0.0005519441346375414,18778,0.3425706019766636
329,0.3426386679138674,0.3405306038332883,0.002760104508086348,0.0001,6.9769988208546256e-06,0.005055604815262564,0.0005720888509753918,18884,0.3426386679138674
330,0.34256211962750516,0.34098868802457744,0.0027328090118638585,0.0001,6.949958652624965e-06,0.005086311280776173,0.0005476486006314321,18831,0.34256211962750516
331,0.33721914700775624,0.34144411301791744,0.002790087429741135,0.0001,7.21061138419193e-06,0.005168735077854482,0.0005580352588769075,18984,0.33721914700775624
332,0.3335457599471927,0.3418844698008474,0.002810298299993505,0.0001,6.966547680254265e-06,0.004957870614852782,0.0005294965053231099,19219,0.3335457599471927
333,0.34334702788803995,0.3424119303234636,0.0030552537906278717,0.0001,7.873639858892818e-06,0.005154164202689517,0.0005596287629167545,18749,0.34334702788803995
334,0.3421515986945581,0.34293480644591956,0.002922691039788098,0.0001,7.134760769130227e-06,0.004882322949638573,0.0005381339730648573,18812,0.3421515986945581
335,0.34304357351835796,0.343392878883276,0.0027864285816960955,0.0001,7.3277732708865676e-06,0.005259616786177352,0.0005681350012813956,18811,0.34304357351835796
336,0.3478250547233471,0.3438727800831604,0.0029138202447159555,0.0001,7.5092308194661274e-06,0.005154216930906209,0.0005729110226601177,18696,0.3478250547233471
337,0.3410906201495179,0.3443173455866433,0.0026912106260223085,0.0001,6.756638312406638e-06,0.005021263105216819,0.0005588582725648261,18846,0.3410906201495179
338,0.34446283754493856,0.3447607265229009,0.0026667449660752024,0.0001,6.65124880034878e-06,0.004988290132698961,0.0005307360852399195,18774,0.34446283754493856
339,0.3467364071746465,0.3451186757588396,0.002619235140356688,0.0001,6.5193558257153235e-06,0.004978060751603628,0.0005630991454246634,18589,0.3467364071746465
340,0.342961541235067,0.345593584188854,0.002731239762579488,0.0001,6.339546492991981e-06,0.004642248241878749,0.0005449477392774026,18923,0.342961541235067
341,0.34780188556078334,0.3460624518326315,0.002869815120378713,0.0001,7.34222472875726e-06,0.005116862530007402,0.0005994503662197558,18596,0.34780188556078334
342,0.3592875271049755,0.34654106497980386,0.002760796724763155,0.0001,6.878125026063786e-06,0.004982710218662586,0.0005625776953428908,18168,0.3592875271049755
343,0.338486379243486,0.34698750452759697,0.0028156075009588715,0.0001,7.335194185220884e-06,0.00521038119320455,0.0005534333319272393,19018,0.338486379243486
344,0.33837498729265125,0.34741270907923383,0.0028039380246415698,0.0001,7.206188805523991e-06,0.005140048561840211,0.0005425870404002876,18990,0.33837498729265125
345,0.34729924986793725,0.3478457980189699,0.0026907640920458106,0.0001,6.531361838565394e-06,0.0048546521472267335,0.0005587791602981959,18766,0.34729924986793725
346,0.3486389473389621,0.34839040079013595,0.003032461535086409,0.0001,7.340323514337748e-06,0.004841165125696203,0.000564591975703475,18553,0.3486389473389621
347,0.35420150881380563,0.3488621043053035,0.0031541093791097436,0.0001,8.625631185970216e-06,0.005469455969472323,0.0005563935478708638,18206,0.35420150881380563
348,0.3517383432249267,0.3492720178453345,0.002644425898193337,0.0001,6.348940794927449e-06,0.0048017536050187866,0.0005530036637279516,18403,0.3517383432249267
349,0.3467998457064892,0.349738061660403,0.0029256525683789914,0.0001,7.5820275556896725e-06,0.005183135986574528,0.00056729330488021,18628,0.3467998457064892
350,0.34852731599597486,0.35023827655361006,0.002846152358460822,0.0001,6.6607241670152344e-06,0.0046805113206359085,0.0005529882963139767,18688,0.34852731599597486
351,0.3431641963253679,0.3507227834871248,0.00280808650965129,0.0001,6.470353700478274e-06,0.004608372055661325,0.0005648304113257941,18725,0.3431641963253679
352,0.35076511275116473,0.3510914171800861,0.0026732567082296366,0.0001,6.346437984434046e-06,0.004748094685330068,0.0005526080955805749,18492,0.35076511275116473
353,0.3464980777250278,0.35155929484558585,0.002982432801075623,0.0001,7.742621842454606e-06,0.005192151749177523,0.0005360599994223083,18660,0.3464980777250278
354,0.34938356734042997,0.3519196485767582,0.002633005767162002,0.0001,6.256297392290553e-06,0.004752209410489771,0.0005485172034552714,18595,0.34938356734042997
355,0.35523442338888644,0.35229434695155004,0.0026746022672684065,0.0001,6.796539300918784e-06,0.0050822803705017,0.0005544371209297826,18293,0.35523442338888644
356,0.35326930256779066,0.35272353230428233,0.0027903642676181954,0.0001,6.801793341169893e-06,0.004875201005190467,0.0005754278584650393,18403,0.35326930256779066
357,0.35482138023372833,0.35316410631307044,0.0027696763573514037,0.0001,6.9121967925053524e-06,0.004991338987429832,0.0005827307673962418,18252,0.35482138023372833
358,0.3441033039358271,0.35357900360164185,0.002823534043500194,0.0001,6.840780829853266e-06,0.004845545139149865,0.0005495564207257455,18702,0.3441033039358271
359,0.352998074472763,0.3539997805061842,0.002838400493811246,0.0001,6.805906484354494e-06,0.004795592798968198,0.000553043332396223,18506,0.352998074472763
360,0.35838185708161174,0.35435841353889175,0.002627310672038264,0.0001,6.099948170158472e-06,0.0046434920963695095,0.0005577713719950764,18220,0.35838185708161174
361,0.34473017747915113,0.35479643751644824,0.0028273366492084593,0.0001,6.842409774789321e-06,0.004840180440984925,0.0005714302309740087,18662,0.34473017747915113
362,0.3484198806662182,0.3552698939770825,0.003003367733003667,0.0001,7.4361084414264145e-06,0.004951846794990745,0.000585891023879298,18645,0.3484198806662182
363,0.3505365600579487,0.35556322641738725,0.002660733165586716,0.0001,6.7379101920118085e-06,0.005064701924385595,0.0005577327941813953,18515,0.3505365600579487
364,0.35753830266671544,0.35601080613928715,0.0029333985285757945,0.0001,7.6207771364299014e-06,0.00519586892963357,0.0005491676137151584,18254,0.35753830266671544
365,0.35454956726692655,0.35639882356877284,0.002554962880218514,0.0001,5.677728788967513e-06,0.004444470667598835,0.0005581778354621656,18416,0.35454956726692655
366,0.364040090526519,0.35681809730676783,0.002837217182999883,0.0001,6.8682082790687145e-06,0.004841510421001137,0.0005918376039822576,17994,0.364040090526519
367,0.36315591973016104,0.35718436803937886,0.0025498296170895266,0.0001,5.560753727109127e-06,0.004361666904988251,0.0005458052877322969,18069,0.36315591973016104
368,0.3511445906100057,0.35754564383243875,0.0026566756303348462,0.0001,6.305707265682693e-06,0.004747065990053084,0.0005406415160438267,18381,0.3511445906100057
369,0.35847025495308094,0.3579317257750597,0.0027675376016904735,0.0001,6.731077845254017e-06,0.004864308142474759,0.000587333983988863,18150,0.35847025495308094
370,0.3560091972391488,0.3582744547420009,0.0026647818278526217,0.0001,6.1961134143354585e-06,0.004650372011376641,0.0005510020481424206,18326,0.3560091972391488
371,0.36196443748079743,0.35871131202551754,0.002940420106564126,0.0001,7.050930793123999e-06,0.004795866262364118,0.0005443246611763002,18018,0.36196443748079743
372,0.3514710966536446,0.3591172935502086,0.002933273007880409,0.0001,7.125088839659754e-06,0.00485811502749167,0.0005459733633600666,18434,0.3514710966536446
373,0.36432324075107636,0.35961441409572165,0.0031125862360330448,0.0001,7.704953371210813e-06,0.004950836884140878,0.0005834110982617664,17913,0.36432324075107636
374,0.35722909345647424,0.36005604692854176,0.002968499999016051,0.0001,7.488701177163797e-06,0.005045444621624406,0.0005599594050424998,18268,0.35722909345647424
375,0.35672275826982786,0.36043649076066864,0.00267666636758781,0.0001,6.249362958481258e-06,0.004669512072296954,0.0005847790559921772,18242,0.35672275826982786
376,0.35637915929379077,0.36081109751710877,0.002644075880459152,0.0001,5.8331318611517675e-06,0.004412227277031722,0.0005507195146147003,18293,0.35637915929379077
377,0.36558265595186196,0.3611748027216205,0.002699459615629893,0.0001,6.343444531336853e-06,0.004699788427734394,0.0005623170029262829,17964,0.36558265595186196
378,0.3579808197965299,0.36146550193961346,0.002583495661135375,0.0001,5.841076637801225e-06,0.004521839711729364,0.0005496280037273911,18195,0.3579808197965299
379,0.3627601365010855,0.3619083530092323,0.0028860645387627057,0.0001,6.746625553501366e-06,0.004675311631384191,0.0005621455299353924,18096,0.3627601365010855
380,0.3642787689113706,0.3622960982972846,0.0026635043335558697,0.0001,6.221292965738825e-06,0.004671509550302239,0.000566980922680631,17936,0.3642787689113706
381,0.3636645713909084,0.3627254027591027,0.0029507234980816303,0.0001,7.127106906607771e-06,0.004830752126548864,0.0005520965496840622,17824,0.3636645713909084
382,0.36432785924237665,0.3630900416481033,0.002583096228548235,0.0001,5.781675672211413e-06,0.00447654687294469,0.000577113226761303,17845,0.36432785924237665
383,0.36329510878994503,0.36350980233156405,0.0028452517984636876,0.0001,6.622191065611844e-06,0.004654906865668297,0.0005473115152166391,17981,0.36329510878994503
384,0.35930003769540253,0.363892084189078,0.002823202950089539,0.0001,6.8821644998994855e-06,0.004875430226991804,0.0005729315468582432,18066,0.35930003769540253
385,0.3634723164243527,0.36426161173973237,0.002712179428632438,0.0001,6.274110801668233e-06,0.004626619268203672,0.0005633580954611371,17882,0.3634723164243527
386,0.3629187632711707,0.3645621019722407,0.002463692485779498,0.0001,5.343545877189002e-06,0.004337835105665254,0.0005673372402209385,18038,0.3629187632711707
387,0.37731092286915674,0.3649064008031122,0.002868782794895311,0.0001,7.223639731806456e-06,0.0050360311311544,0.0006013191451209772,17403,0.37731092286915674
388,0.36834145050139233,0.3652422273809192,0.002495967344272982,0.0001,5.7409702094063086e-06,0.0046001965711442595,0.0005816555453006203,17836,0.36834145050139233
389,0.37721667676761295,0.36570792500069105,0.0030079916634536373,0.0001,7.4745921855187555e-06,0.004969822407643757,0.0005788843338263381,17458,0.37721667676761295
390,0.3636081697828113,0.3660538867243329,0.0026276569763459805,0.0001,6.111167142506571e-06,0.004651419266303746,0.00055542512336803,17975,0.3636081697828113
391,0.37111591352165024,0.3664247904923281,0.0028751444825466407,0.0001,7.065320521931575e-06,0.004914758590269878,0.0005655513558293778,17702,0.37111591352165024
392,0.37145214540496163,0.36686640550481464,0.002958872031097008,0.0001,6.932200161342511e-06,0.004685704612086507,0.0005762061038629995,17575,0.37145214540496163
393,0.3682782231247294,0.36721336620110334,0.0027406153357757263,0.0001,6.3484363967894436e-06,0.004632854756315176,0.0005749695047330048,17774,0.3682782231247294
394,0.3616525082409056,0.3675704372566488,0.0027293563509181457,0.0001,6.046657893359579e-06,0.004430830654506147,0.0005678493973405549,18050,0.3616525082409056
395,0.3713446161813993,0.3679333276289193,0.0025341421856375033,0.0001,5.4804188489548304e-06,0.004325265472486616,0.0005810113293706061,17565,0.3713446161813993
396,0.37176835202115216,0.3683077803441327,0.0027275047893848712,0.0001,6.25099026772093e-06,0.004583669507785323,0.0005720572600921707,17697,0.37176835202115216
397,0.36715679021583375,0.36868754486733346,0.0027395482410066934,0.0001,6.050925209944352e-06,0.00441746206135128,0.000538312004238892,17719,0.36715679021583375
398,0.3589090374952453,0.3691032978151118,0.0029067477382402505,0.0001,6.6029388010129185e-06,0.004543179797921058,0.0005709525570093173,18164,0.3589090374952453
399,0.36976677310594613,0.3695010859566504,0.0027819505124105815,0.0001,6.411881216336397e-06,0.004609629961232094,0.0005469087648631038,17714,0.36976677310594613
400,0.3714384117620626,0.369850546569964,0.0025829678412524057,0.0001,5.516164886590689e-06,0.004271183557528198,0.0005453584354613028,17600,0.3714384117620626
401,0.3629594847955404,0.37011677825997225,0.0026251709500679237,0.0001,6.239259035551243e-06,0.004753411609548558,0.0005658479652446815,17908,0.3629594847955404
402,0.37179930004078504,0.37042454883241627,0.0024331253444980386,0.0001,4.938772234510094e-06,0.0040596118450518855,0.0005568058772443259,17730,0.37179930004078504
403,0.3781923176383853,0.3707784893817362,0.002705316759610241,0.0001,6.179466685100209e-06,0.004568386798439451,0.0005856898538199944,17402,0.3781923176383853
404,0.37457095972532517,0.3710999523094183,0.0025457411368795045,0.0001,5.444670298852337e-06,0.004277473636244301,0.0005584296487558953,17568,0.37457095972532517
405,0.3718479923480852,0.3715002477802956,0.0026973227203934587,0.0001,5.563201320640929e-06,0.004124980135732089,0.0005735699621198087,17680,0.3718479923480852
406,0.3657615832852426,0.37182631657207577,0.002627252921748048,0.0001,5.821185688346385e-06,0.004431385832828951,0.000554522881759011,17923,0.3657615832852426
407,0.3766797856284913,0.37213412526079565,0.0026106825837362217,0.0001,5.849701431462046e-06,0.004481357839443179,0.0005500355624366923,17494,0.3766797856284913
408,0.37417913536717406,0.37248866933893265,0.0026876608582671884,0.0001,5.866169472505473e-06,0.004365260188584626,0.0005900719603709591,17619,0.37417913536717406
409,0.362902484095762,0.3728445372654404,0.0026864773081799413,0.0001,6.069174888454618e-06,0.004518314649429453,0.0005410330779623339,17996,0.362902484095762
410,0.37813061552814414,0.37316193866407366,0.0025924875994508575,0.0001,5.6549197763711635e-06,0.004362543356094735,0.0005469982431609203,17312,0.37813061552814414
411,0.37078645902604784,0.3734459495194954,0.002605474238316309,0.0001,5.7382930043228655e-06,0.004404797345477516,0.000597984905922773,17651,0.37078645902604784
412,0.37435409721317586,0.37383493079129815,0.002958848454955809,0.0001,6.867078901634192e-06,0.004641723972130066,0.0005666567280520197,17590,0.37435409721317586
413,0.3818445299305443,0.3741738112417037,0.0027441631369139984,0.0001,5.968658464386825e-06,0.004350075536033179,0.0005626522704394532,17231,0.3818445299305443
414,0.37507419518019214,0.37445063634262077,0.0025749469351486016,0.0001,5.6579064594988815e-06,0.004394581016227708,0.0005754285144103039,17460,0.37507419518019214
415,0.3716758825689023,0.374752547404971,0.0026284152518144827,0.0001,5.6476094127099e-06,0.004297349445686838,0.0005812887657834365,17701,0.3716758825689023
416,0.3795534816871112,0.37505966209254243,0.002658547267641136,0.0001,5.847031946505194e-06,0.004398666909310305,0.0005888993251859301,17288,0.3795534816871112
417,0.37483686714002235,0.375348489722952,0.0026697945997043,0.0001,6.113045908501602e-06,0.004579412895043438,0.0005814334183185313,17507,0.37483686714002235
418,0.38465852857598637,0.3756039288785976,0.002596349838265857,0.0001,5.873743343399547e-06,0.004524616256892957,0.000568634396798373,17200,0.38465852857598637
419,0.376536813564884,0.3758256651607878,0.0025995918371797865,0.0001,5.763480632385468e-06,0.004434142737298393,0.0005814696474115413,17329,0.376536813564884
420,0.37928141900858875,0.37610997877715746,0.0026464120383471908,0.0001,5.788986967540753e-06,0.004374970249270971,0.000569247406438491,17419,0.37928141900858875
421,0.3756381062569224,0.3764517344952265,0.002803086701308361,0.0001,6.387497432628985e-06,0.004557474037208749,0.0005863873479364829,17444,0.3756381062569224
422,0.37875900413657,0.3767505962176895,0.0027680346885500073,0.0001,6.417002674750867e-06,0.004636504521633949,0.0006035213615487881,17385,0.37875900413657
423,0.37304436000858665,0.3770598635416866,0.002619143313004485,0.0001,5.652332004675018e-06,0.0043161685552754936,0.000580122257362897,17436,0.37304436000858665
424,0.3731615898582547,0.3773544120412347,0.0026956080396218006,0.0001,6.014277771171776e-06,0.004462279146500537,0.0005998134775682562,17469,0.3731615898582547
425,0.3725290573907495,0.37764906419375566,0.0026528196948694643,0.0001,5.608941901885372e-06,0.004228664249389454,0.000565527567603007,17593,0.3725290573907495
426,0.37117642430175646,0.3779528000732532,0.0025619740890206297,0.0001,5.350373520218169e-06,0.004176758495058367,0.0005792713550483085,17584,0.37117642430175646
427,0.37664142070668505,0.3783178001539013,0.0026950067982849765,0.0001,5.856902529831296e-06,0.004346484419674531,0.000577264353255739,17508,0.37664142070668505
428,0.37342127853284135,0.37858952647091315,0.002771640039827918,0.0001,6.58958348138363e-06,0.0047550067012257155,0.0005967766087216559,17489,0.37342127853284135
429,0.3723892620088299,0.3789315896941444,0.002797897482204038,0.0001,6.265784151082231e-06,0.0044789233279172,0.0005994945400169989,17537,0.3723892620088299
430,0.3788922524523918,0.37920902168059567,0.002498785195491366,0.0001,5.215658095152903e-06,0.004174554983408475,0.0005687665843646711,17350,0.3788922524523918
431,0.37796845817888386,0.379558239316369,0.0027091875030910806,0.0001,5.6028491027394e-06,0.004136184074632532,0.0005846552681406605,17470,0.37796845817888386
432,0.3797819043716465,0.37981499663770635,0.0025526782379820855,0.0001,5.421336661290184e-06,0.004247567578729232,0.0005687036676625524,17320,0.3797819043716465
433,0.3749214729416609,0.38017045017576684,0.0029186948061450876,0.0001,6.436826366528175e-06,0.0044107567211041955,0.0005963095032745078,17494,0.3749214729416609
434,0.3848716858119283,0.38044321087764266,0.002501116783564949,0.0001,5.170753285629239e-06,0.004134755577673701,0.0005886801774131485,17177,0.3848716858119283
435,0.3812214615150715,0.3807259422518262,0.0026700637379103117,0.0001,5.909892117507857e-06,0.0044267798057383845,0.0005392704045326073,17226,0.3812214615150715
436,0.37986798216477863,0.3810545964914795,0.0026246704781486344,0.0001,5.509387723667988e-06,0.004198155745291232,0.0005453412529316027,17169,0.37986798216477863
437,0.39289062074950143,0.3813657572043949,0.0027047345836436094,0.0001,5.847851641956036e-06,0.004324159329584392,0.0005904875845317475,16841,0.39289062074950143
438,0.38027994982301905,0.38168326928620233,0.0026794000231263717,0.0001,5.87688811121727e-06,0.00438671945994836,0.00057394387899184,17230,0.38027994982301905
439,0.3827873093604658,0.38198879893010074,0.002588261531095944,0.0001,5.294277230563341e-06,0.004090990935001528,0.0005791382384916509,17225,0.3827873093604658
440,0.3883877459386116,0.38219309609207075,0.0023616366961253243,0.0001,4.811419972571388e-06,0.004074648721766018,0.0005574723461218154,16894,0.3883877459386116
441,0.386979569854547,0.3823115589499907,0.0020004469775567343,0.0001,4.096579995419325e-06,0.004095664660327788,0.0005540742188248885,17141,0.386979569854547
442,0.3892916063120665,0.3825484440306287,0.0024836179510285003,0.0001,5.182677375218438e-06,0.0041734900273789855,0.0005612363523547787,16879,0.3892916063120665
443,0.3823200624716192,0.3827413020571441,0.002197999531261776,0.0001,4.454261160702312e-06,0.00405301374941178,0.0005880721874893943,17255,0.3823200624716192
444,0.3796537687776185,0.38307118157741055,0.002604168566015632,0.0001,5.321917729489573e-06,0.004087229835226901,0.0006024475426280335,17220,0.3796537687776185
445,0.3845228201740306,0.3833937300931172,0.00256580586964128,0.0001,5.1829041096338216e-06,0.0040399814896038356,0.0005945561742063771,17041,0.3845228201740306
446,0.38234227905482765,0.38366586751000653,0.0024852024800234903,0.0001,4.971823571557292e-06,0.004001141646623739,0.0005524310058906363,17248,0.38234227905482765
447,0.3857229307887046,0.3838924997522505,0.002362227409389961,0.0001,4.741204825969817e-06,0.004014181536564442,0.0005528889088635804,17137,0.3857229307887046
448,0.3820982303457383,0.38414423635254813,0.0026259768675209612,0.0001,5.683660333485429e-06,0.004328796954598504,0.0005897691265315492,17311,0.3820982303457383
449,0.3788954890797181,0.3844372395689353,0.0026515804427299423,0.0001,5.525863294697233e-06,0.004167977109537031,0.0005701135282582938,17394,0.3788954890797181
450,0.37705442725544785,0.38452125531062603,0.002121575221365639,0.0001,4.532044298289294e-06,0.004272339017394875,0.0005707724682977393,17474,0.37705442725544785
451,0.3861915957367413,0.38482118478025146,0.0027040460174449204,0.0001,5.565138832639858e-06,0.004116156897284175,0.0005693662746237036,17170,0.3861915957367413
452,0.3838737257041321,0.3850912879606062,0.002516218350981445,0.0001,4.976187343140551e-06,0.0039552905583091396,0.0005622881210657642,17133,0.3838737257041321
453,0.3803427298058029,0.38543362677052284,0.0027169619008858615,0.0001,5.404728156804189e-06,0.003978508609224138,0.0005675347714661144,17406,0.3803427298058029
454,0.3838403671487643,0.38562990261463936,0.0024268086864105178,0.0001,5.031928482080567e-06,0.004146951105176131,0.0005628012987019735,17208,0.3838403671487643
455,0.37670040676061123,0.38594606119543307,0.0025916341501520945,0.0001,4.903097999856174e-06,0.0037837886953051812,0.000573123356507534,17370,0.37670040676061123
456,0.37503390270276993,0.3862673246073217,0.002690152895765033,0.0001,5.525478706443904e-06,0.004107929118186833,0.0005595849790458679,17492,0.37503390270276993
457,0.38528559289361597,0.3864919761725044,0.0025346673287568846,0.0001,5.2549443605245474e-06,0.004146456855229052,0.0005940705484162417,17262,0.38528559289361597
458,0.38161360135583244,0.38672847509617514,0.0025656412061510966,0.0001,5.3155214112221505e-06,0.0041436202369047135,0.0005582882332311178,17193,0.38161360135583244
459,0.38894606901682927,0.38694692990212165,0.002425693123321823,0.0001,4.822114833214498e-06,0.003975865526312692,0.0005619606435827442,16885,0.38894606901682927
460,0.3794495561669704,0.3871844225360418,0.002236295681988925,0.0001,4.18335300317601e-06,0.0037413236870854254,0.0005656172048764507,17305,0.3794495561669704
461,0.38711567751186754,0.3874796885559614,0.00253086277694244,0.0001,5.018633646267311e-06,0.003965946863646531,0.0005533542025973191,17050,0.38711567751186754
462,0.3804579206025196,0.3876952905973309,0.0024000118689706295,0.0001,4.637365601182552e-06,0.0038644522230396544,0.0005780655490087264,17242,0.3804579206025196
463,0.3842807906229835,0.3879310528859655,0.0025120989089705173,0.0001,5.050879206587753e-06,0.0040212423074198565,0.0005627299369912384,17114,0.3842807906229835
464,0.39663201856190955,0.38817260039302315,0.0023212578377672104,0.0001,4.44295438137932e-06,0.003828057623838068,0.000586268433790934,16589,0.39663201856190955
465,0.39365055557725975,0.3884166570061764,0.002493571223952682,0.0001,4.982590516365599e-06,0.0039963490663542794,0.0005550562766687125,16770,0.39365055557725975
466,0.391713700195495,0.3886919336630587,0.002648655994113778,0.0001,5.565692584499359e-06,0.004202654173941982,0.0005890552887819734,16852,0.391713700195495
467,0.3794104005884402,0.3889908808226563,0.00251443555916781,0.0001,4.948196237766464e-06,0.0039358306238750015,0.0005678158513695141,17308,0.3794104005884402
468,0.3888717754136518,0.38915764776519757,0.0024619742856549776,0.0001,5.050848688165686e-06,0.004103088092832758,0.0005878793767572414,16891,0.3888717754136518
469,0.39295163847312164,0.3894009529081353,0.002537877697915771,0.0001,5.16111810160011e-06,0.004067270937317957,0.000568724604202267,16707,0.39295163847312164
470,0.3900850035003401,0.38970673284384205,0.00275083398863258,0.0001,5.783810034205487e-06,0.004205132013132189,0.0005887804604622693,17042,0.3900850035003401
471,0.38669128299798866,0.39000564654906933,0.002575389779680235,0.0001,5.014278114574834e-06,0.0038939955063403376,0.0005677499578994853,17202,0.38669128299798866
472,0.37969157810587895,0.39015753408355147,0.002272583923896323,0.0001,4.583912813910094e-06,0.00403409772084546,0.0005914662758027752,17306,0.37969157810587895
473,0.39516594769006574,0.3903807242776418,0.0025220470896594547,0.0001,5.138708639834662e-06,0.004075029892109214,0.0005792993516596262,16838,0.39516594769006574
474,0.39677479340168453,0.39067112473938653,0.002556091343866318,0.0001,4.920502043493275e-06,0.003850020505175353,0.0005562287864508971,16687,0.39677479340168453
475,0.39593161242717273,0.39096994080319003,0.002724019987531993,0.0001,5.495788124791744e-06,0.004035057121420771,0.0005993704309177022,16756,0.39593161242717273
476,0.38519836061291607,0.3911112635096965,0.002214290396593703,0.0001,4.494019470941685e-06,0.004059105777503209,0.0005702284323535821,17153,0.38519836061291607
477,0.38771413577452246,0.3913839483822899,0.002627276212118225,0.0001,5.459514808609948e-06,0.004156026521633406,0.0005929646395073514,16968,0.38771413577452246
478,0.3958855083352533,0.39167974002838035,0.002538139208027556,0.0001,4.753839317316004e-06,0.0037459248115948043,0.000585617622800458,16740,0.3958855083352533
479,0.37823618311919194,0.39192264378532293,0.0026079228200537995,0.0001,5.35713927161407e-06,0.004108357218564894,0.000585832492988913,17341,0.37823618311919194
480,0.3897973828241189,0.39218817801949335,0.0025260099051509243,0.0001,4.845268285965963e-06,0.003836301889462677,0.0005804339917370667,16862,0.3897973828241189
481,0.39053655618986854,0.3924271824554746,0.0024047468952863704,0.0001,4.841436293151698e-06,0.0040265662075635224,0.0005781349599185883,16863,0.39053655618986854
482,0.3858311228260345,0.39272303876374537,0.0028683678782940696,0.0001,6.006711915042379e-06,0.004188243746903767,0.00059638838493144,16995,0.3858311228260345
483,0.3988271971890669,0.39303285750742417,0.002728129022585971,0.0001,5.423662139237855e-06,0.0039761038384444215,0.000564526137208289,16511,0.3988271971890669
484,0.3931582196222001,0.3932272558848634,0.0022720806212713825,0.0001,4.37545109066329e-06,0.003851492812094783,0.0005663104492174748,16768,0.3931582196222001
485,0.39569826474560094,0.3934328223300688,0.002309187154245761,0.0001,4.260846521476049e-06,0.003690343170012783,0.0005647899431513414,16720,0.39569826474560094
486,0.3855973512469538,0.3937042844089098,0.002434639537096066,0.0001,4.500167130495819e-06,0.0036967830858965064,0.0005504604985284681,17141,0.3855973512469538
487,0.39415135635826737,0.39394872757081406,0.0024058385938173217,0.0001,4.581459627112075e-06,0.003808617617894902,0.0005571960366349501,16744,0.39415135635826737
488,0.3980931099684885,0.3942361846594349,0.002460553557209938,0.0001,4.5447059049115e-06,0.003694051602001964,0.0005704177965599887,16630,0.3980931099684885
489,0.39590560208084263,0.3945271314589332,0.0027338767900677683,0.0001,5.340517812989034e-06,0.003906919165041561,0.000567385708663033,16620,0.39590560208084263
490,0.39038330562030177,0.3947169278050465,0.002571190675923645,0.0001,5.270627582503149e-06,0.004099756297233606,0.0006069334749084465,16874,0.39038330562030177
491,0.3907416936228608,0.3949670123406532,0.00271993667069987,0.0001,5.650123342449573e-06,0.004154599188514,0.0005764661322510967,16924,0.3907416936228608
492,0.3932967614372922,0.39524282271558964,0.0027641712002885763,0.0001,5.5664186877781475e-06,0.004027549876213905,0.000571613343102156,16875,0.3932967614372922
493,0.3916222408088251,0.3954916675626675,0.002516102834447914,0.0001,4.928047404918472e-06,0.003917206671721579,0.000562676087740193,16816,0.3916222408088251
494,0.3995081568196185,0.3957564864838799,0.0025434349578015657,0.0001,4.960904097078374e-06,0.003900948268294906,0.0005680373117234524,16568,0.3995081568196185
495,0.393546926881631,0.3960501442240424,0.002678951651360875,0.0001,5.2727070723205145e-06,0.003936395843233708,0.0005776972007674917,16789,0.393546926881631
496,0.4008887198222955,0.3962529255936387,0.0024347151452937528,0.0001,4.732827989573337e-06,0.003887787857829514,0.0005716626921581567,16470,0.4008887198222955
497,0.3988327974813221,0.3964521192352851,0.0023880940678464545,0.0001,4.621982418665329e-06,0.003870854570509745,0.0005874429175220647,16596,0.3988327974813221
498,0.39959141180293534,0.3966873530671147,0.0025882772553929055,0.0001,5.130714859360537e-06,0.003964579025427231,0.0005649482483370799,16546,0.39959141180293534
499,0.3915304126258369,0.39686302636475235,0.002399147207875776,0.0001,4.752982898739359e-06,0.003962226980600901,0.0005708329014433907,16845,0.3915304126258369
500,0.39459074721341963,0.39705414605778455,0.002478424154767129,0.0001,4.951297793114158e-06,0.003995520930983969,0.0005627628894726002,16726,0.39459074721341963
501,0.4035588629442468,0.39731793668377086,0.0026014338317708135,0.0001,5.022409917247654e-06,0.0038612628588972145,0.0005904646861144254,16503,0.4035588629442468
502,0.39437657051442104,0.397507698583506,0.0023570916769316452,0.0001,4.497500167547644e-06,0.003816143607449571,0.0005866090106805715,16784,0.39437657051442104
503,0.3980863707892297,0.3977580843029084,0.0025568064114077226,0.0001,5.137530842513823e-06,0.004018709292648566,0.0005518934258417892,16602,0.3980863707892297
504,0.39480564437606325,0.39790893634409563,0.0023626667595997445,0.0001,4.6663484556770426e-06,0.003950069079117667,0.0005845221654233735,16709,0.39480564437606325
505,0.3958319507812844,0.3980856186413212,0.0023345588103266747,0.0001,4.451847983444042e-06,0.0038138666404562284,0.0005859933869931974,16646,0.3958319507812844
506,0.39259298376415286,0.39820353315871704,0.002139582260677773,0.0001,4.22028756117568e-06,0.0039449640602636,0.0005858164048702268,16782,0.39259298376415286
507,0.403790567316385,0.3984993060191465,0.002740731248849503,0.0001,5.402399149637408e-06,0.003942304924574572,0.0005935168876423757,16299,0.403790567316385
508,0.3979592951979933,0.3987002226390455,0.002412085727527825,0.0001,4.676209822468498e-06,0.003877316439545621,0.0005714284313223432,16580,0.3979592951979933
509,0.39208454587351554,0.39893284717742095,0.002434884682635559,0.0001,4.3755035687151305e-06,0.0035940129731146147,0.0005852286145828973,16807,0.39208454587351554
510,0.3940893412134104,0.3992208900302623,0.0026751003253332206,0.0001,5.294368690397729e-06,0.003958258043827379,0.0005699354811968206,16694,0.3940893412134104
511,0.40604797530060993,0.39937112009002507,0.0023043755788636545,0.0001,4.529089941684852e-06,0.003930860909329946,0.0005712469200890653,16286,0.40604797530060993
512,0.3949789718367611,0.399499553623049,0.002254741151516762,0.0001,4.598126326289401e-06,0.0040786290019998485,0.0005681672671653032,16751,0.3949789718367611
513,0.3946802898812599,0.3997038355371839,0.0025051413020926163,0.0001,4.771820819404842e-06,0.0038096220883179753,0.0005707490943525584,16705,0.3946802898812599
514,0.4017246220466211,0.39988215968565893,0.0023161015495976405,0.0001,4.298169056202394e-06,0.0037115549246526623,0.0005907822835140161,16497,0.4017246220466211
515,0.39812190694563415,0.40013029439525755,0.0026081900331189553,0.0001,5.118689771921347e-06,0.003925089588506905,0.0005860364722274656,16621,0.39812190694563415
516,0.39962377746051103,0.4002071805175296,0.0020413590644724282,0.0001,3.955948102230794e-06,0.0038757984041902747,0.0005845331123045095,16482,0.39962377746051103
517,0.39713913491276476,0.40031612375589354,0.002308244855507738,0.0001,4.578871052012379e-06,0.003967404966666916,0.0005817328214084322,16632,0.39713913491276476
518,0.40047781390919734,0.4005751902759416,0.0024800085390908784,0.0001,4.4655642063612875e-06,0.0036012490569877417,0.0005739588868270777,16355,0.40047781390919734
519,0.3955852511237323,0.4008048239434118,0.002442128094461716,0.0001,4.34627195240033e-06,0.0035594135805217192,0.0005783675157710165,16692,0.3955852511237323
520,0.4089879123592172,0.4010118368913843,0.0024058919950991726,0.0001,4.410443119705666e-06,0.003666368339634352,0.0005414490923883968,16161,0.4089879123592172
521,0.3967346303781114,0.40121068216882405,0.0025458099456493314,0.0001,4.897297850597432e-06,0.0038473397112511734,0.0006195244324941723,16497,0.3967346303781114
522,0.40668895876715877,0.40141439298879933,0.0024583666793340513,0.0001,4.734974996138405e-06,0.003852130795574455,0.0005930529071915248,16212,0.40668895876715877
523,0.40473402599819325,0.4016383898395285,0.0026336730723451906,0.0001,5.274466780944365e-06,0.004005407380535384,0.000561415431756898,16300,0.40473402599819325
524,0.40198270310068,0.4018440696558144,0.002270420585028547,0.0001,3.971077880031929e-06,0.003498098903980822,0.0005880504812798577,16361,0.40198270310068
525,0.3977748152602649,0.40199300913586156,0.0022396103839159133,0.0001,4.0698914212984155e-06,0.003634463789350977,0.0005588916958288292,16600,0.3977748152602649
526,0.4073402138139889,0.40223024586382466,0.0024892310065099893,0.0001,4.499497691377196e-06,0.00361517085365708,0.0005551164443120197,16250,0.4073402138139889
527,0.40715419833956124,0.4024658397120012,0.002427583665227678,0.0001,4.4559227810031505e-06,0.0036710765893090136,0.0005819750206733278,16261,0.40715419833956124
528,0.40536514097581755,0.40267469618688423,0.002752758400676609,0.0001,5.8681537011517956e-06,0.004263471650624656,0.0005707569822523672,16253,0.40536514097581755
529,0.39822518687284914,0.4029051581077992,0.0023779932078898704,0.0001,4.144231074990042e-06,0.003485486048690152,0.0005762814447327809,16703,0.39822518687284914
530,0.401810447255919,0.4031111435367529,0.002381217631552601,0.0001,4.2516976355296305e-06,0.0035710281825499833,0.0006019562792651306,16380,0.401810447255919
531,0.3979826825938565,0.4032726002328513,0.0025027943220447928,0.0001,5.119490308071376e-06,0.0040910195959600335,0.0006164221204028727,16610,0.3979826825938565
532,0.40162768081477485,0.4034525761538224,0.0025717595684296964,0.0001,5.22623159636416e-06,0.004064323633142168,0.0005946843629819525,16402,0.40162768081477485
533,0.4019050741005336,0.40362264568572515,0.002381225404671167,0.0001,4.501359584450088e-06,0.0037807085172364835,0.0005989798771455993,16497,0.4019050741005336
534,0.3988353129751139,0.40382989828208005,0.0025103996424847338,0.0001,4.727792866053133e-06,0.0037665659172685956,0.0005764026069546532,16542,0.3988353129751139
535,0.40541629622493114,0.4039438005993684,0.002262878668247097,0.0001,4.451480229106828e-06,0.003934351665929217,0.0006013327021313396,16315,0.40541629622493114
536,0.40326470401505154,0.40413459697527204,0.002459193970823888,0.0001,4.603261099466412e-06,0.0037437153425715426,0.0005916221102245139,16386,0.40326470401505154
537,0.4035526236405509,0.4042560692496694,0.0020954775711628545,0.0001,3.993983463520445e-06,0.0038120030664933755,0.0005634261558871105,16306,0.4035526236405509
538,0.400246203083102,0.40441502182848765,0.002425769681178529,0.0001,4.615528070603482e-06,0.0038054132726740054,0.00057398298341193,16536,0.400246203083102
539,0.4023152463338375,0.40454951140874207,0.0021876498964639095,0.0001,3.927841239530213e-06,0.0035909230685212718,0.0005475136650730527,16400,0.4023152463338375
540,0.4040038281877433,0.4047654965844157,0.002585346118514306,0.0001,4.998365925760372e-06,0.003866689949145169,0.000562990574343496,16428,0.4040038281877433
541,0.40801457488468357,0.40490048133100826,0.0022521695158035163,0.0001,4.077995316568695e-06,0.0036213928729194895,0.0005795732517441674,16106,0.40801457488468357
542,0.40469516391052396,0.4050976468864177,0.002519859044538986,0.0001,4.748472343558592e-06,0.003768839653034907,0.000578097558369229,16281,0.40469516391052396
543,0.4062864913084236,0.4051991730876767,0.0023977444142338064,0.0001,4.8513710360924835e-06,0.004046612313883944,0.0005786678978613861,16179,0.4062864913084236
544,0.40577878224184705,0.4054450402568519,0.0027121824668449824,0.0001,5.403674939157322e-06,0.003984742918453631,0.000587491178218492,16406,0.40577878224184705
545,0.41025135248004874,0.4057140226256445,0.0027687864211169934,0.0001,5.113702515940358e-06,0.003693822302030338,0.0006408524971965985,16101,0.41025135248004874
546,0.402365638422139,0.4058629399569921,0.0023201733617389093,0.0001,4.19806833062582e-06,0.0036187540119670004,0.0005968317052117481,16428,0.402365638422139
547,0.40731745758930415,0.40598783632106583,0.0022485389158236713,0.0001,4.036593437873537e-06,0.0035904145660693417,0.0005958807961226186,16281,0.40731745758930415
548,0.40667330094841836,0.40613840964479564,0.0022305581920969704,0.0001,4.060149585770489e-06,0.0036404785135450797,0.0005561801488166956,16210,0.40667330094841836
549,0.40462507733420605,0.4063139352269096,0.002438685323880982,0.0001,4.5722057380974294e-06,0.003749729982235766,0.0005678437312049429,16296,0.40462507733420605
550,0.40431245659947557,0.4064865617464708,0.0023713262523193538,0.0001,4.463265409663853e-06,0.0037643621625648594,0.0005685211244928458,16326,0.40431245659947557
551,0.4125796018856712,0.40674836557616795,0.002437752153140134,0.0001,4.03951479694678e-06,0.0033141308411877507,0.00059208827033936,16109,0.4125796018856712
552,0.4018711816846713,0.4069567114525653,0.002601140157079679,0.0001,4.931508248584634e-06,0.0037918050937487953,0.0005777262414408295,16453,0.4018711816846713
553,0.4066864151158315,0.40718454870087206,0.002638266561807827,0.0001,5.052176703816154e-06,0.0038299213407414273,0.000566261380831997,16161,0.4066864151158315
554,0.41115818398553594,0.4073724772229226,0.0023914828585261004,0.0001,4.208244276262564e-06,0.003519359765644447,0.0005872419852917413,16132,0.41115818398553594
555,0.41751819955171976,0.4075520918897079,0.002280893234772825,0.0001,4.009840072062018e-06,0.003516026099714742,0.0005752842774763918,15945,0.41751819955171976
556,0.4041412353190685,0.407729480890873,0.0023476197403785844,0.0001,4.314633382827702e-06,0.003675751492984047,0.0006172199692488259,16339,0.4041412353190685
557,0.41233931001337487,0.40789363930084505,0.0024282830184778133,0.0001,4.553572331834166e-06,0.003750446135960383,0.0006003202038609943,16031,0.41233931001337487
558,0.4075533563374734,0.4081501551083815,0.0027997796871491515,0.0001,5.306819786358452e-06,0.00379088384040822,0.0006117653437350912,16192,0.4075533563374734
559,0.40701267594563695,0.4083041621581033,0.002565377143674805,0.0001,5.026256727693911e-06,0.003918532399874734,0.000560251545963497,16292,0.40701267594563695
560,0.40635615759123583,0.4084312107200491,0.0021177292733635484,0.0001,3.758514242026927e-06,0.003549570088396947,0.0005671771679506462,16297,0.40635615759123583
561,0.4091806218238937,0.408641623019545,0.0025383251417371174,0.0001,4.589098135933934e-06,0.0036158473636622905,0.000589924501824219,16179,0.4091806218238937
562,0.40222686551380377,0.4088359671855788,0.0025581351168374677,0.0001,4.903145462678607e-06,0.0038333748912686002,0.0005811957297763562,16412,0.40222686551380377
563,0.4039812642648578,0.40905869278989543,0.0024674616142890673,0.0001,4.445022375963414e-06,0.003602911064733323,0.0005854332953200028,16385,0.4039812642648578
564,0.4079754566215952,0.40925962553115514,0.002533460332689215,0.0001,4.650496244777953e-06,0.003671260358627008,0.0005632106135274429,16190,0.4079754566215952
565,0.40521859931036786,0.4094738611388686,0.002460316181908572,0.0001,4.594299114517268e-06,0.0037347225111150333,0.0006133593691536024,16322,0.40521859931036786
566,0.41228820237277825,0.4095462686054155,0.002013229131879561,0.0001,3.84589796720137e-06,0.0038206261833801493,0.0006071769085099592,16007,0.41228820237277825
567,0.41609148496016085,0.40976353995901627,0.0024327437474067726,0.0001,4.249167069696065e-06,0.0034933124988815968,0.0005747533192933378,15971,0.41609148496016085
568,0.40620801401374773,0.40996331097109806,0.0025082980415614847,0.0001,4.590257817879802e-06,0.0036600577298399823,0.0005597145816200475,16210,0.40620801401374773
569,0.40910643962948634,0.4101736270807283,0.0024442241402312403,0.0001,4.194544414489578e-06,0.0034322093014699908,0.0005753268634274077,16238,0.40910643962948634
570,0.41330660924664775,0.41023780200492777,0.0018909959100043235,0.0001,3.370391165133882e-06,0.0035646731410711252,0.0005995385612929222,15977,0.41330660924664775
571,0.40557635317077667,0.4104263065209932,0.0023679295740975945,0.0001,4.063961796511384e-06,0.003432502250883147,0.0005927573979080672,16336,0.40557635317077667
572,0.42430092776303635,0.41056078403473034,0.0022864926059257733,0.0001,4.106611272283012e-06,0.0035920617120214077,0.000594793281190772,15586,0.42430092776303635
573,0.40550175520107756,0.41073607288473324,0.0022373478463180215,0.0001,3.808006578624091e-06,0.0034040362430820797,0.0005731936905792971,16252,0.40550175520107756
574,0.41343585432780355,0.41084510096728427,0.0022617598367145973,0.0001,4.052402797144463e-06,0.003583406806826078,0.0005713150528138206,15988,0.41343585432780355
575,0.4100217231749747,0.4109882386575733,0.0022889765314357963,0.0001,4.073895404770147e-06,0.003559578133564114,0.0005726200816793863,16070,0.4100217231749747
576,0.4110129903478436,0.41116632982619306,0.0022373486351622814,0.0001,3.879305554454347e-06,0.0034677702826345336,0.0005743698872744025,16068,0.4110129903478436
577,0.4127810877367639,0.4113420960437668,0.0025101776567323137,0.0001,4.628044340589449e-06,0.003687423739253676,0.0005779094833678065,15946,0.4127810877367639
578,0.4100826194332075,0.411516405351418,0.0024286169952469202,0.0001,4.3725967162659715e-06,0.0036008944389532326,0.0005755113048999264,16220,0.4100826194332075
579,0.4179601472409851,0.4116852053802169,0.002427307963757134,0.0001,4.414697890607324e-06,0.0036375259806538827,0.0006053288658924393,15838,0.4179601472409851
580,0.41036157355026076,0.4118890591039251,0.002361901903689119,0.0001,3.968027573223663e-06,0.003360027414369658,0.000599800959170839,16147,0.41036157355026076
581,0.4113882755695619,0.4119228823550345,0.002046546175228008,0.0001,3.5086905875838583e-06,0.003428889736331457,0.0005361763516149153,16101,0.4113882755695619
582,0.4043026680584288,0.41206459807691564,0.002186859509908949,0.0001,3.6094367309335313e-06,0.0033010229642816075,0.0005681153251547975,16327,0.4043026680584288
583,0.41178116331070835,0.4121924264251806,0.0022063094524528526,0.0001,3.7917137243720324e-06,0.0034371549468336054,0.0005425427158909211,16057,0.41178116331070835
584,0.40961775416218876,0.4123675396413897,0.0025561621041195024,0.0001,4.7988369967629815e-06,0.0037547203982323286,0.0006191012363990164,16014,0.40961775416218876
585,0.4038699122781019,0.412563180025193,0.0027154868225260425,0.0001,5.260029539655137e-06,0.003874096899326559,0.0006003585881003696,16391,0.4038699122781019
586,0.41531084555707576,0.41269426209536597,0.0023741803160564068,0.0001,4.307350854169803e-06,0.0036284951273831277,0.0005830850099294903,15998,0.41531084555707576
587,0.4045207623335338,0.41285984928632147,0.0025202351360053324,0.0001,4.744087926897312e-06,0.0037647978628032853,0.0005696325657066816,16208,0.4045207623335338
588,0.4170763754228846,0.4130581640111821,0.002353750684414757,0.0001,3.967983019524747e-06,0.0033716255895737384,0.0005901737211062511,15866,0.4170763754228846
589,0.40825130676317717,0.41319445734607685,0.002330204614843347,0.0001,4.151095730896475e-06,0.0035628594196870905,0.0005842104251197719,16203,0.40825130676317717
590,0.41439661038633374,0.4134286100760718,0.002620521645796708,0.0001,4.657561224778173e-06,0.0035546825054842473,0.0005790900690828583,15969,0.41439661038633374
591,0.4146873218234653,0.41355806368018666,0.0022826699851764684,0.0001,4.024242811287807e-06,0.0035259085521963454,0.0005991415028793275,15931,0.4146873218234653
592,0.41997799283201886,0.4137062184464213,0.002353742006080845,0.0001,4.228584489985271e-06,0.003593073904498291,0.0005856919341558837,15763,0.41997799283201886
593,0.414187556779532,0.41385088495657857,0.002347395149539683,0.0001,4.1787904733663945e-06,0.003560363898839821,0.0005809997470594099,15907,0.414187556779532
594,0.4195509892409617,0.4139400604415012,0.0021514559993716445,0.0001,3.874838610618147e-06,0.003602061684505594,0.0005770811723340454,15787,0.4195509892409617
595,0.4201254570274041,0.4141047319461728,0.002249890906897657,0.0001,3.7341920957881743e-06,0.003319442808840184,0.0005822510545815914,15669,0.4201254570274041
596,0.41391572512209746,0.414210397015411,0.0023796263465045053,0.0001,4.516570972006605e-06,0.0037960337585277726,0.000569320455230715,15978,0.41391572512209746
597,0.4154454334291781,0.4143463613737577,0.0022717348079283046,0.0001,3.942460500998593e-06,0.0034708809208183035,0.0005749555908006569,15952,0.4154454334291781
598,0.4131256951991702,0.41451503372245524,0.002529354767928678,0.0001,4.59324038747738e-06,0.003631946333284709,0.0005808922555245793,15956,0.4131256951991702
599,0.42233098867717167,0.41460162178094656,0.002088882484713721,0.0001,3.824240005587884e-06,0.003661517613914018,0.0005592156020736547,15637,0.42233098867717167
600,0.40840098116244405,0.41475354871944003,0.00218742645941462,0.0001,3.5849952007864624e-06,0.003277820093431481,0.000592207492199626,16151,0.40840098116244405
601,0.41754485907107414,0.41494453564722994,0.0025149600270441886,0.0001,4.297636692095269e-06,0.0034176580509283436,0.0005900094419679601,15776,0.41754485907107414
602,0.4211648529766161,0.4151081163702225,0.0023729445376773966,0.0001,4.21875600458381e-06,0.0035557139558879593,0.0005898842191380108,15712,0.4211648529766161
603,0.40929317813656085,0.41531726286172815,0.0025619647423488915,0.0001,4.638376395864064e-06,0.003620952559722935,0.0005945749329443062,16210,0.40929317813656085
604,0.420269542662736,0.4154179735133342,0.0021625071293963957,0.0001,3.781233281869591e-06,0.0034970828354448195,0.0005716550545268453,15739,0.420269542662736
605,0.41834912475884556,0.4155624149483561,0.0025520594469961317,0.0001,4.669724484819394e-06,0.003659573440043359,0.0005991990907259035,15741,0.41834912475884556
606,0.4108315394389762,0.41569324475731684,0.002214133329330279,0.0001,3.6212240281568e-06,0.003271008100720051,0.0005703106798681315,16014,0.4108315394389762
607,0.413947959189614,0.4158853916915648,0.0023326503868965768,0.0001,3.684793253739642e-06,0.0031593189227486366,0.0005588223475743707,15892,0.413947959189614
608,0.4204041641197516,0.4159579431203327,0.0018673600570173342,0.0001,3.0885466258268517e-06,0.003307928338962196,0.0005848360659300032,15736,0.4204041641197516
609,0.42145835866362724,0.4160262505834551,0.0020682373023726336,0.0001,3.421557705523631e-06,0.003308670336424645,0.0005572560524105987,15627,0.42145835866362724
610,0.4119469518127186,0.41615543462510973,0.0021746223531584853,0.0001,3.517252499396899e-06,0.003234816835473375,0.000568344459139755,16066,0.4119469518127186
611,0.4165910341272944,0.4163022564765648,0.002405000718473802,0.0001,4.257429051569231e-06,0.0035404804820773346,0.0005540629349487102,15819,0.4165910341272944
612,0.41335058802918806,0.4164587723320634,0.0022654598960599823,0.0001,3.6282266201456785e-06,0.003203081746408999,0.0006105061087279253,15931,0.41335058802918806
613,0.428082308767821,0.4166293142295413,0.002357825111724211,0.0001,3.895064004459428e-06,0.003303946492970445,0.0006015577907290861,15463,0.428082308767821
614,0.4067354223453582,0.41672987010384055,0.00231544600058118,0.0001,4.1599779087160705e-06,0.003593241135981499,0.000560402752929692,16119,0.4067354223453582
615,0.4193783560159219,0.4169076958763901,0.0023972559882731344,0.0001,3.977551001151813e-06,0.0033184199106054135,0.0005611488681035875,15816,0.4193783560159219
616,0.41448174530208376,0.41708738573529563,0.0023406494047710493,0.0001,3.7788771992614095e-06,0.0032289134729522125,0.0005753223600840257,15941,0.41448174530208376
617,0.4216461878790192,0.41721622601859454,0.00242715553481792,0.0001,4.198968261443956e-06,0.003459991089329966,0.0005841527575927976,15664,0.4216461878790192
618,0.4153034706013512,0.4173821229193903,0.0023862248341056827,0.0001,4.132900417614983e-06,0.0034639656402402044,0.0005634206372841534,15827,0.4153034706013512
619,0.42125253797770434,0.4175487987269012,0.002359221171251084,0.0001,3.9921871973028834e-06,0.003384326358164923,0.0005783278909475022,15771,0.42125253797770434
620,0.4146545248904683,0.41771867417877184,0.0023598956925169464,0.0001,4.036387626904379e-06,0.003420818674065522,0.0005606270236329916,15896,0.4146545248904683
621,0.40542101024991084,0.4178367555425754,0.002222647112851242,0.0001,3.6678226361777086e-06,0.0033004093317112997,0.0005569235289876343,16247,0.40542101024991084
622,0.41527723548945883,0.41792612493076264,0.002071231327524603,0.0001,3.6800795312143354e-06,0.0035535186073228416,0.0005751245869361089,15841,0.41527723548945883
623,0.4263896933293976,0.41803577649118284,0.002130229348783874,0.0001,3.3186803048375184e-06,0.003115796246758236,0.0005395503886394773,15525,0.4263896933293976
624,0.4204335980268277,0.41818290369781563,0.0022754023908936644,0.0001,3.8623576917437724e-06,0.003394878819852898,0.0005436272205112369,15738,0.4204335980268277
625,0.4172384213197815,0.41829677513217417,0.002195740031061123,0.0001,3.7727302898442106e-06,0.0034364088976607896,0.0005651381124097111,15992,0.4172384213197815
626,0.41662063300543584,0.41850240470612377,0.0025201011595731844,0.0001,4.1054599084957215e-06,0.0032581707229491054,0.0005526159148622283,15812,0.41662063300543584
627,0.4227367548165341,0.41862589510038173,0.002352973161336722,0.0001,4.343536164947673e-06,0.0036919555533562595,0.0005685754707313384,15625,0.4227367548165341
628,0.4181517222419807,0.4187501421721236,0.002188420487383349,0.0001,3.6543588694025387e-06,0.003339722773087345,0.0005710416869173767,15769,0.4181517222419807
629,0.4116880803581999,0.41888493295133267,0.0023807496104088464,0.0001,4.027851775427734e-06,0.0033836836581365914,0.0005674187839201522,16000,0.4116880803581999
630,0.424239216141228,0.41894420602427407,0.00181499354247102,0.0001,3.015018868982761e-06,0.003322346662322521,0.0006031184916072806,15539,0.424239216141228
631,0.41801182123650416,0.4191354753846268,0.00240824458535096,0.0001,3.8909570213659965e-06,0.003231363662174668,0.0006145367746523398,15841,0.41801182123650416
632,0.42138882679356454,0.4192826927080823,0.0023203453495591053,0.0001,3.826051735114664e-06,0.003297829554416684,0.0005891598142914771,15701,0.42138882679356454
633,0.4137257987072382,0.41945253690415574,0.0023354295004524603,0.0001,3.7935582136211863e-06,0.0032487028299387605,0.000592809585150958,16033,0.4137257987072382
634,0.4137860124808552,0.41962762644278284,0.0024991451662993796,0.0001,4.357536289171301e-06,0.003487221429096686,0.0005754963372850923,16154,0.4137860124808552
635,0.4292788354712322,0.419789589429025,0.002213008359223254,0.0001,3.5622290187908437e-06,0.003219354327284289,0.0005736701549360425,15366,0.4292788354712322
636,0.4108325300377146,0.4199380192102211,0.002451890760887053,0.0001,4.3974143306121555e-06,0.00358695778846301,0.0005953187377857346,15954,0.4108325300377146
637,0.41851904142553575,0.42006314730139616,0.002367921174542044,0.0001,4.102979336349767e-06,0.0034654695269941017,0.0005839872193557357,15803,0.41851904142553575
638,0.4125941148409705,0.4201905370097692,0.0023806630264315847,0.0001,4.155285658435704e-06,0.0034908641939671164,0.0005909056730900876,15945,0.4125941148409705
639,0.4269026648270942,0.4202882243644551,0.0021877039275421148,0.0001,3.487612467543015e-06,0.0031883770227183776,0.0005873514359627369,15450,0.4269026648270942
640,0.41264588176865025,0.4204468401826452,0.0022148485263862702,0.0001,3.5699737062510477e-06,0.003223673008533716,0.0005952105606202227,16054,0.41264588176865025
641,0.4215066447474284,0.4205494257108067,0.002112856159546137,0.0001,3.455861836626623e-06,0.003271270333299903,0.0005807932023826569,15688,0.4215066447474284
642,0.42562253176042136,0.4206684294097658,0.0021531099723741155,0.0001,3.4033571284763288e-06,0.0031613407323766514,0.0005868839996853573,15536,0.42562253176042136
643,0.4242335079285189,0.4208199226582727,0.0023269055789748396,0.0001,3.87435060866689e-06,0.00333004539906927,0.0005855284241383004,15522,0.4242335079285189
644,0.42950586041402194,0.42095896528745935,0.002183814451138852,0.0001,3.3711301152413153e-06,0.003087377788422714,0.0005847810609742925,15374,0.42950586041402194
645,0.4191901145356468,0.4210227582400778,0.001885729122839693,0.0001,2.9710231426614225e-06,0.0031510603582209093,0.000573369426285731,15624,0.4191901145356468
646,0.41682017078489225,0.42115863164753076,0.0022527209261684715,0.0001,3.786548749255619e-06,0.003361755737490263,0.000598392083490632,15900,0.41682017078489225
647,0.42158107757622454,0.42122305938546756,0.0022197775116111758,0.0001,4.083756609654104e-06,0.0036794287610292984,0.0005652106593747631,15687,0.42158107757622454
648,0.4142145813235455,0.4213738176122875,0.00237780270151955,0.0001,3.936209822127408e-06,0.0033107959879193913,0.0006127626417228036,15934,0.4142145813235455
649,0.42595365914475525,0.4214564484472579,0.0020041226797649497,0.0001,3.446358095531529e-06,0.003439268594012148,0.0005693662941807985,15499,0.42595365914475525
650,0.420035851122981,0.42144130264499446,0.0016882876179388458,0.0001,2.639451003649348e-06,0.003126778844556988,0.0005779495352049789,15666,0.420035851122981
651,0.4167511483696564,0.42154405862035754,0.002061642753877978,0.0001,3.25234955977351e-06,0.0031551048828957363,0.0005711471647265185,15821,0.4167511483696564
652,0.4282609327816666,0.4216973822983212,0.002543433558252727,0.0001,4.464578460768457e-06,0.0035106704055878754,0.0005988375281690662,15358,0.4282609327816666
653,0.4223390844252308,0.4218714705251333,0.0025351685420790257,0.0001,4.387635715359154e-06,0.0034614153990416507,0.0006054077171095,15554,0.4223390844252308
654,0.42096444577381004,0.42200601718530806,0.002512023942685289,0.0001,4.399239615869422e-06,0.003502545928098718,0.0005632504485805405,15531,0.42096444577381004
655,0.41945755291693987,0.42210107854385537,0.002214016852722773,0.0001,3.812871481191003e-06,0.0034443021303130336,0.0005644025608018421,15833,0.41945755291693987
656,0.42780031120739104,0.4222016462995448,0.002244368742341663,0.0001,3.6336632626532606e-06,0.0032380269731096646,0.0005968294817941664,15472,0.42780031120739104
657,0.42935623535642436,0.42233530018346366,0.00234080590000834,0.0001,3.83097356011456e-06,0.0032732090773531543,0.000573648167975284,15389,0.42935623535642436
658,0.41320276757411106,0.4224552718593203,0.002257166368713557,0.0001,3.631438595057385e-06,0.003217696883484115,0.0005966119749909696,15966,0.41320276757411106
659,0.42969189664732627,0.4225441314136551,0.002188159197515013,0.0001,3.6846445770443427e-06,0.003367803020208782,0.000604125093494047,15491,0.42969189664732627
660,0.41895125617354406,0.42259381272958696,0.002178635442459181,0.0001,3.803802960992445e-06,0.003491913228675672,0.0005695041837588883,15801,0.41895125617354406
661,0.41746982308833974,0.42272859583812383,0.0025233717064948435,0.0001,4.5060431387070135e-06,0.0035714461940815306,0.0006018127944979721,15909,0.41746982308833974
662,0.4287730584639416,0.4227979008999614,0.001820328383594022,0.0001,2.938973207089594e-06,0.003229058266165075,0.0005558114252945015,15419,0.4287730584639416
663,0.41823917606741107,0.42293293794125913,0.00231191152862148,0.0001,3.7861838074986403e-06,0.0032753708441051136,0.0005682935647233006,15703,0.41823917606741107
664,0.4227094749478712,0.4231293155112965,0.002541802479058058,0.0001,4.0314470911978354e-06,0.003172116735594507,0.0006003784254819807,15626,0.4227094749478712
665,0.42660088839789284,0.42329728840898534,0.0024320253331097555,0.0001,4.069587150214586e-06,0.003346665098270938,0.00057580606679525,15366,0.42660088839789284
666,0.4186262140537434,0.4233822166523038,0.001960698461231192,0.0001,3.1471666804863616e-06,0.003210250574185838,0.0005798633368536506,15725,0.4186262140537434
667,0.41976112301564844,0.4235589655106589,0.00246624366475921,0.0001,4.069840467246275e-06,0.003300436631952692,0.0005667648431781461,15713,0.41976112301564844
668,0.42574006371874296,0.4236709457492638,0.0020244049814957367,0.0001,2.9952134395185352e-06,0.0029591049882771127,0.0005796841051661564,15467,0.42574006371874296
669,0.4204357147460786,0.4237429078358603,0.0021171237341261985,0.0001,3.621691408451754e-06,0.00342133182871953,0.0005763469671201839,15684,0.4204357147460786
670,0.4186114634874568,0.42384974309778317,0.0020841502768226667,0.0001,3.2852268854854006e-06,0.0031525815791880432,0.0005557469596211601,15852,0.4186114634874568
671,0.42055440325385807,0.4239759850322037,0.0022932423046738933,0.0001,3.8636523195552e-06,0.0033695979807110902,0.0005760287407072832,15692,0.42055440325385807
672,0.42285459706535605,0.42399481492437685,0.0017124835900517545,0.0001,2.7087298348325783e-06,0.0031635104132597437,0.0005751603207667052,15593,0.42285459706535605
673,0.4321462329523612,0.4241921738007154,0.002527175397704357,0.0001,4.05930603758972e-06,0.0032125241811685286,0.0005491804631981376,15278,0.4321462329523612
674,0.42397549776541715,0.4243342838622335,0.0023046219392234683,0.0001,3.5868612636178526e-06,0.00311275459334248,0.0005778685728611355,15552,0.42397549776541715
675,0.42002655950519396,0.42444608339048484,0.0023077925530063798,0.0001,3.799306657485611e-06,0.0032925894076018436,0.0005996507117803046,15722,0.42002655950519396
676,0.42514946021002675,0.4245917926895558,0.002303826657020348,0.0001,3.538508515666113e-06,0.0030718530883244825,0.0005739223132819499,15594,0.42514946021002675
677,0.4196918455805738,0.4246748659002745,0.0021626381725291127,0.0001,3.6870949195892907e-06,0.0034098121141340905,0.0005964771195037137,15827,0.4196918455805738
678,0.4280273635442077,0.42487789402556897,0.0026166498928979535,0.0001,4.208580876757995e-06,0.003216770335367235,0.0005762084935745877,15345,0.4280273635442077
679,0.4243829421751864,0.42497903987501023,0.0021880197797294484,0.0001,3.592046876558824e-06,0.00328337696929137,0.0005660428656747267,15424,0.4243829421751864
680,0.4269826056334727,0.42514494276170345,0.0023562230973154727,0.0001,3.60166984845917e-06,0.003057155201103561,0.0005874392621998817,15481,0.4269826056334727
681,0.43441428588866426,0.42523403831891815,0.002030454483999644,0.0001,3.168983110620756e-06,0.003121452005541545,0.0005468350499800244,15201,0.43441428588866426
682,0.4244001085971797,0.4252700277271322,0.001995614351313415,0.0001,3.5555886180944644e-06,0.003563402533915784,0.0005805420277566094,15626,0.4244001085971797
683,0.4236163865525804,0.4254039315797482,0.002231634281252329,0.0001,3.665377120387705e-06,0.0032849263440520382,0.000610209244106175,15585,0.4236163865525804
684,0.42075396237020846,0.4255383320500904,0.0021369198419547712,0.0001,3.1927417495163747e-06,0.0029881717477954423,0.000566015575441927,15639,0.42075396237020846
685,0.4255611303047654,0.4257069829691174,0.0023879152483263144,0.0001,3.7548206917066104e-06,0.0031448525606914716,0.0005791908566326661,15513,0.4255611303047654
686,0.42516396388947963,0.4258338604616845,0.002364009253920577,0.0001,3.7994588933353713e-06,0.00321441964496051,0.000583685039071184,15490,0.42516396388947963
687,0.4233531015916018,0.4259629791438577,0.0024090201371745057,0.0001,4.2131606079033645e-06,0.0034978209960875636,0.0005828893785086754,15519,0.4233531015916018
688,0.4328875016385288,0.426105454651154,0.002280289857069669,0.0001,3.6223856382874635e-06,0.003177127352522174,0.00057592616016003,15259,0.4328875016385288
689,0.4297199631967412,0.4262016991671226,0.0019266508819373825,0.0001,2.83136222923686e-06,0.0029391544215729704,0.000577786880859292,15340,0.4297199631967412
690,0.4243171534697558,0.4262616556035308,0.0020668732732737737,0.0001,3.4751455916447503e-06,0.0033627079478756603,0.0005847930359361308,15453,0.4243171534697558
691,0.4331064019270803,0.4263761510523935,0.0020721530988729374,0.0001,2.901620499833149e-06,0.0028005850546577527,0.0005709475858275533,15200,0.4331064019270803
692,0.4183885248554639,0.42641854270475366,0.0018805764487861202,0.0001,3.1773625307416973e-06,0.0033791367883955264,0.0005878554319369502,15741,0.4183885248554639
693,0.4215955303453886,0.42653921600513767,0.0022511755457709317,0.0001,3.5535629159387116e-06,0.003157073132403601,0.0005836145267340931,15709,0.4215955303453886
694,0.423767333754115,0.4266861549534717,0.0022727201960804663,0.0001,3.4031845609535785e-06,0.0029948117386581164,0.0006256543976596225,15567,0.423767333754115
695,0.4326461210358345,0.42683030381918285,0.0023215959774841215,0.0001,3.5692026374694466e-06,0.003074783616171956,0.0005768440397241747,15251,0.4326461210358345
696,0.4198938345823263,0.4269493542285887,0.0020266893173396137,0.0001,3.107768869595069e-06,0.0030668428979282944,0.0005711498828361909,15696,0.4198938345823263
697,0.4294043244924183,0.42695550502989515,0.0018638752193480246,0.0001,3.1333734871753036e-06,0.0033622137948390606,0.0005618812275343427,15368,0.4294043244924183
698,0.4253892753554783,0.427095448208201,0.002532171266653472,0.0001,4.278108747595496e-06,0.003379004259257283,0.0005930482545387807,15406,0.4253892753554783
699,0.4247193478529887,0.42719878240562176,0.0021721538023594445,0.0001,3.566420387606299e-06,0.003283764145736245,0.0005772005669603297,15552,0.4247193478529887
700,0.4255492044825533,0.4273252618035381,0.002263860341312926,0.0001,3.4502796567777127e-06,0.0030481382564232933,0.0005993483725544005,15522,0.4255492044825533
701,0.41990949727106675,0.4274914628547547,0.0024990878115906884,0.0001,4.142154560932958e-06,0.0033149331861984034,0.0006011229206658809,15656,0.41990949727106675
702,0.42664968492928823,0.4275894603169882,0.0023293004643174446,0.0001,4.075743135585201e-06,0.0034995426292326916,0.0005922537137400546,15383,0.42664968492928823
703,0.4323229161523705,0.4276741357137603,0.0021438009814707696,0.0001,3.4259181601255243e-06,0.0031961158612541993,0.0006011970972075653,15311,0.4323229161523705
704,0.43491032701423077,0.4277911941283895,0.0021287322562298255,0.0001,3.1431095884790675e-06,0.002953034210178968,0.0005239567556983044,15156,0.43491032701423077
705,0.4262999751450022,0.42788582337858205,0.002151385941651979,0.0001,3.4371927642305542e-06,0.003195328832158535,0.000582236168858693,15484,0.4262999751450022
706,0.41910860250037957,0.4279703165906122,0.002217544312375025,0.0001,3.73074923822391e-06,0.0033647573285498127,0.0005750510744565202,15722,0.41910860250037957
707,0.4339115599030802,0.4281075233990823,0.002342435012470022,0.0001,3.536902885550817e-06,0.0030198514509235134,0.0005533916871864582,15315,0.4339115599030802
708,0.4248362229409773,0.42819942127768973,0.0022078348368356126,0.0001,3.622981164054035e-06,0.003281931332550841,0.0005631558687052445,15563,0.4248362229409773
709,0.42412602364135,0.42830377188010704,0.002172826656882569,0.0001,3.354597376453621e-06,0.00308777266315996,0.0005882605029707962,15439,0.42412602364135
710,0.4215104126219543,0.4284138315674121,0.0021752237521484794,0.0001,3.3489230706500057e-06,0.00307915272379888,0.0005732447776382432,15589,0.4215104126219543
711,0.43050818710257904,0.4285044758124965,0.0022014115901050416,0.0001,3.652890960941488e-06,0.003318680593270783,0.0005855694172755752,15338,0.43050818710257904
712,0.42973714638154814,0.4286493390297052,0.002176119656329728,0.0001,3.178001297617665e-06,0.002920796462982852,0.0005858531966096165,15367,0.42973714638154814
713,0.42865049809054717,0.4287695861633323,0.002266233340529173,0.0001,3.4824171674565453e-06,0.0030733085646364993,0.0005545405856719227,15419,0.42865049809054717
714,0.4347091460452635,0.42892778992460645,0.0023050028059743003,0.0001,3.4426979039534523e-06,0.0029871528963265276,0.0005652833386622484,15135,0.4347091460452635
715,0.42695023862007353,0.4290215946692253,0.0021374184097260433,0.0001,3.36598497454944e-06,0.0031495798475702887,0.0006000920403848931,15566,0.42695023862007353
716,0.4227017912111338,0.4291505932346331,0.002245028455769994,0.0001,3.508140732212379e-06,0.0031252527986414015,0.0005859222311225939,15703,0.4227017912111338
717,0.43087090483429014,0.4291952214978383,0.0021239793469106875,0.0001,3.5931901417436825e-06,0.00338345111214942,0.000568762814977116,15304,0.43087090483429014
718,0.43201747852339245,0.42932125223180273,0.0021491585628657913,0.0001,3.3335106181700593e-06,0.0031021541879394854,0.0005806204374046416,15240,0.43201747852339245
719,0.43262013029592866,0.429294537178292,0.001949935641139831,0.0001,3.492689905551913e-06,0.0035823642912750373,0.0005962422122358473,15216,0.43262013029592866
720,0.4278541203500351,0.42940116502293024,0.0022290885409908235,0.0001,3.3732112692432127e-06,0.003026538611825469,0.0005720638851594471,15427,0.4278541203500351
721,0.4309517255690535,0.4294228656254744,0.0018544359434585775,0.0001,3.213137869291797e-06,0.0034653533120148653,0.0006063117908458988,15291,0.4309517255690535
722,0.42658382381172966,0.4294630939040599,0.0021070753340198755,0.0001,3.462146303343685e-06,0.0032862102720728134,0.0005787106799584225,15368,0.42658382381172966
723,0.4307391883868873,0.42969386779232566,0.0001,0.007988881868986305,2.2544720132460167e-06,0.0030587157123104893,0.0005644023907771421,15269,0.4307391883868873
724,0.43408554637535474,0.4297854396384173,0.0019757186709269676,0.0001,2.911331326376665e-06,0.0029471112149896585,0.0005787427817397649,15164,0.43408554637535474
725,0.4242595937329453,0.42997071790158725,0.0024663148779669616,0.0001,3.840152792181351e-06,0.003114081520155996,0.0006041054230166902,15515,0.4242595937329453
726,0.43089964824050103,0.43008969557799276,0.0022420129794125596,0.0001,3.355128562197493e-06,0.0029929608731137547,0.0005712230860056687,15282,0.43089964824050103
727,0.42821735371403247,0.4302266175778572,0.0022939540308690256,0.0001,3.4399441603470777e-06,0.0029991395765188136,0.0005590970407593568,15380,0.42821735371403247
728,0.43148840507671404,0.4303549829947828,0.002310814373052118,0.0001,3.6772744458757083e-06,0.0031826653743881415,0.0005495775134420294,15259,0.43148840507671404
729,0.42545279305763173,0.4303671430068755,0.0017334123826319304,0.0001,2.7966579838565523e-06,0.0032267659004607324,0.0005828603344442903,15500,0.42545279305763173
730,0.4311880995553104,0.43046891293032696,0.002185129235335682,0.0001,3.3424451487367804e-06,0.003059265415231434,0.0005252644754363825,15302,0.4311880995553104
731,0.4299706134863993,0.43056542254229413,0.0021403097192068976,0.0001,3.221755233257249e-06,0.0030105504865446174,0.0005819011602352113,15401,0.4299706134863993
732,0.43311772749738586,0.4305862625907112,0.0017582468064090962,0.0001,2.6326874730339914e-06,0.0029946734024340793,0.0005775855760901536,15171,0.43311772749738586
733,0.42735156373033345,0.430654751535562,0.0018552374084527552,0.0001,2.8115978915420134e-06,0.00303098447533661,0.000574626723886695,15454,0.42735156373033345
734,0.43518901304167784,0.4307742368273568,0.0021671987537435653,0.0001,3.0298422347914946e-06,0.002796090787296569,0.0005755306595620691,15216,0.43518901304167784
735,0.42611764982659195,0.43090466190581433,0.0024349505688633305,0.0001,3.946239563057424e-06,0.0032413303280317387,0.0005668472205544064,15480,0.42611764982659195
736,0.43238239743506657,0.4309496034071967,0.0019445207985406112,0.0001,3.2554420071867507e-06,0.0033483231546096123,0.0005880781843822453,15346,0.43238239743506657
737,0.4297133270133388,0.4311090694856135,0.002568338793865054,0.0001,4.421901988545726e-06,0.003443394616869275,0.0006007406061009662,15376,0.4297133270133388
738,0.43026411790232705,0.431156959833488,0.0020580149893297765,0.0001,3.1351295293351232e-06,0.0030467509183265233,0.0005983999170324042,15252,0.43026411790232705
739,0.42935042915377164,0.4312639868157385,0.0022416653913070904,0.0001,3.367573772632995e-06,0.0030045284953695963,0.0005480793545794918,15360,0.42935042915377164
740,0.42374587921844253,0.43132846579758893,0.00207724745133067,0.0001,3.4089815693568807e-06,0.0032822103762102208,0.0005770244009100421,15461,0.42374587921844253
741,0.4316144512324557,0.43137785006439455,0.0017639857226950677,0.0001,2.7366056476306245e-06,0.003102752604425347,0.0005215701598604914,15209,0.4316144512324557
742,0.43219992038602595,0.43146464710285526,0.0022342770292622534,0.0001,3.56499356454144e-06,0.0031911831145832277,0.0005487735521090842,15322,0.43219992038602595
743,0.4313702719657372,0.4314428840824454,0.0019300785335027702,0.0001,3.137420473274761e-06,0.0032510806361654796,0.0005668609552145693,15224,0.4313702719657372
744,0.4293620286549262,0.4316257194856079,0.0026669513807197997,0.0001,4.230442266580088e-06,0.0031724929799344962,0.0005759817410390166,15289,0.4293620286549262
745,0.43123947835558923,0.43172533734628676,0.002288027579896853,0.0001,3.507417309216209e-06,0.003065887264675653,0.0005873366825384302,15301,0.43123947835558923
746,0.43803008352832,0.4317766326555067,0.002157287331402756,0.0001,3.265124408447889e-06,0.003027064926325574,0.000572841541193081,15010,0.43803008352832
747,0.43324365100596623,0.43188951956374944,0.0022496974471729538,0.0001,3.3372192434418908e-06,0.002966816046873818,0.000561731473680291,15129,0.43324365100596623
748,0.43072454837930874,0.4320504486364625,0.0025391165968588984,0.0001,4.223293445175181e-06,0.003326584884207169,0.0005908141795563419,15367,0.43072454837930874
749,0.43132116922334984,0.43206640057731427,0.0016636590425170624,0.0001,2.521329108889752e-06,0.0030310647127251055,0.0005749719050766104,15409,0.43132116922334984
750,0.42505717037797885,0.4320805438725078,0.0017790017995204777,0.0001,2.8913269963013754e-06,0.0032505048584894297,0.0005975988124098195,15556,0.42505717037797885
751,0.43418422574880144,0.43222993505013707,0.0023472406447772555,0.0001,3.4912708736143907e-06,0.002974787337108079,0.0005657616792812637,15127,0.43418422574880144
752,0.4367600787600808,0.43225267859145017,0.0016070188771397092,0.0001,2.307792408497247e-06,0.0028721410075839638,0.000561479741434095,15118,0.4367600787600808
753,0.4296258592188026,0.43237389461706344,0.0022307194012360617,0.0001,3.180804584342644e-06,0.0028518195364061758,0.0005789796665110539,15386,0.4296258592188026
754,0.43321096076881277,0.43248715253951536,0.0021513302503016925,0.0001,3.2315071590696457e-06,0.003004194412844309,0.0005421309836433454,15062,0.43321096076881277
755,0.4317247778522922,0.43252342607857064,0.0018565567579845316,0.0001,2.9267435117068543e-06,0.0031528726489182175,0.0005697130124668018,15314,0.4317247778522922
756,0.4339267415409952,0.4326337888431787,0.002221420423605087,0.0001,3.246487980092104e-06,0.0029228937895722246,0.000573105392296402,15311,0.4339267415409952
757,0.43851587721442453,0.4327325713300182,0.0020195069201794725,0.0001,2.9099249002078322e-06,0.0028818172110539036,0.0005822947926545628,14999,0.43851587721442453
758,0.433992980447981,0.4327792453383117,0.0020788137929274816,0.0001,3.501260152940602e-06,0.0033685173389291063,0.000592627252608364,15235,0.433992980447981
759,0.42274376073536607,0.43281552239798515,0.001695025091805177,0.0001,2.3301652926578312e-06,0.002749416871671485,0.0005411014714943133,15484,0.42274376073536607
760,0.43124494103940925,0.43289722241467876,0.0023399072172616132,0.0001,3.935289986131856e-06,0.003363629085034675,0.0005687412245417327,15249,0.43124494103940925
761,0.4282346114267468,0.43295328819653417,0.0018201490767947696,0.0001,2.737268342585418e-06,0.003007740824620442,0.0005365994270380955,15373,0.4282346114267468
762,0.42973869525869124,0.43291004463956917,0.001724415850755587,0.0001,2.863356893138932e-06,0.0033209586792933917,0.0005939054013595626,15357,0.42973869525869124
763,0.42814574949266004,0.43303111620234547,0.002402145216803734,0.0001,4.039373417416894e-06,0.003363138405755199,0.0005685484352804496,15346,0.42814574949266004
764,0.43340687753588464,0.43308197405818727,0.0019000315188168768,0.0001,3.065487070256608e-06,0.0032267749665178644,0.0005466715107655105,15234,0.43340687753588464
765,0.43638022776171476,0.4332123451902913,0.0022888362523454425,0.0001,3.420643833945176e-06,0.0029889808241545758,0.0006041439360245731,15104,0.43638022776171476
766,0.42988369307560603,0.433252906877708,0.0019318837267217324,0.0001,2.9506803864100726e-06,0.0030547184031796413,0.0005782671674052883,15435,0.42988369307560603
767,0.43602227258753284,0.43338090021439657,0.002164802544056151,0.0001,3.047431308615766e-06,0.0028154358160590947,0.0005694695991036796,15119,0.43602227258753284
768,0.4364225472863689,0.4334517660078435,0.00211398741463012,0.0001,3.1699946890746006e-06,0.002999066756155923,0.0005677151979436813,15099,0.4364225472863689
769,0.430788433947492,0.43350083802841477,0.0017773152471167511,0.0001,2.4359507144725315e-06,0.0027411577303736645,0.0005605139961988858,15244,0.430788433947492
770,0.4349885648285827,0.43357105313195443,0.0019448613875766034,0.0001,2.9201462147691063e-06,0.0030029350507161413,0.0005538841478255876,15164,0.4349885648285827
771,0.42998642144113425,0.4336741412714008,0.0020904738969348903,0.0001,2.9556705891652513e-06,0.0028277517298818562,0.0005534292172171407,15201,0.42998642144113425
772,0.43153762662788536,0.43375793734133267,0.002148025556690821,0.0001,3.2552100899037446e-06,0.003030885810240188,0.0005518408704060463,15316,0.43153762662788536
773,0.4243970934436881,0.4338814830910058,0.0021821846441967834,0.0001,3.173457590587923e-06,0.002908514271720582,0.0005522706288222899,15624,0.4243970934436881
774,0.43936647338043444,0.4340297044530573,0.002391793466392146,0.0001,3.766281418514678e-06,0.0031493366558909886,0.0005950130973181999,15020,0.43936647338043444
775,0.4309701250304301,0.43414549659011925,0.0020964671710335995,0.0001,3.032395193399192e-06,0.002892862082742905,0.0005852398998419934,15253,0.4309701250304301
776,0.432358267747099,0.43429643429173126,0.0023577856268881805,0.0001,3.3432279050960196e-06,0.002835904899045832,0.0005651416606743259,15281,0.432358267747099
777,0.4221913742069925,0.4344017860055402,0.0022376416525280566,0.0001,3.267851241729669e-06,0.0029207994390323356,0.0005632680398767169,15542,0.4221913742069925
778,0.44029109012423984,0.43453228535923805,0.0022667925726943755,0.0001,3.36377466751882e-06,0.002967871615637543,0.0005660862970969235,14998,0.44029109012423984
779,0.43093901728828743,0.4347008501404753,0.002407241634592329,0.0001,3.5312908594224487e-06,0.002933889817023275,0.0005573519260673803,15353,0.43093901728828743
780,0.43182865993995817,0.4349490231346553,0.0001,0.008685397372340219,2.598142963840402e-06,0.002945326708854946,0.0005982784327437977,15149,0.43182865993995817
781,0.4390009489436898,0.4351888601713181,0.0001,0.008385422259513262,2.3835034282251594e-06,0.0027902420711358386,0.0005684873950196308,15050,0.4390009489436898
782,0.43478678314286123,0.435292953105454,0.0021554290455166746,0.0001,3.2839617818112737e-06,0.003047153687236389,0.0005289404380287537,15207,0.43478678314286123
783,0.43466092678778034,0.4352836834421543,0.0016337996581981624,0.0001,2.534883201621708e-06,0.003103052677116246,0.00054000048782482,15142,0.43466092678778034
784,0.4319575844674104,0.4354140001806748,0.0023227060669943917,0.0001,3.507287915440389e-06,0.003020001510547445,0.0005695965812912066,15319,0.4319575844674104
785,0.4357901582436458,0.43548693998471766,0.002149212798433937,0.0001,3.238578174357239e-06,0.0030137343093406916,0.0006094885204858006,15033,0.4357901582436458
786,0.44188344725409956,0.43548340284505416,0.0016274294749772926,0.0001,2.4274256154893814e-06,0.0029831407785252894,0.0005521362457373741,14904,0.44188344725409956
787,0.4297318979210971,0.43558879278759655,0.002391644596476649,0.0001,3.748315377846804e-06,0.003134508683580153,0.0005319620402615347,15373,0.4297318979210971
788,0.43706240169755306,0.4357282540760514,0.0023606370958554833,0.0001,3.4587468192212972e-06,0.0029303503069520844,0.0005833000793387536,15085,0.43706240169755306
789,0.4334599184820259,0.4357875850577262,0.0020233395062126468,0.0001,3.084879491433174e-06,0.0030492949719620236,0.0005484287046035477,15175,0.4334599184820259
790,0.44017920958631584,0.4359172123674527,0.002220477449672221,0.0001,3.159826696132793e-06,0.0028460786184513927,0.0005406673998623367,14983,0.44017920958631584
791,0.4445411732648306,0.4360058216319429,0.002151958066795839,0.0001,3.0632866922128407e-06,0.0028469761929645083,0.0005525558991145581,14836,0.4445411732648306
792,0.4388706185599932,0.4360923006483599,0.0019442636172441036,0.0001,2.6879788585764187e-06,0.0027650353941061695,0.0005436568828676295,15059,0.4388706185599932
793,0.4317694724608332,0.4361424829977695,0.002113192855078703,0.0001,3.303945901205461e-06,0.0031269705396409836,0.0005670054263006359,15265,0.4317694724608332
794,0.4402481413216409,0.4362691140794975,0.0023273410129674476,0.0001,3.469271390238168e-06,0.002981317624626669,0.0005462212878424055,14956,0.4402481413216409
795,0.43502512885158845,0.43635684666360514,0.002107196724968978,0.0001,3.1625003693734e-06,0.0030016185312929976,0.0005701925674187339,15117,0.43502512885158845
796,0.44095120444429475,0.43633847527377273,0.0016086468251607384,0.0001,2.356177964157048e-06,0.0029293912464864553,0.000518009085395336,14844,0.44095120444429475
797,0.4350945761632309,0.4364084658707121,0.001988659929372815,0.0001,2.8430484550990946e-06,0.002859260563464702,0.0005822452052266686,15086,0.4350945761632309
798,0.4334105414206164,0.43643896767501983,0.0015932939412354543,0.0001,2.1530809687704914e-06,0.002702678913221716,0.0005329414743365734,15145,0.4334105414206164
799,0.4343198607860413,0.43655306093947666,0.002149780125062933,0.0001,3.135448141615945e-06,0.002916994259144672,0.0005688834612423105,15179,0.4343198607860413
800,0.4469055902690116,0.43669282732859527,0.002157635432071955,0.0001,2.7730225596452288e-06,0.002570427346924243,0.0005262377473730104,14715,0.4469055902690116
801,0.43530002986168403,0.4367266638616761,0.0018969047557421995,0.0001,2.802818828044789e-06,0.0029551497718167024,0.0005555028469437527,15175,0.43530002986168403
802,0.4305312597462794,0.4368355785484349,0.0020436695166713304,0.0001,2.826872745785965e-06,0.0027664675944183894,0.0005324727494337984,15403,0.4305312597462794
803,0.4405519352518474,0.436932641335956,0.002086124721013651,0.0001,2.947856101488298e-06,0.002826155187937114,0.0005547435119331668,15006,0.4405519352518474
804,0.4393479467761521,0.4370301797959777,0.0023049001405116643,0.0001,3.5163961681900183e-06,0.0030512351545168587,0.0005474250584396068,15038,0.4393479467761521
805,0.4450059758914296,0.43710264555264045,0.002167863824680064,0.0001,3.3240306376698327e-06,0.0030666415480782297,0.0005487430325393625,14820,0.4450059758914296
806,0.43739317949090284,0.4370870589585267,0.0019008371828161505,0.0001,2.629533079607238e-06,0.0027667104824954047,0.000543903696598245,15044,0.43739317949090284
807,0.4360358589709513,0.4371646097469458,0.0019496016403590445,0.0001,2.7073620501538507e-06,0.0027773489661767573,0.000534109437442671,14987,0.4360358589709513
808,0.44248952510390294,0.4372475897178596,0.002037672880970753,0.0001,2.8315511205575944e-06,0.0027792008687956187,0.0005406845350670002,14856,0.44248952510390294
809,0.43595981306551124,0.43724022333436424,0.0016450243327006053,0.0001,2.350877502127081e-06,0.0028581674512591433,0.0005426028214823321,15026,0.43595981306551124
810,0.44326123635267284,0.4373194490181558,0.001942406431803658,0.0001,2.7588996187705718e-06,0.002840702721735475,0.0005549945077944264,14851,0.44326123635267284
811,0.4355220087823776,0.4373416092617493,0.0020831750793984037,0.0001,3.2691162466640463e-06,0.0031385900100227076,0.0005850535380195258,15213,0.4355220087823776
812,0.43313754589027365,0.43734974932177834,0.0018053292321029044,0.0001,2.7349248694559694e-06,0.003029835024905948,0.0005527155895439256,15229,0.43313754589027365
813,0.4407450924146358,0.43733698190785264,0.0017911269152383884,0.0001,2.939956936298453e-06,0.003282801359620194,0.0005711903521427677,15015,0.4407450924146358
814,0.443150005125981,0.43733220962975194,0.0019868702277058407,0.0001,3.2813495329610744e-06,0.003303033572303227,0.0005519743470872323,14892,0.443150005125981
815,0.43083546235371484,0.4374531460275844,0.0022715087062664483,0.0001,3.458320267366245e-06,0.003044954446201962,0.0005591339961294328,15212,0.43083546235371484
816,0.43287552879306224,0.43755917416145107,0.0022212430842639087,0.0001,3.4239564234114854e-06,0.0030829191524944155,0.0005630055338664738,15243,0.43287552879306224
817,0.44101761628304675,0.4376671992757667,0.0022224028301602397,0.0001,3.1805572232882915e-06,0.0028622688741437273,0.0005369970458119044,14926,0.44101761628304675
818,0.4354320766281153,0.4377680554188751,0.0022676008820469436,0.0001,3.5479633934898873e-06,0.0031292661963397824,0.0005786776427110377,15120,0.4354320766281153
819,0.4356458271450269,0.4378749384366345,0.002293565998870407,0.0001,3.3177989834389287e-06,0.0028931358287251916,0.0005664420936002332,15159,0.4356458271450269
820,0.4407108600971768,0.43796234516623817,0.0022085811441727994,0.0001,3.2933836983181892e-06,0.0029823524546585697,0.000550552696474776,14869,0.4407108600971768
821,0.43736672930240983,0.4380372334020073,0.002128162546145315,0.0001,3.2080830674061975e-06,0.003014885374443709,0.0005703836318849973,15011,0.43736672930240983
822,0.4444527127273443,0.43812872517612905,0.0021689164400421515,0.0001,3.2434423413993298e-06,0.0029908412159357274,0.0005563950186367485,14864,0.4444527127273443
823,0.43659204291671516,0.43823625890354523,0.0022046118325958035,0.0001,3.295111114926966e-06,0.0029892891494165325,0.000537825451099964,15088,0.43659204291671516
824,0.4365875862375551,0.438472536913893,0.0001,0.008543846759063257,2.413801296852116e-06,0.0028564270524105723,0.0005650385277080423,15092,0.4365875862375551
825,0.4364866851246233,0.4385190431962239,0.0020838581338698168,0.0001,3.0592531146715824e-06,0.002936143363070896,0.0005557460287424712,15069,0.4364866851246233
826,0.44059064699233447,0.4385409578842398,0.0018602858826894015,0.0001,2.665703585904573e-06,0.0028659074507954496,0.0005449911136036808,15010,0.44059064699233447
827,0.44437574539194635,0.4386684636055055,0.0023472596037279825,0.0001,3.3221435789465905e-06,0.0028306571404971732,0.0005696562077827539,14858,0.44437574539194635
828,0.44555076031024055,0.43889986042465146,0.0001,0.00835885985259038,2.257376844582624e-06,0.002754047892580147,0.0005401159690177291,14832,0.44555076031024055
829,0.4459847712206523,0.4389866526071807,0.002147191947243728,0.0001,2.992534160067188e-06,0.002787393240654236,0.0005328427112024627,14773,0.4459847712206523
830,0.4400491847802492,0.43905365627221327,0.002054937070240995,0.0001,3.0085927372616566e-06,0.002928160458859035,0.0005469558659054605,14899,0.4400491847802492
831,0.44186041944700744,0.4390962795628851,0.0020754824042993783,0.0001,3.035205874334423e-06,0.0029248196641387756,0.0005414580627914956,14833,0.44186041944700744
832,0.4410830068752624,0.43919155167541435,0.002062443731542237,0.0001,2.959491043023868e-06,0.002869887791615865,0.0005631459097287851,14843,0.4410830068752624
833,0.43226627514249133,0.43920271369385916,0.0018300458986320162,0.0001,2.583299840943063e-06,0.0028232077051992127,0.0005396907541500685,15236,0.43226627514249133
834,0.4388925924247747,0.43919806647731263,0.0019163885362757835,0.0001,3.075645511775193e-06,0.003209835013678649,0.0005744118881816446,14932,0.4388925924247747
835,0.43766592923998343,0.43917168026270936,0.002103278756514735,0.0001,3.201449436577231e-06,0.003044246442998582,0.0005210631708094917,14868,0.43766592923998343
836,0.4362538293501393,0.4392697466397758,0.0023300845076979597,0.0001,3.549181684400018e-06,0.0030463973926048568,0.0005637494429146261,15108,0.4362538293501393
837,0.44232343809278574,0.43932163311931693,0.0022052482218756853,0.0001,3.5167482639065836e-06,0.0031894353016780987,0.0005642704231687414,14797,0.44232343809278574
838,0.43435426339530425,0.4393685755767816,0.0022474005189444452,0.0001,3.5634774498980977e-06,0.003171199276550657,0.0005419354186098878,15175,0.43435426339530425
839,0.4336054043203432,0.439448735476442,0.002059599326887419,0.0001,2.9299480816124454e-06,0.002845163176510011,0.0005325195178537187,15171,0.4336054043203432
840,0.4446193544582646,0.43951042836993465,0.0019140933701509756,0.0001,2.5453269866519734e-06,0.0026595640801485125,0.0005404909837087155,14733,0.4446193544582646
841,0.44340399469608016,0.43949942890514804,0.0017445007235791447,0.0001,2.680492993271144e-06,0.0030730775367884627,0.0005420977618406464,14909,0.44340399469608016
842,0.4384141894217391,0.4394564278455315,0.0020350811803039196,0.0001,3.258173245513444e-06,0.003202008133185986,0.0005316975009385494,15064,0.4384141894217391
843,0.43506918798917066,0.43954929424749384,0.0022179462437042627,0.0001,3.1496408872393707e-06,0.0028401417718574226,0.0005571234159151688,15103,0.43506918798917066
844,0.4335826672926608,0.4395689529635327,0.0017870048899668305,0.0001,2.5878990610282e-06,0.0028963536424080356,0.0005683186162695646,15163,0.4335826672926608
845,0.437706721274996,0.4396215700372615,0.002024072996577288,0.0001,2.9186878198951763e-06,0.002883974861411306,0.0005366290319309921,14928,0.437706721274996
846,0.4350650340763262,0.43969536912818663,0.00215234437148201,0.0001,3.178015376751569e-06,0.0029530733267960517,0.000529212586013712,15092,0.4350650340763262
847,0.44955195831844047,0.43973996260396486,0.0019312839449594796,0.0001,2.6464568816864196e-06,0.002740619149859857,0.0005523853813643811,14628,0.44955195831844047
848,0.43710018633001,0.43998652984312103,0.0001,0.00900830335850196,2.577684782375336e-06,0.0027421726540688184,0.0005722908476306006,14993,0.43710018633001
849,0.4331261515389291,0.440057639723675,0.0022533812832564166,0.0001,3.5327340295897054e-06,0.003135496026206862,0.0005380161080588658,15264,0.4331261515389291
850,0.44226758667028254,0.44019373858019795,0.002319511080308411,0.0001,3.1156377488899208e-06,0.002686460759200731,0.0005237912055896866,14781,0.44226758667028254
851,0.44422154661216684,0.4402284773390682,0.0025828309987956308,0.0001,4.666424517160876e-06,0.003613418391940332,0.0005560883679368925,14796,0.44422154661216684
852,0.44626000281339095,0.44031068961427416,0.002035711584736892,0.0001,2.744636654644024e-06,0.0026964887120773124,0.0005391697218758912,14680,0.44626000281339095
853,0.4342354997419251,0.4404266172426947,0.002406459721243435,0.0001,3.550134369842257e-06,0.0029505038779605065,0.0005642531032738799,15129,0.4342354997419251
854,0.4389469270496237,0.4406684853389219,0.0001,0.008941008701780223,2.4912012982413716e-06,0.00298646320011081,0.0005572528517381613,14888,0.4389469270496237
855,0.4406561832538587,0.4405931445255227,0.0016547048414339023,0.0001,2.5284490943543298e-06,0.003056072637296782,0.0005170355800955379,14990,0.4406561832538587
856,0.44199279289312843,0.44060038324771683,0.001771556067730741,0.0001,2.8206814543872823e-06,0.0031844111578138287,0.0005559126952133517,14867,0.44199279289312843
857,0.43889233206207273,0.44063213894668296,0.0018073904072254655,0.0001,2.9538023063682913e-06,0.0032685824762151844,0.0005478798752533365,15030,0.43889233206207273
858,0.4437188523026978,0.4407381785401179,0.0021509547939434263,0.0001,3.2688622209616805e-06,0.0030394522750231785,0.000527080880118053,14826,0.4437188523026978
859,0.438212882110686,0.4407608602266072,0.0020241303147495743,0.0001,2.993226130702145e-06,0.0029575429100497106,0.0005480939174532745,14992,0.438212882110686
860,0.4395737123907194,0.44083275114475806,0.0022067240038465856,0.0001,3.162719606952689e-06,0.002866438758485147,0.0005163166343602114,14847,0.4395737123907194
861,0.4383644673771312,0.4408883198551822,0.002038128053853865,0.0001,2.994580244918278e-06,0.002938559468092176,0.0005336576545529538,14884,0.4383644673771312
862,0.437659937453743,0.44112243062030826,0.0001,0.008973758393213125,2.4581853670513768e-06,0.0029514051913983874,0.0005478608314015916,14930,0.437659937453743
863,0.4389997368606502,0.44118901356437723,0.0020007863329185006,0.0001,2.678530921438004e-06,0.0026774782268038514,0.000541394300035029,14976,0.4389997368606502
864,0.43982794821908244,0.4412715133149321,0.0022541290370446465,0.0001,3.257904346481522e-06,0.0028906103359130765,0.0005351152327840588,15016,0.43982794821908244
865,0.4451411790116923,0.44130885459745184,0.0018095156085712757,0.0001,2.5364623725897218e-06,0.0028034711174361347,0.0005242446802220309,14818,0.4451411790116923
866,0.448432808389956,0.44129133909765117,0.001764816630224024,0.0001,2.6534219306254936e-06,0.0030070228092633857,0.0005157605017877998,14581,0.448432808389956
867,0.44103845741656245,0.4412867068098072,0.0017455380514743598,0.0001,2.646486478565603e-06,0.0030322873526936432,0.0005034575909582085,14887,0.44103845741656245
868,0.4449890210765136,0.44127018072956836,0.0016749546066620244,0.0001,2.4083133719502932e-06,0.0028756759883179894,0.0005271804632057935,14716,0.4449890210765136
869,0.43875626870267764,0.4413435535161198,0.002140745620307484,0.0001,3.0863143604933514e-06,0.0028834013076715305,0.0005022099185229007,14983,0.43875626870267764
870,0.43865713809892004,0.4414495750361216,0.0020898483926530403,0.0001,2.699207659734026e-06,0.002583161218032099,0.0005349725004358194,15081,0.43865713809892004
871,0.4438946611052562,0.44147455013478953,0.0018338347086771388,0.0001,2.7123516137648388e-06,0.002958120054038491,0.0005493920690660864,14820,0.4438946611052562
872,0.440830018951532,0.4415666431977933,0.0022508980200539406,0.0001,3.2167595484305287e-06,0.0028582010555533227,0.000532708728412356,15008,0.440830018951532
873,0.4464114654327466,0.4415456370267541,0.0019037037229888828,0.0001,3.165975998656132e-06,0.003326122610807775,0.000539272954790244,14755,0.4464114654327466
874,0.4395881726307137,0.4416567609727484,0.0021439174796177955,0.0001,2.9760854373837663e-06,0.002776305959233398,0.0005196467790730017,14929,0.4395881726307137
875,0.4374899495747293,0.44175663973435386,0.002274958810157482,0.0001,3.2725686845465143e-06,0.002877035548894156,0.0005294942631138492,15027,0.4374899495747293
876,0.4428107360470042,0.4417795175483081,0.001764572776548027,0.0001,2.6719721640204654e-06,0.0030284635460006955,0.0005336088198035998,14844,0.4428107360470042
877,0.4383504765425291,0.44180968802241005,0.001771878970340249,0.0001,2.6546744106105717e-06,0.0029964511742027185,0.0005452127286304137,15032,0.4383504765425291
878,0.4359740366017294,0.4418374349004022,0.0017907029538556912,0.0001,2.6350940751565704e-06,0.0029430834069746298,0.0005342929478782518,15071,0.4359740366017294
879,0.44691120647811317,0.44189962380936776,0.002251847121757313,0.0001,3.30835826039489e-06,0.002938350679697198,0.000550087868159266,14749,0.44691120647811317
880,0.4410300792557947,0.4418934656333926,0.0018778155416554405,0.0001,2.5456076881901883e-06,0.002711243603773816,0.0004927643179812946,14842,0.4410300792557947
881,0.4413067721006362,0.441958797284802,0.0023462561369037146,0.0001,3.742051830673645e-06,0.0031898067494130636,0.0004931151111319209,14802,0.4413067721006362
882,0.4431460706088672,0.44203044831660465,0.0019478445748693455,0.0001,2.735462008140741e-06,0.0028087066529158006,0.0005179886100393509,14844,0.4431460706088672
883,0.4411035526511098,0.4422824650565468,0.0001,0.009432807545700472,2.663515721795888e-06,0.0026850466057115603,0.0005647344566061742,14952,0.4411035526511098
884,0.4372969425657398,0.44227981088588075,0.0016904831486864217,0.0001,2.4977228546791975e-06,0.002955040228138371,0.000531911427630883,15006,0.4372969425657398
885,0.44386164433703357,0.442196049129592,0.0017173487285869207,0.0001,2.6433430456732505e-06,0.0030783998633151953,0.0005158740082144261,14812,0.44386164433703357
886,0.4442405379913311,0.44228083186750716,0.0018637562488556777,0.0001,2.330937916080762e-06,0.0025013334415505545,0.0004980354005138682,14806,0.4442405379913311
887,0.4441499390002755,0.4422727448076305,0.0018808864703266928,0.0001,2.702226924194764e-06,0.0028733546301977627,0.0005054398960416457,14886,0.4441499390002755
888,0.4438768539886254,0.4423575571822208,0.002078461030687956,0.0001,2.8023366782576324e-06,0.0026965496459946414,0.0004927130817116107,14706,0.4438768539886254
889,0.4337133665371642,0.44243362309242507,0.0021883806856823514,0.0001,3.140484807995677e-06,0.002870144877938779,0.0005593788362275526,15112,0.4337133665371642
890,0.4386028056856134,0.44249922183482365,0.0020633272667694652,0.0001,2.822003110737481e-06,0.002735390702373519,0.0005302206759342644,14907,0.4386028056856134
891,0.44155731608164045,0.44274245670133133,0.0001,0.009335710261384174,2.541067398884116e-06,0.002947817506596824,0.0005443758059619474,14926,0.44155731608164045
892,0.4367257867034836,0.44281014490016246,0.0019707240836901816,0.0001,2.6871073791658476e-06,0.0027270254637922105,0.0004981773391326027,15000,0.4367257867034836
893,0.4372736648891451,0.44280774385195565,0.001643234080786894,0.0001,2.37895807509825e-06,0.002895458538638683,0.0005137238196691455,14992,0.4372736648891451
894,0.4423542366578203,0.4428050257456333,0.0017744215947003324,0.0001,2.5265793733830657e-06,0.0028477779812071764,0.0004961965858640634,14853,0.4423542366578203
895,0.4456430507931033,0.44276880508138755,0.001657381607356068,0.0001,2.5158577093437507e-06,0.003035942595449896,0.0005290970338177543,14727,0.4456430507931033
896,0.4426315758670022,0.44279035996449667,0.00211622535483047,0.0001,3.029699226997798e-06,0.0028633049122885174,0.000512587918410172,14780,0.4426315758670022
897,0.4436856130993578,0.44302989637172463,0.0001,0.009194027190882558,2.4235962522366952e-06,0.0026290018404009543,0.0005272110255754091,14790,0.4436856130993578
898,0.4450340134607941,0.44308413280191394,0.0022672735027469775,0.0001,3.5542582237732557e-06,0.003135270817099919,0.00048618698923776646,14858,0.4450340134607941
899,0.44471493337313434,0.44319610781395635,0.002123217047389713,0.0001,2.779973644595482e-06,0.0026186429201980896,0.0005422239397929807,14856,0.44471493337313434
900,0.43970272619924716,0.44325704630357554,0.0022258089383209246,0.0001,3.2935921131382965e-06,0.002959456273567552,0.0005260619928994876,14979,0.43970272619924716
901,0.44241560426788884,0.443481989298087,0.0001,0.009123864678087876,2.3440066350744965e-06,0.0033432465657891805,0.0005138188076602949,14861,0.44241560426788884
902,0.4468482072789067,0.44351678309574105,0.0020114347347333908,0.0001,2.920443974011698e-06,0.002903841644555068,0.000498722222734982,14696,0.4468482072789067
903,0.447104200190905,0.4436209356065819,0.0021954385038527664,0.0001,3.070517274331501e-06,0.002797179031836293,0.0005035051967659002,14656,0.447104200190905
904,0.4509163173303867,0.4436664048499892,0.0021413922607829905,0.0001,3.1064727771858035e-06,0.0029013579941210175,0.00048276130662562654,14540,0.4509163173303867
905,0.4494499588388592,0.4437084307525298,0.0020134326509210106,0.0001,2.9586267015205324e-06,0.002938888172064914,0.0004772392663137654,14693,0.4494499588388592
906,0.44910079148166065,0.4437707808109138,0.0019532875554391024,0.0001,2.7631166641623904e-06,0.0028291959946893093,0.0005058736555068442,14587,0.44910079148166065
907,0.4449514609492471,0.4438545125549215,0.002098432436398027,0.0001,2.791322220029421e-06,0.002660387984490693,0.0005307512044942786,14791,0.4449514609492471
908,0.4441560450146577,0.443917926248318,0.002203997207371199,0.0001,3.266400129688301e-06,0.002964069209129602,0.0004946823088296909,14848,0.4441560450146577
909,0.44363813438784944,0.44392897480728144,0.0020845047198580374,0.0001,3.2599956207059286e-06,0.0031278371208753567,0.0004923987352261968,14834,0.44363813438784944
910,0.43787414220703924,0.44391083615597726,0.001552500333178266,0.0001,2.350695921012078e-06,0.0030282710680000335,0.0004797387481790777,15026,0.43787414220703924
911,0.44761185146321475,0.44399558429234137,0.0022394445546526317,0.0001,3.159482657013165e-06,0.0028216663372612446,0.0005527982212762488,14696,0.44761185146321475
912,0.44409819482019364,0.4442380377219973,0.0001,0.009601217194638124,2.5396322665021306e-06,0.0029192578446146436,0.0005290229801113986,14823,0.44409819482019364
913,0.4491483158726127,0.44428977583910334,0.002080991620104201,0.0001,2.8294073928690263e-06,0.002719287637234551,0.0005193128918669452,14577,0.4491483158726127
914,0.444598391919399,0.44440337385000467,0.0024960530053717016,0.0001,3.871363073785806e-06,0.003101987870813904,0.0005171492832637251,14788,0.444598391919399
915,0.4518196166858253,0.4444861327527883,0.002247419064921276,0.0001,3.3457518127266017e-06,0.002977416953472181,0.0005102366527525489,14539,0.4518196166858253
916,0.4509492484080073,0.4444393470388512,0.002027860467952052,0.0001,3.007058600953473e-06,0.0029657450781022604,0.000500237808142329,14654,0.4509492484080073
917,0.4427183750509922,0.44447469247661586,0.0018390353626304263,0.0001,2.9008718737856154e-06,0.0031547755227897445,0.00050819501831084,14908,0.4427183750509922
918,0.4462033394012632,0.4447101568004185,0.0001,0.009449130055223935,2.41100955582688e-06,0.0026934007613230514,0.0005103135509271475,14759,0.4462033394012632
919,0.44511946773811845,0.44482482230495024,0.0022298035493387913,0.0001,3.0027828501252212e-06,0.002693316055592111,0.0004880007754329638,14795,0.44511946773811845
920,0.4454362968381683,0.44487755092097164,0.0019544027099524163,0.0001,2.630247619938935e-06,0.002691612743417628,0.0004950907757466895,14736,0.4454362968381683
921,0.449225490860193,0.44499149203663224,0.002350514115397884,0.0001,3.3031733361013274e-06,0.0028105964686301675,0.0005029536238368893,14585,0.449225490860193
922,0.44951962684052726,0.4452013008253174,0.0001,0.008716220975645067,2.0117986458494e-06,0.0028229378508396012,0.0004616217627962356,14690,0.44951962684052726
923,0.44604444725149717,0.4452828152819053,0.0021683274891359477,0.0001,3.0070675097615535e-06,0.0027736285453447192,0.000473619716841689,14763,0.44604444725149717
924,0.45204722850954143,0.44539547296304116,0.0021363688079838535,0.0001,2.775224929724065e-06,0.002598076623617358,0.0004604153337990641,14496,0.45204722850954143
925,0.4456482028257003,0.44543407242916033,0.0020290569792860043,0.0001,2.9464577334720264e-06,0.002904263175998973,0.0005140525825889245,14706,0.4456482028257003
926,0.4409521045315339,0.445545328993974,0.0023304872389602414,0.0001,3.2614442870364098e-06,0.002798937692095254,0.0004908711443576555,14875,0.4409521045315339
927,0.4407412232569886,0.44560752109483937,0.0019098524432275392,0.0001,2.5703835966440845e-06,0.0026917090959134894,0.0004756323822646423,14972,0.4407412232569886
928,0.4522273332275912,0.4456242207167971,0.00185100197769327,0.0001,2.567860176905114e-06,0.0027745623266218194,0.00045989236098780095,14528,0.4522273332275912
929,0.4397874492538168,0.4456228056865283,0.002150439490682513,0.0001,3.513508290079042e-06,0.003267711837791738,0.0005013076410907134,14982,0.4397874492538168
930,0.44167678275286204,0.44566801014267177,0.00205116373713709,0.0001,3.0213617027175896e-06,0.002945997579827198,0.0005033156345953926,14891,0.44167678275286204
931,0.44626261232411435,0.4456172891550688,0.0017784826784926465,0.0001,2.9694029476992567e-06,0.0033392542796266923,0.0005110840100704007,14738,0.44626261232411435
932,0.4466843771926953,0.445627954183786,0.0016828433039966252,0.0001,2.275452810025529e-06,0.0027042955272442784,0.0004705306036888077,14632,0.4466843771926953
933,0.4483470613954613,0.44572629081797993,0.002126992701578832,0.0001,3.03214580649297e-06,0.002851110682460036,0.0004934181573795657,14575,0.4483470613954613
934,0.45580531599026197,0.44578024427971585,0.0022585654960129648,0.0001,3.7195226585158545e-06,0.0032937036053033754,0.0004800260073685946,14450,0.45580531599026197
935,0.45208457451125417,0.4458156960985904,0.001845168684552665,0.0001,2.4569091197775236e-06,0.0026630726397496463,0.00048282289120859536,14601,0.45208457451125417
936,0.44650368420425773,0.4460435541620364,0.0001,0.009279052023179638,2.2149594181784397e-06,0.002570803400152626,0.0004774107123540929,14643,0.44650368420425773
937,0.4485708422847045,0.44613725386866676,0.002123515056027478,0.0001,2.9252055140567976e-06,0.0027550598294594293,0.0004801971682392752,14594,0.4485708422847045
938,0.44942696984052144,0.4462059501141005,0.002244941390161611,0.0001,3.2408540004685085e-06,0.0028872504330593705,0.0004977275476370332,14613,0.44942696984052144
939,0.4480816636705931,0.4462412565998934,0.0017502845726532772,0.0001,2.4408937631044626e-06,0.00278913932196098,0.00047848827332415417,14608,0.4480816636705931
940,0.44757287307349203,0.4463603364499996,0.0020611332881379945,0.0001,2.6948959231300034e-06,0.0026149652122348117,0.0004794021175119561,14721,0.44757287307349203
941,0.4491492058128036,0.44643874124127525,0.0023207546254124197,0.0001,3.4818665900229404e-06,0.003000633114674224,0.00048681253637005583,14658,0.4491492058128036
942,0.4461780381978882,0.44656004172238883,0.0022794629209158283,0.0001,3.051716480484739e-06,0.00267757501337959,0.0004897421064175543,14669,0.4461780381978882
943,0.4427893327012538,0.44663182825906267,0.002173349156609706,0.0001,3.184959763346412e-06,0.0029309232284744882,0.0004955397210051568,14838,0.4427893327012538
944,0.4394645653276677,0.44665372760936983,0.0019775054943080386,0.0001,2.8212735186414003e-06,0.002853366048045909,0.0004727035493450528,14938,0.4394645653276677
945,0.449675881523755,0.4467549279635559,0.0023039294480876496,0.0001,3.3483688891390037e-06,0.0029066592225020418,0.000471714153888987,14493,0.449675881523755
946,0.4505299887892416,0.4467881338296078,0.0019506582145520856,0.0001,2.761641398785541e-06,0.0028314969564462375,0.00048626110522991304,14547,0.4505299887892416
947,0.4497582913827291,0.44685370837682653,0.00216993310095373,0.0001,3.0342671186055623e-06,0.002796645774260911,0.0004673556581484908,14535,0.4497582913827291
948,0.4464859260534531,0.44678693321736973,0.0018203286215151364,0.0001,3.327301033162109e-06,0.0036557146812234995,0.00048538417352081474,14727,0.4464859260534531
949,0.44831253443677793,0.44701282683378646,0.0001,0.009304123039812573,2.180575737415754e-06,0.0026524928270626864,0.0004687332117352741,14592,0.44831253443677793
950,0.4526499708169643,0.44712586767246965,0.002360246839722688,0.0001,3.3356783699835525e-06,0.0028265504385765615,0.0004995105654315527,14594,0.4526499708169643
951,0.44434829490485994,0.4472055425574719,0.00203899460242936,0.0001,2.7902073350441423e-06,0.002736846219916179,0.00047656535632950716,14701,0.44434829490485994
952,0.44641458680880697,0.4473083357778367,0.0022579402840069737,0.0001,3.011833357517532e-06,0.0026677706038998415,0.0005018529455149167,14619,0.44641458680880697
953,0.4454578065183304,0.4474568104175611,0.002531301213780172,0.0001,3.536953071748333e-06,0.002794573046063017,0.0004927836371314605,14804,0.4454578065183304
954,0.44740800604779635,0.4475738770789871,0.002359193877930626,0.0001,3.2660131731786418e-06,0.002768753516810102,0.00047422350376502,14669,0.44740800604779635
955,0.4460592223321056,0.4476171601284746,0.0020425018736169686,0.0001,2.82158657627083e-06,0.0027628729380543664,0.0004826913737350243,14683,0.4460592223321056
956,0.4484426993813198,0.4478351037979611,0.0001,0.009292242212308092,2.146025924805545e-06,0.0027815891876648725,0.0004618962518998943,14618,0.4484426993813198
957,0.4521206864735923,0.44806107842313037,0.0001,0.009574519405623186,2.241783792218746e-06,0.002632184348695193,0.0004682812154314772,14485,0.4521206864735923
958,0.4437658215689833,0.4480324775591435,0.0018567908082692674,0.0001,2.6978445472645167e-06,0.00290592191134251,0.00046211483200335013,14807,0.4437658215689833
959,0.4531932851268447,0.44817568058404167,0.0022533768444738802,0.0001,2.923324105934023e-06,0.002594616265009648,0.000499792252019756,14413,0.4531932851268447
960,0.45104672101267035,0.44819914018227525,0.001891501893754693,0.0001,2.6588164584518337e-06,0.0028113283599986213,0.0004634829927567607,14528,0.45104672101267035
961,0.4532817672564192,0.44822834983413723,0.0016867332439155273,0.0001,2.2952791097948034e-06,0.0027215674061971023,0.0004356641797920236,14398,0.4532817672564192
962,0.4539652487531708,0.44829021746045417,0.0018909435506607904,0.0001,2.5420924093065587e-06,0.002688702588100236,0.0004738854626485309,14459,0.4539652487531708
963,0.44285888405456014,0.44833230789101297,0.0020352898284869145,0.0001,2.998505308177759e-06,0.0029465143157590716,0.00046339273966571943,14839,0.44285888405456014
964,0.44865102333894635,0.4484163072147961,0.0020750852692017594,0.0001,2.7424986118894e-06,0.002643263534846816,0.00048765931111589096,14575,0.44865102333894635
965,0.4472132385974481,0.44843342853431173,0.002173786643341541,0.0001,3.2447899054141372e-06,0.002985380295120639,0.0004937363770991485,14665,0.4472132385974481
966,0.4468465566829005,0.44851030532032166,0.0021771714476277004,0.0001,3.140796309349526e-06,0.0028852080645939164,0.0004939284602123038,14751,0.4468465566829005
967,0.4477816838975951,0.44852168633729783,0.0017111130502326399,0.0001,2.430098740123948e-06,0.002840371931934662,0.0004673902735080981,14602,0.4477816838975951
968,0.4438918511796479,0.4487467273171826,0.0001,0.009916090451122015,2.346256835274697e-06,0.0029010950128696257,0.000473222152790915,14779,0.4438918511796479
969,0.4429466831301609,0.4489929045586776,0.0001,0.010659653971344975,2.666424025678025e-06,0.00290607476630072,0.0005002834112337682,14805,0.4429466831301609
970,0.45641233123985747,0.4490316648205446,0.00189932705869548,0.0001,2.5060561720525976e-06,0.0026388885058835935,0.00046459631979432173,14373,0.45641233123985747
971,0.4454824952363746,0.4490981272002204,0.0019282670211273197,0.0001,2.4767382176543884e-06,0.0025688747362452077,0.0004619279429247497,14764,0.4454824952363746
972,0.44502758020886957,0.44917004686769857,0.002108868712978505,0.0001,2.9372027360624934e-06,0.0027855719210837676,0.00046035489507637815,14762,0.44502758020886957
973,0.4514820804035398,0.44919182721755335,0.0020451555540632405,0.0001,2.884482368052357e-06,0.002820795085558722,0.00043652805892109234,14504,0.4514820804035398
974,0.4450928550140023,0.4493186537716179,0.002392831689635191,0.0001,3.2158346447487594e-06,0.0026878903841657514,0.0004675946156845111,14759,0.4450928550140023
975,0.4464872209157528,0.44927949066764783,0.001862052930550144,0.0001,3.025664236219248e-06,0.003249815498343879,0.0004514418557871545,14663,0.4464872209157528
976,0.44882918842063096,0.4495047926343026,0.0001,0.009781208232546778,2.180244569866495e-06,0.0024153818945189757,0.00044580271026472445,14595,0.44882918842063096
977,0.4507238534682877,0.4497430909620731,0.0001,0.010697343953761,2.5606428554453545e-06,0.002845753480472064,0.00047874367067445305,14537,0.4507238534682877
978,0.44517154613782584,0.44976425647124674,0.0019009356015419444,0.0001,2.5065032592490075e-06,0.002637125904965804,0.0004571952798382448,14680,0.44517154613782584
979,0.4466192578110657,0.44977882705853034,0.001800463474892915,0.0001,2.336915373378808e-06,0.0025959042279575257,0.00044715752432908867,14683,0.4466192578110657
980,0.45048716022916935,0.44976207020551484,0.0019372031725320969,0.0001,2.9368424203273284e-06,0.0030320437855659854,0.00046537204385068033,14581,0.45048716022916935
981,0.4474886726824456,0.44988785280509724,0.002457166140605132,0.0001,3.6092471999336005e-06,0.0029377315113456215,0.00046678117496205547,14695,0.4474886726824456
982,0.4460502207440268,0.45012294451556406,0.0001,0.010620613722505935,2.4758727689391132e-06,0.0028568290990584667,0.00046623911454241854,14639,0.4460502207440268
983,0.4457950713882579,0.4501890149572412,0.002042579987858468,0.0001,2.6057596393788155e-06,0.002551439507748052,0.0004302673912194017,14761,0.4457950713882579
984,0.45740023553648057,0.4502175143274255,0.0020235629423566237,0.0001,2.7334103279757593e-06,0.002701581720796343,0.0004384969873348399,14319,0.45740023553648057
985,0.4526383499495592,0.4502991640084255,0.0020403379655369626,0.0001,2.7138018142003692e-06,0.0026601493086329635,0.0004337570654240257,14420,0.4526383499495592
986,0.450791309413566,0.45052667071036956,0.0001,0.010471768999703037,2.3408187106966757e-06,0.0029156717290158363,0.000447072258901635,14549,0.450791309413566
987,0.4511606932195839,0.45059910083865146,0.002214890406580351,0.0001,3.32692665530982e-06,0.0030041456186054643,0.0004369866872604601,14498,0.4511606932195839
988,0.4498787915799971,0.4506598501034359,0.0022659556660461844,0.0001,3.25743899959534e-06,0.002875112737999127,0.00044044294377676023,14437,0.4498787915799971
989,0.44866516017517116,0.4507506022217449,0.002244878695355047,0.0001,3.0667655069323288e-06,0.0027322327155385948,0.000436909835375448,14638,0.44866516017517116
990,0.44745337603452434,0.45081991640327,0.001981612085158522,0.0001,2.4314070675603488e-06,0.0024539687517760008,0.0004232415168227007,14632,0.44745337603452434
991,0.446896928760054,0.4508423994619709,0.0020410469913733228,0.0001,2.9063860588431614e-06,0.002847936447448075,0.00043658009455021195,14629,0.446896928760054
992,0.45520501338769676,0.4508991841032793,0.00180909068529511,0.0001,2.176146978433102e-06,0.002405790927034833,0.0004194921465277067,14357,0.45520501338769676
993,0.4465428476159429,0.4511179834100446,0.0001,0.01028121001308342,2.200880898948885e-06,0.003073048135828871,0.000428136551271327,14614,0.4465428476159429
994,0.44310496167376723,0.4511552803575703,0.0019695975422414614,0.0001,2.7763830808671155e-06,0.0028192389778345355,0.0004025005418618179,14711,0.44310496167376723
995,0.454028385182597,0.4512652682170957,0.002201796417538905,0.0001,2.7531366050428515e-06,0.002500809414632635,0.00043109483206634066,14447,0.454028385182597
996,0.44920695386593984,0.4513157105323783,0.0020257425041827373,0.0001,2.860814730768746e-06,0.0028244603890788273,0.0004653290220831646,14604,0.44920695386593984
997,0.44586286103520995,0.451380915688411,0.0020998573424333943,0.0001,2.9087231176600205e-06,0.002770400692353016,0.0004377723342393265,14766,0.44586286103520995
998,0.45294819532159153,0.45159887739228927,0.0001,0.010183181248138383,2.129112946938288e-06,0.002693284812558593,0.00041816263406438284,14433,0.45294819532159153
999,0.4539358813030365,0.45165870675090625,0.0019191138505630211,0.0001,2.616099080590167e-06,0.002726361523390254,0.00039876643731799063,14448,0.4539358813030365
