iteration,performance_mc,performance_true,alpha,beta,bound,policy_advantage,model_advantage,total_samples,avg_return
0,0.053818650563777,0.045510104878672915,0.0011288147007999128,0.0001,1.626810272130304e-06,0.0028823336035179135,1.1914952531182682e-06,3757,0.053818650563777
1,0.046499230891779736,0.04581675718723263,0.0011844592746817655,0.0001,1.7580939192573727e-06,0.002968601718669861,6.5110352334209375e-06,3802,0.046499230891779736
2,0.04959766586407269,0.0460740369776695,0.001202988423555213,0.0001,1.8371592946565123e-06,0.003054325808434836,8.730404380238077e-06,3755,0.04959766586407269
3,0.04586323296022458,0.04633688743708535,0.0010938366824271863,0.0001,1.491459583941346e-06,0.002727024258560881,1.0767645146382123e-06,3811,0.04586323296022458
4,0.0383503054082447,0.046541294145375126,0.0010003101012610348,0.0001,1.2538224925234452e-06,0.002506867602242188,1.2401111580746863e-05,3845,0.0383503054082447
5,0.050857426079433665,0.04674480106713662,0.0011728460863514964,0.0001,1.6857283920614259e-06,0.002874594393379288,1.762860199186151e-05,3744,0.050857426079433665
6,0.047399500968913905,0.04702432150959676,0.0011253154538377675,0.0001,1.592596887244789e-06,0.0028304896761408693,1.317567706683511e-05,3788,0.047399500968913905
7,0.04918674224743719,0.04727000920279721,0.0011121798853178065,0.0001,1.534736923732871e-06,0.002759871750952083,2.9566052434223656e-06,3775,0.04918674224743719
8,0.04341162094967435,0.04748205263078058,0.001049931191855819,0.0001,1.3906290256138497e-06,0.0026489907841595324,6.6277506193405555e-06,3805,0.04341162094967435
9,0.053438669000083636,0.047730629257682254,0.0010272733539623661,0.0001,1.3406877957279423e-06,0.002610187036501402,1.1148908172820128e-05,3753,0.053438669000083636
10,0.05555019992525771,0.04801078787203918,0.0010907536634587197,0.0001,1.5132588571738858e-06,0.0027747032311134768,6.528567554724047e-06,3756,0.05555019992525771
11,0.04814191668830478,0.04822170702487188,0.0010052811634933486,0.0001,1.268859045413774e-06,0.0025243863935627583,8.600674479771131e-06,3781,0.04814191668830478
12,0.029853104118464445,0.04834634548328537,0.0009491300939716709,0.0001,1.1253764849986693e-06,0.0023713851075767467,7.713255096563712e-06,3856,0.029853104118464445
13,0.044812181610053556,0.04851788627782034,0.0009881520406914987,0.0001,1.2441232959322334e-06,0.0025180807096478962,8.548201405917538e-06,3780,0.044812181610053556
14,0.04686203412933536,0.048693478480053946,0.001065016094046394,0.0001,1.4121414658521011e-06,0.0026518687816009393,1.2707484293416298e-05,3777,0.04686203412933536
15,0.05423794565135364,0.048919088740588895,0.0011563231701670557,0.0001,1.6912572172473926e-06,0.002925232773815393,2.802315661775776e-06,3758,0.05423794565135364
16,0.06562621246617713,0.0492394981594477,0.0013834921129645672,0.0001,2.4344550656506675e-06,0.003519290125093783,1.2318174414723464e-05,3708,0.06562621246617713
17,0.04610616133878767,0.04946658916409595,0.0010101455115765396,0.0001,1.2844157173412703e-06,0.0025430310833865423,3.6663864569357865e-06,3767,0.04610616133878767
18,0.0362325600627728,0.049666674586363126,0.0008779192400080417,0.0001,9.612583111727565e-07,0.002189855894179859,8.779390756418515e-06,3838,0.0362325600627728
19,0.03394200615618753,0.0498703356188398,0.0009670773855357611,0.0001,1.186429823280038e-06,0.0024536398865800287,4.5571423729535585e-07,3865,0.03394200615618753
20,0.047792993653584345,0.05008339607107794,0.0010515860464449663,0.0001,1.416811973440721e-06,0.002694619195890725,5.758996811219292e-06,3781,0.047792993653584345
21,0.06295097096892124,0.05032620629461382,0.001126707930883545,0.0001,1.57855599140962e-06,0.002802067773094919,7.792657668815551e-06,3685,0.06295097096892124
22,0.04938192504458637,0.05049801014876042,0.0010304620100943479,0.0001,1.2752735802030444e-06,0.0024751491422498576,1.135971811968554e-05,3773,0.04938192504458637
23,0.05685177595799959,0.05074444486757461,0.001146801695935448,0.0001,1.6401871803790562e-06,0.0028604547520156096,4.01497715784961e-06,3735,0.05685177595799959
24,0.04326058524709948,0.05097973669766702,0.0010830306294366406,0.0001,1.4908051168053237e-06,0.0027530248476551303,1.3621132161478297e-05,3817,0.04326058524709948
25,0.06092987916906496,0.0512412803442522,0.001265315563696516,0.0001,2.0536618069492436e-06,0.003246086376981941,7.604154523163447e-06,3741,0.06092987916906496
26,0.05832426117984568,0.051486100839680984,0.001247669466637446,0.0001,1.9583878446063283e-06,0.0031392734966646523,1.7971607979961533e-05,3731,0.05832426117984568
27,0.06434259492423489,0.051814311089036155,0.0012429800411242842,0.0001,1.9392001847017382e-06,0.0031202434802536628,1.021540560698198e-05,3716,0.06434259492423489
28,0.04939555370268922,0.05212147548552638,0.0012000912165280432,0.0001,1.8014437128846948e-06,0.0030021779812644755,1.4338177785879243e-06,3780,0.04939555370268922
29,0.046933412754354,0.05235344690944731,0.0010179382647034982,0.0001,1.2746660884645991e-06,0.002504407453109899,7.329973367990804e-06,3784,0.046933412754354
30,0.05066799904570254,0.052596602270013754,0.001121301500286866,0.0001,1.5745168408800058e-06,0.0028083737344098657,1.7888783118199427e-05,3782,0.05066799904570254
31,0.045057477004025334,0.052821884488211554,0.001062079929763656,0.0001,1.4204189477402128e-06,0.002674787288478933,2.8370971758115697e-06,3797,0.045057477004025334
32,0.050952939459781195,0.05301728335126647,0.001153624120759834,0.0001,1.6904091127946075e-06,0.0029306063948822776,2.0693362973578294e-05,3724,0.050952939459781195
33,0.05949195872848699,0.05332537187010737,0.0012235953187481857,0.0001,1.9010493422804411e-06,0.0031073171221761998,1.1006771552519404e-05,3732,0.05949195872848699
34,0.055015483541933335,0.05353174177811816,0.001066227353639297,0.0001,1.4570189121068231e-06,0.0027330360774063026,1.1286009910595095e-05,3743,0.055015483541933335
35,0.05200412017730836,0.053860504337305326,0.0011450390692948624,0.0001,1.6442338989304962e-06,0.0028719262827303312,1.488797149402276e-05,3773,0.05200412017730836
36,0.053212592293732805,0.05409179235436305,0.001072435364706124,0.0001,1.436843714514377e-06,0.0026795903264680396,1.6167740117827837e-05,3753,0.053212592293732805
37,0.06805590552257587,0.05441114342040758,0.0011413871375000907,0.0001,1.6045445660003678e-06,0.0028115693848008516,1.3182613290742725e-05,3675,0.06805590552257587
38,0.05771867109437731,0.054675364488670546,0.0012663614618913378,0.0001,2.0406589425021225e-06,0.003222869621212816,1.059713007176613e-05,3713,0.05771867109437731
39,0.049026928815036105,0.05491436949952466,0.0010569145869103879,0.0001,1.3849877212350365e-06,0.00262081295572556,1.0266549148175676e-05,3784,0.049026928815036105
40,0.05726382595592995,0.055187276726093026,0.001084682010690219,0.0001,1.4654847007432034e-06,0.0027021462258983477,1.8522549913542715e-05,3713,0.05726382595592995
41,0.04437391562504568,0.055438349847613255,0.0009967093291773233,0.0001,1.2395963894969946e-06,0.0024873779209434073,1.1619689070798444e-05,3819,0.04437391562504568
42,0.07148781919539657,0.055786513875995786,0.001443167997342136,0.0001,2.665322466042563e-06,0.003693710601885925,2.2277406272062284e-05,3683,0.07148781919539657
43,0.06789413155289808,0.05609055895867749,0.0012202325005903883,0.0001,1.8767092784629666e-06,0.003075986383832512,2.327557326841613e-05,3694,0.06789413155289808
44,0.04713112265177603,0.05635496206409436,0.0011205637056638834,0.0001,1.5512562667481487e-06,0.0027687069622321907,1.2291280517274856e-05,3771,0.04713112265177603
45,0.04839691218564353,0.05656061756564646,0.000998127758251685,0.0001,1.2692846906038193e-06,0.0025433311118951162,8.994895119141053e-06,3767,0.04839691218564353
46,0.06245818535764787,0.056836127294114316,0.0011140150475340452,0.0001,1.5585544712732686e-06,0.002798085133092671,1.425738620931442e-05,3695,0.06245818535764787
47,0.06219470067656829,0.05711196434858318,0.0010858518176839228,0.0001,1.4521628441051697e-06,0.002674698002905356,2.151009189905504e-05,3718,0.06219470067656829
48,0.07077670509274357,0.057418411743215034,0.001142521266071215,0.0001,1.6399040388830403e-06,0.002870675737217871,2.514975109504481e-05,3662,0.07077670509274357
49,0.048832091122195886,0.05760394737560569,0.0010491968567299518,0.0001,1.3703978879928553e-06,0.002612279819945316,1.480683947433388e-05,3772,0.048832091122195886
50,0.06786313465039771,0.05790922388690002,0.0012014438259741718,0.0001,1.8109546566585473e-06,0.003014630592803893,1.637672714073295e-05,3685,0.06786313465039771
51,0.050133891207000084,0.05810609580162737,0.0010122223741219614,0.0001,1.2752771068184325e-06,0.0025197568032906893,1.2665932936531391e-05,3760,0.050133891207000084
52,0.04003869735980207,0.058395676402140634,0.0010768246346186964,0.0001,1.4457672714400717e-06,0.0026852418211104866,5.9876773983110845e-06,3853,0.04003869735980207
53,0.06360255077711957,0.058660421508438865,0.001204245194478056,0.0001,1.8397486229408115e-06,0.003055438595689303,2.363494875949058e-05,3712,0.06360255077711957
54,0.05822592387979511,0.058947513144035,0.001166878768546136,0.0001,1.7283445536688756e-06,0.002962337819930161,1.3883069052111628e-05,3755,0.05822592387979511
55,0.046611872181716564,0.05911369292164277,0.0011040267547050488,0.0001,1.5363759441824723e-06,0.0027832223044140436,1.6741903798102505e-05,3795,0.046611872181716564
56,0.05954809053763564,0.05939383573171432,0.0011968577374010792,0.0001,1.8303717532291656e-06,0.003058628767699213,1.3990749612996782e-05,3725,0.05954809053763564
57,0.055722651211407626,0.059728426304225965,0.0012273626165475485,0.0001,1.8819821305282283e-06,0.0030667092270124058,2.133495790266112e-05,3745,0.055722651211407626
58,0.04759207382200971,0.059963671060597704,0.0010096936316117942,0.0001,1.2389196130257538e-06,0.0024540505639280732,1.715580498334238e-05,3737,0.04759207382200971
59,0.05847519061434623,0.06025386496550822,0.0011584093481552186,0.0001,1.7099780583319642e-06,0.0029522863589716802,2.2442870100316503e-05,3728,0.05847519061434623
60,0.044981883234464906,0.060490612518501914,0.0011928903462004525,0.0001,1.7943362326889426e-06,0.0030083841962577564,1.8957518598134032e-05,3811,0.044981883234464906
61,0.05154927900953943,0.06068785385854389,0.0010953671360011893,0.0001,1.5299950905002904e-06,0.0027935749397882776,1.3377365842747654e-05,3748,0.05154927900953943
62,0.05872050157571175,0.06096993587733223,0.0011926636392540692,0.0001,1.8095622144824631e-06,0.0030344887777650742,1.4695734199681373e-05,3702,0.05872050157571175
63,0.04189948335298188,0.061168755579364645,0.0009246493483253714,0.0001,1.0508264123201702e-06,0.0022729187323244585,9.077660767340493e-06,3806,0.04189948335298188
64,0.04670820164239355,0.06141124087891113,0.0010785707432097564,0.0001,1.4572157003496035e-06,0.0027021235454858057,5.137547082598875e-06,3788,0.04670820164239355
65,0.06915174320082663,0.06175038110269067,0.0012404139312722799,0.0001,1.88868689301259e-06,0.003045252629620797,2.134297198143189e-05,3650,0.06915174320082663
66,0.056708198503335194,0.061986445876479564,0.0011874953457852134,0.0001,1.7945526127165424e-06,0.003022416246237869,9.03570722646464e-06,3736,0.056708198503335194
67,0.07204099994435667,0.06233426006683377,0.001252242913556151,0.0001,1.9342450645305417e-06,0.0030892489685369817,4.022625919171387e-05,3655,0.07204099994435667
68,0.08142493723760896,0.06275358905550554,0.0015156411411061197,0.0001,2.884541035736911e-06,0.003806364128690468,3.038694484484693e-05,3623,0.08142493723760896
69,0.0651015618776902,0.06312029094353859,0.0011259776623795549,0.0001,1.5360927122678583e-06,0.002728460365761782,2.241655152412329e-05,3673,0.0651015618776902
70,0.07191596180639881,0.06343124864075413,0.0013300362362904643,0.0001,2.1804114555505994e-06,0.0032787248889276466,1.812629950484485e-05,3676,0.07191596180639881
71,0.06772423858036342,0.06374774229598155,0.0012505122154752607,0.0001,1.9480395588132837e-06,0.0031155866127591976,2.0159847751504285e-05,3672,0.06772423858036342
72,0.05536163858308807,0.06404866205882451,0.00116800881278932,0.0001,1.6890007733544862e-06,0.0028921027904249895,8.568844777924556e-06,3751,0.05536163858308807
73,0.06449683369141634,0.06430189242079029,0.0012404496112576294,0.0001,1.9275609521625416e-06,0.003107842405961633,1.925094755302475e-05,3684,0.06449683369141634
74,0.06983992650687604,0.06459914212506154,0.0012015651050656159,0.0001,1.791783727194938e-06,0.002982416382834438,2.0415276137084607e-05,3650,0.06983992650687604
75,0.07113140863362657,0.06491836732703618,0.0012555913073038283,0.0001,1.964241061456469e-06,0.003128790475101881,3.096875013254294e-05,3665,0.07113140863362657
76,0.059153281916018007,0.0651474986035131,0.0010389500692838682,0.0001,1.3754310367133825e-06,0.002647732701267243,1.619137313097206e-05,3718,0.059153281916018007
77,0.0683741961032755,0.06539987254820852,0.0012036596336267612,0.0001,1.8582554391889183e-06,0.003087675929763943,1.906822388750673e-05,3681,0.0683741961032755
78,0.0803346293103257,0.06579756615732638,0.0014275294341822447,0.0001,2.5469761978639773e-06,0.0035683694316579937,2.3764216278576796e-05,3645,0.0803346293103257
79,0.061585032875767665,0.06611945341976513,0.0012468095684758432,0.0001,1.953663132864443e-06,0.003133859704417716,1.7005343959002533e-05,3709,0.061585032875767665
80,0.05764513004299679,0.06633510534220874,0.0010261823953837685,0.0001,1.3232052559521923e-06,0.0025788890199336238,1.8375432664375928e-05,3732,0.05764513004299679
81,0.06576598080458503,0.06665872963237346,0.0012372708533147489,0.0001,1.907909403443221e-06,0.0030840610175723077,2.830246426866177e-05,3677,0.06576598080458503
82,0.06491959143668521,0.06697304050982525,0.001196838126542854,0.0001,1.7740218849296005e-06,0.002964514324178459,1.5803425301667498e-05,3693,0.06491959143668521
83,0.08029726273923952,0.06734051412753714,0.001455779357096313,0.0001,2.652683051945044e-06,0.0036443476671300886,2.5872894963439084e-05,3615,0.08029726273923952
84,0.07806964945700473,0.06773560233837328,0.0013951138510620068,0.0001,2.411989302803784e-06,0.0034577669786128177,3.3717271103905075e-05,3646,0.07806964945700473
85,0.07032268844889958,0.06806694857958635,0.0012158686853250384,0.0001,1.8443394673625826e-06,0.003033780686389723,2.2998483424947726e-05,3656,0.07032268844889958
86,0.06922677224363694,0.06837005091010201,0.0012380582065460556,0.0001,1.9270404529236146e-06,0.003113004611147785,2.11367782643604e-05,3690,0.06922677224363694
87,0.07578817589740289,0.06862893506796441,0.0011422458709760169,0.0001,1.6428859019218333e-06,0.002876588909037655,1.9280629953557243e-05,3652,0.07578817589740289
88,0.059922098574020706,0.06892312119110117,0.0012084579531849373,0.0001,1.8180933358327688e-06,0.0030089476113606007,1.5705366120589666e-05,3737,0.059922098574020706
89,0.06962851291599653,0.06925287951225012,0.0012819668602198984,0.0001,2.027615599171202e-06,0.003163288634190435,2.5048870965210413e-05,3698,0.06962851291599653
90,0.055631661345277965,0.06957158483383566,0.0012175621317796579,0.0001,1.8436509763639377e-06,0.003028430218454893,1.9608121432280348e-05,3758,0.055631661345277965
91,0.06871967332896024,0.0699145832902595,0.0011831362824615286,0.0001,1.7280225880300451e-06,0.0029210879822481215,1.392719272077155e-05,3688,0.06871967332896024
92,0.07530423866534053,0.07022538469846495,0.0012347395651598583,0.0001,1.8990453463272716e-06,0.003076025746500489,2.4159522931143314e-05,3674,0.07530423866534053
93,0.06967138402784678,0.07049412604296201,0.0011019115709996936,0.0001,1.5358067153192796e-06,0.0027875316962611457,2.4102921158976714e-05,3642,0.06967138402784678
94,0.06550067750707404,0.07084071868657996,0.0012331891661276201,0.0001,1.9179682660235687e-06,0.0031105824129906154,2.709696928250196e-05,3707,0.06550067750707404
95,0.07017658364528515,0.07118813594853204,0.0013589814734364348,0.0001,2.307551844319952e-06,0.003396001916766212,3.0390852915391836e-05,3664,0.07017658364528515
96,0.07423023596648642,0.07151631699821331,0.0012578648152721688,0.0001,1.9750482024662e-06,0.0031403187027516178,2.9624609673161863e-05,3625,0.07423023596648642
97,0.09611679023808814,0.07184714375657564,0.0013349187610081682,0.0001,2.2438410560060286e-06,0.003361764208499724,2.31990705996296e-05,3535,0.09611679023808814
98,0.07071154971474977,0.0722148317422513,0.0011760236400333642,0.0001,1.7105231615764398e-06,0.002908994519069211,3.0252952269640106e-05,3654,0.07071154971474977
99,0.053227390394496824,0.07251236784482609,0.0011953151062208173,0.0001,1.7543877702865023e-06,0.0029354398035398117,2.195940654091187e-05,3726,0.053227390394496824
100,0.07941855241074788,0.0728414756764568,0.0012408015372702603,0.0001,1.9039378844033853e-06,0.0030688838258405324,2.1463845271409413e-05,3621,0.07941855241074788
101,0.07643102979762276,0.0731025554868883,0.0012540625030070815,0.0001,1.9946489861319897e-06,0.0031810997958221,1.8864721056188408e-05,3653,0.07643102979762276
102,0.06599222080145228,0.0734042812540037,0.0011769575656910656,0.0001,1.7160602430864868e-06,0.002916095351456245,3.543798934001143e-05,3683,0.06599222080145228
103,0.07465862943316362,0.07368499817940637,0.0013053222193768878,0.0001,2.125611572266115e-06,0.003256838105890518,2.7664411089946567e-05,3668,0.07465862943316362
104,0.07488974941251575,0.0740556082186154,0.0013565004431902558,0.0001,2.289673771481686e-06,0.0033758540706360063,2.2923458503962123e-05,3669,0.07488974941251575
105,0.0839103019702506,0.07426077984572657,0.0012663432926124348,0.0001,2.0667661223391147e-06,0.003264148251735795,2.6015186758130276e-05,3630,0.0839103019702506
106,0.073642583421974,0.07465130874916207,0.0014889587045254548,0.0001,2.8243681315947646e-06,0.0037937494478665432,2.1088502030527686e-05,3672,0.073642583421974
107,0.08670885471982726,0.07494928572978048,0.0013378069544462746,0.0001,2.2426206276086134e-06,0.0033526819697791838,3.180495126647771e-05,3626,0.08670885471982726
108,0.0821266403632474,0.07526828151254623,0.0012518464087868232,0.0001,1.9661875397499843e-06,0.003141260023512687,4.485799746310109e-05,3609,0.0821266403632474
109,0.06977260327379528,0.0755197159016649,0.001154436787898513,0.0001,1.6917895847663492e-06,0.0029309349849219726,2.2764206872755316e-05,3693,0.06977260327379528
110,0.06362585260433325,0.07587081012264164,0.001217022538536852,0.0001,1.8124526824280478e-06,0.002978503067999124,2.6056804702895572e-05,3722,0.06362585260433325
111,0.06513406362376895,0.07623404667282677,0.0012514151717554903,0.0001,1.9277489281118492e-06,0.003080910271221332,2.8361899960647873e-05,3703,0.06513406362376895
112,0.0715892863457657,0.07651969243619497,0.0011677098321227252,0.0001,1.7184209883823327e-06,0.0029432328839066046,2.6233606201426954e-05,3665,0.0715892863457657
113,0.08645150880604598,0.07676336649038827,0.0011119539083640614,0.0001,1.8627100183416248e-06,0.0033503367438711506,1.9362025086942203e-05,3626,0.08645150880604598
114,0.09944231231061457,0.077213880389713,0.0014316594323075776,0.0001,2.5436496752661182e-06,0.0035534284451522275,3.322410264297015e-05,3556,0.09944231231061457
115,0.07961648737004925,0.07751332847569928,0.0012227559491020936,0.0001,1.8418409687419783e-06,0.003012606023457906,3.1992409016170645e-05,3660,0.07961648737004925
116,0.10019419635681007,0.07787846144032956,0.001426051580909981,0.0001,2.5030352119320593e-06,0.003510441340887322,2.9707905084676204e-05,3537,0.10019419635681007
117,0.06909477734758732,0.07827370556492474,0.0012708645358802146,0.0001,1.967219173939093e-06,0.0030958754743700126,2.987430450740423e-05,3647,0.06909477734758732
118,0.0772666590078619,0.07860028036610024,0.0012947935555218826,0.0001,2.086793353666165e-06,0.003223360735410915,2.5971288781932923e-05,3624,0.0772666590078619
119,0.08584492321253437,0.07898865601346655,0.0013981986862936315,0.0001,2.413332427919781e-06,0.0034520593554798456,3.463279809712761e-05,3624,0.08584492321253437
120,0.07402460954893303,0.07936447071143246,0.0013514011120101758,0.0001,2.2607501158311994e-06,0.003345786969892883,3.1908500839229654e-05,3682,0.07402460954893303
121,0.0698753044340372,0.07973733195005123,0.001301395691101227,0.0001,2.0735203376360486e-06,0.0031866101168376523,1.7462557053076382e-05,3661,0.0698753044340372
122,0.08030049621860309,0.08010590887264336,0.001482778475822119,0.0001,2.7676720901795917e-06,0.003733089109814694,2.209359236351481e-05,3639,0.08030049621860309
123,0.0868472249706996,0.08045370454929963,0.001274302763008074,0.0001,1.963057095994271e-06,0.0030809900958863935,3.8292629534409294e-05,3589,0.0868472249706996
124,0.06976602680608718,0.08073505008162488,0.001217785506855035,0.0001,1.8992664857863696e-06,0.0031192134823336474,2.47656585364849e-05,3675,0.06976602680608718
125,0.0844354141215069,0.08113214709821481,0.0014208835862902869,0.0001,2.4797398921919457e-06,0.0034904195053250967,3.603261116537548e-05,3621,0.0844354141215069
126,0.08244418156865464,0.08146985855309716,0.001346466330428704,0.0001,2.2608843025184895e-06,0.00335824855241444,2.808765087249229e-05,3589,0.08244418156865464
127,0.08198297868022505,0.08184934529254445,0.0013027180859087099,0.0001,2.0871670811433836e-06,0.0032043265595525713,3.206030272423484e-05,3626,0.08198297868022505
128,0.0877675744664859,0.08221362975735276,0.0013145643505822723,0.0001,2.135469219728287e-06,0.0032489382794876546,4.3054524388874064e-05,3599,0.0877675744664859
129,0.07642661695022321,0.08256131439446693,0.0012793723003642905,0.0001,2.050979734929157e-06,0.0032062281391353514,3.130811107714956e-05,3654,0.07642661695022321
130,0.08562517067638256,0.08294365069065496,0.0012906151521207315,0.0001,2.030244641750932e-06,0.003146165823971376,3.1182637214409385e-05,3577,0.08562517067638256
131,0.0896311374972831,0.08338152312972252,0.001390022638008459,0.0001,2.3979667405543867e-06,0.0034502556648862196,4.332932049222543e-05,3587,0.0896311374972831
132,0.07384933829205606,0.08372171523609295,0.001263433083975528,0.0001,1.97061560251585e-06,0.0031194617704882266,3.2371062761725855e-05,3679,0.07384933829205606
133,0.08011110483078598,0.08408199390462068,0.0013751980438655334,0.0001,2.3378304446300894e-06,0.0033999909395721656,2.8833373557427633e-05,3655,0.08011110483078598
134,0.07899324493065155,0.08442141848925064,0.0013240693579038855,0.0001,2.162646640304852e-06,0.00326666670049446,3.443157517543152e-05,3655,0.07899324493065155
135,0.07647243165907455,0.08478217588937584,0.001320717467253906,0.0001,2.184959126392368e-06,0.003308745709156753,3.977413645912404e-05,3665,0.07647243165907455
136,0.08386908564944906,0.08508176374350944,0.001332435187199097,0.0001,2.269313289314742e-06,0.0034062644263921755,4.1967257605217505e-05,3635,0.08386908564944906
137,0.09521822610610636,0.08542099152665822,0.0013821422727311088,0.0001,2.346240520307447e-06,0.003395078157433508,3.3871680516667263e-05,3554,0.09521822610610636
138,0.08305606416213338,0.08589165762221815,0.0013854704007000627,0.0001,2.3254343056067374e-06,0.003356887746474731,2.6347971402634e-05,3609,0.08305606416213338
139,0.09006257125274207,0.08613976070425035,0.0012295319295735421,0.0001,1.8956186430641205e-06,0.0030834801398311107,3.727166873759718e-05,3594,0.09006257125274207
140,0.07142132848218535,0.08635084083378779,0.0010920158977346477,0.0001,1.4989747024829116e-06,0.0027453349453840127,3.327496321204668e-05,3655,0.07142132848218535
141,0.08329261435787741,0.08674211112511435,0.0012904730190225954,0.0001,2.0335560097751163e-06,0.0031516443657463394,2.639694110699881e-05,3639,0.08329261435787741
142,0.08911348972981377,0.08708002936815856,0.0012867415622878446,0.0001,2.022464537381253e-06,0.0031435442775086596,3.076055998533915e-05,3583,0.08911348972981377
143,0.07370419187846765,0.08744079449724745,0.001219393769349596,0.0001,1.8174463078563244e-06,0.0029809014176375844,2.4248099703573274e-05,3655,0.07370419187846765
144,0.09210647910439287,0.0877534802230222,0.0012846062424142185,0.0001,2.098022012367635e-06,0.0032664048221106687,4.5382420357678814e-05,3552,0.09210647910439287
145,0.09970820692649308,0.08816676343670647,0.0014262103550868501,0.0001,2.4658324124931083e-06,0.00345788039428861,4.0370595211708474e-05,3507,0.09970820692649308
146,0.08829472342351402,0.0885561365525099,0.001293521897051167,0.0001,2.0516348719637523e-06,0.003172168753603399,4.9122620030751386e-05,3601,0.08829472342351402
147,0.11340495377906769,0.0889575234259487,0.0015241418927578753,0.0001,2.866837465912287e-06,0.003761903638413687,5.382107260550289e-05,3495,0.11340495377906769
148,0.07494293345452323,0.08919450470487403,0.0011834453197945359,0.0001,1.7661499884768044e-06,0.0029847597669885326,2.490616578500649e-05,3643,0.07494293345452323
149,0.10606951503464568,0.08954204401092491,0.0012984974481982995,0.0001,2.46352124004673e-06,0.0037944183001128455,4.274716772012103e-05,3481,0.10606951503464568
150,0.1049386254021693,0.08993385647968744,0.0014730844873335586,0.0001,2.7498255932152327e-06,0.003733425498482728,4.46503132619873e-05,3546,0.1049386254021693
151,0.07290933623076114,0.09026594328777642,0.0012117694929001076,0.0001,1.770583617656641e-06,0.0029223109312962355,4.068604353353851e-05,3668,0.07290933623076114
152,0.10019660889740253,0.09060237711817329,0.0011665063936086685,0.0001,1.974964777502307e-06,0.0033861190788549668,4.940194318481148e-05,3554,0.10019660889740253
153,0.09703996970099754,0.09096089815096972,0.00128384134859113,0.0001,2.0431100594113816e-06,0.0031828076913918723,4.90934464612034e-05,3575,0.09703996970099754
154,0.08609110842482753,0.09121425517835843,0.0010332581867238877,0.0001,1.5174307303758986e-06,0.0029371763028312567,2.535907355358892e-05,3585,0.08609110842482753
155,0.09648127935634558,0.09153623580722459,0.0011332009031021983,0.0001,1.8986038807318231e-06,0.003350868986310006,3.3453224690765376e-05,3541,0.09648127935634558
156,0.08916292346128399,0.09188789822597093,0.0012606607743273304,0.0001,2.0196197700344396e-06,0.0032040653777176153,3.885970635859327e-05,3607,0.08916292346128399
157,0.09156593834963744,0.09224636763516467,0.0013398940723024432,0.0001,2.1729317563286174e-06,0.0032434381213355184,4.067258285633906e-05,3587,0.09156593834963744
158,0.08976826586706708,0.09255298366406037,0.0013601468829420012,0.0001,2.295072233533005e-06,0.003374741746374859,3.4837701954666165e-05,3532,0.08976826586706708
159,0.08924011706964535,0.09285295152702938,0.0013724964818343285,0.0001,2.303696923255676e-06,0.0033569440122379135,4.673585574779364e-05,3590,0.08924011706964535
160,0.08724249013260767,0.09327892861519628,0.0013470029185779625,0.0001,2.2113496215581484e-06,0.003283362776812214,4.307420548746138e-05,3553,0.08724249013260767
161,0.09744943816186746,0.09368224616889019,0.00141453871240191,0.0001,2.4543137829815475e-06,0.0034701260014497345,4.323550824050362e-05,3544,0.09744943816186746
162,0.0875255788859948,0.09392940710357085,0.0013943217742746028,0.0001,2.4902908999026e-06,0.0035720462031774217,3.997962950909525e-05,3608,0.0875255788859948
163,0.10090303631407813,0.0943600299311716,0.0012934537394859566,0.0001,2.0171634091958777e-06,0.0031190344851413664,4.9590803313146015e-05,3548,0.10090303631407813
164,0.10709503803644685,0.09474762358003387,0.0013938727327068568,0.0001,2.3803340215744103e-06,0.0034154251901489987,4.8344238679774224e-05,3503,0.10709503803644685
165,0.09980115319882765,0.09507856526083541,0.0013675210492066659,0.0001,2.283232852549376e-06,0.003339228824117827,4.161997040247201e-05,3505,0.09980115319882765
166,0.09452473464023867,0.09544328901934944,0.0013310984880723583,0.0001,2.158702229272604e-06,0.0032434898673782543,4.73094637787276e-05,3581,0.09452473464023867
167,0.09976873735104519,0.09574584372978392,0.0014138271340714337,0.0001,2.450026938738432e-06,0.003465808343461378,5.0461663283183955e-05,3545,0.09976873735104519
168,0.10838555636718485,0.09611621015257935,0.001414872926804051,0.0001,2.549505826635147e-06,0.003603865447328944,4.7102490231878127e-05,3530,0.10838555636718485
169,0.09404564017848302,0.09650015005413246,0.0014168310295037492,0.0001,2.449350449122274e-06,0.0034575053737779422,3.152526049264218e-05,3583,0.09404564017848302
170,0.08838277379156576,0.09683660795735188,0.0012802309925922706,0.0001,2.003285903982831e-06,0.0031295694535975658,4.524794560547942e-05,3556,0.08838277379156576
171,0.09757660422689712,0.09729289042403871,0.0013213858143855688,0.0001,2.0851247718378705e-06,0.0031559666361446943,3.0353039566315253e-05,3577,0.09757660422689712
172,0.09465842103642491,0.09772029846073146,0.0014001273526671352,0.0001,2.3840618988865867e-06,0.0034054929279756316,4.0561899057866315e-05,3551,0.09465842103642491
173,0.0964878497350555,0.09804827494459038,0.0012397520097605702,0.0001,1.863619769635395e-06,0.0030064396023771096,4.5622779242995046e-05,3538,0.0964878497350555
174,0.07941032238780549,0.09844238078783749,0.001290857310511353,0.0001,2.023288335714569e-06,0.003134797811096682,4.1049472375794276e-05,3655,0.07941032238780549
175,0.11571181572951689,0.09896929625660197,0.001493237286781073,0.0001,2.6863537859216263e-06,0.003598026662878904,4.2088553178647116e-05,3494,0.11571181572951689
176,0.10467775022640516,0.09936267865716647,0.0012958414554875956,0.0001,2.3897174038425897e-06,0.0036882867016218325,4.650453752843567e-05,3528,0.10467775022640516
177,0.1296290965473147,0.09988767775953805,0.001723404944431033,0.0001,3.5825885362315497e-06,0.00415757021912724,6.0568831536527366e-05,3436,0.1296290965473147
178,0.10011359768106157,0.10025035385108672,0.0015064674863395477,0.0001,2.88035488531638e-06,0.003823985464585284,4.739442652245902e-05,3543,0.10011359768106157
179,0.1002033729307128,0.10070083511635691,0.0013953863068796146,0.0001,2.3305739722999426e-06,0.0033403996596635807,5.316141305891541e-05,3558,0.1002033729307128
180,0.10595362730887678,0.10110930325813372,0.0013988908320395064,0.0001,2.369113818835707e-06,0.00338713181125316,5.3769058288389116e-05,3519,0.10595362730887678
181,0.09972750754072696,0.10137746573593198,0.0011782888411124377,0.0001,1.962718625996408e-06,0.003331472823154941,5.307627111171125e-05,3536,0.09972750754072696
182,0.10683657045369534,0.10184352014067638,0.0015021315826090045,0.0001,2.714728524361586e-06,0.0036145016266104463,4.0303002714615727e-05,3518,0.10683657045369534
183,0.09825120697790518,0.10222981491719599,0.0013111401795628292,0.0001,2.0977528165030164e-06,0.0031998909791666457,3.566407775679651e-05,3563,0.09825120697790518
184,0.1016094634766008,0.10259712761474418,0.0013880089549833318,0.0001,2.3675443148848625e-06,0.0034114251300537087,4.702445028937041e-05,3538,0.1016094634766008
185,0.10852721758568064,0.10307378653674565,0.0014649255147433557,0.0001,2.5992510339380284e-06,0.003548645999784361,4.7414247918662864e-05,3496,0.10852721758568064
186,0.0928861807096056,0.1034109543780514,0.0013425509677137649,0.0001,2.1956441714848332e-06,0.0032708541042934173,4.697732443531978e-05,3594,0.0928861807096056
187,0.10373517946885016,0.103726752614338,0.0015555847307028548,0.0001,3.070127367663951e-06,0.003947232583437335,4.7747969827723137e-05,3512,0.10373517946885016
188,0.09124634108034459,0.10408159340084469,0.0013382925713783318,0.0001,2.2585084711047403e-06,0.003375208858521364,3.4377395912879134e-05,3624,0.09124634108034459
189,0.1096051808967359,0.10455033807893455,0.0015434806151559735,0.0001,2.892397000027442e-06,0.00374788898755966,5.734794914602149e-05,3501,0.1096051808967359
190,0.11467975357548754,0.10492625633928607,0.0014150490467428314,0.0001,2.458016607169233e-06,0.0034741080004641687,6.225419883042428e-05,3474,0.11467975357548754
191,0.1262343267002039,0.10541325944133054,0.00157825933529742,0.0001,3.000116740368701e-06,0.0038018045238469435,6.733348049345548e-05,3434,0.1262343267002039
192,0.09908238123389593,0.10583078430505466,0.0014574669726840008,0.0001,2.5777686483001778e-06,0.0035373270154493903,4.455107622164384e-05,3547,0.09908238123389593
193,0.12131836901839524,0.10626252179150225,0.001552475350339459,0.0001,2.938488320807466e-06,0.0037855523054391117,5.1841163140619734e-05,3448,0.12131836901839524
194,0.12364980930881016,0.1066634379882968,0.0015024742782146572,0.0001,2.740721112940836e-06,0.0036482769158584847,5.772420321345843e-05,3410,0.12364980930881016
195,0.09267625765976978,0.10684904872718297,0.001101943749776268,0.0001,1.7688542377204467e-06,0.0032104256466440936,5.1390098576441376e-05,3544,0.09267625765976978
196,0.10379558524816665,0.10718392076982586,0.0013616536960956043,0.0001,2.230781896079673e-06,0.003276577447667054,5.597269616077781e-05,3497,0.10379558524816665
197,0.0890516588741996,0.10755847386399903,0.0013168418826684865,0.0001,2.119910418549455e-06,0.003219688629972199,4.665075012669548e-05,3604,0.0890516588741996
198,0.10712824171159219,0.10784526384445145,0.0011896983541320428,0.0001,2.011257826309701e-06,0.003381122314449255,4.586452006099553e-05,3510,0.10712824171159219
199,0.1226662748872852,0.10822953624837366,0.0013498262693520807,0.0001,2.548482870086234e-06,0.0037760161110355498,5.9697011681356086e-05,3441,0.1226662748872852
200,0.12443015568181867,0.10862903414141195,0.001515747941227752,0.0001,2.82016579070991e-06,0.003721154044155366,6.082107622062165e-05,3440,0.12443015568181867
201,0.09446456510662884,0.10906300891696377,0.0013943787485078422,0.0001,2.310964593825148e-06,0.0033146870551464818,4.246589258598277e-05,3573,0.09446456510662884
202,0.1079845697324659,0.10953075995496334,0.0014717641545504135,0.0001,2.612467062823971e-06,0.0035501164432449614,5.591020763349266e-05,3505,0.1079845697324659
203,0.10772492660815575,0.10999234727465049,0.0015972049350856936,0.0001,3.077926288254158e-06,0.0038541407187538145,5.816862083582633e-05,3549,0.10772492660815575
204,0.1182738533845468,0.11047232065856052,0.001578862223967401,0.0001,2.9908552912860495e-06,0.003788621003003745,5.458129907844831e-05,3451,0.1182738533845468
205,0.11460624643388742,0.11096155333854733,0.0015167539544401712,0.0001,2.753986727726826e-06,0.0036314218527860203,5.2442271263019836e-05,3494,0.11460624643388742
206,0.12192603041628786,0.11144607108997537,0.001457650700490402,0.0001,2.52059770680144e-06,0.0034584385764757325,5.3706451352040456e-05,3448,0.12192603041628786
207,0.12616454731707172,0.11183168120538649,0.0013286113605418153,0.0001,2.426358912831075e-06,0.0036524735297184144,7.01802544379499e-05,3421,0.12616454731707172
208,0.11296009068627028,0.11227371903523019,0.0013849045212230846,0.0001,2.6268543686472097e-06,0.0037935530260631845,4.816958168784507e-05,3475,0.11296009068627028
209,0.12356436393102972,0.11262917690314368,0.001521767697388521,0.0001,2.8372717217202797e-06,0.0037289156900744734,6.164235596783742e-05,3430,0.12356436393102972
210,0.1353806533497852,0.11308229431767161,0.0015311667329796334,0.0001,2.8391553166912326e-06,0.0037084861570447878,6.128974924504073e-05,3392,0.1353806533497852
211,0.09587888560927552,0.11346672435684094,0.0012748172301369925,0.0001,1.916160858665625e-06,0.0030061734550916185,5.570146202689268e-05,3571,0.09587888560927552
212,0.12421201396813095,0.11393110161084585,0.0014530071133642655,0.0001,2.5381904730335588e-06,0.0034937068782226123,4.472213358094106e-05,3446,0.12421201396813095
213,0.11252043749693885,0.11448988572775855,0.001614742842378928,0.0001,3.0767875664618192e-06,0.003810870047801452,5.21667423624793e-05,3505,0.11252043749693885
214,0.09644651535447868,0.11485358972216418,0.0011837102629346848,0.0001,1.926162149318549e-06,0.003254448676559007,4.6768027378261317e-05,3515,0.09644651535447868
215,0.08575349944314821,0.11513002152759205,0.0012506374406507758,0.0001,1.892165543532127e-06,0.0030259217932057576,5.092844655230545e-05,3612,0.08575349944314821
216,0.12327419859597016,0.11537645456600276,0.001375617765957652,0.0001,2.4338528484604037e-06,0.0035385597782913903,4.669244008256184e-05,3471,0.12327419859597016
217,0.1234100515338906,0.11567058150052527,0.0012466548592144997,0.0001,2.2646184455439275e-06,0.0036331121301220975,5.905444710100947e-05,3428,0.1234100515338906
218,0.10579191392896756,0.11599181514046181,0.0013620176432598916,0.0001,2.3657607843989944e-06,0.0034739062244989946,5.5164115789588864e-05,3510,0.10579191392896756
219,0.1317302565640095,0.116464240870981,0.0015918623309227624,0.0001,3.0371260728655824e-06,0.00381581499086675,5.453064113078994e-05,3367,0.1317302565640095
220,0.1442288005021204,0.11679509883391484,0.0014225579461418089,0.0001,2.4510255605761707e-06,0.0034459412598604098,6.453544743289341e-05,3314,0.1442288005021204
221,0.12193886085499665,0.11728480134735725,0.0015183913438368765,0.0001,2.741394520250526e-06,0.0036109195845692847,5.5815892703537726e-05,3436,0.12193886085499665
222,0.11396288777853934,0.11772592593178355,0.0014365840095739138,0.0001,2.469553840699983e-06,0.003438091784736548,6.645888739549435e-05,3475,0.11396288777853934
223,0.13954549994365417,0.11822278041626787,0.001608758091981271,0.0001,3.0755225732166516e-06,0.0038234742545151476,6.339647158298191e-05,3339,0.13954549994365417
224,0.14643223818675172,0.11865573640814231,0.0014418878667299792,0.0001,2.8381900079267282e-06,0.0039367693888199325,7.726877408514933e-05,3323,0.14643223818675172
225,0.1116370545781424,0.11905834038050166,0.001476228645278288,0.0001,2.6115642192741935e-06,0.0035381568128044012,5.8405520544172695e-05,3499,0.1116370545781424
226,0.12885799544749366,0.11942504132135029,0.0014324079002807084,0.0001,2.8156258880025933e-06,0.003931318568475943,6.58719046260342e-05,3401,0.12885799544749366
227,0.1102107453053997,0.11977465124548195,0.0013944422420055266,0.0001,2.3517439348546188e-06,0.0033730245169169195,5.489022832796102e-05,3499,0.1102107453053997
228,0.12449626458489108,0.12020421930846958,0.0013583786467817331,0.0001,2.461122116899398e-06,0.003623617203833822,5.243275410902973e-05,3421,0.12449626458489108
229,0.12834485488335345,0.1205416427337174,0.001571665247488657,0.0001,3.012666626436886e-06,0.0038337255738787714,5.934663289793613e-05,3375,0.12834485488335345
230,0.13012818775836815,0.12093927294955373,0.0014329780094564993,0.0001,2.45397044441706e-06,0.0034249938634407983,5.734801470148742e-05,3418,0.13012818775836815
231,0.10472547903443134,0.1213922884693153,0.001453267106086203,0.0001,2.5030281737679553e-06,0.0034446911559277856,6.0984709161044704e-05,3518,0.10472547903443134
232,0.14227909038664666,0.12183354259811384,0.0015028421309241284,0.0001,2.7256982945612914e-06,0.003627391378607684,6.785630571781284e-05,3341,0.14227909038664666
233,0.12044653494093119,0.12219432555359402,0.0014077948495555474,0.0001,2.3735030045880184e-06,0.0033719444354230344,6.339695571107963e-05,3456,0.12044653494093119
234,0.13047906604054943,0.12260373781221379,0.0015478561410679874,0.0001,2.9768367626476157e-06,0.003846399783113775,7.184308278881761e-05,3376,0.13047906604054943
235,0.14341821380856704,0.12301677899588918,0.0014404608130340868,0.0001,2.465218447023464e-06,0.0034228191766368134,5.244386968555623e-05,3326,0.14341821380856704
236,0.14446577391979015,0.12347326258255983,0.001455653319747064,0.0001,2.8459042639385685e-06,0.003910140176004375,7.165184845425361e-05,3308,0.14446577391979015
237,0.09133008300995019,0.12375597697105353,0.001115088228427679,0.0001,1.7846888604411268e-06,0.00320098233474783,5.490082118834729e-05,3549,0.09133008300995019
238,0.12577307252779057,0.12422469351358505,0.0015487324804326478,0.0001,2.7967636088291116e-06,0.0036116807055635827,7.307264843171053e-05,3404,0.12577307252779057
239,0.1393865157697946,0.12461988321118836,0.0014039765466336068,0.0001,2.6254872386402826e-06,0.00374007278816097,7.301147424261043e-05,3383,0.1393865157697946
240,0.12764307436418118,0.12496095184723055,0.0014639988715102839,0.0001,2.723020872218044e-06,0.003719976736606269,6.573843543989306e-05,3439,0.12764307436418118
241,0.1068391533449947,0.1252439521086994,0.0012396064215644122,0.0001,1.8780975211620474e-06,0.0030301513262440904,5.6754852339743265e-05,3522,0.1068391533449947
242,0.1238952808637646,0.12557733679137278,0.0013646205334884786,0.0001,2.330379438609872e-06,0.0034154248473054322,7.214203613400997e-05,3423,0.1238952808637646
243,0.12095716236273726,0.12590274273653435,0.0014875783164466246,0.0001,2.794644479762912e-06,0.0037573073617239504,7.100304681454546e-05,3447,0.12095716236273726
244,0.1443274422265841,0.12640156787439624,0.0016077721753168174,0.0001,3.0385045923535295e-06,0.0037797700930541113,6.59842170540583e-05,3308,0.1443274422265841
245,0.13673197627874886,0.12680385853055812,0.0014806521919201432,0.0001,2.6006887689256747e-06,0.0035128962535800434,5.99008722587178e-05,3337,0.13673197627874886
246,0.13779742299292297,0.12719662564156964,0.0013965256943038614,0.0001,2.348931371075939e-06,0.0033639644163465706,6.362799878197347e-05,3338,0.13779742299292297
247,0.13590977246284966,0.12758757834955248,0.001403183210468467,0.0001,2.3426583017241664e-06,0.003339062617406954,5.899425204711411e-05,3366,0.13590977246284966
248,0.134065860414715,0.1279755749964531,0.0011978043765022252,0.0001,1.918459034669473e-06,0.0032032927451336774,6.694251250267699e-05,3360,0.134065860414715
249,0.1332663063695868,0.1283647976234345,0.001565485445233534,0.0001,3.0467697731612096e-06,0.003892428105847643,6.801193196721363e-05,3379,0.1332663063695868
250,0.11934930151182802,0.12865673294848412,0.0012413453715184573,0.0001,2.1860850267984846e-06,0.003522122169955632,6.79012643765836e-05,3457,0.11934930151182802
251,0.12814335378687805,0.12895701799508014,0.0013638952808274238,0.0001,2.3570442491352605e-06,0.0034563419674057817,7.388878240421369e-05,3428,0.12814335378687805
252,0.12606621158477604,0.12927673489947508,0.0013533549032923057,0.0001,2.2308656569227526e-06,0.00329679325282042,6.418639947453459e-05,3416,0.12606621158477604
253,0.12905464687481052,0.1297162098489854,0.001363830662134015,0.0001,2.498843709364942e-06,0.0036644486427001837,5.2217126904999874e-05,3402,0.12905464687481052
254,0.10502341880078779,0.13011358035525103,0.001525730764108493,0.0001,2.7874637559247058e-06,0.00365393924209618,6.37430306341222e-05,3543,0.10502341880078779
255,0.13768541539661214,0.13049507730073434,0.0015746790886038801,0.0001,3.099274767785794e-06,0.0039363890588445275,8.135570568673563e-05,3396,0.13768541539661214
256,0.1444244775007913,0.13097373357460035,0.001753383496363259,0.0001,3.6084333773317734e-06,0.004115965942209589,7.385495054138375e-05,3311,0.1444244775007913
257,0.12401027688771345,0.13137359478688124,0.0013972475484027803,0.0001,2.3491912643087257e-06,0.0033625985130467826,7.936139134960276e-05,3424,0.12401027688771345
258,0.14019899295894214,0.1316661174204819,0.0014941547874200614,0.0001,2.7646028988683056e-06,0.0037005575622347815,7.587929309344837e-05,3336,0.14019899295894214
259,0.1249033540280921,0.13207743067964478,0.0014977663442161545,0.0001,2.6784066167266513e-06,0.0035765346538459935,7.16992194087885e-05,3444,0.1249033540280921
260,0.12052979008415808,0.13245172309839454,0.0014678364781302456,0.0001,2.602767640950366e-06,0.0035463999971792706,6.621981322216518e-05,3482,0.12052979008415808
261,0.12178615524091062,0.13291881133394434,0.0014862645340468117,0.0001,2.5925871130097334e-06,0.0034887290298862457,5.168059095013626e-05,3473,0.12178615524091062
262,0.13639774228309154,0.13316696145913165,0.0013807761744400523,0.0001,2.3404428324372854e-06,0.003390039422408789,7.674630917613852e-05,3368,0.13639774228309154
263,0.135628160928039,0.1336620797910633,0.0016273921844149836,0.0001,3.1183102865225885e-06,0.0038322788033341346,7.037137080030404e-05,3371,0.135628160928039
264,0.11113040741797761,0.13407388161909817,0.0015331399806786873,0.0001,2.8352114765873853e-06,0.00369856831381085,6.694340463634453e-05,3491,0.11113040741797761
265,0.13409047807608998,0.1346007918712565,0.0015941433536015087,0.0001,2.990147426492722e-06,0.0037514159811755238,6.598207950746945e-05,3370,0.13409047807608998
266,0.146781459071737,0.13513335912803837,0.0016552252277331307,0.0001,3.2084781855429327e-06,0.003876787438694392,8.262548115686624e-05,3301,0.146781459071737
267,0.13699183894713562,0.13564422099602486,0.0016518586435560999,0.0001,3.2602468682426465e-06,0.003947367870684175,5.911657166481491e-05,3336,0.13699183894713562
268,0.15299153755212558,0.13608717605698506,0.0014306456257692623,0.0001,2.7065980042271776e-06,0.00378374344488256,8.657267679658474e-05,3277,0.15299153755212558
269,0.1509486381686134,0.13652866493624,0.0015450882389925278,0.0001,3.3249622005237256e-06,0.00430391238068288,7.985192537037976e-05,3314,0.1509486381686134
270,0.14304462436108406,0.13699052555412589,0.0015567169355243547,0.0001,2.843346279077661e-06,0.0036530035926151555,7.21988839641637e-05,3355,0.14304462436108406
271,0.1261017539793558,0.1372564816119793,0.0013690888336065571,0.0001,2.309432504612813e-06,0.003373678095860489,5.839349266454905e-05,3435,0.1261017539793558
272,0.14048000141541656,0.1376243922173742,0.0015666018212680032,0.0001,2.9388462547397965e-06,0.003751873915684716,6.721478445566602e-05,3327,0.14048000141541656
273,0.14597182504132994,0.13806142926286252,0.001558862727400205,0.0001,2.9177136704794595e-06,0.003743387559654441,6.644893541927973e-05,3364,0.14597182504132994
274,0.14069837004554073,0.13841599850711916,0.0015054797695212923,0.0001,2.8763930305146043e-06,0.0038212310636751116,8.123706075743608e-05,3357,0.14069837004554073
275,0.14513077907622687,0.13884832906641587,0.0014814496150638622,0.0001,2.906651674510882e-06,0.00392406416655025,6.45837863296168e-05,3317,0.14513077907622687
276,0.1454010792242338,0.13909702016153747,0.0013545595682097193,0.0001,2.5225046869837816e-06,0.003724464757674259,8.670977487005014e-05,3304,0.1454010792242338
277,0.13886362536099278,0.13961588353490623,0.0016513942581603627,0.0001,3.1599984975054785e-06,0.0038270673182861687,7.865525601607632e-05,3354,0.13886362536099278
278,0.10892345225019873,0.13999719529443178,0.001427132314471129,0.0001,2.4367448197153824e-06,0.0034148828318254394,6.235778087144198e-05,3468,0.10892345225019873
279,0.1225286801938916,0.14021489178406576,0.001126593393443893,0.0001,1.7762375163909556e-06,0.0031532894240772352,7.184767488463902e-05,3434,0.1225286801938916
280,0.1383703384868904,0.14059142783627843,0.0014867741549110139,0.0001,2.6546442947501954e-06,0.003571012162111576,6.501886450973808e-05,3378,0.1383703384868904
281,0.138508278819731,0.14095578876291154,0.0013666770803125918,0.0001,2.459523918734035e-06,0.0035992758701587106,6.724862422406368e-05,3356,0.138508278819731
282,0.16831843599857066,0.14136238479243934,0.0015961566110902533,0.0001,3.177891087240352e-06,0.003981928922462936,9.807689009562465e-05,3209,0.16831843599857066
283,0.145368344471357,0.14173206945528954,0.001298845997325119,0.0001,2.2447873440476718e-06,0.00345658738398648,9.212980428926862e-05,3312,0.145368344471357
284,0.11473759000393069,0.14206325264262074,0.0013525512107644012,0.0001,2.2134713753364755e-06,0.003273031524012345,6.935289863220951e-05,3467,0.11473759000393069
285,0.14033023612998102,0.14248546348019744,0.001445077758549703,0.0001,2.433054681517524e-06,0.003367368526880333,7.184001304954322e-05,3295,0.14033023612998102
286,0.1295131888112778,0.14278687807638285,0.001241919985185802,0.0001,2.185711311336326e-06,0.0035198907134251886,7.489964001980652e-05,3409,0.1295131888112778
287,0.1462856405845158,0.14318485730314545,0.0015699179813666664,0.0001,2.9398139030021264e-06,0.0037451815163527446,7.631644470919279e-05,3301,0.1462856405845158
288,0.14621243988411659,0.14360165769741984,0.0014713690628516604,0.0001,2.672112521290346e-06,0.003632144495564592,7.862115259799471e-05,3288,0.14621243988411659
289,0.15217238604116748,0.14395487723403189,0.001661347309121476,0.0001,3.309976394827281e-06,0.003984689265939949,9.142202412560237e-05,3294,0.15217238604116748
290,0.13790166641043156,0.14447011735698206,0.0016398037741456985,0.0001,3.112950192056291e-06,0.0037967350010254357,7.564071892000839e-05,3391,0.13790166641043156
291,0.14598750054116733,0.14485746895194676,0.001501678542837027,0.0001,2.6976477050416913e-06,0.003592843112674694,6.996580683877484e-05,3310,0.14598750054116733
292,0.1512292250777782,0.14525852614997334,0.001406153275587104,0.0001,2.614683378851366e-06,0.0037189165992728215,7.295737203435365e-05,3297,0.1512292250777782
293,0.13477918762508767,0.1455494783676674,0.0012978279762576796,0.0001,2.2529165854594218e-06,0.003471826199887854,6.821942426500723e-05,3347,0.13477918762508767
294,0.15419561306141288,0.14590831537165666,0.0016918897625282211,0.0001,3.4366067710249603e-06,0.00406244762175235,8.398573499047937e-05,3305,0.15419561306141288
295,0.13390542636275854,0.14632964794904352,0.0015999498568822705,0.0001,3.0724164436421726e-06,0.0038406409181212867,7.989205129612731e-05,3384,0.13390542636275854
296,0.1517399029050508,0.14659368496671926,0.0012846051333073856,0.0001,2.3225056238692303e-06,0.0036159058743438655,8.241320516830559e-05,3284,0.1517399029050508
297,0.14672826372686026,0.1469152698009184,0.001498897889432993,0.0001,2.6862966226257115e-06,0.0035843624059566735,9.095160243342644e-05,3342,0.14672826372686026
298,0.15788794273454132,0.14718452144421681,0.001426123279077403,0.0001,2.470504162496183e-06,0.0034646432026471333,8.863132040396341e-05,3242,0.15788794273454132
299,0.1307955819098291,0.14757677318358361,0.001548467300405207,0.0001,2.818677752894914e-06,0.0036406035208587434,7.728747305494767e-05,3316,0.1307955819098291
300,0.15121055006894618,0.1478611155449511,0.0015144040931645247,0.0001,2.824794757684568e-06,0.003730569364457842,8.946082761185555e-05,3337,0.15121055006894618
301,0.12692275351041246,0.1481701571190677,0.0013864624064817848,0.0001,2.3059872777656673e-06,0.0033264331827319014,6.943941838691701e-05,3424,0.12692275351041246
302,0.13528118435578812,0.1484572555015094,0.0012676946287418034,0.0001,2.1714637233787157e-06,0.003425846689172944,8.280976014463379e-05,3368,0.13528118435578812
303,0.16363267550921973,0.1488063362891633,0.0015280126354740337,0.0001,2.8259891861122616e-06,0.0036989081379363827,8.860356921552952e-05,3233,0.16363267550921973
304,0.16587121556600465,0.14919212535676524,0.001527204362971012,0.0001,2.7559728675543974e-06,0.003609173643523317,8.719775377665143e-05,3208,0.16587121556600465
305,0.12978918918978494,0.1495696676592701,0.0014922282234251596,0.0001,2.8777241871270843e-06,0.003856949147526175,6.19026884095196e-05,3429,0.12978918918978494
306,0.14279251109538912,0.15001231106129903,0.0015740345183768297,0.0001,2.9211587069576538e-06,0.0037116831592359243,6.875958641160315e-05,3329,0.14279251109538912
307,0.15081511909819412,0.15034605298746384,0.0014825516611013364,0.0001,2.6222092704954038e-06,0.0035374271794986964,9.177227022451121e-05,3252,0.15081511909819412
308,0.1754814620340321,0.15088497389498823,0.0016738002519340394,0.0001,3.1771430935962345e-06,0.0037963228765500725,9.967485882702143e-05,3178,0.1754814620340321
309,0.15715037933997072,0.1512417685204462,0.001445871437995123,0.0001,2.70343291926668e-06,0.0037395204694206,8.411335077373e-05,3233,0.15715037933997072
310,0.1415094642861364,0.1517466242806531,0.001553246321857293,0.0001,2.767197085524227e-06,0.0035631142937011468,7.82836578188046e-05,3348,0.1415094642861364
311,0.13454315056340332,0.15200252199038788,0.0012995569334104983,0.0001,2.1834043252692714e-06,0.0033602288120448006,8.34850593665738e-05,3396,0.13454315056340332
312,0.16594758957500233,0.15243530647724607,0.0017454979240131407,0.0001,3.6304958799397002e-06,0.004159839814180574,8.040233828819854e-05,3238,0.16594758957500233
313,0.1660133234605658,0.15273851556883353,0.0015162059493607617,0.0001,2.903741598528464e-06,0.003830273321052054,9.037575066720127e-05,3266,0.1660133234605658
314,0.1569378376693774,0.1530124132774983,0.001462362680481093,0.0001,2.607038065911932e-06,0.0035655150404334166,7.147004531120657e-05,3236,0.1569378376693774
315,0.15877876256080833,0.1535441116114737,0.0016565461810687646,0.0001,3.0788911343889208e-06,0.0037172415349175383,9.362235518817193e-05,3274,0.15877876256080833
316,0.1695148821166213,0.15400893447563513,0.0015415774366808464,0.0001,2.7527519718894863e-06,0.003571344398782077,8.537839339217282e-05,3231,0.1695148821166213
317,0.16671345107742963,0.15436506354928736,0.001370458300247216,0.0001,2.5937949118371937e-06,0.0037852956363127583,8.245268055165498e-05,3212,0.16671345107742963
318,0.15062327235410927,0.15465287778283854,0.0013167548330215446,0.0001,2.360883019282695e-06,0.0035859113026609503,8.958816507631028e-05,3296,0.15062327235410927
319,0.1494530634842301,0.1551209051852363,0.001565436978745514,0.0001,2.837633406869322e-06,0.0036253563003772944,6.153444349866139e-05,3332,0.1494530634842301
320,0.1359480084118801,0.15552547254820248,0.0015395158425990322,0.0001,2.752793766640166e-06,0.00357618114795475,8.148637373120389e-05,3343,0.1359480084118801
321,0.17427550453202956,0.15588542119260052,0.001378271687847402,0.0001,2.478017485130499e-06,0.003595833110379987,9.086095827157691e-05,3178,0.17427550453202956
322,0.14420141769266542,0.15634803994569524,0.0016468778301261355,0.0001,3.1742871874586332e-06,0.003854915196976709,7.763543588454046e-05,3349,0.14420141769266542
323,0.14858093492197366,0.15677915706302428,0.0015096004774220718,0.0001,2.9023838726846566e-06,0.003845234439301483,7.625628907370364e-05,3337,0.14858093492197366
324,0.14860724089043031,0.1571504103632912,0.0014516601984966735,0.0001,2.4605503376447246e-06,0.0033899811267028594,8.211395649665962e-05,3356,0.14860724089043031
325,0.17542330836522463,0.1575201038179868,0.001513005916394554,0.0001,2.9840842491590553e-06,0.00394457710551461,8.657562155147975e-05,3182,0.17542330836522463
326,0.16936839711133764,0.1577907772934812,0.001509920347239894,0.0001,2.8679681088155134e-06,0.003798833645838477,8.249461430230445e-05,3204,0.16936839711133764
327,0.16283007394574253,0.1580642671794278,0.001520986100350707,0.0001,2.929525297756701e-06,0.0038521394733077633,9.530746356441194e-05,3237,0.16283007394574253
328,0.15328485745696577,0.15847687039156463,0.001465302313442143,0.0001,2.4911893525273884e-06,0.0034002394313775884,8.075784083075427e-05,3287,0.15328485745696577
329,0.1737725978583478,0.15891710130386408,0.001639463404656586,0.0001,3.104946539217606e-06,0.0037877594954527087,0.00010592808719994882,3206,0.1737725978583478
330,0.13358273717038352,0.15932980709427796,0.0015355498075131872,0.0001,2.7114659362922745e-06,0.0035315896925329645,6.921329733859056e-05,3366,0.13358273717038352
331,0.15250495219314045,0.15971475891799208,0.001597993109908292,0.0001,3.00558647329615e-06,0.00376170141743432,8.168271021230751e-05,3282,0.15250495219314045
332,0.15461021383066864,0.16007691348401482,0.0014016012757283225,0.0001,2.3026324113636348e-06,0.0032857167744330205,8.374720186280358e-05,3307,0.15461021383066864
333,0.1575789230305934,0.16046125929230337,0.0014484404756444924,0.0001,2.4457147459356823e-06,0.003377031762175034,8.938771985909771e-05,3230,0.1575789230305934
334,0.16278288364677546,0.16091837457138847,0.0016164434202819763,0.0001,2.9934383764653445e-06,0.003703734184451889,9.219097952555176e-05,3260,0.16278288364677546
335,0.16588983276212335,0.16132280439069321,0.0014268857161165156,0.0001,2.5385275353244292e-06,0.0035581371467273705,7.970503172456142e-05,3209,0.16588983276212335
336,0.17965327856367524,0.1617069442313725,0.0016175246906681737,0.0001,3.2891630997830102e-06,0.004066909295120941,0.00010253304186514353,3169,0.17965327856367524
337,0.13304846213428367,0.16182667803662104,0.0013634952365880909,0.0001,2.417101304708877e-06,0.003545448843308396,6.949569230449141e-05,3410,0.13304846213428367
338,0.15498980844314456,0.16229820685893034,0.0015704185802368638,0.0001,2.8500885158135912e-06,0.0036297182823495583,9.196989357643823e-05,3283,0.15498980844314456
339,0.14263483188246592,0.16265437930703025,0.0015415630814771151,0.0001,2.8131325636271896e-06,0.003649714497484806,8.87288730623428e-05,3337,0.14263483188246592
340,0.15441758122725383,0.16305221375289047,0.0013408351560549392,0.0001,2.3275404466482874e-06,0.0034717771772877336,8.665963061933485e-05,3310,0.15441758122725383
341,0.16373974713001443,0.1633035693442099,0.0013487330036007661,0.0001,2.2735141008491283e-06,0.0033713330878378995,9.275618703765505e-05,3246,0.16373974713001443
342,0.17521247031105236,0.1635973923977651,0.0015120732817609276,0.0001,2.7431982175597482e-06,0.0036283932143355894,8.935811495431169e-05,3172,0.17521247031105236
343,0.15701402995619035,0.16411150322025642,0.0017984096181760582,0.0001,3.7320007453078614e-06,0.004150334503985634,9.231241689794812e-05,3261,0.15701402995619035
344,0.1421012807612648,0.16458900087736925,0.0015687791685033807,0.0001,2.7673351417561777e-06,0.0035280110767868266,7.68994495759861e-05,3357,0.1421012807612648
345,0.1446984492622893,0.1649808386597721,0.001537282263071493,0.0001,2.713767971542826e-06,0.0035306046738882053,7.656046780851507e-05,3295,0.1446984492622893
346,0.16836035734826366,0.1653665358513468,0.0014908789045040205,0.0001,2.7619476026269584e-06,0.003705126679682669,8.17567326963456e-05,3206,0.16836035734826366
347,0.14958999095320302,0.1656878337979401,0.0014614025180287517,0.0001,2.5368528897201643e-06,0.0034718058282013353,7.401493685373723e-05,3296,0.14958999095320302
348,0.1282609373474495,0.16607622874965725,0.0014841402116069435,0.0001,2.5335631692351574e-06,0.0034141830393396018,7.442527964276467e-05,3387,0.1282609373474495
349,0.18365753898502096,0.1665290967681775,0.0015593574310471911,0.0001,2.7833407483646842e-06,0.0035698560098508312,9.006782393767583e-05,3148,0.18365753898502096
350,0.16709886639884147,0.1668853656061194,0.0013906887816707032,0.0001,2.5750029547853175e-06,0.0037032051868453836,9.579140419548911e-05,3222,0.16709886639884147
351,0.15873750700822686,0.16734858739360575,0.0016487619462868012,0.0001,3.1311854368487112e-06,0.0037982262313859144,9.014743963363503e-05,3267,0.15873750700822686
352,0.15600764618447646,0.16756836130077218,0.001374647305787164,0.0001,2.4820952347417016e-06,0.00361124664383695,7.742275628587978e-05,3300,0.15600764618447646
353,0.15751549778306528,0.16797030924961448,0.0014209949123816074,0.0001,2.546045579481194e-06,0.0035834689586804855,8.410297450843292e-05,3288,0.15751549778306528
354,0.18560914355564756,0.16847696769246795,0.0016067942897897553,0.0001,3.131612030468736e-06,0.003897962608366625,9.764407427271737e-05,3140,0.18560914355564756
355,0.1841706202526496,0.1687157023553334,0.0014323609601644123,0.0001,2.6254432978813244e-06,0.003665896196416809,9.86158514014318e-05,3150,0.1841706202526496
356,0.15371800935071106,0.16909653736070956,0.0013989781064517688,0.0001,2.4194628464039076e-06,0.003458900229025594,9.252740515209088e-05,3297,0.15371800935071106
357,0.15866624251240125,0.1694783041223179,0.001543354500552672,0.0001,3.0287036002098866e-06,0.003924832044906485,7.733134356465808e-05,3289,0.15866624251240125
358,0.16076490578514008,0.16968724730164977,0.0014132543945319636,0.0001,2.675207122408308e-06,0.0037858819088183674,9.311375568799994e-05,3274,0.16076490578514008
359,0.1545576352206623,0.17005029300612665,0.0014965470738083709,0.0001,2.5621810916290998e-06,0.0034241236195917757,0.00010125238998129002,3254,0.1545576352206623
360,0.15357348525174622,0.17051934734747504,0.0015903825236047704,0.0001,2.8690464695042864e-06,0.0036079954689156027,9.077117060238701e-05,3302,0.15357348525174622
361,0.17161148235056334,0.17092759350923203,0.0015543164150377614,0.0001,2.7981625982741314e-06,0.0036005057544298688,8.774305149235762e-05,3172,0.17161148235056334
362,0.14892996245109333,0.17138263305952794,0.0016638462044295669,0.0001,3.1723859070536444e-06,0.0038133162771991484,7.118284966701051e-05,3312,0.14892996245109333
363,0.17184073425637314,0.17166782208269935,0.001426834271427389,0.0001,2.555369610074185e-06,0.003581873047551376,8.17994568100593e-05,3191,0.17184073425637314
364,0.20600157441970546,0.17199958867878656,0.00130343865032332,0.0001,2.2123640019453086e-06,0.0033946576640128453,0.00010972308061997236,3019,0.20600157441970546
365,0.1504168145581668,0.17228037243225497,0.0013611870789527862,0.0001,2.3047803595546236e-06,0.0033864270315110243,8.37958631156092e-05,3290,0.1504168145581668
366,0.15993044190071526,0.17267889816345494,0.0015427915725343476,0.0001,2.7528230220039404e-06,0.00356862595182818,9.376404732287838e-05,3266,0.15993044190071526
367,0.1663370884003702,0.17297042951985758,0.0014245761262817252,0.0001,2.5174753669067566e-06,0.003534350071522817,9.119150104691013e-05,3230,0.1663370884003702
368,0.17701644188189242,0.173305896090931,0.001556694172484819,0.0001,2.8558499452441073e-06,0.003669121392913749,9.682048503643521e-05,3193,0.17701644188189242
369,0.1816268682040047,0.17374975812842658,0.0015985553327188076,0.0001,2.939232466148228e-06,0.0036773609345748556,9.684320942065513e-05,3124,0.1816268682040047
370,0.1651856042408285,0.17402088000794524,0.0014638919017557208,0.0001,2.928871755538872e-06,0.004001486383012469,8.800352282682188e-05,3173,0.1651856042408285
371,0.171554695110774,0.17439016758114806,0.0015943068736139429,0.0001,2.9640786839813525e-06,0.003718328927808532,8.61912913794715e-05,3215,0.171554695110774
372,0.16191220805434914,0.17465586293473143,0.00137126631359985,0.0001,2.487099540531432e-06,0.0036274493376888908,9.972012598547741e-05,3240,0.16191220805434914
373,0.16740115738506695,0.17487972576400937,0.00131116337151616,0.0001,2.319892448202111e-06,0.0035386779383861375,0.0001001375088933527,3248,0.16740115738506695
374,0.16867161363040423,0.17532975689932728,0.0016157576700469075,0.0001,3.0191105844262654e-06,0.0037370834010506254,9.83609670237714e-05,3199,0.16867161363040423
375,0.16104114475824452,0.1755943152249543,0.0012374346814121812,0.0001,1.916218050447494e-06,0.0030970815336461613,7.453790515567862e-05,3255,0.16104114475824452
376,0.1754013368386645,0.17581327807399355,0.001334210647084724,0.0001,2.433017662942461e-06,0.0036471267385830746,8.770062756275726e-05,3169,0.1754013368386645
377,0.1615010672976795,0.17629543294228364,0.0015779906689002,0.0001,3.0846405094388833e-06,0.003909580164486981,9.845669755342864e-05,3264,0.1615010672976795
378,0.16904291592655996,0.17658814496896763,0.0014082145680464544,0.0001,2.486194274875511e-06,0.003530987864050411,0.0001059717288928005,3248,0.16904291592655996
379,0.2016081376560172,0.1769407318877051,0.001505920063786495,0.0001,2.863422571821649e-06,0.0038028878699203203,0.00012170429809526581,3099,0.2016081376560172
380,0.1909651174422985,0.17718046278478633,0.001455201513843721,0.0001,2.748405541095926e-06,0.0037773538784142396,9.846773399695625e-05,3091,0.1909651174422985
381,0.15505348876520622,0.17755105845242947,0.0013877641517993354,0.0001,2.430146128627469e-06,0.0035022465819953786,8.996132809804747e-05,3262,0.15505348876520622
382,0.1793958631605601,0.17790395997416925,0.0016349615418909476,0.0001,3.1165870437485112e-06,0.003812428566538586,9.434481873189354e-05,3139,0.1793958631605601
383,0.15573681313811916,0.17820246730286546,0.0013259658611640829,0.0001,2.209064651225146e-06,0.0033320083358492794,8.608404571795032e-05,3292,0.15573681313811916
384,0.18073377132349677,0.17877016847291205,0.001729159815491541,0.0001,3.353339501719941e-06,0.0038785767187941526,0.0001055449743790837,3171,0.18073377132349677
385,0.18105048694859444,0.17911852742726736,0.0015576978010594011,0.0001,3.012168677820339e-06,0.003867462194235289,9.498483103862788e-05,3194,0.18105048694859444
386,0.17531139245186475,0.1795267323594787,0.001603067256285937,0.0001,2.922796711830498e-06,0.0036465054106365733,9.884648140262071e-05,3199,0.17531139245186475
387,0.18331126343473317,0.1799170938222759,0.0016035030992814943,0.0001,3.177839107860836e-06,0.003963620786619968,8.981018553189018e-05,3166,0.18331126343473317
388,0.1885271407283778,0.18026183257636658,0.0016293483775566939,0.0001,3.1200998077523574e-06,0.0038298743850362247,0.00010147945794541844,3100,0.1885271407283778
389,0.17929600900661652,0.1806652768672855,0.0015140360987811823,0.0001,2.574086197303916e-06,0.0034002969934152664,0.00010344387767104935,3178,0.17929600900661652
390,0.18888972536206694,0.18106076550504724,0.0014287603224505962,0.0001,2.595239112908954e-06,0.003632854401300316,9.654722486284233e-05,3114,0.18888972536206694
391,0.16140176251911903,0.18139104618068713,0.001373876438822907,0.0001,2.354900416881758e-06,0.0034281109280822363,8.609514051317623e-05,3253,0.16140176251911903
392,0.17920751817885172,0.18179366416234338,0.0015758726207812143,0.0001,2.899177371361438e-06,0.003679456490492507,0.00010100629062900153,3157,0.17920751817885172
393,0.20517736731959654,0.18217336942812695,0.001691785590904865,0.0001,3.3035503174029227e-06,0.0039054007022674684,0.00010540914541708734,3034,0.20517736731959654
394,0.18639687311496023,0.18261490247672957,0.0016367727512419398,0.0001,3.2846076011791485e-06,0.0040135169634109265,9.438113274630901e-05,3109,0.18639687311496023
395,0.18883678375017376,0.18309991661658373,0.0017146346220621995,0.0001,3.3379702203224197e-06,0.0038935061468755674,0.00010786595308904693,3111,0.18883678375017376
396,0.19969219052719223,0.18340082621197146,0.0015985800146885148,0.0001,3.148337888091334e-06,0.003938918113779612,0.00010298677743805354,3064,0.19969219052719223
397,0.20810944870350395,0.18377067095100857,0.001637790526307232,0.0001,3.1380348518134127e-06,0.003832034440800948,0.00010538797540232363,3022,0.20810944870350395
398,0.17731847360677072,0.18391741741142983,0.0013519785233242646,0.0001,2.611725038971445e-06,0.0038635599514549933,9.739850416742819e-05,3185,0.17731847360677072
399,0.17484069833708205,0.18423926442427038,0.00143205160204649,0.0001,2.5374546890453426e-06,0.003543803429176942,0.00011017900075414158,3205,0.17484069833708205
400,0.20594936665099364,0.18466129491384659,0.0015447106484071315,0.0001,2.850798925033168e-06,0.003691045864120692,0.00012137311995690714,3005,0.20594936665099364
401,0.18790684994196005,0.18491811340603626,0.0014479704327681625,0.0001,2.816804520899059e-06,0.003890693424608157,9.906292128630282e-05,3115,0.18790684994196005
402,0.16725785624805417,0.18532524006003354,0.001630073924250428,0.0001,3.0373687525729277e-06,0.003726663812464369,0.00010674141619695513,3208,0.16725785624805417
403,0.18212317970748954,0.1857792344470614,0.0016524346301486244,0.0001,3.0797773451091046e-06,0.003727563304373622,9.362000244152494e-05,3173,0.18212317970748954
404,0.17381583760738326,0.18596373360181317,0.0012983357683437986,0.0001,2.3580281759760987e-06,0.0036323857563965597,0.00010600106387622623,3205,0.17381583760738326
405,0.18085312284599353,0.18626037457275188,0.0015904569710063422,0.0001,2.9458443788233136e-06,0.0037043999712351432,0.00010356607276148101,3121,0.18085312284599353
406,0.1835857009271227,0.1864985910019179,0.0016465740944358344,0.0001,3.3559698380883064e-06,0.004076305887999728,0.00011032198221407944,3168,0.1835857009271227
407,0.18793110386050071,0.18684086083747717,0.0015716533125023676,0.0001,2.8890845521544445e-06,0.0036764909018700558,0.00010191826299193573,3118,0.18793110386050071
408,0.1682058904816504,0.18700654003890715,0.001120049900664197,0.0001,1.7926886912166015e-06,0.00320108718397908,8.456814179840378e-05,3248,0.1682058904816504
409,0.20551060508506977,0.18734987111982626,0.0015963510959504396,0.0001,2.935619487397722e-06,0.0036779120769167696,0.00011494078788324617,3025,0.20551060508506977
410,0.19131564341929702,0.1877791874282179,0.0018520291407010275,0.0001,3.901043513912329e-06,0.004212723685800873,0.0001075787033211803,3111,0.19131564341929702
411,0.19337274442034103,0.18814040705625115,0.0015768508641164159,0.0001,2.865890504671494e-06,0.0036349544143826026,9.326406392527377e-05,3101,0.19337274442034103
412,0.16664011957285363,0.18844092862668096,0.0014976736822151823,0.0001,2.6468183778285645e-06,0.0035345728635809413,0.0001005389677923592,3236,0.16664011957285363
413,0.1780808578134569,0.18883640738851537,0.0016522536705858295,0.0001,3.1495454040823897e-06,0.0038124235523297988,0.00010171921187846451,3182,0.1780808578134569
414,0.21301924920622797,0.1892623297798554,0.0017472867963160442,0.0001,3.4280094625681235e-06,0.003923808581162168,9.935376088005224e-05,3008,0.21301924920622797
415,0.16995639392565634,0.18960396224408738,0.0015534237854189338,0.0001,2.7593007556853054e-06,0.003552540886247812,0.00010286899824670462,3233,0.16995639392565634
416,0.19700742801964288,0.1897224319988185,0.0012644652470440465,0.0001,2.3043147827493855e-06,0.00364472616093832,0.00010090969069926346,3117,0.19700742801964288
417,0.1923707415892931,0.19021270777757127,0.0016190220768297903,0.0001,2.9752186572037844e-06,0.0036753280882118227,9.938369461494687e-05,3113,0.1923707415892931
418,0.21326616745066332,0.19054159179580035,0.0017261512513299083,0.0001,3.4786122099837345e-06,0.004030483663935762,0.00010792838104857767,3042,0.21326616745066332
419,0.19517203786045068,0.19096105965616933,0.0016822507802601438,0.0001,3.267324125126633e-06,0.003884467361782258,0.00010087124428903101,3098,0.19517203786045068
420,0.18033837800816266,0.19113938818671106,0.0014271662116106083,0.0001,2.569559861756306e-06,0.0036009258639278815,0.00010448517899203838,3132,0.18033837800816266
421,0.182481251514363,0.19166187641439086,0.0016906399676226793,0.0001,3.11098182161101e-06,0.003680241661369886,0.00011953212783113456,3151,0.182481251514363
422,0.1807935976966441,0.19196074479079805,0.0015075120087870066,0.0001,2.673851374666525e-06,0.0035473699168977017,0.00010211741894398166,3172,0.1807935976966441
423,0.21807248039256505,0.19241648915261467,0.0015822433380174915,0.0001,2.7546957382828676e-06,0.003482012749991323,0.00011683292330404454,2972,0.21807248039256505
424,0.1891906449296964,0.19284815760805663,0.0015368318614907574,0.0001,2.844218818352689e-06,0.003701405325620644,0.00011358605111454666,3129,0.1891906449296964
425,0.19732646575120658,0.1931965838069057,0.0014686625521845098,0.0001,2.489265155354398e-06,0.003389839485798598,0.00012066934764790155,3085,0.19732646575120658
426,0.20860111326530825,0.193463700480255,0.0014341732943149296,0.0001,2.572516654972726e-06,0.003587455804915897,0.00010895582733659918,2986,0.20860111326530825
427,0.18015290357136532,0.1937643647923602,0.0015030384854524952,0.0001,2.8033974162470224e-06,0.0037303068994977194,9.15512649984378e-05,3207,0.18015290357136532
428,0.18822934870524222,0.19390787900487427,0.0014520751320955287,0.0001,2.711161144244308e-06,0.003734188520027554,0.00010569052549159966,3122,0.18822934870524222
429,0.18640198334743863,0.1942863342184333,0.0016043858374561431,0.0001,2.895770804590325e-06,0.0036098184576121113,0.00010604967121674714,3165,0.18640198334743863
430,0.17561989536811912,0.19451792384663313,0.0014728168891297848,0.0001,2.772346122382723e-06,0.003764685403656346,0.00010533525757449833,3169,0.17561989536811912
431,0.20671640777733735,0.19470597143397383,0.0016103686203437577,0.0001,3.316675696057985e-06,0.00411915092502236,0.00010476457363179959,3055,0.20671640777733735
432,0.20972687737695433,0.19504924448732064,0.00159038853084765,0.0001,2.913372978722504e-06,0.0036637248347983573,0.00010842105154383207,3016,0.20972687737695433
433,0.20050092930367733,0.1953218231008681,0.0016390709231180985,0.0001,3.2599738875893617e-06,0.003977831394126286,0.00010096097756612443,3039,0.20050092930367733
434,0.18100848384647134,0.1956589037485328,0.0015307560596552771,0.0001,2.6811088621492267e-06,0.0035029864428601466,9.383793631015815e-05,3107,0.18100848384647134
435,0.22083224539582746,0.19612383084379958,0.0017838608356878674,0.0001,3.5280692790488067e-06,0.003955543177434424,0.00010702456169061885,2956,0.22083224539582746
436,0.1744837585552245,0.1964567248884233,0.0015591866037713816,0.0001,2.8209409383839914e-06,0.003618477649257198,0.00011711529569614986,3169,0.1744837585552245
437,0.18772474912393153,0.19679477983219185,0.0014102735941987684,0.0001,2.430601334943325e-06,0.003446992618938235,0.00011831510865337942,3089,0.18772474912393153
438,0.20386072132152716,0.1970776378094713,0.001310773643368094,0.0001,2.290162297457159e-06,0.0034943673288585202,0.00011814632215418124,3028,0.20386072132152716
439,0.21518636493362342,0.1974866507764779,0.0015755219086489782,0.0001,2.938848999325809e-06,0.0037306355223532166,9.57062262855459e-05,2960,0.21518636493362342
440,0.1948311076881047,0.1977342984298346,0.0015165538598368943,0.0001,2.9001032204751726e-06,0.003824596405414944,0.00010897092876561193,3128,0.1948311076881047
441,0.19653191864665315,0.19809726280618883,0.0015682210009780283,0.0001,2.8066270931419274e-06,0.0035793770028478915,9.6460221287238e-05,3066,0.19653191864665315
442,0.21947751934631077,0.19845482321953992,0.001571368634385579,0.0001,2.8286331308262137e-06,0.003600215848691975,9.969205555829063e-05,3018,0.21947751934631077
443,0.18803077254468265,0.1987807067414383,0.001389022775720534,0.0001,2.362672975112927e-06,0.003401921144003311,9.931017828620136e-05,3112,0.18803077254468265
444,0.16366671365567007,0.1992090868184186,0.0014781563106401475,0.0001,2.5917591485814694e-06,0.00350674570737252,0.00010796883425257267,3281,0.16366671365567007
445,0.21358602396550802,0.19971976227250632,0.0016189972925507497,0.0001,2.864921717887509e-06,0.003539130956017586,0.00011654143058978013,2978,0.21358602396550802
446,0.2103799535095803,0.19993629386165812,0.001455132980984927,0.0001,2.8257089479976535e-06,0.0038837810494612435,0.00011556470814268026,3029,0.2103799535095803
447,0.20619849022091483,0.20022525930578441,0.0015390527822320406,0.0001,2.804776315797254e-06,0.003644808479835986,0.0001046059932809347,3042,0.20619849022091483
448,0.1795154884654851,0.20055859895009168,0.0013640069355378489,0.0001,2.4057337603173224e-06,0.0035274509207223427,0.00010777274661538876,3173,0.1795154884654851
449,0.1953894272895637,0.20075717083659456,0.0013432249234211003,0.0001,2.4102684983574664e-06,0.0035887787016617894,0.00011209422075991473,3109,0.1953894272895637
450,0.2039612040832903,0.2010549625353308,0.0015808682058073037,0.0001,3.113075637514775e-06,0.003938437911622135,0.00012745478485328375,3064,0.2039612040832903
451,0.19250512761194555,0.2012686262770227,0.0014143341278867831,0.0001,2.6200289190267627e-06,0.00370496457289263,0.0001260069627751652,3090,0.19250512761194555
452,0.19761144535376907,0.20162120015849416,0.0016808652760571501,0.0001,3.2214056380251926e-06,0.0038330325266540434,0.00010675983766137814,3074,0.19761144535376907
453,0.19034455099183373,0.20205695900175247,0.0016771346480791885,0.0001,3.092386046959138e-06,0.003687701581385642,0.00010243476728974074,3110,0.19034455099183373
454,0.22215425752363216,0.20236115417392747,0.001516486000354765,0.0001,2.778506515694992e-06,0.0036644011419096397,0.0001171990685534538,2959,0.22215425752363216
455,0.22996440002015955,0.2026875341728564,0.0016246667864673863,0.0001,3.0407526697911723e-06,0.0037432323909358293,0.00011126737691956634,2851,0.22996440002015955
456,0.186704002985282,0.20296634180540532,0.001369310952157218,0.0001,2.485552158889177e-06,0.00363036920864969,0.00011214377628750231,3158,0.186704002985282
457,0.20812661661033838,0.20331526215763362,0.0015157924360986227,0.0001,2.7264783550234184e-06,0.0035974296877227903,0.00011953899320894164,2984,0.20812661661033838
458,0.20843225730998716,0.20352388176492567,0.001501943982310691,0.0001,2.6836208179538464e-06,0.003573529838077162,0.00012543018107365628,3028,0.20843225730998716
459,0.21896586227126305,0.2037040888922655,0.0014904723626567261,0.0001,2.672535532206137e-06,0.003586159125342539,0.00010401816009062949,2992,0.21896586227126305
460,0.22180519132763762,0.2040936628274519,0.0015457295208919273,0.0001,2.888777847545956e-06,0.003737753350119177,0.00011785770568372973,2995,0.22180519132763762
461,0.2121836530392734,0.2044895263028023,0.0015237254438505263,0.0001,2.761752351174304e-06,0.003624999979255088,0.00011516015821435037,3007,0.2121836530392734
462,0.21083907614134773,0.2048120314181483,0.001618606868161846,0.0001,3.147338592761629e-06,0.0038889475321896676,0.00012243943823417428,3008,0.21083907614134773
463,0.19603470013571672,0.20492876190267562,0.0014541463619230784,0.0001,2.726854474760173e-06,0.003750453938012078,0.00010174283306716896,3081,0.19603470013571672
464,0.19379730950087504,0.20521017048292411,0.0013676914989823946,0.0001,2.2316051126084965e-06,0.0032633164924529843,0.00012197338902373387,3083,0.19379730950087504
465,0.19109140986531503,0.20548516631620323,0.0014973392655214853,0.0001,2.7983488017539854e-06,0.003737761863580584,9.232376579330785e-05,3112,0.19109140986531503
466,0.21516919336336132,0.20575381809764348,0.0014191273796865824,0.0001,2.6550860436830635e-06,0.003741857259169286,0.00013300780350145798,2996,0.21516919336336132
467,0.21515501939483084,0.2059244739630032,0.0014552852635002806,0.0001,2.807693963809784e-06,0.0038586166358294083,0.00012859797064291052,2988,0.21515501939483084
468,0.24212435032960417,0.20617986270456454,0.001417581924143126,0.0001,2.4759467987798904e-06,0.0034931974746736493,0.00013363630295015703,2855,0.24212435032960417
469,0.22563085894733145,0.20643883131787405,0.0015708223069167094,0.0001,2.985385691783105e-06,0.0038010482517821793,0.0001220711154111195,2929,0.22563085894733145
470,0.23205397266912348,0.20679561411030567,0.0015132129773753598,0.0001,2.6761991378516146e-06,0.0035371083619616223,0.00011113968537004194,2930,0.23205397266912348
471,0.20415408916682656,0.20713747564921553,0.0015832642342336676,0.0001,2.98081294421343e-06,0.003765401731134544,0.0001221592319340807,3044,0.20415408916682656
472,0.18110861877932272,0.20747860742317453,0.0015766135980797562,0.0001,2.8133140220370484e-06,0.003568805984501893,9.418874780231191e-05,3184,0.18110861877932272
473,0.21141127420609496,0.20753202463502718,0.0012718474070230134,0.0001,2.2190807608440676e-06,0.0034895393088675997,0.00012104079733046646,3026,0.21141127420609496
474,0.21791116420319523,0.20779877906119115,0.0014737472420648092,0.0001,2.721871828273239e-06,0.0036938109203308593,0.00012193008279029947,2951,0.21791116420319523
475,0.19789433919018412,0.20801702807540767,0.0015903949581053142,0.0001,3.1683339531569353e-06,0.003984336012900176,0.00011693001312034541,3082,0.19789433919018412
476,0.21832603025351455,0.20826528753173473,0.0015696248897167113,0.0001,2.9772674156199484e-06,0.003793603726757023,0.00012721578749084816,2990,0.21832603025351455
477,0.21173243751537912,0.20859017006766162,0.001543204619939966,0.0001,2.871113651004042e-06,0.003720975966383168,0.00012686624908054924,2974,0.21173243751537912
478,0.19226602693579553,0.20885947287766307,0.0014844615145817096,0.0001,2.6639446859993195e-06,0.0035891057596733503,0.00011002227123693566,3087,0.19226602693579553
479,0.2191653759082211,0.20898282082199032,0.0012993213548040173,0.0001,2.2151480316959117e-06,0.003409700030721087,0.00011557527348195341,2953,0.2191653759082211
480,0.21851630920284826,0.20938909691921115,0.0015680081809102977,0.0001,2.662802626823829e-06,0.003396414201459019,0.00012128911770473745,3003,0.21851630920284826
481,0.19997799634963231,0.20954121093635453,0.0015215356821593308,0.0001,2.9702491918465266e-06,0.0039042780615321667,0.00011264032034055426,3079,0.19997799634963231
482,0.21223119646021357,0.20993257234489499,0.0017203131562739294,0.0001,3.2642079241188946e-06,0.003794899681159129,0.00011556440183164712,3012,0.21223119646021357
483,0.18824679411896933,0.2101334921552216,0.0013047262816944696,0.0001,2.1087922672547736e-06,0.0032325435562101964,0.00010503066879285418,3133,0.18824679411896933
484,0.18455532602300728,0.21050417573629962,0.001593146305490292,0.0001,2.977552977802769e-06,0.003737952964572735,0.00012022249552905525,3167,0.18455532602300728
485,0.19500065489477503,0.2108076795008278,0.001551061035629859,0.0001,3.0335997413540507e-06,0.003911644573190066,0.00010723348614050511,3101,0.19500065489477503
486,0.22001007809635933,0.21112986719758658,0.0016778896254942858,0.0001,3.2073614242008644e-06,0.003823089880844831,0.00012439155889782945,2976,0.22001007809635933
487,0.22639382307589054,0.21149984452844167,0.0016633948092568207,0.0001,3.0797591101940394e-06,0.003702980306365184,0.00013156016816221326,2962,0.22639382307589054
488,0.20732612561360375,0.21181421498491357,0.0016606623502185818,0.0001,3.149867936104497e-06,0.0037935079767297676,0.00011043422309611544,3018,0.20732612561360375
489,0.19378314732138568,0.2119348308742472,0.0013820380282511455,0.0001,2.4479377288064685e-06,0.0035425041551195666,0.00010999487150833852,3063,0.19378314732138568
490,0.21497870002022917,0.21218518279008397,0.0014133770369139731,0.0001,2.467267809135257e-06,0.0034913087515874657,0.00010049382324258872,2992,0.21497870002022917
491,0.24043167232215756,0.21243839348561305,0.0016951154241588511,0.0001,3.3795548501905758e-06,0.003987403809823245,0.00012790027935109384,2897,0.24043167232215756
492,0.21036791139764677,0.2128263876805552,0.001695437268284097,0.0001,3.169663227135915e-06,0.0037390510240981533,0.00012483352372954663,2968,0.21036791139764677
493,0.20654759350369722,0.21316242570584037,0.0015769561468508685,0.0001,2.9587510691892003e-06,0.0037524836376683435,0.00012201817259117839,3009,0.20654759350369722
494,0.20496423155699356,0.21346943096116017,0.0014562770155749068,0.0001,2.696121126570114e-06,0.00370275860668685,0.00012505375147908623,3029,0.20496423155699356
495,0.23534035334236464,0.213772452746667,0.0015531895715998453,0.0001,2.8088473741705905e-06,0.003616876427102673,0.0001244864367525235,2907,0.23534035334236464
496,0.25062532408414084,0.21402244358946634,0.0015881073472240749,0.0001,3.0683667500699967e-06,0.003864180535948447,0.0001241452374443867,2829,0.25062532408414084
497,0.25002837890174306,0.21419876211832434,0.0012215531189214293,0.0001,1.9480143544413796e-06,0.0031894058870913108,0.00012817316420107869,2825,0.25002837890174306
498,0.22048174158943462,0.21437188214642228,0.001349176290498915,0.0001,2.432911137409564e-06,0.003606513328973328,0.00012328731549060622,2992,0.22048174158943462
499,0.23891852737275013,0.21451311316261693,0.0014937281043596404,0.0001,2.8906119862495185e-06,0.003870332194745336,0.00012459071178268853,2868,0.23891852737275013
500,0.2007556258891588,0.21472395220234552,0.0013945580635647845,0.0001,2.5370993924376646e-06,0.003638571184267943,0.00011103235573316949,3045,0.2007556258891588
501,0.22072603997978085,0.21494435969459225,0.0015668012361868364,0.0001,2.894856688735311e-06,0.003695244325669025,0.00011611580204291904,2974,0.22072603997978085
502,0.21324765534421086,0.2151989830666089,0.0015514472830621602,0.0001,2.865717838438233e-06,0.003694250999985044,0.00013668905425928102,3010,0.21324765534421086
503,0.23667787548206048,0.21542678201420049,0.0014182215469994625,0.0001,2.5047501175073185e-06,0.003532240957425346,0.00013816861096152888,2845,0.23667787548206048
504,0.20945237192151817,0.2155667896888086,0.0015204983299046714,0.0001,3.032800438695709e-06,0.003989219033059843,0.00011587460797309683,3018,0.20945237192151817
505,0.2059696277849425,0.21566763407161121,0.0012996418072982916,0.0001,2.1760765680175284e-06,0.003348732790523533,0.00011033418886705705,3041,0.2059696277849425
506,0.22215417057816378,0.21590724401520356,0.0014679507319049594,0.0001,2.6947143806077054e-06,0.00367139621519964,0.00011766665595685811,2999,0.22215417057816378
507,0.21897704182348138,0.21610877340568385,0.0015123382645963438,0.0001,2.704488567311625e-06,0.0035765656806064834,0.00011436251704618461,3018,0.21897704182348138
508,0.20052924728058336,0.21633953412583673,0.001420884606050157,0.0001,2.4986027953384585e-06,0.0035169679292735723,0.00010163436680506017,2977,0.20052924728058336
509,0.22049715003421202,0.21653215965672895,0.0015835663368670536,0.0001,2.9769109092175662e-06,0.0037597552308507916,0.00012922994736106359,2992,0.22049715003421202
510,0.23929448117711027,0.21694271395977913,0.001553967191400125,0.0001,2.766345109710068e-06,0.0035603648841744085,0.00012938413606132415,2874,0.23929448117711027
511,0.20836856786919417,0.21729367209839828,0.0014980015947950588,0.0001,2.526990962410954e-06,0.0033738161176746547,0.00011600835309246085,3031,0.20836856786919417
512,0.2171928645538474,0.21768805041022027,0.0016800178794357256,0.0001,3.280459482218664e-06,0.0039052673455123995,0.00011592840084402608,2953,0.2171928645538474
513,0.20872850983969143,0.2178548961513352,0.001397402112359118,0.0001,2.601931085639735e-06,0.0037239547051308108,0.00011719614741318127,2997,0.20872850983969143
514,0.217494884605306,0.21801180462793002,0.0011613264087437143,0.0001,1.8159426192872913e-06,0.0031273595530333623,0.00011466625883388442,3000,0.217494884605306
515,0.21939885118481467,0.21839124433254037,0.001685911077819387,0.0001,3.1488781097152005e-06,0.003735520990570942,0.00011792342558994885,2969,0.21939885118481467
516,0.218519454745918,0.2186440665777723,0.0017288993567428593,0.0001,3.4228161948893043e-06,0.003959532035846992,0.00012128673552953667,2943,0.218519454745918
517,0.20810889887370337,0.21892695721738004,0.0015260412258240698,0.0001,2.959400982182648e-06,0.0038785334656795487,0.0001361707557271586,2991,0.20810889887370337
518,0.2251243340669807,0.21916091791769488,0.0014206687344158974,0.0001,2.50127324076298e-06,0.0035212617553540644,0.0001330852280879915,2947,0.2251243340669807
519,0.2126252604948623,0.21939681774563893,0.0013485102602488381,0.0001,2.254143457817961e-06,0.0033431610040579266,0.00010501609820268491,3015,0.2126252604948623
520,0.24190322573701684,0.21984033483452425,0.001758766077308725,0.0001,3.3593456647800977e-06,0.003820116510230388,0.00012065079159366576,2911,0.24190322573701684
521,0.2215510031916776,0.2201165863664388,0.0015401383045461415,0.0001,2.9427224204681016e-06,0.0038213742386405784,0.00011783136635774822,2977,0.2215510031916776
522,0.1938826678170455,0.2204150634877489,0.0015270633728264686,0.0001,2.678203334904615e-06,0.003507651853305185,0.0001238818774485677,3093,0.1938826678170455
523,0.23076281828727221,0.22055410789394414,0.0013985635382955483,0.0001,2.4672659544223747e-06,0.0035282858259400515,0.0001246540600780414,2932,0.23076281828727221
524,0.2015467056044423,0.22084938156274653,0.001413183635012126,0.0001,2.230297362903673e-06,0.003156415497104926,0.00010135900429118837,3069,0.2015467056044423
525,0.22931247435338672,0.22122752775356222,0.0015020613138996258,0.0001,2.5338545869508472e-06,0.003373836425322076,0.0001233822980195952,2889,0.22931247435338672
526,0.21857089930775095,0.22158332134363629,0.0016590922348296644,0.0001,3.1322939367357545e-06,0.0037759129612915587,0.00013291182916009493,2987,0.21857089930775095
527,0.2324157155446266,0.22183382795321926,0.0014802334766793408,0.0001,2.6083644683812658e-06,0.0035242608811046484,0.00013873854890782405,2907,0.2324157155446266
528,0.20424834027690614,0.22187807778132929,0.001357902161793455,0.0001,2.359824537012792e-06,0.0034756915533532165,0.00012550655313365845,3008,0.20424834027690614
529,0.260198016656387,0.22222105713578794,0.001650798776089555,0.0001,3.012521607808948e-06,0.0036497744624515278,0.00013307341298765687,2771,0.260198016656387
530,0.21511990201591288,0.22254685267850954,0.0015793837104353299,0.0001,2.8179456343850158e-06,0.0035684116731940934,0.00011557240014834989,3011,0.21511990201591288
531,0.23484711448431633,0.2228559562868454,0.0016709623250108284,0.0001,3.1309502083970556e-06,0.0037474815099457926,0.00011901743139695473,2881,0.23484711448431633
532,0.2318536652207744,0.22329114422419294,0.0017267421164408586,0.0001,3.2383925778690463e-06,0.0037508699730379944,0.0001146135819595942,2910,0.2318536652207744
533,0.22665771523512934,0.22360124578229493,0.0015803022992808729,0.0001,2.9097748419351995e-06,0.0036825547153342907,0.00011352377273026792,2929,0.22665771523512934
534,0.2013396604250272,0.22377595654538296,0.0013823270203330267,0.0001,2.3794535751814943e-06,0.003442678237756276,0.00010689363521082068,3054,0.2013396604250272
535,0.21523288993034467,0.2241401808930607,0.0015933915087764704,0.0001,2.7780481678306804e-06,0.0034869624351944505,0.00012259937769617114,3002,0.21523288993034467
536,0.20978048140814137,0.22433427454755525,0.0015080402908364604,0.0001,2.7291738844194907e-06,0.0036194973052155097,0.00010947728995307083,3028,0.20978048140814137
537,0.2310870589450318,0.22459129949602508,0.0014574671696847782,0.0001,2.5823104563501677e-06,0.0035435590043632623,0.00010897762204585929,2888,0.2310870589450318
538,0.23102099593834152,0.22467267239343688,0.0013112946951875104,0.0001,2.2271564162132083e-06,0.0033968816077529127,0.00010861013858163131,2945,0.23102099593834152
539,0.21174095832700907,0.22477255040304767,0.0013319545208537137,0.0001,2.416892142566595e-06,0.003629091090914265,0.00014711998605341652,3023,0.21174095832700907
540,0.23448211152551246,0.225072332370538,0.0014986749992222782,0.0001,2.643312627763644e-06,0.0035275328261769414,0.0001127879574258653,2887,0.23448211152551246
541,0.23104032613205078,0.225332874687104,0.0014977554770527327,0.0001,2.790755767883304e-06,0.0037265839593188126,0.00011772136597615127,2947,0.23104032613205078
542,0.21371327985998143,0.22565887157069742,0.0014497335011784134,0.0001,2.586262581995382e-06,0.0035679144889638587,0.0001264833512294429,3014,0.21371327985998143
543,0.2145765465980597,0.22601311410986447,0.001500768888687882,0.0001,2.443797376149311e-06,0.0032567271277670427,0.00012733478663153568,2997,0.2145765465980597
544,0.2183736358052339,0.22646172108330068,0.0018221567652614787,0.0001,3.5489897480591567e-06,0.0038953725779459786,0.00012761705802147216,2976,0.2183736358052339
545,0.21631736991713316,0.2266139509419927,0.0013949654757494823,0.0001,2.4561896564722912e-06,0.0035215060145522776,0.00010651066214075695,2960,0.21631736991713316
546,0.23760355602844746,0.22689757102798053,0.001649723132208199,0.0001,3.161359659879472e-06,0.0038325942070629826,0.0001373778659509604,2908,0.23760355602844746
547,0.23442244428294184,0.22724577127316078,0.0016082144307842238,0.0001,2.8817287660555745e-06,0.003583761855252521,0.00012014071274594087,2895,0.23442244428294184
548,0.23415403754546238,0.22756282714978998,0.0015286662514990528,0.0001,2.5417344742462444e-06,0.0033254276029888773,0.00012430142313777103,2876,0.23415403754546238
549,0.2071898419390907,0.22788608798194415,0.0016020871152935996,0.0001,2.8546269961300473e-06,0.0035636351717452095,0.00011837827518090891,3017,0.2071898419390907
550,0.198403876914238,0.22827697575959804,0.0016090384460518096,0.0001,2.844977598851809e-06,0.0035362456451338304,0.00011026006149367021,3065,0.198403876914238
551,0.20578565709993757,0.2284179376250714,0.0012683185918243936,0.0001,2.1320341410742684e-06,0.003361985158646104,0.0001166371779786035,3035,0.20578565709993757
552,0.2556490605511536,0.22850444406267967,0.0014229575289509524,0.0001,2.711861269043677e-06,0.0038115842727125433,0.0001320740905365761,2824,0.2556490605511536
553,0.2140365714422443,0.22863686522668514,0.0014822125662457177,0.0001,2.6359003143501373e-06,0.0035567102511167947,0.00010230771639661394,3038,0.2140365714422443
554,0.2492119888346568,0.22890024750004334,0.0014848314440882799,0.0001,2.5993186328322786e-06,0.003501163237323976,0.0001300984400882324,2819,0.2492119888346568
555,0.21862537685896405,0.2291136482606082,0.0014361876686913527,0.0001,2.3726629214733405e-06,0.0033041126493382287,0.00010608597428489644,2975,0.21862537685896405
556,0.224880599916506,0.22923681673608182,0.001520862728825654,0.0001,2.9035135378825225e-06,0.0038182453719863237,0.00012204293551866997,2940,0.224880599916506
557,0.24974883952152302,0.22942746645329792,0.001281893108924561,0.0001,2.0881144358357004e-06,0.0032578604585643094,0.00012753329081257155,2831,0.24974883952152302
558,0.21138007766487715,0.22966470802056466,0.0016361410960298887,0.0001,3.23914169593775e-06,0.003959489439874785,0.00011842863725973897,2996,0.21138007766487715
559,0.21446833544193644,0.22993716908831688,0.0014735389178690565,0.0001,2.6250224835537243e-06,0.003562881783061249,0.00010808478096008895,3003,0.21446833544193644
560,0.20214541351085508,0.23023706149315715,0.0014683272997677952,0.0001,2.5335826716206953e-06,0.003450978091902755,0.00012689417520600133,2983,0.20214541351085508
561,0.22378226718480765,0.23050629174206072,0.0015425475201837264,0.0001,2.6878439664329973e-06,0.0034849415415258763,0.00011627923370720217,2973,0.22378226718480765
562,0.20513120145470387,0.23063510620008137,0.0014499978461314943,0.0001,2.549440965882138e-06,0.0035164755212345883,0.00012761058050482697,3058,0.20513120145470387
563,0.23357992054160043,0.23082569076566492,0.0015751734291237923,0.0001,3.0375346105420944e-06,0.003856762124576664,0.00012044875209135454,2913,0.23357992054160043
564,0.2593552270225208,0.23105725228248059,0.0015674843058482155,0.0001,2.8606580138982505e-06,0.003649998922764662,0.00013355730271168972,2799,0.2593552270225208
565,0.23378815575944617,0.2311806254828233,0.001480351769305619,0.0001,2.750318825331812e-06,0.0037157638912025484,0.0001230562939141454,2923,0.23378815575944617
566,0.24153216838222358,0.23135927601159878,0.0015006919306728551,0.0001,2.6745632050342316e-06,0.0035644400431140534,0.00013882170076596294,2862,0.24153216838222358
567,0.2303389402841735,0.23174854405763246,0.0016238673918445672,0.0001,2.7731792699033645e-06,0.0034155243018375806,0.00013238980321028776,2896,0.2303389402841735
568,0.2358907462180914,0.232026545379665,0.001661472538941724,0.0001,3.1575034126531233e-06,0.0038008493533866023,0.0001351350577684398,2907,0.2358907462180914
569,0.22858395570155263,0.2322731517895854,0.0014087791697015126,0.0001,2.484703755451446e-06,0.0035274566928440547,0.00013471989210499005,2940,0.22858395570155263
570,0.23600507172767,0.23264860671034993,0.001686383985524819,0.0001,3.14568604995675e-06,0.003730687763828334,0.00012612469497966545,2897,0.23600507172767
571,0.23858879088979423,0.23290014906296555,0.0014331316312631548,0.0001,2.402101761639847e-06,0.0033522416353655485,0.00011061661994382314,2884,0.23858879088979423
572,0.2525727733177716,0.23312707088213114,0.001425835494611757,0.0001,2.5592050526461295e-06,0.003589762019976898,0.00011582452276739157,2773,0.2525727733177716
573,0.2394726276769475,0.2334214290817982,0.0015488975408215547,0.0001,2.8223208782601067e-06,0.003644296415840536,0.00013149699026318126,2862,0.2394726276769475
574,0.22183428967237584,0.23349538467348727,0.0014364659113569492,0.0001,2.6220065434910404e-06,0.0036506352469084027,0.0001434351740168725,2961,0.22183428967237584
575,0.24109854013171522,0.23367599875041023,0.001420102966868055,0.0001,2.629903680226127e-06,0.0037038211194308107,0.00010891904646263416,2873,0.24109854013171522
576,0.2390953221511728,0.23395889002449521,0.001594193736276092,0.0001,2.8843102622863177e-06,0.003618519125566047,0.0001274050434419155,2886,0.2390953221511728
577,0.24531364247653453,0.23415476701364252,0.0015017562165757785,0.0001,2.769916748822701e-06,0.0036889033229887493,0.00014066054773271227,2877,0.24531364247653453
578,0.23691405858534914,0.2344163997737751,0.0015206272606116023,0.0001,2.6780955462778903e-06,0.0035223563533916258,0.00011277032737609346,2921,0.23691405858534914
579,0.21613030846695283,0.2345149547501665,0.0014592031177780933,0.0001,2.6063171794096913e-06,0.0035722472733998693,0.0001019573600985143,2992,0.21613030846695283
580,0.2460176185177973,0.23467251929688537,0.001444372793193148,0.0001,2.7697244591200794e-06,0.0038351933409059985,0.00011100122586194737,2841,0.2460176185177973
581,0.2079697023238325,0.2349091764974498,0.001503053432516688,0.0001,2.7419310659873646e-06,0.0036484811606415342,9.520232241260181e-05,3021,0.2079697023238325
582,0.24820256343860342,0.2352209225430517,0.0014803575707933734,0.0001,2.5477582900873605e-06,0.003442084993994972,0.00011109356372583416,2804,0.24820256343860342
583,0.21419696766892315,0.23547590676839114,0.001470652416108674,0.0001,2.426079208337106e-06,0.0032993237311049715,0.00012344417076703867,3004,0.21419696766892315
584,0.22452335288198566,0.23569999503081357,0.00135093630390384,0.0001,2.3905586486986154e-06,0.003539113786180072,0.00011929416692200339,2942,0.22452335288198566
585,0.23853692081918967,0.23598830979298968,0.001549809249385088,0.0001,2.791603580252358e-06,0.003602512478693714,0.0001308630336375673,2893,0.23853692081918967
586,0.25225849965848646,0.23616842475229355,0.0014029726732359903,0.0001,2.4372545135703793e-06,0.003474414805170499,0.00013968898331977707,2810,0.25225849965848646
587,0.24393910311479358,0.2363973619314249,0.0014762764569387745,0.0001,2.6647758332767797e-06,0.0036101311793625586,0.000142046472633876,2834,0.24393910311479358
588,0.24469321219407758,0.23657127669672162,0.0014813407697412656,0.0001,2.6768003740687475e-06,0.0036140237665048315,0.0001468726533427827,2803,0.24469321219407758
589,0.23787074457690724,0.2369284556496478,0.0016098324963907795,0.0001,2.798395640262154e-06,0.003476629582936256,0.00015356358925723522,2887,0.23787074457690724
590,0.24828605482560362,0.23715336176261453,0.0013446498946911212,0.0001,2.1479432741824626e-06,0.003194799304507239,0.0001404696723600373,2836,0.24828605482560362
591,0.228378280283897,0.23748439481569267,0.0017166274181923222,0.0001,3.177782828022531e-06,0.0037023559036111217,0.0001388644836599747,2914,0.228378280283897
592,0.22899070508864833,0.23765194854742605,0.001347921981717046,0.0001,2.374216349779488e-06,0.0035227800747860798,0.00011920129008532963,2914,0.22899070508864833
593,0.22484627936649088,0.23774696432211098,0.0013396560878968034,0.0001,2.3269140159405507e-06,0.0034738975726131254,0.00012749596768255535,2954,0.22484627936649088
594,0.2327411566557784,0.23802994348158485,0.0015850514767622556,0.0001,2.846984030110144e-06,0.0035922922023019794,0.00011681398306538288,2893,0.2327411566557784
595,0.21169027082258574,0.238228388857976,0.0013582011252111284,0.0001,2.2483803390779566e-06,0.003310820904714612,0.00010356152370632738,3030,0.21169027082258574
596,0.25052451847275575,0.23855713146587376,0.0015238158226091154,0.0001,2.569212663077307e-06,0.0033720776815117167,0.00014267962739554914,2840,0.25052451847275575
597,0.25100829465635865,0.23890335452379713,0.001801699923379055,0.0001,3.5408405194618563e-06,0.003930555220117982,0.00013717222225116256,2795,0.25100829465635865
598,0.2506835526736924,0.239117461264357,0.0016241004070823952,0.0001,3.129511568863728e-06,0.0038538400153297404,0.00013795661674197884,2817,0.2506835526736924
599,0.2544383594451513,0.23920316251725618,0.0013325796959920806,0.0001,2.421714571361774e-06,0.003634626249590052,0.0001484685024503622,2786,0.2544383594451513
600,0.23354983415930203,0.23950746615936128,0.0015626999438392666,0.0001,2.7701182962859124e-06,0.0035452977485623256,0.00012758188036319333,2920,0.23354983415930203
601,0.22732795844050485,0.23971948899991596,0.0015068377221062945,0.0001,2.5913386054361494e-06,0.0034394395194910746,0.0001320938180300037,2924,0.22732795844050485
602,0.2507155310271458,0.23994122503055787,0.0014037437132521822,0.0001,2.4156999848486723e-06,0.003441796336529263,0.0001323940219720397,2834,0.2507155310271458
603,0.25746075247050537,0.24000324611719598,0.001420290910994756,0.0001,2.513001648626433e-06,0.0035387139763731275,0.00015291777567155346,2827,0.25746075247050537
604,0.23218871289427612,0.24017545561699055,0.001507449595098496,0.0001,2.6578399231117184e-06,0.0035262736900175517,0.00012890352154186596,2903,0.23218871289427612
605,0.23628413663118997,0.24028138453649167,0.001235813912021417,0.0001,1.936583934500873e-06,0.0031341028218936436,0.0001272020795441371,2919,0.23628413663118997
606,0.22359862460048216,0.2406404498146914,0.0015781237108358857,0.0001,2.6324949825531485e-06,0.0033362339903742944,0.00012656339876518228,2917,0.22359862460048216
607,0.2596740255113975,0.2408543199929718,0.0014293683369275745,0.0001,2.492825304160594e-06,0.0034880096889776066,0.0001348431288168386,2758,0.2596740255113975
608,0.2552697449843041,0.24109322591041388,0.001519855012416687,0.0001,2.77527425174744e-06,0.0036520250011671026,0.0001334214413488683,2816,0.2552697449843041
609,0.25589986327006614,0.24117952804530696,0.0015057002604715191,0.0001,3.068750627068488e-06,0.004076177321119,0.00012155082549078799,2773,0.25589986327006614
610,0.24934683370877703,0.2413122759860063,0.0014884203931303415,0.0001,2.851097626405938e-06,0.0038310381120346113,0.00014351701801517452,2822,0.24934683370877703
611,0.2179249052242812,0.24154927564421425,0.0014248198423325467,0.0001,2.459410393917835e-06,0.003452240516094412,0.00010653140822036731,2983,0.2179249052242812
612,0.24074487992240184,0.24175698975461077,0.001463779726793332,0.0001,2.5777761897439148e-06,0.0035220821036932772,0.00014956419062465176,2866,0.24074487992240184
613,0.2366030528383211,0.24202891819743377,0.0014001557499479299,0.0001,2.2600374567438392e-06,0.003228265793755997,0.00013277632975641893,2884,0.2366030528383211
614,0.24353302532705778,0.24235705721148226,0.0017390013176135455,0.0001,3.2354785760006793e-06,0.003721076623956524,0.00015356036881091308,2813,0.24353302532705778
615,0.23756370587697861,0.24266556011679832,0.0016642482183503293,0.0001,3.085118347460091e-06,0.003707521886991336,0.00013674846109860557,2881,0.23756370587697861
616,0.2539206974589445,0.24302641423661878,0.0016192578589760843,0.0001,2.8015393851555494e-06,0.0034602757919323167,0.0001245053810761526,2757,0.2539206974589445
617,0.25078909513939185,0.24317746537320925,0.0014985525404105767,0.0001,2.5989170647301393e-06,0.0034685698294142997,0.00011415476485279161,2804,0.25078909513939185
618,0.24443387749798834,0.24351401209374493,0.0016286356988833017,0.0001,2.9505069057781636e-06,0.0036232865432106426,0.0001154102046998368,2843,0.24443387749798834
619,0.23290046045482735,0.24367461972136145,0.0014056578171450387,0.0001,2.47497322372076e-06,0.0035214448260922474,0.00012298153830567573,2930,0.23290046045482735
620,0.22961400301227147,0.24389695607500284,0.0015010043840983822,0.0001,2.6057563456632916e-06,0.0034720169684627636,0.00011634150606658718,2907,0.22961400301227147
621,0.2398808789336634,0.24419516107659514,0.0015038195686951073,0.0001,2.5361624476479673e-06,0.003372961092464894,0.00011280490923891124,2836,0.2398808789336634
622,0.23971209523166176,0.24436356092192324,0.0013156568026841348,0.0001,2.2100406754215156e-06,0.0033596005750324938,0.00010756427864311428,2868,0.23971209523166176
623,0.21531668531196382,0.24452737774007482,0.0013106555940361874,0.0001,2.140691317012969e-06,0.0032665962389412644,0.00011562880981990689,2994,0.21531668531196382
624,0.2544244166907337,0.24465093823136613,0.001379831049372663,0.0001,2.404466288914636e-06,0.003485160433239738,0.0001410659394076595,2806,0.2544244166907337
625,0.23796723775687328,0.24478405774212117,0.0014320042165254707,0.0001,2.5922767251895968e-06,0.0036204875590092086,0.00011803809759894798,2909,0.23796723775687328
626,0.21905419799152898,0.24492121007955867,0.001496244948999406,0.0001,2.8263531279396544e-06,0.0037779283797479022,0.00013964534609876885,2965,0.21905419799152898
627,0.25416407683792036,0.24516156662700592,0.0015642866116350425,0.0001,2.8868273883446046e-06,0.0036909187445223995,0.00013388471617106323,2797,0.25416407683792036
628,0.24727877184062716,0.24537862363609877,0.0016021676376274244,0.0001,2.985074281459212e-06,0.003726294566628083,0.0001293610285817889,2830,0.24727877184062716
629,0.2262497919023166,0.24555109902095631,0.0016542196336083645,0.0001,3.1358874997156374e-06,0.0037913798579155985,0.0001238675654714001,2926,0.2262497919023166
630,0.23037511600036142,0.24580580646140454,0.00151072805807895,0.0001,2.5738376567872113e-06,0.003407413588465572,0.00014310018408851907,2908,0.23037511600036142
631,0.23743214815114316,0.24579766461404098,0.0012745631378089893,0.0001,2.235718834050474e-06,0.003508211979037365,0.0001104144463488707,2894,0.23743214815114316
632,0.23274820538087726,0.24592233169982952,0.0013769573645310799,0.0001,2.4155825556210972e-06,0.0035085800299179478,0.0001268637011524069,2902,0.23274820538087726
633,0.23539867018196708,0.24619575816195055,0.0016394212549105914,0.0001,3.099721197741656e-06,0.0037814822620568064,0.00012793550454658163,2880,0.23539867018196708
634,0.24905421189496157,0.2463348759609385,0.0015441919081058677,0.0001,2.800880267161662e-06,0.0036276323589822064,0.00014579709602350694,2804,0.24905421189496157
635,0.21978834171868789,0.24650154725022377,0.001441714897321222,0.0001,2.695668696224615e-06,0.0037395308895445305,0.00011896344226104657,2893,0.21978834171868789
636,0.23987105983158596,0.2466850319864553,0.0014273309567142004,0.0001,2.4516748954332534e-06,0.003435327852871842,0.00012816254546579715,2883,0.23987105983158596
637,0.24689448074221754,0.2468260902645522,0.0013858539133050408,0.0001,2.276753357006294e-06,0.0032857046982341736,0.00013781287321216134,2868,0.24689448074221754
638,0.25037916243804687,0.24704885933679732,0.0013762963507567615,0.0001,2.107480665410662e-06,0.003062539058905237,0.00013022385626981797,2823,0.25037916243804687
639,0.2387877862494086,0.2473217918499796,0.001524269477619148,0.0001,2.654061425583293e-06,0.003482404475787101,0.00012159663531715176,2868,0.2387877862494086
640,0.2712040927789302,0.24739240057882234,0.001353911579625796,0.0001,2.4589043218199882e-06,0.003632296759733154,0.00014347499058768216,2709,0.2712040927789302
641,0.24897324982288482,0.24756581824859114,0.0014752603446630405,0.0001,2.5238328447750335e-06,0.003421542311369447,0.00011626215123030948,2830,0.24897324982288482
642,0.25192108140898184,0.24763675475440905,0.001278964217630674,0.0001,2.2678816268816884e-06,0.0035464348347180787,0.00013319251378136302,2802,0.25192108140898184
643,0.25678499584184133,0.24775601393565422,0.0013171570411040416,0.0001,2.180199922710921e-06,0.003310463148545258,0.0001215122432630694,2809,0.25678499584184133
644,0.23546783585426556,0.24781189139185913,0.0014716574964294177,0.0001,2.598302859197518e-06,0.0035311244165189292,0.00012357408122640122,2881,0.23546783585426556
645,0.26114076606974235,0.2481151269577462,0.0016203904534824113,0.0001,2.8554681659370006e-06,0.003524419882627994,0.00013952476640144976,2764,0.26114076606974235
646,0.21998133917397658,0.24832194875639702,0.0014795986311006725,0.0001,2.4416431570591337e-06,0.003300412835936185,0.00012710697312197383,2959,0.21998133917397658
647,0.24329941931260968,0.24849673421407867,0.0014473321658555408,0.0001,2.6090887520922025e-06,0.003605376586859628,0.00014543864281241719,2853,0.24329941931260968
648,0.24664140604691204,0.2487432491707937,0.001488424108585593,0.0001,2.650120461440902e-06,0.003560974921266542,0.00012743700693209004,2858,0.24664140604691204
649,0.24784449963964825,0.24876818199747208,0.0013041806002181981,0.0001,2.4048433876195883e-06,0.0036878993403478668,0.00013652043695643927,2813,0.24784449963964825
650,0.2541535936268883,0.2489610016311561,0.001475237556525502,0.0001,2.4930147371842607e-06,0.0033798146287108374,0.00013640800977333047,2801,0.2541535936268883
651,0.25197632311461104,0.24913940063818457,0.0015920494763576054,0.0001,2.9356350995882833e-06,0.0036878691814335083,0.00013744895114781213,2818,0.25197632311461104
652,0.2410966241467987,0.24934695275129742,0.0014258096385503945,0.0001,2.2784452174912563e-06,0.003196001984960247,0.00012651960547792684,2863,0.2410966241467987
653,0.25860353087271204,0.24964431139100157,0.0015488931471707122,0.0001,2.6596270928685378e-06,0.0034342292723377977,0.00013963759388431913,2764,0.25860353087271204
654,0.23666294655202913,0.24980935025051074,0.0013737341698953362,0.0001,2.286042256886974e-06,0.003328216341974148,0.00011359347471214802,2853,0.23666294655202913
655,0.2595569509554296,0.24991056635079567,0.0013737885225339694,0.0001,2.2007675025343133e-06,0.003203939276585264,0.00014050263815003962,2774,0.2595569509554296
656,0.2351220007223367,0.25010603561561773,0.0014356676138418106,0.0001,2.513739866082999e-06,0.0035018410136818424,0.00013324555138215683,2861,0.2351220007223367
657,0.25459856210604487,0.2501569997088926,0.0013584501106143356,0.0001,2.5433543727926976e-06,0.0037444943364795475,0.00011083133879691679,2772,0.25459856210604487
658,0.2638137050882583,0.2503902502679444,0.0015177068414734222,0.0001,2.6520437858097128e-06,0.0034948037570088986,0.00012952154367395602,2747,0.2638137050882583
659,0.24784390621394226,0.2506010566631748,0.0015988303968845336,0.0001,2.8484464868536813e-06,0.0035631627875028367,0.00013001655552189557,2842,0.24784390621394226
660,0.24462473561090142,0.25079160471076134,0.0014950073456094662,0.0001,2.5929381620421627e-06,0.003468796550942839,0.00013048923839042176,2842,0.24462473561090142
661,0.2565647181034653,0.25098587838563713,0.0015340415324687868,0.0001,2.744032181709161e-06,0.003577520065305004,0.0001324605636821946,2817,0.2565647181034653
662,0.24460340357071275,0.2511441084771341,0.0013790134868558882,0.0001,2.4477486709994388e-06,0.0035499996110701375,0.0001323955201866855,2847,0.24460340357071275
663,0.24764704065850984,0.25122112196890267,0.0014594598773097955,0.0001,2.685626149855445e-06,0.003680301447965566,0.00013338079904985197,2830,0.24764704065850984
664,0.26307692661044424,0.25138224432473855,0.0014691573118436028,0.0001,2.5081780177530324e-06,0.0034144444540191443,0.00014416561847338644,2750,0.26307692661044424
665,0.24467593203772314,0.25176192079756143,0.0015989188682868434,0.0001,2.662640234854419e-06,0.0033305507711060985,0.00013601689550811979,2867,0.24467593203772314
666,0.26333358187251255,0.2520037002837413,0.0015563274891163866,0.0001,2.742123170742503e-06,0.003523838253733292,0.00013953531489680425,2731,0.26333358187251255
667,0.24836709353506636,0.252283544722571,0.0014844716315126042,0.0001,2.5487930076375268e-06,0.0034339396638256147,0.00012509696677253935,2836,0.24836709353506636
668,0.2561023277421693,0.25257531798687344,0.0015773250803793055,0.0001,2.7512228378685863e-06,0.0034884664830245253,0.00014408661110585337,2783,0.2561023277421693
669,0.26598745130523715,0.2528364123078629,0.0015303319404897588,0.0001,2.6112253000091797e-06,0.003412626020435145,0.0001354923387055597,2730,0.26598745130523715
670,0.26183551568301944,0.2531974418800941,0.001572354123475224,0.0001,2.6266366636456666e-06,0.0033410242952653228,0.00013182214636558954,2756,0.26183551568301944
671,0.24478518723430365,0.2534463393446664,0.0013718358479140977,0.0001,2.212984419168179e-06,0.0032263108192325837,0.00012147506432508619,2856,0.24478518723430365
672,0.25700778434704763,0.2535918305273853,0.001470210158548468,0.0001,2.7200624368117453e-06,0.003700236215885287,0.00014089535008446227,2781,0.25700778434704763
673,0.23006862009902418,0.2538083013115935,0.0015005138913570407,0.0001,2.5736081576703123e-06,0.0034303023417434444,0.0001294720719906521,2949,0.23006862009902418
674,0.27813554013944525,0.253919474152144,0.001231085923081256,0.0001,1.938945619626832e-06,0.0031499761036563405,0.0001338118926387847,2702,0.27813554013944525
675,0.24099628893101696,0.25415154779441396,0.001541237086066771,0.0001,2.708640959751773e-06,0.00351489201011145,0.00013047577411984523,2877,0.24099628893101696
676,0.2678302086376904,0.25455277034380885,0.0016575316788280498,0.0001,2.9992560892079983e-06,0.0036189427056122496,0.00014619561033507825,2758,0.2678302086376904
677,0.25836695708500845,0.2547377998237057,0.001332272139757089,0.0001,2.1817849404620476e-06,0.0032752841936030414,0.00012818232318089666,2778,0.25836695708500845
678,0.2471070278760703,0.25491263043137047,0.0015717064565422992,0.0001,3.053512128411169e-06,0.003885601049357259,0.00012143098094423104,2837,0.2471070278760703
679,0.2605274665608793,0.254923431072871,0.0011985434095934655,0.0001,1.9377158221656277e-06,0.0032334512152928725,0.00013008191511631946,2770,0.2605274665608793
680,0.25367237017158295,0.2551228901597825,0.0014726232622591,0.0001,2.654396489224485e-06,0.0036049905732881975,0.00012757213427085434,2821,0.25367237017158295
681,0.2645300522877744,0.2554784485546535,0.0016805562564609835,0.0001,2.9498541349210515e-06,0.003510568746009172,0.00013184449697156223,2734,0.2645300522877744
682,0.2452354850341841,0.2557121683597372,0.0015035123226244179,0.0001,2.4770123363782794e-06,0.003294967788564038,0.00012779377069848332,2847,0.2452354850341841
683,0.27155238313697994,0.25578014481219075,0.0013998942863432734,0.0001,2.5308340946394216e-06,0.00361575030247509,0.0001414993488867263,2710,0.27155238313697994
684,0.24950711162538525,0.2558131128785468,0.0011893230928910867,0.0001,1.948436072029429e-06,0.0032765462701864114,0.00014095066445173957,2816,0.24950711162538525
685,0.2606941241996004,0.25604550430493644,0.001437945114017025,0.0001,2.3710119058043583e-06,0.0032977780343517145,0.00012755913892800274,2772,0.2606941241996004
686,0.2790640374422305,0.2560365596232268,0.0013916766041660355,0.0001,2.5375659698307167e-06,0.0036467753531738887,0.00014944596580509974,2694,0.2790640374422305
687,0.25590717518587774,0.2562634929591028,0.001578272853524209,0.0001,2.7926851107471736e-06,0.003538912938293577,0.00013980393035886805,2797,0.25590717518587774
688,0.26525680917573236,0.2566016831137896,0.0016596239957531191,0.0001,2.8977753592664754e-06,0.0034920866011599167,0.00015421727509686128,2744,0.26525680917573236
689,0.282224858383635,0.25672447699932266,0.0014338726628698119,0.0001,2.5932985772055267e-06,0.0036171950890188415,0.00012749449962017842,2672,0.282224858383635
690,0.24240836587351067,0.2568603502710233,0.0014992874329189444,0.0001,2.5959338161691693e-06,0.0034628901158934916,0.00014565170454383872,2857,0.24240836587351067
691,0.26373076628823333,0.2571603781763975,0.0017578924844495701,0.0001,3.3894114150713936e-06,0.0038562215210023875,0.0001259164860507487,2722,0.26373076628823333
692,0.2713285136122898,0.25743023911837554,0.0014873198356068903,0.0001,2.4449542214491013e-06,0.0032877316134918024,0.0001388647541750809,2743,0.2713285136122898
693,0.24845173532923093,0.2575749392250394,0.0014433312690112002,0.0001,2.550592432042575e-06,0.003534313274858846,0.00013373823582891504,2805,0.24845173532923093
694,0.24517110689331398,0.2578721176185348,0.0016519312810220842,0.0001,3.0454772101995563e-06,0.003687171791208234,0.00015158069152836694,2870,0.24517110689331398
695,0.28344167671820475,0.25804843220284535,0.001557934070869241,0.0001,2.8487175435298544e-06,0.0036570450531843456,0.00013416866357174223,2648,0.28344167671820475
696,0.2777603845419888,0.2581514521474815,0.001451024060012811,0.0001,2.449825648384477e-06,0.0033766850817936785,0.0001289746075440757,2689,0.2777603845419888
697,0.2601244550454469,0.2581633690631652,0.001253973788425628,0.0001,2.168836934108431e-06,0.0034591423746287713,0.00013735334094291845,2751,0.2601244550454469
698,0.2872857297763078,0.2583754125304485,0.001472078836552005,0.0001,2.4220254373827955e-06,0.0032906191940858475,0.0001317184741196867,2645,0.2872857297763078
699,0.27635454071460214,0.25857082576056917,0.0015432302977070231,0.0001,2.677522667586006e-06,0.0034700234586689323,0.00014719392277317962,2679,0.27635454071460214
700,0.27704881398640246,0.2587791012623718,0.0015279255128269002,0.0001,2.64837459408959e-06,0.0034666278844833007,0.0001331048773687383,2690,0.27704881398640246
701,0.2556329878167037,0.2589721675263513,0.0014766939569265801,0.0001,2.6323664054431117e-06,0.0035652159245261814,0.00014234286694101458,2790,0.2556329878167037
702,0.2730082060583073,0.25917514190245206,0.0014633857797029305,0.0001,2.6101682550036746e-06,0.003567300285688908,0.00014597438995505736,2691,0.2730082060583073
703,0.27095116144972764,0.2593572234611595,0.0014929189246226321,0.0001,2.738107450429686e-06,0.003668126118934157,0.0001395062485471707,2706,0.27095116144972764
704,0.26768280083962714,0.25954430988976124,0.001509257238050101,0.0001,2.5620807021249574e-06,0.0033951544342898906,0.0001278146369810722,2737,0.26768280083962714
705,0.26343169562561475,0.25981792852970603,0.0015592050488198019,0.0001,2.7515074653225045e-06,0.0035293721854033036,0.0001470005578215434,2764,0.26343169562561475
706,0.26896870655213956,0.2599388606318063,0.001491585864587297,0.0001,2.600094148498228e-06,0.0034863486041651934,0.00014196234584480636,2690,0.26896870655213956
707,0.24713178005421435,0.26003883244170856,0.0011772432764112703,0.0001,1.7747363277064688e-06,0.003015071503515582,0.00012822847338806497,2869,0.24713178005421435
708,0.2749402093888892,0.2603046087193007,0.00144976473150248,0.0001,2.4331056562619236e-06,0.003356552416253563,0.0001385013349830163,2716,0.2749402093888892
709,0.27476007165885263,0.26048548688078443,0.0013909537152036245,0.0001,2.1845391939316784e-06,0.003141066694101866,0.00013471729011048218,2678,0.27476007165885263
710,0.26795191409143226,0.26067800001486063,0.0017130573004883202,0.0001,3.226646965709043e-06,0.003767120883567948,0.00012940031273684773,2729,0.26795191409143226
711,0.2582810051312113,0.2610004857817515,0.0015789596678420273,0.0001,2.6045347964070144e-06,0.0032990517103792093,0.00014049636120764948,2765,0.2582810051312113
712,0.26545340152321917,0.2610926551387509,0.0013937985278399951,0.0001,2.4417642107864015e-06,0.0035037549000291523,0.00012775637255497293,2693,0.26545340152321917
713,0.2681810849125356,0.26113176148146555,0.001237106119296781,0.0001,2.1086959248901417e-06,0.0034090784808158674,0.00014740270853079202,2718,0.2681810849125356
714,0.24608191291517173,0.261263506671324,0.0014318127804609064,0.0001,2.36373588088218e-06,0.003301738765205439,0.00013713897039238808,2814,0.24608191291517173
715,0.264174087223473,0.26143011199845667,0.001581571878392048,0.0001,2.8545486828314803e-06,0.0036097615566276276,0.00014429096971610124,2770,0.264174087223473
716,0.2749375688620581,0.26160249023820015,0.0014864126475375725,0.0001,2.7571990989138727e-06,0.0037098703425075354,0.00013862952253590507,2734,0.2749375688620581
717,0.27589568120259944,0.26180804360679943,0.0016409821844268328,0.0001,2.962131358179853e-06,0.0036101931956250637,0.00015484666953110475,2710,0.27589568120259944
718,0.2895993193722505,0.2620621191429769,0.0013567663420600894,0.0001,2.216014368460956e-06,0.0032666116482462262,0.00012837301761424208,2639,0.2895993193722505
719,0.2643685468360648,0.26221346828742254,0.0014873398400202496,0.0001,2.7315912613981387e-06,0.0036731232337068966,0.00015318888791349608,2749,0.2643685468360648
720,0.24897582976935964,0.2624206492287072,0.0014663666586436383,0.0001,2.5668461127481225e-06,0.00350096082397619,0.00015027833655100421,2856,0.24897582976935964
721,0.2624821200270306,0.26264019364479413,0.001557072642075747,0.0001,2.756310997286469e-06,0.0035403756033013413,0.0001296265968410777,2763,0.2624821200270306
722,0.25447116377120055,0.262809826362875,0.0014920452999679693,0.0001,2.682853486569555e-06,0.003596209158833379,0.00014428253484060925,2831,0.25447116377120055
723,0.2554250381243793,0.2630122560019404,0.0014931363444256344,0.0001,2.5121080798582365e-06,0.003364874332122122,0.00013973760638429848,2800,0.2554250381243793
724,0.2674581393894502,0.2632461164067546,0.0014920953889402554,0.0001,2.4151695070639936e-06,0.0032372856654685356,0.00013150356691523827,2750,0.2674581393894502
725,0.2786512983298216,0.2633407761069615,0.001576199260034102,0.0001,2.8899980261183454e-06,0.0036670465459498034,0.00014321792388832103,2703,0.2786512983298216
726,0.23510990381370173,0.2633984326512111,0.001338862235017716,0.0001,2.298759469596122e-06,0.0034338999330512966,0.000126929810117267,2887,0.23510990381370173
727,0.2728280744041015,0.2635392428081752,0.0015267493355779068,0.0001,2.6756218997292024e-06,0.003504991732930963,0.00015544450719028353,2714,0.2728280744041015
728,0.2686878065973213,0.2636728845534987,0.0013919260105302415,0.0001,2.244058449395491e-06,0.003224393297371658,0.00013163723224931086,2760,0.2686878065973213
729,0.24853609920535538,0.26387328055982306,0.0015188831700102495,0.0001,2.5586813590856253e-06,0.0033691615123608997,0.00012479408207485284,2786,0.24853609920535538
730,0.24593858978872107,0.2639762324430289,0.0015045217021564651,0.0001,2.6528689380411677e-06,0.0035265279779464133,0.00013522301361628173,2814,0.24593858978872107
731,0.2805311742567993,0.26426026794431623,0.0015706205332724082,0.0001,2.6868524470109814e-06,0.003421389686550053,0.00015484045215691383,2637,0.2805311742567993
732,0.24581578880597382,0.2645889596436031,0.0015321924525358022,0.0001,2.4222143288434353e-06,0.0031617625120586293,0.00012461012441820945,2857,0.24581578880597382
733,0.29058399994553336,0.26467043619730646,0.0016137028156961992,0.0001,3.0274916033511082e-06,0.0037522294364281178,0.00013346737071541067,2624,0.29058399994553336
734,0.26582486823276197,0.26476978641851545,0.0013627019843493366,0.0001,2.3592167269016464e-06,0.003462557116665718,0.00015706245239494875,2754,0.26582486823276197
735,0.26605015082964534,0.2648885077924911,0.0014219604332080863,0.0001,2.563587746971384e-06,0.0036057089734735743,0.00014479702918157922,2733,0.26605015082964534
736,0.2491953855382333,0.26498782885348837,0.0014549623013374808,0.0001,2.5161409457862945e-06,0.0034587025979619136,0.0001305583864636677,2825,0.2491953855382333
737,0.26918218578561703,0.2653266404987047,0.001554148967839565,0.0001,2.551121995572618e-06,0.003282982581932224,0.00011635211532063228,2723,0.26918218578561703
738,0.25173144907684786,0.26544702191579994,0.0014855734175994646,0.0001,2.644920598466216e-06,0.0035608076546497966,0.00011222452955768941,2766,0.25173144907684786
739,0.27745886815578696,0.2655784370842508,0.0013398622318755529,0.0001,2.061529910506858e-06,0.0030772266901218748,0.00014657529639887444,2701,0.27745886815578696
740,0.275831384820322,0.2657992260264471,0.0015170316420129789,0.0001,2.529910593984583e-06,0.00333534321094001,0.00013881059590739492,2666,0.275831384820322
741,0.2771277989147328,0.26596178097662726,0.0014884449497741554,0.0001,2.6899450065126377e-06,0.0036144366735508604,0.00013016969045944384,2698,0.2771277989147328
742,0.2612505300950406,0.26609099007767323,0.0013361296069856357,0.0001,2.3527774699169026e-06,0.0035217803087604156,0.00013348976059436026,2772,0.2612505300950406
743,0.27254834157167773,0.2663259179638612,0.0015409410977268942,0.0001,2.587666187925803e-06,0.003358553018986872,0.00015063426746475024,2710,0.27254834157167773
744,0.29908399641184147,0.2665994335707424,0.0016000014266898195,0.0001,2.7459922826213184e-06,0.0034324872925924747,0.00013927718600871666,2583,0.29908399641184147
745,0.2988430800419485,0.2667790620287135,0.0015747595303705927,0.0001,2.7832354375170653e-06,0.0035348069134873913,0.0001414054450528492,2566,0.2988430800419485
746,0.26303732751875186,0.26709176328149287,0.001648161486338065,0.0001,2.883032573857799e-06,0.0034984831252954565,0.00014861811630013567,2700,0.26303732751875186
747,0.28956920006899445,0.26720416948756687,0.0013914299040057433,0.0001,2.4052816062970554e-06,0.003457280311961912,0.00014055816951151357,2647,0.28956920006899445
748,0.27935463803905336,0.26738456614733,0.0017059161976137498,0.0001,3.263284529207342e-06,0.003825843888195742,0.0001451711792458682,2667,0.27935463803905336
749,0.2518819813768391,0.2674472673049276,0.0012618252658466275,0.0001,2.148845671454675e-06,0.003405932231057201,0.00013576403213069746,2782,0.2518819813768391
750,0.27235483185874465,0.2676516822319337,0.0014410588630103898,0.0001,2.317368745400784e-06,0.0032162027587960876,0.0001350222980477303,2726,0.27235483185874465
751,0.24091998463770903,0.26766047764040324,0.001181099554121898,0.0001,1.8152554891269446e-06,0.0030738399363405347,0.00013843961904302254,2850,0.24091998463770903
752,0.2430064414983267,0.26787360615427824,0.0014426562635881516,0.0001,2.4096310918784655e-06,0.003340547783552084,0.000131224548636525,2850,0.2430064414983267
753,0.28033954572195974,0.26804229121677603,0.0014639934220965919,0.0001,2.377678766674836e-06,0.003248209630982837,0.00013812288390614285,2631,0.28033954572195974
754,0.24849681598610585,0.2681325662122327,0.001457144793487126,0.0001,2.4389617347040607e-06,0.0033475900893381043,0.00014133263905028007,2836,0.24849681598610585
755,0.261438896112433,0.2682834466910552,0.0014378711099230404,0.0001,2.578494396459375e-06,0.0035865445500151737,0.0001480895597977381,2784,0.261438896112433
756,0.24931412374072154,0.26839629083472577,0.0014583437840880143,0.0001,2.615804357293999e-06,0.0035873631249847032,0.00012027791237954702,2860,0.24931412374072154
757,0.2699514038155,0.2685874568387075,0.0014701711374022447,0.0001,2.3980830049117096e-06,0.0032623181667803137,0.0001521196273386554,2703,0.2699514038155
758,0.27119538247836994,0.2687452922074274,0.0013752981091944667,0.0001,2.269240115084428e-06,0.0032999974331580483,0.00013819428860374237,2685,0.27119538247836994
759,0.2694883101522418,0.26893250472901886,0.0014704295976071184,0.0001,2.600880741120657e-06,0.003537579419447434,0.0001406981686438852,2727,0.2694883101522418
760,0.25461762880895633,0.26915226720739316,0.0016565769509258618,0.0001,3.339248853936603e-06,0.004031504666378818,0.0001315277026688889,2797,0.25461762880895633
761,0.2528476801510574,0.2694686642651293,0.001615364884383023,0.0001,2.8089803485969647e-06,0.0034778276731821296,0.00013993837031601444,2818,0.2528476801510574
762,0.2597361692233012,0.26947374151626513,0.0012856533079968482,0.0001,2.185374064999762e-06,0.0033996320025104607,0.00014036468356830846,2793,0.2597361692233012
763,0.2746046184210415,0.269640229151244,0.0014609162517016908,0.0001,2.6240508199277463e-06,0.003592335723380754,0.00017119876927180705,2694,0.2746046184210415
764,0.25651039151360167,0.2699015162710593,0.0015213885380484689,0.0001,2.5208906489617176e-06,0.003313934062097431,0.00013833400529864642,2779,0.25651039151360167
765,0.2825932478151537,0.269975440091902,0.0014393064678444782,0.0001,2.612660738530221e-06,0.0036304439629774917,0.00016119212374041147,2646,0.2825932478151537
766,0.2714223151041194,0.2701264057854749,0.0016161870601904172,0.0001,2.9814794590079925e-06,0.0036895227445475505,0.00013277501631541358,2690,0.2714223151041194
767,0.27539954154714047,0.2702776494544128,0.0014821324246805934,0.0001,2.695211305125418e-06,0.0036369372402148864,0.00014800195436862583,2697,0.27539954154714047
768,0.26163850661133947,0.270423396589645,0.0016627194845036683,0.0001,3.082683314986101e-06,0.003708001672821318,0.00015071664715525472,2780,0.26163850661133947
769,0.2667297810721627,0.2705931995138808,0.0014408956473005172,0.0001,2.2897986521306903e-06,0.0031782990758846023,0.00014570716049093138,2740,0.2667297810721627
770,0.26525136368023805,0.2706888272847193,0.001458469430504187,0.0001,2.5719569018177133e-06,0.0035269260335865915,0.00013110329906372578,2761,0.26525136368023805
771,0.2734188776077694,0.27074994737473895,0.0011087535911637853,0.0001,1.6872271567361546e-06,0.0030434664116220523,0.00013470330718225128,2714,0.2734188776077694
772,0.2689787385436422,0.27072020426902527,0.0013436702661415159,0.0001,2.5533668520047828e-06,0.003800585480449802,0.00013121845286684957,2732,0.2689787385436422
773,0.27837769558993114,0.2707747596952451,0.0013058249213004048,0.0001,2.1387919036898674e-06,0.0032757713056356026,0.0001495434799937371,2692,0.27837769558993114
774,0.28862691443764554,0.2709454093074698,0.0015018357363548946,0.0001,2.481577905288473e-06,0.0033047261364435375,0.00014868394819743394,2650,0.28862691443764554
775,0.262361360795612,0.2712109221767083,0.0016502512761126574,0.0001,2.9047944874689197e-06,0.00352042689439571,0.0001489035991628813,2787,0.262361360795612
776,0.27877984578927384,0.27140816995957456,0.0015115507868487346,0.0001,2.5736618498970282e-06,0.0034053263341056136,0.00014162073899845782,2697,0.27877984578927384
777,0.2842121882947876,0.27163146421226547,0.0013927532376858075,0.0001,2.2594156786380308e-06,0.0032445312170191263,0.00014786718613152714,2652,0.2842121882947876
778,0.25107614076097784,0.27183312228852197,0.0015791289450542826,0.0001,2.7452569662256345e-06,0.003476925649198668,0.00013462192960539865,2819,0.25107614076097784
779,0.25957322406473715,0.27192646724863995,0.0013202133768219582,0.0001,2.1160976551889146e-06,0.0032056903714804408,0.0001381807196163846,2756,0.25957322406473715
780,0.27218095836203837,0.2720805990679836,0.0013478376404537132,0.0001,2.2022470344699483e-06,0.0032678224266368184,0.00014628602730220203,2673,0.27218095836203837
781,0.2717045465167143,0.2722087999283024,0.0014991886747260294,0.0001,2.6180292106762944e-06,0.0034925947011369045,0.0001368936597646819,2683,0.2717045465167143
782,0.2712473306834424,0.2722622907595065,0.0014032992291546737,0.0001,2.512235205903972e-06,0.003580469729777169,0.00013939028967497973,2707,0.2712473306834424
783,0.28291567133927686,0.27230718505663526,0.0013774172789002745,0.0001,2.431768816780523e-06,0.0035309108634415266,0.0001241521736382479,2671,0.28291567133927686
784,0.27854750295318625,0.27237613815718154,0.0012954195178589043,0.0001,2.104022444003717e-06,0.0032484031852187747,0.00013965587394038973,2677,0.27854750295318625
785,0.2920072843097633,0.27262027045337,0.0015473139413420256,0.0001,2.6512514261761686e-06,0.003426908212145583,0.0001523260437282275,2622,0.2920072843097633
786,0.2591323068252256,0.2727265734467512,0.0013786552059140446,0.0001,2.4028568532801942e-06,0.003485798106695005,0.00012447432579467955,2787,0.2591323068252256
787,0.27560535241177675,0.27293374115222363,0.001571714160893034,0.0001,2.7189160773552906e-06,0.003459809862386716,0.00015476184092546588,2682,0.27560535241177675
788,0.29442062252800133,0.2729457996880656,0.001402292303665533,0.0001,2.451521027851383e-06,0.0034964479537443237,0.00013935602239137243,2595,0.29442062252800133
789,0.2559071093914256,0.2731802762349461,0.0015007059514683173,0.0001,2.4605454965996894e-06,0.00327918403227794,0.00013322549319611562,2790,0.2559071093914256
790,0.2657476734928076,0.2734161269460722,0.001515963840677256,0.0001,2.478028201490929e-06,0.003269244470084288,0.00016127526322054497,2737,0.2657476734928076
791,0.25459395562916975,0.27353165273912927,0.0015435856370461121,0.0001,2.8561761334848205e-06,0.003700703174396662,0.00014682553707812552,2798,0.25459395562916975
792,0.2624897698098825,0.27353035217584853,0.001501335876207232,0.0001,2.9126871410594726e-06,0.003880127274940881,0.0001473569415151978,2750,0.2624897698098825
793,0.2679157768306718,0.27368671007009454,0.001476463281870368,0.0001,2.505621287471118e-06,0.0033940854720031013,0.00014292317455140988,2724,0.2679157768306718
794,0.2805981640388545,0.2738862384942158,0.0013433489888808766,0.0001,2.1384236367252312e-06,0.0031837201716386735,0.00014012365400688858,2669,0.2805981640388545
795,0.2834387988594974,0.27419720356762384,0.0015737804590746723,0.0001,2.564469438240829e-06,0.0032589926040238757,0.0001350588557085985,2666,0.2834387988594974
796,0.27673371117556794,0.2744138696553434,0.001632876449967954,0.0001,2.940769691654322e-06,0.0036019500332827217,0.00012797047113075443,2703,0.27673371117556794
797,0.27485465368911655,0.2747720527586815,0.0014548075692510985,0.0001,2.1250233096276935e-06,0.0029213806066758453,0.000128891005915242,2716,0.27485465368911655
798,0.26461165775890527,0.2747816273917508,0.001332179983704916,0.0001,2.334592497410879e-06,0.003504920545222667,0.0001533959091117969,2755,0.26461165775890527
799,0.2852662064137663,0.27496952654685847,0.0015157353236410491,0.0001,2.5483043499393344e-06,0.0033624661379770215,0.00014214718642398475,2686,0.2852662064137663
800,0.26637323700434845,0.2752465576264891,0.001717063088678165,0.0001,3.128571576400283e-06,0.00364409624437123,0.00013424253001852128,2719,0.26637323700434845
801,0.2779467015300884,0.2752717274831895,0.0014234305028510757,0.0001,2.4339816293652856e-06,0.0034198812298740474,0.00014394060875322113,2687,0.2779467015300884
802,0.29321642137613857,0.2753831389150419,0.0013044076027751484,0.0001,2.0456663435955537e-06,0.003136544649453691,0.00012829332170572169,2622,0.29321642137613857
803,0.2591514123616007,0.2754996485571528,0.0012526112596519838,0.0001,2.0686789746523123e-06,0.003302986395359497,0.0001481269917013683,2737,0.2591514123616007
804,0.2790845034114625,0.27568989811121253,0.001430047077867726,0.0001,2.466811586663966e-06,0.0034499725566267507,0.0001457297663554934,2675,0.2790845034114625
805,0.2894353607572284,0.27587581720160104,0.0013245879024087431,0.0001,1.914945980707003e-06,0.002891383768830597,0.00013170389074498292,2611,0.2894353607572284
806,0.2987308280790834,0.27598583827999373,0.001363341715596726,0.0001,2.2987501965031385e-06,0.0033722289433460047,0.00016808975544184838,2603,0.2987308280790834
807,0.25329057882974026,0.27622863516872526,0.0015177292772804163,0.0001,2.491028250816508e-06,0.0032825725748403868,0.00014656593127973646,2795,0.25329057882974026
808,0.31184456488881585,0.2765377268809137,0.001486858964723688,0.0001,2.243656216527696e-06,0.00301798122049141,0.00015444581529816003,2478,0.31184456488881585
809,0.26422820620854587,0.276667627578675,0.0013578600328778873,0.0001,2.284463623686042e-06,0.003364799859149377,0.00013397748820653376,2709,0.26422820620854587
810,0.26992384404726816,0.27677429910447016,0.0014407148725232672,0.0001,2.370392434038715e-06,0.003290578141790417,0.00013133402850338527,2691,0.26992384404726816
811,0.2812209888262484,0.276988826290554,0.0015218181625043276,0.0001,2.5165905873419997e-06,0.0033073472893774105,0.00014459223995712267,2648,0.2812209888262484
812,0.2836033349481808,0.2772500877011341,0.0016240606351559926,0.0001,2.886021018428131e-06,0.003554080378471739,0.0001289658468422048,2689,0.2836033349481808
813,0.29567106234264545,0.277469219106117,0.0015888199965727995,0.0001,2.76720386058315e-06,0.0034833447043116405,0.00014410617479843787,2571,0.29567106234264545
814,0.2690053846806176,0.27753749126634264,0.0014125752601040291,0.0001,2.502195333817006e-06,0.0035427426835052053,0.00012996139597026325,2718,0.2690053846806176
815,0.2768347625725551,0.27766076656185457,0.0012720358396247499,0.0001,1.944419763153742e-06,0.003057177640100684,0.00013555741632437395,2693,0.2768347625725551
816,0.25670569484422434,0.27782210892423875,0.0014087536168175174,0.0001,2.203113421124572e-06,0.003127748379594687,0.00011908621136304392,2797,0.25670569484422434
817,0.2812211643660807,0.2777757206162519,0.0013232211863834433,0.0001,2.479725031248485e-06,0.0037480128897058184,0.00014398370199114545,2650,0.2812211643660807
818,0.29355040756814915,0.278023327970832,0.00162376361583884,0.0001,2.870649450649789e-06,0.003535797233844047,0.00015880020781789116,2590,0.29355040756814915
819,0.27251764227552555,0.2781252631308616,0.0014868056352981302,0.0001,2.52275869625709e-06,0.0033935285640092874,0.0001391585540780603,2696,0.27251764227552555
820,0.2851578140295986,0.27822799669294895,0.0013177775213554144,0.0001,1.97583818859937e-06,0.0029987431969048925,0.000143285652135212,2651,0.2851578140295986
821,0.28443255987040883,0.2784574078551737,0.0014771896765697397,0.0001,2.3596727345514837e-06,0.0031948134650263793,0.00012896910847782776,2668,0.28443255987040883
822,0.2991033895024154,0.27872192796438344,0.0015435391552503619,0.0001,2.498831192995995e-06,0.0032377943695126865,0.00015961605968351305,2583,0.2991033895024154
823,0.280458011880351,0.2789920138274685,0.001639989571071184,0.0001,2.8753617057807182e-06,0.0035065609641683664,0.0001536055299986846,2706,0.280458011880351
824,0.2828035825777512,0.27921621727516654,0.0014720912471658236,0.0001,2.30676795374662e-06,0.0031340013170892437,0.0001644100347168368,2657,0.2828035825777512
825,0.2772528429430622,0.2793577884008815,0.0013468697033421238,0.0001,2.0965429299312606e-06,0.0031132082408994676,0.0001540212719266769,2684,0.2772528429430622
826,0.28523050676835016,0.27964268862491654,0.0015365159626795353,0.0001,2.5613277575938655e-06,0.00333394226914136,0.00015428592965614245,2665,0.28523050676835016
827,0.28512526508396296,0.2796337700848549,0.0014276764259722248,0.0001,2.6513791032757256e-06,0.0037142577338141296,0.00014873393258382826,2636,0.28512526508396296
828,0.2884943918194393,0.27969982019707906,0.0013430210571166133,0.0001,2.2583592947811242e-06,0.003363103330084321,0.00016601521376259583,2602,0.2884943918194393
829,0.29972615866829083,0.2798255049324989,0.0014876061190803496,0.0001,2.558592294480619e-06,0.003439878690553332,0.00013476270768634995,2578,0.29972615866829083
830,0.2656362749986979,0.2799728365336528,0.0014695703468430214,0.0001,2.4190037514649552e-06,0.0032921237920478415,0.00013830194408838236,2729,0.2656362749986979
831,0.2804268723903387,0.2801690536662521,0.001481820003704867,0.0001,2.4291835849866046e-06,0.0032786486603138387,0.00014105502625951007,2632,0.2804268723903387
832,0.2683223097553067,0.28032487120327265,0.0015376749974470151,0.0001,2.7350578472466864e-06,0.0035573939249681145,0.00013724061026466373,2745,0.2683223097553067
833,0.2738923020019184,0.2805660694448291,0.0015682667851277144,0.0001,2.68206103434864e-06,0.0034204142557673583,0.00015312277130311797,2723,0.2738923020019184
834,0.2700954638251607,0.2808666268010238,0.0016759171168672616,0.0001,2.906444974117442e-06,0.003468482951651412,0.00013309438452841445,2726,0.2700954638251607
835,0.2699974695499115,0.28096845994254593,0.001505114958415299,0.0001,2.650114328934054e-06,0.0035214776308173804,0.00016073301004264608,2717,0.2699974695499115
836,0.2996373775896703,0.2810493305066661,0.0013551840637800276,0.0001,2.146904905894827e-06,0.003168432928448767,0.00016075476517461032,2574,0.2996373775896703
837,0.2707883269155839,0.28130462838968073,0.0014503678595210912,0.0001,2.195370718118748e-06,0.0030273295201724277,0.00011904000711492598,2723,0.2707883269155839
838,0.3003153008571492,0.28136376899270416,0.0014934796132180996,0.0001,2.593269610400999e-06,0.003472788764505608,0.0001543389410435329,2561,0.3003153008571492
839,0.26019810390196485,0.28149886534914925,0.0014059407373316962,0.0001,2.398816343133655e-06,0.0034124003657313687,0.0001254426455153275,2755,0.26019810390196485
840,0.287565262963145,0.28160659109027214,0.0014660759996287436,0.0001,2.63350876643205e-06,0.0035925951548199924,0.00014322719832290682,2638,0.287565262963145
841,0.3025930799541602,0.2816740496457436,0.0015162113213694178,0.0001,2.800193325908737e-06,0.0036936715699756777,0.00016269213114390453,2589,0.3025930799541602
842,0.3024688308220389,0.2819123382891219,0.0015267457342206172,0.0001,2.4471291293859077e-06,0.003205679995739609,0.0001539621137554355,2545,0.3024688308220389
843,0.2629868547349264,0.2819278534720997,0.0013516227516889513,0.0001,2.352367448834667e-06,0.003480804752502444,0.00014920626790483296,2746,0.2629868547349264
844,0.27733219875446535,0.28208991709889997,0.0013732612245111458,0.0001,2.2651577465929436e-06,0.003298946633258789,0.00013772616698484665,2716,0.27733219875446535
845,0.26931430340107887,0.2821217139522726,0.001299306614277457,0.0001,2.1379538443685046e-06,0.0032909150478810088,0.00014802446777093534,2732,0.26931430340107887
846,0.28405952603469925,0.2823775246746526,0.0017071884205493366,0.0001,3.015689713032239e-06,0.003532931311778526,0.000133705034153543,2663,0.28405952603469925
847,0.2924510925567248,0.2826004043131879,0.0014952750132064085,0.0001,2.5670894053678054e-06,0.0034336016889134524,0.00016140459733059504,2576,0.2924510925567248
848,0.2840937168289006,0.2826772520443446,0.0013409865850600444,0.0001,2.218838498644004e-06,0.003309262782139841,0.00016001547545290017,2625,0.2840937168289006
849,0.2841076857678329,0.28283473873668186,0.0014016689029088857,0.0001,2.175509087808394e-06,0.003104169726949862,0.00014184612840410795,2660,0.2841076857678329
850,0.2992852653428647,0.28302149912436614,0.0014448271112575803,0.0001,2.2021492567034194e-06,0.0030483221688533567,0.0001343756897118793,2535,0.2992852653428647
851,0.27855258379691916,0.2831947185182563,0.0014502116486751551,0.0001,2.259170313315872e-06,0.0031156422104039,0.00014446756345731332,2693,0.27855258379691916
852,0.28182008121216395,0.2834579254741484,0.001404043377758906,0.0001,2.2284160435381675e-06,0.003174283756239927,0.00014733340031516248,2690,0.28182008121216395
853,0.3008295805190108,0.28362717053751785,0.0014839870613040298,0.0001,2.4031556299435905e-06,0.0032387824565422506,0.00013698133816552498,2589,0.3008295805190108
854,0.28864536254740447,0.2838159918404442,0.0016402446390188046,0.0001,2.9368802686840822e-06,0.003581027120979863,0.00012881755995677023,2606,0.28864536254740447
855,0.28849735653535824,0.2840394586276394,0.0014999362047910982,0.0001,2.4596942798395046e-06,0.003279731860572131,0.00013391981785968775,2655,0.28849735653535824
856,0.27776528883559,0.28434859929923717,0.00168116919765362,0.0001,2.940519303920611e-06,0.0034981836545954384,0.00014245398148667697,2662,0.27776528883559
857,0.2732136943389945,0.28442952561865376,0.0012827126335023936,0.0001,2.045008600012312e-06,0.0031885685797426047,0.00013881037124240992,2704,0.2732136943389945
858,0.2767805137771153,0.2844944601262547,0.001325426038568734,0.0001,2.155713269241738e-06,0.003252860901343982,0.00014138176320329103,2661,0.2767805137771153
859,0.30309490955305085,0.28445083311609876,0.0012533677094097651,0.0001,2.2207352554010988e-06,0.003543629277711144,0.00014678972794051985,2532,0.30309490955305085
860,0.27601251296819274,0.2845855415476576,0.0014308333665343852,0.0001,2.467932090377337e-06,0.003449642911745767,0.0001498451351518092,2669,0.27601251296819274
861,0.2770748945834725,0.2846445616521882,0.0014649396437036084,0.0001,2.4746711694928945e-06,0.003378529866577327,0.0001417801595536489,2710,0.2770748945834725
862,0.2694862409537754,0.284739338623788,0.0013587164012514674,0.0001,2.256133505313664e-06,0.0033209778041033674,0.000128979035888567,2704,0.2694862409537754
863,0.3001559330085407,0.2849235408747621,0.001373683684802577,0.0001,2.3046575265118735e-06,0.0033554413610773783,0.0001572683939256604,2586,0.3001559330085407
864,0.267920163274314,0.28510812151311893,0.0015469649716346205,0.0001,2.8323253335356194e-06,0.0036617834087643315,0.00013240449009630165,2749,0.267920163274314
865,0.29483550355911536,0.2852449852865443,0.0013389209205368453,0.0001,2.1643304497000185e-06,0.0032329473929382214,0.00016809942795677695,2618,0.29483550355911536
866,0.2855315538195436,0.28529737027474567,0.0012629061966609057,0.0001,2.009043613152076e-06,0.003181619693471993,0.0001346134393919024,2606,0.2855315538195436
867,0.31466775063796143,0.28554967806612075,0.0016536441966881607,0.0001,2.8813776074911316e-06,0.003484882193233365,0.00015257383944015866,2486,0.31466775063796143
868,0.28322276737702545,0.28568915425453767,0.0014139395051456529,0.0001,2.39959877572156e-06,0.0033942028877315695,0.00014135443994129536,2662,0.28322276737702545
869,0.2711984058449574,0.2857202036586528,0.0012253975056368983,0.0001,1.7873234755756073e-06,0.0029171325506275594,0.00012921579628394556,2741,0.2711984058449574
870,0.3174625653042644,0.2856582356823669,0.0012124680208585419,0.0001,2.09638881591322e-06,0.0034580521380329333,0.00016063484547221412,2471,0.3174625653042644
871,0.27776241274097646,0.28580540231959756,0.0015009079731318922,0.0001,2.5664597527960204e-06,0.0034198762332385757,0.00013168522183059012,2712,0.27776241274097646
872,0.2914983892204659,0.2859186830345378,0.0012965469721623049,0.0001,2.0729565885016497e-06,0.003197657521106997,0.00015417781514481325,2602,0.2914983892204659
873,0.3001137104465388,0.2860646659915288,0.0013846247957747147,0.0001,2.2605159896592407e-06,0.003265167569665621,0.00015269984517757957,2569,0.3001137104465388
874,0.26680360206527615,0.28614663921768724,0.0012619104392440413,0.0001,1.971888676640463e-06,0.0031252434646974487,0.0001551741580875637,2681,0.26680360206527615
875,0.2738164419306624,0.2862591826787556,0.0012199879240559614,0.0001,1.8141810915711982e-06,0.002974096801777819,0.00013723566345407915,2704,0.2738164419306624
876,0.26641650769261405,0.2864946187211555,0.0016274683747418241,0.0001,2.8137785799746062e-06,0.0034578596102317186,0.0001524810965872039,2730,0.26641650769261405
877,0.28054198403202435,0.28654500892600443,0.0014036458696831614,0.0001,2.4461998057166373e-06,0.003485494252576409,0.00012522031699535496,2688,0.28054198403202435
878,0.30134003390737163,0.2867172978905677,0.0014060745357061058,0.0001,2.1464195980340876e-06,0.003053066595728076,0.0001243102103125347,2524,0.30134003390737163
879,0.3116024354193989,0.2867407264186326,0.0014247723374740035,0.0001,2.358907824841946e-06,0.0033112768444453146,0.0001460065521478483,2529,0.3116024354193989
880,0.28111536194041964,0.2868972879247692,0.0014491150818183981,0.0001,2.291985979554873e-06,0.0031632904912959883,0.0001420267014646311,2617,0.28111536194041964
881,0.2983127576865571,0.28714770357568375,0.0015734595098648805,0.0001,2.6651095931809217e-06,0.0033875795042349528,0.0001442256444015695,2580,0.2983127576865571
882,0.2797424748960467,0.2871964289131149,0.001415522734088637,0.0001,2.3366209630638283e-06,0.0033014248472218667,0.00014539323065990639,2636,0.2797424748960467
883,0.27723421642438106,0.28727547486558735,0.0013472486084117252,0.0001,2.104502471107198e-06,0.003124148665609982,0.00015035801950274573,2692,0.27723421642438106
884,0.27746592243686635,0.2873759877465597,0.0013319848003985786,0.0001,2.0111416451036873e-06,0.003019766658751481,0.000145346424017779,2693,0.27746592243686635
885,0.2824100196174423,0.2874402936357152,0.0014032849653938483,0.0001,2.4415415055395985e-06,0.0034797515340789695,0.0001461154369702387,2660,0.2824100196174423
886,0.2794378331243985,0.2876254793318367,0.0013904651179374096,0.0001,2.3130718922166787e-06,0.003327047708536331,0.00013786517328518986,2700,0.2794378331243985
887,0.3230889731023424,0.2875420158613903,0.0012250983027293381,0.0001,1.888168823503913e-06,0.003082477249862075,0.00016479348324983912,2402,0.3230889731023424
888,0.2798378935536121,0.2876178528256669,0.001377530933121882,0.0001,2.1689083170359067e-06,0.0031489794746322477,0.00015730207485311368,2665,0.2798378935536121
889,0.2943080255972931,0.28780575541506037,0.001349125945114339,0.0001,2.0895840326036884e-06,0.003097685638869832,0.0001466607642140589,2583,0.2943080255972931
890,0.28739856767419003,0.2879714113588784,0.0015204128261035684,0.0001,2.5491054244846795e-06,0.0033531753754240394,0.0001689600872933431,2592,0.28739856767419003
891,0.30550845925232994,0.2881491979311288,0.0014491106746253595,0.0001,2.274349570990526e-06,0.0031389591020416947,0.00013989581106525526,2597,0.30550845925232994
892,0.293443467678099,0.28829508840616835,0.0014383631375248086,0.0001,2.220209132678115e-06,0.0030871329704663278,0.0001524580244278561,2587,0.293443467678099
893,0.27719259678026387,0.2883747721638929,0.0014003580338552378,0.0001,2.394632567620417e-06,0.003420029035043137,0.00013956442654566043,2648,0.27719259678026387
894,0.2949248841892045,0.28856907054483455,0.0014474702883561837,0.0001,2.272773811427629e-06,0.0031403391554360657,0.00014632430688244288,2595,0.2949248841892045
895,0.2489622954452239,0.2886422112621318,0.0013248069219912147,0.0001,2.1727516998456857e-06,0.003280103181496049,0.00013871749043165062,2857,0.2489622954452239
896,0.3145698493673101,0.28860360479087543,0.001326306296755333,0.0001,2.342667554382746e-06,0.0035326192149035753,0.0001469007457422946,2510,0.3145698493673101
897,0.2670070006045502,0.28866655736853475,0.0013388778023728063,0.0001,2.0391532725857934e-06,0.0030460633061089428,0.0001302115019802537,2748,0.2670070006045502
898,0.31057241165216243,0.2887501302986753,0.001387572692241793,0.0001,2.360103593506927e-06,0.00340177290415523,0.00014875538994177945,2502,0.31057241165216243
899,0.2714208955653536,0.2889443672425269,0.0015865750971697744,0.0001,2.6930451988247447e-06,0.0033947907081470726,0.0001432809989992575,2713,0.2714208955653536
900,0.31198128799442004,0.2889689558884809,0.001519475188543919,0.0001,2.6210718529131144e-06,0.0034499699273468657,0.00014625251575947244,2521,0.31198128799442004
901,0.29403658241100855,0.2891838771614401,0.0015701011507432581,0.0001,2.631183116666185e-06,0.003351609691414632,0.00015555084969105085,2610,0.29403658241100855
902,0.2937863066710298,0.28925885976171195,0.0012218105519417816,0.0001,1.8511237822431252e-06,0.003030132256267058,0.0001832143257562178,2599,0.2937863066710298
903,0.2663472738369943,0.2894030821426661,0.0012754817952661268,0.0001,1.9411788883974056e-06,0.0030438362908854883,0.000142081036351526,2774,0.2663472738369943
904,0.27149164367887946,0.2894891440107604,0.001280618031615563,0.0001,2.029513116781212e-06,0.0031695838519794706,0.00014248392879943555,2727,0.27149164367887946
905,0.3102547986819409,0.2896037589186964,0.0013812854258201037,0.0001,2.2557342363934044e-06,0.003266137749993444,0.00015491536372900814,2497,0.3102547986819409
906,0.29462362288770527,0.289749362450938,0.001559969560572313,0.0001,2.7384626048651514e-06,0.0035109180000415905,0.00015641310241265555,2600,0.29462362288770527
907,0.2699390686086113,0.2897787169096398,0.0014104590800323915,0.0001,2.370064471334e-06,0.0033606993707035746,0.00013255206592887236,2688,0.2699390686086113
908,0.29205662338970095,0.28984926925954035,0.0013596672109495466,0.0001,2.2489372978964525e-06,0.003308070209806515,0.00014685113054810055,2525,0.29205662338970095
909,0.2658760699523429,0.28990176784421906,0.0012770037308990987,0.0001,2.0031456313449457e-06,0.0031372588550459333,0.00014087473479357202,2752,0.2658760699523429
910,0.3029960191879747,0.28998797211931,0.0012844730234385674,0.0001,2.030562070464973e-06,0.003161704502020768,0.00013869949124415218,2557,0.3029960191879747
911,0.2923550269068623,0.2902701874451993,0.0016557236414601424,0.0001,2.8740279984037997e-06,0.0034716276635021813,0.00014779087056464679,2631,0.2923550269068623
912,0.29519929066859785,0.29033274298206135,0.001378897444301436,0.0001,2.2885395321879096e-06,0.003319375986438655,0.00015848997400816085,2510,0.29519929066859785
913,0.32685957319891723,0.29045642543588984,0.0013892792764715917,0.0001,2.126151035031183e-06,0.003060797164456457,0.00014492886820135416,2441,0.32685957319891723
914,0.27387708258580545,0.29045867410738235,0.0015388166096637786,0.0001,3.0196249074032344e-06,0.003924606595015897,0.00013473617347692398,2711,0.27387708258580545
915,0.2617640676919619,0.2905539212349436,0.0012827845529891182,0.0001,2.0515691033454474e-06,0.003198618347196219,0.00013870006269994735,2756,0.2617640676919619
916,0.30234898707577695,0.2908174025190815,0.0015693434575802694,0.0001,2.4782164651525906e-06,0.003158284380875668,0.00014518182915911206,2564,0.30234898707577695
917,0.29528002494723693,0.29092737251866024,0.0015463182632213712,0.0001,2.6572215230383837e-06,0.003436836498978833,0.00015142807256714603,2625,0.29528002494723693
918,0.29101998713059796,0.2910740064417334,0.0015673216912726322,0.0001,2.7092826724438456e-06,0.003457213267104043,0.00015035481254099418,2627,0.29101998713059796
919,0.2877004284648535,0.29127122067321953,0.0014564386909506123,0.0001,2.2264599583167107e-06,0.003057402926948484,0.00016182988766428764,2579,0.2877004284648535
920,0.27238280327452646,0.2913645828374888,0.0013149398258394446,0.0001,2.116431476030313e-06,0.0032190544912261737,0.00013708210836071852,2726,0.27238280327452646
921,0.29857382138766164,0.29131625372079295,0.0013636917136265205,0.0001,2.2487338268152403e-06,0.003298009079830942,0.00016937892439453054,2575,0.29857382138766164
922,0.3024190437512003,0.2915174698158156,0.0015523857695805107,0.0001,2.5230096883350683e-06,0.0032504931928316267,0.00015588043311886998,2585,0.3024190437512003
923,0.2928926924970328,0.29170423993149774,0.0013014509371982808,0.0001,1.9363904713898927e-06,0.0029757410226442923,0.0001442602514236806,2620,0.2928926924970328
924,0.2717994192094121,0.29174195908247913,0.0012487204419919492,0.0001,1.9757545920571377e-06,0.003164446621704101,0.00013355163395931753,2705,0.2717994192094121
925,0.3064182213032114,0.2917635346360293,0.0013170322608803166,0.0001,2.3174589961094804e-06,0.00351921371244235,0.0001514179137953433,2485,0.3064182213032114
926,0.28539661195055965,0.2918381182431602,0.0013271628609060199,0.0001,2.1887406367551353e-06,0.0032983753557735015,0.0001404545475244538,2664,0.28539661195055965
927,0.29200526708965124,0.29184723871286,0.0013283988775971073,0.0001,2.0951652679093756e-06,0.0031544219183612136,0.00013731957574198466,2621,0.29200526708965124
928,0.30622497885491834,0.2919772381173539,0.0012875162631269376,0.0001,1.9879230899570658e-06,0.0030879968616925723,0.00015144385955071486,2560,0.30622497885491834
929,0.2989135116167386,0.2921483215057019,0.0014978186304526082,0.0001,2.3905105484639127e-06,0.0031919893368418735,0.00014928264298386319,2559,0.2989135116167386
930,0.2836528185716437,0.2920460672783729,0.0011704380211164888,0.0001,1.9490357290126447e-06,0.003330438167334048,0.0001471470525868333,2616,0.2836528185716437
931,0.2878358092311395,0.2921022279599577,0.001151027580096359,0.0001,1.696780345366409e-06,0.0029482879032739803,0.00013840790999644937,2595,0.2878358092311395
932,0.3111061412649319,0.2922381820003113,0.0015319088421224044,0.0001,2.4796073657078094e-06,0.0032372779600545977,0.00015813319155009685,2538,0.3111061412649319
933,0.307460819629251,0.2921775713785603,0.0013193783674313425,0.0001,2.272740479129285e-06,0.0034451686267283808,0.00014202679807394987,2530,0.307460819629251
934,0.2776168976357983,0.29217736036809794,0.0013811500728167234,0.0001,2.450630083132643e-06,0.003548680380742141,0.00011224078652010056,2705,0.2776168976357983
935,0.2973725174358244,0.2922965991791832,0.0012889322167971542,0.0001,1.9808032867427916e-06,0.0030735569503644736,0.00013727544129277293,2549,0.2973725174358244
936,0.29916595820146247,0.29253770567195003,0.0016561676609548087,0.0001,2.8536150596381595e-06,0.003446046106217292,0.0001384296866414381,2626,0.29916595820146247
937,0.2997816256506956,0.29265022896822024,0.001377894279702393,0.0001,2.1380558635238196e-06,0.0031033670652665917,0.0001558457636854411,2557,0.2997816256506956
938,0.2839852849807283,0.2926473926299035,0.0012439150932301462,0.0001,2.010329428238988e-06,0.003232261493055203,0.00012749299660022822,2660,0.2839852849807283
939,0.29765488997743245,0.29265956136278826,0.0013458344058837584,0.0001,2.434087615804293e-06,0.0036172171036241564,0.00014684059198215212,2601,0.29765488997743245
940,0.27630173736603375,0.2928457767921562,0.001492871369544914,0.0001,2.62093055084518e-06,0.003511261056127217,0.0001244887501767905,2668,0.27630173736603375
941,0.2956991117055107,0.2929270317058899,0.001478425885608971,0.0001,2.512862325510133e-06,0.0033993754438019367,0.00014116309262764422,2600,0.2956991117055107
942,0.2945323542089042,0.29312089173205363,0.0015404995082913765,0.0001,2.498892584039658e-06,0.003244262748011222,0.00014269648959156685,2616,0.2945323542089042
943,0.2882856236791535,0.2933257187216288,0.00140596562963774,0.0001,2.0423899844139325e-06,0.0029053199329491046,0.00015332691058788387,2618,0.2882856236791535
944,0.28050145618765404,0.29337399015115384,0.001250036575463593,0.0001,1.989389441849859e-06,0.0031829299732482903,0.00012927983762212023,2680,0.28050145618765404
945,0.3238434970507641,0.2934490228000991,0.0013278132079310675,0.0001,2.1501726273985194e-06,0.0032386673284396845,0.0001514451098423747,2457,0.3238434970507641
946,0.30133993379671203,0.2935400367887345,0.0013671619775070714,0.0001,2.032576443884158e-06,0.002973424476872046,0.00013463456334933857,2590,0.30133993379671203
947,0.298594918542819,0.2937363205564947,0.0015963566248042328,0.0001,2.6514320443447826e-06,0.003321854281363899,0.00015614277717008475,2568,0.298594918542819
948,0.29733875505291707,0.29387345847249613,0.0016683842776710383,0.0001,3.020755112886335e-06,0.0036211742741943404,0.000149372761920017,2562,0.29733875505291707
949,0.28053009892146874,0.2940648872323749,0.0016744599962600626,0.0001,2.9769745908620305e-06,0.0035557428633842055,0.00016000817449820625,2646,0.28053009892146874
950,0.29759360103021326,0.29399320860832107,0.0012752183883420003,0.0001,2.2403239735539913e-06,0.0035136318516654887,0.00014254998258774094,2611,0.29759360103021326
951,0.2925134058499428,0.29426138276510194,0.0015715879581926092,0.0001,2.56047491169748e-06,0.003258455752794304,0.00014719316208218334,2595,0.2925134058499428
952,0.3205936863097465,0.29447109475533584,0.0015586188968745242,0.0001,2.5807931657992772e-06,0.0033116410573161975,0.00014183375958016817,2456,0.3205936863097465
953,0.2874473809729745,0.29463743647335383,0.0015121630630552186,0.0001,2.512586293594913e-06,0.003323168453167227,0.00014152562183535118,2631,0.2874473809729745
954,0.2863602057545841,0.29470190458959356,0.0012533887654527108,0.0001,1.959331390336069e-06,0.003126454368096046,0.00013487271024088715,2631,0.2863602057545841
955,0.2731777349739546,0.29485657693128786,0.001671222377973236,0.0001,3.0672451048965447e-06,0.0036706606437574467,0.0001465072449185528,2702,0.2731777349739546
956,0.2775177087841426,0.29476610041073514,0.0012527132385347257,0.0001,2.0598523429110446e-06,0.0032886254883366817,0.00014905991982446236,2687,0.2775177087841426
957,0.293469805628334,0.29476545481544425,0.0013659200860105375,0.0001,2.3457235670295397e-06,0.003434642467087117,0.0001467279737572451,2598,0.293469805628334
958,0.28695926842916875,0.294888596747758,0.0012964233587762404,0.0001,2.0097363857118242e-06,0.0031004322347430026,0.00013544849078877204,2642,0.28695926842916875
959,0.27533629078438704,0.29492928242241195,0.0011146992536570745,0.0001,1.6757197570900907e-06,0.0030065863085355724,0.00013088134847184397,2720,0.27533629078438704
960,0.2995467884443743,0.2948741973238514,0.0012955631639325156,0.0001,2.2169888973100233e-06,0.0034224327443528697,0.00014283532148943434,2556,0.2995467884443743
961,0.3178750546817787,0.2949888521387253,0.0014211583804240012,0.0001,2.439057397615754e-06,0.0034324920166717288,0.00016035903785850577,2474,0.3178750546817787
962,0.2852687051493159,0.29487390763776994,0.0012425026487960283,0.0001,2.1250536665488706e-06,0.0034206022314850187,0.00012658369128251188,2643,0.2852687051493159
963,0.29906375376988226,0.29491869018195427,0.0012272999383974687,0.0001,1.984632135295366e-06,0.0032341436240708606,0.00013477463752036063,2547,0.29906375376988226
964,0.27715337118765676,0.29502110228207323,0.0012618388757580131,0.0001,1.943722217174411e-06,0.003080777196703147,0.0001392011072501013,2664,0.27715337118765676
965,0.29950508831641487,0.29517636671325437,0.001424836474852139,0.0001,2.1630623553208065e-06,0.0030362254104216073,0.00016583305723424723,2562,0.29950508831641487
966,0.3086357984861467,0.295210705251134,0.0011322745736518276,0.0001,1.6011142807990252e-06,0.0028281378352162222,0.0001580497396649962,2518,0.3086357984861467
967,0.3052353104148574,0.295362940683079,0.0015393031888701408,0.0001,2.6410044184047627e-06,0.0034314285028452097,0.0001538973851380654,2555,0.3052353104148574
968,0.312093860875939,0.2954707526912249,0.0013894941729464068,0.0001,2.2865051772694993e-06,0.0032911331645543935,0.0001348441339857702,2532,0.312093860875939
969,0.3183209213964465,0.2957270380128447,0.0015270104754239514,0.0001,2.3445216579225365e-06,0.0030707342165044614,0.0001617719284507563,2483,0.3183209213964465
970,0.28445882895932023,0.2957902981840404,0.0013121765889680366,0.0001,2.2122946794244887e-06,0.0033719465779592232,0.00013851076961787827,2654,0.28445882895932023
971,0.2887812215948983,0.29582924911431774,0.001454088223036441,0.0001,2.4854141734144075e-06,0.0034185190885107947,0.00014425186626268737,2600,0.2887812215948983
972,0.2984607631658577,0.29609557948014137,0.0015157756513692426,0.0001,2.358977354429194e-06,0.0031125679480314434,0.00015176666996847584,2588,0.2984607631658577
973,0.27906983335973395,0.2960958008657357,0.001281577574808538,0.0001,1.9573225714042487e-06,0.003054551842789017,0.00013366906192034236,2692,0.27906983335973395
974,0.30183902070769414,0.2962659862936735,0.0014139993747138446,0.0001,2.151405703523036e-06,0.0030430079984418985,0.00015512255815236308,2557,0.30183902070769414
975,0.2810103244856478,0.29630193622382306,0.0014149713018782263,0.0001,2.3854254294986655e-06,0.0033716944313036774,0.00014330813730293424,2657,0.2810103244856478
976,0.291972599922116,0.29651489608166637,0.001602283882946883,0.0001,2.66256921372428e-06,0.003323467510423115,0.00012941742774114768,2606,0.291972599922116
977,0.29088997569266206,0.296488471431185,0.001369287779318555,0.0001,2.360582533054426e-06,0.0034478983435157835,0.00015401563416777875,2634,0.29088997569266206
978,0.2917279657223998,0.2965559204505176,0.0011973166324471666,0.0001,1.733036980773605e-06,0.002894868297672425,0.00012475492792237325,2637,0.2917279657223998
979,0.29899213891107546,0.29676684981711593,0.0016067523594687535,0.0001,2.750487205484188e-06,0.0034236603908191442,0.0001437689808282074,2570,0.29899213891107546
980,0.3146882973185051,0.2968478392522971,0.0013374854492349613,0.0001,2.149573995169032e-06,0.003214351223631753,0.00015171219636589915,2434,0.3146882973185051
981,0.29893739753407705,0.29690340855752484,0.0012783907669006605,0.0001,2.0667894256869966e-06,0.0032334235809567606,0.0001447879222004999,2598,0.29893739753407705
982,0.2984130789286743,0.2970209923552476,0.0014963763418533672,0.0001,2.5588905672714367e-06,0.003420116311251047,0.00014116737334066162,2612,0.2984130789286743
983,0.32196783658592265,0.2972151753182526,0.0014970279682427813,0.0001,2.2733708039940514e-06,0.00303717879988915,0.00013866760198635807,2450,0.32196783658592265
984,0.31847774038859156,0.2973626757664209,0.0013276654067054254,0.0001,1.899098671512776e-06,0.002860809149536178,0.00013327443866587786,2496,0.31847774038859156
985,0.29381285754265135,0.29747777869968456,0.001321319052122259,0.0001,1.9590247332590947e-06,0.0029652561659692612,0.0001306339258840586,2597,0.29381285754265135
986,0.2758409330256423,0.2974669460109005,0.001315937958715015,0.0001,2.1230746066381657e-06,0.0032267092723904734,0.0001390763786162041,2732,0.2758409330256423
987,0.2838340883041618,0.2975455589119585,0.0014537261984488411,0.0001,2.5798846939656196e-06,0.0035493405797025804,0.0001285324069589604,2636,0.2838340883041618
988,0.3104919692308902,0.2978052769056522,0.001488479833139419,0.0001,2.2255768835562915e-06,0.0029904024683521948,0.00013720514819108817,2510,0.3104919692308902
989,0.287673262664028,0.29783625903796707,0.0014394926285727255,0.0001,2.5774440484801514e-06,0.003581045150659394,0.0001490073455406694,2631,0.287673262664028
990,0.29320079189139375,0.2978598575424274,0.001406893517625263,0.0001,2.312523681105789e-06,0.0032874182049102978,0.000138659678856525,2639,0.29320079189139375
991,0.2958883262770712,0.29785109236194895,0.0012258580731378463,0.0001,1.968038037729182e-06,0.003210874212691796,0.00014991474721466415,2588,0.2958883262770712
992,0.3099947617690881,0.29787898128972357,0.0013199120923551428,0.0001,2.1755546068293963e-06,0.0032965143958148223,0.0001475753052067667,2522,0.3099947617690881
993,0.2778098324263841,0.29797125769985366,0.0013617623566930552,0.0001,2.320670330185047e-06,0.0034083337944817806,0.0001535400583282849,2637,0.2778098324263841
994,0.28874677349060784,0.2980754981293012,0.0014045847136942564,0.0001,2.3849302496256128e-06,0.0033959222628201736,0.0001421386581814402,2628,0.28874677349060784
995,0.3190188648847564,0.2982282893907803,0.0014737512247639227,0.0001,2.5370213452373893e-06,0.0034429438328626868,0.00014294021076942715,2475,0.3190188648847564
996,0.3201531155374737,0.2982802120847302,0.001386703188908423,0.0001,2.197514420790101e-06,0.003169408476690571,0.00013458126513848868,2481,0.3201531155374737
997,0.3071041127773706,0.2984016028641978,0.0014186469876147345,0.0001,2.190894446325418e-06,0.0030887098276775873,0.00013764955028282836,2534,0.3071041127773706
998,0.3051228917553848,0.29856588228468506,0.0013643747472423392,0.0001,2.1514740701615582e-06,0.0031537875858668545,0.00015236050223116707,2540,0.3051228917553848
999,0.30397687915582017,0.2986790649477936,0.0015053135209719473,0.0001,2.4791742544079238e-06,0.0032938975434262715,0.00014010013228660535,2560,0.30397687915582017
